file,metadata_id,issue,observation
RM_001_CWRU.h5,156,H5 key has no current metadata row,"(120801, 1, 1)"
RM_001_CWRU.h5,157,H5 key has no current metadata row,"(121351, 1, 1)"
RM_001_CWRU.h5,158,H5 key has no current metadata row,"(121351, 1, 1)"
RM_001_CWRU.h5,159,H5 key has no current metadata row,"(121535, 1, 1)"
RM_001_CWRU.h5,160,H5 key has no current metadata row,"(120801, 1, 1)"
RM_001_CWRU.h5,161,H5 key has no current metadata row,"(121351, 1, 1)"
RM_001_CWRU.h5,162,H5 key has no current metadata row,"(120984, 1, 1)"
RM_001_CWRU.h5,163,H5 key has no current metadata row,"(120984, 1, 1)"
RM_001_CWRU.h5,142,metadata shape mismatch,"metadata=(nan,nan); H5=(120984, 2, 1)"
RM_001_CWRU.h5,143,metadata shape mismatch,"metadata=(nan,nan); H5=(121719, 2, 1)"
RM_001_CWRU.h5,144,metadata shape mismatch,"metadata=(nan,nan); H5=(121168, 2, 1)"
RM_001_CWRU.h5,145,metadata shape mismatch,"metadata=(nan,nan); H5=(121351, 2, 1)"
RM_001_CWRU.h5,151,metadata shape mismatch,"metadata=(nan,nan); H5=(121535, 2, 1)"
RM_003_FEMTO.h5,15277,zero-sized H5 record,"(600, 0, 1)"
RM_003_FEMTO.h5,15277,metadata shape mismatch,"metadata=(2560.0,2.0); H5=(600, 0, 1)"
RM_003_FEMTO.h5,15278,zero-sized H5 record,"(600, 0, 1)"
RM_003_FEMTO.h5,15278,metadata shape mismatch,"metadata=(2560.0,2.0); H5=(600, 0, 1)"
RM_003_FEMTO.h5,15279,zero-sized H5 record,"(600, 0, 1)"
RM_003_FEMTO.h5,15279,metadata shape mismatch,"metadata=(2560.0,2.0); H5=(600, 0, 1)"
RM_003_FEMTO.h5,15280,zero-sized H5 record,"(600, 0, 1)"
RM_003_FEMTO.h5,15280,metadata shape mismatch,"metadata=(2560.0,2.0); H5=(600, 0, 1)"
RM_003_FEMTO.h5,15281,zero-sized H5 record,"(600, 0, 1)"
RM_003_FEMTO.h5,15281,metadata shape mismatch,"metadata=(2560.0,2.0); H5=(600, 0, 1)"
RM_003_FEMTO.h5,15282,zero-sized H5 record,"(600, 0, 1)"
RM_003_FEMTO.h5,15282,metadata shape mismatch,"metadata=(2560.0,2.0); H5=(600, 0, 1)"
RM_003_FEMTO.h5,15283,zero-sized H5 record,"(600, 0, 1)"
RM_003_FEMTO.h5,15283,metadata shape mismatch,"metadata=(2560.0,2.0); H5=(600, 0, 1)"
RM_003_FEMTO.h5,15284,zero-sized H5 record,"(600, 0, 1)"
RM_003_FEMTO.h5,15284,metadata shape mismatch,"metadata=(2560.0,2.0); H5=(600, 0, 1)"
RM_003_FEMTO.h5,15285,zero-sized H5 record,"(600, 0, 1)"
RM_003_FEMTO.h5,15285,metadata shape mismatch,"metadata=(2560.0,2.0); H5=(600, 0, 1)"
RM_003_FEMTO.h5,15286,zero-sized H5 record,"(600, 0, 1)"
RM_003_FEMTO.h5,15286,metadata shape mismatch,"metadata=(2560.0,2.0); H5=(600, 0, 1)"
RM_003_FEMTO.h5,15287,zero-sized H5 record,"(600, 0, 1)"
RM_003_FEMTO.h5,15287,metadata shape mismatch,"metadata=(2560.0,2.0); H5=(600, 0, 1)"
RM_003_FEMTO.h5,15288,zero-sized H5 record,"(600, 0, 1)"
RM_003_FEMTO.h5,15288,metadata shape mismatch,"metadata=(2560.0,2.0); H5=(600, 0, 1)"
RM_003_FEMTO.h5,15289,zero-sized H5 record,"(600, 0, 1)"
RM_003_FEMTO.h5,15289,metadata shape mismatch,"metadata=(2560.0,2.0); H5=(600, 0, 1)"
RM_003_FEMTO.h5,15290,zero-sized H5 record,"(600, 0, 1)"
RM_003_FEMTO.h5,15290,metadata shape mismatch,"metadata=(2560.0,2.0); H5=(600, 0, 1)"
RM_003_FEMTO.h5,15291,zero-sized H5 record,"(600, 0, 1)"
RM_003_FEMTO.h5,15291,metadata shape mismatch,"metadata=(2560.0,2.0); H5=(600, 0, 1)"
RM_003_FEMTO.h5,15292,zero-sized H5 record,"(600, 0, 1)"
RM_003_FEMTO.h5,15292,metadata shape mismatch,"metadata=(2560.0,2.0); H5=(600, 0, 1)"
RM_003_FEMTO.h5,15293,zero-sized H5 record,"(600, 0, 1)"
RM_003_FEMTO.h5,15293,metadata shape mismatch,"metadata=(2560.0,2.0); H5=(600, 0, 1)"
RM_003_FEMTO.h5,15294,zero-sized H5 record,"(600, 0, 1)"
RM_003_FEMTO.h5,15294,metadata shape mismatch,"metadata=(2560.0,2.0); H5=(600, 0, 1)"
RM_003_FEMTO.h5,15295,zero-sized H5 record,"(600, 0, 1)"
RM_003_FEMTO.h5,15295,metadata shape mismatch,"metadata=(2560.0,2.0); H5=(600, 0, 1)"
RM_003_FEMTO.h5,15296,zero-sized H5 record,"(600, 0, 1)"
RM_003_FEMTO.h5,15296,metadata shape mismatch,"metadata=(2560.0,2.0); H5=(600, 0, 1)"
RM_003_FEMTO.h5,15297,zero-sized H5 record,"(600, 0, 1)"
RM_003_FEMTO.h5,15297,metadata shape mismatch,"metadata=(2560.0,2.0); H5=(600, 0, 1)"
RM_003_FEMTO.h5,15298,zero-sized H5 record,"(600, 0, 1)"
RM_003_FEMTO.h5,15298,metadata shape mismatch,"metadata=(2560.0,2.0); H5=(600, 0, 1)"
RM_003_FEMTO.h5,15299,zero-sized H5 record,"(600, 0, 1)"
RM_003_FEMTO.h5,15299,metadata shape mismatch,"metadata=(2560.0,2.0); H5=(600, 0, 1)"
RM_003_FEMTO.h5,15300,zero-sized H5 record,"(600, 0, 1)"
RM_003_FEMTO.h5,15300,metadata shape mismatch,"metadata=(2560.0,2.0); H5=(600, 0, 1)"
RM_003_FEMTO.h5,15301,zero-sized H5 record,"(600, 0, 1)"
RM_003_FEMTO.h5,15301,metadata shape mismatch,"metadata=(2560.0,2.0); H5=(600, 0, 1)"
RM_003_FEMTO.h5,15302,zero-sized H5 record,"(600, 0, 1)"
RM_003_FEMTO.h5,15302,metadata shape mismatch,"metadata=(2560.0,2.0); H5=(600, 0, 1)"
RM_003_FEMTO.h5,15303,zero-sized H5 record,"(600, 0, 1)"
RM_003_FEMTO.h5,15303,metadata shape mismatch,"metadata=(2560.0,2.0); H5=(600, 0, 1)"
RM_003_FEMTO.h5,15304,zero-sized H5 record,"(600, 0, 1)"
RM_003_FEMTO.h5,15304,metadata shape mismatch,"metadata=(2560.0,2.0); H5=(600, 0, 1)"
RM_003_FEMTO.h5,15305,zero-sized H5 record,"(600, 0, 1)"
RM_003_FEMTO.h5,15305,metadata shape mismatch,"metadata=(2560.0,2.0); H5=(600, 0, 1)"
RM_003_FEMTO.h5,15306,zero-sized H5 record,"(600, 0, 1)"
RM_003_FEMTO.h5,15306,metadata shape mismatch,"metadata=(2560.0,2.0); H5=(600, 0, 1)"
RM_003_FEMTO.h5,15307,zero-sized H5 record,"(600, 0, 1)"
RM_003_FEMTO.h5,15307,metadata shape mismatch,"metadata=(2560.0,2.0); H5=(600, 0, 1)"
RM_003_FEMTO.h5,15308,zero-sized H5 record,"(600, 0, 1)"
RM_003_FEMTO.h5,15308,metadata shape mismatch,"metadata=(2560.0,2.0); H5=(600, 0, 1)"
RM_003_FEMTO.h5,15309,zero-sized H5 record,"(600, 0, 1)"
RM_003_FEMTO.h5,15309,metadata shape mismatch,"metadata=(2560.0,2.0); H5=(600, 0, 1)"
RM_003_FEMTO.h5,15310,zero-sized H5 record,"(600, 0, 1)"
RM_003_FEMTO.h5,15310,metadata shape mismatch,"metadata=(2560.0,2.0); H5=(600, 0, 1)"
RM_003_FEMTO.h5,15311,zero-sized H5 record,"(600, 0, 1)"
RM_003_FEMTO.h5,15311,metadata shape mismatch,"metadata=(2560.0,2.0); H5=(600, 0, 1)"
RM_003_FEMTO.h5,15312,zero-sized H5 record,"(600, 0, 1)"
RM_003_FEMTO.h5,15312,metadata shape mismatch,"metadata=(2560.0,2.0); H5=(600, 0, 1)"
RM_003_FEMTO.h5,15313,zero-sized H5 record,"(600, 0, 1)"
RM_003_FEMTO.h5,15313,metadata shape mismatch,"metadata=(2560.0,2.0); H5=(600, 0, 1)"
RM_003_FEMTO.h5,15314,zero-sized H5 record,"(600, 0, 1)"
RM_003_FEMTO.h5,15314,metadata shape mismatch,"metadata=(2560.0,2.0); H5=(600, 0, 1)"
RM_003_FEMTO.h5,15315,zero-sized H5 record,"(600, 0, 1)"
RM_003_FEMTO.h5,15315,metadata shape mismatch,"metadata=(2560.0,2.0); H5=(600, 0, 1)"
RM_003_FEMTO.h5,15316,zero-sized H5 record,"(600, 0, 1)"
RM_003_FEMTO.h5,15316,metadata shape mismatch,"metadata=(2560.0,2.0); H5=(600, 0, 1)"
RM_003_FEMTO.h5,15317,zero-sized H5 record,"(600, 0, 1)"
RM_003_FEMTO.h5,15317,metadata shape mismatch,"metadata=(2560.0,2.0); H5=(600, 0, 1)"
RM_003_FEMTO.h5,15318,zero-sized H5 record,"(600, 0, 1)"
RM_003_FEMTO.h5,15318,metadata shape mismatch,"metadata=(2560.0,2.0); H5=(600, 0, 1)"
RM_003_FEMTO.h5,15319,zero-sized H5 record,"(600, 0, 1)"
RM_003_FEMTO.h5,15319,metadata shape mismatch,"metadata=(2560.0,2.0); H5=(600, 0, 1)"
RM_003_FEMTO.h5,15320,zero-sized H5 record,"(600, 0, 1)"
RM_003_FEMTO.h5,15320,metadata shape mismatch,"metadata=(2560.0,2.0); H5=(600, 0, 1)"
RM_003_FEMTO.h5,15321,zero-sized H5 record,"(600, 0, 1)"
RM_003_FEMTO.h5,15321,metadata shape mismatch,"metadata=(2560.0,2.0); H5=(600, 0, 1)"
RM_003_FEMTO.h5,15322,zero-sized H5 record,"(600, 0, 1)"
RM_003_FEMTO.h5,15322,metadata shape mismatch,"metadata=(2560.0,2.0); H5=(600, 0, 1)"
RM_003_FEMTO.h5,15323,zero-sized H5 record,"(600, 0, 1)"
RM_003_FEMTO.h5,15323,metadata shape mismatch,"metadata=(2560.0,2.0); H5=(600, 0, 1)"
RM_003_FEMTO.h5,15324,zero-sized H5 record,"(600, 0, 1)"
RM_003_FEMTO.h5,15324,metadata shape mismatch,"metadata=(2560.0,2.0); H5=(600, 0, 1)"
RM_003_FEMTO.h5,15325,zero-sized H5 record,"(600, 0, 1)"
RM_003_FEMTO.h5,15325,metadata shape mismatch,"metadata=(2560.0,2.0); H5=(600, 0, 1)"
RM_003_FEMTO.h5,15326,zero-sized H5 record,"(600, 0, 1)"
RM_003_FEMTO.h5,15326,metadata shape mismatch,"metadata=(2560.0,2.0); H5=(600, 0, 1)"
RM_003_FEMTO.h5,15327,zero-sized H5 record,"(600, 0, 1)"
RM_003_FEMTO.h5,15327,metadata shape mismatch,"metadata=(2560.0,2.0); H5=(600, 0, 1)"
RM_003_FEMTO.h5,15328,zero-sized H5 record,"(600, 0, 1)"
RM_003_FEMTO.h5,15328,metadata shape mismatch,"metadata=(2560.0,2.0); H5=(600, 0, 1)"
RM_003_FEMTO.h5,15329,zero-sized H5 record,"(600, 0, 1)"
RM_003_FEMTO.h5,15329,metadata shape mismatch,"metadata=(2560.0,2.0); H5=(600, 0, 1)"
RM_003_FEMTO.h5,15330,zero-sized H5 record,"(600, 0, 1)"
RM_003_FEMTO.h5,15330,metadata shape mismatch,"metadata=(2560.0,2.0); H5=(600, 0, 1)"
RM_003_FEMTO.h5,15331,zero-sized H5 record,"(600, 0, 1)"
RM_003_FEMTO.h5,15331,metadata shape mismatch,"metadata=(2560.0,2.0); H5=(600, 0, 1)"
RM_003_FEMTO.h5,15332,zero-sized H5 record,"(600, 0, 1)"
RM_003_FEMTO.h5,15332,metadata shape mismatch,"metadata=(2560.0,2.0); H5=(600, 0, 1)"
RM_003_FEMTO.h5,15333,zero-sized H5 record,"(600, 0, 1)"
RM_003_FEMTO.h5,15333,metadata shape mismatch,"metadata=(2560.0,2.0); H5=(600, 0, 1)"
RM_003_FEMTO.h5,15334,zero-sized H5 record,"(600, 0, 1)"
RM_003_FEMTO.h5,15334,metadata shape mismatch,"metadata=(2560.0,2.0); H5=(600, 0, 1)"
RM_003_FEMTO.h5,15335,zero-sized H5 record,"(600, 0, 1)"
RM_003_FEMTO.h5,15335,metadata shape mismatch,"metadata=(2560.0,2.0); H5=(600, 0, 1)"
RM_003_FEMTO.h5,15336,zero-sized H5 record,"(600, 0, 1)"
RM_003_FEMTO.h5,15336,metadata shape mismatch,"metadata=(2560.0,2.0); H5=(600, 0, 1)"
RM_003_FEMTO.h5,15337,zero-sized H5 record,"(600, 0, 1)"
RM_003_FEMTO.h5,15337,metadata shape mismatch,"metadata=(2560.0,2.0); H5=(600, 0, 1)"
RM_003_FEMTO.h5,15338,zero-sized H5 record,"(600, 0, 1)"
RM_003_FEMTO.h5,15338,metadata shape mismatch,"metadata=(2560.0,2.0); H5=(600, 0, 1)"
RM_003_FEMTO.h5,15339,zero-sized H5 record,"(600, 0, 1)"
RM_003_FEMTO.h5,15339,metadata shape mismatch,"metadata=(2560.0,2.0); H5=(600, 0, 1)"
RM_003_FEMTO.h5,15340,zero-sized H5 record,"(600, 0, 1)"
RM_003_FEMTO.h5,15340,metadata shape mismatch,"metadata=(2560.0,2.0); H5=(600, 0, 1)"
RM_003_FEMTO.h5,15341,zero-sized H5 record,"(600, 0, 1)"
RM_003_FEMTO.h5,15341,metadata shape mismatch,"metadata=(2560.0,2.0); H5=(600, 0, 1)"
RM_003_FEMTO.h5,15342,zero-sized H5 record,"(600, 0, 1)"
RM_003_FEMTO.h5,15342,metadata shape mismatch,"metadata=(2560.0,2.0); H5=(600, 0, 1)"
RM_003_FEMTO.h5,15343,zero-sized H5 record,"(600, 0, 1)"
RM_003_FEMTO.h5,15343,metadata shape mismatch,"metadata=(2560.0,2.0); H5=(600, 0, 1)"
RM_003_FEMTO.h5,15344,zero-sized H5 record,"(600, 0, 1)"
RM_003_FEMTO.h5,15344,metadata shape mismatch,"metadata=(2560.0,2.0); H5=(600, 0, 1)"
RM_003_FEMTO.h5,15345,zero-sized H5 record,"(600, 0, 1)"
RM_003_FEMTO.h5,15345,metadata shape mismatch,"metadata=(2560.0,2.0); H5=(600, 0, 1)"
RM_003_FEMTO.h5,15346,zero-sized H5 record,"(600, 0, 1)"
RM_003_FEMTO.h5,15346,metadata shape mismatch,"metadata=(2560.0,2.0); H5=(600, 0, 1)"
RM_003_FEMTO.h5,15347,zero-sized H5 record,"(600, 0, 1)"
RM_003_FEMTO.h5,15347,metadata shape mismatch,"metadata=(2560.0,2.0); H5=(600, 0, 1)"
RM_003_FEMTO.h5,15348,zero-sized H5 record,"(600, 0, 1)"
RM_003_FEMTO.h5,15348,metadata shape mismatch,"metadata=(2560.0,2.0); H5=(600, 0, 1)"
RM_003_FEMTO.h5,15349,zero-sized H5 record,"(600, 0, 1)"
RM_003_FEMTO.h5,15349,metadata shape mismatch,"metadata=(2560.0,2.0); H5=(600, 0, 1)"
RM_003_FEMTO.h5,15350,zero-sized H5 record,"(600, 0, 1)"
RM_003_FEMTO.h5,15350,metadata shape mismatch,"metadata=(2560.0,2.0); H5=(600, 0, 1)"
RM_003_FEMTO.h5,15351,zero-sized H5 record,"(600, 0, 1)"
RM_003_FEMTO.h5,15351,metadata shape mismatch,"metadata=(2560.0,2.0); H5=(600, 0, 1)"
RM_003_FEMTO.h5,15352,zero-sized H5 record,"(600, 0, 1)"
RM_003_FEMTO.h5,15352,metadata shape mismatch,"metadata=(2560.0,2.0); H5=(600, 0, 1)"
RM_003_FEMTO.h5,15353,zero-sized H5 record,"(600, 0, 1)"
RM_003_FEMTO.h5,15353,metadata shape mismatch,"metadata=(2560.0,2.0); H5=(600, 0, 1)"
RM_003_FEMTO.h5,15354,zero-sized H5 record,"(600, 0, 1)"
RM_003_FEMTO.h5,15354,metadata shape mismatch,"metadata=(2560.0,2.0); H5=(600, 0, 1)"
RM_003_FEMTO.h5,15355,zero-sized H5 record,"(600, 0, 1)"
RM_003_FEMTO.h5,15355,metadata shape mismatch,"metadata=(2560.0,2.0); H5=(600, 0, 1)"
RM_003_FEMTO.h5,15356,zero-sized H5 record,"(600, 0, 1)"
RM_003_FEMTO.h5,15356,metadata shape mismatch,"metadata=(2560.0,2.0); H5=(600, 0, 1)"
RM_003_FEMTO.h5,15357,zero-sized H5 record,"(600, 0, 1)"
RM_003_FEMTO.h5,15357,metadata shape mismatch,"metadata=(2560.0,2.0); H5=(600, 0, 1)"
RM_003_FEMTO.h5,15358,zero-sized H5 record,"(600, 0, 1)"
RM_003_FEMTO.h5,15358,metadata shape mismatch,"metadata=(2560.0,2.0); H5=(600, 0, 1)"
RM_003_FEMTO.h5,15359,zero-sized H5 record,"(600, 0, 1)"
RM_003_FEMTO.h5,15359,metadata shape mismatch,"metadata=(2560.0,2.0); H5=(600, 0, 1)"
RM_003_FEMTO.h5,15360,zero-sized H5 record,"(600, 0, 1)"
RM_003_FEMTO.h5,15360,metadata shape mismatch,"metadata=(2560.0,2.0); H5=(600, 0, 1)"
RM_003_FEMTO.h5,15361,zero-sized H5 record,"(417, 0, 1)"
RM_003_FEMTO.h5,15361,metadata shape mismatch,"metadata=(2560.0,2.0); H5=(417, 0, 1)"
RM_003_FEMTO.h5,15362,zero-sized H5 record,"(600, 0, 1)"
RM_003_FEMTO.h5,15362,metadata shape mismatch,"metadata=(2560.0,2.0); H5=(600, 0, 1)"
RM_003_FEMTO.h5,15363,zero-sized H5 record,"(600, 0, 1)"
RM_003_FEMTO.h5,15363,metadata shape mismatch,"metadata=(2560.0,2.0); H5=(600, 0, 1)"
RM_003_FEMTO.h5,15364,zero-sized H5 record,"(600, 0, 1)"
RM_003_FEMTO.h5,15364,metadata shape mismatch,"metadata=(2560.0,2.0); H5=(600, 0, 1)"
RM_003_FEMTO.h5,15365,zero-sized H5 record,"(280, 0, 1)"
RM_003_FEMTO.h5,15365,metadata shape mismatch,"metadata=(2560.0,2.0); H5=(280, 0, 1)"
RM_003_FEMTO.h5,19378,nonnumeric H5 record,object
RM_003_FEMTO.h5,19379,nonnumeric H5 record,object
RM_003_FEMTO.h5,19380,nonnumeric H5 record,object
RM_003_FEMTO.h5,19381,nonnumeric H5 record,object
RM_003_FEMTO.h5,19382,nonnumeric H5 record,object
RM_003_FEMTO.h5,19383,nonnumeric H5 record,object
RM_003_FEMTO.h5,19384,nonnumeric H5 record,object
RM_003_FEMTO.h5,19385,nonnumeric H5 record,object
RM_003_FEMTO.h5,19386,nonnumeric H5 record,object
RM_003_FEMTO.h5,19387,nonnumeric H5 record,object
RM_003_FEMTO.h5,19388,nonnumeric H5 record,object
RM_003_FEMTO.h5,19389,nonnumeric H5 record,object
RM_003_FEMTO.h5,19390,nonnumeric H5 record,object
RM_003_FEMTO.h5,19391,nonnumeric H5 record,object
RM_003_FEMTO.h5,19392,nonnumeric H5 record,object
RM_003_FEMTO.h5,19393,nonnumeric H5 record,object
RM_003_FEMTO.h5,19394,nonnumeric H5 record,object
RM_003_FEMTO.h5,19395,nonnumeric H5 record,object
RM_003_FEMTO.h5,19396,nonnumeric H5 record,object
RM_003_FEMTO.h5,19397,nonnumeric H5 record,object
RM_003_FEMTO.h5,19398,nonnumeric H5 record,object
RM_003_FEMTO.h5,19399,nonnumeric H5 record,object
RM_003_FEMTO.h5,19400,nonnumeric H5 record,object
RM_003_FEMTO.h5,19401,nonnumeric H5 record,object
RM_003_FEMTO.h5,19402,nonnumeric H5 record,object
RM_003_FEMTO.h5,19403,nonnumeric H5 record,object
RM_003_FEMTO.h5,19404,nonnumeric H5 record,object
RM_003_FEMTO.h5,19405,nonnumeric H5 record,object
RM_003_FEMTO.h5,19406,nonnumeric H5 record,object
RM_003_FEMTO.h5,19407,nonnumeric H5 record,object
RM_003_FEMTO.h5,19408,nonnumeric H5 record,object
RM_003_FEMTO.h5,19409,nonnumeric H5 record,object
RM_003_FEMTO.h5,19410,nonnumeric H5 record,object
RM_003_FEMTO.h5,19411,nonnumeric H5 record,object
RM_003_FEMTO.h5,19412,nonnumeric H5 record,object
RM_003_FEMTO.h5,19413,nonnumeric H5 record,object
RM_003_FEMTO.h5,19414,nonnumeric H5 record,object
RM_003_FEMTO.h5,19415,nonnumeric H5 record,object
RM_003_FEMTO.h5,19416,nonnumeric H5 record,object
RM_003_FEMTO.h5,19417,nonnumeric H5 record,object
RM_003_FEMTO.h5,19418,nonnumeric H5 record,object
RM_003_FEMTO.h5,19419,nonnumeric H5 record,object
RM_003_FEMTO.h5,19420,nonnumeric H5 record,object
RM_003_FEMTO.h5,19421,nonnumeric H5 record,object
RM_003_FEMTO.h5,19422,nonnumeric H5 record,object
RM_003_FEMTO.h5,19423,nonnumeric H5 record,object
RM_003_FEMTO.h5,19424,nonnumeric H5 record,object
RM_003_FEMTO.h5,19425,nonnumeric H5 record,object
RM_003_FEMTO.h5,19426,nonnumeric H5 record,object
RM_003_FEMTO.h5,19427,nonnumeric H5 record,object
RM_003_FEMTO.h5,19428,nonnumeric H5 record,object
RM_003_FEMTO.h5,19429,nonnumeric H5 record,object
RM_003_FEMTO.h5,19430,nonnumeric H5 record,object
RM_003_FEMTO.h5,19431,nonnumeric H5 record,object
RM_003_FEMTO.h5,19432,nonnumeric H5 record,object
RM_003_FEMTO.h5,19433,nonnumeric H5 record,object
RM_003_FEMTO.h5,19434,nonnumeric H5 record,object
RM_003_FEMTO.h5,19435,nonnumeric H5 record,object
RM_003_FEMTO.h5,19436,nonnumeric H5 record,object
RM_003_FEMTO.h5,19437,nonnumeric H5 record,object
RM_003_FEMTO.h5,19438,nonnumeric H5 record,object
RM_003_FEMTO.h5,19439,nonnumeric H5 record,object
RM_003_FEMTO.h5,19440,nonnumeric H5 record,object
RM_003_FEMTO.h5,19441,nonnumeric H5 record,object
RM_003_FEMTO.h5,19442,nonnumeric H5 record,object
RM_003_FEMTO.h5,19443,nonnumeric H5 record,object
RM_003_FEMTO.h5,19444,nonnumeric H5 record,object
RM_003_FEMTO.h5,19445,nonnumeric H5 record,object
RM_003_FEMTO.h5,19446,nonnumeric H5 record,object
RM_003_FEMTO.h5,19447,nonnumeric H5 record,object
RM_003_FEMTO.h5,19448,nonnumeric H5 record,object
RM_003_FEMTO.h5,19449,nonnumeric H5 record,object
RM_003_FEMTO.h5,19450,nonnumeric H5 record,object
RM_003_FEMTO.h5,19451,nonnumeric H5 record,object
RM_003_FEMTO.h5,19452,nonnumeric H5 record,object
RM_003_FEMTO.h5,19453,nonnumeric H5 record,object
RM_003_FEMTO.h5,19454,nonnumeric H5 record,object
RM_003_FEMTO.h5,19455,nonnumeric H5 record,object
RM_003_FEMTO.h5,19456,nonnumeric H5 record,object
RM_003_FEMTO.h5,19457,nonnumeric H5 record,object
RM_003_FEMTO.h5,19458,nonnumeric H5 record,object
RM_003_FEMTO.h5,19459,nonnumeric H5 record,object
RM_003_FEMTO.h5,19460,nonnumeric H5 record,object
RM_003_FEMTO.h5,19461,nonnumeric H5 record,object
RM_003_FEMTO.h5,19462,nonnumeric H5 record,object
RM_003_FEMTO.h5,19463,nonnumeric H5 record,object
RM_003_FEMTO.h5,19464,nonnumeric H5 record,object
RM_003_FEMTO.h5,19465,nonnumeric H5 record,object
RM_003_FEMTO.h5,19466,nonnumeric H5 record,object
RM_003_FEMTO.h5,19467,nonnumeric H5 record,object
RM_003_FEMTO.h5,19468,nonnumeric H5 record,object
RM_003_FEMTO.h5,19469,nonnumeric H5 record,object
RM_003_FEMTO.h5,19470,nonnumeric H5 record,object
RM_003_FEMTO.h5,19471,nonnumeric H5 record,object
RM_003_FEMTO.h5,19472,nonnumeric H5 record,object
RM_003_FEMTO.h5,19473,nonnumeric H5 record,object
RM_003_FEMTO.h5,19474,nonnumeric H5 record,object
RM_003_FEMTO.h5,19475,nonnumeric H5 record,object
RM_003_FEMTO.h5,19476,nonnumeric H5 record,object
RM_003_FEMTO.h5,19477,nonnumeric H5 record,object
RM_003_FEMTO.h5,19478,nonnumeric H5 record,object
RM_003_FEMTO.h5,19479,nonnumeric H5 record,object
RM_003_FEMTO.h5,19480,nonnumeric H5 record,object
RM_003_FEMTO.h5,19481,nonnumeric H5 record,object
RM_003_FEMTO.h5,19482,nonnumeric H5 record,object
RM_003_FEMTO.h5,19483,nonnumeric H5 record,object
RM_003_FEMTO.h5,19484,nonnumeric H5 record,object
RM_003_FEMTO.h5,19485,nonnumeric H5 record,object
RM_003_FEMTO.h5,19486,nonnumeric H5 record,object
RM_003_FEMTO.h5,19487,nonnumeric H5 record,object
RM_003_FEMTO.h5,19488,nonnumeric H5 record,object
RM_003_FEMTO.h5,19489,nonnumeric H5 record,object
RM_003_FEMTO.h5,19490,nonnumeric H5 record,object
RM_003_FEMTO.h5,19491,nonnumeric H5 record,object
RM_003_FEMTO.h5,19492,nonnumeric H5 record,object
RM_003_FEMTO.h5,19493,nonnumeric H5 record,object
RM_003_FEMTO.h5,19494,nonnumeric H5 record,object
RM_003_FEMTO.h5,19495,nonnumeric H5 record,object
RM_003_FEMTO.h5,19496,nonnumeric H5 record,object
RM_003_FEMTO.h5,19497,nonnumeric H5 record,object
RM_003_FEMTO.h5,19498,nonnumeric H5 record,object
RM_003_FEMTO.h5,19499,nonnumeric H5 record,object
RM_003_FEMTO.h5,19500,nonnumeric H5 record,object
RM_003_FEMTO.h5,19501,nonnumeric H5 record,object
RM_003_FEMTO.h5,19502,nonnumeric H5 record,object
RM_003_FEMTO.h5,19503,nonnumeric H5 record,object
RM_003_FEMTO.h5,19504,nonnumeric H5 record,object
RM_003_FEMTO.h5,19505,nonnumeric H5 record,object
RM_003_FEMTO.h5,19506,nonnumeric H5 record,object
RM_003_FEMTO.h5,19507,nonnumeric H5 record,object
RM_003_FEMTO.h5,19508,nonnumeric H5 record,object
RM_003_FEMTO.h5,19509,nonnumeric H5 record,object
RM_003_FEMTO.h5,19510,nonnumeric H5 record,object
RM_003_FEMTO.h5,19511,nonnumeric H5 record,object
RM_003_FEMTO.h5,19512,nonnumeric H5 record,object
RM_003_FEMTO.h5,19513,nonnumeric H5 record,object
RM_003_FEMTO.h5,19514,nonnumeric H5 record,object
RM_003_FEMTO.h5,19515,nonnumeric H5 record,object
RM_003_FEMTO.h5,19516,nonnumeric H5 record,object
RM_003_FEMTO.h5,19517,nonnumeric H5 record,object
RM_003_FEMTO.h5,19518,nonnumeric H5 record,object
RM_003_FEMTO.h5,19519,nonnumeric H5 record,object
RM_003_FEMTO.h5,19520,nonnumeric H5 record,object
RM_003_FEMTO.h5,19521,nonnumeric H5 record,object
RM_003_FEMTO.h5,19522,nonnumeric H5 record,object
RM_003_FEMTO.h5,19523,nonnumeric H5 record,object
RM_003_FEMTO.h5,19524,nonnumeric H5 record,object
RM_003_FEMTO.h5,19525,nonnumeric H5 record,object
RM_003_FEMTO.h5,19526,nonnumeric H5 record,object
RM_003_FEMTO.h5,19527,nonnumeric H5 record,object
RM_003_FEMTO.h5,19528,nonnumeric H5 record,object
RM_003_FEMTO.h5,19529,nonnumeric H5 record,object
RM_003_FEMTO.h5,19530,nonnumeric H5 record,object
RM_003_FEMTO.h5,19531,nonnumeric H5 record,object
RM_003_FEMTO.h5,19532,nonnumeric H5 record,object
RM_003_FEMTO.h5,19533,nonnumeric H5 record,object
RM_003_FEMTO.h5,19534,nonnumeric H5 record,object
RM_003_FEMTO.h5,19535,nonnumeric H5 record,object
RM_003_FEMTO.h5,19536,nonnumeric H5 record,object
RM_003_FEMTO.h5,19537,nonnumeric H5 record,object
RM_003_FEMTO.h5,19538,nonnumeric H5 record,object
RM_003_FEMTO.h5,19539,nonnumeric H5 record,object
RM_003_FEMTO.h5,19540,nonnumeric H5 record,object
RM_003_FEMTO.h5,19541,nonnumeric H5 record,object
RM_003_FEMTO.h5,19542,nonnumeric H5 record,object
RM_003_FEMTO.h5,19543,nonnumeric H5 record,object
RM_003_FEMTO.h5,19544,nonnumeric H5 record,object
RM_003_FEMTO.h5,19545,nonnumeric H5 record,object
RM_003_FEMTO.h5,19546,nonnumeric H5 record,object
RM_003_FEMTO.h5,19547,nonnumeric H5 record,object
RM_003_FEMTO.h5,19548,nonnumeric H5 record,object
RM_003_FEMTO.h5,19549,nonnumeric H5 record,object
RM_003_FEMTO.h5,19550,nonnumeric H5 record,object
RM_003_FEMTO.h5,19551,nonnumeric H5 record,object
RM_003_FEMTO.h5,19552,nonnumeric H5 record,object
RM_003_FEMTO.h5,19553,nonnumeric H5 record,object
RM_003_FEMTO.h5,19554,nonnumeric H5 record,object
RM_003_FEMTO.h5,19555,nonnumeric H5 record,object
RM_003_FEMTO.h5,19556,nonnumeric H5 record,object
RM_003_FEMTO.h5,19557,nonnumeric H5 record,object
RM_003_FEMTO.h5,19558,nonnumeric H5 record,object
RM_003_FEMTO.h5,19559,nonnumeric H5 record,object
RM_003_FEMTO.h5,19560,nonnumeric H5 record,object
RM_003_FEMTO.h5,19561,nonnumeric H5 record,object
RM_003_FEMTO.h5,19562,nonnumeric H5 record,object
RM_003_FEMTO.h5,19563,nonnumeric H5 record,object
RM_003_FEMTO.h5,19564,nonnumeric H5 record,object
RM_003_FEMTO.h5,19565,nonnumeric H5 record,object
RM_003_FEMTO.h5,19566,nonnumeric H5 record,object
RM_003_FEMTO.h5,19567,nonnumeric H5 record,object
RM_003_FEMTO.h5,19568,nonnumeric H5 record,object
RM_003_FEMTO.h5,19569,nonnumeric H5 record,object
RM_003_FEMTO.h5,19570,nonnumeric H5 record,object
RM_003_FEMTO.h5,19571,nonnumeric H5 record,object
RM_003_FEMTO.h5,19572,nonnumeric H5 record,object
RM_003_FEMTO.h5,19573,nonnumeric H5 record,object
RM_003_FEMTO.h5,19574,nonnumeric H5 record,object
RM_003_FEMTO.h5,19575,nonnumeric H5 record,object
RM_003_FEMTO.h5,19576,nonnumeric H5 record,object
RM_003_FEMTO.h5,19577,nonnumeric H5 record,object
RM_003_FEMTO.h5,19578,nonnumeric H5 record,object
RM_003_FEMTO.h5,19579,nonnumeric H5 record,object
RM_003_FEMTO.h5,19580,nonnumeric H5 record,object
RM_003_FEMTO.h5,19581,nonnumeric H5 record,object
RM_003_FEMTO.h5,19582,nonnumeric H5 record,object
RM_003_FEMTO.h5,19583,nonnumeric H5 record,object
RM_003_FEMTO.h5,19584,nonnumeric H5 record,object
RM_003_FEMTO.h5,19585,nonnumeric H5 record,object
RM_003_FEMTO.h5,19586,nonnumeric H5 record,object
RM_003_FEMTO.h5,19587,nonnumeric H5 record,object
RM_003_FEMTO.h5,19588,nonnumeric H5 record,object
RM_003_FEMTO.h5,19589,nonnumeric H5 record,object
RM_003_FEMTO.h5,19590,nonnumeric H5 record,object
RM_003_FEMTO.h5,19591,nonnumeric H5 record,object
RM_003_FEMTO.h5,19592,nonnumeric H5 record,object
RM_003_FEMTO.h5,19593,nonnumeric H5 record,object
RM_003_FEMTO.h5,19594,nonnumeric H5 record,object
RM_003_FEMTO.h5,19595,nonnumeric H5 record,object
RM_003_FEMTO.h5,19596,nonnumeric H5 record,object
RM_003_FEMTO.h5,19597,nonnumeric H5 record,object
RM_003_FEMTO.h5,19598,nonnumeric H5 record,object
RM_003_FEMTO.h5,19599,nonnumeric H5 record,object
RM_003_FEMTO.h5,19600,nonnumeric H5 record,object
RM_003_FEMTO.h5,19601,nonnumeric H5 record,object
RM_003_FEMTO.h5,19602,nonnumeric H5 record,object
RM_003_FEMTO.h5,19603,nonnumeric H5 record,object
RM_003_FEMTO.h5,19604,nonnumeric H5 record,object
RM_003_FEMTO.h5,19605,nonnumeric H5 record,object
RM_003_FEMTO.h5,19606,nonnumeric H5 record,object
RM_003_FEMTO.h5,19607,nonnumeric H5 record,object
RM_003_FEMTO.h5,19608,nonnumeric H5 record,object
RM_003_FEMTO.h5,19609,nonnumeric H5 record,object
RM_003_FEMTO.h5,19610,nonnumeric H5 record,object
RM_003_FEMTO.h5,19611,nonnumeric H5 record,object
RM_003_FEMTO.h5,19612,nonnumeric H5 record,object
RM_003_FEMTO.h5,19613,nonnumeric H5 record,object
RM_003_FEMTO.h5,19614,nonnumeric H5 record,object
RM_003_FEMTO.h5,19615,nonnumeric H5 record,object
RM_003_FEMTO.h5,19616,nonnumeric H5 record,object
RM_003_FEMTO.h5,19617,nonnumeric H5 record,object
RM_003_FEMTO.h5,19618,nonnumeric H5 record,object
RM_003_FEMTO.h5,19619,nonnumeric H5 record,object
RM_003_FEMTO.h5,19620,nonnumeric H5 record,object
RM_003_FEMTO.h5,19621,nonnumeric H5 record,object
RM_003_FEMTO.h5,19622,nonnumeric H5 record,object
RM_003_FEMTO.h5,19623,nonnumeric H5 record,object
RM_003_FEMTO.h5,19624,nonnumeric H5 record,object
RM_003_FEMTO.h5,19625,nonnumeric H5 record,object
RM_003_FEMTO.h5,19626,nonnumeric H5 record,object
RM_003_FEMTO.h5,19627,nonnumeric H5 record,object
RM_003_FEMTO.h5,19628,nonnumeric H5 record,object
RM_003_FEMTO.h5,19629,nonnumeric H5 record,object
RM_003_FEMTO.h5,19630,nonnumeric H5 record,object
RM_003_FEMTO.h5,19631,nonnumeric H5 record,object
RM_003_FEMTO.h5,19632,nonnumeric H5 record,object
RM_003_FEMTO.h5,19633,nonnumeric H5 record,object
RM_003_FEMTO.h5,19634,nonnumeric H5 record,object
RM_003_FEMTO.h5,19635,nonnumeric H5 record,object
RM_003_FEMTO.h5,19636,nonnumeric H5 record,object
RM_003_FEMTO.h5,19637,nonnumeric H5 record,object
RM_003_FEMTO.h5,19638,nonnumeric H5 record,object
RM_003_FEMTO.h5,19639,nonnumeric H5 record,object
RM_003_FEMTO.h5,19640,nonnumeric H5 record,object
RM_003_FEMTO.h5,19641,nonnumeric H5 record,object
RM_003_FEMTO.h5,19642,nonnumeric H5 record,object
RM_003_FEMTO.h5,19643,nonnumeric H5 record,object
RM_003_FEMTO.h5,19644,nonnumeric H5 record,object
RM_003_FEMTO.h5,19645,nonnumeric H5 record,object
RM_003_FEMTO.h5,19646,nonnumeric H5 record,object
RM_003_FEMTO.h5,19647,nonnumeric H5 record,object
RM_003_FEMTO.h5,19648,nonnumeric H5 record,object
RM_003_FEMTO.h5,19649,nonnumeric H5 record,object
RM_003_FEMTO.h5,19650,nonnumeric H5 record,object
RM_003_FEMTO.h5,19651,nonnumeric H5 record,object
RM_003_FEMTO.h5,19652,nonnumeric H5 record,object
RM_003_FEMTO.h5,19653,nonnumeric H5 record,object
RM_003_FEMTO.h5,19654,nonnumeric H5 record,object
RM_003_FEMTO.h5,19655,nonnumeric H5 record,object
RM_003_FEMTO.h5,19656,nonnumeric H5 record,object
RM_003_FEMTO.h5,19657,nonnumeric H5 record,object
RM_003_FEMTO.h5,19658,nonnumeric H5 record,object
RM_003_FEMTO.h5,19659,nonnumeric H5 record,object
RM_003_FEMTO.h5,19660,nonnumeric H5 record,object
RM_003_FEMTO.h5,19661,nonnumeric H5 record,object
RM_003_FEMTO.h5,19662,nonnumeric H5 record,object
RM_003_FEMTO.h5,19663,nonnumeric H5 record,object
RM_003_FEMTO.h5,19664,nonnumeric H5 record,object
RM_003_FEMTO.h5,19665,nonnumeric H5 record,object
RM_003_FEMTO.h5,19666,nonnumeric H5 record,object
RM_003_FEMTO.h5,19667,nonnumeric H5 record,object
RM_003_FEMTO.h5,19668,nonnumeric H5 record,object
RM_003_FEMTO.h5,19669,nonnumeric H5 record,object
RM_003_FEMTO.h5,19670,nonnumeric H5 record,object
RM_003_FEMTO.h5,19671,nonnumeric H5 record,object
RM_003_FEMTO.h5,19672,nonnumeric H5 record,object
RM_003_FEMTO.h5,19673,nonnumeric H5 record,object
RM_003_FEMTO.h5,19674,nonnumeric H5 record,object
RM_003_FEMTO.h5,19675,nonnumeric H5 record,object
RM_003_FEMTO.h5,19676,nonnumeric H5 record,object
RM_003_FEMTO.h5,19677,nonnumeric H5 record,object
RM_003_FEMTO.h5,19678,nonnumeric H5 record,object
RM_003_FEMTO.h5,19679,nonnumeric H5 record,object
RM_003_FEMTO.h5,19680,nonnumeric H5 record,object
RM_003_FEMTO.h5,19681,nonnumeric H5 record,object
RM_003_FEMTO.h5,19682,nonnumeric H5 record,object
RM_003_FEMTO.h5,19683,nonnumeric H5 record,object
RM_003_FEMTO.h5,19684,nonnumeric H5 record,object
RM_003_FEMTO.h5,19685,nonnumeric H5 record,object
RM_003_FEMTO.h5,19686,nonnumeric H5 record,object
RM_003_FEMTO.h5,19687,nonnumeric H5 record,object
RM_003_FEMTO.h5,19688,nonnumeric H5 record,object
RM_003_FEMTO.h5,19689,nonnumeric H5 record,object
RM_003_FEMTO.h5,19690,nonnumeric H5 record,object
RM_003_FEMTO.h5,19691,nonnumeric H5 record,object
RM_003_FEMTO.h5,19692,nonnumeric H5 record,object
RM_003_FEMTO.h5,19693,nonnumeric H5 record,object
RM_003_FEMTO.h5,19694,nonnumeric H5 record,object
RM_003_FEMTO.h5,19695,nonnumeric H5 record,object
RM_003_FEMTO.h5,19696,nonnumeric H5 record,object
RM_003_FEMTO.h5,19697,nonnumeric H5 record,object
RM_003_FEMTO.h5,19698,nonnumeric H5 record,object
RM_003_FEMTO.h5,19699,nonnumeric H5 record,object
RM_003_FEMTO.h5,19700,nonnumeric H5 record,object
RM_003_FEMTO.h5,19701,nonnumeric H5 record,object
RM_003_FEMTO.h5,19702,nonnumeric H5 record,object
RM_003_FEMTO.h5,19703,nonnumeric H5 record,object
RM_003_FEMTO.h5,19704,nonnumeric H5 record,object
RM_003_FEMTO.h5,19705,nonnumeric H5 record,object
RM_003_FEMTO.h5,19706,nonnumeric H5 record,object
RM_003_FEMTO.h5,19707,nonnumeric H5 record,object
RM_003_FEMTO.h5,19708,nonnumeric H5 record,object
RM_003_FEMTO.h5,19709,nonnumeric H5 record,object
RM_003_FEMTO.h5,19710,nonnumeric H5 record,object
RM_003_FEMTO.h5,19711,nonnumeric H5 record,object
RM_003_FEMTO.h5,19712,nonnumeric H5 record,object
RM_003_FEMTO.h5,19713,nonnumeric H5 record,object
RM_003_FEMTO.h5,19714,nonnumeric H5 record,object
RM_003_FEMTO.h5,19715,nonnumeric H5 record,object
RM_003_FEMTO.h5,19716,nonnumeric H5 record,object
RM_003_FEMTO.h5,19717,nonnumeric H5 record,object
RM_003_FEMTO.h5,19718,nonnumeric H5 record,object
RM_003_FEMTO.h5,19719,nonnumeric H5 record,object
RM_003_FEMTO.h5,19720,nonnumeric H5 record,object
RM_003_FEMTO.h5,19721,nonnumeric H5 record,object
RM_003_FEMTO.h5,19722,nonnumeric H5 record,object
RM_003_FEMTO.h5,19723,nonnumeric H5 record,object
RM_003_FEMTO.h5,19724,nonnumeric H5 record,object
RM_003_FEMTO.h5,19725,nonnumeric H5 record,object
RM_003_FEMTO.h5,19726,nonnumeric H5 record,object
RM_003_FEMTO.h5,19727,nonnumeric H5 record,object
RM_003_FEMTO.h5,19728,nonnumeric H5 record,object
RM_003_FEMTO.h5,19729,nonnumeric H5 record,object
RM_003_FEMTO.h5,19730,nonnumeric H5 record,object
RM_003_FEMTO.h5,19731,nonnumeric H5 record,object
RM_003_FEMTO.h5,19732,nonnumeric H5 record,object
RM_003_FEMTO.h5,19733,nonnumeric H5 record,object
RM_003_FEMTO.h5,19734,nonnumeric H5 record,object
RM_003_FEMTO.h5,19735,nonnumeric H5 record,object
RM_003_FEMTO.h5,19736,nonnumeric H5 record,object
RM_003_FEMTO.h5,19737,nonnumeric H5 record,object
RM_003_FEMTO.h5,19738,nonnumeric H5 record,object
RM_003_FEMTO.h5,19739,nonnumeric H5 record,object
RM_003_FEMTO.h5,19740,nonnumeric H5 record,object
RM_003_FEMTO.h5,19741,nonnumeric H5 record,object
RM_003_FEMTO.h5,19742,nonnumeric H5 record,object
RM_003_FEMTO.h5,19743,nonnumeric H5 record,object
RM_003_FEMTO.h5,19744,nonnumeric H5 record,object
RM_003_FEMTO.h5,19745,nonnumeric H5 record,object
RM_003_FEMTO.h5,19746,nonnumeric H5 record,object
RM_003_FEMTO.h5,19747,nonnumeric H5 record,object
RM_003_FEMTO.h5,19748,nonnumeric H5 record,object
RM_003_FEMTO.h5,19749,nonnumeric H5 record,object
RM_003_FEMTO.h5,19750,nonnumeric H5 record,object
RM_003_FEMTO.h5,19751,nonnumeric H5 record,object
RM_003_FEMTO.h5,19752,nonnumeric H5 record,object
RM_003_FEMTO.h5,19753,nonnumeric H5 record,object
RM_003_FEMTO.h5,19754,nonnumeric H5 record,object
RM_003_FEMTO.h5,19755,nonnumeric H5 record,object
RM_003_FEMTO.h5,19756,nonnumeric H5 record,object
RM_003_FEMTO.h5,19757,nonnumeric H5 record,object
RM_003_FEMTO.h5,19758,nonnumeric H5 record,object
RM_003_FEMTO.h5,19759,nonnumeric H5 record,object
RM_003_FEMTO.h5,19760,nonnumeric H5 record,object
RM_003_FEMTO.h5,19761,nonnumeric H5 record,object
RM_003_FEMTO.h5,19762,nonnumeric H5 record,object
RM_003_FEMTO.h5,19763,nonnumeric H5 record,object
RM_003_FEMTO.h5,19764,nonnumeric H5 record,object
RM_003_FEMTO.h5,19765,nonnumeric H5 record,object
RM_003_FEMTO.h5,19766,nonnumeric H5 record,object
RM_003_FEMTO.h5,19767,nonnumeric H5 record,object
RM_003_FEMTO.h5,19768,nonnumeric H5 record,object
RM_003_FEMTO.h5,19769,nonnumeric H5 record,object
RM_003_FEMTO.h5,19770,nonnumeric H5 record,object
RM_003_FEMTO.h5,19771,nonnumeric H5 record,object
RM_003_FEMTO.h5,19772,nonnumeric H5 record,object
RM_003_FEMTO.h5,19773,nonnumeric H5 record,object
RM_003_FEMTO.h5,19774,nonnumeric H5 record,object
RM_003_FEMTO.h5,19775,nonnumeric H5 record,object
RM_003_FEMTO.h5,19776,nonnumeric H5 record,object
RM_003_FEMTO.h5,19777,nonnumeric H5 record,object
RM_003_FEMTO.h5,19778,nonnumeric H5 record,object
RM_003_FEMTO.h5,19779,nonnumeric H5 record,object
RM_003_FEMTO.h5,19780,nonnumeric H5 record,object
RM_003_FEMTO.h5,19781,nonnumeric H5 record,object
RM_003_FEMTO.h5,19782,nonnumeric H5 record,object
RM_003_FEMTO.h5,19783,nonnumeric H5 record,object
RM_003_FEMTO.h5,19784,nonnumeric H5 record,object
RM_003_FEMTO.h5,19785,nonnumeric H5 record,object
RM_003_FEMTO.h5,19786,nonnumeric H5 record,object
RM_003_FEMTO.h5,19787,nonnumeric H5 record,object
RM_003_FEMTO.h5,19788,nonnumeric H5 record,object
RM_003_FEMTO.h5,19789,nonnumeric H5 record,object
RM_003_FEMTO.h5,19790,nonnumeric H5 record,object
RM_003_FEMTO.h5,19791,nonnumeric H5 record,object
RM_003_FEMTO.h5,19792,nonnumeric H5 record,object
RM_003_FEMTO.h5,19793,nonnumeric H5 record,object
RM_003_FEMTO.h5,19794,nonnumeric H5 record,object
RM_003_FEMTO.h5,19795,nonnumeric H5 record,object
RM_003_FEMTO.h5,19796,nonnumeric H5 record,object
RM_003_FEMTO.h5,19797,nonnumeric H5 record,object
RM_003_FEMTO.h5,19798,nonnumeric H5 record,object
RM_003_FEMTO.h5,19799,nonnumeric H5 record,object
RM_003_FEMTO.h5,19800,nonnumeric H5 record,object
RM_003_FEMTO.h5,19801,nonnumeric H5 record,object
RM_003_FEMTO.h5,19802,nonnumeric H5 record,object
RM_003_FEMTO.h5,19803,nonnumeric H5 record,object
RM_003_FEMTO.h5,19804,nonnumeric H5 record,object
RM_003_FEMTO.h5,19805,nonnumeric H5 record,object
RM_003_FEMTO.h5,19806,nonnumeric H5 record,object
RM_003_FEMTO.h5,19807,nonnumeric H5 record,object
RM_003_FEMTO.h5,19808,nonnumeric H5 record,object
RM_003_FEMTO.h5,19809,nonnumeric H5 record,object
RM_003_FEMTO.h5,19810,nonnumeric H5 record,object
RM_003_FEMTO.h5,19811,nonnumeric H5 record,object
RM_003_FEMTO.h5,19812,nonnumeric H5 record,object
RM_003_FEMTO.h5,19813,nonnumeric H5 record,object
RM_003_FEMTO.h5,19814,nonnumeric H5 record,object
RM_003_FEMTO.h5,19815,nonnumeric H5 record,object
RM_003_FEMTO.h5,19816,nonnumeric H5 record,object
RM_003_FEMTO.h5,19817,nonnumeric H5 record,object
RM_003_FEMTO.h5,19818,nonnumeric H5 record,object
RM_003_FEMTO.h5,19819,nonnumeric H5 record,object
RM_003_FEMTO.h5,19820,nonnumeric H5 record,object
RM_003_FEMTO.h5,19821,nonnumeric H5 record,object
RM_003_FEMTO.h5,19822,nonnumeric H5 record,object
RM_003_FEMTO.h5,19823,nonnumeric H5 record,object
RM_003_FEMTO.h5,19824,nonnumeric H5 record,object
RM_003_FEMTO.h5,19825,nonnumeric H5 record,object
RM_003_FEMTO.h5,19826,nonnumeric H5 record,object
RM_003_FEMTO.h5,19827,nonnumeric H5 record,object
RM_003_FEMTO.h5,19828,nonnumeric H5 record,object
RM_003_FEMTO.h5,19829,nonnumeric H5 record,object
RM_003_FEMTO.h5,19830,nonnumeric H5 record,object
RM_003_FEMTO.h5,19831,nonnumeric H5 record,object
RM_003_FEMTO.h5,19832,nonnumeric H5 record,object
RM_003_FEMTO.h5,19833,nonnumeric H5 record,object
RM_003_FEMTO.h5,19834,nonnumeric H5 record,object
RM_003_FEMTO.h5,19835,nonnumeric H5 record,object
RM_003_FEMTO.h5,19836,nonnumeric H5 record,object
RM_003_FEMTO.h5,19837,nonnumeric H5 record,object
RM_003_FEMTO.h5,19838,nonnumeric H5 record,object
RM_003_FEMTO.h5,19839,nonnumeric H5 record,object
RM_003_FEMTO.h5,19840,nonnumeric H5 record,object
RM_003_FEMTO.h5,19841,nonnumeric H5 record,object
RM_003_FEMTO.h5,19842,nonnumeric H5 record,object
RM_003_FEMTO.h5,19843,nonnumeric H5 record,object
RM_003_FEMTO.h5,19844,nonnumeric H5 record,object
RM_003_FEMTO.h5,19845,nonnumeric H5 record,object
RM_003_FEMTO.h5,19846,nonnumeric H5 record,object
RM_003_FEMTO.h5,19847,nonnumeric H5 record,object
RM_003_FEMTO.h5,19848,nonnumeric H5 record,object
RM_003_FEMTO.h5,19849,nonnumeric H5 record,object
RM_003_FEMTO.h5,19850,nonnumeric H5 record,object
RM_003_FEMTO.h5,19851,nonnumeric H5 record,object
RM_003_FEMTO.h5,19852,nonnumeric H5 record,object
RM_003_FEMTO.h5,19853,nonnumeric H5 record,object
RM_003_FEMTO.h5,19854,nonnumeric H5 record,object
RM_003_FEMTO.h5,19855,nonnumeric H5 record,object
RM_003_FEMTO.h5,19856,nonnumeric H5 record,object
RM_003_FEMTO.h5,19857,nonnumeric H5 record,object
RM_003_FEMTO.h5,19858,nonnumeric H5 record,object
RM_003_FEMTO.h5,19859,nonnumeric H5 record,object
RM_003_FEMTO.h5,19860,nonnumeric H5 record,object
RM_003_FEMTO.h5,19861,nonnumeric H5 record,object
RM_003_FEMTO.h5,19862,nonnumeric H5 record,object
RM_003_FEMTO.h5,19863,nonnumeric H5 record,object
RM_003_FEMTO.h5,19864,nonnumeric H5 record,object
RM_003_FEMTO.h5,19865,nonnumeric H5 record,object
RM_003_FEMTO.h5,19866,nonnumeric H5 record,object
RM_003_FEMTO.h5,19867,nonnumeric H5 record,object
RM_003_FEMTO.h5,19868,nonnumeric H5 record,object
RM_003_FEMTO.h5,19869,nonnumeric H5 record,object
RM_003_FEMTO.h5,19870,nonnumeric H5 record,object
RM_003_FEMTO.h5,19871,nonnumeric H5 record,object
RM_003_FEMTO.h5,19872,nonnumeric H5 record,object
RM_003_FEMTO.h5,19873,nonnumeric H5 record,object
RM_003_FEMTO.h5,19874,nonnumeric H5 record,object
RM_003_FEMTO.h5,19875,nonnumeric H5 record,object
RM_003_FEMTO.h5,19876,nonnumeric H5 record,object
RM_003_FEMTO.h5,19877,nonnumeric H5 record,object
RM_003_FEMTO.h5,19878,nonnumeric H5 record,object
RM_003_FEMTO.h5,19879,nonnumeric H5 record,object
RM_003_FEMTO.h5,19880,nonnumeric H5 record,object
RM_003_FEMTO.h5,19881,nonnumeric H5 record,object
RM_003_FEMTO.h5,19882,nonnumeric H5 record,object
RM_003_FEMTO.h5,19883,nonnumeric H5 record,object
RM_003_FEMTO.h5,19884,nonnumeric H5 record,object
RM_003_FEMTO.h5,19885,nonnumeric H5 record,object
RM_003_FEMTO.h5,19886,nonnumeric H5 record,object
RM_003_FEMTO.h5,19887,nonnumeric H5 record,object
RM_003_FEMTO.h5,19888,nonnumeric H5 record,object
RM_003_FEMTO.h5,19889,nonnumeric H5 record,object
RM_003_FEMTO.h5,19890,nonnumeric H5 record,object
RM_003_FEMTO.h5,19891,nonnumeric H5 record,object
RM_003_FEMTO.h5,19892,nonnumeric H5 record,object
RM_003_FEMTO.h5,19893,nonnumeric H5 record,object
RM_003_FEMTO.h5,19894,nonnumeric H5 record,object
RM_003_FEMTO.h5,19895,nonnumeric H5 record,object
RM_003_FEMTO.h5,19896,nonnumeric H5 record,object
RM_003_FEMTO.h5,19897,nonnumeric H5 record,object
RM_003_FEMTO.h5,19898,nonnumeric H5 record,object
RM_003_FEMTO.h5,19899,nonnumeric H5 record,object
RM_003_FEMTO.h5,19900,nonnumeric H5 record,object
RM_003_FEMTO.h5,19901,nonnumeric H5 record,object
RM_003_FEMTO.h5,19902,nonnumeric H5 record,object
RM_003_FEMTO.h5,19903,nonnumeric H5 record,object
RM_003_FEMTO.h5,19904,nonnumeric H5 record,object
RM_003_FEMTO.h5,19905,nonnumeric H5 record,object
RM_003_FEMTO.h5,19906,nonnumeric H5 record,object
RM_003_FEMTO.h5,19907,nonnumeric H5 record,object
RM_003_FEMTO.h5,19908,nonnumeric H5 record,object
RM_003_FEMTO.h5,19909,nonnumeric H5 record,object
RM_003_FEMTO.h5,19910,nonnumeric H5 record,object
RM_003_FEMTO.h5,19911,nonnumeric H5 record,object
RM_003_FEMTO.h5,19912,nonnumeric H5 record,object
RM_003_FEMTO.h5,19913,nonnumeric H5 record,object
RM_003_FEMTO.h5,19914,nonnumeric H5 record,object
RM_003_FEMTO.h5,19915,nonnumeric H5 record,object
RM_003_FEMTO.h5,19916,nonnumeric H5 record,object
RM_003_FEMTO.h5,19917,nonnumeric H5 record,object
RM_003_FEMTO.h5,19918,nonnumeric H5 record,object
RM_003_FEMTO.h5,19919,nonnumeric H5 record,object
RM_003_FEMTO.h5,19920,nonnumeric H5 record,object
RM_003_FEMTO.h5,19921,nonnumeric H5 record,object
RM_003_FEMTO.h5,19922,nonnumeric H5 record,object
RM_003_FEMTO.h5,19923,nonnumeric H5 record,object
RM_003_FEMTO.h5,19924,nonnumeric H5 record,object
RM_003_FEMTO.h5,19925,nonnumeric H5 record,object
RM_003_FEMTO.h5,19926,nonnumeric H5 record,object
RM_003_FEMTO.h5,19927,nonnumeric H5 record,object
RM_003_FEMTO.h5,19928,nonnumeric H5 record,object
RM_003_FEMTO.h5,19929,nonnumeric H5 record,object
RM_003_FEMTO.h5,19930,nonnumeric H5 record,object
RM_003_FEMTO.h5,19931,nonnumeric H5 record,object
RM_003_FEMTO.h5,19932,nonnumeric H5 record,object
RM_003_FEMTO.h5,19933,nonnumeric H5 record,object
RM_003_FEMTO.h5,19934,nonnumeric H5 record,object
RM_003_FEMTO.h5,19935,nonnumeric H5 record,object
RM_003_FEMTO.h5,19936,nonnumeric H5 record,object
RM_003_FEMTO.h5,19937,nonnumeric H5 record,object
RM_003_FEMTO.h5,19938,nonnumeric H5 record,object
RM_003_FEMTO.h5,19939,nonnumeric H5 record,object
RM_003_FEMTO.h5,19940,nonnumeric H5 record,object
RM_003_FEMTO.h5,19941,nonnumeric H5 record,object
RM_003_FEMTO.h5,19942,nonnumeric H5 record,object
RM_003_FEMTO.h5,19943,nonnumeric H5 record,object
RM_003_FEMTO.h5,19944,nonnumeric H5 record,object
RM_003_FEMTO.h5,19945,nonnumeric H5 record,object
RM_003_FEMTO.h5,19946,nonnumeric H5 record,object
RM_003_FEMTO.h5,19947,nonnumeric H5 record,object
RM_003_FEMTO.h5,19948,nonnumeric H5 record,object
RM_003_FEMTO.h5,19949,nonnumeric H5 record,object
RM_003_FEMTO.h5,19950,nonnumeric H5 record,object
RM_003_FEMTO.h5,19951,nonnumeric H5 record,object
RM_003_FEMTO.h5,19952,nonnumeric H5 record,object
RM_003_FEMTO.h5,19953,nonnumeric H5 record,object
RM_003_FEMTO.h5,19954,nonnumeric H5 record,object
RM_003_FEMTO.h5,19955,nonnumeric H5 record,object
RM_003_FEMTO.h5,19956,nonnumeric H5 record,object
RM_003_FEMTO.h5,19957,nonnumeric H5 record,object
RM_003_FEMTO.h5,19958,nonnumeric H5 record,object
RM_003_FEMTO.h5,19959,nonnumeric H5 record,object
RM_003_FEMTO.h5,19960,nonnumeric H5 record,object
RM_003_FEMTO.h5,19961,nonnumeric H5 record,object
RM_003_FEMTO.h5,19962,nonnumeric H5 record,object
RM_003_FEMTO.h5,19963,nonnumeric H5 record,object
RM_003_FEMTO.h5,19964,nonnumeric H5 record,object
RM_003_FEMTO.h5,19965,nonnumeric H5 record,object
RM_003_FEMTO.h5,19966,nonnumeric H5 record,object
RM_003_FEMTO.h5,19967,nonnumeric H5 record,object
RM_003_FEMTO.h5,19968,nonnumeric H5 record,object
RM_003_FEMTO.h5,19969,nonnumeric H5 record,object
RM_003_FEMTO.h5,19970,nonnumeric H5 record,object
RM_003_FEMTO.h5,19971,nonnumeric H5 record,object
RM_003_FEMTO.h5,19972,nonnumeric H5 record,object
RM_003_FEMTO.h5,19973,nonnumeric H5 record,object
RM_003_FEMTO.h5,19974,nonnumeric H5 record,object
RM_003_FEMTO.h5,19975,nonnumeric H5 record,object
RM_003_FEMTO.h5,19976,nonnumeric H5 record,object
RM_003_FEMTO.h5,19977,nonnumeric H5 record,object
RM_003_FEMTO.h5,19978,nonnumeric H5 record,object
RM_003_FEMTO.h5,19979,nonnumeric H5 record,object
RM_003_FEMTO.h5,19980,nonnumeric H5 record,object
RM_003_FEMTO.h5,19981,nonnumeric H5 record,object
RM_003_FEMTO.h5,19982,nonnumeric H5 record,object
RM_003_FEMTO.h5,19983,nonnumeric H5 record,object
RM_003_FEMTO.h5,19984,nonnumeric H5 record,object
RM_003_FEMTO.h5,19985,nonnumeric H5 record,object
RM_003_FEMTO.h5,19986,nonnumeric H5 record,object
RM_003_FEMTO.h5,19987,nonnumeric H5 record,object
RM_003_FEMTO.h5,19988,nonnumeric H5 record,object
RM_003_FEMTO.h5,19989,nonnumeric H5 record,object
RM_003_FEMTO.h5,19990,nonnumeric H5 record,object
RM_003_FEMTO.h5,19991,nonnumeric H5 record,object
RM_003_FEMTO.h5,19992,nonnumeric H5 record,object
RM_003_FEMTO.h5,19993,nonnumeric H5 record,object
RM_003_FEMTO.h5,19994,nonnumeric H5 record,object
RM_003_FEMTO.h5,19995,nonnumeric H5 record,object
RM_003_FEMTO.h5,19996,nonnumeric H5 record,object
RM_003_FEMTO.h5,19997,nonnumeric H5 record,object
RM_003_FEMTO.h5,19998,nonnumeric H5 record,object
RM_003_FEMTO.h5,19999,nonnumeric H5 record,object
RM_003_FEMTO.h5,20000,nonnumeric H5 record,object
RM_003_FEMTO.h5,20001,nonnumeric H5 record,object
RM_003_FEMTO.h5,20002,nonnumeric H5 record,object
RM_003_FEMTO.h5,20003,nonnumeric H5 record,object
RM_003_FEMTO.h5,20004,nonnumeric H5 record,object
RM_003_FEMTO.h5,20005,nonnumeric H5 record,object
RM_003_FEMTO.h5,20006,nonnumeric H5 record,object
RM_003_FEMTO.h5,20007,nonnumeric H5 record,object
RM_003_FEMTO.h5,20008,nonnumeric H5 record,object
RM_003_FEMTO.h5,20009,nonnumeric H5 record,object
RM_003_FEMTO.h5,20010,nonnumeric H5 record,object
RM_003_FEMTO.h5,20011,nonnumeric H5 record,object
RM_003_FEMTO.h5,20012,nonnumeric H5 record,object
RM_003_FEMTO.h5,20013,nonnumeric H5 record,object
RM_003_FEMTO.h5,20014,nonnumeric H5 record,object
RM_003_FEMTO.h5,20015,nonnumeric H5 record,object
RM_003_FEMTO.h5,20016,nonnumeric H5 record,object
RM_003_FEMTO.h5,20017,nonnumeric H5 record,object
RM_003_FEMTO.h5,20018,nonnumeric H5 record,object
RM_003_FEMTO.h5,20019,nonnumeric H5 record,object
RM_003_FEMTO.h5,20020,nonnumeric H5 record,object
RM_003_FEMTO.h5,20021,nonnumeric H5 record,object
RM_003_FEMTO.h5,20022,nonnumeric H5 record,object
RM_003_FEMTO.h5,20023,nonnumeric H5 record,object
RM_003_FEMTO.h5,20024,nonnumeric H5 record,object
RM_003_FEMTO.h5,20025,nonnumeric H5 record,object
RM_003_FEMTO.h5,20026,nonnumeric H5 record,object
RM_003_FEMTO.h5,20027,nonnumeric H5 record,object
RM_003_FEMTO.h5,20028,nonnumeric H5 record,object
RM_003_FEMTO.h5,20029,nonnumeric H5 record,object
RM_003_FEMTO.h5,20030,nonnumeric H5 record,object
RM_003_FEMTO.h5,20031,nonnumeric H5 record,object
RM_003_FEMTO.h5,20032,nonnumeric H5 record,object
RM_003_FEMTO.h5,20033,nonnumeric H5 record,object
RM_003_FEMTO.h5,20034,nonnumeric H5 record,object
RM_003_FEMTO.h5,20035,nonnumeric H5 record,object
RM_003_FEMTO.h5,20036,nonnumeric H5 record,object
RM_003_FEMTO.h5,20037,nonnumeric H5 record,object
RM_003_FEMTO.h5,20038,nonnumeric H5 record,object
RM_003_FEMTO.h5,20039,nonnumeric H5 record,object
RM_003_FEMTO.h5,20040,nonnumeric H5 record,object
RM_003_FEMTO.h5,20041,nonnumeric H5 record,object
RM_003_FEMTO.h5,20042,nonnumeric H5 record,object
RM_003_FEMTO.h5,20043,nonnumeric H5 record,object
RM_003_FEMTO.h5,20044,nonnumeric H5 record,object
RM_003_FEMTO.h5,20045,nonnumeric H5 record,object
RM_003_FEMTO.h5,20046,nonnumeric H5 record,object
RM_003_FEMTO.h5,20047,nonnumeric H5 record,object
RM_003_FEMTO.h5,20048,nonnumeric H5 record,object
RM_003_FEMTO.h5,20049,nonnumeric H5 record,object
RM_003_FEMTO.h5,20050,nonnumeric H5 record,object
RM_003_FEMTO.h5,20051,nonnumeric H5 record,object
RM_003_FEMTO.h5,20052,nonnumeric H5 record,object
RM_003_FEMTO.h5,20053,nonnumeric H5 record,object
RM_003_FEMTO.h5,20054,nonnumeric H5 record,object
RM_003_FEMTO.h5,20055,nonnumeric H5 record,object
RM_003_FEMTO.h5,20056,nonnumeric H5 record,object
RM_003_FEMTO.h5,20057,nonnumeric H5 record,object
RM_003_FEMTO.h5,20058,nonnumeric H5 record,object
RM_003_FEMTO.h5,20059,nonnumeric H5 record,object
RM_003_FEMTO.h5,20060,nonnumeric H5 record,object
RM_003_FEMTO.h5,20061,nonnumeric H5 record,object
RM_003_FEMTO.h5,20062,nonnumeric H5 record,object
RM_003_FEMTO.h5,20063,nonnumeric H5 record,object
RM_003_FEMTO.h5,20064,nonnumeric H5 record,object
RM_003_FEMTO.h5,20065,nonnumeric H5 record,object
RM_003_FEMTO.h5,20066,nonnumeric H5 record,object
RM_003_FEMTO.h5,20067,nonnumeric H5 record,object
RM_003_FEMTO.h5,20068,nonnumeric H5 record,object
RM_003_FEMTO.h5,20069,nonnumeric H5 record,object
RM_003_FEMTO.h5,20070,nonnumeric H5 record,object
RM_003_FEMTO.h5,20071,nonnumeric H5 record,object
RM_003_FEMTO.h5,20072,nonnumeric H5 record,object
RM_003_FEMTO.h5,20073,nonnumeric H5 record,object
RM_003_FEMTO.h5,20074,nonnumeric H5 record,object
RM_003_FEMTO.h5,20075,nonnumeric H5 record,object
RM_003_FEMTO.h5,20076,nonnumeric H5 record,object
RM_003_FEMTO.h5,20077,nonnumeric H5 record,object
RM_003_FEMTO.h5,20078,nonnumeric H5 record,object
RM_003_FEMTO.h5,20079,nonnumeric H5 record,object
RM_003_FEMTO.h5,20080,nonnumeric H5 record,object
RM_003_FEMTO.h5,20081,nonnumeric H5 record,object
RM_003_FEMTO.h5,20082,nonnumeric H5 record,object
RM_003_FEMTO.h5,20083,nonnumeric H5 record,object
RM_003_FEMTO.h5,20084,nonnumeric H5 record,object
RM_003_FEMTO.h5,20085,nonnumeric H5 record,object
RM_003_FEMTO.h5,20086,nonnumeric H5 record,object
RM_003_FEMTO.h5,20087,nonnumeric H5 record,object
RM_003_FEMTO.h5,20088,nonnumeric H5 record,object
RM_003_FEMTO.h5,20089,nonnumeric H5 record,object
RM_003_FEMTO.h5,20090,nonnumeric H5 record,object
RM_003_FEMTO.h5,20091,nonnumeric H5 record,object
RM_003_FEMTO.h5,20092,nonnumeric H5 record,object
RM_003_FEMTO.h5,20093,nonnumeric H5 record,object
RM_003_FEMTO.h5,20094,nonnumeric H5 record,object
RM_003_FEMTO.h5,20095,nonnumeric H5 record,object
RM_003_FEMTO.h5,20096,nonnumeric H5 record,object
RM_003_FEMTO.h5,20097,nonnumeric H5 record,object
RM_003_FEMTO.h5,20098,nonnumeric H5 record,object
RM_003_FEMTO.h5,20099,nonnumeric H5 record,object
RM_003_FEMTO.h5,20100,nonnumeric H5 record,object
RM_003_FEMTO.h5,20101,nonnumeric H5 record,object
RM_003_FEMTO.h5,20102,nonnumeric H5 record,object
RM_003_FEMTO.h5,20103,nonnumeric H5 record,object
RM_003_FEMTO.h5,20104,nonnumeric H5 record,object
RM_003_FEMTO.h5,20105,nonnumeric H5 record,object
RM_003_FEMTO.h5,20106,nonnumeric H5 record,object
RM_003_FEMTO.h5,20107,nonnumeric H5 record,object
RM_003_FEMTO.h5,20108,nonnumeric H5 record,object
RM_003_FEMTO.h5,20109,nonnumeric H5 record,object
RM_003_FEMTO.h5,20110,nonnumeric H5 record,object
RM_003_FEMTO.h5,20111,nonnumeric H5 record,object
RM_003_FEMTO.h5,20112,nonnumeric H5 record,object
RM_003_FEMTO.h5,20113,nonnumeric H5 record,object
RM_003_FEMTO.h5,20114,nonnumeric H5 record,object
RM_003_FEMTO.h5,20115,nonnumeric H5 record,object
RM_003_FEMTO.h5,20116,nonnumeric H5 record,object
RM_003_FEMTO.h5,20117,nonnumeric H5 record,object
RM_003_FEMTO.h5,20118,nonnumeric H5 record,object
RM_003_FEMTO.h5,20119,nonnumeric H5 record,object
RM_003_FEMTO.h5,20120,nonnumeric H5 record,object
RM_003_FEMTO.h5,20121,nonnumeric H5 record,object
RM_003_FEMTO.h5,20122,nonnumeric H5 record,object
RM_003_FEMTO.h5,20123,nonnumeric H5 record,object
RM_003_FEMTO.h5,20124,nonnumeric H5 record,object
RM_003_FEMTO.h5,20125,nonnumeric H5 record,object
RM_003_FEMTO.h5,20126,nonnumeric H5 record,object
RM_003_FEMTO.h5,20127,nonnumeric H5 record,object
RM_003_FEMTO.h5,20128,nonnumeric H5 record,object
RM_003_FEMTO.h5,20129,nonnumeric H5 record,object
RM_003_FEMTO.h5,20130,nonnumeric H5 record,object
RM_003_FEMTO.h5,20131,nonnumeric H5 record,object
RM_003_FEMTO.h5,20132,nonnumeric H5 record,object
RM_003_FEMTO.h5,20133,nonnumeric H5 record,object
RM_003_FEMTO.h5,20134,nonnumeric H5 record,object
RM_003_FEMTO.h5,20135,nonnumeric H5 record,object
RM_003_FEMTO.h5,20136,nonnumeric H5 record,object
RM_003_FEMTO.h5,20137,nonnumeric H5 record,object
RM_003_FEMTO.h5,20138,nonnumeric H5 record,object
RM_003_FEMTO.h5,20139,nonnumeric H5 record,object
RM_003_FEMTO.h5,20140,nonnumeric H5 record,object
RM_003_FEMTO.h5,20141,nonnumeric H5 record,object
RM_003_FEMTO.h5,20142,nonnumeric H5 record,object
RM_003_FEMTO.h5,20143,nonnumeric H5 record,object
RM_003_FEMTO.h5,20144,nonnumeric H5 record,object
RM_003_FEMTO.h5,20145,nonnumeric H5 record,object
RM_003_FEMTO.h5,20146,nonnumeric H5 record,object
RM_003_FEMTO.h5,20147,nonnumeric H5 record,object
RM_003_FEMTO.h5,20148,nonnumeric H5 record,object
RM_003_FEMTO.h5,20149,nonnumeric H5 record,object
RM_003_FEMTO.h5,20150,nonnumeric H5 record,object
RM_003_FEMTO.h5,20151,nonnumeric H5 record,object
RM_003_FEMTO.h5,20152,nonnumeric H5 record,object
RM_003_FEMTO.h5,20153,nonnumeric H5 record,object
RM_003_FEMTO.h5,20154,nonnumeric H5 record,object
RM_003_FEMTO.h5,20155,nonnumeric H5 record,object
RM_003_FEMTO.h5,20156,nonnumeric H5 record,object
RM_003_FEMTO.h5,20157,nonnumeric H5 record,object
RM_003_FEMTO.h5,20158,nonnumeric H5 record,object
RM_003_FEMTO.h5,20159,nonnumeric H5 record,object
RM_003_FEMTO.h5,20160,nonnumeric H5 record,object
RM_003_FEMTO.h5,20161,nonnumeric H5 record,object
RM_003_FEMTO.h5,20162,nonnumeric H5 record,object
RM_003_FEMTO.h5,20163,nonnumeric H5 record,object
RM_003_FEMTO.h5,20164,nonnumeric H5 record,object
RM_003_FEMTO.h5,20165,nonnumeric H5 record,object
RM_003_FEMTO.h5,20166,nonnumeric H5 record,object
RM_003_FEMTO.h5,20167,nonnumeric H5 record,object
RM_003_FEMTO.h5,20168,nonnumeric H5 record,object
RM_003_FEMTO.h5,20169,nonnumeric H5 record,object
RM_003_FEMTO.h5,20170,nonnumeric H5 record,object
RM_003_FEMTO.h5,20171,nonnumeric H5 record,object
RM_003_FEMTO.h5,20172,nonnumeric H5 record,object
RM_003_FEMTO.h5,20173,nonnumeric H5 record,object
RM_003_FEMTO.h5,20174,nonnumeric H5 record,object
RM_003_FEMTO.h5,20175,nonnumeric H5 record,object
RM_003_FEMTO.h5,20176,nonnumeric H5 record,object
RM_003_FEMTO.h5,20177,nonnumeric H5 record,object
RM_003_FEMTO.h5,20178,nonnumeric H5 record,object
RM_003_FEMTO.h5,20179,nonnumeric H5 record,object
RM_003_FEMTO.h5,20180,nonnumeric H5 record,object
RM_003_FEMTO.h5,20181,nonnumeric H5 record,object
RM_003_FEMTO.h5,20182,nonnumeric H5 record,object
RM_003_FEMTO.h5,20183,nonnumeric H5 record,object
RM_003_FEMTO.h5,20184,nonnumeric H5 record,object
RM_003_FEMTO.h5,20185,nonnumeric H5 record,object
RM_003_FEMTO.h5,20186,nonnumeric H5 record,object
RM_003_FEMTO.h5,20187,nonnumeric H5 record,object
RM_003_FEMTO.h5,20188,nonnumeric H5 record,object
RM_003_FEMTO.h5,20189,nonnumeric H5 record,object
RM_003_FEMTO.h5,20190,nonnumeric H5 record,object
RM_003_FEMTO.h5,20191,nonnumeric H5 record,object
RM_003_FEMTO.h5,20192,nonnumeric H5 record,object
RM_003_FEMTO.h5,20193,nonnumeric H5 record,object
RM_003_FEMTO.h5,20194,nonnumeric H5 record,object
RM_003_FEMTO.h5,20195,nonnumeric H5 record,object
RM_003_FEMTO.h5,20196,nonnumeric H5 record,object
RM_003_FEMTO.h5,20197,nonnumeric H5 record,object
RM_003_FEMTO.h5,20198,nonnumeric H5 record,object
RM_003_FEMTO.h5,20199,nonnumeric H5 record,object
RM_003_FEMTO.h5,20200,nonnumeric H5 record,object
RM_003_FEMTO.h5,20201,nonnumeric H5 record,object
RM_003_FEMTO.h5,20202,nonnumeric H5 record,object
RM_003_FEMTO.h5,20203,nonnumeric H5 record,object
RM_003_FEMTO.h5,20204,nonnumeric H5 record,object
RM_003_FEMTO.h5,20205,nonnumeric H5 record,object
RM_003_FEMTO.h5,20206,nonnumeric H5 record,object
RM_003_FEMTO.h5,20207,nonnumeric H5 record,object
RM_003_FEMTO.h5,20208,nonnumeric H5 record,object
RM_003_FEMTO.h5,20209,nonnumeric H5 record,object
RM_003_FEMTO.h5,20210,nonnumeric H5 record,object
RM_003_FEMTO.h5,20211,nonnumeric H5 record,object
RM_003_FEMTO.h5,20212,nonnumeric H5 record,object
RM_003_FEMTO.h5,20213,nonnumeric H5 record,object
RM_003_FEMTO.h5,20214,nonnumeric H5 record,object
RM_003_FEMTO.h5,20215,nonnumeric H5 record,object
RM_003_FEMTO.h5,20216,nonnumeric H5 record,object
RM_003_FEMTO.h5,20217,nonnumeric H5 record,object
RM_003_FEMTO.h5,20218,nonnumeric H5 record,object
RM_003_FEMTO.h5,20219,nonnumeric H5 record,object
RM_003_FEMTO.h5,20220,nonnumeric H5 record,object
RM_003_FEMTO.h5,20221,nonnumeric H5 record,object
RM_003_FEMTO.h5,20222,nonnumeric H5 record,object
RM_003_FEMTO.h5,20223,nonnumeric H5 record,object
RM_003_FEMTO.h5,20224,nonnumeric H5 record,object
RM_003_FEMTO.h5,20225,nonnumeric H5 record,object
RM_003_FEMTO.h5,20226,nonnumeric H5 record,object
RM_003_FEMTO.h5,20227,nonnumeric H5 record,object
RM_003_FEMTO.h5,20228,nonnumeric H5 record,object
RM_003_FEMTO.h5,20229,nonnumeric H5 record,object
RM_003_FEMTO.h5,20230,nonnumeric H5 record,object
RM_003_FEMTO.h5,20231,nonnumeric H5 record,object
RM_003_FEMTO.h5,20232,nonnumeric H5 record,object
RM_003_FEMTO.h5,20233,nonnumeric H5 record,object
RM_003_FEMTO.h5,20234,nonnumeric H5 record,object
RM_003_FEMTO.h5,20235,nonnumeric H5 record,object
RM_003_FEMTO.h5,20236,nonnumeric H5 record,object
RM_003_FEMTO.h5,20237,nonnumeric H5 record,object
RM_003_FEMTO.h5,20238,nonnumeric H5 record,object
RM_003_FEMTO.h5,20239,nonnumeric H5 record,object
RM_003_FEMTO.h5,20240,nonnumeric H5 record,object
RM_003_FEMTO.h5,20241,nonnumeric H5 record,object
RM_003_FEMTO.h5,20242,nonnumeric H5 record,object
RM_003_FEMTO.h5,20243,nonnumeric H5 record,object
RM_003_FEMTO.h5,20244,nonnumeric H5 record,object
RM_003_FEMTO.h5,20245,nonnumeric H5 record,object
RM_003_FEMTO.h5,20246,nonnumeric H5 record,object
RM_003_FEMTO.h5,20247,nonnumeric H5 record,object
RM_003_FEMTO.h5,20248,nonnumeric H5 record,object
RM_003_FEMTO.h5,20249,nonnumeric H5 record,object
RM_003_FEMTO.h5,20250,nonnumeric H5 record,object
RM_003_FEMTO.h5,20251,nonnumeric H5 record,object
RM_003_FEMTO.h5,20252,nonnumeric H5 record,object
RM_003_FEMTO.h5,20253,nonnumeric H5 record,object
RM_003_FEMTO.h5,20254,nonnumeric H5 record,object
RM_003_FEMTO.h5,20255,nonnumeric H5 record,object
RM_003_FEMTO.h5,20256,nonnumeric H5 record,object
RM_003_FEMTO.h5,20257,nonnumeric H5 record,object
RM_003_FEMTO.h5,20258,nonnumeric H5 record,object
RM_003_FEMTO.h5,20259,nonnumeric H5 record,object
RM_003_FEMTO.h5,20260,nonnumeric H5 record,object
RM_003_FEMTO.h5,20261,nonnumeric H5 record,object
RM_003_FEMTO.h5,20262,nonnumeric H5 record,object
RM_003_FEMTO.h5,20263,nonnumeric H5 record,object
RM_003_FEMTO.h5,20264,nonnumeric H5 record,object
RM_003_FEMTO.h5,20265,nonnumeric H5 record,object
RM_003_FEMTO.h5,20266,nonnumeric H5 record,object
RM_003_FEMTO.h5,20267,nonnumeric H5 record,object
RM_003_FEMTO.h5,20268,nonnumeric H5 record,object
RM_003_FEMTO.h5,20269,nonnumeric H5 record,object
RM_003_FEMTO.h5,20270,nonnumeric H5 record,object
RM_003_FEMTO.h5,20271,nonnumeric H5 record,object
RM_003_FEMTO.h5,20272,nonnumeric H5 record,object
RM_003_FEMTO.h5,20273,nonnumeric H5 record,object
RM_003_FEMTO.h5,20274,nonnumeric H5 record,object
RM_003_FEMTO.h5,20275,nonnumeric H5 record,object
RM_003_FEMTO.h5,20276,nonnumeric H5 record,object
RM_003_FEMTO.h5,20277,nonnumeric H5 record,object
RM_003_FEMTO.h5,20278,nonnumeric H5 record,object
RM_003_FEMTO.h5,20279,nonnumeric H5 record,object
RM_003_FEMTO.h5,20280,nonnumeric H5 record,object
RM_003_FEMTO.h5,20281,nonnumeric H5 record,object
RM_003_FEMTO.h5,20282,nonnumeric H5 record,object
RM_003_FEMTO.h5,20283,nonnumeric H5 record,object
RM_003_FEMTO.h5,20284,nonnumeric H5 record,object
RM_003_FEMTO.h5,20285,nonnumeric H5 record,object
RM_003_FEMTO.h5,20286,nonnumeric H5 record,object
RM_003_FEMTO.h5,20287,nonnumeric H5 record,object
RM_003_FEMTO.h5,20288,nonnumeric H5 record,object
RM_003_FEMTO.h5,20289,nonnumeric H5 record,object
RM_003_FEMTO.h5,20290,nonnumeric H5 record,object
RM_003_FEMTO.h5,20291,nonnumeric H5 record,object
RM_003_FEMTO.h5,20292,nonnumeric H5 record,object
RM_003_FEMTO.h5,20293,nonnumeric H5 record,object
RM_003_FEMTO.h5,20294,nonnumeric H5 record,object
RM_003_FEMTO.h5,20295,nonnumeric H5 record,object
RM_003_FEMTO.h5,20296,nonnumeric H5 record,object
RM_003_FEMTO.h5,20297,nonnumeric H5 record,object
RM_003_FEMTO.h5,20298,nonnumeric H5 record,object
RM_003_FEMTO.h5,20299,nonnumeric H5 record,object
RM_003_FEMTO.h5,20300,nonnumeric H5 record,object
RM_003_FEMTO.h5,20301,nonnumeric H5 record,object
RM_003_FEMTO.h5,20302,nonnumeric H5 record,object
RM_003_FEMTO.h5,20303,nonnumeric H5 record,object
RM_003_FEMTO.h5,20304,nonnumeric H5 record,object
RM_003_FEMTO.h5,20305,nonnumeric H5 record,object
RM_003_FEMTO.h5,20306,nonnumeric H5 record,object
RM_003_FEMTO.h5,20307,nonnumeric H5 record,object
RM_003_FEMTO.h5,20308,nonnumeric H5 record,object
RM_003_FEMTO.h5,20309,nonnumeric H5 record,object
RM_003_FEMTO.h5,20310,nonnumeric H5 record,object
RM_003_FEMTO.h5,20311,nonnumeric H5 record,object
RM_003_FEMTO.h5,20312,nonnumeric H5 record,object
RM_003_FEMTO.h5,20313,nonnumeric H5 record,object
RM_003_FEMTO.h5,20314,nonnumeric H5 record,object
RM_003_FEMTO.h5,20315,nonnumeric H5 record,object
RM_003_FEMTO.h5,20316,nonnumeric H5 record,object
RM_003_FEMTO.h5,20317,nonnumeric H5 record,object
RM_003_FEMTO.h5,20318,nonnumeric H5 record,object
RM_003_FEMTO.h5,20319,nonnumeric H5 record,object
RM_003_FEMTO.h5,20320,nonnumeric H5 record,object
RM_003_FEMTO.h5,20321,nonnumeric H5 record,object
RM_003_FEMTO.h5,20322,nonnumeric H5 record,object
RM_003_FEMTO.h5,20323,nonnumeric H5 record,object
RM_003_FEMTO.h5,20324,nonnumeric H5 record,object
RM_003_FEMTO.h5,20325,nonnumeric H5 record,object
RM_003_FEMTO.h5,20326,nonnumeric H5 record,object
RM_003_FEMTO.h5,20327,nonnumeric H5 record,object
RM_003_FEMTO.h5,20328,nonnumeric H5 record,object
RM_003_FEMTO.h5,20329,nonnumeric H5 record,object
RM_003_FEMTO.h5,20330,nonnumeric H5 record,object
RM_003_FEMTO.h5,20331,nonnumeric H5 record,object
RM_003_FEMTO.h5,20332,nonnumeric H5 record,object
RM_003_FEMTO.h5,20333,nonnumeric H5 record,object
RM_003_FEMTO.h5,20334,nonnumeric H5 record,object
RM_003_FEMTO.h5,20335,nonnumeric H5 record,object
RM_003_FEMTO.h5,20336,nonnumeric H5 record,object
RM_003_FEMTO.h5,20337,nonnumeric H5 record,object
RM_003_FEMTO.h5,20338,nonnumeric H5 record,object
RM_003_FEMTO.h5,20339,nonnumeric H5 record,object
RM_003_FEMTO.h5,20340,nonnumeric H5 record,object
RM_003_FEMTO.h5,20341,nonnumeric H5 record,object
RM_003_FEMTO.h5,20342,nonnumeric H5 record,object
RM_003_FEMTO.h5,20343,nonnumeric H5 record,object
RM_003_FEMTO.h5,20344,nonnumeric H5 record,object
RM_003_FEMTO.h5,20345,nonnumeric H5 record,object
RM_003_FEMTO.h5,20346,nonnumeric H5 record,object
RM_003_FEMTO.h5,20347,nonnumeric H5 record,object
RM_003_FEMTO.h5,20348,nonnumeric H5 record,object
RM_003_FEMTO.h5,20349,nonnumeric H5 record,object
RM_003_FEMTO.h5,20350,nonnumeric H5 record,object
RM_003_FEMTO.h5,20351,nonnumeric H5 record,object
RM_003_FEMTO.h5,20352,nonnumeric H5 record,object
RM_003_FEMTO.h5,20353,nonnumeric H5 record,object
RM_003_FEMTO.h5,20354,nonnumeric H5 record,object
RM_003_FEMTO.h5,20355,nonnumeric H5 record,object
RM_003_FEMTO.h5,20356,nonnumeric H5 record,object
RM_003_FEMTO.h5,20357,nonnumeric H5 record,object
RM_003_FEMTO.h5,20358,nonnumeric H5 record,object
RM_003_FEMTO.h5,20359,nonnumeric H5 record,object
RM_003_FEMTO.h5,20360,nonnumeric H5 record,object
RM_003_FEMTO.h5,20361,nonnumeric H5 record,object
RM_003_FEMTO.h5,20362,nonnumeric H5 record,object
RM_003_FEMTO.h5,20363,nonnumeric H5 record,object
RM_003_FEMTO.h5,20364,nonnumeric H5 record,object
RM_003_FEMTO.h5,20365,nonnumeric H5 record,object
RM_003_FEMTO.h5,20366,nonnumeric H5 record,object
RM_003_FEMTO.h5,20367,nonnumeric H5 record,object
RM_003_FEMTO.h5,20368,nonnumeric H5 record,object
RM_003_FEMTO.h5,20369,nonnumeric H5 record,object
RM_003_FEMTO.h5,20370,nonnumeric H5 record,object
RM_003_FEMTO.h5,20371,nonnumeric H5 record,object
RM_003_FEMTO.h5,20372,nonnumeric H5 record,object
RM_003_FEMTO.h5,20373,nonnumeric H5 record,object
RM_003_FEMTO.h5,20374,nonnumeric H5 record,object
RM_003_FEMTO.h5,20375,nonnumeric H5 record,object
RM_003_FEMTO.h5,20376,nonnumeric H5 record,object
RM_003_FEMTO.h5,20377,nonnumeric H5 record,object
RM_003_FEMTO.h5,20378,nonnumeric H5 record,object
RM_003_FEMTO.h5,20379,nonnumeric H5 record,object
RM_003_FEMTO.h5,20380,nonnumeric H5 record,object
RM_003_FEMTO.h5,20381,nonnumeric H5 record,object
RM_003_FEMTO.h5,20382,nonnumeric H5 record,object
RM_003_FEMTO.h5,20383,nonnumeric H5 record,object
RM_003_FEMTO.h5,20384,nonnumeric H5 record,object
RM_003_FEMTO.h5,20385,nonnumeric H5 record,object
RM_003_FEMTO.h5,20386,nonnumeric H5 record,object
RM_003_FEMTO.h5,20387,nonnumeric H5 record,object
RM_003_FEMTO.h5,20388,nonnumeric H5 record,object
RM_003_FEMTO.h5,20389,nonnumeric H5 record,object
RM_003_FEMTO.h5,20390,nonnumeric H5 record,object
RM_003_FEMTO.h5,20391,nonnumeric H5 record,object
RM_003_FEMTO.h5,20392,nonnumeric H5 record,object
RM_003_FEMTO.h5,20393,nonnumeric H5 record,object
RM_003_FEMTO.h5,20394,nonnumeric H5 record,object
RM_003_FEMTO.h5,20395,nonnumeric H5 record,object
RM_003_FEMTO.h5,20396,nonnumeric H5 record,object
RM_003_FEMTO.h5,20397,nonnumeric H5 record,object
RM_003_FEMTO.h5,20398,nonnumeric H5 record,object
RM_003_FEMTO.h5,20399,nonnumeric H5 record,object
RM_003_FEMTO.h5,20400,nonnumeric H5 record,object
RM_003_FEMTO.h5,20401,nonnumeric H5 record,object
RM_003_FEMTO.h5,20402,nonnumeric H5 record,object
RM_003_FEMTO.h5,20403,nonnumeric H5 record,object
RM_003_FEMTO.h5,20404,nonnumeric H5 record,object
RM_003_FEMTO.h5,20405,nonnumeric H5 record,object
RM_003_FEMTO.h5,20406,nonnumeric H5 record,object
RM_003_FEMTO.h5,20407,nonnumeric H5 record,object
RM_003_FEMTO.h5,20408,nonnumeric H5 record,object
RM_003_FEMTO.h5,20409,nonnumeric H5 record,object
RM_003_FEMTO.h5,20410,nonnumeric H5 record,object
RM_003_FEMTO.h5,20411,nonnumeric H5 record,object
RM_003_FEMTO.h5,20412,nonnumeric H5 record,object
RM_003_FEMTO.h5,20413,nonnumeric H5 record,object
RM_003_FEMTO.h5,20414,nonnumeric H5 record,object
RM_003_FEMTO.h5,20415,nonnumeric H5 record,object
RM_003_FEMTO.h5,20416,nonnumeric H5 record,object
RM_003_FEMTO.h5,20417,nonnumeric H5 record,object
RM_003_FEMTO.h5,20418,nonnumeric H5 record,object
RM_003_FEMTO.h5,20419,nonnumeric H5 record,object
RM_003_FEMTO.h5,20420,nonnumeric H5 record,object
RM_003_FEMTO.h5,20421,nonnumeric H5 record,object
RM_003_FEMTO.h5,20422,nonnumeric H5 record,object
RM_003_FEMTO.h5,20423,nonnumeric H5 record,object
RM_003_FEMTO.h5,20424,nonnumeric H5 record,object
RM_003_FEMTO.h5,20425,nonnumeric H5 record,object
RM_003_FEMTO.h5,20426,nonnumeric H5 record,object
RM_003_FEMTO.h5,20427,nonnumeric H5 record,object
RM_003_FEMTO.h5,20428,nonnumeric H5 record,object
RM_003_FEMTO.h5,20429,nonnumeric H5 record,object
RM_003_FEMTO.h5,20430,nonnumeric H5 record,object
RM_003_FEMTO.h5,20431,nonnumeric H5 record,object
RM_003_FEMTO.h5,20432,nonnumeric H5 record,object
RM_003_FEMTO.h5,20433,nonnumeric H5 record,object
RM_003_FEMTO.h5,20434,nonnumeric H5 record,object
RM_003_FEMTO.h5,20435,nonnumeric H5 record,object
RM_003_FEMTO.h5,20436,nonnumeric H5 record,object
RM_003_FEMTO.h5,20437,nonnumeric H5 record,object
RM_003_FEMTO.h5,20438,nonnumeric H5 record,object
RM_003_FEMTO.h5,20439,nonnumeric H5 record,object
RM_003_FEMTO.h5,20440,nonnumeric H5 record,object
RM_003_FEMTO.h5,20441,nonnumeric H5 record,object
RM_003_FEMTO.h5,20442,nonnumeric H5 record,object
RM_003_FEMTO.h5,20443,nonnumeric H5 record,object
RM_003_FEMTO.h5,20444,nonnumeric H5 record,object
RM_003_FEMTO.h5,20445,nonnumeric H5 record,object
RM_003_FEMTO.h5,20446,nonnumeric H5 record,object
RM_003_FEMTO.h5,20447,nonnumeric H5 record,object
RM_003_FEMTO.h5,20448,nonnumeric H5 record,object
RM_003_FEMTO.h5,20449,nonnumeric H5 record,object
RM_003_FEMTO.h5,20450,nonnumeric H5 record,object
RM_003_FEMTO.h5,20451,nonnumeric H5 record,object
RM_003_FEMTO.h5,20452,nonnumeric H5 record,object
RM_003_FEMTO.h5,20453,nonnumeric H5 record,object
RM_003_FEMTO.h5,20454,nonnumeric H5 record,object
RM_003_FEMTO.h5,20455,nonnumeric H5 record,object
RM_003_FEMTO.h5,20456,nonnumeric H5 record,object
RM_003_FEMTO.h5,20457,nonnumeric H5 record,object
RM_003_FEMTO.h5,20458,nonnumeric H5 record,object
RM_003_FEMTO.h5,20459,nonnumeric H5 record,object
RM_003_FEMTO.h5,20460,nonnumeric H5 record,object
RM_003_FEMTO.h5,20461,nonnumeric H5 record,object
RM_003_FEMTO.h5,20462,nonnumeric H5 record,object
RM_003_FEMTO.h5,20463,nonnumeric H5 record,object
RM_003_FEMTO.h5,20464,nonnumeric H5 record,object
RM_003_FEMTO.h5,20465,nonnumeric H5 record,object
RM_003_FEMTO.h5,20466,nonnumeric H5 record,object
RM_003_FEMTO.h5,20467,nonnumeric H5 record,object
RM_003_FEMTO.h5,20468,nonnumeric H5 record,object
RM_003_FEMTO.h5,20469,nonnumeric H5 record,object
RM_003_FEMTO.h5,20470,nonnumeric H5 record,object
RM_003_FEMTO.h5,20471,nonnumeric H5 record,object
RM_003_FEMTO.h5,20472,nonnumeric H5 record,object
RM_003_FEMTO.h5,20473,nonnumeric H5 record,object
RM_003_FEMTO.h5,20474,nonnumeric H5 record,object
RM_003_FEMTO.h5,20475,nonnumeric H5 record,object
RM_003_FEMTO.h5,20476,nonnumeric H5 record,object
RM_003_FEMTO.h5,20477,nonnumeric H5 record,object
RM_003_FEMTO.h5,20478,nonnumeric H5 record,object
RM_003_FEMTO.h5,20479,nonnumeric H5 record,object
RM_003_FEMTO.h5,20480,nonnumeric H5 record,object
RM_003_FEMTO.h5,20481,nonnumeric H5 record,object
RM_003_FEMTO.h5,20482,nonnumeric H5 record,object
RM_003_FEMTO.h5,20483,nonnumeric H5 record,object
RM_003_FEMTO.h5,20484,nonnumeric H5 record,object
RM_003_FEMTO.h5,20485,nonnumeric H5 record,object
RM_003_FEMTO.h5,20486,nonnumeric H5 record,object
RM_003_FEMTO.h5,20487,nonnumeric H5 record,object
RM_003_FEMTO.h5,20488,nonnumeric H5 record,object
RM_003_FEMTO.h5,20489,nonnumeric H5 record,object
RM_003_FEMTO.h5,20490,nonnumeric H5 record,object
RM_003_FEMTO.h5,20491,nonnumeric H5 record,object
RM_003_FEMTO.h5,20492,nonnumeric H5 record,object
RM_003_FEMTO.h5,20493,nonnumeric H5 record,object
RM_003_FEMTO.h5,20494,nonnumeric H5 record,object
RM_003_FEMTO.h5,20495,nonnumeric H5 record,object
RM_003_FEMTO.h5,20496,nonnumeric H5 record,object
RM_003_FEMTO.h5,20497,nonnumeric H5 record,object
RM_003_FEMTO.h5,20498,nonnumeric H5 record,object
RM_003_FEMTO.h5,20499,nonnumeric H5 record,object
RM_003_FEMTO.h5,20500,nonnumeric H5 record,object
RM_003_FEMTO.h5,20501,nonnumeric H5 record,object
RM_003_FEMTO.h5,20502,nonnumeric H5 record,object
RM_003_FEMTO.h5,20503,nonnumeric H5 record,object
RM_003_FEMTO.h5,20504,nonnumeric H5 record,object
RM_003_FEMTO.h5,20505,nonnumeric H5 record,object
RM_003_FEMTO.h5,20506,nonnumeric H5 record,object
RM_003_FEMTO.h5,20507,nonnumeric H5 record,object
RM_003_FEMTO.h5,20508,nonnumeric H5 record,object
RM_003_FEMTO.h5,20509,nonnumeric H5 record,object
RM_003_FEMTO.h5,20510,nonnumeric H5 record,object
RM_003_FEMTO.h5,20511,nonnumeric H5 record,object
RM_003_FEMTO.h5,20512,nonnumeric H5 record,object
RM_003_FEMTO.h5,20513,nonnumeric H5 record,object
RM_003_FEMTO.h5,20514,nonnumeric H5 record,object
RM_003_FEMTO.h5,20515,nonnumeric H5 record,object
RM_003_FEMTO.h5,20516,nonnumeric H5 record,object
RM_003_FEMTO.h5,20517,nonnumeric H5 record,object
RM_003_FEMTO.h5,20518,nonnumeric H5 record,object
RM_003_FEMTO.h5,20519,nonnumeric H5 record,object
RM_003_FEMTO.h5,20520,nonnumeric H5 record,object
RM_003_FEMTO.h5,20521,nonnumeric H5 record,object
RM_003_FEMTO.h5,20522,nonnumeric H5 record,object
RM_003_FEMTO.h5,20523,nonnumeric H5 record,object
RM_003_FEMTO.h5,20524,nonnumeric H5 record,object
RM_003_FEMTO.h5,20525,nonnumeric H5 record,object
RM_003_FEMTO.h5,20526,nonnumeric H5 record,object
RM_003_FEMTO.h5,20527,nonnumeric H5 record,object
RM_003_FEMTO.h5,20528,nonnumeric H5 record,object
RM_003_FEMTO.h5,20529,nonnumeric H5 record,object
RM_003_FEMTO.h5,20530,nonnumeric H5 record,object
RM_003_FEMTO.h5,20531,nonnumeric H5 record,object
RM_003_FEMTO.h5,20532,nonnumeric H5 record,object
RM_003_FEMTO.h5,20533,nonnumeric H5 record,object
RM_003_FEMTO.h5,20534,nonnumeric H5 record,object
RM_003_FEMTO.h5,20535,nonnumeric H5 record,object
RM_003_FEMTO.h5,20536,nonnumeric H5 record,object
RM_003_FEMTO.h5,20537,nonnumeric H5 record,object
RM_003_FEMTO.h5,20538,nonnumeric H5 record,object
RM_003_FEMTO.h5,20539,nonnumeric H5 record,object
RM_003_FEMTO.h5,20540,nonnumeric H5 record,object
RM_003_FEMTO.h5,20541,nonnumeric H5 record,object
RM_003_FEMTO.h5,20542,nonnumeric H5 record,object
RM_003_FEMTO.h5,20543,nonnumeric H5 record,object
RM_003_FEMTO.h5,20544,nonnumeric H5 record,object
RM_003_FEMTO.h5,20545,nonnumeric H5 record,object
RM_003_FEMTO.h5,20546,nonnumeric H5 record,object
RM_003_FEMTO.h5,20547,nonnumeric H5 record,object
RM_003_FEMTO.h5,20548,nonnumeric H5 record,object
RM_003_FEMTO.h5,20549,nonnumeric H5 record,object
RM_003_FEMTO.h5,20550,nonnumeric H5 record,object
RM_003_FEMTO.h5,20551,nonnumeric H5 record,object
RM_003_FEMTO.h5,20552,nonnumeric H5 record,object
RM_003_FEMTO.h5,20553,nonnumeric H5 record,object
RM_003_FEMTO.h5,20554,nonnumeric H5 record,object
RM_003_FEMTO.h5,20555,nonnumeric H5 record,object
RM_003_FEMTO.h5,20556,nonnumeric H5 record,object
RM_003_FEMTO.h5,20557,nonnumeric H5 record,object
RM_003_FEMTO.h5,20558,nonnumeric H5 record,object
RM_003_FEMTO.h5,20559,nonnumeric H5 record,object
RM_003_FEMTO.h5,20560,nonnumeric H5 record,object
RM_003_FEMTO.h5,20561,nonnumeric H5 record,object
RM_003_FEMTO.h5,20562,nonnumeric H5 record,object
RM_003_FEMTO.h5,20563,nonnumeric H5 record,object
RM_003_FEMTO.h5,20564,nonnumeric H5 record,object
RM_003_FEMTO.h5,20565,nonnumeric H5 record,object
RM_003_FEMTO.h5,20566,nonnumeric H5 record,object
RM_003_FEMTO.h5,20567,nonnumeric H5 record,object
RM_003_FEMTO.h5,20568,nonnumeric H5 record,object
RM_003_FEMTO.h5,20569,nonnumeric H5 record,object
RM_003_FEMTO.h5,20570,nonnumeric H5 record,object
RM_003_FEMTO.h5,20571,nonnumeric H5 record,object
RM_003_FEMTO.h5,20572,nonnumeric H5 record,object
RM_003_FEMTO.h5,20573,nonnumeric H5 record,object
RM_003_FEMTO.h5,20574,nonnumeric H5 record,object
RM_003_FEMTO.h5,20575,nonnumeric H5 record,object
RM_003_FEMTO.h5,20576,nonnumeric H5 record,object
RM_003_FEMTO.h5,20577,nonnumeric H5 record,object
RM_003_FEMTO.h5,20578,nonnumeric H5 record,object
RM_003_FEMTO.h5,20579,nonnumeric H5 record,object
RM_003_FEMTO.h5,20580,nonnumeric H5 record,object
RM_003_FEMTO.h5,20581,nonnumeric H5 record,object
RM_003_FEMTO.h5,20582,nonnumeric H5 record,object
RM_003_FEMTO.h5,20583,nonnumeric H5 record,object
RM_003_FEMTO.h5,20584,nonnumeric H5 record,object
RM_003_FEMTO.h5,20585,nonnumeric H5 record,object
RM_003_FEMTO.h5,20586,nonnumeric H5 record,object
RM_003_FEMTO.h5,20587,nonnumeric H5 record,object
RM_003_FEMTO.h5,20588,nonnumeric H5 record,object
RM_003_FEMTO.h5,20589,nonnumeric H5 record,object
RM_003_FEMTO.h5,20590,nonnumeric H5 record,object
RM_003_FEMTO.h5,20591,nonnumeric H5 record,object
RM_003_FEMTO.h5,20592,nonnumeric H5 record,object
RM_003_FEMTO.h5,20593,nonnumeric H5 record,object
RM_003_FEMTO.h5,20594,nonnumeric H5 record,object
RM_003_FEMTO.h5,20595,nonnumeric H5 record,object
RM_003_FEMTO.h5,20596,nonnumeric H5 record,object
RM_003_FEMTO.h5,20597,nonnumeric H5 record,object
RM_003_FEMTO.h5,20598,nonnumeric H5 record,object
RM_003_FEMTO.h5,20599,nonnumeric H5 record,object
RM_003_FEMTO.h5,20600,nonnumeric H5 record,object
RM_003_FEMTO.h5,20601,nonnumeric H5 record,object
RM_003_FEMTO.h5,20602,nonnumeric H5 record,object
RM_003_FEMTO.h5,20603,nonnumeric H5 record,object
RM_003_FEMTO.h5,20604,nonnumeric H5 record,object
RM_003_FEMTO.h5,20605,nonnumeric H5 record,object
RM_003_FEMTO.h5,20606,nonnumeric H5 record,object
RM_003_FEMTO.h5,20607,nonnumeric H5 record,object
RM_003_FEMTO.h5,20608,nonnumeric H5 record,object
RM_003_FEMTO.h5,20609,nonnumeric H5 record,object
RM_003_FEMTO.h5,20610,nonnumeric H5 record,object
RM_003_FEMTO.h5,20611,nonnumeric H5 record,object
RM_003_FEMTO.h5,20612,nonnumeric H5 record,object
RM_003_FEMTO.h5,20613,nonnumeric H5 record,object
RM_003_FEMTO.h5,20614,nonnumeric H5 record,object
RM_003_FEMTO.h5,20615,nonnumeric H5 record,object
RM_003_FEMTO.h5,20616,nonnumeric H5 record,object
RM_003_FEMTO.h5,20617,nonnumeric H5 record,object
RM_003_FEMTO.h5,20618,nonnumeric H5 record,object
RM_003_FEMTO.h5,20619,nonnumeric H5 record,object
RM_003_FEMTO.h5,20620,nonnumeric H5 record,object
RM_003_FEMTO.h5,20621,nonnumeric H5 record,object
RM_003_FEMTO.h5,20622,nonnumeric H5 record,object
RM_003_FEMTO.h5,20623,nonnumeric H5 record,object
RM_003_FEMTO.h5,20624,nonnumeric H5 record,object
RM_003_FEMTO.h5,20625,nonnumeric H5 record,object
RM_003_FEMTO.h5,20626,nonnumeric H5 record,object
RM_003_FEMTO.h5,20627,nonnumeric H5 record,object
RM_003_FEMTO.h5,20628,nonnumeric H5 record,object
RM_003_FEMTO.h5,20629,nonnumeric H5 record,object
RM_003_FEMTO.h5,20630,nonnumeric H5 record,object
RM_003_FEMTO.h5,20631,nonnumeric H5 record,object
RM_003_FEMTO.h5,20632,nonnumeric H5 record,object
RM_003_FEMTO.h5,20633,nonnumeric H5 record,object
RM_003_FEMTO.h5,20634,nonnumeric H5 record,object
RM_003_FEMTO.h5,20635,nonnumeric H5 record,object
RM_003_FEMTO.h5,20636,nonnumeric H5 record,object
RM_003_FEMTO.h5,20637,nonnumeric H5 record,object
RM_003_FEMTO.h5,20638,nonnumeric H5 record,object
RM_003_FEMTO.h5,20639,nonnumeric H5 record,object
RM_003_FEMTO.h5,20640,nonnumeric H5 record,object
RM_003_FEMTO.h5,20641,nonnumeric H5 record,object
RM_003_FEMTO.h5,20642,nonnumeric H5 record,object
RM_003_FEMTO.h5,20643,nonnumeric H5 record,object
RM_003_FEMTO.h5,20644,nonnumeric H5 record,object
RM_003_FEMTO.h5,20645,nonnumeric H5 record,object
RM_003_FEMTO.h5,20646,nonnumeric H5 record,object
RM_003_FEMTO.h5,20647,nonnumeric H5 record,object
RM_003_FEMTO.h5,20648,nonnumeric H5 record,object
RM_003_FEMTO.h5,20649,nonnumeric H5 record,object
RM_003_FEMTO.h5,20650,nonnumeric H5 record,object
RM_003_FEMTO.h5,20651,nonnumeric H5 record,object
RM_003_FEMTO.h5,20652,nonnumeric H5 record,object
RM_003_FEMTO.h5,20653,nonnumeric H5 record,object
RM_003_FEMTO.h5,20654,nonnumeric H5 record,object
RM_003_FEMTO.h5,20655,nonnumeric H5 record,object
RM_003_FEMTO.h5,20656,nonnumeric H5 record,object
RM_003_FEMTO.h5,20657,nonnumeric H5 record,object
RM_003_FEMTO.h5,20658,nonnumeric H5 record,object
RM_003_FEMTO.h5,20659,nonnumeric H5 record,object
RM_003_FEMTO.h5,20660,nonnumeric H5 record,object
RM_003_FEMTO.h5,20661,nonnumeric H5 record,object
RM_003_FEMTO.h5,20662,nonnumeric H5 record,object
RM_003_FEMTO.h5,20663,nonnumeric H5 record,object
RM_003_FEMTO.h5,20664,nonnumeric H5 record,object
RM_003_FEMTO.h5,20665,nonnumeric H5 record,object
RM_003_FEMTO.h5,20666,nonnumeric H5 record,object
RM_003_FEMTO.h5,20667,nonnumeric H5 record,object
RM_003_FEMTO.h5,20668,nonnumeric H5 record,object
RM_003_FEMTO.h5,20669,nonnumeric H5 record,object
RM_003_FEMTO.h5,20670,nonnumeric H5 record,object
RM_003_FEMTO.h5,20671,nonnumeric H5 record,object
RM_003_FEMTO.h5,20672,nonnumeric H5 record,object
RM_003_FEMTO.h5,20673,nonnumeric H5 record,object
RM_003_FEMTO.h5,20674,nonnumeric H5 record,object
RM_003_FEMTO.h5,20675,nonnumeric H5 record,object
RM_003_FEMTO.h5,20676,nonnumeric H5 record,object
RM_003_FEMTO.h5,20677,nonnumeric H5 record,object
RM_003_FEMTO.h5,20678,nonnumeric H5 record,object
RM_003_FEMTO.h5,20679,nonnumeric H5 record,object
RM_003_FEMTO.h5,20680,nonnumeric H5 record,object
RM_003_FEMTO.h5,20681,nonnumeric H5 record,object
RM_003_FEMTO.h5,20682,nonnumeric H5 record,object
RM_003_FEMTO.h5,20683,nonnumeric H5 record,object
RM_003_FEMTO.h5,20684,nonnumeric H5 record,object
RM_003_FEMTO.h5,20685,nonnumeric H5 record,object
RM_003_FEMTO.h5,20686,nonnumeric H5 record,object
RM_003_FEMTO.h5,20687,nonnumeric H5 record,object
RM_003_FEMTO.h5,20688,nonnumeric H5 record,object
RM_003_FEMTO.h5,20689,nonnumeric H5 record,object
RM_003_FEMTO.h5,20690,nonnumeric H5 record,object
RM_003_FEMTO.h5,20691,nonnumeric H5 record,object
RM_003_FEMTO.h5,20692,nonnumeric H5 record,object
RM_003_FEMTO.h5,20693,nonnumeric H5 record,object
RM_003_FEMTO.h5,20694,nonnumeric H5 record,object
RM_003_FEMTO.h5,20695,nonnumeric H5 record,object
RM_003_FEMTO.h5,20696,nonnumeric H5 record,object
RM_003_FEMTO.h5,20697,nonnumeric H5 record,object
RM_003_FEMTO.h5,20698,nonnumeric H5 record,object
RM_003_FEMTO.h5,20699,nonnumeric H5 record,object
RM_003_FEMTO.h5,20700,nonnumeric H5 record,object
RM_003_FEMTO.h5,20701,nonnumeric H5 record,object
RM_003_FEMTO.h5,20702,nonnumeric H5 record,object
RM_003_FEMTO.h5,20703,nonnumeric H5 record,object
RM_003_FEMTO.h5,20704,nonnumeric H5 record,object
RM_003_FEMTO.h5,20705,nonnumeric H5 record,object
RM_003_FEMTO.h5,20706,nonnumeric H5 record,object
RM_003_FEMTO.h5,20707,nonnumeric H5 record,object
RM_003_FEMTO.h5,20708,nonnumeric H5 record,object
RM_003_FEMTO.h5,20709,nonnumeric H5 record,object
RM_003_FEMTO.h5,20710,nonnumeric H5 record,object
RM_003_FEMTO.h5,20711,nonnumeric H5 record,object
RM_003_FEMTO.h5,20712,nonnumeric H5 record,object
RM_003_FEMTO.h5,20713,nonnumeric H5 record,object
RM_003_FEMTO.h5,20714,nonnumeric H5 record,object
RM_003_FEMTO.h5,20715,nonnumeric H5 record,object
RM_003_FEMTO.h5,20716,nonnumeric H5 record,object
RM_003_FEMTO.h5,20717,nonnumeric H5 record,object
RM_003_FEMTO.h5,20718,nonnumeric H5 record,object
RM_003_FEMTO.h5,20719,nonnumeric H5 record,object
RM_003_FEMTO.h5,20720,nonnumeric H5 record,object
RM_003_FEMTO.h5,20721,nonnumeric H5 record,object
RM_003_FEMTO.h5,20722,nonnumeric H5 record,object
RM_003_FEMTO.h5,20723,nonnumeric H5 record,object
RM_003_FEMTO.h5,20724,nonnumeric H5 record,object
RM_003_FEMTO.h5,20725,nonnumeric H5 record,object
RM_003_FEMTO.h5,20726,nonnumeric H5 record,object
RM_003_FEMTO.h5,20727,nonnumeric H5 record,object
RM_003_FEMTO.h5,20728,nonnumeric H5 record,object
RM_003_FEMTO.h5,20729,nonnumeric H5 record,object
RM_003_FEMTO.h5,20730,nonnumeric H5 record,object
RM_003_FEMTO.h5,20731,nonnumeric H5 record,object
RM_003_FEMTO.h5,20732,nonnumeric H5 record,object
RM_003_FEMTO.h5,20733,nonnumeric H5 record,object
RM_003_FEMTO.h5,20734,nonnumeric H5 record,object
RM_003_FEMTO.h5,20735,nonnumeric H5 record,object
RM_003_FEMTO.h5,20736,nonnumeric H5 record,object
RM_003_FEMTO.h5,20737,nonnumeric H5 record,object
RM_003_FEMTO.h5,20738,nonnumeric H5 record,object
RM_003_FEMTO.h5,20739,nonnumeric H5 record,object
RM_003_FEMTO.h5,20740,nonnumeric H5 record,object
RM_003_FEMTO.h5,20741,nonnumeric H5 record,object
RM_003_FEMTO.h5,20742,nonnumeric H5 record,object
RM_003_FEMTO.h5,20743,nonnumeric H5 record,object
RM_003_FEMTO.h5,20744,nonnumeric H5 record,object
RM_003_FEMTO.h5,20745,nonnumeric H5 record,object
RM_003_FEMTO.h5,20746,nonnumeric H5 record,object
RM_003_FEMTO.h5,20747,nonnumeric H5 record,object
RM_003_FEMTO.h5,20748,nonnumeric H5 record,object
RM_003_FEMTO.h5,20749,nonnumeric H5 record,object
RM_003_FEMTO.h5,20750,nonnumeric H5 record,object
RM_003_FEMTO.h5,20751,nonnumeric H5 record,object
RM_003_FEMTO.h5,20752,nonnumeric H5 record,object
RM_003_FEMTO.h5,20753,nonnumeric H5 record,object
RM_003_FEMTO.h5,20754,nonnumeric H5 record,object
RM_003_FEMTO.h5,20755,nonnumeric H5 record,object
RM_003_FEMTO.h5,20756,nonnumeric H5 record,object
RM_003_FEMTO.h5,20757,nonnumeric H5 record,object
RM_003_FEMTO.h5,20758,nonnumeric H5 record,object
RM_003_FEMTO.h5,20759,nonnumeric H5 record,object
RM_003_FEMTO.h5,20760,nonnumeric H5 record,object
RM_003_FEMTO.h5,20761,nonnumeric H5 record,object
RM_003_FEMTO.h5,20762,nonnumeric H5 record,object
RM_003_FEMTO.h5,20763,nonnumeric H5 record,object
RM_003_FEMTO.h5,20764,nonnumeric H5 record,object
RM_003_FEMTO.h5,20765,nonnumeric H5 record,object
RM_003_FEMTO.h5,20766,nonnumeric H5 record,object
RM_003_FEMTO.h5,20767,nonnumeric H5 record,object
RM_003_FEMTO.h5,20768,nonnumeric H5 record,object
RM_003_FEMTO.h5,20769,nonnumeric H5 record,object
RM_003_FEMTO.h5,20770,nonnumeric H5 record,object
RM_003_FEMTO.h5,20771,nonnumeric H5 record,object
RM_003_FEMTO.h5,20772,nonnumeric H5 record,object
RM_003_FEMTO.h5,20773,nonnumeric H5 record,object
RM_003_FEMTO.h5,20774,nonnumeric H5 record,object
RM_003_FEMTO.h5,20775,nonnumeric H5 record,object
RM_003_FEMTO.h5,20776,nonnumeric H5 record,object
RM_003_FEMTO.h5,20777,nonnumeric H5 record,object
RM_003_FEMTO.h5,20778,nonnumeric H5 record,object
RM_003_FEMTO.h5,20779,nonnumeric H5 record,object
RM_003_FEMTO.h5,20780,nonnumeric H5 record,object
RM_003_FEMTO.h5,20781,nonnumeric H5 record,object
RM_003_FEMTO.h5,20782,nonnumeric H5 record,object
RM_003_FEMTO.h5,20783,nonnumeric H5 record,object
RM_003_FEMTO.h5,20784,nonnumeric H5 record,object
RM_003_FEMTO.h5,20785,nonnumeric H5 record,object
RM_003_FEMTO.h5,20786,nonnumeric H5 record,object
RM_003_FEMTO.h5,20787,nonnumeric H5 record,object
RM_003_FEMTO.h5,20788,nonnumeric H5 record,object
RM_003_FEMTO.h5,20789,nonnumeric H5 record,object
RM_003_FEMTO.h5,20790,nonnumeric H5 record,object
RM_003_FEMTO.h5,20791,nonnumeric H5 record,object
RM_003_FEMTO.h5,20792,nonnumeric H5 record,object
RM_003_FEMTO.h5,20793,nonnumeric H5 record,object
RM_003_FEMTO.h5,20794,nonnumeric H5 record,object
RM_003_FEMTO.h5,20795,nonnumeric H5 record,object
RM_003_FEMTO.h5,20796,nonnumeric H5 record,object
RM_003_FEMTO.h5,20797,nonnumeric H5 record,object
RM_003_FEMTO.h5,20798,nonnumeric H5 record,object
RM_003_FEMTO.h5,20799,nonnumeric H5 record,object
RM_003_FEMTO.h5,20800,nonnumeric H5 record,object
RM_003_FEMTO.h5,20801,nonnumeric H5 record,object
RM_003_FEMTO.h5,20802,nonnumeric H5 record,object
RM_003_FEMTO.h5,20803,nonnumeric H5 record,object
RM_003_FEMTO.h5,20804,nonnumeric H5 record,object
RM_003_FEMTO.h5,20805,nonnumeric H5 record,object
RM_003_FEMTO.h5,20806,nonnumeric H5 record,object
RM_003_FEMTO.h5,20806,metadata shape mismatch,"metadata=(2560.0,2.0); H5=(600, 1, 1)"
RM_003_FEMTO.h5,20807,nonnumeric H5 record,object
RM_003_FEMTO.h5,20807,metadata shape mismatch,"metadata=(2560.0,2.0); H5=(600, 1, 1)"
RM_003_FEMTO.h5,20808,nonnumeric H5 record,object
RM_003_FEMTO.h5,20808,metadata shape mismatch,"metadata=(2560.0,2.0); H5=(600, 1, 1)"
RM_003_FEMTO.h5,20809,nonnumeric H5 record,object
RM_003_FEMTO.h5,20809,metadata shape mismatch,"metadata=(2560.0,2.0); H5=(600, 1, 1)"
RM_003_FEMTO.h5,20810,nonnumeric H5 record,object
RM_003_FEMTO.h5,20810,metadata shape mismatch,"metadata=(2560.0,2.0); H5=(600, 1, 1)"
RM_003_FEMTO.h5,20811,nonnumeric H5 record,object
RM_003_FEMTO.h5,20811,metadata shape mismatch,"metadata=(2560.0,2.0); H5=(600, 1, 1)"
RM_003_FEMTO.h5,20812,nonnumeric H5 record,object
RM_003_FEMTO.h5,20812,metadata shape mismatch,"metadata=(2560.0,2.0); H5=(600, 1, 1)"
RM_003_FEMTO.h5,20813,nonnumeric H5 record,object
RM_003_FEMTO.h5,20813,metadata shape mismatch,"metadata=(2560.0,2.0); H5=(600, 1, 1)"
RM_003_FEMTO.h5,20814,nonnumeric H5 record,object
RM_003_FEMTO.h5,20814,metadata shape mismatch,"metadata=(2560.0,2.0); H5=(600, 1, 1)"
RM_003_FEMTO.h5,20815,nonnumeric H5 record,object
RM_003_FEMTO.h5,20815,metadata shape mismatch,"metadata=(2560.0,2.0); H5=(600, 1, 1)"
RM_003_FEMTO.h5,20816,nonnumeric H5 record,object
RM_003_FEMTO.h5,20816,metadata shape mismatch,"metadata=(2560.0,2.0); H5=(600, 1, 1)"
RM_003_FEMTO.h5,20817,nonnumeric H5 record,object
RM_003_FEMTO.h5,20817,metadata shape mismatch,"metadata=(2560.0,2.0); H5=(600, 1, 1)"
RM_003_FEMTO.h5,20818,nonnumeric H5 record,object
RM_003_FEMTO.h5,20818,metadata shape mismatch,"metadata=(2560.0,2.0); H5=(600, 1, 1)"
RM_003_FEMTO.h5,20819,nonnumeric H5 record,object
RM_003_FEMTO.h5,20819,metadata shape mismatch,"metadata=(2560.0,2.0); H5=(600, 1, 1)"
RM_003_FEMTO.h5,20820,nonnumeric H5 record,object
RM_003_FEMTO.h5,20820,metadata shape mismatch,"metadata=(2560.0,2.0); H5=(600, 1, 1)"
RM_003_FEMTO.h5,20821,nonnumeric H5 record,object
RM_003_FEMTO.h5,20821,metadata shape mismatch,"metadata=(2560.0,2.0); H5=(600, 1, 1)"
RM_003_FEMTO.h5,20822,nonnumeric H5 record,object
RM_003_FEMTO.h5,20822,metadata shape mismatch,"metadata=(2560.0,2.0); H5=(600, 1, 1)"
RM_003_FEMTO.h5,20823,nonnumeric H5 record,object
RM_003_FEMTO.h5,20823,metadata shape mismatch,"metadata=(2560.0,2.0); H5=(600, 1, 1)"
RM_003_FEMTO.h5,20824,nonnumeric H5 record,object
RM_003_FEMTO.h5,20824,metadata shape mismatch,"metadata=(2560.0,2.0); H5=(600, 1, 1)"
RM_003_FEMTO.h5,20825,nonnumeric H5 record,object
RM_003_FEMTO.h5,20825,metadata shape mismatch,"metadata=(2560.0,2.0); H5=(600, 1, 1)"
RM_003_FEMTO.h5,20826,nonnumeric H5 record,object
RM_003_FEMTO.h5,20826,metadata shape mismatch,"metadata=(2560.0,2.0); H5=(600, 1, 1)"
RM_003_FEMTO.h5,20827,nonnumeric H5 record,object
RM_003_FEMTO.h5,20827,metadata shape mismatch,"metadata=(2560.0,2.0); H5=(600, 1, 1)"
RM_003_FEMTO.h5,20828,nonnumeric H5 record,object
RM_003_FEMTO.h5,20828,metadata shape mismatch,"metadata=(2560.0,2.0); H5=(600, 1, 1)"
RM_003_FEMTO.h5,20829,nonnumeric H5 record,object
RM_003_FEMTO.h5,20829,metadata shape mismatch,"metadata=(2560.0,2.0); H5=(600, 1, 1)"
RM_003_FEMTO.h5,20830,nonnumeric H5 record,object
RM_003_FEMTO.h5,20830,metadata shape mismatch,"metadata=(2560.0,2.0); H5=(600, 1, 1)"
RM_003_FEMTO.h5,20831,nonnumeric H5 record,object
RM_003_FEMTO.h5,20831,metadata shape mismatch,"metadata=(2560.0,2.0); H5=(600, 1, 1)"
RM_003_FEMTO.h5,20832,nonnumeric H5 record,object
RM_003_FEMTO.h5,20832,metadata shape mismatch,"metadata=(2560.0,2.0); H5=(600, 1, 1)"
RM_003_FEMTO.h5,20833,nonnumeric H5 record,object
RM_003_FEMTO.h5,20833,metadata shape mismatch,"metadata=(2560.0,2.0); H5=(600, 1, 1)"
RM_003_FEMTO.h5,20834,nonnumeric H5 record,object
RM_003_FEMTO.h5,20834,metadata shape mismatch,"metadata=(2560.0,2.0); H5=(600, 1, 1)"
RM_003_FEMTO.h5,20835,nonnumeric H5 record,object
RM_003_FEMTO.h5,20835,metadata shape mismatch,"metadata=(2560.0,2.0); H5=(600, 1, 1)"
RM_003_FEMTO.h5,20836,nonnumeric H5 record,object
RM_003_FEMTO.h5,20836,metadata shape mismatch,"metadata=(2560.0,2.0); H5=(600, 1, 1)"
RM_003_FEMTO.h5,20837,nonnumeric H5 record,object
RM_003_FEMTO.h5,20837,metadata shape mismatch,"metadata=(2560.0,2.0); H5=(600, 1, 1)"
RM_003_FEMTO.h5,20838,nonnumeric H5 record,object
RM_003_FEMTO.h5,20838,metadata shape mismatch,"metadata=(2560.0,2.0); H5=(600, 1, 1)"
RM_003_FEMTO.h5,20839,nonnumeric H5 record,object
RM_003_FEMTO.h5,20839,metadata shape mismatch,"metadata=(2560.0,2.0); H5=(600, 1, 1)"
RM_003_FEMTO.h5,20840,nonnumeric H5 record,object
RM_003_FEMTO.h5,20840,metadata shape mismatch,"metadata=(2560.0,2.0); H5=(600, 1, 1)"
RM_003_FEMTO.h5,20841,nonnumeric H5 record,object
RM_003_FEMTO.h5,20841,metadata shape mismatch,"metadata=(2560.0,2.0); H5=(600, 1, 1)"
RM_003_FEMTO.h5,20842,nonnumeric H5 record,object
RM_003_FEMTO.h5,20842,metadata shape mismatch,"metadata=(2560.0,2.0); H5=(600, 1, 1)"
RM_003_FEMTO.h5,20843,nonnumeric H5 record,object
RM_003_FEMTO.h5,20843,metadata shape mismatch,"metadata=(2560.0,2.0); H5=(600, 1, 1)"
RM_003_FEMTO.h5,20844,nonnumeric H5 record,object
RM_003_FEMTO.h5,20844,metadata shape mismatch,"metadata=(2560.0,2.0); H5=(600, 1, 1)"
RM_003_FEMTO.h5,20845,nonnumeric H5 record,object
RM_003_FEMTO.h5,20845,metadata shape mismatch,"metadata=(2560.0,2.0); H5=(600, 1, 1)"
RM_003_FEMTO.h5,20846,nonnumeric H5 record,object
RM_003_FEMTO.h5,20846,metadata shape mismatch,"metadata=(2560.0,2.0); H5=(600, 1, 1)"
RM_003_FEMTO.h5,20847,nonnumeric H5 record,object
RM_003_FEMTO.h5,20847,metadata shape mismatch,"metadata=(2560.0,2.0); H5=(600, 1, 1)"
RM_003_FEMTO.h5,20848,nonnumeric H5 record,object
RM_003_FEMTO.h5,20848,metadata shape mismatch,"metadata=(2560.0,2.0); H5=(600, 1, 1)"
RM_003_FEMTO.h5,20849,nonnumeric H5 record,object
RM_003_FEMTO.h5,20849,metadata shape mismatch,"metadata=(2560.0,2.0); H5=(600, 1, 1)"
RM_003_FEMTO.h5,20850,nonnumeric H5 record,object
RM_003_FEMTO.h5,20850,metadata shape mismatch,"metadata=(2560.0,2.0); H5=(600, 1, 1)"
RM_003_FEMTO.h5,20851,nonnumeric H5 record,object
RM_003_FEMTO.h5,20851,metadata shape mismatch,"metadata=(2560.0,2.0); H5=(600, 1, 1)"
RM_003_FEMTO.h5,20852,nonnumeric H5 record,object
RM_003_FEMTO.h5,20852,metadata shape mismatch,"metadata=(2560.0,2.0); H5=(600, 1, 1)"
RM_003_FEMTO.h5,20853,nonnumeric H5 record,object
RM_003_FEMTO.h5,20853,metadata shape mismatch,"metadata=(2560.0,2.0); H5=(600, 1, 1)"
RM_003_FEMTO.h5,20854,nonnumeric H5 record,object
RM_003_FEMTO.h5,20854,metadata shape mismatch,"metadata=(2560.0,2.0); H5=(600, 1, 1)"
RM_003_FEMTO.h5,20855,nonnumeric H5 record,object
RM_003_FEMTO.h5,20855,metadata shape mismatch,"metadata=(2560.0,2.0); H5=(600, 1, 1)"
RM_003_FEMTO.h5,20856,nonnumeric H5 record,object
RM_003_FEMTO.h5,20856,metadata shape mismatch,"metadata=(2560.0,2.0); H5=(600, 1, 1)"
RM_003_FEMTO.h5,20857,nonnumeric H5 record,object
RM_003_FEMTO.h5,20857,metadata shape mismatch,"metadata=(2560.0,2.0); H5=(600, 1, 1)"
RM_003_FEMTO.h5,20858,nonnumeric H5 record,object
RM_003_FEMTO.h5,20858,metadata shape mismatch,"metadata=(2560.0,2.0); H5=(600, 1, 1)"
RM_003_FEMTO.h5,20859,nonnumeric H5 record,object
RM_003_FEMTO.h5,20859,metadata shape mismatch,"metadata=(2560.0,2.0); H5=(600, 1, 1)"
RM_003_FEMTO.h5,20860,nonnumeric H5 record,object
RM_003_FEMTO.h5,20860,metadata shape mismatch,"metadata=(2560.0,2.0); H5=(600, 1, 1)"
RM_003_FEMTO.h5,20861,nonnumeric H5 record,object
RM_003_FEMTO.h5,20861,metadata shape mismatch,"metadata=(2560.0,2.0); H5=(600, 1, 1)"
RM_003_FEMTO.h5,20862,nonnumeric H5 record,object
RM_003_FEMTO.h5,20862,metadata shape mismatch,"metadata=(2560.0,2.0); H5=(600, 1, 1)"
RM_003_FEMTO.h5,20863,nonnumeric H5 record,object
RM_003_FEMTO.h5,20863,metadata shape mismatch,"metadata=(2560.0,2.0); H5=(600, 1, 1)"
RM_003_FEMTO.h5,20864,nonnumeric H5 record,object
RM_003_FEMTO.h5,20864,metadata shape mismatch,"metadata=(2560.0,2.0); H5=(600, 1, 1)"
RM_003_FEMTO.h5,20865,nonnumeric H5 record,object
RM_003_FEMTO.h5,20865,metadata shape mismatch,"metadata=(2560.0,2.0); H5=(600, 1, 1)"
RM_003_FEMTO.h5,20866,nonnumeric H5 record,object
RM_003_FEMTO.h5,20866,metadata shape mismatch,"metadata=(2560.0,2.0); H5=(600, 1, 1)"
RM_003_FEMTO.h5,20867,nonnumeric H5 record,object
RM_003_FEMTO.h5,20867,metadata shape mismatch,"metadata=(2560.0,2.0); H5=(600, 1, 1)"
RM_003_FEMTO.h5,20868,nonnumeric H5 record,object
RM_003_FEMTO.h5,20868,metadata shape mismatch,"metadata=(2560.0,2.0); H5=(600, 1, 1)"
RM_003_FEMTO.h5,20869,nonnumeric H5 record,object
RM_003_FEMTO.h5,20869,metadata shape mismatch,"metadata=(2560.0,2.0); H5=(600, 1, 1)"
RM_003_FEMTO.h5,20870,nonnumeric H5 record,object
RM_003_FEMTO.h5,20870,metadata shape mismatch,"metadata=(2560.0,2.0); H5=(600, 1, 1)"
RM_003_FEMTO.h5,20871,nonnumeric H5 record,object
RM_003_FEMTO.h5,20871,metadata shape mismatch,"metadata=(2560.0,2.0); H5=(600, 1, 1)"
RM_003_FEMTO.h5,20872,nonnumeric H5 record,object
RM_003_FEMTO.h5,20872,metadata shape mismatch,"metadata=(2560.0,2.0); H5=(600, 1, 1)"
RM_003_FEMTO.h5,20873,nonnumeric H5 record,object
RM_003_FEMTO.h5,20873,metadata shape mismatch,"metadata=(2560.0,2.0); H5=(600, 1, 1)"
RM_003_FEMTO.h5,20874,nonnumeric H5 record,object
RM_003_FEMTO.h5,20874,metadata shape mismatch,"metadata=(2560.0,2.0); H5=(600, 1, 1)"
RM_003_FEMTO.h5,20875,nonnumeric H5 record,object
RM_003_FEMTO.h5,20875,metadata shape mismatch,"metadata=(2560.0,2.0); H5=(600, 1, 1)"
RM_003_FEMTO.h5,20876,nonnumeric H5 record,object
RM_003_FEMTO.h5,20876,metadata shape mismatch,"metadata=(2560.0,2.0); H5=(600, 1, 1)"
RM_003_FEMTO.h5,20877,nonnumeric H5 record,object
RM_003_FEMTO.h5,20877,metadata shape mismatch,"metadata=(2560.0,2.0); H5=(600, 1, 1)"
RM_003_FEMTO.h5,20878,nonnumeric H5 record,object
RM_003_FEMTO.h5,20878,metadata shape mismatch,"metadata=(2560.0,2.0); H5=(600, 1, 1)"
RM_003_FEMTO.h5,20879,nonnumeric H5 record,object
RM_003_FEMTO.h5,20879,metadata shape mismatch,"metadata=(2560.0,2.0); H5=(600, 1, 1)"
RM_003_FEMTO.h5,20880,nonnumeric H5 record,object
RM_003_FEMTO.h5,20880,metadata shape mismatch,"metadata=(2560.0,2.0); H5=(600, 1, 1)"
RM_003_FEMTO.h5,20881,nonnumeric H5 record,object
RM_003_FEMTO.h5,20881,metadata shape mismatch,"metadata=(2560.0,2.0); H5=(600, 1, 1)"
RM_003_FEMTO.h5,20882,nonnumeric H5 record,object
RM_003_FEMTO.h5,20882,metadata shape mismatch,"metadata=(2560.0,2.0); H5=(600, 1, 1)"
RM_003_FEMTO.h5,20883,nonnumeric H5 record,object
RM_003_FEMTO.h5,20883,metadata shape mismatch,"metadata=(2560.0,2.0); H5=(600, 1, 1)"
RM_003_FEMTO.h5,20884,nonnumeric H5 record,object
RM_003_FEMTO.h5,20884,metadata shape mismatch,"metadata=(2560.0,2.0); H5=(600, 1, 1)"
RM_003_FEMTO.h5,20885,nonnumeric H5 record,object
RM_003_FEMTO.h5,20885,metadata shape mismatch,"metadata=(2560.0,2.0); H5=(600, 1, 1)"
RM_003_FEMTO.h5,20886,nonnumeric H5 record,object
RM_003_FEMTO.h5,20886,metadata shape mismatch,"metadata=(2560.0,2.0); H5=(600, 1, 1)"
RM_003_FEMTO.h5,20887,nonnumeric H5 record,object
RM_003_FEMTO.h5,20887,metadata shape mismatch,"metadata=(2560.0,2.0); H5=(600, 1, 1)"
RM_003_FEMTO.h5,20888,nonnumeric H5 record,object
RM_003_FEMTO.h5,20888,metadata shape mismatch,"metadata=(2560.0,2.0); H5=(600, 1, 1)"
RM_003_FEMTO.h5,20889,nonnumeric H5 record,object
RM_003_FEMTO.h5,20889,metadata shape mismatch,"metadata=(2560.0,2.0); H5=(600, 1, 1)"
RM_003_FEMTO.h5,20890,nonnumeric H5 record,object
RM_003_FEMTO.h5,20890,metadata shape mismatch,"metadata=(2560.0,2.0); H5=(600, 1, 1)"
RM_003_FEMTO.h5,20891,nonnumeric H5 record,object
RM_003_FEMTO.h5,20891,metadata shape mismatch,"metadata=(2560.0,2.0); H5=(600, 1, 1)"
RM_003_FEMTO.h5,20892,nonnumeric H5 record,object
RM_003_FEMTO.h5,20892,metadata shape mismatch,"metadata=(2560.0,2.0); H5=(600, 1, 1)"
RM_003_FEMTO.h5,20893,nonnumeric H5 record,object
RM_003_FEMTO.h5,20893,metadata shape mismatch,"metadata=(2560.0,2.0); H5=(600, 1, 1)"
RM_003_FEMTO.h5,20894,nonnumeric H5 record,object
RM_003_FEMTO.h5,20894,metadata shape mismatch,"metadata=(2560.0,2.0); H5=(600, 1, 1)"
RM_003_FEMTO.h5,20895,nonnumeric H5 record,object
RM_003_FEMTO.h5,20895,metadata shape mismatch,"metadata=(2560.0,2.0); H5=(600, 1, 1)"
RM_003_FEMTO.h5,20896,nonnumeric H5 record,object
RM_003_FEMTO.h5,20896,metadata shape mismatch,"metadata=(2560.0,2.0); H5=(600, 1, 1)"
RM_003_FEMTO.h5,20897,nonnumeric H5 record,object
RM_003_FEMTO.h5,20897,metadata shape mismatch,"metadata=(2560.0,2.0); H5=(600, 1, 1)"
RM_003_FEMTO.h5,20898,nonnumeric H5 record,object
RM_003_FEMTO.h5,20898,metadata shape mismatch,"metadata=(2560.0,2.0); H5=(600, 1, 1)"
RM_003_FEMTO.h5,20899,nonnumeric H5 record,object
RM_003_FEMTO.h5,20899,metadata shape mismatch,"metadata=(2560.0,2.0); H5=(600, 1, 1)"
RM_003_FEMTO.h5,20900,nonnumeric H5 record,object
RM_003_FEMTO.h5,20900,metadata shape mismatch,"metadata=(2560.0,2.0); H5=(600, 1, 1)"
RM_003_FEMTO.h5,20901,nonnumeric H5 record,object
RM_003_FEMTO.h5,20901,metadata shape mismatch,"metadata=(2560.0,2.0); H5=(600, 1, 1)"
RM_003_FEMTO.h5,20902,nonnumeric H5 record,object
RM_003_FEMTO.h5,20902,metadata shape mismatch,"metadata=(2560.0,2.0); H5=(600, 1, 1)"
RM_003_FEMTO.h5,20903,nonnumeric H5 record,object
RM_003_FEMTO.h5,20903,metadata shape mismatch,"metadata=(2560.0,2.0); H5=(600, 1, 1)"
RM_003_FEMTO.h5,20904,nonnumeric H5 record,object
RM_003_FEMTO.h5,20904,metadata shape mismatch,"metadata=(2560.0,2.0); H5=(600, 1, 1)"
RM_003_FEMTO.h5,20905,nonnumeric H5 record,object
RM_003_FEMTO.h5,20905,metadata shape mismatch,"metadata=(2560.0,2.0); H5=(600, 1, 1)"
RM_003_FEMTO.h5,20906,nonnumeric H5 record,object
RM_003_FEMTO.h5,20906,metadata shape mismatch,"metadata=(2560.0,2.0); H5=(600, 1, 1)"
RM_003_FEMTO.h5,20907,nonnumeric H5 record,object
RM_003_FEMTO.h5,20907,metadata shape mismatch,"metadata=(2560.0,2.0); H5=(600, 1, 1)"
RM_003_FEMTO.h5,20908,nonnumeric H5 record,object
RM_003_FEMTO.h5,20908,metadata shape mismatch,"metadata=(2560.0,2.0); H5=(600, 1, 1)"
RM_003_FEMTO.h5,20909,nonnumeric H5 record,object
RM_003_FEMTO.h5,20909,metadata shape mismatch,"metadata=(2560.0,2.0); H5=(600, 1, 1)"
RM_003_FEMTO.h5,20910,nonnumeric H5 record,object
RM_003_FEMTO.h5,20910,metadata shape mismatch,"metadata=(2560.0,2.0); H5=(600, 1, 1)"
RM_003_FEMTO.h5,20911,nonnumeric H5 record,object
RM_003_FEMTO.h5,20911,metadata shape mismatch,"metadata=(2560.0,2.0); H5=(600, 1, 1)"
RM_003_FEMTO.h5,20912,nonnumeric H5 record,object
RM_003_FEMTO.h5,20912,metadata shape mismatch,"metadata=(2560.0,2.0); H5=(600, 1, 1)"
RM_003_FEMTO.h5,20913,nonnumeric H5 record,object
RM_003_FEMTO.h5,20913,metadata shape mismatch,"metadata=(2560.0,2.0); H5=(600, 1, 1)"
RM_003_FEMTO.h5,20914,nonnumeric H5 record,object
RM_003_FEMTO.h5,20914,metadata shape mismatch,"metadata=(2560.0,2.0); H5=(600, 1, 1)"
RM_003_FEMTO.h5,20915,nonnumeric H5 record,object
RM_003_FEMTO.h5,20915,metadata shape mismatch,"metadata=(2560.0,2.0); H5=(600, 1, 1)"
RM_003_FEMTO.h5,20916,nonnumeric H5 record,object
RM_003_FEMTO.h5,20916,metadata shape mismatch,"metadata=(2560.0,2.0); H5=(600, 1, 1)"
RM_003_FEMTO.h5,20917,nonnumeric H5 record,object
RM_003_FEMTO.h5,20917,metadata shape mismatch,"metadata=(2560.0,2.0); H5=(600, 1, 1)"
RM_003_FEMTO.h5,20918,nonnumeric H5 record,object
RM_003_FEMTO.h5,20918,metadata shape mismatch,"metadata=(2560.0,2.0); H5=(600, 1, 1)"
RM_003_FEMTO.h5,20919,nonnumeric H5 record,object
RM_003_FEMTO.h5,20919,metadata shape mismatch,"metadata=(2560.0,2.0); H5=(600, 1, 1)"
RM_003_FEMTO.h5,20920,nonnumeric H5 record,object
RM_003_FEMTO.h5,20920,metadata shape mismatch,"metadata=(2560.0,2.0); H5=(600, 1, 1)"
RM_003_FEMTO.h5,20921,nonnumeric H5 record,object
RM_003_FEMTO.h5,20921,metadata shape mismatch,"metadata=(2560.0,2.0); H5=(600, 1, 1)"
RM_003_FEMTO.h5,20922,nonnumeric H5 record,object
RM_003_FEMTO.h5,20922,metadata shape mismatch,"metadata=(2560.0,2.0); H5=(600, 1, 1)"
RM_003_FEMTO.h5,20923,nonnumeric H5 record,object
RM_003_FEMTO.h5,20923,metadata shape mismatch,"metadata=(2560.0,2.0); H5=(600, 1, 1)"
RM_003_FEMTO.h5,20924,nonnumeric H5 record,object
RM_003_FEMTO.h5,20924,metadata shape mismatch,"metadata=(2560.0,2.0); H5=(600, 1, 1)"
RM_003_FEMTO.h5,20925,nonnumeric H5 record,object
RM_003_FEMTO.h5,20925,metadata shape mismatch,"metadata=(2560.0,2.0); H5=(600, 1, 1)"
RM_003_FEMTO.h5,20926,nonnumeric H5 record,object
RM_003_FEMTO.h5,20926,metadata shape mismatch,"metadata=(2560.0,2.0); H5=(600, 1, 1)"
RM_003_FEMTO.h5,20927,nonnumeric H5 record,object
RM_003_FEMTO.h5,20927,metadata shape mismatch,"metadata=(2560.0,2.0); H5=(600, 1, 1)"
RM_003_FEMTO.h5,20928,nonnumeric H5 record,object
RM_003_FEMTO.h5,20928,metadata shape mismatch,"metadata=(2560.0,2.0); H5=(600, 1, 1)"
RM_003_FEMTO.h5,20929,nonnumeric H5 record,object
RM_003_FEMTO.h5,20929,metadata shape mismatch,"metadata=(2560.0,2.0); H5=(600, 1, 1)"
RM_003_FEMTO.h5,20930,nonnumeric H5 record,object
RM_003_FEMTO.h5,20930,metadata shape mismatch,"metadata=(2560.0,2.0); H5=(600, 1, 1)"
RM_003_FEMTO.h5,20931,nonnumeric H5 record,object
RM_003_FEMTO.h5,20931,metadata shape mismatch,"metadata=(2560.0,2.0); H5=(600, 1, 1)"
RM_003_FEMTO.h5,20932,nonnumeric H5 record,object
RM_003_FEMTO.h5,20932,metadata shape mismatch,"metadata=(2560.0,2.0); H5=(600, 1, 1)"
RM_003_FEMTO.h5,20933,nonnumeric H5 record,object
RM_003_FEMTO.h5,20933,metadata shape mismatch,"metadata=(2560.0,2.0); H5=(600, 1, 1)"
RM_003_FEMTO.h5,20934,nonnumeric H5 record,object
RM_003_FEMTO.h5,20934,metadata shape mismatch,"metadata=(2560.0,2.0); H5=(600, 1, 1)"
RM_003_FEMTO.h5,20935,nonnumeric H5 record,object
RM_003_FEMTO.h5,20935,metadata shape mismatch,"metadata=(2560.0,2.0); H5=(600, 1, 1)"
RM_003_FEMTO.h5,20936,nonnumeric H5 record,object
RM_003_FEMTO.h5,20936,metadata shape mismatch,"metadata=(2560.0,2.0); H5=(600, 1, 1)"
RM_003_FEMTO.h5,20937,nonnumeric H5 record,object
RM_003_FEMTO.h5,20937,metadata shape mismatch,"metadata=(2560.0,2.0); H5=(600, 1, 1)"
RM_003_FEMTO.h5,20938,nonnumeric H5 record,object
RM_003_FEMTO.h5,20938,metadata shape mismatch,"metadata=(2560.0,2.0); H5=(600, 1, 1)"
RM_003_FEMTO.h5,20939,nonnumeric H5 record,object
RM_003_FEMTO.h5,20939,metadata shape mismatch,"metadata=(2560.0,2.0); H5=(600, 1, 1)"
RM_003_FEMTO.h5,20940,nonnumeric H5 record,object
RM_003_FEMTO.h5,20940,metadata shape mismatch,"metadata=(2560.0,2.0); H5=(600, 1, 1)"
RM_003_FEMTO.h5,20941,nonnumeric H5 record,object
RM_003_FEMTO.h5,20941,metadata shape mismatch,"metadata=(2560.0,2.0); H5=(600, 1, 1)"
RM_003_FEMTO.h5,20942,nonnumeric H5 record,object
RM_003_FEMTO.h5,20942,metadata shape mismatch,"metadata=(2560.0,2.0); H5=(600, 1, 1)"
RM_003_FEMTO.h5,20943,nonnumeric H5 record,object
RM_003_FEMTO.h5,20943,metadata shape mismatch,"metadata=(2560.0,2.0); H5=(600, 1, 1)"
RM_003_FEMTO.h5,20944,nonnumeric H5 record,object
RM_003_FEMTO.h5,20944,metadata shape mismatch,"metadata=(2560.0,2.0); H5=(600, 1, 1)"
RM_003_FEMTO.h5,20945,nonnumeric H5 record,object
RM_003_FEMTO.h5,20945,metadata shape mismatch,"metadata=(2560.0,2.0); H5=(600, 1, 1)"
RM_003_FEMTO.h5,20946,nonnumeric H5 record,object
RM_003_FEMTO.h5,20946,metadata shape mismatch,"metadata=(2560.0,2.0); H5=(600, 1, 1)"
RM_003_FEMTO.h5,20947,nonnumeric H5 record,object
RM_003_FEMTO.h5,20947,metadata shape mismatch,"metadata=(2560.0,2.0); H5=(600, 1, 1)"
RM_003_FEMTO.h5,20948,nonnumeric H5 record,object
RM_003_FEMTO.h5,20948,metadata shape mismatch,"metadata=(2560.0,2.0); H5=(600, 1, 1)"
RM_003_FEMTO.h5,20949,nonnumeric H5 record,object
RM_003_FEMTO.h5,20949,metadata shape mismatch,"metadata=(2560.0,2.0); H5=(600, 1, 1)"
RM_003_FEMTO.h5,20950,nonnumeric H5 record,object
RM_003_FEMTO.h5,20950,metadata shape mismatch,"metadata=(2560.0,2.0); H5=(600, 1, 1)"
RM_003_FEMTO.h5,20951,nonnumeric H5 record,object
RM_003_FEMTO.h5,20951,metadata shape mismatch,"metadata=(2560.0,2.0); H5=(600, 1, 1)"
RM_003_FEMTO.h5,20952,nonnumeric H5 record,object
RM_003_FEMTO.h5,20952,metadata shape mismatch,"metadata=(2560.0,2.0); H5=(600, 1, 1)"
RM_003_FEMTO.h5,20953,nonnumeric H5 record,object
RM_003_FEMTO.h5,20953,metadata shape mismatch,"metadata=(2560.0,2.0); H5=(600, 1, 1)"
RM_003_FEMTO.h5,20954,nonnumeric H5 record,object
RM_003_FEMTO.h5,20954,metadata shape mismatch,"metadata=(2560.0,2.0); H5=(600, 1, 1)"
RM_003_FEMTO.h5,20955,nonnumeric H5 record,object
RM_003_FEMTO.h5,20955,metadata shape mismatch,"metadata=(2560.0,2.0); H5=(600, 1, 1)"
RM_003_FEMTO.h5,20956,nonnumeric H5 record,object
RM_003_FEMTO.h5,20956,metadata shape mismatch,"metadata=(2560.0,2.0); H5=(600, 1, 1)"
RM_003_FEMTO.h5,20957,nonnumeric H5 record,object
RM_003_FEMTO.h5,20957,metadata shape mismatch,"metadata=(2560.0,2.0); H5=(600, 1, 1)"
RM_003_FEMTO.h5,20958,nonnumeric H5 record,object
RM_003_FEMTO.h5,20958,metadata shape mismatch,"metadata=(2560.0,2.0); H5=(600, 1, 1)"
RM_003_FEMTO.h5,20959,nonnumeric H5 record,object
RM_003_FEMTO.h5,20959,metadata shape mismatch,"metadata=(2560.0,2.0); H5=(600, 1, 1)"
RM_003_FEMTO.h5,20960,nonnumeric H5 record,object
RM_003_FEMTO.h5,20960,metadata shape mismatch,"metadata=(2560.0,2.0); H5=(600, 1, 1)"
RM_003_FEMTO.h5,20961,nonnumeric H5 record,object
RM_003_FEMTO.h5,20961,metadata shape mismatch,"metadata=(2560.0,2.0); H5=(600, 1, 1)"
RM_003_FEMTO.h5,20962,nonnumeric H5 record,object
RM_003_FEMTO.h5,20962,metadata shape mismatch,"metadata=(2560.0,2.0); H5=(600, 1, 1)"
RM_003_FEMTO.h5,20963,nonnumeric H5 record,object
RM_003_FEMTO.h5,20963,metadata shape mismatch,"metadata=(2560.0,2.0); H5=(600, 1, 1)"
RM_003_FEMTO.h5,20964,nonnumeric H5 record,object
RM_003_FEMTO.h5,20964,metadata shape mismatch,"metadata=(2560.0,2.0); H5=(600, 1, 1)"
RM_003_FEMTO.h5,20965,nonnumeric H5 record,object
RM_003_FEMTO.h5,20965,metadata shape mismatch,"metadata=(2560.0,2.0); H5=(600, 1, 1)"
RM_003_FEMTO.h5,20966,nonnumeric H5 record,object
RM_003_FEMTO.h5,20966,metadata shape mismatch,"metadata=(2560.0,2.0); H5=(600, 1, 1)"
RM_003_FEMTO.h5,20967,nonnumeric H5 record,object
RM_003_FEMTO.h5,20967,metadata shape mismatch,"metadata=(2560.0,2.0); H5=(600, 1, 1)"
RM_003_FEMTO.h5,20968,nonnumeric H5 record,object
RM_003_FEMTO.h5,20968,metadata shape mismatch,"metadata=(2560.0,2.0); H5=(600, 1, 1)"
RM_003_FEMTO.h5,20969,nonnumeric H5 record,object
RM_003_FEMTO.h5,20969,metadata shape mismatch,"metadata=(2560.0,2.0); H5=(600, 1, 1)"
RM_003_FEMTO.h5,20970,nonnumeric H5 record,object
RM_003_FEMTO.h5,20970,metadata shape mismatch,"metadata=(2560.0,2.0); H5=(600, 1, 1)"
RM_003_FEMTO.h5,20971,nonnumeric H5 record,object
RM_003_FEMTO.h5,20971,metadata shape mismatch,"metadata=(2560.0,2.0); H5=(600, 1, 1)"
RM_003_FEMTO.h5,20972,nonnumeric H5 record,object
RM_003_FEMTO.h5,20972,metadata shape mismatch,"metadata=(2560.0,2.0); H5=(600, 1, 1)"
RM_003_FEMTO.h5,20973,nonnumeric H5 record,object
RM_003_FEMTO.h5,20973,metadata shape mismatch,"metadata=(2560.0,2.0); H5=(600, 1, 1)"
RM_003_FEMTO.h5,20974,nonnumeric H5 record,object
RM_003_FEMTO.h5,20974,metadata shape mismatch,"metadata=(2560.0,2.0); H5=(600, 1, 1)"
RM_003_FEMTO.h5,20975,nonnumeric H5 record,object
RM_003_FEMTO.h5,20975,metadata shape mismatch,"metadata=(2560.0,2.0); H5=(600, 1, 1)"
RM_003_FEMTO.h5,20976,nonnumeric H5 record,object
RM_003_FEMTO.h5,20976,metadata shape mismatch,"metadata=(2560.0,2.0); H5=(600, 1, 1)"
RM_003_FEMTO.h5,20977,nonnumeric H5 record,object
RM_003_FEMTO.h5,20977,metadata shape mismatch,"metadata=(2560.0,2.0); H5=(600, 1, 1)"
RM_003_FEMTO.h5,20978,nonnumeric H5 record,object
RM_003_FEMTO.h5,20978,metadata shape mismatch,"metadata=(2560.0,2.0); H5=(600, 1, 1)"
RM_003_FEMTO.h5,20979,nonnumeric H5 record,object
RM_003_FEMTO.h5,20979,metadata shape mismatch,"metadata=(2560.0,2.0); H5=(600, 1, 1)"
RM_003_FEMTO.h5,20980,nonnumeric H5 record,object
RM_003_FEMTO.h5,20980,metadata shape mismatch,"metadata=(2560.0,2.0); H5=(600, 1, 1)"
RM_003_FEMTO.h5,20981,nonnumeric H5 record,object
RM_003_FEMTO.h5,20981,metadata shape mismatch,"metadata=(2560.0,2.0); H5=(600, 1, 1)"
RM_003_FEMTO.h5,20982,nonnumeric H5 record,object
RM_003_FEMTO.h5,20982,metadata shape mismatch,"metadata=(2560.0,2.0); H5=(600, 1, 1)"
RM_003_FEMTO.h5,20983,nonnumeric H5 record,object
RM_003_FEMTO.h5,20983,metadata shape mismatch,"metadata=(2560.0,2.0); H5=(600, 1, 1)"
RM_003_FEMTO.h5,20984,nonnumeric H5 record,object
RM_003_FEMTO.h5,20984,metadata shape mismatch,"metadata=(2560.0,2.0); H5=(600, 1, 1)"
RM_003_FEMTO.h5,20985,nonnumeric H5 record,object
RM_003_FEMTO.h5,20985,metadata shape mismatch,"metadata=(2560.0,2.0); H5=(600, 1, 1)"
RM_003_FEMTO.h5,20986,nonnumeric H5 record,object
RM_003_FEMTO.h5,20986,metadata shape mismatch,"metadata=(2560.0,2.0); H5=(600, 1, 1)"
RM_003_FEMTO.h5,20987,nonnumeric H5 record,object
RM_003_FEMTO.h5,20987,metadata shape mismatch,"metadata=(2560.0,2.0); H5=(600, 1, 1)"
RM_003_FEMTO.h5,20988,nonnumeric H5 record,object
RM_003_FEMTO.h5,20988,metadata shape mismatch,"metadata=(2560.0,2.0); H5=(600, 1, 1)"
RM_003_FEMTO.h5,20989,nonnumeric H5 record,object
RM_003_FEMTO.h5,20989,metadata shape mismatch,"metadata=(2560.0,2.0); H5=(600, 1, 1)"
RM_003_FEMTO.h5,20990,nonnumeric H5 record,object
RM_003_FEMTO.h5,20990,metadata shape mismatch,"metadata=(2560.0,2.0); H5=(600, 1, 1)"
RM_003_FEMTO.h5,20991,nonnumeric H5 record,object
RM_003_FEMTO.h5,20991,metadata shape mismatch,"metadata=(2560.0,2.0); H5=(600, 1, 1)"
RM_003_FEMTO.h5,20992,nonnumeric H5 record,object
RM_003_FEMTO.h5,20992,metadata shape mismatch,"metadata=(2560.0,2.0); H5=(600, 1, 1)"
RM_003_FEMTO.h5,20993,nonnumeric H5 record,object
RM_003_FEMTO.h5,20993,metadata shape mismatch,"metadata=(2560.0,2.0); H5=(600, 1, 1)"
RM_003_FEMTO.h5,20994,nonnumeric H5 record,object
RM_003_FEMTO.h5,20994,metadata shape mismatch,"metadata=(2560.0,2.0); H5=(600, 1, 1)"
RM_003_FEMTO.h5,20995,nonnumeric H5 record,object
RM_003_FEMTO.h5,20995,metadata shape mismatch,"metadata=(2560.0,2.0); H5=(600, 1, 1)"
RM_003_FEMTO.h5,20996,nonnumeric H5 record,object
RM_003_FEMTO.h5,20996,metadata shape mismatch,"metadata=(2560.0,2.0); H5=(600, 1, 1)"
RM_003_FEMTO.h5,20997,nonnumeric H5 record,object
RM_003_FEMTO.h5,20997,metadata shape mismatch,"metadata=(2560.0,2.0); H5=(600, 1, 1)"
RM_003_FEMTO.h5,20998,nonnumeric H5 record,object
RM_003_FEMTO.h5,20998,metadata shape mismatch,"metadata=(2560.0,2.0); H5=(600, 1, 1)"
RM_003_FEMTO.h5,20999,nonnumeric H5 record,object
RM_003_FEMTO.h5,20999,metadata shape mismatch,"metadata=(2560.0,2.0); H5=(600, 1, 1)"
RM_003_FEMTO.h5,21000,nonnumeric H5 record,object
RM_003_FEMTO.h5,21000,metadata shape mismatch,"metadata=(2560.0,2.0); H5=(600, 1, 1)"
RM_003_FEMTO.h5,21001,nonnumeric H5 record,object
RM_003_FEMTO.h5,21001,metadata shape mismatch,"metadata=(2560.0,2.0); H5=(600, 1, 1)"
RM_003_FEMTO.h5,21002,nonnumeric H5 record,object
RM_003_FEMTO.h5,21002,metadata shape mismatch,"metadata=(2560.0,2.0); H5=(600, 1, 1)"
RM_003_FEMTO.h5,21003,nonnumeric H5 record,object
RM_003_FEMTO.h5,21003,metadata shape mismatch,"metadata=(2560.0,2.0); H5=(600, 1, 1)"
RM_003_FEMTO.h5,21004,nonnumeric H5 record,object
RM_003_FEMTO.h5,21004,metadata shape mismatch,"metadata=(2560.0,2.0); H5=(600, 1, 1)"
RM_003_FEMTO.h5,21005,nonnumeric H5 record,object
RM_003_FEMTO.h5,21005,metadata shape mismatch,"metadata=(2560.0,2.0); H5=(600, 1, 1)"
RM_003_FEMTO.h5,21006,nonnumeric H5 record,object
RM_003_FEMTO.h5,21006,metadata shape mismatch,"metadata=(2560.0,2.0); H5=(600, 1, 1)"
RM_003_FEMTO.h5,21007,nonnumeric H5 record,object
RM_003_FEMTO.h5,21007,metadata shape mismatch,"metadata=(2560.0,2.0); H5=(600, 1, 1)"
RM_003_FEMTO.h5,21008,nonnumeric H5 record,object
RM_003_FEMTO.h5,21008,metadata shape mismatch,"metadata=(2560.0,2.0); H5=(600, 1, 1)"
RM_003_FEMTO.h5,21009,nonnumeric H5 record,object
RM_003_FEMTO.h5,21009,metadata shape mismatch,"metadata=(2560.0,2.0); H5=(600, 1, 1)"
RM_003_FEMTO.h5,21010,nonnumeric H5 record,object
RM_003_FEMTO.h5,21010,metadata shape mismatch,"metadata=(2560.0,2.0); H5=(600, 1, 1)"
RM_003_FEMTO.h5,21011,nonnumeric H5 record,object
RM_003_FEMTO.h5,21011,metadata shape mismatch,"metadata=(2560.0,2.0); H5=(600, 1, 1)"
RM_003_FEMTO.h5,21012,nonnumeric H5 record,object
RM_003_FEMTO.h5,21012,metadata shape mismatch,"metadata=(2560.0,2.0); H5=(600, 1, 1)"
RM_003_FEMTO.h5,21013,nonnumeric H5 record,object
RM_003_FEMTO.h5,21013,metadata shape mismatch,"metadata=(2560.0,2.0); H5=(600, 1, 1)"
RM_003_FEMTO.h5,21014,nonnumeric H5 record,object
RM_003_FEMTO.h5,21014,metadata shape mismatch,"metadata=(2560.0,2.0); H5=(600, 1, 1)"
RM_003_FEMTO.h5,21015,nonnumeric H5 record,object
RM_003_FEMTO.h5,21015,metadata shape mismatch,"metadata=(2560.0,2.0); H5=(600, 1, 1)"
RM_003_FEMTO.h5,21016,nonnumeric H5 record,object
RM_003_FEMTO.h5,21016,metadata shape mismatch,"metadata=(2560.0,2.0); H5=(600, 1, 1)"
RM_003_FEMTO.h5,21017,nonnumeric H5 record,object
RM_003_FEMTO.h5,21017,metadata shape mismatch,"metadata=(2560.0,2.0); H5=(600, 1, 1)"
RM_003_FEMTO.h5,21018,nonnumeric H5 record,object
RM_003_FEMTO.h5,21018,metadata shape mismatch,"metadata=(2560.0,2.0); H5=(600, 1, 1)"
RM_003_FEMTO.h5,21019,nonnumeric H5 record,object
RM_003_FEMTO.h5,21019,metadata shape mismatch,"metadata=(2560.0,2.0); H5=(600, 1, 1)"
RM_003_FEMTO.h5,21020,nonnumeric H5 record,object
RM_003_FEMTO.h5,21020,metadata shape mismatch,"metadata=(2560.0,2.0); H5=(600, 1, 1)"
RM_003_FEMTO.h5,21021,nonnumeric H5 record,object
RM_003_FEMTO.h5,21021,metadata shape mismatch,"metadata=(2560.0,2.0); H5=(600, 1, 1)"
RM_003_FEMTO.h5,21022,nonnumeric H5 record,object
RM_003_FEMTO.h5,21022,metadata shape mismatch,"metadata=(2560.0,2.0); H5=(600, 1, 1)"
RM_003_FEMTO.h5,21023,nonnumeric H5 record,object
RM_003_FEMTO.h5,21023,metadata shape mismatch,"metadata=(2560.0,2.0); H5=(600, 1, 1)"
RM_003_FEMTO.h5,21024,nonnumeric H5 record,object
RM_003_FEMTO.h5,21024,metadata shape mismatch,"metadata=(2560.0,2.0); H5=(600, 1, 1)"
RM_003_FEMTO.h5,21025,nonnumeric H5 record,object
RM_003_FEMTO.h5,21025,metadata shape mismatch,"metadata=(2560.0,2.0); H5=(600, 1, 1)"
RM_003_FEMTO.h5,21026,nonnumeric H5 record,object
RM_003_FEMTO.h5,21026,metadata shape mismatch,"metadata=(2560.0,2.0); H5=(600, 1, 1)"
RM_003_FEMTO.h5,21027,nonnumeric H5 record,object
RM_003_FEMTO.h5,21027,metadata shape mismatch,"metadata=(2560.0,2.0); H5=(600, 1, 1)"
RM_003_FEMTO.h5,21028,nonnumeric H5 record,object
RM_003_FEMTO.h5,21028,metadata shape mismatch,"metadata=(2560.0,2.0); H5=(600, 1, 1)"
RM_003_FEMTO.h5,21029,nonnumeric H5 record,object
RM_003_FEMTO.h5,21029,metadata shape mismatch,"metadata=(2560.0,2.0); H5=(600, 1, 1)"
RM_003_FEMTO.h5,21030,nonnumeric H5 record,object
RM_003_FEMTO.h5,21030,metadata shape mismatch,"metadata=(2560.0,2.0); H5=(600, 1, 1)"
RM_003_FEMTO.h5,21031,nonnumeric H5 record,object
RM_003_FEMTO.h5,21031,metadata shape mismatch,"metadata=(2560.0,2.0); H5=(600, 1, 1)"
RM_003_FEMTO.h5,21032,nonnumeric H5 record,object
RM_003_FEMTO.h5,21032,metadata shape mismatch,"metadata=(2560.0,2.0); H5=(600, 1, 1)"
RM_003_FEMTO.h5,21033,nonnumeric H5 record,object
RM_003_FEMTO.h5,21033,metadata shape mismatch,"metadata=(2560.0,2.0); H5=(600, 1, 1)"
RM_003_FEMTO.h5,21034,nonnumeric H5 record,object
RM_003_FEMTO.h5,21034,metadata shape mismatch,"metadata=(2560.0,2.0); H5=(600, 1, 1)"
RM_003_FEMTO.h5,21035,nonnumeric H5 record,object
RM_003_FEMTO.h5,21035,metadata shape mismatch,"metadata=(2560.0,2.0); H5=(600, 1, 1)"
RM_003_FEMTO.h5,21036,nonnumeric H5 record,object
RM_003_FEMTO.h5,21036,metadata shape mismatch,"metadata=(2560.0,2.0); H5=(600, 1, 1)"
RM_003_FEMTO.h5,21037,nonnumeric H5 record,object
RM_003_FEMTO.h5,21037,metadata shape mismatch,"metadata=(2560.0,2.0); H5=(600, 1, 1)"
RM_003_FEMTO.h5,21038,nonnumeric H5 record,object
RM_003_FEMTO.h5,21038,metadata shape mismatch,"metadata=(2560.0,2.0); H5=(600, 1, 1)"
RM_003_FEMTO.h5,21039,nonnumeric H5 record,object
RM_003_FEMTO.h5,21039,metadata shape mismatch,"metadata=(2560.0,2.0); H5=(600, 1, 1)"
RM_003_FEMTO.h5,21040,nonnumeric H5 record,object
RM_003_FEMTO.h5,21040,metadata shape mismatch,"metadata=(2560.0,2.0); H5=(600, 1, 1)"
RM_003_FEMTO.h5,21041,nonnumeric H5 record,object
RM_003_FEMTO.h5,21041,metadata shape mismatch,"metadata=(2560.0,2.0); H5=(600, 1, 1)"
RM_003_FEMTO.h5,21042,nonnumeric H5 record,object
RM_003_FEMTO.h5,21042,metadata shape mismatch,"metadata=(2560.0,2.0); H5=(27, 1, 1)"
RM_003_FEMTO.h5,23506,zero-sized H5 record,"(600, 0, 1)"
RM_003_FEMTO.h5,23506,metadata shape mismatch,"metadata=(2560.0,2.0); H5=(600, 0, 1)"
RM_003_FEMTO.h5,23507,zero-sized H5 record,"(600, 0, 1)"
RM_003_FEMTO.h5,23507,metadata shape mismatch,"metadata=(2560.0,2.0); H5=(600, 0, 1)"
RM_003_FEMTO.h5,23508,zero-sized H5 record,"(600, 0, 1)"
RM_003_FEMTO.h5,23508,metadata shape mismatch,"metadata=(2560.0,2.0); H5=(600, 0, 1)"
RM_003_FEMTO.h5,23509,zero-sized H5 record,"(600, 0, 1)"
RM_003_FEMTO.h5,23509,metadata shape mismatch,"metadata=(2560.0,2.0); H5=(600, 0, 1)"
RM_003_FEMTO.h5,23510,zero-sized H5 record,"(600, 0, 1)"
RM_003_FEMTO.h5,23510,metadata shape mismatch,"metadata=(2560.0,2.0); H5=(600, 0, 1)"
RM_003_FEMTO.h5,23511,zero-sized H5 record,"(600, 0, 1)"
RM_003_FEMTO.h5,23511,metadata shape mismatch,"metadata=(2560.0,2.0); H5=(600, 0, 1)"
RM_003_FEMTO.h5,23512,zero-sized H5 record,"(600, 0, 1)"
RM_003_FEMTO.h5,23512,metadata shape mismatch,"metadata=(2560.0,2.0); H5=(600, 0, 1)"
RM_003_FEMTO.h5,23513,zero-sized H5 record,"(600, 0, 1)"
RM_003_FEMTO.h5,23513,metadata shape mismatch,"metadata=(2560.0,2.0); H5=(600, 0, 1)"
RM_003_FEMTO.h5,23514,zero-sized H5 record,"(600, 0, 1)"
RM_003_FEMTO.h5,23514,metadata shape mismatch,"metadata=(2560.0,2.0); H5=(600, 0, 1)"
RM_003_FEMTO.h5,23515,zero-sized H5 record,"(600, 0, 1)"
RM_003_FEMTO.h5,23515,metadata shape mismatch,"metadata=(2560.0,2.0); H5=(600, 0, 1)"
RM_003_FEMTO.h5,23516,zero-sized H5 record,"(600, 0, 1)"
RM_003_FEMTO.h5,23516,metadata shape mismatch,"metadata=(2560.0,2.0); H5=(600, 0, 1)"
RM_003_FEMTO.h5,23517,zero-sized H5 record,"(600, 0, 1)"
RM_003_FEMTO.h5,23517,metadata shape mismatch,"metadata=(2560.0,2.0); H5=(600, 0, 1)"
RM_003_FEMTO.h5,23518,zero-sized H5 record,"(600, 0, 1)"
RM_003_FEMTO.h5,23518,metadata shape mismatch,"metadata=(2560.0,2.0); H5=(600, 0, 1)"
RM_003_FEMTO.h5,23519,zero-sized H5 record,"(600, 0, 1)"
RM_003_FEMTO.h5,23519,metadata shape mismatch,"metadata=(2560.0,2.0); H5=(600, 0, 1)"
RM_003_FEMTO.h5,23520,zero-sized H5 record,"(600, 0, 1)"
RM_003_FEMTO.h5,23520,metadata shape mismatch,"metadata=(2560.0,2.0); H5=(600, 0, 1)"
RM_003_FEMTO.h5,23521,zero-sized H5 record,"(600, 0, 1)"
RM_003_FEMTO.h5,23521,metadata shape mismatch,"metadata=(2560.0,2.0); H5=(600, 0, 1)"
RM_003_FEMTO.h5,23522,zero-sized H5 record,"(600, 0, 1)"
RM_003_FEMTO.h5,23522,metadata shape mismatch,"metadata=(2560.0,2.0); H5=(600, 0, 1)"
RM_003_FEMTO.h5,23523,zero-sized H5 record,"(600, 0, 1)"
RM_003_FEMTO.h5,23523,metadata shape mismatch,"metadata=(2560.0,2.0); H5=(600, 0, 1)"
RM_003_FEMTO.h5,23524,zero-sized H5 record,"(600, 0, 1)"
RM_003_FEMTO.h5,23524,metadata shape mismatch,"metadata=(2560.0,2.0); H5=(600, 0, 1)"
RM_003_FEMTO.h5,23525,zero-sized H5 record,"(600, 0, 1)"
RM_003_FEMTO.h5,23525,metadata shape mismatch,"metadata=(2560.0,2.0); H5=(600, 0, 1)"
RM_003_FEMTO.h5,23526,zero-sized H5 record,"(600, 0, 1)"
RM_003_FEMTO.h5,23526,metadata shape mismatch,"metadata=(2560.0,2.0); H5=(600, 0, 1)"
RM_003_FEMTO.h5,23527,zero-sized H5 record,"(600, 0, 1)"
RM_003_FEMTO.h5,23527,metadata shape mismatch,"metadata=(2560.0,2.0); H5=(600, 0, 1)"
RM_003_FEMTO.h5,23528,zero-sized H5 record,"(600, 0, 1)"
RM_003_FEMTO.h5,23528,metadata shape mismatch,"metadata=(2560.0,2.0); H5=(600, 0, 1)"
RM_003_FEMTO.h5,23529,zero-sized H5 record,"(600, 0, 1)"
RM_003_FEMTO.h5,23529,metadata shape mismatch,"metadata=(2560.0,2.0); H5=(600, 0, 1)"
RM_003_FEMTO.h5,23530,zero-sized H5 record,"(600, 0, 1)"
RM_003_FEMTO.h5,23530,metadata shape mismatch,"metadata=(2560.0,2.0); H5=(600, 0, 1)"
RM_003_FEMTO.h5,23531,zero-sized H5 record,"(600, 0, 1)"
RM_003_FEMTO.h5,23531,metadata shape mismatch,"metadata=(2560.0,2.0); H5=(600, 0, 1)"
RM_003_FEMTO.h5,23532,zero-sized H5 record,"(600, 0, 1)"
RM_003_FEMTO.h5,23532,metadata shape mismatch,"metadata=(2560.0,2.0); H5=(600, 0, 1)"
RM_003_FEMTO.h5,23533,zero-sized H5 record,"(600, 0, 1)"
RM_003_FEMTO.h5,23533,metadata shape mismatch,"metadata=(2560.0,2.0); H5=(600, 0, 1)"
RM_003_FEMTO.h5,23534,zero-sized H5 record,"(600, 0, 1)"
RM_003_FEMTO.h5,23534,metadata shape mismatch,"metadata=(2560.0,2.0); H5=(600, 0, 1)"
RM_003_FEMTO.h5,23535,zero-sized H5 record,"(600, 0, 1)"
RM_003_FEMTO.h5,23535,metadata shape mismatch,"metadata=(2560.0,2.0); H5=(600, 0, 1)"
RM_003_FEMTO.h5,23536,zero-sized H5 record,"(600, 0, 1)"
RM_003_FEMTO.h5,23536,metadata shape mismatch,"metadata=(2560.0,2.0); H5=(600, 0, 1)"
RM_003_FEMTO.h5,23537,zero-sized H5 record,"(600, 0, 1)"
RM_003_FEMTO.h5,23537,metadata shape mismatch,"metadata=(2560.0,2.0); H5=(600, 0, 1)"
RM_003_FEMTO.h5,23538,zero-sized H5 record,"(600, 0, 1)"
RM_003_FEMTO.h5,23538,metadata shape mismatch,"metadata=(2560.0,2.0); H5=(600, 0, 1)"
RM_003_FEMTO.h5,23539,zero-sized H5 record,"(600, 0, 1)"
RM_003_FEMTO.h5,23539,metadata shape mismatch,"metadata=(2560.0,2.0); H5=(600, 0, 1)"
RM_003_FEMTO.h5,23540,zero-sized H5 record,"(600, 0, 1)"
RM_003_FEMTO.h5,23540,metadata shape mismatch,"metadata=(2560.0,2.0); H5=(600, 0, 1)"
RM_003_FEMTO.h5,23541,zero-sized H5 record,"(600, 0, 1)"
RM_003_FEMTO.h5,23541,metadata shape mismatch,"metadata=(2560.0,2.0); H5=(600, 0, 1)"
RM_003_FEMTO.h5,23542,zero-sized H5 record,"(600, 0, 1)"
RM_003_FEMTO.h5,23542,metadata shape mismatch,"metadata=(2560.0,2.0); H5=(600, 0, 1)"
RM_003_FEMTO.h5,23543,zero-sized H5 record,"(600, 0, 1)"
RM_003_FEMTO.h5,23543,metadata shape mismatch,"metadata=(2560.0,2.0); H5=(600, 0, 1)"
RM_003_FEMTO.h5,23544,zero-sized H5 record,"(600, 0, 1)"
RM_003_FEMTO.h5,23544,metadata shape mismatch,"metadata=(2560.0,2.0); H5=(600, 0, 1)"
RM_003_FEMTO.h5,23545,zero-sized H5 record,"(600, 0, 1)"
RM_003_FEMTO.h5,23545,metadata shape mismatch,"metadata=(2560.0,2.0); H5=(600, 0, 1)"
RM_003_FEMTO.h5,23546,zero-sized H5 record,"(600, 0, 1)"
RM_003_FEMTO.h5,23546,metadata shape mismatch,"metadata=(2560.0,2.0); H5=(600, 0, 1)"
RM_003_FEMTO.h5,23547,zero-sized H5 record,"(600, 0, 1)"
RM_003_FEMTO.h5,23547,metadata shape mismatch,"metadata=(2560.0,2.0); H5=(600, 0, 1)"
RM_003_FEMTO.h5,23548,zero-sized H5 record,"(600, 0, 1)"
RM_003_FEMTO.h5,23548,metadata shape mismatch,"metadata=(2560.0,2.0); H5=(600, 0, 1)"
RM_003_FEMTO.h5,23549,zero-sized H5 record,"(600, 0, 1)"
RM_003_FEMTO.h5,23549,metadata shape mismatch,"metadata=(2560.0,2.0); H5=(600, 0, 1)"
RM_003_FEMTO.h5,23550,zero-sized H5 record,"(600, 0, 1)"
RM_003_FEMTO.h5,23550,metadata shape mismatch,"metadata=(2560.0,2.0); H5=(600, 0, 1)"
RM_003_FEMTO.h5,23551,zero-sized H5 record,"(600, 0, 1)"
RM_003_FEMTO.h5,23551,metadata shape mismatch,"metadata=(2560.0,2.0); H5=(600, 0, 1)"
RM_003_FEMTO.h5,23552,zero-sized H5 record,"(600, 0, 1)"
RM_003_FEMTO.h5,23552,metadata shape mismatch,"metadata=(2560.0,2.0); H5=(600, 0, 1)"
RM_003_FEMTO.h5,23553,zero-sized H5 record,"(600, 0, 1)"
RM_003_FEMTO.h5,23553,metadata shape mismatch,"metadata=(2560.0,2.0); H5=(600, 0, 1)"
RM_003_FEMTO.h5,23554,zero-sized H5 record,"(600, 0, 1)"
RM_003_FEMTO.h5,23554,metadata shape mismatch,"metadata=(2560.0,2.0); H5=(600, 0, 1)"
RM_003_FEMTO.h5,23555,zero-sized H5 record,"(600, 0, 1)"
RM_003_FEMTO.h5,23555,metadata shape mismatch,"metadata=(2560.0,2.0); H5=(600, 0, 1)"
RM_003_FEMTO.h5,23556,zero-sized H5 record,"(600, 0, 1)"
RM_003_FEMTO.h5,23556,metadata shape mismatch,"metadata=(2560.0,2.0); H5=(600, 0, 1)"
RM_003_FEMTO.h5,23557,zero-sized H5 record,"(600, 0, 1)"
RM_003_FEMTO.h5,23557,metadata shape mismatch,"metadata=(2560.0,2.0); H5=(600, 0, 1)"
RM_003_FEMTO.h5,23558,zero-sized H5 record,"(600, 0, 1)"
RM_003_FEMTO.h5,23558,metadata shape mismatch,"metadata=(2560.0,2.0); H5=(600, 0, 1)"
RM_003_FEMTO.h5,23559,zero-sized H5 record,"(600, 0, 1)"
RM_003_FEMTO.h5,23559,metadata shape mismatch,"metadata=(2560.0,2.0); H5=(600, 0, 1)"
RM_003_FEMTO.h5,23560,zero-sized H5 record,"(600, 0, 1)"
RM_003_FEMTO.h5,23560,metadata shape mismatch,"metadata=(2560.0,2.0); H5=(600, 0, 1)"
RM_003_FEMTO.h5,23561,zero-sized H5 record,"(600, 0, 1)"
RM_003_FEMTO.h5,23561,metadata shape mismatch,"metadata=(2560.0,2.0); H5=(600, 0, 1)"
RM_003_FEMTO.h5,23562,zero-sized H5 record,"(600, 0, 1)"
RM_003_FEMTO.h5,23562,metadata shape mismatch,"metadata=(2560.0,2.0); H5=(600, 0, 1)"
RM_003_FEMTO.h5,23563,zero-sized H5 record,"(600, 0, 1)"
RM_003_FEMTO.h5,23563,metadata shape mismatch,"metadata=(2560.0,2.0); H5=(600, 0, 1)"
RM_003_FEMTO.h5,23564,zero-sized H5 record,"(600, 0, 1)"
RM_003_FEMTO.h5,23564,metadata shape mismatch,"metadata=(2560.0,2.0); H5=(600, 0, 1)"
RM_003_FEMTO.h5,23565,zero-sized H5 record,"(600, 0, 1)"
RM_003_FEMTO.h5,23565,metadata shape mismatch,"metadata=(2560.0,2.0); H5=(600, 0, 1)"
RM_003_FEMTO.h5,23566,zero-sized H5 record,"(600, 0, 1)"
RM_003_FEMTO.h5,23566,metadata shape mismatch,"metadata=(2560.0,2.0); H5=(600, 0, 1)"
RM_003_FEMTO.h5,23567,zero-sized H5 record,"(600, 0, 1)"
RM_003_FEMTO.h5,23567,metadata shape mismatch,"metadata=(2560.0,2.0); H5=(600, 0, 1)"
RM_003_FEMTO.h5,23568,zero-sized H5 record,"(600, 0, 1)"
RM_003_FEMTO.h5,23568,metadata shape mismatch,"metadata=(2560.0,2.0); H5=(600, 0, 1)"
RM_003_FEMTO.h5,23569,zero-sized H5 record,"(600, 0, 1)"
RM_003_FEMTO.h5,23569,metadata shape mismatch,"metadata=(2560.0,2.0); H5=(600, 0, 1)"
RM_003_FEMTO.h5,23570,zero-sized H5 record,"(600, 0, 1)"
RM_003_FEMTO.h5,23570,metadata shape mismatch,"metadata=(2560.0,2.0); H5=(600, 0, 1)"
RM_003_FEMTO.h5,23571,zero-sized H5 record,"(600, 0, 1)"
RM_003_FEMTO.h5,23571,metadata shape mismatch,"metadata=(2560.0,2.0); H5=(600, 0, 1)"
RM_003_FEMTO.h5,23572,zero-sized H5 record,"(600, 0, 1)"
RM_003_FEMTO.h5,23572,metadata shape mismatch,"metadata=(2560.0,2.0); H5=(600, 0, 1)"
RM_003_FEMTO.h5,23573,zero-sized H5 record,"(600, 0, 1)"
RM_003_FEMTO.h5,23573,metadata shape mismatch,"metadata=(2560.0,2.0); H5=(600, 0, 1)"
RM_003_FEMTO.h5,23574,zero-sized H5 record,"(600, 0, 1)"
RM_003_FEMTO.h5,23574,metadata shape mismatch,"metadata=(2560.0,2.0); H5=(600, 0, 1)"
RM_003_FEMTO.h5,23575,zero-sized H5 record,"(600, 0, 1)"
RM_003_FEMTO.h5,23575,metadata shape mismatch,"metadata=(2560.0,2.0); H5=(600, 0, 1)"
RM_003_FEMTO.h5,23576,zero-sized H5 record,"(600, 0, 1)"
RM_003_FEMTO.h5,23576,metadata shape mismatch,"metadata=(2560.0,2.0); H5=(600, 0, 1)"
RM_003_FEMTO.h5,23577,zero-sized H5 record,"(600, 0, 1)"
RM_003_FEMTO.h5,23577,metadata shape mismatch,"metadata=(2560.0,2.0); H5=(600, 0, 1)"
RM_003_FEMTO.h5,23578,zero-sized H5 record,"(600, 0, 1)"
RM_003_FEMTO.h5,23578,metadata shape mismatch,"metadata=(2560.0,2.0); H5=(600, 0, 1)"
RM_003_FEMTO.h5,23579,zero-sized H5 record,"(600, 0, 1)"
RM_003_FEMTO.h5,23579,metadata shape mismatch,"metadata=(2560.0,2.0); H5=(600, 0, 1)"
RM_003_FEMTO.h5,23580,zero-sized H5 record,"(600, 0, 1)"
RM_003_FEMTO.h5,23580,metadata shape mismatch,"metadata=(2560.0,2.0); H5=(600, 0, 1)"
RM_003_FEMTO.h5,23581,zero-sized H5 record,"(600, 0, 1)"
RM_003_FEMTO.h5,23581,metadata shape mismatch,"metadata=(2560.0,2.0); H5=(600, 0, 1)"
RM_003_FEMTO.h5,23582,zero-sized H5 record,"(600, 0, 1)"
RM_003_FEMTO.h5,23582,metadata shape mismatch,"metadata=(2560.0,2.0); H5=(600, 0, 1)"
RM_003_FEMTO.h5,23583,zero-sized H5 record,"(600, 0, 1)"
RM_003_FEMTO.h5,23583,metadata shape mismatch,"metadata=(2560.0,2.0); H5=(600, 0, 1)"
RM_003_FEMTO.h5,23584,zero-sized H5 record,"(600, 0, 1)"
RM_003_FEMTO.h5,23584,metadata shape mismatch,"metadata=(2560.0,2.0); H5=(600, 0, 1)"
RM_003_FEMTO.h5,23585,zero-sized H5 record,"(600, 0, 1)"
RM_003_FEMTO.h5,23585,metadata shape mismatch,"metadata=(2560.0,2.0); H5=(600, 0, 1)"
RM_003_FEMTO.h5,23586,zero-sized H5 record,"(600, 0, 1)"
RM_003_FEMTO.h5,23586,metadata shape mismatch,"metadata=(2560.0,2.0); H5=(600, 0, 1)"
RM_003_FEMTO.h5,23587,zero-sized H5 record,"(600, 0, 1)"
RM_003_FEMTO.h5,23587,metadata shape mismatch,"metadata=(2560.0,2.0); H5=(600, 0, 1)"
RM_003_FEMTO.h5,23588,zero-sized H5 record,"(600, 0, 1)"
RM_003_FEMTO.h5,23588,metadata shape mismatch,"metadata=(2560.0,2.0); H5=(600, 0, 1)"
RM_003_FEMTO.h5,23589,zero-sized H5 record,"(600, 0, 1)"
RM_003_FEMTO.h5,23589,metadata shape mismatch,"metadata=(2560.0,2.0); H5=(600, 0, 1)"
RM_003_FEMTO.h5,23590,zero-sized H5 record,"(600, 0, 1)"
RM_003_FEMTO.h5,23590,metadata shape mismatch,"metadata=(2560.0,2.0); H5=(600, 0, 1)"
RM_003_FEMTO.h5,23591,zero-sized H5 record,"(600, 0, 1)"
RM_003_FEMTO.h5,23591,metadata shape mismatch,"metadata=(2560.0,2.0); H5=(600, 0, 1)"
RM_003_FEMTO.h5,23592,zero-sized H5 record,"(600, 0, 1)"
RM_003_FEMTO.h5,23592,metadata shape mismatch,"metadata=(2560.0,2.0); H5=(600, 0, 1)"
RM_003_FEMTO.h5,23593,zero-sized H5 record,"(600, 0, 1)"
RM_003_FEMTO.h5,23593,metadata shape mismatch,"metadata=(2560.0,2.0); H5=(600, 0, 1)"
RM_003_FEMTO.h5,23594,zero-sized H5 record,"(600, 0, 1)"
RM_003_FEMTO.h5,23594,metadata shape mismatch,"metadata=(2560.0,2.0); H5=(600, 0, 1)"
RM_003_FEMTO.h5,23595,zero-sized H5 record,"(600, 0, 1)"
RM_003_FEMTO.h5,23595,metadata shape mismatch,"metadata=(2560.0,2.0); H5=(600, 0, 1)"
RM_003_FEMTO.h5,23596,zero-sized H5 record,"(600, 0, 1)"
RM_003_FEMTO.h5,23596,metadata shape mismatch,"metadata=(2560.0,2.0); H5=(600, 0, 1)"
RM_003_FEMTO.h5,23597,zero-sized H5 record,"(600, 0, 1)"
RM_003_FEMTO.h5,23597,metadata shape mismatch,"metadata=(2560.0,2.0); H5=(600, 0, 1)"
RM_003_FEMTO.h5,23598,zero-sized H5 record,"(600, 0, 1)"
RM_003_FEMTO.h5,23598,metadata shape mismatch,"metadata=(2560.0,2.0); H5=(600, 0, 1)"
RM_003_FEMTO.h5,23599,zero-sized H5 record,"(600, 0, 1)"
RM_003_FEMTO.h5,23599,metadata shape mismatch,"metadata=(2560.0,2.0); H5=(600, 0, 1)"
RM_003_FEMTO.h5,23600,zero-sized H5 record,"(600, 0, 1)"
RM_003_FEMTO.h5,23600,metadata shape mismatch,"metadata=(2560.0,2.0); H5=(600, 0, 1)"
RM_003_FEMTO.h5,23601,zero-sized H5 record,"(600, 0, 1)"
RM_003_FEMTO.h5,23601,metadata shape mismatch,"metadata=(2560.0,2.0); H5=(600, 0, 1)"
RM_003_FEMTO.h5,23602,zero-sized H5 record,"(600, 0, 1)"
RM_003_FEMTO.h5,23602,metadata shape mismatch,"metadata=(2560.0,2.0); H5=(600, 0, 1)"
RM_003_FEMTO.h5,23603,zero-sized H5 record,"(600, 0, 1)"
RM_003_FEMTO.h5,23603,metadata shape mismatch,"metadata=(2560.0,2.0); H5=(600, 0, 1)"
RM_003_FEMTO.h5,23604,zero-sized H5 record,"(600, 0, 1)"
RM_003_FEMTO.h5,23604,metadata shape mismatch,"metadata=(2560.0,2.0); H5=(600, 0, 1)"
RM_003_FEMTO.h5,23605,zero-sized H5 record,"(600, 0, 1)"
RM_003_FEMTO.h5,23605,metadata shape mismatch,"metadata=(2560.0,2.0); H5=(600, 0, 1)"
RM_003_FEMTO.h5,23606,zero-sized H5 record,"(600, 0, 1)"
RM_003_FEMTO.h5,23606,metadata shape mismatch,"metadata=(2560.0,2.0); H5=(600, 0, 1)"
RM_003_FEMTO.h5,23607,zero-sized H5 record,"(600, 0, 1)"
RM_003_FEMTO.h5,23607,metadata shape mismatch,"metadata=(2560.0,2.0); H5=(600, 0, 1)"
RM_003_FEMTO.h5,23608,zero-sized H5 record,"(600, 0, 1)"
RM_003_FEMTO.h5,23608,metadata shape mismatch,"metadata=(2560.0,2.0); H5=(600, 0, 1)"
RM_003_FEMTO.h5,23609,zero-sized H5 record,"(600, 0, 1)"
RM_003_FEMTO.h5,23609,metadata shape mismatch,"metadata=(2560.0,2.0); H5=(600, 0, 1)"
RM_003_FEMTO.h5,23610,zero-sized H5 record,"(600, 0, 1)"
RM_003_FEMTO.h5,23610,metadata shape mismatch,"metadata=(2560.0,2.0); H5=(600, 0, 1)"
RM_003_FEMTO.h5,23611,zero-sized H5 record,"(600, 0, 1)"
RM_003_FEMTO.h5,23611,metadata shape mismatch,"metadata=(2560.0,2.0); H5=(600, 0, 1)"
RM_003_FEMTO.h5,23612,zero-sized H5 record,"(600, 0, 1)"
RM_003_FEMTO.h5,23612,metadata shape mismatch,"metadata=(2560.0,2.0); H5=(600, 0, 1)"
RM_003_FEMTO.h5,23613,zero-sized H5 record,"(600, 0, 1)"
RM_003_FEMTO.h5,23613,metadata shape mismatch,"metadata=(2560.0,2.0); H5=(600, 0, 1)"
RM_003_FEMTO.h5,23614,zero-sized H5 record,"(600, 0, 1)"
RM_003_FEMTO.h5,23614,metadata shape mismatch,"metadata=(2560.0,2.0); H5=(600, 0, 1)"
RM_003_FEMTO.h5,23615,zero-sized H5 record,"(600, 0, 1)"
RM_003_FEMTO.h5,23615,metadata shape mismatch,"metadata=(2560.0,2.0); H5=(600, 0, 1)"
RM_003_FEMTO.h5,23616,zero-sized H5 record,"(600, 0, 1)"
RM_003_FEMTO.h5,23616,metadata shape mismatch,"metadata=(2560.0,2.0); H5=(600, 0, 1)"
RM_003_FEMTO.h5,23617,zero-sized H5 record,"(600, 0, 1)"
RM_003_FEMTO.h5,23617,metadata shape mismatch,"metadata=(2560.0,2.0); H5=(600, 0, 1)"
RM_003_FEMTO.h5,23618,zero-sized H5 record,"(600, 0, 1)"
RM_003_FEMTO.h5,23618,metadata shape mismatch,"metadata=(2560.0,2.0); H5=(600, 0, 1)"
RM_003_FEMTO.h5,23619,zero-sized H5 record,"(600, 0, 1)"
RM_003_FEMTO.h5,23619,metadata shape mismatch,"metadata=(2560.0,2.0); H5=(600, 0, 1)"
RM_003_FEMTO.h5,23620,zero-sized H5 record,"(600, 0, 1)"
RM_003_FEMTO.h5,23620,metadata shape mismatch,"metadata=(2560.0,2.0); H5=(600, 0, 1)"
RM_003_FEMTO.h5,23621,zero-sized H5 record,"(600, 0, 1)"
RM_003_FEMTO.h5,23621,metadata shape mismatch,"metadata=(2560.0,2.0); H5=(600, 0, 1)"
RM_003_FEMTO.h5,23622,zero-sized H5 record,"(600, 0, 1)"
RM_003_FEMTO.h5,23622,metadata shape mismatch,"metadata=(2560.0,2.0); H5=(600, 0, 1)"
RM_003_FEMTO.h5,23623,zero-sized H5 record,"(600, 0, 1)"
RM_003_FEMTO.h5,23623,metadata shape mismatch,"metadata=(2560.0,2.0); H5=(600, 0, 1)"
RM_003_FEMTO.h5,23624,zero-sized H5 record,"(600, 0, 1)"
RM_003_FEMTO.h5,23624,metadata shape mismatch,"metadata=(2560.0,2.0); H5=(600, 0, 1)"
RM_003_FEMTO.h5,23625,zero-sized H5 record,"(600, 0, 1)"
RM_003_FEMTO.h5,23625,metadata shape mismatch,"metadata=(2560.0,2.0); H5=(600, 0, 1)"
RM_003_FEMTO.h5,23626,zero-sized H5 record,"(600, 0, 1)"
RM_003_FEMTO.h5,23626,metadata shape mismatch,"metadata=(2560.0,2.0); H5=(600, 0, 1)"
RM_003_FEMTO.h5,23627,zero-sized H5 record,"(600, 0, 1)"
RM_003_FEMTO.h5,23627,metadata shape mismatch,"metadata=(2560.0,2.0); H5=(600, 0, 1)"
RM_003_FEMTO.h5,23628,zero-sized H5 record,"(600, 0, 1)"
RM_003_FEMTO.h5,23628,metadata shape mismatch,"metadata=(2560.0,2.0); H5=(600, 0, 1)"
RM_003_FEMTO.h5,23629,zero-sized H5 record,"(600, 0, 1)"
RM_003_FEMTO.h5,23629,metadata shape mismatch,"metadata=(2560.0,2.0); H5=(600, 0, 1)"
RM_003_FEMTO.h5,23630,zero-sized H5 record,"(600, 0, 1)"
RM_003_FEMTO.h5,23630,metadata shape mismatch,"metadata=(2560.0,2.0); H5=(600, 0, 1)"
RM_003_FEMTO.h5,23631,zero-sized H5 record,"(600, 0, 1)"
RM_003_FEMTO.h5,23631,metadata shape mismatch,"metadata=(2560.0,2.0); H5=(600, 0, 1)"
RM_003_FEMTO.h5,23632,zero-sized H5 record,"(600, 0, 1)"
RM_003_FEMTO.h5,23632,metadata shape mismatch,"metadata=(2560.0,2.0); H5=(600, 0, 1)"
RM_003_FEMTO.h5,23633,zero-sized H5 record,"(600, 0, 1)"
RM_003_FEMTO.h5,23633,metadata shape mismatch,"metadata=(2560.0,2.0); H5=(600, 0, 1)"
RM_003_FEMTO.h5,23634,zero-sized H5 record,"(600, 0, 1)"
RM_003_FEMTO.h5,23634,metadata shape mismatch,"metadata=(2560.0,2.0); H5=(600, 0, 1)"
RM_003_FEMTO.h5,23635,zero-sized H5 record,"(600, 0, 1)"
RM_003_FEMTO.h5,23635,metadata shape mismatch,"metadata=(2560.0,2.0); H5=(600, 0, 1)"
RM_003_FEMTO.h5,23636,zero-sized H5 record,"(600, 0, 1)"
RM_003_FEMTO.h5,23636,metadata shape mismatch,"metadata=(2560.0,2.0); H5=(600, 0, 1)"
RM_003_FEMTO.h5,23637,zero-sized H5 record,"(600, 0, 1)"
RM_003_FEMTO.h5,23637,metadata shape mismatch,"metadata=(2560.0,2.0); H5=(600, 0, 1)"
RM_003_FEMTO.h5,23638,zero-sized H5 record,"(600, 0, 1)"
RM_003_FEMTO.h5,23638,metadata shape mismatch,"metadata=(2560.0,2.0); H5=(600, 0, 1)"
RM_003_FEMTO.h5,23639,zero-sized H5 record,"(600, 0, 1)"
RM_003_FEMTO.h5,23639,metadata shape mismatch,"metadata=(2560.0,2.0); H5=(600, 0, 1)"
RM_003_FEMTO.h5,23640,zero-sized H5 record,"(600, 0, 1)"
RM_003_FEMTO.h5,23640,metadata shape mismatch,"metadata=(2560.0,2.0); H5=(600, 0, 1)"
RM_003_FEMTO.h5,23641,zero-sized H5 record,"(600, 0, 1)"
RM_003_FEMTO.h5,23641,metadata shape mismatch,"metadata=(2560.0,2.0); H5=(600, 0, 1)"
RM_003_FEMTO.h5,23642,zero-sized H5 record,"(600, 0, 1)"
RM_003_FEMTO.h5,23642,metadata shape mismatch,"metadata=(2560.0,2.0); H5=(600, 0, 1)"
RM_003_FEMTO.h5,23643,zero-sized H5 record,"(600, 0, 1)"
RM_003_FEMTO.h5,23643,metadata shape mismatch,"metadata=(2560.0,2.0); H5=(600, 0, 1)"
RM_003_FEMTO.h5,23644,zero-sized H5 record,"(600, 0, 1)"
RM_003_FEMTO.h5,23644,metadata shape mismatch,"metadata=(2560.0,2.0); H5=(600, 0, 1)"
RM_003_FEMTO.h5,23645,zero-sized H5 record,"(600, 0, 1)"
RM_003_FEMTO.h5,23645,metadata shape mismatch,"metadata=(2560.0,2.0); H5=(600, 0, 1)"
RM_003_FEMTO.h5,23646,zero-sized H5 record,"(600, 0, 1)"
RM_003_FEMTO.h5,23646,metadata shape mismatch,"metadata=(2560.0,2.0); H5=(600, 0, 1)"
RM_003_FEMTO.h5,23647,zero-sized H5 record,"(600, 0, 1)"
RM_003_FEMTO.h5,23647,metadata shape mismatch,"metadata=(2560.0,2.0); H5=(600, 0, 1)"
RM_003_FEMTO.h5,23648,zero-sized H5 record,"(600, 0, 1)"
RM_003_FEMTO.h5,23648,metadata shape mismatch,"metadata=(2560.0,2.0); H5=(600, 0, 1)"
RM_003_FEMTO.h5,23649,zero-sized H5 record,"(600, 0, 1)"
RM_003_FEMTO.h5,23649,metadata shape mismatch,"metadata=(2560.0,2.0); H5=(600, 0, 1)"
RM_003_FEMTO.h5,23650,zero-sized H5 record,"(600, 0, 1)"
RM_003_FEMTO.h5,23650,metadata shape mismatch,"metadata=(2560.0,2.0); H5=(600, 0, 1)"
RM_003_FEMTO.h5,23651,zero-sized H5 record,"(600, 0, 1)"
RM_003_FEMTO.h5,23651,metadata shape mismatch,"metadata=(2560.0,2.0); H5=(600, 0, 1)"
RM_003_FEMTO.h5,23652,zero-sized H5 record,"(600, 0, 1)"
RM_003_FEMTO.h5,23652,metadata shape mismatch,"metadata=(2560.0,2.0); H5=(600, 0, 1)"
RM_003_FEMTO.h5,23653,zero-sized H5 record,"(600, 0, 1)"
RM_003_FEMTO.h5,23653,metadata shape mismatch,"metadata=(2560.0,2.0); H5=(600, 0, 1)"
RM_003_FEMTO.h5,23654,zero-sized H5 record,"(600, 0, 1)"
RM_003_FEMTO.h5,23654,metadata shape mismatch,"metadata=(2560.0,2.0); H5=(600, 0, 1)"
RM_003_FEMTO.h5,23655,zero-sized H5 record,"(600, 0, 1)"
RM_003_FEMTO.h5,23655,metadata shape mismatch,"metadata=(2560.0,2.0); H5=(600, 0, 1)"
RM_003_FEMTO.h5,23656,zero-sized H5 record,"(600, 0, 1)"
RM_003_FEMTO.h5,23656,metadata shape mismatch,"metadata=(2560.0,2.0); H5=(600, 0, 1)"
RM_003_FEMTO.h5,23657,zero-sized H5 record,"(600, 0, 1)"
RM_003_FEMTO.h5,23657,metadata shape mismatch,"metadata=(2560.0,2.0); H5=(600, 0, 1)"
RM_003_FEMTO.h5,23658,zero-sized H5 record,"(600, 0, 1)"
RM_003_FEMTO.h5,23658,metadata shape mismatch,"metadata=(2560.0,2.0); H5=(600, 0, 1)"
RM_003_FEMTO.h5,23659,zero-sized H5 record,"(600, 0, 1)"
RM_003_FEMTO.h5,23659,metadata shape mismatch,"metadata=(2560.0,2.0); H5=(600, 0, 1)"
RM_003_FEMTO.h5,23660,zero-sized H5 record,"(600, 0, 1)"
RM_003_FEMTO.h5,23660,metadata shape mismatch,"metadata=(2560.0,2.0); H5=(600, 0, 1)"
RM_003_FEMTO.h5,23661,zero-sized H5 record,"(600, 0, 1)"
RM_003_FEMTO.h5,23661,metadata shape mismatch,"metadata=(2560.0,2.0); H5=(600, 0, 1)"
RM_003_FEMTO.h5,23662,zero-sized H5 record,"(600, 0, 1)"
RM_003_FEMTO.h5,23662,metadata shape mismatch,"metadata=(2560.0,2.0); H5=(600, 0, 1)"
RM_003_FEMTO.h5,23663,zero-sized H5 record,"(600, 0, 1)"
RM_003_FEMTO.h5,23663,metadata shape mismatch,"metadata=(2560.0,2.0); H5=(600, 0, 1)"
RM_003_FEMTO.h5,23664,zero-sized H5 record,"(600, 0, 1)"
RM_003_FEMTO.h5,23664,metadata shape mismatch,"metadata=(2560.0,2.0); H5=(600, 0, 1)"
RM_003_FEMTO.h5,23665,zero-sized H5 record,"(600, 0, 1)"
RM_003_FEMTO.h5,23665,metadata shape mismatch,"metadata=(2560.0,2.0); H5=(600, 0, 1)"
RM_003_FEMTO.h5,23666,zero-sized H5 record,"(600, 0, 1)"
RM_003_FEMTO.h5,23666,metadata shape mismatch,"metadata=(2560.0,2.0); H5=(600, 0, 1)"
RM_003_FEMTO.h5,23667,zero-sized H5 record,"(600, 0, 1)"
RM_003_FEMTO.h5,23667,metadata shape mismatch,"metadata=(2560.0,2.0); H5=(600, 0, 1)"
RM_003_FEMTO.h5,23668,zero-sized H5 record,"(600, 0, 1)"
RM_003_FEMTO.h5,23668,metadata shape mismatch,"metadata=(2560.0,2.0); H5=(600, 0, 1)"
RM_003_FEMTO.h5,23669,zero-sized H5 record,"(600, 0, 1)"
RM_003_FEMTO.h5,23669,metadata shape mismatch,"metadata=(2560.0,2.0); H5=(600, 0, 1)"
RM_003_FEMTO.h5,23670,zero-sized H5 record,"(600, 0, 1)"
RM_003_FEMTO.h5,23670,metadata shape mismatch,"metadata=(2560.0,2.0); H5=(600, 0, 1)"
RM_003_FEMTO.h5,23671,zero-sized H5 record,"(600, 0, 1)"
RM_003_FEMTO.h5,23671,metadata shape mismatch,"metadata=(2560.0,2.0); H5=(600, 0, 1)"
RM_003_FEMTO.h5,23672,zero-sized H5 record,"(600, 0, 1)"
RM_003_FEMTO.h5,23672,metadata shape mismatch,"metadata=(2560.0,2.0); H5=(600, 0, 1)"
RM_003_FEMTO.h5,23673,zero-sized H5 record,"(600, 0, 1)"
RM_003_FEMTO.h5,23673,metadata shape mismatch,"metadata=(2560.0,2.0); H5=(600, 0, 1)"
RM_003_FEMTO.h5,23674,zero-sized H5 record,"(600, 0, 1)"
RM_003_FEMTO.h5,23674,metadata shape mismatch,"metadata=(2560.0,2.0); H5=(600, 0, 1)"
RM_003_FEMTO.h5,23675,zero-sized H5 record,"(600, 0, 1)"
RM_003_FEMTO.h5,23675,metadata shape mismatch,"metadata=(2560.0,2.0); H5=(600, 0, 1)"
RM_003_FEMTO.h5,23676,zero-sized H5 record,"(600, 0, 1)"
RM_003_FEMTO.h5,23676,metadata shape mismatch,"metadata=(2560.0,2.0); H5=(600, 0, 1)"
RM_003_FEMTO.h5,23677,zero-sized H5 record,"(600, 0, 1)"
RM_003_FEMTO.h5,23677,metadata shape mismatch,"metadata=(2560.0,2.0); H5=(600, 0, 1)"
RM_003_FEMTO.h5,23678,zero-sized H5 record,"(600, 0, 1)"
RM_003_FEMTO.h5,23678,metadata shape mismatch,"metadata=(2560.0,2.0); H5=(600, 0, 1)"
RM_003_FEMTO.h5,23679,zero-sized H5 record,"(600, 0, 1)"
RM_003_FEMTO.h5,23679,metadata shape mismatch,"metadata=(2560.0,2.0); H5=(600, 0, 1)"
RM_003_FEMTO.h5,23680,zero-sized H5 record,"(600, 0, 1)"
RM_003_FEMTO.h5,23680,metadata shape mismatch,"metadata=(2560.0,2.0); H5=(600, 0, 1)"
RM_003_FEMTO.h5,23681,zero-sized H5 record,"(600, 0, 1)"
RM_003_FEMTO.h5,23681,metadata shape mismatch,"metadata=(2560.0,2.0); H5=(600, 0, 1)"
RM_003_FEMTO.h5,23682,zero-sized H5 record,"(600, 0, 1)"
RM_003_FEMTO.h5,23682,metadata shape mismatch,"metadata=(2560.0,2.0); H5=(600, 0, 1)"
RM_003_FEMTO.h5,23683,zero-sized H5 record,"(600, 0, 1)"
RM_003_FEMTO.h5,23683,metadata shape mismatch,"metadata=(2560.0,2.0); H5=(600, 0, 1)"
RM_003_FEMTO.h5,23684,zero-sized H5 record,"(600, 0, 1)"
RM_003_FEMTO.h5,23684,metadata shape mismatch,"metadata=(2560.0,2.0); H5=(600, 0, 1)"
RM_003_FEMTO.h5,23685,zero-sized H5 record,"(600, 0, 1)"
RM_003_FEMTO.h5,23685,metadata shape mismatch,"metadata=(2560.0,2.0); H5=(600, 0, 1)"
RM_003_FEMTO.h5,23686,zero-sized H5 record,"(600, 0, 1)"
RM_003_FEMTO.h5,23686,metadata shape mismatch,"metadata=(2560.0,2.0); H5=(600, 0, 1)"
RM_003_FEMTO.h5,23687,zero-sized H5 record,"(600, 0, 1)"
RM_003_FEMTO.h5,23687,metadata shape mismatch,"metadata=(2560.0,2.0); H5=(600, 0, 1)"
RM_003_FEMTO.h5,23688,zero-sized H5 record,"(600, 0, 1)"
RM_003_FEMTO.h5,23688,metadata shape mismatch,"metadata=(2560.0,2.0); H5=(600, 0, 1)"
RM_003_FEMTO.h5,23689,zero-sized H5 record,"(600, 0, 1)"
RM_003_FEMTO.h5,23689,metadata shape mismatch,"metadata=(2560.0,2.0); H5=(600, 0, 1)"
RM_003_FEMTO.h5,23690,zero-sized H5 record,"(600, 0, 1)"
RM_003_FEMTO.h5,23690,metadata shape mismatch,"metadata=(2560.0,2.0); H5=(600, 0, 1)"
RM_003_FEMTO.h5,23691,zero-sized H5 record,"(600, 0, 1)"
RM_003_FEMTO.h5,23691,metadata shape mismatch,"metadata=(2560.0,2.0); H5=(600, 0, 1)"
RM_003_FEMTO.h5,23692,zero-sized H5 record,"(600, 0, 1)"
RM_003_FEMTO.h5,23692,metadata shape mismatch,"metadata=(2560.0,2.0); H5=(600, 0, 1)"
RM_003_FEMTO.h5,23693,zero-sized H5 record,"(600, 0, 1)"
RM_003_FEMTO.h5,23693,metadata shape mismatch,"metadata=(2560.0,2.0); H5=(600, 0, 1)"
RM_003_FEMTO.h5,23694,zero-sized H5 record,"(600, 0, 1)"
RM_003_FEMTO.h5,23694,metadata shape mismatch,"metadata=(2560.0,2.0); H5=(600, 0, 1)"
RM_003_FEMTO.h5,23695,zero-sized H5 record,"(600, 0, 1)"
RM_003_FEMTO.h5,23695,metadata shape mismatch,"metadata=(2560.0,2.0); H5=(600, 0, 1)"
RM_003_FEMTO.h5,23696,zero-sized H5 record,"(600, 0, 1)"
RM_003_FEMTO.h5,23696,metadata shape mismatch,"metadata=(2560.0,2.0); H5=(600, 0, 1)"
RM_003_FEMTO.h5,23697,zero-sized H5 record,"(600, 0, 1)"
RM_003_FEMTO.h5,23697,metadata shape mismatch,"metadata=(2560.0,2.0); H5=(600, 0, 1)"
RM_003_FEMTO.h5,23698,zero-sized H5 record,"(600, 0, 1)"
RM_003_FEMTO.h5,23698,metadata shape mismatch,"metadata=(2560.0,2.0); H5=(600, 0, 1)"
RM_003_FEMTO.h5,23699,zero-sized H5 record,"(600, 0, 1)"
RM_003_FEMTO.h5,23699,metadata shape mismatch,"metadata=(2560.0,2.0); H5=(600, 0, 1)"
RM_003_FEMTO.h5,23700,zero-sized H5 record,"(600, 0, 1)"
RM_003_FEMTO.h5,23700,metadata shape mismatch,"metadata=(2560.0,2.0); H5=(600, 0, 1)"
RM_003_FEMTO.h5,23701,zero-sized H5 record,"(600, 0, 1)"
RM_003_FEMTO.h5,23701,metadata shape mismatch,"metadata=(2560.0,2.0); H5=(600, 0, 1)"
RM_003_FEMTO.h5,23702,zero-sized H5 record,"(600, 0, 1)"
RM_003_FEMTO.h5,23702,metadata shape mismatch,"metadata=(2560.0,2.0); H5=(600, 0, 1)"
RM_003_FEMTO.h5,23703,zero-sized H5 record,"(600, 0, 1)"
RM_003_FEMTO.h5,23703,metadata shape mismatch,"metadata=(2560.0,2.0); H5=(600, 0, 1)"
RM_003_FEMTO.h5,23704,zero-sized H5 record,"(600, 0, 1)"
RM_003_FEMTO.h5,23704,metadata shape mismatch,"metadata=(2560.0,2.0); H5=(600, 0, 1)"
RM_003_FEMTO.h5,23705,zero-sized H5 record,"(600, 0, 1)"
RM_003_FEMTO.h5,23705,metadata shape mismatch,"metadata=(2560.0,2.0); H5=(600, 0, 1)"
RM_003_FEMTO.h5,23706,zero-sized H5 record,"(600, 0, 1)"
RM_003_FEMTO.h5,23706,metadata shape mismatch,"metadata=(2560.0,2.0); H5=(600, 0, 1)"
RM_003_FEMTO.h5,23707,zero-sized H5 record,"(600, 0, 1)"
RM_003_FEMTO.h5,23707,metadata shape mismatch,"metadata=(2560.0,2.0); H5=(600, 0, 1)"
RM_003_FEMTO.h5,23708,zero-sized H5 record,"(600, 0, 1)"
RM_003_FEMTO.h5,23708,metadata shape mismatch,"metadata=(2560.0,2.0); H5=(600, 0, 1)"
RM_003_FEMTO.h5,23709,zero-sized H5 record,"(600, 0, 1)"
RM_003_FEMTO.h5,23709,metadata shape mismatch,"metadata=(2560.0,2.0); H5=(600, 0, 1)"
RM_003_FEMTO.h5,23710,zero-sized H5 record,"(600, 0, 1)"
RM_003_FEMTO.h5,23710,metadata shape mismatch,"metadata=(2560.0,2.0); H5=(600, 0, 1)"
RM_003_FEMTO.h5,23711,zero-sized H5 record,"(600, 0, 1)"
RM_003_FEMTO.h5,23711,metadata shape mismatch,"metadata=(2560.0,2.0); H5=(600, 0, 1)"
RM_003_FEMTO.h5,23712,zero-sized H5 record,"(600, 0, 1)"
RM_003_FEMTO.h5,23712,metadata shape mismatch,"metadata=(2560.0,2.0); H5=(600, 0, 1)"
RM_003_FEMTO.h5,23713,zero-sized H5 record,"(600, 0, 1)"
RM_003_FEMTO.h5,23713,metadata shape mismatch,"metadata=(2560.0,2.0); H5=(600, 0, 1)"
RM_003_FEMTO.h5,23714,zero-sized H5 record,"(600, 0, 1)"
RM_003_FEMTO.h5,23714,metadata shape mismatch,"metadata=(2560.0,2.0); H5=(600, 0, 1)"
RM_003_FEMTO.h5,23715,zero-sized H5 record,"(600, 0, 1)"
RM_003_FEMTO.h5,23715,metadata shape mismatch,"metadata=(2560.0,2.0); H5=(600, 0, 1)"
RM_003_FEMTO.h5,23716,zero-sized H5 record,"(600, 0, 1)"
RM_003_FEMTO.h5,23716,metadata shape mismatch,"metadata=(2560.0,2.0); H5=(600, 0, 1)"
RM_003_FEMTO.h5,23717,zero-sized H5 record,"(600, 0, 1)"
RM_003_FEMTO.h5,23717,metadata shape mismatch,"metadata=(2560.0,2.0); H5=(600, 0, 1)"
RM_003_FEMTO.h5,23718,zero-sized H5 record,"(600, 0, 1)"
RM_003_FEMTO.h5,23718,metadata shape mismatch,"metadata=(2560.0,2.0); H5=(600, 0, 1)"
RM_003_FEMTO.h5,23719,zero-sized H5 record,"(600, 0, 1)"
RM_003_FEMTO.h5,23719,metadata shape mismatch,"metadata=(2560.0,2.0); H5=(600, 0, 1)"
RM_003_FEMTO.h5,23720,zero-sized H5 record,"(600, 0, 1)"
RM_003_FEMTO.h5,23720,metadata shape mismatch,"metadata=(2560.0,2.0); H5=(600, 0, 1)"
RM_003_FEMTO.h5,23721,zero-sized H5 record,"(600, 0, 1)"
RM_003_FEMTO.h5,23721,metadata shape mismatch,"metadata=(2560.0,2.0); H5=(600, 0, 1)"
RM_003_FEMTO.h5,23722,zero-sized H5 record,"(600, 0, 1)"
RM_003_FEMTO.h5,23722,metadata shape mismatch,"metadata=(2560.0,2.0); H5=(600, 0, 1)"
RM_003_FEMTO.h5,23723,zero-sized H5 record,"(600, 0, 1)"
RM_003_FEMTO.h5,23723,metadata shape mismatch,"metadata=(2560.0,2.0); H5=(600, 0, 1)"
RM_003_FEMTO.h5,23724,zero-sized H5 record,"(600, 0, 1)"
RM_003_FEMTO.h5,23724,metadata shape mismatch,"metadata=(2560.0,2.0); H5=(600, 0, 1)"
RM_003_FEMTO.h5,23725,zero-sized H5 record,"(600, 0, 1)"
RM_003_FEMTO.h5,23725,metadata shape mismatch,"metadata=(2560.0,2.0); H5=(600, 0, 1)"
RM_003_FEMTO.h5,23726,zero-sized H5 record,"(600, 0, 1)"
RM_003_FEMTO.h5,23726,metadata shape mismatch,"metadata=(2560.0,2.0); H5=(600, 0, 1)"
RM_003_FEMTO.h5,23727,zero-sized H5 record,"(600, 0, 1)"
RM_003_FEMTO.h5,23727,metadata shape mismatch,"metadata=(2560.0,2.0); H5=(600, 0, 1)"
RM_003_FEMTO.h5,23728,zero-sized H5 record,"(600, 0, 1)"
RM_003_FEMTO.h5,23728,metadata shape mismatch,"metadata=(2560.0,2.0); H5=(600, 0, 1)"
RM_003_FEMTO.h5,23729,zero-sized H5 record,"(600, 0, 1)"
RM_003_FEMTO.h5,23729,metadata shape mismatch,"metadata=(2560.0,2.0); H5=(600, 0, 1)"
RM_003_FEMTO.h5,23730,zero-sized H5 record,"(600, 0, 1)"
RM_003_FEMTO.h5,23730,metadata shape mismatch,"metadata=(2560.0,2.0); H5=(600, 0, 1)"
RM_003_FEMTO.h5,23731,zero-sized H5 record,"(600, 0, 1)"
RM_003_FEMTO.h5,23731,metadata shape mismatch,"metadata=(2560.0,2.0); H5=(600, 0, 1)"
RM_003_FEMTO.h5,23732,zero-sized H5 record,"(600, 0, 1)"
RM_003_FEMTO.h5,23732,metadata shape mismatch,"metadata=(2560.0,2.0); H5=(600, 0, 1)"
RM_003_FEMTO.h5,23733,zero-sized H5 record,"(600, 0, 1)"
RM_003_FEMTO.h5,23733,metadata shape mismatch,"metadata=(2560.0,2.0); H5=(600, 0, 1)"
RM_003_FEMTO.h5,23734,zero-sized H5 record,"(600, 0, 1)"
RM_003_FEMTO.h5,23734,metadata shape mismatch,"metadata=(2560.0,2.0); H5=(600, 0, 1)"
RM_003_FEMTO.h5,23735,zero-sized H5 record,"(600, 0, 1)"
RM_003_FEMTO.h5,23735,metadata shape mismatch,"metadata=(2560.0,2.0); H5=(600, 0, 1)"
RM_003_FEMTO.h5,23736,zero-sized H5 record,"(600, 0, 1)"
RM_003_FEMTO.h5,23736,metadata shape mismatch,"metadata=(2560.0,2.0); H5=(600, 0, 1)"
RM_003_FEMTO.h5,23737,zero-sized H5 record,"(600, 0, 1)"
RM_003_FEMTO.h5,23737,metadata shape mismatch,"metadata=(2560.0,2.0); H5=(600, 0, 1)"
RM_003_FEMTO.h5,23738,zero-sized H5 record,"(600, 0, 1)"
RM_003_FEMTO.h5,23738,metadata shape mismatch,"metadata=(2560.0,2.0); H5=(600, 0, 1)"
RM_003_FEMTO.h5,23739,zero-sized H5 record,"(600, 0, 1)"
RM_003_FEMTO.h5,23739,metadata shape mismatch,"metadata=(2560.0,2.0); H5=(600, 0, 1)"
RM_003_FEMTO.h5,23740,zero-sized H5 record,"(600, 0, 1)"
RM_003_FEMTO.h5,23740,metadata shape mismatch,"metadata=(2560.0,2.0); H5=(600, 0, 1)"
RM_003_FEMTO.h5,23741,zero-sized H5 record,"(600, 0, 1)"
RM_003_FEMTO.h5,23741,metadata shape mismatch,"metadata=(2560.0,2.0); H5=(600, 0, 1)"
RM_003_FEMTO.h5,23742,zero-sized H5 record,"(600, 0, 1)"
RM_003_FEMTO.h5,23742,metadata shape mismatch,"metadata=(2560.0,2.0); H5=(600, 0, 1)"
RM_003_FEMTO.h5,23743,zero-sized H5 record,"(600, 0, 1)"
RM_003_FEMTO.h5,23743,metadata shape mismatch,"metadata=(2560.0,2.0); H5=(600, 0, 1)"
RM_003_FEMTO.h5,23744,zero-sized H5 record,"(600, 0, 1)"
RM_003_FEMTO.h5,23744,metadata shape mismatch,"metadata=(2560.0,2.0); H5=(600, 0, 1)"
RM_003_FEMTO.h5,23745,zero-sized H5 record,"(600, 0, 1)"
RM_003_FEMTO.h5,23745,metadata shape mismatch,"metadata=(2560.0,2.0); H5=(600, 0, 1)"
RM_003_FEMTO.h5,23746,zero-sized H5 record,"(600, 0, 1)"
RM_003_FEMTO.h5,23746,metadata shape mismatch,"metadata=(2560.0,2.0); H5=(600, 0, 1)"
RM_003_FEMTO.h5,23747,zero-sized H5 record,"(600, 0, 1)"
RM_003_FEMTO.h5,23747,metadata shape mismatch,"metadata=(2560.0,2.0); H5=(600, 0, 1)"
RM_003_FEMTO.h5,23748,zero-sized H5 record,"(600, 0, 1)"
RM_003_FEMTO.h5,23748,metadata shape mismatch,"metadata=(2560.0,2.0); H5=(600, 0, 1)"
RM_003_FEMTO.h5,23749,zero-sized H5 record,"(600, 0, 1)"
RM_003_FEMTO.h5,23749,metadata shape mismatch,"metadata=(2560.0,2.0); H5=(600, 0, 1)"
RM_003_FEMTO.h5,23750,zero-sized H5 record,"(600, 0, 1)"
RM_003_FEMTO.h5,23750,metadata shape mismatch,"metadata=(2560.0,2.0); H5=(600, 0, 1)"
RM_003_FEMTO.h5,23751,zero-sized H5 record,"(600, 0, 1)"
RM_003_FEMTO.h5,23751,metadata shape mismatch,"metadata=(2560.0,2.0); H5=(600, 0, 1)"
RM_003_FEMTO.h5,23752,zero-sized H5 record,"(600, 0, 1)"
RM_003_FEMTO.h5,23752,metadata shape mismatch,"metadata=(2560.0,2.0); H5=(600, 0, 1)"
RM_003_FEMTO.h5,23753,zero-sized H5 record,"(600, 0, 1)"
RM_003_FEMTO.h5,23753,metadata shape mismatch,"metadata=(2560.0,2.0); H5=(600, 0, 1)"
RM_003_FEMTO.h5,23754,zero-sized H5 record,"(600, 0, 1)"
RM_003_FEMTO.h5,23754,metadata shape mismatch,"metadata=(2560.0,2.0); H5=(600, 0, 1)"
RM_003_FEMTO.h5,23755,zero-sized H5 record,"(600, 0, 1)"
RM_003_FEMTO.h5,23755,metadata shape mismatch,"metadata=(2560.0,2.0); H5=(600, 0, 1)"
RM_003_FEMTO.h5,23756,zero-sized H5 record,"(600, 0, 1)"
RM_003_FEMTO.h5,23756,metadata shape mismatch,"metadata=(2560.0,2.0); H5=(600, 0, 1)"
RM_003_FEMTO.h5,23757,zero-sized H5 record,"(600, 0, 1)"
RM_003_FEMTO.h5,23757,metadata shape mismatch,"metadata=(2560.0,2.0); H5=(600, 0, 1)"
RM_003_FEMTO.h5,23758,zero-sized H5 record,"(600, 0, 1)"
RM_003_FEMTO.h5,23758,metadata shape mismatch,"metadata=(2560.0,2.0); H5=(600, 0, 1)"
RM_003_FEMTO.h5,23759,zero-sized H5 record,"(600, 0, 1)"
RM_003_FEMTO.h5,23759,metadata shape mismatch,"metadata=(2560.0,2.0); H5=(600, 0, 1)"
RM_003_FEMTO.h5,23760,zero-sized H5 record,"(600, 0, 1)"
RM_003_FEMTO.h5,23760,metadata shape mismatch,"metadata=(2560.0,2.0); H5=(600, 0, 1)"
RM_003_FEMTO.h5,23761,zero-sized H5 record,"(600, 0, 1)"
RM_003_FEMTO.h5,23761,metadata shape mismatch,"metadata=(2560.0,2.0); H5=(600, 0, 1)"
RM_003_FEMTO.h5,23762,zero-sized H5 record,"(600, 0, 1)"
RM_003_FEMTO.h5,23762,metadata shape mismatch,"metadata=(2560.0,2.0); H5=(600, 0, 1)"
RM_003_FEMTO.h5,23763,zero-sized H5 record,"(600, 0, 1)"
RM_003_FEMTO.h5,23763,metadata shape mismatch,"metadata=(2560.0,2.0); H5=(600, 0, 1)"
RM_003_FEMTO.h5,23764,zero-sized H5 record,"(600, 0, 1)"
RM_003_FEMTO.h5,23764,metadata shape mismatch,"metadata=(2560.0,2.0); H5=(600, 0, 1)"
RM_003_FEMTO.h5,23765,zero-sized H5 record,"(600, 0, 1)"
RM_003_FEMTO.h5,23765,metadata shape mismatch,"metadata=(2560.0,2.0); H5=(600, 0, 1)"
RM_003_FEMTO.h5,23766,zero-sized H5 record,"(600, 0, 1)"
RM_003_FEMTO.h5,23766,metadata shape mismatch,"metadata=(2560.0,2.0); H5=(600, 0, 1)"
RM_003_FEMTO.h5,23767,zero-sized H5 record,"(600, 0, 1)"
RM_003_FEMTO.h5,23767,metadata shape mismatch,"metadata=(2560.0,2.0); H5=(600, 0, 1)"
RM_003_FEMTO.h5,23768,zero-sized H5 record,"(600, 0, 1)"
RM_003_FEMTO.h5,23768,metadata shape mismatch,"metadata=(2560.0,2.0); H5=(600, 0, 1)"
RM_003_FEMTO.h5,23769,zero-sized H5 record,"(600, 0, 1)"
RM_003_FEMTO.h5,23769,metadata shape mismatch,"metadata=(2560.0,2.0); H5=(600, 0, 1)"
RM_003_FEMTO.h5,23770,zero-sized H5 record,"(600, 0, 1)"
RM_003_FEMTO.h5,23770,metadata shape mismatch,"metadata=(2560.0,2.0); H5=(600, 0, 1)"
RM_003_FEMTO.h5,23771,zero-sized H5 record,"(600, 0, 1)"
RM_003_FEMTO.h5,23771,metadata shape mismatch,"metadata=(2560.0,2.0); H5=(600, 0, 1)"
RM_003_FEMTO.h5,23772,zero-sized H5 record,"(600, 0, 1)"
RM_003_FEMTO.h5,23772,metadata shape mismatch,"metadata=(2560.0,2.0); H5=(600, 0, 1)"
RM_003_FEMTO.h5,23773,zero-sized H5 record,"(600, 0, 1)"
RM_003_FEMTO.h5,23773,metadata shape mismatch,"metadata=(2560.0,2.0); H5=(600, 0, 1)"
RM_003_FEMTO.h5,23774,zero-sized H5 record,"(600, 0, 1)"
RM_003_FEMTO.h5,23774,metadata shape mismatch,"metadata=(2560.0,2.0); H5=(600, 0, 1)"
RM_003_FEMTO.h5,23775,zero-sized H5 record,"(600, 0, 1)"
RM_003_FEMTO.h5,23775,metadata shape mismatch,"metadata=(2560.0,2.0); H5=(600, 0, 1)"
RM_003_FEMTO.h5,23776,zero-sized H5 record,"(600, 0, 1)"
RM_003_FEMTO.h5,23776,metadata shape mismatch,"metadata=(2560.0,2.0); H5=(600, 0, 1)"
RM_003_FEMTO.h5,23777,zero-sized H5 record,"(600, 0, 1)"
RM_003_FEMTO.h5,23777,metadata shape mismatch,"metadata=(2560.0,2.0); H5=(600, 0, 1)"
RM_003_FEMTO.h5,23778,zero-sized H5 record,"(600, 0, 1)"
RM_003_FEMTO.h5,23778,metadata shape mismatch,"metadata=(2560.0,2.0); H5=(600, 0, 1)"
RM_003_FEMTO.h5,23779,zero-sized H5 record,"(600, 0, 1)"
RM_003_FEMTO.h5,23779,metadata shape mismatch,"metadata=(2560.0,2.0); H5=(600, 0, 1)"
RM_003_FEMTO.h5,23780,zero-sized H5 record,"(600, 0, 1)"
RM_003_FEMTO.h5,23780,metadata shape mismatch,"metadata=(2560.0,2.0); H5=(600, 0, 1)"
RM_003_FEMTO.h5,23781,zero-sized H5 record,"(600, 0, 1)"
RM_003_FEMTO.h5,23781,metadata shape mismatch,"metadata=(2560.0,2.0); H5=(600, 0, 1)"
RM_003_FEMTO.h5,23782,zero-sized H5 record,"(600, 0, 1)"
RM_003_FEMTO.h5,23782,metadata shape mismatch,"metadata=(2560.0,2.0); H5=(600, 0, 1)"
RM_003_FEMTO.h5,23783,zero-sized H5 record,"(600, 0, 1)"
RM_003_FEMTO.h5,23783,metadata shape mismatch,"metadata=(2560.0,2.0); H5=(600, 0, 1)"
RM_003_FEMTO.h5,23784,zero-sized H5 record,"(600, 0, 1)"
RM_003_FEMTO.h5,23784,metadata shape mismatch,"metadata=(2560.0,2.0); H5=(600, 0, 1)"
RM_003_FEMTO.h5,23785,zero-sized H5 record,"(600, 0, 1)"
RM_003_FEMTO.h5,23785,metadata shape mismatch,"metadata=(2560.0,2.0); H5=(600, 0, 1)"
RM_003_FEMTO.h5,23786,zero-sized H5 record,"(600, 0, 1)"
RM_003_FEMTO.h5,23786,metadata shape mismatch,"metadata=(2560.0,2.0); H5=(600, 0, 1)"
RM_003_FEMTO.h5,23787,zero-sized H5 record,"(600, 0, 1)"
RM_003_FEMTO.h5,23787,metadata shape mismatch,"metadata=(2560.0,2.0); H5=(600, 0, 1)"
RM_003_FEMTO.h5,23788,zero-sized H5 record,"(600, 0, 1)"
RM_003_FEMTO.h5,23788,metadata shape mismatch,"metadata=(2560.0,2.0); H5=(600, 0, 1)"
RM_003_FEMTO.h5,23789,zero-sized H5 record,"(600, 0, 1)"
RM_003_FEMTO.h5,23789,metadata shape mismatch,"metadata=(2560.0,2.0); H5=(600, 0, 1)"
RM_003_FEMTO.h5,23790,zero-sized H5 record,"(600, 0, 1)"
RM_003_FEMTO.h5,23790,metadata shape mismatch,"metadata=(2560.0,2.0); H5=(600, 0, 1)"
RM_003_FEMTO.h5,23791,zero-sized H5 record,"(600, 0, 1)"
RM_003_FEMTO.h5,23791,metadata shape mismatch,"metadata=(2560.0,2.0); H5=(600, 0, 1)"
RM_003_FEMTO.h5,23792,zero-sized H5 record,"(600, 0, 1)"
RM_003_FEMTO.h5,23792,metadata shape mismatch,"metadata=(2560.0,2.0); H5=(600, 0, 1)"
RM_003_FEMTO.h5,23793,zero-sized H5 record,"(600, 0, 1)"
RM_003_FEMTO.h5,23793,metadata shape mismatch,"metadata=(2560.0,2.0); H5=(600, 0, 1)"
RM_003_FEMTO.h5,23794,zero-sized H5 record,"(600, 0, 1)"
RM_003_FEMTO.h5,23794,metadata shape mismatch,"metadata=(2560.0,2.0); H5=(600, 0, 1)"
RM_003_FEMTO.h5,23795,zero-sized H5 record,"(600, 0, 1)"
RM_003_FEMTO.h5,23795,metadata shape mismatch,"metadata=(2560.0,2.0); H5=(600, 0, 1)"
RM_003_FEMTO.h5,23796,zero-sized H5 record,"(600, 0, 1)"
RM_003_FEMTO.h5,23796,metadata shape mismatch,"metadata=(2560.0,2.0); H5=(600, 0, 1)"
RM_003_FEMTO.h5,23797,zero-sized H5 record,"(600, 0, 1)"
RM_003_FEMTO.h5,23797,metadata shape mismatch,"metadata=(2560.0,2.0); H5=(600, 0, 1)"
RM_003_FEMTO.h5,23798,zero-sized H5 record,"(600, 0, 1)"
RM_003_FEMTO.h5,23798,metadata shape mismatch,"metadata=(2560.0,2.0); H5=(600, 0, 1)"
RM_003_FEMTO.h5,23799,zero-sized H5 record,"(600, 0, 1)"
RM_003_FEMTO.h5,23799,metadata shape mismatch,"metadata=(2560.0,2.0); H5=(600, 0, 1)"
RM_003_FEMTO.h5,23800,zero-sized H5 record,"(600, 0, 1)"
RM_003_FEMTO.h5,23800,metadata shape mismatch,"metadata=(2560.0,2.0); H5=(600, 0, 1)"
RM_003_FEMTO.h5,23801,zero-sized H5 record,"(600, 0, 1)"
RM_003_FEMTO.h5,23801,metadata shape mismatch,"metadata=(2560.0,2.0); H5=(600, 0, 1)"
RM_003_FEMTO.h5,23802,zero-sized H5 record,"(600, 0, 1)"
RM_003_FEMTO.h5,23802,metadata shape mismatch,"metadata=(2560.0,2.0); H5=(600, 0, 1)"
RM_003_FEMTO.h5,23803,zero-sized H5 record,"(600, 0, 1)"
RM_003_FEMTO.h5,23803,metadata shape mismatch,"metadata=(2560.0,2.0); H5=(600, 0, 1)"
RM_003_FEMTO.h5,23804,zero-sized H5 record,"(600, 0, 1)"
RM_003_FEMTO.h5,23804,metadata shape mismatch,"metadata=(2560.0,2.0); H5=(600, 0, 1)"
RM_003_FEMTO.h5,23805,zero-sized H5 record,"(600, 0, 1)"
RM_003_FEMTO.h5,23805,metadata shape mismatch,"metadata=(2560.0,2.0); H5=(600, 0, 1)"
RM_003_FEMTO.h5,23806,zero-sized H5 record,"(600, 0, 1)"
RM_003_FEMTO.h5,23806,metadata shape mismatch,"metadata=(2560.0,2.0); H5=(600, 0, 1)"
RM_003_FEMTO.h5,23807,zero-sized H5 record,"(600, 0, 1)"
RM_003_FEMTO.h5,23807,metadata shape mismatch,"metadata=(2560.0,2.0); H5=(600, 0, 1)"
RM_003_FEMTO.h5,23808,zero-sized H5 record,"(600, 0, 1)"
RM_003_FEMTO.h5,23808,metadata shape mismatch,"metadata=(2560.0,2.0); H5=(600, 0, 1)"
RM_003_FEMTO.h5,23809,zero-sized H5 record,"(600, 0, 1)"
RM_003_FEMTO.h5,23809,metadata shape mismatch,"metadata=(2560.0,2.0); H5=(600, 0, 1)"
RM_003_FEMTO.h5,23810,zero-sized H5 record,"(600, 0, 1)"
RM_003_FEMTO.h5,23810,metadata shape mismatch,"metadata=(2560.0,2.0); H5=(600, 0, 1)"
RM_003_FEMTO.h5,23811,zero-sized H5 record,"(600, 0, 1)"
RM_003_FEMTO.h5,23811,metadata shape mismatch,"metadata=(2560.0,2.0); H5=(600, 0, 1)"
RM_003_FEMTO.h5,23812,zero-sized H5 record,"(600, 0, 1)"
RM_003_FEMTO.h5,23812,metadata shape mismatch,"metadata=(2560.0,2.0); H5=(600, 0, 1)"
RM_003_FEMTO.h5,23813,zero-sized H5 record,"(600, 0, 1)"
RM_003_FEMTO.h5,23813,metadata shape mismatch,"metadata=(2560.0,2.0); H5=(600, 0, 1)"
RM_003_FEMTO.h5,23814,zero-sized H5 record,"(600, 0, 1)"
RM_003_FEMTO.h5,23814,metadata shape mismatch,"metadata=(2560.0,2.0); H5=(600, 0, 1)"
RM_003_FEMTO.h5,23815,zero-sized H5 record,"(600, 0, 1)"
RM_003_FEMTO.h5,23815,metadata shape mismatch,"metadata=(2560.0,2.0); H5=(600, 0, 1)"
RM_003_FEMTO.h5,23816,zero-sized H5 record,"(600, 0, 1)"
RM_003_FEMTO.h5,23816,metadata shape mismatch,"metadata=(2560.0,2.0); H5=(600, 0, 1)"
RM_003_FEMTO.h5,23817,zero-sized H5 record,"(600, 0, 1)"
RM_003_FEMTO.h5,23817,metadata shape mismatch,"metadata=(2560.0,2.0); H5=(600, 0, 1)"
RM_003_FEMTO.h5,23818,zero-sized H5 record,"(600, 0, 1)"
RM_003_FEMTO.h5,23818,metadata shape mismatch,"metadata=(2560.0,2.0); H5=(600, 0, 1)"
RM_003_FEMTO.h5,23819,zero-sized H5 record,"(600, 0, 1)"
RM_003_FEMTO.h5,23819,metadata shape mismatch,"metadata=(2560.0,2.0); H5=(600, 0, 1)"
RM_003_FEMTO.h5,23820,zero-sized H5 record,"(600, 0, 1)"
RM_003_FEMTO.h5,23820,metadata shape mismatch,"metadata=(2560.0,2.0); H5=(600, 0, 1)"
RM_003_FEMTO.h5,23821,zero-sized H5 record,"(600, 0, 1)"
RM_003_FEMTO.h5,23821,metadata shape mismatch,"metadata=(2560.0,2.0); H5=(600, 0, 1)"
RM_003_FEMTO.h5,23822,zero-sized H5 record,"(600, 0, 1)"
RM_003_FEMTO.h5,23822,metadata shape mismatch,"metadata=(2560.0,2.0); H5=(600, 0, 1)"
RM_003_FEMTO.h5,23823,zero-sized H5 record,"(600, 0, 1)"
RM_003_FEMTO.h5,23823,metadata shape mismatch,"metadata=(2560.0,2.0); H5=(600, 0, 1)"
RM_003_FEMTO.h5,23824,zero-sized H5 record,"(600, 0, 1)"
RM_003_FEMTO.h5,23824,metadata shape mismatch,"metadata=(2560.0,2.0); H5=(600, 0, 1)"
RM_003_FEMTO.h5,23825,zero-sized H5 record,"(600, 0, 1)"
RM_003_FEMTO.h5,23825,metadata shape mismatch,"metadata=(2560.0,2.0); H5=(600, 0, 1)"
RM_003_FEMTO.h5,23826,zero-sized H5 record,"(600, 0, 1)"
RM_003_FEMTO.h5,23826,metadata shape mismatch,"metadata=(2560.0,2.0); H5=(600, 0, 1)"
RM_003_FEMTO.h5,23827,zero-sized H5 record,"(600, 0, 1)"
RM_003_FEMTO.h5,23827,metadata shape mismatch,"metadata=(2560.0,2.0); H5=(600, 0, 1)"
RM_003_FEMTO.h5,23828,zero-sized H5 record,"(600, 0, 1)"
RM_003_FEMTO.h5,23828,metadata shape mismatch,"metadata=(2560.0,2.0); H5=(600, 0, 1)"
RM_003_FEMTO.h5,23829,zero-sized H5 record,"(600, 0, 1)"
RM_003_FEMTO.h5,23829,metadata shape mismatch,"metadata=(2560.0,2.0); H5=(600, 0, 1)"
RM_003_FEMTO.h5,23830,zero-sized H5 record,"(600, 0, 1)"
RM_003_FEMTO.h5,23830,metadata shape mismatch,"metadata=(2560.0,2.0); H5=(600, 0, 1)"
RM_003_FEMTO.h5,23831,zero-sized H5 record,"(600, 0, 1)"
RM_003_FEMTO.h5,23831,metadata shape mismatch,"metadata=(2560.0,2.0); H5=(600, 0, 1)"
RM_003_FEMTO.h5,23832,zero-sized H5 record,"(600, 0, 1)"
RM_003_FEMTO.h5,23832,metadata shape mismatch,"metadata=(2560.0,2.0); H5=(600, 0, 1)"
RM_003_FEMTO.h5,23833,zero-sized H5 record,"(600, 0, 1)"
RM_003_FEMTO.h5,23833,metadata shape mismatch,"metadata=(2560.0,2.0); H5=(600, 0, 1)"
RM_003_FEMTO.h5,23834,zero-sized H5 record,"(600, 0, 1)"
RM_003_FEMTO.h5,23834,metadata shape mismatch,"metadata=(2560.0,2.0); H5=(600, 0, 1)"
RM_003_FEMTO.h5,23835,zero-sized H5 record,"(600, 0, 1)"
RM_003_FEMTO.h5,23835,metadata shape mismatch,"metadata=(2560.0,2.0); H5=(600, 0, 1)"
RM_003_FEMTO.h5,23836,zero-sized H5 record,"(600, 0, 1)"
RM_003_FEMTO.h5,23836,metadata shape mismatch,"metadata=(2560.0,2.0); H5=(600, 0, 1)"
RM_003_FEMTO.h5,23837,zero-sized H5 record,"(600, 0, 1)"
RM_003_FEMTO.h5,23837,metadata shape mismatch,"metadata=(2560.0,2.0); H5=(600, 0, 1)"
RM_003_FEMTO.h5,23838,zero-sized H5 record,"(600, 0, 1)"
RM_003_FEMTO.h5,23838,metadata shape mismatch,"metadata=(2560.0,2.0); H5=(600, 0, 1)"
RM_003_FEMTO.h5,23839,zero-sized H5 record,"(600, 0, 1)"
RM_003_FEMTO.h5,23839,metadata shape mismatch,"metadata=(2560.0,2.0); H5=(600, 0, 1)"
RM_003_FEMTO.h5,23840,zero-sized H5 record,"(600, 0, 1)"
RM_003_FEMTO.h5,23840,metadata shape mismatch,"metadata=(2560.0,2.0); H5=(600, 0, 1)"
RM_003_FEMTO.h5,23841,zero-sized H5 record,"(600, 0, 1)"
RM_003_FEMTO.h5,23841,metadata shape mismatch,"metadata=(2560.0,2.0); H5=(600, 0, 1)"
RM_003_FEMTO.h5,23842,zero-sized H5 record,"(600, 0, 1)"
RM_003_FEMTO.h5,23842,metadata shape mismatch,"metadata=(2560.0,2.0); H5=(600, 0, 1)"
RM_003_FEMTO.h5,23843,zero-sized H5 record,"(600, 0, 1)"
RM_003_FEMTO.h5,23843,metadata shape mismatch,"metadata=(2560.0,2.0); H5=(600, 0, 1)"
RM_003_FEMTO.h5,23844,zero-sized H5 record,"(600, 0, 1)"
RM_003_FEMTO.h5,23844,metadata shape mismatch,"metadata=(2560.0,2.0); H5=(600, 0, 1)"
RM_003_FEMTO.h5,23845,zero-sized H5 record,"(600, 0, 1)"
RM_003_FEMTO.h5,23845,metadata shape mismatch,"metadata=(2560.0,2.0); H5=(600, 0, 1)"
RM_003_FEMTO.h5,23846,zero-sized H5 record,"(600, 0, 1)"
RM_003_FEMTO.h5,23846,metadata shape mismatch,"metadata=(2560.0,2.0); H5=(600, 0, 1)"
RM_003_FEMTO.h5,23847,zero-sized H5 record,"(600, 0, 1)"
RM_003_FEMTO.h5,23847,metadata shape mismatch,"metadata=(2560.0,2.0); H5=(600, 0, 1)"
RM_003_FEMTO.h5,23848,zero-sized H5 record,"(600, 0, 1)"
RM_003_FEMTO.h5,23848,metadata shape mismatch,"metadata=(2560.0,2.0); H5=(600, 0, 1)"
RM_003_FEMTO.h5,23849,zero-sized H5 record,"(600, 0, 1)"
RM_003_FEMTO.h5,23849,metadata shape mismatch,"metadata=(2560.0,2.0); H5=(600, 0, 1)"
RM_003_FEMTO.h5,23850,zero-sized H5 record,"(600, 0, 1)"
RM_003_FEMTO.h5,23850,metadata shape mismatch,"metadata=(2560.0,2.0); H5=(600, 0, 1)"
RM_003_FEMTO.h5,23851,zero-sized H5 record,"(600, 0, 1)"
RM_003_FEMTO.h5,23851,metadata shape mismatch,"metadata=(2560.0,2.0); H5=(600, 0, 1)"
RM_003_FEMTO.h5,23852,zero-sized H5 record,"(600, 0, 1)"
RM_003_FEMTO.h5,23852,metadata shape mismatch,"metadata=(2560.0,2.0); H5=(600, 0, 1)"
RM_003_FEMTO.h5,23853,zero-sized H5 record,"(600, 0, 1)"
RM_003_FEMTO.h5,23853,metadata shape mismatch,"metadata=(2560.0,2.0); H5=(600, 0, 1)"
RM_003_FEMTO.h5,23854,zero-sized H5 record,"(600, 0, 1)"
RM_003_FEMTO.h5,23854,metadata shape mismatch,"metadata=(2560.0,2.0); H5=(600, 0, 1)"
RM_003_FEMTO.h5,23855,zero-sized H5 record,"(600, 0, 1)"
RM_003_FEMTO.h5,23855,metadata shape mismatch,"metadata=(2560.0,2.0); H5=(600, 0, 1)"
RM_003_FEMTO.h5,23856,zero-sized H5 record,"(600, 0, 1)"
RM_003_FEMTO.h5,23856,metadata shape mismatch,"metadata=(2560.0,2.0); H5=(600, 0, 1)"
RM_003_FEMTO.h5,23857,zero-sized H5 record,"(600, 0, 1)"
RM_003_FEMTO.h5,23857,metadata shape mismatch,"metadata=(2560.0,2.0); H5=(600, 0, 1)"
RM_003_FEMTO.h5,23858,zero-sized H5 record,"(600, 0, 1)"
RM_003_FEMTO.h5,23858,metadata shape mismatch,"metadata=(2560.0,2.0); H5=(600, 0, 1)"
RM_003_FEMTO.h5,23859,zero-sized H5 record,"(600, 0, 1)"
RM_003_FEMTO.h5,23859,metadata shape mismatch,"metadata=(2560.0,2.0); H5=(600, 0, 1)"
RM_003_FEMTO.h5,23860,zero-sized H5 record,"(600, 0, 1)"
RM_003_FEMTO.h5,23860,metadata shape mismatch,"metadata=(2560.0,2.0); H5=(600, 0, 1)"
RM_003_FEMTO.h5,23861,zero-sized H5 record,"(600, 0, 1)"
RM_003_FEMTO.h5,23861,metadata shape mismatch,"metadata=(2560.0,2.0); H5=(600, 0, 1)"
RM_003_FEMTO.h5,23862,zero-sized H5 record,"(600, 0, 1)"
RM_003_FEMTO.h5,23862,metadata shape mismatch,"metadata=(2560.0,2.0); H5=(600, 0, 1)"
RM_003_FEMTO.h5,23863,zero-sized H5 record,"(600, 0, 1)"
RM_003_FEMTO.h5,23863,metadata shape mismatch,"metadata=(2560.0,2.0); H5=(600, 0, 1)"
RM_003_FEMTO.h5,23864,zero-sized H5 record,"(600, 0, 1)"
RM_003_FEMTO.h5,23864,metadata shape mismatch,"metadata=(2560.0,2.0); H5=(600, 0, 1)"
RM_003_FEMTO.h5,23865,zero-sized H5 record,"(600, 0, 1)"
RM_003_FEMTO.h5,23865,metadata shape mismatch,"metadata=(2560.0,2.0); H5=(600, 0, 1)"
RM_003_FEMTO.h5,23866,zero-sized H5 record,"(600, 0, 1)"
RM_003_FEMTO.h5,23866,metadata shape mismatch,"metadata=(2560.0,2.0); H5=(600, 0, 1)"
RM_003_FEMTO.h5,23867,zero-sized H5 record,"(600, 0, 1)"
RM_003_FEMTO.h5,23867,metadata shape mismatch,"metadata=(2560.0,2.0); H5=(600, 0, 1)"
RM_003_FEMTO.h5,23868,zero-sized H5 record,"(600, 0, 1)"
RM_003_FEMTO.h5,23868,metadata shape mismatch,"metadata=(2560.0,2.0); H5=(600, 0, 1)"
RM_003_FEMTO.h5,23869,zero-sized H5 record,"(600, 0, 1)"
RM_003_FEMTO.h5,23869,metadata shape mismatch,"metadata=(2560.0,2.0); H5=(600, 0, 1)"
RM_003_FEMTO.h5,23870,zero-sized H5 record,"(600, 0, 1)"
RM_003_FEMTO.h5,23870,metadata shape mismatch,"metadata=(2560.0,2.0); H5=(600, 0, 1)"
RM_003_FEMTO.h5,23871,zero-sized H5 record,"(600, 0, 1)"
RM_003_FEMTO.h5,23871,metadata shape mismatch,"metadata=(2560.0,2.0); H5=(600, 0, 1)"
RM_003_FEMTO.h5,23872,zero-sized H5 record,"(600, 0, 1)"
RM_003_FEMTO.h5,23872,metadata shape mismatch,"metadata=(2560.0,2.0); H5=(600, 0, 1)"
RM_003_FEMTO.h5,23873,zero-sized H5 record,"(600, 0, 1)"
RM_003_FEMTO.h5,23873,metadata shape mismatch,"metadata=(2560.0,2.0); H5=(600, 0, 1)"
RM_003_FEMTO.h5,23874,zero-sized H5 record,"(600, 0, 1)"
RM_003_FEMTO.h5,23874,metadata shape mismatch,"metadata=(2560.0,2.0); H5=(600, 0, 1)"
RM_003_FEMTO.h5,23875,zero-sized H5 record,"(600, 0, 1)"
RM_003_FEMTO.h5,23875,metadata shape mismatch,"metadata=(2560.0,2.0); H5=(600, 0, 1)"
RM_003_FEMTO.h5,23876,zero-sized H5 record,"(600, 0, 1)"
RM_003_FEMTO.h5,23876,metadata shape mismatch,"metadata=(2560.0,2.0); H5=(600, 0, 1)"
RM_003_FEMTO.h5,23877,zero-sized H5 record,"(600, 0, 1)"
RM_003_FEMTO.h5,23877,metadata shape mismatch,"metadata=(2560.0,2.0); H5=(600, 0, 1)"
RM_003_FEMTO.h5,23878,zero-sized H5 record,"(600, 0, 1)"
RM_003_FEMTO.h5,23878,metadata shape mismatch,"metadata=(2560.0,2.0); H5=(600, 0, 1)"
RM_003_FEMTO.h5,23879,zero-sized H5 record,"(600, 0, 1)"
RM_003_FEMTO.h5,23879,metadata shape mismatch,"metadata=(2560.0,2.0); H5=(600, 0, 1)"
RM_003_FEMTO.h5,23880,zero-sized H5 record,"(600, 0, 1)"
RM_003_FEMTO.h5,23880,metadata shape mismatch,"metadata=(2560.0,2.0); H5=(600, 0, 1)"
RM_003_FEMTO.h5,23881,zero-sized H5 record,"(600, 0, 1)"
RM_003_FEMTO.h5,23881,metadata shape mismatch,"metadata=(2560.0,2.0); H5=(600, 0, 1)"
RM_003_FEMTO.h5,23882,zero-sized H5 record,"(600, 0, 1)"
RM_003_FEMTO.h5,23882,metadata shape mismatch,"metadata=(2560.0,2.0); H5=(600, 0, 1)"
RM_003_FEMTO.h5,23883,zero-sized H5 record,"(600, 0, 1)"
RM_003_FEMTO.h5,23883,metadata shape mismatch,"metadata=(2560.0,2.0); H5=(600, 0, 1)"
RM_003_FEMTO.h5,23884,zero-sized H5 record,"(600, 0, 1)"
RM_003_FEMTO.h5,23884,metadata shape mismatch,"metadata=(2560.0,2.0); H5=(600, 0, 1)"
RM_003_FEMTO.h5,23885,zero-sized H5 record,"(600, 0, 1)"
RM_003_FEMTO.h5,23885,metadata shape mismatch,"metadata=(2560.0,2.0); H5=(600, 0, 1)"
RM_003_FEMTO.h5,23886,zero-sized H5 record,"(600, 0, 1)"
RM_003_FEMTO.h5,23886,metadata shape mismatch,"metadata=(2560.0,2.0); H5=(600, 0, 1)"
RM_003_FEMTO.h5,23887,zero-sized H5 record,"(600, 0, 1)"
RM_003_FEMTO.h5,23887,metadata shape mismatch,"metadata=(2560.0,2.0); H5=(600, 0, 1)"
RM_003_FEMTO.h5,23888,zero-sized H5 record,"(600, 0, 1)"
RM_003_FEMTO.h5,23888,metadata shape mismatch,"metadata=(2560.0,2.0); H5=(600, 0, 1)"
RM_003_FEMTO.h5,23889,zero-sized H5 record,"(600, 0, 1)"
RM_003_FEMTO.h5,23889,metadata shape mismatch,"metadata=(2560.0,2.0); H5=(600, 0, 1)"
RM_003_FEMTO.h5,23890,zero-sized H5 record,"(600, 0, 1)"
RM_003_FEMTO.h5,23890,metadata shape mismatch,"metadata=(2560.0,2.0); H5=(600, 0, 1)"
RM_003_FEMTO.h5,23891,zero-sized H5 record,"(600, 0, 1)"
RM_003_FEMTO.h5,23891,metadata shape mismatch,"metadata=(2560.0,2.0); H5=(600, 0, 1)"
RM_003_FEMTO.h5,23892,zero-sized H5 record,"(600, 0, 1)"
RM_003_FEMTO.h5,23892,metadata shape mismatch,"metadata=(2560.0,2.0); H5=(600, 0, 1)"
RM_003_FEMTO.h5,23893,zero-sized H5 record,"(600, 0, 1)"
RM_003_FEMTO.h5,23893,metadata shape mismatch,"metadata=(2560.0,2.0); H5=(600, 0, 1)"
RM_003_FEMTO.h5,23894,zero-sized H5 record,"(600, 0, 1)"
RM_003_FEMTO.h5,23894,metadata shape mismatch,"metadata=(2560.0,2.0); H5=(600, 0, 1)"
RM_003_FEMTO.h5,23895,zero-sized H5 record,"(600, 0, 1)"
RM_003_FEMTO.h5,23895,metadata shape mismatch,"metadata=(2560.0,2.0); H5=(600, 0, 1)"
RM_003_FEMTO.h5,23896,zero-sized H5 record,"(600, 0, 1)"
RM_003_FEMTO.h5,23896,metadata shape mismatch,"metadata=(2560.0,2.0); H5=(600, 0, 1)"
RM_003_FEMTO.h5,23897,zero-sized H5 record,"(600, 0, 1)"
RM_003_FEMTO.h5,23897,metadata shape mismatch,"metadata=(2560.0,2.0); H5=(600, 0, 1)"
RM_003_FEMTO.h5,23898,zero-sized H5 record,"(600, 0, 1)"
RM_003_FEMTO.h5,23898,metadata shape mismatch,"metadata=(2560.0,2.0); H5=(600, 0, 1)"
RM_003_FEMTO.h5,23899,zero-sized H5 record,"(600, 0, 1)"
RM_003_FEMTO.h5,23899,metadata shape mismatch,"metadata=(2560.0,2.0); H5=(600, 0, 1)"
RM_003_FEMTO.h5,23900,zero-sized H5 record,"(600, 0, 1)"
RM_003_FEMTO.h5,23900,metadata shape mismatch,"metadata=(2560.0,2.0); H5=(600, 0, 1)"
RM_003_FEMTO.h5,23901,zero-sized H5 record,"(600, 0, 1)"
RM_003_FEMTO.h5,23901,metadata shape mismatch,"metadata=(2560.0,2.0); H5=(600, 0, 1)"
RM_003_FEMTO.h5,23902,zero-sized H5 record,"(600, 0, 1)"
RM_003_FEMTO.h5,23902,metadata shape mismatch,"metadata=(2560.0,2.0); H5=(600, 0, 1)"
RM_003_FEMTO.h5,23903,zero-sized H5 record,"(600, 0, 1)"
RM_003_FEMTO.h5,23903,metadata shape mismatch,"metadata=(2560.0,2.0); H5=(600, 0, 1)"
RM_003_FEMTO.h5,23904,zero-sized H5 record,"(600, 0, 1)"
RM_003_FEMTO.h5,23904,metadata shape mismatch,"metadata=(2560.0,2.0); H5=(600, 0, 1)"
RM_003_FEMTO.h5,23905,zero-sized H5 record,"(600, 0, 1)"
RM_003_FEMTO.h5,23905,metadata shape mismatch,"metadata=(2560.0,2.0); H5=(600, 0, 1)"
RM_003_FEMTO.h5,23906,zero-sized H5 record,"(600, 0, 1)"
RM_003_FEMTO.h5,23906,metadata shape mismatch,"metadata=(2560.0,2.0); H5=(600, 0, 1)"
RM_003_FEMTO.h5,23907,zero-sized H5 record,"(600, 0, 1)"
RM_003_FEMTO.h5,23907,metadata shape mismatch,"metadata=(2560.0,2.0); H5=(600, 0, 1)"
RM_003_FEMTO.h5,23908,zero-sized H5 record,"(600, 0, 1)"
RM_003_FEMTO.h5,23908,metadata shape mismatch,"metadata=(2560.0,2.0); H5=(600, 0, 1)"
RM_003_FEMTO.h5,23909,zero-sized H5 record,"(600, 0, 1)"
RM_003_FEMTO.h5,23909,metadata shape mismatch,"metadata=(2560.0,2.0); H5=(600, 0, 1)"
RM_003_FEMTO.h5,23910,zero-sized H5 record,"(600, 0, 1)"
RM_003_FEMTO.h5,23910,metadata shape mismatch,"metadata=(2560.0,2.0); H5=(600, 0, 1)"
RM_003_FEMTO.h5,23911,zero-sized H5 record,"(600, 0, 1)"
RM_003_FEMTO.h5,23911,metadata shape mismatch,"metadata=(2560.0,2.0); H5=(600, 0, 1)"
RM_003_FEMTO.h5,23912,zero-sized H5 record,"(600, 0, 1)"
RM_003_FEMTO.h5,23912,metadata shape mismatch,"metadata=(2560.0,2.0); H5=(600, 0, 1)"
RM_003_FEMTO.h5,23913,zero-sized H5 record,"(600, 0, 1)"
RM_003_FEMTO.h5,23913,metadata shape mismatch,"metadata=(2560.0,2.0); H5=(600, 0, 1)"
RM_003_FEMTO.h5,23914,zero-sized H5 record,"(600, 0, 1)"
RM_003_FEMTO.h5,23914,metadata shape mismatch,"metadata=(2560.0,2.0); H5=(600, 0, 1)"
RM_003_FEMTO.h5,23915,zero-sized H5 record,"(317, 0, 1)"
RM_003_FEMTO.h5,23915,metadata shape mismatch,"metadata=(2560.0,2.0); H5=(317, 0, 1)"
RM_003_FEMTO.h5,26364,zero-sized H5 record,"(600, 0, 1)"
RM_003_FEMTO.h5,26364,metadata shape mismatch,"metadata=(2560.0,2.0); H5=(600, 0, 1)"
RM_003_FEMTO.h5,26365,zero-sized H5 record,"(600, 0, 1)"
RM_003_FEMTO.h5,26365,metadata shape mismatch,"metadata=(2560.0,2.0); H5=(600, 0, 1)"
RM_003_FEMTO.h5,26366,zero-sized H5 record,"(600, 0, 1)"
RM_003_FEMTO.h5,26366,metadata shape mismatch,"metadata=(2560.0,2.0); H5=(600, 0, 1)"
RM_003_FEMTO.h5,26367,zero-sized H5 record,"(600, 0, 1)"
RM_003_FEMTO.h5,26367,metadata shape mismatch,"metadata=(2560.0,2.0); H5=(600, 0, 1)"
RM_003_FEMTO.h5,26368,zero-sized H5 record,"(600, 0, 1)"
RM_003_FEMTO.h5,26368,metadata shape mismatch,"metadata=(2560.0,2.0); H5=(600, 0, 1)"
RM_003_FEMTO.h5,26369,zero-sized H5 record,"(600, 0, 1)"
RM_003_FEMTO.h5,26369,metadata shape mismatch,"metadata=(2560.0,2.0); H5=(600, 0, 1)"
RM_003_FEMTO.h5,26370,zero-sized H5 record,"(600, 0, 1)"
RM_003_FEMTO.h5,26370,metadata shape mismatch,"metadata=(2560.0,2.0); H5=(600, 0, 1)"
RM_003_FEMTO.h5,26371,zero-sized H5 record,"(600, 0, 1)"
RM_003_FEMTO.h5,26371,metadata shape mismatch,"metadata=(2560.0,2.0); H5=(600, 0, 1)"
RM_003_FEMTO.h5,26372,zero-sized H5 record,"(600, 0, 1)"
RM_003_FEMTO.h5,26372,metadata shape mismatch,"metadata=(2560.0,2.0); H5=(600, 0, 1)"
RM_003_FEMTO.h5,26373,zero-sized H5 record,"(600, 0, 1)"
RM_003_FEMTO.h5,26373,metadata shape mismatch,"metadata=(2560.0,2.0); H5=(600, 0, 1)"
RM_003_FEMTO.h5,26374,zero-sized H5 record,"(600, 0, 1)"
RM_003_FEMTO.h5,26374,metadata shape mismatch,"metadata=(2560.0,2.0); H5=(600, 0, 1)"
RM_003_FEMTO.h5,26375,zero-sized H5 record,"(600, 0, 1)"
RM_003_FEMTO.h5,26375,metadata shape mismatch,"metadata=(2560.0,2.0); H5=(600, 0, 1)"
RM_003_FEMTO.h5,26376,zero-sized H5 record,"(600, 0, 1)"
RM_003_FEMTO.h5,26376,metadata shape mismatch,"metadata=(2560.0,2.0); H5=(600, 0, 1)"
RM_003_FEMTO.h5,26377,zero-sized H5 record,"(600, 0, 1)"
RM_003_FEMTO.h5,26377,metadata shape mismatch,"metadata=(2560.0,2.0); H5=(600, 0, 1)"
RM_003_FEMTO.h5,26378,zero-sized H5 record,"(600, 0, 1)"
RM_003_FEMTO.h5,26378,metadata shape mismatch,"metadata=(2560.0,2.0); H5=(600, 0, 1)"
RM_003_FEMTO.h5,26379,zero-sized H5 record,"(600, 0, 1)"
RM_003_FEMTO.h5,26379,metadata shape mismatch,"metadata=(2560.0,2.0); H5=(600, 0, 1)"
RM_003_FEMTO.h5,26380,zero-sized H5 record,"(600, 0, 1)"
RM_003_FEMTO.h5,26380,metadata shape mismatch,"metadata=(2560.0,2.0); H5=(600, 0, 1)"
RM_003_FEMTO.h5,26381,zero-sized H5 record,"(600, 0, 1)"
RM_003_FEMTO.h5,26381,metadata shape mismatch,"metadata=(2560.0,2.0); H5=(600, 0, 1)"
RM_003_FEMTO.h5,26382,zero-sized H5 record,"(600, 0, 1)"
RM_003_FEMTO.h5,26382,metadata shape mismatch,"metadata=(2560.0,2.0); H5=(600, 0, 1)"
RM_003_FEMTO.h5,26383,zero-sized H5 record,"(600, 0, 1)"
RM_003_FEMTO.h5,26383,metadata shape mismatch,"metadata=(2560.0,2.0); H5=(600, 0, 1)"
RM_003_FEMTO.h5,26384,zero-sized H5 record,"(600, 0, 1)"
RM_003_FEMTO.h5,26384,metadata shape mismatch,"metadata=(2560.0,2.0); H5=(600, 0, 1)"
RM_003_FEMTO.h5,26385,zero-sized H5 record,"(600, 0, 1)"
RM_003_FEMTO.h5,26385,metadata shape mismatch,"metadata=(2560.0,2.0); H5=(600, 0, 1)"
RM_003_FEMTO.h5,26386,zero-sized H5 record,"(600, 0, 1)"
RM_003_FEMTO.h5,26386,metadata shape mismatch,"metadata=(2560.0,2.0); H5=(600, 0, 1)"
RM_003_FEMTO.h5,26387,zero-sized H5 record,"(600, 0, 1)"
RM_003_FEMTO.h5,26387,metadata shape mismatch,"metadata=(2560.0,2.0); H5=(600, 0, 1)"
RM_003_FEMTO.h5,26388,zero-sized H5 record,"(600, 0, 1)"
RM_003_FEMTO.h5,26388,metadata shape mismatch,"metadata=(2560.0,2.0); H5=(600, 0, 1)"
RM_003_FEMTO.h5,26389,zero-sized H5 record,"(600, 0, 1)"
RM_003_FEMTO.h5,26389,metadata shape mismatch,"metadata=(2560.0,2.0); H5=(600, 0, 1)"
RM_003_FEMTO.h5,26390,zero-sized H5 record,"(600, 0, 1)"
RM_003_FEMTO.h5,26390,metadata shape mismatch,"metadata=(2560.0,2.0); H5=(600, 0, 1)"
RM_003_FEMTO.h5,26391,zero-sized H5 record,"(600, 0, 1)"
RM_003_FEMTO.h5,26391,metadata shape mismatch,"metadata=(2560.0,2.0); H5=(600, 0, 1)"
RM_003_FEMTO.h5,26392,zero-sized H5 record,"(600, 0, 1)"
RM_003_FEMTO.h5,26392,metadata shape mismatch,"metadata=(2560.0,2.0); H5=(600, 0, 1)"
RM_003_FEMTO.h5,26393,zero-sized H5 record,"(600, 0, 1)"
RM_003_FEMTO.h5,26393,metadata shape mismatch,"metadata=(2560.0,2.0); H5=(600, 0, 1)"
RM_003_FEMTO.h5,26394,zero-sized H5 record,"(600, 0, 1)"
RM_003_FEMTO.h5,26394,metadata shape mismatch,"metadata=(2560.0,2.0); H5=(600, 0, 1)"
RM_003_FEMTO.h5,26395,zero-sized H5 record,"(600, 0, 1)"
RM_003_FEMTO.h5,26395,metadata shape mismatch,"metadata=(2560.0,2.0); H5=(600, 0, 1)"
RM_003_FEMTO.h5,26396,zero-sized H5 record,"(600, 0, 1)"
RM_003_FEMTO.h5,26396,metadata shape mismatch,"metadata=(2560.0,2.0); H5=(600, 0, 1)"
RM_003_FEMTO.h5,26397,zero-sized H5 record,"(600, 0, 1)"
RM_003_FEMTO.h5,26397,metadata shape mismatch,"metadata=(2560.0,2.0); H5=(600, 0, 1)"
RM_003_FEMTO.h5,26398,zero-sized H5 record,"(600, 0, 1)"
RM_003_FEMTO.h5,26398,metadata shape mismatch,"metadata=(2560.0,2.0); H5=(600, 0, 1)"
RM_003_FEMTO.h5,26399,zero-sized H5 record,"(600, 0, 1)"
RM_003_FEMTO.h5,26399,metadata shape mismatch,"metadata=(2560.0,2.0); H5=(600, 0, 1)"
RM_003_FEMTO.h5,26400,zero-sized H5 record,"(600, 0, 1)"
RM_003_FEMTO.h5,26400,metadata shape mismatch,"metadata=(2560.0,2.0); H5=(600, 0, 1)"
RM_003_FEMTO.h5,26401,zero-sized H5 record,"(600, 0, 1)"
RM_003_FEMTO.h5,26401,metadata shape mismatch,"metadata=(2560.0,2.0); H5=(600, 0, 1)"
RM_003_FEMTO.h5,26402,zero-sized H5 record,"(600, 0, 1)"
RM_003_FEMTO.h5,26402,metadata shape mismatch,"metadata=(2560.0,2.0); H5=(600, 0, 1)"
RM_003_FEMTO.h5,26403,zero-sized H5 record,"(600, 0, 1)"
RM_003_FEMTO.h5,26403,metadata shape mismatch,"metadata=(2560.0,2.0); H5=(600, 0, 1)"
RM_003_FEMTO.h5,26404,zero-sized H5 record,"(600, 0, 1)"
RM_003_FEMTO.h5,26404,metadata shape mismatch,"metadata=(2560.0,2.0); H5=(600, 0, 1)"
RM_003_FEMTO.h5,26405,zero-sized H5 record,"(600, 0, 1)"
RM_003_FEMTO.h5,26405,metadata shape mismatch,"metadata=(2560.0,2.0); H5=(600, 0, 1)"
RM_003_FEMTO.h5,26406,zero-sized H5 record,"(600, 0, 1)"
RM_003_FEMTO.h5,26406,metadata shape mismatch,"metadata=(2560.0,2.0); H5=(600, 0, 1)"
RM_003_FEMTO.h5,26407,zero-sized H5 record,"(600, 0, 1)"
RM_003_FEMTO.h5,26407,metadata shape mismatch,"metadata=(2560.0,2.0); H5=(600, 0, 1)"
RM_003_FEMTO.h5,26408,zero-sized H5 record,"(600, 0, 1)"
RM_003_FEMTO.h5,26408,metadata shape mismatch,"metadata=(2560.0,2.0); H5=(600, 0, 1)"
RM_003_FEMTO.h5,26409,zero-sized H5 record,"(600, 0, 1)"
RM_003_FEMTO.h5,26409,metadata shape mismatch,"metadata=(2560.0,2.0); H5=(600, 0, 1)"
RM_003_FEMTO.h5,26410,zero-sized H5 record,"(600, 0, 1)"
RM_003_FEMTO.h5,26410,metadata shape mismatch,"metadata=(2560.0,2.0); H5=(600, 0, 1)"
RM_003_FEMTO.h5,26411,zero-sized H5 record,"(600, 0, 1)"
RM_003_FEMTO.h5,26411,metadata shape mismatch,"metadata=(2560.0,2.0); H5=(600, 0, 1)"
RM_003_FEMTO.h5,26412,zero-sized H5 record,"(600, 0, 1)"
RM_003_FEMTO.h5,26412,metadata shape mismatch,"metadata=(2560.0,2.0); H5=(600, 0, 1)"
RM_003_FEMTO.h5,26413,zero-sized H5 record,"(600, 0, 1)"
RM_003_FEMTO.h5,26413,metadata shape mismatch,"metadata=(2560.0,2.0); H5=(600, 0, 1)"
RM_003_FEMTO.h5,26414,zero-sized H5 record,"(600, 0, 1)"
RM_003_FEMTO.h5,26414,metadata shape mismatch,"metadata=(2560.0,2.0); H5=(600, 0, 1)"
RM_003_FEMTO.h5,26415,zero-sized H5 record,"(600, 0, 1)"
RM_003_FEMTO.h5,26415,metadata shape mismatch,"metadata=(2560.0,2.0); H5=(600, 0, 1)"
RM_003_FEMTO.h5,26416,zero-sized H5 record,"(600, 0, 1)"
RM_003_FEMTO.h5,26416,metadata shape mismatch,"metadata=(2560.0,2.0); H5=(600, 0, 1)"
RM_003_FEMTO.h5,26417,zero-sized H5 record,"(600, 0, 1)"
RM_003_FEMTO.h5,26417,metadata shape mismatch,"metadata=(2560.0,2.0); H5=(600, 0, 1)"
RM_003_FEMTO.h5,26418,zero-sized H5 record,"(600, 0, 1)"
RM_003_FEMTO.h5,26418,metadata shape mismatch,"metadata=(2560.0,2.0); H5=(600, 0, 1)"
RM_003_FEMTO.h5,26419,zero-sized H5 record,"(600, 0, 1)"
RM_003_FEMTO.h5,26419,metadata shape mismatch,"metadata=(2560.0,2.0); H5=(600, 0, 1)"
RM_003_FEMTO.h5,26420,zero-sized H5 record,"(600, 0, 1)"
RM_003_FEMTO.h5,26420,metadata shape mismatch,"metadata=(2560.0,2.0); H5=(600, 0, 1)"
RM_003_FEMTO.h5,26421,zero-sized H5 record,"(600, 0, 1)"
RM_003_FEMTO.h5,26421,metadata shape mismatch,"metadata=(2560.0,2.0); H5=(600, 0, 1)"
RM_003_FEMTO.h5,26422,zero-sized H5 record,"(600, 0, 1)"
RM_003_FEMTO.h5,26422,metadata shape mismatch,"metadata=(2560.0,2.0); H5=(600, 0, 1)"
RM_003_FEMTO.h5,26423,zero-sized H5 record,"(600, 0, 1)"
RM_003_FEMTO.h5,26423,metadata shape mismatch,"metadata=(2560.0,2.0); H5=(600, 0, 1)"
RM_003_FEMTO.h5,26424,zero-sized H5 record,"(600, 0, 1)"
RM_003_FEMTO.h5,26424,metadata shape mismatch,"metadata=(2560.0,2.0); H5=(600, 0, 1)"
RM_003_FEMTO.h5,26425,zero-sized H5 record,"(600, 0, 1)"
RM_003_FEMTO.h5,26425,metadata shape mismatch,"metadata=(2560.0,2.0); H5=(600, 0, 1)"
RM_003_FEMTO.h5,26426,zero-sized H5 record,"(600, 0, 1)"
RM_003_FEMTO.h5,26426,metadata shape mismatch,"metadata=(2560.0,2.0); H5=(600, 0, 1)"
RM_003_FEMTO.h5,26427,zero-sized H5 record,"(600, 0, 1)"
RM_003_FEMTO.h5,26427,metadata shape mismatch,"metadata=(2560.0,2.0); H5=(600, 0, 1)"
RM_003_FEMTO.h5,26428,zero-sized H5 record,"(600, 0, 1)"
RM_003_FEMTO.h5,26428,metadata shape mismatch,"metadata=(2560.0,2.0); H5=(600, 0, 1)"
RM_003_FEMTO.h5,26429,zero-sized H5 record,"(600, 0, 1)"
RM_003_FEMTO.h5,26429,metadata shape mismatch,"metadata=(2560.0,2.0); H5=(600, 0, 1)"
RM_003_FEMTO.h5,26430,zero-sized H5 record,"(600, 0, 1)"
RM_003_FEMTO.h5,26430,metadata shape mismatch,"metadata=(2560.0,2.0); H5=(600, 0, 1)"
RM_003_FEMTO.h5,26431,zero-sized H5 record,"(600, 0, 1)"
RM_003_FEMTO.h5,26431,metadata shape mismatch,"metadata=(2560.0,2.0); H5=(600, 0, 1)"
RM_003_FEMTO.h5,26432,zero-sized H5 record,"(600, 0, 1)"
RM_003_FEMTO.h5,26432,metadata shape mismatch,"metadata=(2560.0,2.0); H5=(600, 0, 1)"
RM_003_FEMTO.h5,26433,zero-sized H5 record,"(600, 0, 1)"
RM_003_FEMTO.h5,26433,metadata shape mismatch,"metadata=(2560.0,2.0); H5=(600, 0, 1)"
RM_003_FEMTO.h5,26434,zero-sized H5 record,"(600, 0, 1)"
RM_003_FEMTO.h5,26434,metadata shape mismatch,"metadata=(2560.0,2.0); H5=(600, 0, 1)"
RM_003_FEMTO.h5,26435,zero-sized H5 record,"(600, 0, 1)"
RM_003_FEMTO.h5,26435,metadata shape mismatch,"metadata=(2560.0,2.0); H5=(600, 0, 1)"
RM_003_FEMTO.h5,26436,zero-sized H5 record,"(600, 0, 1)"
RM_003_FEMTO.h5,26436,metadata shape mismatch,"metadata=(2560.0,2.0); H5=(600, 0, 1)"
RM_003_FEMTO.h5,26437,zero-sized H5 record,"(600, 0, 1)"
RM_003_FEMTO.h5,26437,metadata shape mismatch,"metadata=(2560.0,2.0); H5=(600, 0, 1)"
RM_003_FEMTO.h5,26438,zero-sized H5 record,"(600, 0, 1)"
RM_003_FEMTO.h5,26438,metadata shape mismatch,"metadata=(2560.0,2.0); H5=(600, 0, 1)"
RM_003_FEMTO.h5,26439,zero-sized H5 record,"(600, 0, 1)"
RM_003_FEMTO.h5,26439,metadata shape mismatch,"metadata=(2560.0,2.0); H5=(600, 0, 1)"
RM_003_FEMTO.h5,26440,zero-sized H5 record,"(600, 0, 1)"
RM_003_FEMTO.h5,26440,metadata shape mismatch,"metadata=(2560.0,2.0); H5=(600, 0, 1)"
RM_003_FEMTO.h5,26441,zero-sized H5 record,"(600, 0, 1)"
RM_003_FEMTO.h5,26441,metadata shape mismatch,"metadata=(2560.0,2.0); H5=(600, 0, 1)"
RM_003_FEMTO.h5,26442,zero-sized H5 record,"(600, 0, 1)"
RM_003_FEMTO.h5,26442,metadata shape mismatch,"metadata=(2560.0,2.0); H5=(600, 0, 1)"
RM_003_FEMTO.h5,26443,zero-sized H5 record,"(600, 0, 1)"
RM_003_FEMTO.h5,26443,metadata shape mismatch,"metadata=(2560.0,2.0); H5=(600, 0, 1)"
RM_003_FEMTO.h5,26444,zero-sized H5 record,"(600, 0, 1)"
RM_003_FEMTO.h5,26444,metadata shape mismatch,"metadata=(2560.0,2.0); H5=(600, 0, 1)"
RM_003_FEMTO.h5,26445,zero-sized H5 record,"(600, 0, 1)"
RM_003_FEMTO.h5,26445,metadata shape mismatch,"metadata=(2560.0,2.0); H5=(600, 0, 1)"
RM_003_FEMTO.h5,26446,zero-sized H5 record,"(600, 0, 1)"
RM_003_FEMTO.h5,26446,metadata shape mismatch,"metadata=(2560.0,2.0); H5=(600, 0, 1)"
RM_003_FEMTO.h5,26447,zero-sized H5 record,"(600, 0, 1)"
RM_003_FEMTO.h5,26447,metadata shape mismatch,"metadata=(2560.0,2.0); H5=(600, 0, 1)"
RM_003_FEMTO.h5,26448,zero-sized H5 record,"(600, 0, 1)"
RM_003_FEMTO.h5,26448,metadata shape mismatch,"metadata=(2560.0,2.0); H5=(600, 0, 1)"
RM_003_FEMTO.h5,26449,zero-sized H5 record,"(600, 0, 1)"
RM_003_FEMTO.h5,26449,metadata shape mismatch,"metadata=(2560.0,2.0); H5=(600, 0, 1)"
RM_003_FEMTO.h5,26450,zero-sized H5 record,"(600, 0, 1)"
RM_003_FEMTO.h5,26450,metadata shape mismatch,"metadata=(2560.0,2.0); H5=(600, 0, 1)"
RM_003_FEMTO.h5,26451,zero-sized H5 record,"(600, 0, 1)"
RM_003_FEMTO.h5,26451,metadata shape mismatch,"metadata=(2560.0,2.0); H5=(600, 0, 1)"
RM_003_FEMTO.h5,26452,zero-sized H5 record,"(600, 0, 1)"
RM_003_FEMTO.h5,26452,metadata shape mismatch,"metadata=(2560.0,2.0); H5=(600, 0, 1)"
RM_003_FEMTO.h5,26453,zero-sized H5 record,"(600, 0, 1)"
RM_003_FEMTO.h5,26453,metadata shape mismatch,"metadata=(2560.0,2.0); H5=(600, 0, 1)"
RM_003_FEMTO.h5,26454,zero-sized H5 record,"(600, 0, 1)"
RM_003_FEMTO.h5,26454,metadata shape mismatch,"metadata=(2560.0,2.0); H5=(600, 0, 1)"
RM_003_FEMTO.h5,26455,zero-sized H5 record,"(600, 0, 1)"
RM_003_FEMTO.h5,26455,metadata shape mismatch,"metadata=(2560.0,2.0); H5=(600, 0, 1)"
RM_003_FEMTO.h5,26456,zero-sized H5 record,"(600, 0, 1)"
RM_003_FEMTO.h5,26456,metadata shape mismatch,"metadata=(2560.0,2.0); H5=(600, 0, 1)"
RM_003_FEMTO.h5,26457,zero-sized H5 record,"(600, 0, 1)"
RM_003_FEMTO.h5,26457,metadata shape mismatch,"metadata=(2560.0,2.0); H5=(600, 0, 1)"
RM_003_FEMTO.h5,26458,zero-sized H5 record,"(600, 0, 1)"
RM_003_FEMTO.h5,26458,metadata shape mismatch,"metadata=(2560.0,2.0); H5=(600, 0, 1)"
RM_003_FEMTO.h5,26459,zero-sized H5 record,"(600, 0, 1)"
RM_003_FEMTO.h5,26459,metadata shape mismatch,"metadata=(2560.0,2.0); H5=(600, 0, 1)"
RM_003_FEMTO.h5,26460,zero-sized H5 record,"(600, 0, 1)"
RM_003_FEMTO.h5,26460,metadata shape mismatch,"metadata=(2560.0,2.0); H5=(600, 0, 1)"
RM_003_FEMTO.h5,26461,zero-sized H5 record,"(600, 0, 1)"
RM_003_FEMTO.h5,26461,metadata shape mismatch,"metadata=(2560.0,2.0); H5=(600, 0, 1)"
RM_003_FEMTO.h5,26462,zero-sized H5 record,"(600, 0, 1)"
RM_003_FEMTO.h5,26462,metadata shape mismatch,"metadata=(2560.0,2.0); H5=(600, 0, 1)"
RM_003_FEMTO.h5,26463,zero-sized H5 record,"(600, 0, 1)"
RM_003_FEMTO.h5,26463,metadata shape mismatch,"metadata=(2560.0,2.0); H5=(600, 0, 1)"
RM_003_FEMTO.h5,26464,zero-sized H5 record,"(600, 0, 1)"
RM_003_FEMTO.h5,26464,metadata shape mismatch,"metadata=(2560.0,2.0); H5=(600, 0, 1)"
RM_003_FEMTO.h5,26465,zero-sized H5 record,"(600, 0, 1)"
RM_003_FEMTO.h5,26465,metadata shape mismatch,"metadata=(2560.0,2.0); H5=(600, 0, 1)"
RM_003_FEMTO.h5,26466,zero-sized H5 record,"(600, 0, 1)"
RM_003_FEMTO.h5,26466,metadata shape mismatch,"metadata=(2560.0,2.0); H5=(600, 0, 1)"
RM_003_FEMTO.h5,26467,zero-sized H5 record,"(600, 0, 1)"
RM_003_FEMTO.h5,26467,metadata shape mismatch,"metadata=(2560.0,2.0); H5=(600, 0, 1)"
RM_003_FEMTO.h5,26468,zero-sized H5 record,"(600, 0, 1)"
RM_003_FEMTO.h5,26468,metadata shape mismatch,"metadata=(2560.0,2.0); H5=(600, 0, 1)"
RM_003_FEMTO.h5,26469,zero-sized H5 record,"(600, 0, 1)"
RM_003_FEMTO.h5,26469,metadata shape mismatch,"metadata=(2560.0,2.0); H5=(600, 0, 1)"
RM_003_FEMTO.h5,26470,zero-sized H5 record,"(600, 0, 1)"
RM_003_FEMTO.h5,26470,metadata shape mismatch,"metadata=(2560.0,2.0); H5=(600, 0, 1)"
RM_003_FEMTO.h5,26471,zero-sized H5 record,"(600, 0, 1)"
RM_003_FEMTO.h5,26471,metadata shape mismatch,"metadata=(2560.0,2.0); H5=(600, 0, 1)"
RM_003_FEMTO.h5,26472,zero-sized H5 record,"(600, 0, 1)"
RM_003_FEMTO.h5,26472,metadata shape mismatch,"metadata=(2560.0,2.0); H5=(600, 0, 1)"
RM_003_FEMTO.h5,26473,zero-sized H5 record,"(600, 0, 1)"
RM_003_FEMTO.h5,26473,metadata shape mismatch,"metadata=(2560.0,2.0); H5=(600, 0, 1)"
RM_003_FEMTO.h5,26474,zero-sized H5 record,"(600, 0, 1)"
RM_003_FEMTO.h5,26474,metadata shape mismatch,"metadata=(2560.0,2.0); H5=(600, 0, 1)"
RM_003_FEMTO.h5,26475,zero-sized H5 record,"(600, 0, 1)"
RM_003_FEMTO.h5,26475,metadata shape mismatch,"metadata=(2560.0,2.0); H5=(600, 0, 1)"
RM_003_FEMTO.h5,26476,zero-sized H5 record,"(600, 0, 1)"
RM_003_FEMTO.h5,26476,metadata shape mismatch,"metadata=(2560.0,2.0); H5=(600, 0, 1)"
RM_003_FEMTO.h5,26477,zero-sized H5 record,"(600, 0, 1)"
RM_003_FEMTO.h5,26477,metadata shape mismatch,"metadata=(2560.0,2.0); H5=(600, 0, 1)"
RM_003_FEMTO.h5,26478,zero-sized H5 record,"(600, 0, 1)"
RM_003_FEMTO.h5,26478,metadata shape mismatch,"metadata=(2560.0,2.0); H5=(600, 0, 1)"
RM_003_FEMTO.h5,26479,zero-sized H5 record,"(600, 0, 1)"
RM_003_FEMTO.h5,26479,metadata shape mismatch,"metadata=(2560.0,2.0); H5=(600, 0, 1)"
RM_003_FEMTO.h5,26480,zero-sized H5 record,"(600, 0, 1)"
RM_003_FEMTO.h5,26480,metadata shape mismatch,"metadata=(2560.0,2.0); H5=(600, 0, 1)"
RM_003_FEMTO.h5,26481,zero-sized H5 record,"(600, 0, 1)"
RM_003_FEMTO.h5,26481,metadata shape mismatch,"metadata=(2560.0,2.0); H5=(600, 0, 1)"
RM_003_FEMTO.h5,26482,zero-sized H5 record,"(600, 0, 1)"
RM_003_FEMTO.h5,26482,metadata shape mismatch,"metadata=(2560.0,2.0); H5=(600, 0, 1)"
RM_003_FEMTO.h5,26483,zero-sized H5 record,"(600, 0, 1)"
RM_003_FEMTO.h5,26483,metadata shape mismatch,"metadata=(2560.0,2.0); H5=(600, 0, 1)"
RM_003_FEMTO.h5,26484,zero-sized H5 record,"(600, 0, 1)"
RM_003_FEMTO.h5,26484,metadata shape mismatch,"metadata=(2560.0,2.0); H5=(600, 0, 1)"
RM_003_FEMTO.h5,26485,zero-sized H5 record,"(600, 0, 1)"
RM_003_FEMTO.h5,26485,metadata shape mismatch,"metadata=(2560.0,2.0); H5=(600, 0, 1)"
RM_003_FEMTO.h5,26486,zero-sized H5 record,"(600, 0, 1)"
RM_003_FEMTO.h5,26486,metadata shape mismatch,"metadata=(2560.0,2.0); H5=(600, 0, 1)"
RM_003_FEMTO.h5,26487,zero-sized H5 record,"(600, 0, 1)"
RM_003_FEMTO.h5,26487,metadata shape mismatch,"metadata=(2560.0,2.0); H5=(600, 0, 1)"
RM_003_FEMTO.h5,26488,zero-sized H5 record,"(600, 0, 1)"
RM_003_FEMTO.h5,26488,metadata shape mismatch,"metadata=(2560.0,2.0); H5=(600, 0, 1)"
RM_003_FEMTO.h5,26489,zero-sized H5 record,"(600, 0, 1)"
RM_003_FEMTO.h5,26489,metadata shape mismatch,"metadata=(2560.0,2.0); H5=(600, 0, 1)"
RM_003_FEMTO.h5,26490,zero-sized H5 record,"(600, 0, 1)"
RM_003_FEMTO.h5,26490,metadata shape mismatch,"metadata=(2560.0,2.0); H5=(600, 0, 1)"
RM_003_FEMTO.h5,26491,zero-sized H5 record,"(600, 0, 1)"
RM_003_FEMTO.h5,26491,metadata shape mismatch,"metadata=(2560.0,2.0); H5=(600, 0, 1)"
RM_003_FEMTO.h5,26492,zero-sized H5 record,"(600, 0, 1)"
RM_003_FEMTO.h5,26492,metadata shape mismatch,"metadata=(2560.0,2.0); H5=(600, 0, 1)"
RM_003_FEMTO.h5,26493,zero-sized H5 record,"(600, 0, 1)"
RM_003_FEMTO.h5,26493,metadata shape mismatch,"metadata=(2560.0,2.0); H5=(600, 0, 1)"
RM_003_FEMTO.h5,26494,zero-sized H5 record,"(600, 0, 1)"
RM_003_FEMTO.h5,26494,metadata shape mismatch,"metadata=(2560.0,2.0); H5=(600, 0, 1)"
RM_003_FEMTO.h5,26495,zero-sized H5 record,"(600, 0, 1)"
RM_003_FEMTO.h5,26495,metadata shape mismatch,"metadata=(2560.0,2.0); H5=(600, 0, 1)"
RM_003_FEMTO.h5,26496,zero-sized H5 record,"(600, 0, 1)"
RM_003_FEMTO.h5,26496,metadata shape mismatch,"metadata=(2560.0,2.0); H5=(600, 0, 1)"
RM_003_FEMTO.h5,26497,zero-sized H5 record,"(600, 0, 1)"
RM_003_FEMTO.h5,26497,metadata shape mismatch,"metadata=(2560.0,2.0); H5=(600, 0, 1)"
RM_003_FEMTO.h5,26498,zero-sized H5 record,"(600, 0, 1)"
RM_003_FEMTO.h5,26498,metadata shape mismatch,"metadata=(2560.0,2.0); H5=(600, 0, 1)"
RM_003_FEMTO.h5,26499,zero-sized H5 record,"(600, 0, 1)"
RM_003_FEMTO.h5,26499,metadata shape mismatch,"metadata=(2560.0,2.0); H5=(600, 0, 1)"
RM_003_FEMTO.h5,26500,zero-sized H5 record,"(600, 0, 1)"
RM_003_FEMTO.h5,26500,metadata shape mismatch,"metadata=(2560.0,2.0); H5=(600, 0, 1)"
RM_003_FEMTO.h5,26501,zero-sized H5 record,"(600, 0, 1)"
RM_003_FEMTO.h5,26501,metadata shape mismatch,"metadata=(2560.0,2.0); H5=(600, 0, 1)"
RM_003_FEMTO.h5,26502,zero-sized H5 record,"(600, 0, 1)"
RM_003_FEMTO.h5,26502,metadata shape mismatch,"metadata=(2560.0,2.0); H5=(600, 0, 1)"
RM_003_FEMTO.h5,26503,zero-sized H5 record,"(600, 0, 1)"
RM_003_FEMTO.h5,26503,metadata shape mismatch,"metadata=(2560.0,2.0); H5=(600, 0, 1)"
RM_003_FEMTO.h5,26504,zero-sized H5 record,"(600, 0, 1)"
RM_003_FEMTO.h5,26504,metadata shape mismatch,"metadata=(2560.0,2.0); H5=(600, 0, 1)"
RM_003_FEMTO.h5,26505,zero-sized H5 record,"(600, 0, 1)"
RM_003_FEMTO.h5,26505,metadata shape mismatch,"metadata=(2560.0,2.0); H5=(600, 0, 1)"
RM_003_FEMTO.h5,26506,zero-sized H5 record,"(600, 0, 1)"
RM_003_FEMTO.h5,26506,metadata shape mismatch,"metadata=(2560.0,2.0); H5=(600, 0, 1)"
RM_003_FEMTO.h5,26507,zero-sized H5 record,"(600, 0, 1)"
RM_003_FEMTO.h5,26507,metadata shape mismatch,"metadata=(2560.0,2.0); H5=(600, 0, 1)"
RM_003_FEMTO.h5,26508,zero-sized H5 record,"(600, 0, 1)"
RM_003_FEMTO.h5,26508,metadata shape mismatch,"metadata=(2560.0,2.0); H5=(600, 0, 1)"
RM_003_FEMTO.h5,26509,zero-sized H5 record,"(600, 0, 1)"
RM_003_FEMTO.h5,26509,metadata shape mismatch,"metadata=(2560.0,2.0); H5=(600, 0, 1)"
RM_003_FEMTO.h5,26510,zero-sized H5 record,"(600, 0, 1)"
RM_003_FEMTO.h5,26510,metadata shape mismatch,"metadata=(2560.0,2.0); H5=(600, 0, 1)"
RM_003_FEMTO.h5,26511,zero-sized H5 record,"(600, 0, 1)"
RM_003_FEMTO.h5,26511,metadata shape mismatch,"metadata=(2560.0,2.0); H5=(600, 0, 1)"
RM_003_FEMTO.h5,26512,zero-sized H5 record,"(600, 0, 1)"
RM_003_FEMTO.h5,26512,metadata shape mismatch,"metadata=(2560.0,2.0); H5=(600, 0, 1)"
RM_003_FEMTO.h5,26513,zero-sized H5 record,"(600, 0, 1)"
RM_003_FEMTO.h5,26513,metadata shape mismatch,"metadata=(2560.0,2.0); H5=(600, 0, 1)"
RM_003_FEMTO.h5,26514,zero-sized H5 record,"(600, 0, 1)"
RM_003_FEMTO.h5,26514,metadata shape mismatch,"metadata=(2560.0,2.0); H5=(600, 0, 1)"
RM_003_FEMTO.h5,26515,zero-sized H5 record,"(600, 0, 1)"
RM_003_FEMTO.h5,26515,metadata shape mismatch,"metadata=(2560.0,2.0); H5=(600, 0, 1)"
RM_003_FEMTO.h5,26516,zero-sized H5 record,"(600, 0, 1)"
RM_003_FEMTO.h5,26516,metadata shape mismatch,"metadata=(2560.0,2.0); H5=(600, 0, 1)"
RM_003_FEMTO.h5,26517,zero-sized H5 record,"(600, 0, 1)"
RM_003_FEMTO.h5,26517,metadata shape mismatch,"metadata=(2560.0,2.0); H5=(600, 0, 1)"
RM_003_FEMTO.h5,26518,zero-sized H5 record,"(600, 0, 1)"
RM_003_FEMTO.h5,26518,metadata shape mismatch,"metadata=(2560.0,2.0); H5=(600, 0, 1)"
RM_003_FEMTO.h5,26519,zero-sized H5 record,"(600, 0, 1)"
RM_003_FEMTO.h5,26519,metadata shape mismatch,"metadata=(2560.0,2.0); H5=(600, 0, 1)"
RM_003_FEMTO.h5,26520,zero-sized H5 record,"(600, 0, 1)"
RM_003_FEMTO.h5,26520,metadata shape mismatch,"metadata=(2560.0,2.0); H5=(600, 0, 1)"
RM_003_FEMTO.h5,26521,zero-sized H5 record,"(600, 0, 1)"
RM_003_FEMTO.h5,26521,metadata shape mismatch,"metadata=(2560.0,2.0); H5=(600, 0, 1)"
RM_003_FEMTO.h5,26522,zero-sized H5 record,"(600, 0, 1)"
RM_003_FEMTO.h5,26522,metadata shape mismatch,"metadata=(2560.0,2.0); H5=(600, 0, 1)"
RM_003_FEMTO.h5,26523,zero-sized H5 record,"(600, 0, 1)"
RM_003_FEMTO.h5,26523,metadata shape mismatch,"metadata=(2560.0,2.0); H5=(600, 0, 1)"
RM_003_FEMTO.h5,26524,zero-sized H5 record,"(600, 0, 1)"
RM_003_FEMTO.h5,26524,metadata shape mismatch,"metadata=(2560.0,2.0); H5=(600, 0, 1)"
RM_003_FEMTO.h5,26525,zero-sized H5 record,"(600, 0, 1)"
RM_003_FEMTO.h5,26525,metadata shape mismatch,"metadata=(2560.0,2.0); H5=(600, 0, 1)"
RM_003_FEMTO.h5,26526,zero-sized H5 record,"(600, 0, 1)"
RM_003_FEMTO.h5,26526,metadata shape mismatch,"metadata=(2560.0,2.0); H5=(600, 0, 1)"
RM_003_FEMTO.h5,26527,zero-sized H5 record,"(600, 0, 1)"
RM_003_FEMTO.h5,26527,metadata shape mismatch,"metadata=(2560.0,2.0); H5=(600, 0, 1)"
RM_003_FEMTO.h5,26528,zero-sized H5 record,"(600, 0, 1)"
RM_003_FEMTO.h5,26528,metadata shape mismatch,"metadata=(2560.0,2.0); H5=(600, 0, 1)"
RM_003_FEMTO.h5,26529,zero-sized H5 record,"(600, 0, 1)"
RM_003_FEMTO.h5,26529,metadata shape mismatch,"metadata=(2560.0,2.0); H5=(600, 0, 1)"
RM_003_FEMTO.h5,26530,zero-sized H5 record,"(600, 0, 1)"
RM_003_FEMTO.h5,26530,metadata shape mismatch,"metadata=(2560.0,2.0); H5=(600, 0, 1)"
RM_003_FEMTO.h5,26531,zero-sized H5 record,"(600, 0, 1)"
RM_003_FEMTO.h5,26531,metadata shape mismatch,"metadata=(2560.0,2.0); H5=(600, 0, 1)"
RM_003_FEMTO.h5,26532,zero-sized H5 record,"(600, 0, 1)"
RM_003_FEMTO.h5,26532,metadata shape mismatch,"metadata=(2560.0,2.0); H5=(600, 0, 1)"
RM_003_FEMTO.h5,26533,zero-sized H5 record,"(600, 0, 1)"
RM_003_FEMTO.h5,26533,metadata shape mismatch,"metadata=(2560.0,2.0); H5=(600, 0, 1)"
RM_003_FEMTO.h5,26534,zero-sized H5 record,"(600, 0, 1)"
RM_003_FEMTO.h5,26534,metadata shape mismatch,"metadata=(2560.0,2.0); H5=(600, 0, 1)"
RM_003_FEMTO.h5,26535,zero-sized H5 record,"(600, 0, 1)"
RM_003_FEMTO.h5,26535,metadata shape mismatch,"metadata=(2560.0,2.0); H5=(600, 0, 1)"
RM_003_FEMTO.h5,26536,zero-sized H5 record,"(600, 0, 1)"
RM_003_FEMTO.h5,26536,metadata shape mismatch,"metadata=(2560.0,2.0); H5=(600, 0, 1)"
RM_003_FEMTO.h5,26537,zero-sized H5 record,"(600, 0, 1)"
RM_003_FEMTO.h5,26537,metadata shape mismatch,"metadata=(2560.0,2.0); H5=(600, 0, 1)"
RM_003_FEMTO.h5,26538,zero-sized H5 record,"(600, 0, 1)"
RM_003_FEMTO.h5,26538,metadata shape mismatch,"metadata=(2560.0,2.0); H5=(600, 0, 1)"
RM_003_FEMTO.h5,26539,zero-sized H5 record,"(600, 0, 1)"
RM_003_FEMTO.h5,26539,metadata shape mismatch,"metadata=(2560.0,2.0); H5=(600, 0, 1)"
RM_003_FEMTO.h5,26540,zero-sized H5 record,"(600, 0, 1)"
RM_003_FEMTO.h5,26540,metadata shape mismatch,"metadata=(2560.0,2.0); H5=(600, 0, 1)"
RM_003_FEMTO.h5,26541,zero-sized H5 record,"(600, 0, 1)"
RM_003_FEMTO.h5,26541,metadata shape mismatch,"metadata=(2560.0,2.0); H5=(600, 0, 1)"
RM_003_FEMTO.h5,26542,zero-sized H5 record,"(600, 0, 1)"
RM_003_FEMTO.h5,26542,metadata shape mismatch,"metadata=(2560.0,2.0); H5=(600, 0, 1)"
RM_003_FEMTO.h5,26543,zero-sized H5 record,"(600, 0, 1)"
RM_003_FEMTO.h5,26543,metadata shape mismatch,"metadata=(2560.0,2.0); H5=(600, 0, 1)"
RM_003_FEMTO.h5,26544,zero-sized H5 record,"(600, 0, 1)"
RM_003_FEMTO.h5,26544,metadata shape mismatch,"metadata=(2560.0,2.0); H5=(600, 0, 1)"
RM_003_FEMTO.h5,26545,zero-sized H5 record,"(600, 0, 1)"
RM_003_FEMTO.h5,26545,metadata shape mismatch,"metadata=(2560.0,2.0); H5=(600, 0, 1)"
RM_003_FEMTO.h5,26546,zero-sized H5 record,"(600, 0, 1)"
RM_003_FEMTO.h5,26546,metadata shape mismatch,"metadata=(2560.0,2.0); H5=(600, 0, 1)"
RM_003_FEMTO.h5,26547,zero-sized H5 record,"(600, 0, 1)"
RM_003_FEMTO.h5,26547,metadata shape mismatch,"metadata=(2560.0,2.0); H5=(600, 0, 1)"
RM_003_FEMTO.h5,26548,zero-sized H5 record,"(600, 0, 1)"
RM_003_FEMTO.h5,26548,metadata shape mismatch,"metadata=(2560.0,2.0); H5=(600, 0, 1)"
RM_003_FEMTO.h5,26549,zero-sized H5 record,"(600, 0, 1)"
RM_003_FEMTO.h5,26549,metadata shape mismatch,"metadata=(2560.0,2.0); H5=(600, 0, 1)"
RM_003_FEMTO.h5,26550,zero-sized H5 record,"(600, 0, 1)"
RM_003_FEMTO.h5,26550,metadata shape mismatch,"metadata=(2560.0,2.0); H5=(600, 0, 1)"
RM_003_FEMTO.h5,26551,zero-sized H5 record,"(600, 0, 1)"
RM_003_FEMTO.h5,26551,metadata shape mismatch,"metadata=(2560.0,2.0); H5=(600, 0, 1)"
RM_003_FEMTO.h5,26552,zero-sized H5 record,"(600, 0, 1)"
RM_003_FEMTO.h5,26552,metadata shape mismatch,"metadata=(2560.0,2.0); H5=(600, 0, 1)"
RM_003_FEMTO.h5,26553,zero-sized H5 record,"(600, 0, 1)"
RM_003_FEMTO.h5,26553,metadata shape mismatch,"metadata=(2560.0,2.0); H5=(600, 0, 1)"
RM_003_FEMTO.h5,26554,zero-sized H5 record,"(600, 0, 1)"
RM_003_FEMTO.h5,26554,metadata shape mismatch,"metadata=(2560.0,2.0); H5=(600, 0, 1)"
RM_003_FEMTO.h5,26555,zero-sized H5 record,"(600, 0, 1)"
RM_003_FEMTO.h5,26555,metadata shape mismatch,"metadata=(2560.0,2.0); H5=(600, 0, 1)"
RM_003_FEMTO.h5,26556,zero-sized H5 record,"(600, 0, 1)"
RM_003_FEMTO.h5,26556,metadata shape mismatch,"metadata=(2560.0,2.0); H5=(600, 0, 1)"
RM_003_FEMTO.h5,26557,zero-sized H5 record,"(600, 0, 1)"
RM_003_FEMTO.h5,26557,metadata shape mismatch,"metadata=(2560.0,2.0); H5=(600, 0, 1)"
RM_003_FEMTO.h5,26558,zero-sized H5 record,"(600, 0, 1)"
RM_003_FEMTO.h5,26558,metadata shape mismatch,"metadata=(2560.0,2.0); H5=(600, 0, 1)"
RM_003_FEMTO.h5,26559,zero-sized H5 record,"(600, 0, 1)"
RM_003_FEMTO.h5,26559,metadata shape mismatch,"metadata=(2560.0,2.0); H5=(600, 0, 1)"
RM_003_FEMTO.h5,26560,zero-sized H5 record,"(600, 0, 1)"
RM_003_FEMTO.h5,26560,metadata shape mismatch,"metadata=(2560.0,2.0); H5=(600, 0, 1)"
RM_003_FEMTO.h5,26561,zero-sized H5 record,"(600, 0, 1)"
RM_003_FEMTO.h5,26561,metadata shape mismatch,"metadata=(2560.0,2.0); H5=(600, 0, 1)"
RM_003_FEMTO.h5,26562,zero-sized H5 record,"(600, 0, 1)"
RM_003_FEMTO.h5,26562,metadata shape mismatch,"metadata=(2560.0,2.0); H5=(600, 0, 1)"
RM_003_FEMTO.h5,26563,zero-sized H5 record,"(600, 0, 1)"
RM_003_FEMTO.h5,26563,metadata shape mismatch,"metadata=(2560.0,2.0); H5=(600, 0, 1)"
RM_003_FEMTO.h5,26564,zero-sized H5 record,"(600, 0, 1)"
RM_003_FEMTO.h5,26564,metadata shape mismatch,"metadata=(2560.0,2.0); H5=(600, 0, 1)"
RM_003_FEMTO.h5,26565,zero-sized H5 record,"(600, 0, 1)"
RM_003_FEMTO.h5,26565,metadata shape mismatch,"metadata=(2560.0,2.0); H5=(600, 0, 1)"
RM_003_FEMTO.h5,26566,zero-sized H5 record,"(600, 0, 1)"
RM_003_FEMTO.h5,26566,metadata shape mismatch,"metadata=(2560.0,2.0); H5=(600, 0, 1)"
RM_003_FEMTO.h5,26567,zero-sized H5 record,"(600, 0, 1)"
RM_003_FEMTO.h5,26567,metadata shape mismatch,"metadata=(2560.0,2.0); H5=(600, 0, 1)"
RM_003_FEMTO.h5,26568,zero-sized H5 record,"(600, 0, 1)"
RM_003_FEMTO.h5,26568,metadata shape mismatch,"metadata=(2560.0,2.0); H5=(600, 0, 1)"
RM_003_FEMTO.h5,26569,zero-sized H5 record,"(600, 0, 1)"
RM_003_FEMTO.h5,26569,metadata shape mismatch,"metadata=(2560.0,2.0); H5=(600, 0, 1)"
RM_003_FEMTO.h5,26570,zero-sized H5 record,"(600, 0, 1)"
RM_003_FEMTO.h5,26570,metadata shape mismatch,"metadata=(2560.0,2.0); H5=(600, 0, 1)"
RM_003_FEMTO.h5,26571,zero-sized H5 record,"(600, 0, 1)"
RM_003_FEMTO.h5,26571,metadata shape mismatch,"metadata=(2560.0,2.0); H5=(600, 0, 1)"
RM_003_FEMTO.h5,26572,zero-sized H5 record,"(600, 0, 1)"
RM_003_FEMTO.h5,26572,metadata shape mismatch,"metadata=(2560.0,2.0); H5=(600, 0, 1)"
RM_003_FEMTO.h5,26573,zero-sized H5 record,"(600, 0, 1)"
RM_003_FEMTO.h5,26573,metadata shape mismatch,"metadata=(2560.0,2.0); H5=(600, 0, 1)"
RM_003_FEMTO.h5,26574,zero-sized H5 record,"(600, 0, 1)"
RM_003_FEMTO.h5,26574,metadata shape mismatch,"metadata=(2560.0,2.0); H5=(600, 0, 1)"
RM_003_FEMTO.h5,26575,zero-sized H5 record,"(600, 0, 1)"
RM_003_FEMTO.h5,26575,metadata shape mismatch,"metadata=(2560.0,2.0); H5=(600, 0, 1)"
RM_003_FEMTO.h5,26576,zero-sized H5 record,"(600, 0, 1)"
RM_003_FEMTO.h5,26576,metadata shape mismatch,"metadata=(2560.0,2.0); H5=(600, 0, 1)"
RM_003_FEMTO.h5,26577,zero-sized H5 record,"(600, 0, 1)"
RM_003_FEMTO.h5,26577,metadata shape mismatch,"metadata=(2560.0,2.0); H5=(600, 0, 1)"
RM_003_FEMTO.h5,26578,zero-sized H5 record,"(600, 0, 1)"
RM_003_FEMTO.h5,26578,metadata shape mismatch,"metadata=(2560.0,2.0); H5=(600, 0, 1)"
RM_003_FEMTO.h5,26579,zero-sized H5 record,"(600, 0, 1)"
RM_003_FEMTO.h5,26579,metadata shape mismatch,"metadata=(2560.0,2.0); H5=(600, 0, 1)"
RM_003_FEMTO.h5,26580,zero-sized H5 record,"(600, 0, 1)"
RM_003_FEMTO.h5,26580,metadata shape mismatch,"metadata=(2560.0,2.0); H5=(600, 0, 1)"
RM_003_FEMTO.h5,26581,zero-sized H5 record,"(600, 0, 1)"
RM_003_FEMTO.h5,26581,metadata shape mismatch,"metadata=(2560.0,2.0); H5=(600, 0, 1)"
RM_003_FEMTO.h5,26582,zero-sized H5 record,"(600, 0, 1)"
RM_003_FEMTO.h5,26582,metadata shape mismatch,"metadata=(2560.0,2.0); H5=(600, 0, 1)"
RM_003_FEMTO.h5,26583,zero-sized H5 record,"(600, 0, 1)"
RM_003_FEMTO.h5,26583,metadata shape mismatch,"metadata=(2560.0,2.0); H5=(600, 0, 1)"
RM_003_FEMTO.h5,26584,zero-sized H5 record,"(600, 0, 1)"
RM_003_FEMTO.h5,26584,metadata shape mismatch,"metadata=(2560.0,2.0); H5=(600, 0, 1)"
RM_003_FEMTO.h5,26585,zero-sized H5 record,"(600, 0, 1)"
RM_003_FEMTO.h5,26585,metadata shape mismatch,"metadata=(2560.0,2.0); H5=(600, 0, 1)"
RM_003_FEMTO.h5,26586,zero-sized H5 record,"(600, 0, 1)"
RM_003_FEMTO.h5,26586,metadata shape mismatch,"metadata=(2560.0,2.0); H5=(600, 0, 1)"
RM_003_FEMTO.h5,26587,zero-sized H5 record,"(600, 0, 1)"
RM_003_FEMTO.h5,26587,metadata shape mismatch,"metadata=(2560.0,2.0); H5=(600, 0, 1)"
RM_003_FEMTO.h5,26588,zero-sized H5 record,"(600, 0, 1)"
RM_003_FEMTO.h5,26588,metadata shape mismatch,"metadata=(2560.0,2.0); H5=(600, 0, 1)"
RM_003_FEMTO.h5,26589,zero-sized H5 record,"(600, 0, 1)"
RM_003_FEMTO.h5,26589,metadata shape mismatch,"metadata=(2560.0,2.0); H5=(600, 0, 1)"
RM_003_FEMTO.h5,26590,zero-sized H5 record,"(600, 0, 1)"
RM_003_FEMTO.h5,26590,metadata shape mismatch,"metadata=(2560.0,2.0); H5=(600, 0, 1)"
RM_003_FEMTO.h5,26591,zero-sized H5 record,"(600, 0, 1)"
RM_003_FEMTO.h5,26591,metadata shape mismatch,"metadata=(2560.0,2.0); H5=(600, 0, 1)"
RM_003_FEMTO.h5,26592,zero-sized H5 record,"(600, 0, 1)"
RM_003_FEMTO.h5,26592,metadata shape mismatch,"metadata=(2560.0,2.0); H5=(600, 0, 1)"
RM_003_FEMTO.h5,26593,zero-sized H5 record,"(600, 0, 1)"
RM_003_FEMTO.h5,26593,metadata shape mismatch,"metadata=(2560.0,2.0); H5=(600, 0, 1)"
RM_003_FEMTO.h5,26594,zero-sized H5 record,"(600, 0, 1)"
RM_003_FEMTO.h5,26594,metadata shape mismatch,"metadata=(2560.0,2.0); H5=(600, 0, 1)"
RM_003_FEMTO.h5,26595,zero-sized H5 record,"(600, 0, 1)"
RM_003_FEMTO.h5,26595,metadata shape mismatch,"metadata=(2560.0,2.0); H5=(600, 0, 1)"
RM_003_FEMTO.h5,26596,zero-sized H5 record,"(600, 0, 1)"
RM_003_FEMTO.h5,26596,metadata shape mismatch,"metadata=(2560.0,2.0); H5=(600, 0, 1)"
RM_003_FEMTO.h5,26597,zero-sized H5 record,"(600, 0, 1)"
RM_003_FEMTO.h5,26597,metadata shape mismatch,"metadata=(2560.0,2.0); H5=(600, 0, 1)"
RM_003_FEMTO.h5,26598,zero-sized H5 record,"(600, 0, 1)"
RM_003_FEMTO.h5,26598,metadata shape mismatch,"metadata=(2560.0,2.0); H5=(600, 0, 1)"
RM_003_FEMTO.h5,26599,zero-sized H5 record,"(600, 0, 1)"
RM_003_FEMTO.h5,26599,metadata shape mismatch,"metadata=(2560.0,2.0); H5=(600, 0, 1)"
RM_003_FEMTO.h5,26600,zero-sized H5 record,"(600, 0, 1)"
RM_003_FEMTO.h5,26600,metadata shape mismatch,"metadata=(2560.0,2.0); H5=(600, 0, 1)"
RM_003_FEMTO.h5,26601,zero-sized H5 record,"(600, 0, 1)"
RM_003_FEMTO.h5,26601,metadata shape mismatch,"metadata=(2560.0,2.0); H5=(600, 0, 1)"
RM_003_FEMTO.h5,26602,zero-sized H5 record,"(600, 0, 1)"
RM_003_FEMTO.h5,26602,metadata shape mismatch,"metadata=(2560.0,2.0); H5=(600, 0, 1)"
RM_003_FEMTO.h5,26603,zero-sized H5 record,"(600, 0, 1)"
RM_003_FEMTO.h5,26603,metadata shape mismatch,"metadata=(2560.0,2.0); H5=(600, 0, 1)"
RM_003_FEMTO.h5,26604,zero-sized H5 record,"(600, 0, 1)"
RM_003_FEMTO.h5,26604,metadata shape mismatch,"metadata=(2560.0,2.0); H5=(600, 0, 1)"
RM_003_FEMTO.h5,26605,zero-sized H5 record,"(600, 0, 1)"
RM_003_FEMTO.h5,26605,metadata shape mismatch,"metadata=(2560.0,2.0); H5=(600, 0, 1)"
RM_003_FEMTO.h5,26606,zero-sized H5 record,"(600, 0, 1)"
RM_003_FEMTO.h5,26606,metadata shape mismatch,"metadata=(2560.0,2.0); H5=(600, 0, 1)"
RM_003_FEMTO.h5,26607,zero-sized H5 record,"(600, 0, 1)"
RM_003_FEMTO.h5,26607,metadata shape mismatch,"metadata=(2560.0,2.0); H5=(600, 0, 1)"
RM_003_FEMTO.h5,26608,zero-sized H5 record,"(600, 0, 1)"
RM_003_FEMTO.h5,26608,metadata shape mismatch,"metadata=(2560.0,2.0); H5=(600, 0, 1)"
RM_003_FEMTO.h5,26609,zero-sized H5 record,"(600, 0, 1)"
RM_003_FEMTO.h5,26609,metadata shape mismatch,"metadata=(2560.0,2.0); H5=(600, 0, 1)"
RM_003_FEMTO.h5,26610,zero-sized H5 record,"(600, 0, 1)"
RM_003_FEMTO.h5,26610,metadata shape mismatch,"metadata=(2560.0,2.0); H5=(600, 0, 1)"
RM_003_FEMTO.h5,26611,zero-sized H5 record,"(600, 0, 1)"
RM_003_FEMTO.h5,26611,metadata shape mismatch,"metadata=(2560.0,2.0); H5=(600, 0, 1)"
RM_003_FEMTO.h5,26612,zero-sized H5 record,"(600, 0, 1)"
RM_003_FEMTO.h5,26612,metadata shape mismatch,"metadata=(2560.0,2.0); H5=(600, 0, 1)"
RM_003_FEMTO.h5,26613,zero-sized H5 record,"(600, 0, 1)"
RM_003_FEMTO.h5,26613,metadata shape mismatch,"metadata=(2560.0,2.0); H5=(600, 0, 1)"
RM_003_FEMTO.h5,26614,zero-sized H5 record,"(600, 0, 1)"
RM_003_FEMTO.h5,26614,metadata shape mismatch,"metadata=(2560.0,2.0); H5=(600, 0, 1)"
RM_003_FEMTO.h5,26615,zero-sized H5 record,"(600, 0, 1)"
RM_003_FEMTO.h5,26615,metadata shape mismatch,"metadata=(2560.0,2.0); H5=(600, 0, 1)"
RM_003_FEMTO.h5,26616,zero-sized H5 record,"(600, 0, 1)"
RM_003_FEMTO.h5,26616,metadata shape mismatch,"metadata=(2560.0,2.0); H5=(600, 0, 1)"
RM_003_FEMTO.h5,26617,zero-sized H5 record,"(600, 0, 1)"
RM_003_FEMTO.h5,26617,metadata shape mismatch,"metadata=(2560.0,2.0); H5=(600, 0, 1)"
RM_003_FEMTO.h5,26618,zero-sized H5 record,"(600, 0, 1)"
RM_003_FEMTO.h5,26618,metadata shape mismatch,"metadata=(2560.0,2.0); H5=(600, 0, 1)"
RM_003_FEMTO.h5,26619,zero-sized H5 record,"(600, 0, 1)"
RM_003_FEMTO.h5,26619,metadata shape mismatch,"metadata=(2560.0,2.0); H5=(600, 0, 1)"
RM_003_FEMTO.h5,26620,zero-sized H5 record,"(600, 0, 1)"
RM_003_FEMTO.h5,26620,metadata shape mismatch,"metadata=(2560.0,2.0); H5=(600, 0, 1)"
RM_003_FEMTO.h5,26621,zero-sized H5 record,"(600, 0, 1)"
RM_003_FEMTO.h5,26621,metadata shape mismatch,"metadata=(2560.0,2.0); H5=(600, 0, 1)"
RM_003_FEMTO.h5,26622,zero-sized H5 record,"(600, 0, 1)"
RM_003_FEMTO.h5,26622,metadata shape mismatch,"metadata=(2560.0,2.0); H5=(600, 0, 1)"
RM_003_FEMTO.h5,26623,zero-sized H5 record,"(600, 0, 1)"
RM_003_FEMTO.h5,26623,metadata shape mismatch,"metadata=(2560.0,2.0); H5=(600, 0, 1)"
RM_003_FEMTO.h5,26624,zero-sized H5 record,"(600, 0, 1)"
RM_003_FEMTO.h5,26624,metadata shape mismatch,"metadata=(2560.0,2.0); H5=(600, 0, 1)"
RM_003_FEMTO.h5,26625,zero-sized H5 record,"(600, 0, 1)"
RM_003_FEMTO.h5,26625,metadata shape mismatch,"metadata=(2560.0,2.0); H5=(600, 0, 1)"
RM_003_FEMTO.h5,26626,zero-sized H5 record,"(600, 0, 1)"
RM_003_FEMTO.h5,26626,metadata shape mismatch,"metadata=(2560.0,2.0); H5=(600, 0, 1)"
RM_003_FEMTO.h5,26627,zero-sized H5 record,"(600, 0, 1)"
RM_003_FEMTO.h5,26627,metadata shape mismatch,"metadata=(2560.0,2.0); H5=(600, 0, 1)"
RM_003_FEMTO.h5,26628,zero-sized H5 record,"(600, 0, 1)"
RM_003_FEMTO.h5,26628,metadata shape mismatch,"metadata=(2560.0,2.0); H5=(600, 0, 1)"
RM_003_FEMTO.h5,26629,zero-sized H5 record,"(600, 0, 1)"
RM_003_FEMTO.h5,26629,metadata shape mismatch,"metadata=(2560.0,2.0); H5=(600, 0, 1)"
RM_003_FEMTO.h5,26630,zero-sized H5 record,"(600, 0, 1)"
RM_003_FEMTO.h5,26630,metadata shape mismatch,"metadata=(2560.0,2.0); H5=(600, 0, 1)"
RM_003_FEMTO.h5,26631,zero-sized H5 record,"(600, 0, 1)"
RM_003_FEMTO.h5,26631,metadata shape mismatch,"metadata=(2560.0,2.0); H5=(600, 0, 1)"
RM_003_FEMTO.h5,26632,zero-sized H5 record,"(600, 0, 1)"
RM_003_FEMTO.h5,26632,metadata shape mismatch,"metadata=(2560.0,2.0); H5=(600, 0, 1)"
RM_003_FEMTO.h5,26633,zero-sized H5 record,"(600, 0, 1)"
RM_003_FEMTO.h5,26633,metadata shape mismatch,"metadata=(2560.0,2.0); H5=(600, 0, 1)"
RM_003_FEMTO.h5,26634,zero-sized H5 record,"(600, 0, 1)"
RM_003_FEMTO.h5,26634,metadata shape mismatch,"metadata=(2560.0,2.0); H5=(600, 0, 1)"
RM_003_FEMTO.h5,26635,zero-sized H5 record,"(600, 0, 1)"
RM_003_FEMTO.h5,26635,metadata shape mismatch,"metadata=(2560.0,2.0); H5=(600, 0, 1)"
RM_003_FEMTO.h5,26636,zero-sized H5 record,"(600, 0, 1)"
RM_003_FEMTO.h5,26636,metadata shape mismatch,"metadata=(2560.0,2.0); H5=(600, 0, 1)"
RM_003_FEMTO.h5,26637,zero-sized H5 record,"(600, 0, 1)"
RM_003_FEMTO.h5,26637,metadata shape mismatch,"metadata=(2560.0,2.0); H5=(600, 0, 1)"
RM_003_FEMTO.h5,26638,zero-sized H5 record,"(600, 0, 1)"
RM_003_FEMTO.h5,26638,metadata shape mismatch,"metadata=(2560.0,2.0); H5=(600, 0, 1)"
RM_003_FEMTO.h5,26639,zero-sized H5 record,"(600, 0, 1)"
RM_003_FEMTO.h5,26639,metadata shape mismatch,"metadata=(2560.0,2.0); H5=(600, 0, 1)"
RM_003_FEMTO.h5,26640,zero-sized H5 record,"(600, 0, 1)"
RM_003_FEMTO.h5,26640,metadata shape mismatch,"metadata=(2560.0,2.0); H5=(600, 0, 1)"
RM_003_FEMTO.h5,26641,zero-sized H5 record,"(600, 0, 1)"
RM_003_FEMTO.h5,26641,metadata shape mismatch,"metadata=(2560.0,2.0); H5=(600, 0, 1)"
RM_003_FEMTO.h5,26642,zero-sized H5 record,"(600, 0, 1)"
RM_003_FEMTO.h5,26642,metadata shape mismatch,"metadata=(2560.0,2.0); H5=(600, 0, 1)"
RM_003_FEMTO.h5,26643,zero-sized H5 record,"(600, 0, 1)"
RM_003_FEMTO.h5,26643,metadata shape mismatch,"metadata=(2560.0,2.0); H5=(600, 0, 1)"
RM_003_FEMTO.h5,26644,zero-sized H5 record,"(600, 0, 1)"
RM_003_FEMTO.h5,26644,metadata shape mismatch,"metadata=(2560.0,2.0); H5=(600, 0, 1)"
RM_003_FEMTO.h5,26645,zero-sized H5 record,"(600, 0, 1)"
RM_003_FEMTO.h5,26645,metadata shape mismatch,"metadata=(2560.0,2.0); H5=(600, 0, 1)"
RM_003_FEMTO.h5,26646,zero-sized H5 record,"(600, 0, 1)"
RM_003_FEMTO.h5,26646,metadata shape mismatch,"metadata=(2560.0,2.0); H5=(600, 0, 1)"
RM_003_FEMTO.h5,26647,zero-sized H5 record,"(600, 0, 1)"
RM_003_FEMTO.h5,26647,metadata shape mismatch,"metadata=(2560.0,2.0); H5=(600, 0, 1)"
RM_003_FEMTO.h5,26648,zero-sized H5 record,"(600, 0, 1)"
RM_003_FEMTO.h5,26648,metadata shape mismatch,"metadata=(2560.0,2.0); H5=(600, 0, 1)"
RM_003_FEMTO.h5,26649,zero-sized H5 record,"(600, 0, 1)"
RM_003_FEMTO.h5,26649,metadata shape mismatch,"metadata=(2560.0,2.0); H5=(600, 0, 1)"
RM_003_FEMTO.h5,26650,zero-sized H5 record,"(600, 0, 1)"
RM_003_FEMTO.h5,26650,metadata shape mismatch,"metadata=(2560.0,2.0); H5=(600, 0, 1)"
RM_003_FEMTO.h5,26651,zero-sized H5 record,"(600, 0, 1)"
RM_003_FEMTO.h5,26651,metadata shape mismatch,"metadata=(2560.0,2.0); H5=(600, 0, 1)"
RM_003_FEMTO.h5,26652,zero-sized H5 record,"(600, 0, 1)"
RM_003_FEMTO.h5,26652,metadata shape mismatch,"metadata=(2560.0,2.0); H5=(600, 0, 1)"
RM_003_FEMTO.h5,26653,zero-sized H5 record,"(600, 0, 1)"
RM_003_FEMTO.h5,26653,metadata shape mismatch,"metadata=(2560.0,2.0); H5=(600, 0, 1)"
RM_003_FEMTO.h5,26654,zero-sized H5 record,"(600, 0, 1)"
RM_003_FEMTO.h5,26654,metadata shape mismatch,"metadata=(2560.0,2.0); H5=(600, 0, 1)"
RM_003_FEMTO.h5,26655,zero-sized H5 record,"(600, 0, 1)"
RM_003_FEMTO.h5,26655,metadata shape mismatch,"metadata=(2560.0,2.0); H5=(600, 0, 1)"
RM_003_FEMTO.h5,26656,zero-sized H5 record,"(600, 0, 1)"
RM_003_FEMTO.h5,26656,metadata shape mismatch,"metadata=(2560.0,2.0); H5=(600, 0, 1)"
RM_003_FEMTO.h5,26657,zero-sized H5 record,"(600, 0, 1)"
RM_003_FEMTO.h5,26657,metadata shape mismatch,"metadata=(2560.0,2.0); H5=(600, 0, 1)"
RM_003_FEMTO.h5,26658,zero-sized H5 record,"(600, 0, 1)"
RM_003_FEMTO.h5,26658,metadata shape mismatch,"metadata=(2560.0,2.0); H5=(600, 0, 1)"
RM_003_FEMTO.h5,26659,zero-sized H5 record,"(600, 0, 1)"
RM_003_FEMTO.h5,26659,metadata shape mismatch,"metadata=(2560.0,2.0); H5=(600, 0, 1)"
RM_003_FEMTO.h5,26660,zero-sized H5 record,"(600, 0, 1)"
RM_003_FEMTO.h5,26660,metadata shape mismatch,"metadata=(2560.0,2.0); H5=(600, 0, 1)"
RM_003_FEMTO.h5,26661,zero-sized H5 record,"(600, 0, 1)"
RM_003_FEMTO.h5,26661,metadata shape mismatch,"metadata=(2560.0,2.0); H5=(600, 0, 1)"
RM_003_FEMTO.h5,26662,zero-sized H5 record,"(600, 0, 1)"
RM_003_FEMTO.h5,26662,metadata shape mismatch,"metadata=(2560.0,2.0); H5=(600, 0, 1)"
RM_003_FEMTO.h5,26663,zero-sized H5 record,"(600, 0, 1)"
RM_003_FEMTO.h5,26663,metadata shape mismatch,"metadata=(2560.0,2.0); H5=(600, 0, 1)"
RM_003_FEMTO.h5,26664,zero-sized H5 record,"(600, 0, 1)"
RM_003_FEMTO.h5,26664,metadata shape mismatch,"metadata=(2560.0,2.0); H5=(600, 0, 1)"
RM_003_FEMTO.h5,26665,zero-sized H5 record,"(600, 0, 1)"
RM_003_FEMTO.h5,26665,metadata shape mismatch,"metadata=(2560.0,2.0); H5=(600, 0, 1)"
RM_003_FEMTO.h5,26666,zero-sized H5 record,"(600, 0, 1)"
RM_003_FEMTO.h5,26666,metadata shape mismatch,"metadata=(2560.0,2.0); H5=(600, 0, 1)"
RM_003_FEMTO.h5,26667,zero-sized H5 record,"(600, 0, 1)"
RM_003_FEMTO.h5,26667,metadata shape mismatch,"metadata=(2560.0,2.0); H5=(600, 0, 1)"
RM_003_FEMTO.h5,26668,zero-sized H5 record,"(600, 0, 1)"
RM_003_FEMTO.h5,26668,metadata shape mismatch,"metadata=(2560.0,2.0); H5=(600, 0, 1)"
RM_003_FEMTO.h5,26669,zero-sized H5 record,"(600, 0, 1)"
RM_003_FEMTO.h5,26669,metadata shape mismatch,"metadata=(2560.0,2.0); H5=(600, 0, 1)"
RM_003_FEMTO.h5,26670,zero-sized H5 record,"(600, 0, 1)"
RM_003_FEMTO.h5,26670,metadata shape mismatch,"metadata=(2560.0,2.0); H5=(600, 0, 1)"
RM_003_FEMTO.h5,26671,zero-sized H5 record,"(600, 0, 1)"
RM_003_FEMTO.h5,26671,metadata shape mismatch,"metadata=(2560.0,2.0); H5=(600, 0, 1)"
RM_003_FEMTO.h5,26672,zero-sized H5 record,"(600, 0, 1)"
RM_003_FEMTO.h5,26672,metadata shape mismatch,"metadata=(2560.0,2.0); H5=(600, 0, 1)"
RM_003_FEMTO.h5,26673,zero-sized H5 record,"(600, 0, 1)"
RM_003_FEMTO.h5,26673,metadata shape mismatch,"metadata=(2560.0,2.0); H5=(600, 0, 1)"
RM_003_FEMTO.h5,26674,zero-sized H5 record,"(600, 0, 1)"
RM_003_FEMTO.h5,26674,metadata shape mismatch,"metadata=(2560.0,2.0); H5=(600, 0, 1)"
RM_003_FEMTO.h5,26675,zero-sized H5 record,"(600, 0, 1)"
RM_003_FEMTO.h5,26675,metadata shape mismatch,"metadata=(2560.0,2.0); H5=(600, 0, 1)"
RM_003_FEMTO.h5,26676,zero-sized H5 record,"(600, 0, 1)"
RM_003_FEMTO.h5,26676,metadata shape mismatch,"metadata=(2560.0,2.0); H5=(600, 0, 1)"
RM_003_FEMTO.h5,26677,zero-sized H5 record,"(600, 0, 1)"
RM_003_FEMTO.h5,26677,metadata shape mismatch,"metadata=(2560.0,2.0); H5=(600, 0, 1)"
RM_003_FEMTO.h5,26678,zero-sized H5 record,"(600, 0, 1)"
RM_003_FEMTO.h5,26678,metadata shape mismatch,"metadata=(2560.0,2.0); H5=(600, 0, 1)"
RM_003_FEMTO.h5,26679,zero-sized H5 record,"(600, 0, 1)"
RM_003_FEMTO.h5,26679,metadata shape mismatch,"metadata=(2560.0,2.0); H5=(600, 0, 1)"
RM_003_FEMTO.h5,26680,zero-sized H5 record,"(600, 0, 1)"
RM_003_FEMTO.h5,26680,metadata shape mismatch,"metadata=(2560.0,2.0); H5=(600, 0, 1)"
RM_003_FEMTO.h5,26681,zero-sized H5 record,"(600, 0, 1)"
RM_003_FEMTO.h5,26681,metadata shape mismatch,"metadata=(2560.0,2.0); H5=(600, 0, 1)"
RM_003_FEMTO.h5,26682,zero-sized H5 record,"(600, 0, 1)"
RM_003_FEMTO.h5,26682,metadata shape mismatch,"metadata=(2560.0,2.0); H5=(600, 0, 1)"
RM_003_FEMTO.h5,26683,zero-sized H5 record,"(600, 0, 1)"
RM_003_FEMTO.h5,26683,metadata shape mismatch,"metadata=(2560.0,2.0); H5=(600, 0, 1)"
RM_003_FEMTO.h5,26684,zero-sized H5 record,"(600, 0, 1)"
RM_003_FEMTO.h5,26684,metadata shape mismatch,"metadata=(2560.0,2.0); H5=(600, 0, 1)"
RM_003_FEMTO.h5,26685,zero-sized H5 record,"(600, 0, 1)"
RM_003_FEMTO.h5,26685,metadata shape mismatch,"metadata=(2560.0,2.0); H5=(600, 0, 1)"
RM_003_FEMTO.h5,26686,zero-sized H5 record,"(600, 0, 1)"
RM_003_FEMTO.h5,26686,metadata shape mismatch,"metadata=(2560.0,2.0); H5=(600, 0, 1)"
RM_003_FEMTO.h5,26687,zero-sized H5 record,"(600, 0, 1)"
RM_003_FEMTO.h5,26687,metadata shape mismatch,"metadata=(2560.0,2.0); H5=(600, 0, 1)"
RM_003_FEMTO.h5,26688,zero-sized H5 record,"(600, 0, 1)"
RM_003_FEMTO.h5,26688,metadata shape mismatch,"metadata=(2560.0,2.0); H5=(600, 0, 1)"
RM_003_FEMTO.h5,26689,zero-sized H5 record,"(600, 0, 1)"
RM_003_FEMTO.h5,26689,metadata shape mismatch,"metadata=(2560.0,2.0); H5=(600, 0, 1)"
RM_003_FEMTO.h5,26690,zero-sized H5 record,"(600, 0, 1)"
RM_003_FEMTO.h5,26690,metadata shape mismatch,"metadata=(2560.0,2.0); H5=(600, 0, 1)"
RM_003_FEMTO.h5,26691,zero-sized H5 record,"(600, 0, 1)"
RM_003_FEMTO.h5,26691,metadata shape mismatch,"metadata=(2560.0,2.0); H5=(600, 0, 1)"
RM_003_FEMTO.h5,26692,zero-sized H5 record,"(600, 0, 1)"
RM_003_FEMTO.h5,26692,metadata shape mismatch,"metadata=(2560.0,2.0); H5=(600, 0, 1)"
RM_003_FEMTO.h5,26693,zero-sized H5 record,"(600, 0, 1)"
RM_003_FEMTO.h5,26693,metadata shape mismatch,"metadata=(2560.0,2.0); H5=(600, 0, 1)"
RM_003_FEMTO.h5,26694,zero-sized H5 record,"(600, 0, 1)"
RM_003_FEMTO.h5,26694,metadata shape mismatch,"metadata=(2560.0,2.0); H5=(600, 0, 1)"
RM_003_FEMTO.h5,26695,zero-sized H5 record,"(600, 0, 1)"
RM_003_FEMTO.h5,26695,metadata shape mismatch,"metadata=(2560.0,2.0); H5=(600, 0, 1)"
RM_003_FEMTO.h5,26696,zero-sized H5 record,"(600, 0, 1)"
RM_003_FEMTO.h5,26696,metadata shape mismatch,"metadata=(2560.0,2.0); H5=(600, 0, 1)"
RM_003_FEMTO.h5,26697,zero-sized H5 record,"(600, 0, 1)"
RM_003_FEMTO.h5,26697,metadata shape mismatch,"metadata=(2560.0,2.0); H5=(600, 0, 1)"
RM_003_FEMTO.h5,26698,zero-sized H5 record,"(600, 0, 1)"
RM_003_FEMTO.h5,26698,metadata shape mismatch,"metadata=(2560.0,2.0); H5=(600, 0, 1)"
RM_003_FEMTO.h5,26699,zero-sized H5 record,"(600, 0, 1)"
RM_003_FEMTO.h5,26699,metadata shape mismatch,"metadata=(2560.0,2.0); H5=(600, 0, 1)"
RM_003_FEMTO.h5,26700,zero-sized H5 record,"(600, 0, 1)"
RM_003_FEMTO.h5,26700,metadata shape mismatch,"metadata=(2560.0,2.0); H5=(600, 0, 1)"
RM_003_FEMTO.h5,26701,zero-sized H5 record,"(600, 0, 1)"
RM_003_FEMTO.h5,26701,metadata shape mismatch,"metadata=(2560.0,2.0); H5=(600, 0, 1)"
RM_003_FEMTO.h5,26702,zero-sized H5 record,"(600, 0, 1)"
RM_003_FEMTO.h5,26702,metadata shape mismatch,"metadata=(2560.0,2.0); H5=(600, 0, 1)"
RM_003_FEMTO.h5,26703,zero-sized H5 record,"(600, 0, 1)"
RM_003_FEMTO.h5,26703,metadata shape mismatch,"metadata=(2560.0,2.0); H5=(600, 0, 1)"
RM_003_FEMTO.h5,26704,zero-sized H5 record,"(600, 0, 1)"
RM_003_FEMTO.h5,26704,metadata shape mismatch,"metadata=(2560.0,2.0); H5=(600, 0, 1)"
RM_003_FEMTO.h5,26705,zero-sized H5 record,"(600, 0, 1)"
RM_003_FEMTO.h5,26705,metadata shape mismatch,"metadata=(2560.0,2.0); H5=(600, 0, 1)"
RM_003_FEMTO.h5,26706,zero-sized H5 record,"(600, 0, 1)"
RM_003_FEMTO.h5,26706,metadata shape mismatch,"metadata=(2560.0,2.0); H5=(600, 0, 1)"
RM_003_FEMTO.h5,26707,zero-sized H5 record,"(600, 0, 1)"
RM_003_FEMTO.h5,26707,metadata shape mismatch,"metadata=(2560.0,2.0); H5=(600, 0, 1)"
RM_003_FEMTO.h5,26708,zero-sized H5 record,"(600, 0, 1)"
RM_003_FEMTO.h5,26708,metadata shape mismatch,"metadata=(2560.0,2.0); H5=(600, 0, 1)"
RM_003_FEMTO.h5,26709,zero-sized H5 record,"(600, 0, 1)"
RM_003_FEMTO.h5,26709,metadata shape mismatch,"metadata=(2560.0,2.0); H5=(600, 0, 1)"
RM_003_FEMTO.h5,26710,zero-sized H5 record,"(600, 0, 1)"
RM_003_FEMTO.h5,26710,metadata shape mismatch,"metadata=(2560.0,2.0); H5=(600, 0, 1)"
RM_003_FEMTO.h5,26711,zero-sized H5 record,"(600, 0, 1)"
RM_003_FEMTO.h5,26711,metadata shape mismatch,"metadata=(2560.0,2.0); H5=(600, 0, 1)"
RM_003_FEMTO.h5,26712,zero-sized H5 record,"(600, 0, 1)"
RM_003_FEMTO.h5,26712,metadata shape mismatch,"metadata=(2560.0,2.0); H5=(600, 0, 1)"
RM_003_FEMTO.h5,26713,zero-sized H5 record,"(600, 0, 1)"
RM_003_FEMTO.h5,26713,metadata shape mismatch,"metadata=(2560.0,2.0); H5=(600, 0, 1)"
RM_003_FEMTO.h5,26714,zero-sized H5 record,"(600, 0, 1)"
RM_003_FEMTO.h5,26714,metadata shape mismatch,"metadata=(2560.0,2.0); H5=(600, 0, 1)"
RM_003_FEMTO.h5,26715,zero-sized H5 record,"(600, 0, 1)"
RM_003_FEMTO.h5,26715,metadata shape mismatch,"metadata=(2560.0,2.0); H5=(600, 0, 1)"
RM_003_FEMTO.h5,26716,zero-sized H5 record,"(600, 0, 1)"
RM_003_FEMTO.h5,26716,metadata shape mismatch,"metadata=(2560.0,2.0); H5=(600, 0, 1)"
RM_003_FEMTO.h5,26717,zero-sized H5 record,"(600, 0, 1)"
RM_003_FEMTO.h5,26717,metadata shape mismatch,"metadata=(2560.0,2.0); H5=(600, 0, 1)"
RM_003_FEMTO.h5,26718,zero-sized H5 record,"(600, 0, 1)"
RM_003_FEMTO.h5,26718,metadata shape mismatch,"metadata=(2560.0,2.0); H5=(600, 0, 1)"
RM_003_FEMTO.h5,26719,zero-sized H5 record,"(600, 0, 1)"
RM_003_FEMTO.h5,26719,metadata shape mismatch,"metadata=(2560.0,2.0); H5=(600, 0, 1)"
RM_003_FEMTO.h5,26720,zero-sized H5 record,"(600, 0, 1)"
RM_003_FEMTO.h5,26720,metadata shape mismatch,"metadata=(2560.0,2.0); H5=(600, 0, 1)"
RM_003_FEMTO.h5,26721,zero-sized H5 record,"(600, 0, 1)"
RM_003_FEMTO.h5,26721,metadata shape mismatch,"metadata=(2560.0,2.0); H5=(600, 0, 1)"
RM_003_FEMTO.h5,26722,zero-sized H5 record,"(600, 0, 1)"
RM_003_FEMTO.h5,26722,metadata shape mismatch,"metadata=(2560.0,2.0); H5=(600, 0, 1)"
RM_003_FEMTO.h5,26723,zero-sized H5 record,"(600, 0, 1)"
RM_003_FEMTO.h5,26723,metadata shape mismatch,"metadata=(2560.0,2.0); H5=(600, 0, 1)"
RM_003_FEMTO.h5,26724,zero-sized H5 record,"(600, 0, 1)"
RM_003_FEMTO.h5,26724,metadata shape mismatch,"metadata=(2560.0,2.0); H5=(600, 0, 1)"
RM_003_FEMTO.h5,26725,zero-sized H5 record,"(600, 0, 1)"
RM_003_FEMTO.h5,26725,metadata shape mismatch,"metadata=(2560.0,2.0); H5=(600, 0, 1)"
RM_003_FEMTO.h5,26726,zero-sized H5 record,"(600, 0, 1)"
RM_003_FEMTO.h5,26726,metadata shape mismatch,"metadata=(2560.0,2.0); H5=(600, 0, 1)"
RM_003_FEMTO.h5,26727,zero-sized H5 record,"(600, 0, 1)"
RM_003_FEMTO.h5,26727,metadata shape mismatch,"metadata=(2560.0,2.0); H5=(600, 0, 1)"
RM_003_FEMTO.h5,26728,zero-sized H5 record,"(600, 0, 1)"
RM_003_FEMTO.h5,26728,metadata shape mismatch,"metadata=(2560.0,2.0); H5=(600, 0, 1)"
RM_003_FEMTO.h5,26729,zero-sized H5 record,"(600, 0, 1)"
RM_003_FEMTO.h5,26729,metadata shape mismatch,"metadata=(2560.0,2.0); H5=(600, 0, 1)"
RM_003_FEMTO.h5,26730,zero-sized H5 record,"(600, 0, 1)"
RM_003_FEMTO.h5,26730,metadata shape mismatch,"metadata=(2560.0,2.0); H5=(600, 0, 1)"
RM_003_FEMTO.h5,26731,zero-sized H5 record,"(600, 0, 1)"
RM_003_FEMTO.h5,26731,metadata shape mismatch,"metadata=(2560.0,2.0); H5=(600, 0, 1)"
RM_003_FEMTO.h5,26732,zero-sized H5 record,"(600, 0, 1)"
RM_003_FEMTO.h5,26732,metadata shape mismatch,"metadata=(2560.0,2.0); H5=(600, 0, 1)"
RM_003_FEMTO.h5,26733,zero-sized H5 record,"(600, 0, 1)"
RM_003_FEMTO.h5,26733,metadata shape mismatch,"metadata=(2560.0,2.0); H5=(600, 0, 1)"
RM_003_FEMTO.h5,26734,zero-sized H5 record,"(600, 0, 1)"
RM_003_FEMTO.h5,26734,metadata shape mismatch,"metadata=(2560.0,2.0); H5=(600, 0, 1)"
RM_003_FEMTO.h5,26735,zero-sized H5 record,"(600, 0, 1)"
RM_003_FEMTO.h5,26735,metadata shape mismatch,"metadata=(2560.0,2.0); H5=(600, 0, 1)"
RM_003_FEMTO.h5,26736,zero-sized H5 record,"(600, 0, 1)"
RM_003_FEMTO.h5,26736,metadata shape mismatch,"metadata=(2560.0,2.0); H5=(600, 0, 1)"
RM_003_FEMTO.h5,26737,zero-sized H5 record,"(600, 0, 1)"
RM_003_FEMTO.h5,26737,metadata shape mismatch,"metadata=(2560.0,2.0); H5=(600, 0, 1)"
RM_003_FEMTO.h5,26738,zero-sized H5 record,"(600, 0, 1)"
RM_003_FEMTO.h5,26738,metadata shape mismatch,"metadata=(2560.0,2.0); H5=(600, 0, 1)"
RM_003_FEMTO.h5,26739,zero-sized H5 record,"(600, 0, 1)"
RM_003_FEMTO.h5,26739,metadata shape mismatch,"metadata=(2560.0,2.0); H5=(600, 0, 1)"
RM_003_FEMTO.h5,26740,zero-sized H5 record,"(600, 0, 1)"
RM_003_FEMTO.h5,26740,metadata shape mismatch,"metadata=(2560.0,2.0); H5=(600, 0, 1)"
RM_003_FEMTO.h5,26741,zero-sized H5 record,"(600, 0, 1)"
RM_003_FEMTO.h5,26741,metadata shape mismatch,"metadata=(2560.0,2.0); H5=(600, 0, 1)"
RM_003_FEMTO.h5,26742,zero-sized H5 record,"(600, 0, 1)"
RM_003_FEMTO.h5,26742,metadata shape mismatch,"metadata=(2560.0,2.0); H5=(600, 0, 1)"
RM_003_FEMTO.h5,26743,zero-sized H5 record,"(600, 0, 1)"
RM_003_FEMTO.h5,26743,metadata shape mismatch,"metadata=(2560.0,2.0); H5=(600, 0, 1)"
RM_003_FEMTO.h5,26744,zero-sized H5 record,"(600, 0, 1)"
RM_003_FEMTO.h5,26744,metadata shape mismatch,"metadata=(2560.0,2.0); H5=(600, 0, 1)"
RM_003_FEMTO.h5,26745,zero-sized H5 record,"(600, 0, 1)"
RM_003_FEMTO.h5,26745,metadata shape mismatch,"metadata=(2560.0,2.0); H5=(600, 0, 1)"
RM_003_FEMTO.h5,26746,zero-sized H5 record,"(600, 0, 1)"
RM_003_FEMTO.h5,26746,metadata shape mismatch,"metadata=(2560.0,2.0); H5=(600, 0, 1)"
RM_003_FEMTO.h5,26747,zero-sized H5 record,"(600, 0, 1)"
RM_003_FEMTO.h5,26747,metadata shape mismatch,"metadata=(2560.0,2.0); H5=(600, 0, 1)"
RM_003_FEMTO.h5,26748,zero-sized H5 record,"(600, 0, 1)"
RM_003_FEMTO.h5,26748,metadata shape mismatch,"metadata=(2560.0,2.0); H5=(600, 0, 1)"
RM_003_FEMTO.h5,26749,zero-sized H5 record,"(600, 0, 1)"
RM_003_FEMTO.h5,26749,metadata shape mismatch,"metadata=(2560.0,2.0); H5=(600, 0, 1)"
RM_003_FEMTO.h5,26750,zero-sized H5 record,"(600, 0, 1)"
RM_003_FEMTO.h5,26750,metadata shape mismatch,"metadata=(2560.0,2.0); H5=(600, 0, 1)"
RM_003_FEMTO.h5,26751,zero-sized H5 record,"(600, 0, 1)"
RM_003_FEMTO.h5,26751,metadata shape mismatch,"metadata=(2560.0,2.0); H5=(600, 0, 1)"
RM_003_FEMTO.h5,26752,zero-sized H5 record,"(600, 0, 1)"
RM_003_FEMTO.h5,26752,metadata shape mismatch,"metadata=(2560.0,2.0); H5=(600, 0, 1)"
RM_003_FEMTO.h5,26753,zero-sized H5 record,"(600, 0, 1)"
RM_003_FEMTO.h5,26753,metadata shape mismatch,"metadata=(2560.0,2.0); H5=(600, 0, 1)"
RM_003_FEMTO.h5,26754,zero-sized H5 record,"(600, 0, 1)"
RM_003_FEMTO.h5,26754,metadata shape mismatch,"metadata=(2560.0,2.0); H5=(600, 0, 1)"
RM_003_FEMTO.h5,26755,zero-sized H5 record,"(600, 0, 1)"
RM_003_FEMTO.h5,26755,metadata shape mismatch,"metadata=(2560.0,2.0); H5=(600, 0, 1)"
RM_003_FEMTO.h5,26756,zero-sized H5 record,"(600, 0, 1)"
RM_003_FEMTO.h5,26756,metadata shape mismatch,"metadata=(2560.0,2.0); H5=(600, 0, 1)"
RM_003_FEMTO.h5,26757,zero-sized H5 record,"(600, 0, 1)"
RM_003_FEMTO.h5,26757,metadata shape mismatch,"metadata=(2560.0,2.0); H5=(600, 0, 1)"
RM_003_FEMTO.h5,26758,zero-sized H5 record,"(600, 0, 1)"
RM_003_FEMTO.h5,26758,metadata shape mismatch,"metadata=(2560.0,2.0); H5=(600, 0, 1)"
RM_003_FEMTO.h5,26759,zero-sized H5 record,"(600, 0, 1)"
RM_003_FEMTO.h5,26759,metadata shape mismatch,"metadata=(2560.0,2.0); H5=(600, 0, 1)"
RM_003_FEMTO.h5,26760,zero-sized H5 record,"(600, 0, 1)"
RM_003_FEMTO.h5,26760,metadata shape mismatch,"metadata=(2560.0,2.0); H5=(600, 0, 1)"
RM_003_FEMTO.h5,26761,zero-sized H5 record,"(600, 0, 1)"
RM_003_FEMTO.h5,26761,metadata shape mismatch,"metadata=(2560.0,2.0); H5=(600, 0, 1)"
RM_003_FEMTO.h5,26762,zero-sized H5 record,"(600, 0, 1)"
RM_003_FEMTO.h5,26762,metadata shape mismatch,"metadata=(2560.0,2.0); H5=(600, 0, 1)"
RM_003_FEMTO.h5,26763,zero-sized H5 record,"(600, 0, 1)"
RM_003_FEMTO.h5,26763,metadata shape mismatch,"metadata=(2560.0,2.0); H5=(600, 0, 1)"
RM_003_FEMTO.h5,26764,zero-sized H5 record,"(600, 0, 1)"
RM_003_FEMTO.h5,26764,metadata shape mismatch,"metadata=(2560.0,2.0); H5=(600, 0, 1)"
RM_003_FEMTO.h5,26765,zero-sized H5 record,"(600, 0, 1)"
RM_003_FEMTO.h5,26765,metadata shape mismatch,"metadata=(2560.0,2.0); H5=(600, 0, 1)"
RM_003_FEMTO.h5,26766,zero-sized H5 record,"(600, 0, 1)"
RM_003_FEMTO.h5,26766,metadata shape mismatch,"metadata=(2560.0,2.0); H5=(600, 0, 1)"
RM_003_FEMTO.h5,26767,zero-sized H5 record,"(600, 0, 1)"
RM_003_FEMTO.h5,26767,metadata shape mismatch,"metadata=(2560.0,2.0); H5=(600, 0, 1)"
RM_003_FEMTO.h5,26768,zero-sized H5 record,"(600, 0, 1)"
RM_003_FEMTO.h5,26768,metadata shape mismatch,"metadata=(2560.0,2.0); H5=(600, 0, 1)"
RM_003_FEMTO.h5,26769,zero-sized H5 record,"(600, 0, 1)"
RM_003_FEMTO.h5,26769,metadata shape mismatch,"metadata=(2560.0,2.0); H5=(600, 0, 1)"
RM_003_FEMTO.h5,26770,zero-sized H5 record,"(587, 0, 1)"
RM_003_FEMTO.h5,26770,metadata shape mismatch,"metadata=(2560.0,2.0); H5=(587, 0, 1)"
RM_003_FEMTO.h5,26771,zero-sized H5 record,"(75, 0, 1)"
RM_003_FEMTO.h5,26771,metadata shape mismatch,"metadata=(2560.0,2.0); H5=(75, 0, 1)"
RM_003_FEMTO.h5,29031,zero-sized H5 record,"(600, 0, 1)"
RM_003_FEMTO.h5,29031,metadata shape mismatch,"metadata=(2560.0,2.0); H5=(600, 0, 1)"
RM_003_FEMTO.h5,29032,zero-sized H5 record,"(600, 0, 1)"
RM_003_FEMTO.h5,29032,metadata shape mismatch,"metadata=(2560.0,2.0); H5=(600, 0, 1)"
RM_003_FEMTO.h5,29033,zero-sized H5 record,"(600, 0, 1)"
RM_003_FEMTO.h5,29033,metadata shape mismatch,"metadata=(2560.0,2.0); H5=(600, 0, 1)"
RM_003_FEMTO.h5,29034,zero-sized H5 record,"(600, 0, 1)"
RM_003_FEMTO.h5,29034,metadata shape mismatch,"metadata=(2560.0,2.0); H5=(600, 0, 1)"
RM_003_FEMTO.h5,29035,zero-sized H5 record,"(600, 0, 1)"
RM_003_FEMTO.h5,29035,metadata shape mismatch,"metadata=(2560.0,2.0); H5=(600, 0, 1)"
RM_003_FEMTO.h5,29036,zero-sized H5 record,"(600, 0, 1)"
RM_003_FEMTO.h5,29036,metadata shape mismatch,"metadata=(2560.0,2.0); H5=(600, 0, 1)"
RM_003_FEMTO.h5,29037,zero-sized H5 record,"(600, 0, 1)"
RM_003_FEMTO.h5,29037,metadata shape mismatch,"metadata=(2560.0,2.0); H5=(600, 0, 1)"
RM_003_FEMTO.h5,29038,zero-sized H5 record,"(600, 0, 1)"
RM_003_FEMTO.h5,29038,metadata shape mismatch,"metadata=(2560.0,2.0); H5=(600, 0, 1)"
RM_003_FEMTO.h5,29039,zero-sized H5 record,"(600, 0, 1)"
RM_003_FEMTO.h5,29039,metadata shape mismatch,"metadata=(2560.0,2.0); H5=(600, 0, 1)"
RM_003_FEMTO.h5,29040,zero-sized H5 record,"(600, 0, 1)"
RM_003_FEMTO.h5,29040,metadata shape mismatch,"metadata=(2560.0,2.0); H5=(600, 0, 1)"
RM_003_FEMTO.h5,29041,zero-sized H5 record,"(600, 0, 1)"
RM_003_FEMTO.h5,29041,metadata shape mismatch,"metadata=(2560.0,2.0); H5=(600, 0, 1)"
RM_003_FEMTO.h5,29042,zero-sized H5 record,"(600, 0, 1)"
RM_003_FEMTO.h5,29042,metadata shape mismatch,"metadata=(2560.0,2.0); H5=(600, 0, 1)"
RM_003_FEMTO.h5,29043,zero-sized H5 record,"(600, 0, 1)"
RM_003_FEMTO.h5,29043,metadata shape mismatch,"metadata=(2560.0,2.0); H5=(600, 0, 1)"
RM_003_FEMTO.h5,29044,zero-sized H5 record,"(600, 0, 1)"
RM_003_FEMTO.h5,29044,metadata shape mismatch,"metadata=(2560.0,2.0); H5=(600, 0, 1)"
RM_003_FEMTO.h5,29045,zero-sized H5 record,"(600, 0, 1)"
RM_003_FEMTO.h5,29045,metadata shape mismatch,"metadata=(2560.0,2.0); H5=(600, 0, 1)"
RM_003_FEMTO.h5,29046,zero-sized H5 record,"(600, 0, 1)"
RM_003_FEMTO.h5,29046,metadata shape mismatch,"metadata=(2560.0,2.0); H5=(600, 0, 1)"
RM_003_FEMTO.h5,29047,zero-sized H5 record,"(600, 0, 1)"
RM_003_FEMTO.h5,29047,metadata shape mismatch,"metadata=(2560.0,2.0); H5=(600, 0, 1)"
RM_003_FEMTO.h5,29048,zero-sized H5 record,"(600, 0, 1)"
RM_003_FEMTO.h5,29048,metadata shape mismatch,"metadata=(2560.0,2.0); H5=(600, 0, 1)"
RM_003_FEMTO.h5,29049,zero-sized H5 record,"(600, 0, 1)"
RM_003_FEMTO.h5,29049,metadata shape mismatch,"metadata=(2560.0,2.0); H5=(600, 0, 1)"
RM_003_FEMTO.h5,29050,zero-sized H5 record,"(600, 0, 1)"
RM_003_FEMTO.h5,29050,metadata shape mismatch,"metadata=(2560.0,2.0); H5=(600, 0, 1)"
RM_003_FEMTO.h5,29051,zero-sized H5 record,"(600, 0, 1)"
RM_003_FEMTO.h5,29051,metadata shape mismatch,"metadata=(2560.0,2.0); H5=(600, 0, 1)"
RM_003_FEMTO.h5,29052,zero-sized H5 record,"(600, 0, 1)"
RM_003_FEMTO.h5,29052,metadata shape mismatch,"metadata=(2560.0,2.0); H5=(600, 0, 1)"
RM_003_FEMTO.h5,29053,zero-sized H5 record,"(600, 0, 1)"
RM_003_FEMTO.h5,29053,metadata shape mismatch,"metadata=(2560.0,2.0); H5=(600, 0, 1)"
RM_003_FEMTO.h5,29054,zero-sized H5 record,"(600, 0, 1)"
RM_003_FEMTO.h5,29054,metadata shape mismatch,"metadata=(2560.0,2.0); H5=(600, 0, 1)"
RM_003_FEMTO.h5,29055,zero-sized H5 record,"(600, 0, 1)"
RM_003_FEMTO.h5,29055,metadata shape mismatch,"metadata=(2560.0,2.0); H5=(600, 0, 1)"
RM_003_FEMTO.h5,29056,zero-sized H5 record,"(600, 0, 1)"
RM_003_FEMTO.h5,29056,metadata shape mismatch,"metadata=(2560.0,2.0); H5=(600, 0, 1)"
RM_003_FEMTO.h5,29057,zero-sized H5 record,"(600, 0, 1)"
RM_003_FEMTO.h5,29057,metadata shape mismatch,"metadata=(2560.0,2.0); H5=(600, 0, 1)"
RM_003_FEMTO.h5,29058,zero-sized H5 record,"(600, 0, 1)"
RM_003_FEMTO.h5,29058,metadata shape mismatch,"metadata=(2560.0,2.0); H5=(600, 0, 1)"
RM_003_FEMTO.h5,29059,zero-sized H5 record,"(600, 0, 1)"
RM_003_FEMTO.h5,29059,metadata shape mismatch,"metadata=(2560.0,2.0); H5=(600, 0, 1)"
RM_003_FEMTO.h5,29060,zero-sized H5 record,"(600, 0, 1)"
RM_003_FEMTO.h5,29060,metadata shape mismatch,"metadata=(2560.0,2.0); H5=(600, 0, 1)"
RM_003_FEMTO.h5,29061,zero-sized H5 record,"(600, 0, 1)"
RM_003_FEMTO.h5,29061,metadata shape mismatch,"metadata=(2560.0,2.0); H5=(600, 0, 1)"
RM_003_FEMTO.h5,29062,zero-sized H5 record,"(600, 0, 1)"
RM_003_FEMTO.h5,29062,metadata shape mismatch,"metadata=(2560.0,2.0); H5=(600, 0, 1)"
RM_003_FEMTO.h5,29063,zero-sized H5 record,"(600, 0, 1)"
RM_003_FEMTO.h5,29063,metadata shape mismatch,"metadata=(2560.0,2.0); H5=(600, 0, 1)"
RM_003_FEMTO.h5,29064,zero-sized H5 record,"(600, 0, 1)"
RM_003_FEMTO.h5,29064,metadata shape mismatch,"metadata=(2560.0,2.0); H5=(600, 0, 1)"
RM_003_FEMTO.h5,29065,zero-sized H5 record,"(600, 0, 1)"
RM_003_FEMTO.h5,29065,metadata shape mismatch,"metadata=(2560.0,2.0); H5=(600, 0, 1)"
RM_003_FEMTO.h5,29066,zero-sized H5 record,"(600, 0, 1)"
RM_003_FEMTO.h5,29066,metadata shape mismatch,"metadata=(2560.0,2.0); H5=(600, 0, 1)"
RM_003_FEMTO.h5,29067,zero-sized H5 record,"(600, 0, 1)"
RM_003_FEMTO.h5,29067,metadata shape mismatch,"metadata=(2560.0,2.0); H5=(600, 0, 1)"
RM_003_FEMTO.h5,29068,zero-sized H5 record,"(600, 0, 1)"
RM_003_FEMTO.h5,29068,metadata shape mismatch,"metadata=(2560.0,2.0); H5=(600, 0, 1)"
RM_003_FEMTO.h5,29069,zero-sized H5 record,"(600, 0, 1)"
RM_003_FEMTO.h5,29069,metadata shape mismatch,"metadata=(2560.0,2.0); H5=(600, 0, 1)"
RM_003_FEMTO.h5,29070,zero-sized H5 record,"(600, 0, 1)"
RM_003_FEMTO.h5,29070,metadata shape mismatch,"metadata=(2560.0,2.0); H5=(600, 0, 1)"
RM_003_FEMTO.h5,29071,zero-sized H5 record,"(600, 0, 1)"
RM_003_FEMTO.h5,29071,metadata shape mismatch,"metadata=(2560.0,2.0); H5=(600, 0, 1)"
RM_003_FEMTO.h5,29072,zero-sized H5 record,"(600, 0, 1)"
RM_003_FEMTO.h5,29072,metadata shape mismatch,"metadata=(2560.0,2.0); H5=(600, 0, 1)"
RM_003_FEMTO.h5,29073,zero-sized H5 record,"(600, 0, 1)"
RM_003_FEMTO.h5,29073,metadata shape mismatch,"metadata=(2560.0,2.0); H5=(600, 0, 1)"
RM_003_FEMTO.h5,29074,zero-sized H5 record,"(600, 0, 1)"
RM_003_FEMTO.h5,29074,metadata shape mismatch,"metadata=(2560.0,2.0); H5=(600, 0, 1)"
RM_003_FEMTO.h5,29075,zero-sized H5 record,"(600, 0, 1)"
RM_003_FEMTO.h5,29075,metadata shape mismatch,"metadata=(2560.0,2.0); H5=(600, 0, 1)"
RM_003_FEMTO.h5,29076,zero-sized H5 record,"(600, 0, 1)"
RM_003_FEMTO.h5,29076,metadata shape mismatch,"metadata=(2560.0,2.0); H5=(600, 0, 1)"
RM_003_FEMTO.h5,29077,zero-sized H5 record,"(600, 0, 1)"
RM_003_FEMTO.h5,29077,metadata shape mismatch,"metadata=(2560.0,2.0); H5=(600, 0, 1)"
RM_003_FEMTO.h5,29078,zero-sized H5 record,"(600, 0, 1)"
RM_003_FEMTO.h5,29078,metadata shape mismatch,"metadata=(2560.0,2.0); H5=(600, 0, 1)"
RM_003_FEMTO.h5,29079,zero-sized H5 record,"(600, 0, 1)"
RM_003_FEMTO.h5,29079,metadata shape mismatch,"metadata=(2560.0,2.0); H5=(600, 0, 1)"
RM_003_FEMTO.h5,29080,zero-sized H5 record,"(600, 0, 1)"
RM_003_FEMTO.h5,29080,metadata shape mismatch,"metadata=(2560.0,2.0); H5=(600, 0, 1)"
RM_003_FEMTO.h5,29081,zero-sized H5 record,"(600, 0, 1)"
RM_003_FEMTO.h5,29081,metadata shape mismatch,"metadata=(2560.0,2.0); H5=(600, 0, 1)"
RM_003_FEMTO.h5,29082,zero-sized H5 record,"(600, 0, 1)"
RM_003_FEMTO.h5,29082,metadata shape mismatch,"metadata=(2560.0,2.0); H5=(600, 0, 1)"
RM_003_FEMTO.h5,29083,zero-sized H5 record,"(600, 0, 1)"
RM_003_FEMTO.h5,29083,metadata shape mismatch,"metadata=(2560.0,2.0); H5=(600, 0, 1)"
RM_003_FEMTO.h5,29084,zero-sized H5 record,"(600, 0, 1)"
RM_003_FEMTO.h5,29084,metadata shape mismatch,"metadata=(2560.0,2.0); H5=(600, 0, 1)"
RM_003_FEMTO.h5,29085,zero-sized H5 record,"(600, 0, 1)"
RM_003_FEMTO.h5,29085,metadata shape mismatch,"metadata=(2560.0,2.0); H5=(600, 0, 1)"
RM_003_FEMTO.h5,29086,zero-sized H5 record,"(600, 0, 1)"
RM_003_FEMTO.h5,29086,metadata shape mismatch,"metadata=(2560.0,2.0); H5=(600, 0, 1)"
RM_003_FEMTO.h5,29087,zero-sized H5 record,"(600, 0, 1)"
RM_003_FEMTO.h5,29087,metadata shape mismatch,"metadata=(2560.0,2.0); H5=(600, 0, 1)"
RM_003_FEMTO.h5,29088,zero-sized H5 record,"(600, 0, 1)"
RM_003_FEMTO.h5,29088,metadata shape mismatch,"metadata=(2560.0,2.0); H5=(600, 0, 1)"
RM_003_FEMTO.h5,29089,zero-sized H5 record,"(600, 0, 1)"
RM_003_FEMTO.h5,29089,metadata shape mismatch,"metadata=(2560.0,2.0); H5=(600, 0, 1)"
RM_003_FEMTO.h5,29090,zero-sized H5 record,"(600, 0, 1)"
RM_003_FEMTO.h5,29090,metadata shape mismatch,"metadata=(2560.0,2.0); H5=(600, 0, 1)"
RM_003_FEMTO.h5,29091,zero-sized H5 record,"(600, 0, 1)"
RM_003_FEMTO.h5,29091,metadata shape mismatch,"metadata=(2560.0,2.0); H5=(600, 0, 1)"
RM_003_FEMTO.h5,29092,zero-sized H5 record,"(600, 0, 1)"
RM_003_FEMTO.h5,29092,metadata shape mismatch,"metadata=(2560.0,2.0); H5=(600, 0, 1)"
RM_003_FEMTO.h5,29093,zero-sized H5 record,"(600, 0, 1)"
RM_003_FEMTO.h5,29093,metadata shape mismatch,"metadata=(2560.0,2.0); H5=(600, 0, 1)"
RM_003_FEMTO.h5,29094,zero-sized H5 record,"(600, 0, 1)"
RM_003_FEMTO.h5,29094,metadata shape mismatch,"metadata=(2560.0,2.0); H5=(600, 0, 1)"
RM_003_FEMTO.h5,29095,zero-sized H5 record,"(600, 0, 1)"
RM_003_FEMTO.h5,29095,metadata shape mismatch,"metadata=(2560.0,2.0); H5=(600, 0, 1)"
RM_003_FEMTO.h5,29096,zero-sized H5 record,"(600, 0, 1)"
RM_003_FEMTO.h5,29096,metadata shape mismatch,"metadata=(2560.0,2.0); H5=(600, 0, 1)"
RM_003_FEMTO.h5,29097,zero-sized H5 record,"(600, 0, 1)"
RM_003_FEMTO.h5,29097,metadata shape mismatch,"metadata=(2560.0,2.0); H5=(600, 0, 1)"
RM_003_FEMTO.h5,29098,zero-sized H5 record,"(600, 0, 1)"
RM_003_FEMTO.h5,29098,metadata shape mismatch,"metadata=(2560.0,2.0); H5=(600, 0, 1)"
RM_003_FEMTO.h5,29099,zero-sized H5 record,"(600, 0, 1)"
RM_003_FEMTO.h5,29099,metadata shape mismatch,"metadata=(2560.0,2.0); H5=(600, 0, 1)"
RM_003_FEMTO.h5,29100,zero-sized H5 record,"(600, 0, 1)"
RM_003_FEMTO.h5,29100,metadata shape mismatch,"metadata=(2560.0,2.0); H5=(600, 0, 1)"
RM_003_FEMTO.h5,29101,zero-sized H5 record,"(600, 0, 1)"
RM_003_FEMTO.h5,29101,metadata shape mismatch,"metadata=(2560.0,2.0); H5=(600, 0, 1)"
RM_003_FEMTO.h5,29102,zero-sized H5 record,"(600, 0, 1)"
RM_003_FEMTO.h5,29102,metadata shape mismatch,"metadata=(2560.0,2.0); H5=(600, 0, 1)"
RM_003_FEMTO.h5,29103,zero-sized H5 record,"(600, 0, 1)"
RM_003_FEMTO.h5,29103,metadata shape mismatch,"metadata=(2560.0,2.0); H5=(600, 0, 1)"
RM_003_FEMTO.h5,29104,zero-sized H5 record,"(600, 0, 1)"
RM_003_FEMTO.h5,29104,metadata shape mismatch,"metadata=(2560.0,2.0); H5=(600, 0, 1)"
RM_003_FEMTO.h5,29105,zero-sized H5 record,"(600, 0, 1)"
RM_003_FEMTO.h5,29105,metadata shape mismatch,"metadata=(2560.0,2.0); H5=(600, 0, 1)"
RM_003_FEMTO.h5,29106,zero-sized H5 record,"(600, 0, 1)"
RM_003_FEMTO.h5,29106,metadata shape mismatch,"metadata=(2560.0,2.0); H5=(600, 0, 1)"
RM_003_FEMTO.h5,29107,zero-sized H5 record,"(600, 0, 1)"
RM_003_FEMTO.h5,29107,metadata shape mismatch,"metadata=(2560.0,2.0); H5=(600, 0, 1)"
RM_003_FEMTO.h5,29108,zero-sized H5 record,"(600, 0, 1)"
RM_003_FEMTO.h5,29108,metadata shape mismatch,"metadata=(2560.0,2.0); H5=(600, 0, 1)"
RM_003_FEMTO.h5,29109,zero-sized H5 record,"(600, 0, 1)"
RM_003_FEMTO.h5,29109,metadata shape mismatch,"metadata=(2560.0,2.0); H5=(600, 0, 1)"
RM_003_FEMTO.h5,29110,zero-sized H5 record,"(600, 0, 1)"
RM_003_FEMTO.h5,29110,metadata shape mismatch,"metadata=(2560.0,2.0); H5=(600, 0, 1)"
RM_003_FEMTO.h5,29111,zero-sized H5 record,"(600, 0, 1)"
RM_003_FEMTO.h5,29111,metadata shape mismatch,"metadata=(2560.0,2.0); H5=(600, 0, 1)"
RM_003_FEMTO.h5,29112,zero-sized H5 record,"(600, 0, 1)"
RM_003_FEMTO.h5,29112,metadata shape mismatch,"metadata=(2560.0,2.0); H5=(600, 0, 1)"
RM_003_FEMTO.h5,29113,zero-sized H5 record,"(600, 0, 1)"
RM_003_FEMTO.h5,29113,metadata shape mismatch,"metadata=(2560.0,2.0); H5=(600, 0, 1)"
RM_003_FEMTO.h5,29114,zero-sized H5 record,"(600, 0, 1)"
RM_003_FEMTO.h5,29114,metadata shape mismatch,"metadata=(2560.0,2.0); H5=(600, 0, 1)"
RM_003_FEMTO.h5,29115,zero-sized H5 record,"(600, 0, 1)"
RM_003_FEMTO.h5,29115,metadata shape mismatch,"metadata=(2560.0,2.0); H5=(600, 0, 1)"
RM_003_FEMTO.h5,29116,zero-sized H5 record,"(600, 0, 1)"
RM_003_FEMTO.h5,29116,metadata shape mismatch,"metadata=(2560.0,2.0); H5=(600, 0, 1)"
RM_003_FEMTO.h5,29117,zero-sized H5 record,"(600, 0, 1)"
RM_003_FEMTO.h5,29117,metadata shape mismatch,"metadata=(2560.0,2.0); H5=(600, 0, 1)"
RM_003_FEMTO.h5,29118,zero-sized H5 record,"(600, 0, 1)"
RM_003_FEMTO.h5,29118,metadata shape mismatch,"metadata=(2560.0,2.0); H5=(600, 0, 1)"
RM_003_FEMTO.h5,29119,zero-sized H5 record,"(600, 0, 1)"
RM_003_FEMTO.h5,29119,metadata shape mismatch,"metadata=(2560.0,2.0); H5=(600, 0, 1)"
RM_003_FEMTO.h5,29120,zero-sized H5 record,"(600, 0, 1)"
RM_003_FEMTO.h5,29120,metadata shape mismatch,"metadata=(2560.0,2.0); H5=(600, 0, 1)"
RM_003_FEMTO.h5,29121,zero-sized H5 record,"(600, 0, 1)"
RM_003_FEMTO.h5,29121,metadata shape mismatch,"metadata=(2560.0,2.0); H5=(600, 0, 1)"
RM_003_FEMTO.h5,29122,zero-sized H5 record,"(600, 0, 1)"
RM_003_FEMTO.h5,29122,metadata shape mismatch,"metadata=(2560.0,2.0); H5=(600, 0, 1)"
RM_003_FEMTO.h5,29123,zero-sized H5 record,"(600, 0, 1)"
RM_003_FEMTO.h5,29123,metadata shape mismatch,"metadata=(2560.0,2.0); H5=(600, 0, 1)"
RM_003_FEMTO.h5,29124,zero-sized H5 record,"(600, 0, 1)"
RM_003_FEMTO.h5,29124,metadata shape mismatch,"metadata=(2560.0,2.0); H5=(600, 0, 1)"
RM_003_FEMTO.h5,29125,zero-sized H5 record,"(600, 0, 1)"
RM_003_FEMTO.h5,29125,metadata shape mismatch,"metadata=(2560.0,2.0); H5=(600, 0, 1)"
RM_003_FEMTO.h5,29126,zero-sized H5 record,"(600, 0, 1)"
RM_003_FEMTO.h5,29126,metadata shape mismatch,"metadata=(2560.0,2.0); H5=(600, 0, 1)"
RM_003_FEMTO.h5,29127,zero-sized H5 record,"(600, 0, 1)"
RM_003_FEMTO.h5,29127,metadata shape mismatch,"metadata=(2560.0,2.0); H5=(600, 0, 1)"
RM_003_FEMTO.h5,29128,zero-sized H5 record,"(600, 0, 1)"
RM_003_FEMTO.h5,29128,metadata shape mismatch,"metadata=(2560.0,2.0); H5=(600, 0, 1)"
RM_003_FEMTO.h5,29129,zero-sized H5 record,"(600, 0, 1)"
RM_003_FEMTO.h5,29129,metadata shape mismatch,"metadata=(2560.0,2.0); H5=(600, 0, 1)"
RM_003_FEMTO.h5,29130,zero-sized H5 record,"(600, 0, 1)"
RM_003_FEMTO.h5,29130,metadata shape mismatch,"metadata=(2560.0,2.0); H5=(600, 0, 1)"
RM_003_FEMTO.h5,29131,zero-sized H5 record,"(600, 0, 1)"
RM_003_FEMTO.h5,29131,metadata shape mismatch,"metadata=(2560.0,2.0); H5=(600, 0, 1)"
RM_003_FEMTO.h5,29132,zero-sized H5 record,"(600, 0, 1)"
RM_003_FEMTO.h5,29132,metadata shape mismatch,"metadata=(2560.0,2.0); H5=(600, 0, 1)"
RM_003_FEMTO.h5,29133,zero-sized H5 record,"(600, 0, 1)"
RM_003_FEMTO.h5,29133,metadata shape mismatch,"metadata=(2560.0,2.0); H5=(600, 0, 1)"
RM_003_FEMTO.h5,29134,zero-sized H5 record,"(600, 0, 1)"
RM_003_FEMTO.h5,29134,metadata shape mismatch,"metadata=(2560.0,2.0); H5=(600, 0, 1)"
RM_003_FEMTO.h5,29135,zero-sized H5 record,"(600, 0, 1)"
RM_003_FEMTO.h5,29135,metadata shape mismatch,"metadata=(2560.0,2.0); H5=(600, 0, 1)"
RM_003_FEMTO.h5,29136,zero-sized H5 record,"(600, 0, 1)"
RM_003_FEMTO.h5,29136,metadata shape mismatch,"metadata=(2560.0,2.0); H5=(600, 0, 1)"
RM_003_FEMTO.h5,29137,zero-sized H5 record,"(600, 0, 1)"
RM_003_FEMTO.h5,29137,metadata shape mismatch,"metadata=(2560.0,2.0); H5=(600, 0, 1)"
RM_003_FEMTO.h5,29138,zero-sized H5 record,"(600, 0, 1)"
RM_003_FEMTO.h5,29138,metadata shape mismatch,"metadata=(2560.0,2.0); H5=(600, 0, 1)"
RM_003_FEMTO.h5,29139,zero-sized H5 record,"(600, 0, 1)"
RM_003_FEMTO.h5,29139,metadata shape mismatch,"metadata=(2560.0,2.0); H5=(600, 0, 1)"
RM_003_FEMTO.h5,29140,zero-sized H5 record,"(600, 0, 1)"
RM_003_FEMTO.h5,29140,metadata shape mismatch,"metadata=(2560.0,2.0); H5=(600, 0, 1)"
RM_003_FEMTO.h5,29141,zero-sized H5 record,"(600, 0, 1)"
RM_003_FEMTO.h5,29141,metadata shape mismatch,"metadata=(2560.0,2.0); H5=(600, 0, 1)"
RM_003_FEMTO.h5,29142,zero-sized H5 record,"(600, 0, 1)"
RM_003_FEMTO.h5,29142,metadata shape mismatch,"metadata=(2560.0,2.0); H5=(600, 0, 1)"
RM_003_FEMTO.h5,29143,zero-sized H5 record,"(600, 0, 1)"
RM_003_FEMTO.h5,29143,metadata shape mismatch,"metadata=(2560.0,2.0); H5=(600, 0, 1)"
RM_003_FEMTO.h5,29144,zero-sized H5 record,"(600, 0, 1)"
RM_003_FEMTO.h5,29144,metadata shape mismatch,"metadata=(2560.0,2.0); H5=(600, 0, 1)"
RM_003_FEMTO.h5,29145,zero-sized H5 record,"(600, 0, 1)"
RM_003_FEMTO.h5,29145,metadata shape mismatch,"metadata=(2560.0,2.0); H5=(600, 0, 1)"
RM_003_FEMTO.h5,29146,zero-sized H5 record,"(600, 0, 1)"
RM_003_FEMTO.h5,29146,metadata shape mismatch,"metadata=(2560.0,2.0); H5=(600, 0, 1)"
RM_003_FEMTO.h5,29147,zero-sized H5 record,"(600, 0, 1)"
RM_003_FEMTO.h5,29147,metadata shape mismatch,"metadata=(2560.0,2.0); H5=(600, 0, 1)"
RM_003_FEMTO.h5,29148,zero-sized H5 record,"(600, 0, 1)"
RM_003_FEMTO.h5,29148,metadata shape mismatch,"metadata=(2560.0,2.0); H5=(600, 0, 1)"
RM_003_FEMTO.h5,29149,zero-sized H5 record,"(600, 0, 1)"
RM_003_FEMTO.h5,29149,metadata shape mismatch,"metadata=(2560.0,2.0); H5=(600, 0, 1)"
RM_003_FEMTO.h5,29150,zero-sized H5 record,"(600, 0, 1)"
RM_003_FEMTO.h5,29150,metadata shape mismatch,"metadata=(2560.0,2.0); H5=(600, 0, 1)"
RM_003_FEMTO.h5,29151,zero-sized H5 record,"(600, 0, 1)"
RM_003_FEMTO.h5,29151,metadata shape mismatch,"metadata=(2560.0,2.0); H5=(600, 0, 1)"
RM_003_FEMTO.h5,29152,zero-sized H5 record,"(600, 0, 1)"
RM_003_FEMTO.h5,29152,metadata shape mismatch,"metadata=(2560.0,2.0); H5=(600, 0, 1)"
RM_003_FEMTO.h5,29153,zero-sized H5 record,"(600, 0, 1)"
RM_003_FEMTO.h5,29153,metadata shape mismatch,"metadata=(2560.0,2.0); H5=(600, 0, 1)"
RM_003_FEMTO.h5,29154,zero-sized H5 record,"(600, 0, 1)"
RM_003_FEMTO.h5,29154,metadata shape mismatch,"metadata=(2560.0,2.0); H5=(600, 0, 1)"
RM_003_FEMTO.h5,29155,zero-sized H5 record,"(600, 0, 1)"
RM_003_FEMTO.h5,29155,metadata shape mismatch,"metadata=(2560.0,2.0); H5=(600, 0, 1)"
RM_003_FEMTO.h5,29156,zero-sized H5 record,"(600, 0, 1)"
RM_003_FEMTO.h5,29156,metadata shape mismatch,"metadata=(2560.0,2.0); H5=(600, 0, 1)"
RM_003_FEMTO.h5,29157,zero-sized H5 record,"(600, 0, 1)"
RM_003_FEMTO.h5,29157,metadata shape mismatch,"metadata=(2560.0,2.0); H5=(600, 0, 1)"
RM_003_FEMTO.h5,29158,zero-sized H5 record,"(600, 0, 1)"
RM_003_FEMTO.h5,29158,metadata shape mismatch,"metadata=(2560.0,2.0); H5=(600, 0, 1)"
RM_003_FEMTO.h5,29159,zero-sized H5 record,"(600, 0, 1)"
RM_003_FEMTO.h5,29159,metadata shape mismatch,"metadata=(2560.0,2.0); H5=(600, 0, 1)"
RM_003_FEMTO.h5,29160,zero-sized H5 record,"(600, 0, 1)"
RM_003_FEMTO.h5,29160,metadata shape mismatch,"metadata=(2560.0,2.0); H5=(600, 0, 1)"
RM_003_FEMTO.h5,29161,zero-sized H5 record,"(600, 0, 1)"
RM_003_FEMTO.h5,29161,metadata shape mismatch,"metadata=(2560.0,2.0); H5=(600, 0, 1)"
RM_003_FEMTO.h5,29162,zero-sized H5 record,"(600, 0, 1)"
RM_003_FEMTO.h5,29162,metadata shape mismatch,"metadata=(2560.0,2.0); H5=(600, 0, 1)"
RM_003_FEMTO.h5,29163,zero-sized H5 record,"(600, 0, 1)"
RM_003_FEMTO.h5,29163,metadata shape mismatch,"metadata=(2560.0,2.0); H5=(600, 0, 1)"
RM_003_FEMTO.h5,29164,zero-sized H5 record,"(600, 0, 1)"
RM_003_FEMTO.h5,29164,metadata shape mismatch,"metadata=(2560.0,2.0); H5=(600, 0, 1)"
RM_003_FEMTO.h5,29165,zero-sized H5 record,"(600, 0, 1)"
RM_003_FEMTO.h5,29165,metadata shape mismatch,"metadata=(2560.0,2.0); H5=(600, 0, 1)"
RM_003_FEMTO.h5,29166,zero-sized H5 record,"(600, 0, 1)"
RM_003_FEMTO.h5,29166,metadata shape mismatch,"metadata=(2560.0,2.0); H5=(600, 0, 1)"
RM_003_FEMTO.h5,29167,zero-sized H5 record,"(600, 0, 1)"
RM_003_FEMTO.h5,29167,metadata shape mismatch,"metadata=(2560.0,2.0); H5=(600, 0, 1)"
RM_003_FEMTO.h5,29168,zero-sized H5 record,"(600, 0, 1)"
RM_003_FEMTO.h5,29168,metadata shape mismatch,"metadata=(2560.0,2.0); H5=(600, 0, 1)"
RM_003_FEMTO.h5,29169,zero-sized H5 record,"(600, 0, 1)"
RM_003_FEMTO.h5,29169,metadata shape mismatch,"metadata=(2560.0,2.0); H5=(600, 0, 1)"
RM_003_FEMTO.h5,29170,zero-sized H5 record,"(600, 0, 1)"
RM_003_FEMTO.h5,29170,metadata shape mismatch,"metadata=(2560.0,2.0); H5=(600, 0, 1)"
RM_003_FEMTO.h5,29171,zero-sized H5 record,"(600, 0, 1)"
RM_003_FEMTO.h5,29171,metadata shape mismatch,"metadata=(2560.0,2.0); H5=(600, 0, 1)"
RM_003_FEMTO.h5,29172,zero-sized H5 record,"(600, 0, 1)"
RM_003_FEMTO.h5,29172,metadata shape mismatch,"metadata=(2560.0,2.0); H5=(600, 0, 1)"
RM_003_FEMTO.h5,29173,zero-sized H5 record,"(600, 0, 1)"
RM_003_FEMTO.h5,29173,metadata shape mismatch,"metadata=(2560.0,2.0); H5=(600, 0, 1)"
RM_003_FEMTO.h5,29174,zero-sized H5 record,"(600, 0, 1)"
RM_003_FEMTO.h5,29174,metadata shape mismatch,"metadata=(2560.0,2.0); H5=(600, 0, 1)"
RM_003_FEMTO.h5,29175,zero-sized H5 record,"(600, 0, 1)"
RM_003_FEMTO.h5,29175,metadata shape mismatch,"metadata=(2560.0,2.0); H5=(600, 0, 1)"
RM_003_FEMTO.h5,29176,zero-sized H5 record,"(600, 0, 1)"
RM_003_FEMTO.h5,29176,metadata shape mismatch,"metadata=(2560.0,2.0); H5=(600, 0, 1)"
RM_003_FEMTO.h5,29177,zero-sized H5 record,"(600, 0, 1)"
RM_003_FEMTO.h5,29177,metadata shape mismatch,"metadata=(2560.0,2.0); H5=(600, 0, 1)"
RM_003_FEMTO.h5,29178,zero-sized H5 record,"(600, 0, 1)"
RM_003_FEMTO.h5,29178,metadata shape mismatch,"metadata=(2560.0,2.0); H5=(600, 0, 1)"
RM_003_FEMTO.h5,29179,zero-sized H5 record,"(600, 0, 1)"
RM_003_FEMTO.h5,29179,metadata shape mismatch,"metadata=(2560.0,2.0); H5=(600, 0, 1)"
RM_003_FEMTO.h5,29180,zero-sized H5 record,"(600, 0, 1)"
RM_003_FEMTO.h5,29180,metadata shape mismatch,"metadata=(2560.0,2.0); H5=(600, 0, 1)"
RM_003_FEMTO.h5,29181,zero-sized H5 record,"(600, 0, 1)"
RM_003_FEMTO.h5,29181,metadata shape mismatch,"metadata=(2560.0,2.0); H5=(600, 0, 1)"
RM_003_FEMTO.h5,29182,zero-sized H5 record,"(600, 0, 1)"
RM_003_FEMTO.h5,29182,metadata shape mismatch,"metadata=(2560.0,2.0); H5=(600, 0, 1)"
RM_003_FEMTO.h5,29183,zero-sized H5 record,"(600, 0, 1)"
RM_003_FEMTO.h5,29183,metadata shape mismatch,"metadata=(2560.0,2.0); H5=(600, 0, 1)"
RM_003_FEMTO.h5,29184,zero-sized H5 record,"(600, 0, 1)"
RM_003_FEMTO.h5,29184,metadata shape mismatch,"metadata=(2560.0,2.0); H5=(600, 0, 1)"
RM_003_FEMTO.h5,29185,zero-sized H5 record,"(600, 0, 1)"
RM_003_FEMTO.h5,29185,metadata shape mismatch,"metadata=(2560.0,2.0); H5=(600, 0, 1)"
RM_003_FEMTO.h5,29186,zero-sized H5 record,"(600, 0, 1)"
RM_003_FEMTO.h5,29186,metadata shape mismatch,"metadata=(2560.0,2.0); H5=(600, 0, 1)"
RM_003_FEMTO.h5,29187,zero-sized H5 record,"(600, 0, 1)"
RM_003_FEMTO.h5,29187,metadata shape mismatch,"metadata=(2560.0,2.0); H5=(600, 0, 1)"
RM_003_FEMTO.h5,29188,zero-sized H5 record,"(600, 0, 1)"
RM_003_FEMTO.h5,29188,metadata shape mismatch,"metadata=(2560.0,2.0); H5=(600, 0, 1)"
RM_003_FEMTO.h5,29189,zero-sized H5 record,"(600, 0, 1)"
RM_003_FEMTO.h5,29189,metadata shape mismatch,"metadata=(2560.0,2.0); H5=(600, 0, 1)"
RM_003_FEMTO.h5,29190,zero-sized H5 record,"(600, 0, 1)"
RM_003_FEMTO.h5,29190,metadata shape mismatch,"metadata=(2560.0,2.0); H5=(600, 0, 1)"
RM_003_FEMTO.h5,29191,zero-sized H5 record,"(600, 0, 1)"
RM_003_FEMTO.h5,29191,metadata shape mismatch,"metadata=(2560.0,2.0); H5=(600, 0, 1)"
RM_003_FEMTO.h5,29192,zero-sized H5 record,"(600, 0, 1)"
RM_003_FEMTO.h5,29192,metadata shape mismatch,"metadata=(2560.0,2.0); H5=(600, 0, 1)"
RM_003_FEMTO.h5,29193,zero-sized H5 record,"(600, 0, 1)"
RM_003_FEMTO.h5,29193,metadata shape mismatch,"metadata=(2560.0,2.0); H5=(600, 0, 1)"
RM_003_FEMTO.h5,29194,zero-sized H5 record,"(600, 0, 1)"
RM_003_FEMTO.h5,29194,metadata shape mismatch,"metadata=(2560.0,2.0); H5=(600, 0, 1)"
RM_003_FEMTO.h5,29195,zero-sized H5 record,"(600, 0, 1)"
RM_003_FEMTO.h5,29195,metadata shape mismatch,"metadata=(2560.0,2.0); H5=(600, 0, 1)"
RM_003_FEMTO.h5,29196,zero-sized H5 record,"(600, 0, 1)"
RM_003_FEMTO.h5,29196,metadata shape mismatch,"metadata=(2560.0,2.0); H5=(600, 0, 1)"
RM_003_FEMTO.h5,29197,zero-sized H5 record,"(600, 0, 1)"
RM_003_FEMTO.h5,29197,metadata shape mismatch,"metadata=(2560.0,2.0); H5=(600, 0, 1)"
RM_003_FEMTO.h5,29198,zero-sized H5 record,"(600, 0, 1)"
RM_003_FEMTO.h5,29198,metadata shape mismatch,"metadata=(2560.0,2.0); H5=(600, 0, 1)"
RM_003_FEMTO.h5,29199,zero-sized H5 record,"(600, 0, 1)"
RM_003_FEMTO.h5,29199,metadata shape mismatch,"metadata=(2560.0,2.0); H5=(600, 0, 1)"
RM_003_FEMTO.h5,29200,zero-sized H5 record,"(600, 0, 1)"
RM_003_FEMTO.h5,29200,metadata shape mismatch,"metadata=(2560.0,2.0); H5=(600, 0, 1)"
RM_003_FEMTO.h5,29201,zero-sized H5 record,"(600, 0, 1)"
RM_003_FEMTO.h5,29201,metadata shape mismatch,"metadata=(2560.0,2.0); H5=(600, 0, 1)"
RM_003_FEMTO.h5,29202,zero-sized H5 record,"(600, 0, 1)"
RM_003_FEMTO.h5,29202,metadata shape mismatch,"metadata=(2560.0,2.0); H5=(600, 0, 1)"
RM_003_FEMTO.h5,29203,zero-sized H5 record,"(600, 0, 1)"
RM_003_FEMTO.h5,29203,metadata shape mismatch,"metadata=(2560.0,2.0); H5=(600, 0, 1)"
RM_003_FEMTO.h5,29204,zero-sized H5 record,"(600, 0, 1)"
RM_003_FEMTO.h5,29204,metadata shape mismatch,"metadata=(2560.0,2.0); H5=(600, 0, 1)"
RM_003_FEMTO.h5,29205,zero-sized H5 record,"(600, 0, 1)"
RM_003_FEMTO.h5,29205,metadata shape mismatch,"metadata=(2560.0,2.0); H5=(600, 0, 1)"
RM_003_FEMTO.h5,29206,zero-sized H5 record,"(600, 0, 1)"
RM_003_FEMTO.h5,29206,metadata shape mismatch,"metadata=(2560.0,2.0); H5=(600, 0, 1)"
RM_003_FEMTO.h5,29207,zero-sized H5 record,"(600, 0, 1)"
RM_003_FEMTO.h5,29207,metadata shape mismatch,"metadata=(2560.0,2.0); H5=(600, 0, 1)"
RM_003_FEMTO.h5,29208,zero-sized H5 record,"(600, 0, 1)"
RM_003_FEMTO.h5,29208,metadata shape mismatch,"metadata=(2560.0,2.0); H5=(600, 0, 1)"
RM_003_FEMTO.h5,29209,zero-sized H5 record,"(600, 0, 1)"
RM_003_FEMTO.h5,29209,metadata shape mismatch,"metadata=(2560.0,2.0); H5=(600, 0, 1)"
RM_003_FEMTO.h5,29210,zero-sized H5 record,"(600, 0, 1)"
RM_003_FEMTO.h5,29210,metadata shape mismatch,"metadata=(2560.0,2.0); H5=(600, 0, 1)"
RM_003_FEMTO.h5,29211,zero-sized H5 record,"(600, 0, 1)"
RM_003_FEMTO.h5,29211,metadata shape mismatch,"metadata=(2560.0,2.0); H5=(600, 0, 1)"
RM_003_FEMTO.h5,29212,zero-sized H5 record,"(600, 0, 1)"
RM_003_FEMTO.h5,29212,metadata shape mismatch,"metadata=(2560.0,2.0); H5=(600, 0, 1)"
RM_003_FEMTO.h5,29213,zero-sized H5 record,"(600, 0, 1)"
RM_003_FEMTO.h5,29213,metadata shape mismatch,"metadata=(2560.0,2.0); H5=(600, 0, 1)"
RM_003_FEMTO.h5,29214,zero-sized H5 record,"(600, 0, 1)"
RM_003_FEMTO.h5,29214,metadata shape mismatch,"metadata=(2560.0,2.0); H5=(600, 0, 1)"
RM_003_FEMTO.h5,29215,zero-sized H5 record,"(600, 0, 1)"
RM_003_FEMTO.h5,29215,metadata shape mismatch,"metadata=(2560.0,2.0); H5=(600, 0, 1)"
RM_003_FEMTO.h5,29216,zero-sized H5 record,"(600, 0, 1)"
RM_003_FEMTO.h5,29216,metadata shape mismatch,"metadata=(2560.0,2.0); H5=(600, 0, 1)"
RM_003_FEMTO.h5,29217,zero-sized H5 record,"(600, 0, 1)"
RM_003_FEMTO.h5,29217,metadata shape mismatch,"metadata=(2560.0,2.0); H5=(600, 0, 1)"
RM_003_FEMTO.h5,29218,zero-sized H5 record,"(600, 0, 1)"
RM_003_FEMTO.h5,29218,metadata shape mismatch,"metadata=(2560.0,2.0); H5=(600, 0, 1)"
RM_003_FEMTO.h5,29219,zero-sized H5 record,"(600, 0, 1)"
RM_003_FEMTO.h5,29219,metadata shape mismatch,"metadata=(2560.0,2.0); H5=(600, 0, 1)"
RM_003_FEMTO.h5,29220,zero-sized H5 record,"(600, 0, 1)"
RM_003_FEMTO.h5,29220,metadata shape mismatch,"metadata=(2560.0,2.0); H5=(600, 0, 1)"
RM_003_FEMTO.h5,29221,zero-sized H5 record,"(600, 0, 1)"
RM_003_FEMTO.h5,29221,metadata shape mismatch,"metadata=(2560.0,2.0); H5=(600, 0, 1)"
RM_003_FEMTO.h5,29222,zero-sized H5 record,"(600, 0, 1)"
RM_003_FEMTO.h5,29222,metadata shape mismatch,"metadata=(2560.0,2.0); H5=(600, 0, 1)"
RM_003_FEMTO.h5,29223,zero-sized H5 record,"(600, 0, 1)"
RM_003_FEMTO.h5,29223,metadata shape mismatch,"metadata=(2560.0,2.0); H5=(600, 0, 1)"
RM_003_FEMTO.h5,29224,zero-sized H5 record,"(600, 0, 1)"
RM_003_FEMTO.h5,29224,metadata shape mismatch,"metadata=(2560.0,2.0); H5=(600, 0, 1)"
RM_003_FEMTO.h5,29225,zero-sized H5 record,"(600, 0, 1)"
RM_003_FEMTO.h5,29225,metadata shape mismatch,"metadata=(2560.0,2.0); H5=(600, 0, 1)"
RM_003_FEMTO.h5,29226,zero-sized H5 record,"(600, 0, 1)"
RM_003_FEMTO.h5,29226,metadata shape mismatch,"metadata=(2560.0,2.0); H5=(600, 0, 1)"
RM_003_FEMTO.h5,29227,zero-sized H5 record,"(600, 0, 1)"
RM_003_FEMTO.h5,29227,metadata shape mismatch,"metadata=(2560.0,2.0); H5=(600, 0, 1)"
RM_003_FEMTO.h5,29228,zero-sized H5 record,"(600, 0, 1)"
RM_003_FEMTO.h5,29228,metadata shape mismatch,"metadata=(2560.0,2.0); H5=(600, 0, 1)"
RM_003_FEMTO.h5,29229,zero-sized H5 record,"(600, 0, 1)"
RM_003_FEMTO.h5,29229,metadata shape mismatch,"metadata=(2560.0,2.0); H5=(600, 0, 1)"
RM_003_FEMTO.h5,29230,zero-sized H5 record,"(600, 0, 1)"
RM_003_FEMTO.h5,29230,metadata shape mismatch,"metadata=(2560.0,2.0); H5=(600, 0, 1)"
RM_003_FEMTO.h5,29231,zero-sized H5 record,"(600, 0, 1)"
RM_003_FEMTO.h5,29231,metadata shape mismatch,"metadata=(2560.0,2.0); H5=(600, 0, 1)"
RM_003_FEMTO.h5,29232,zero-sized H5 record,"(600, 0, 1)"
RM_003_FEMTO.h5,29232,metadata shape mismatch,"metadata=(2560.0,2.0); H5=(600, 0, 1)"
RM_003_FEMTO.h5,29233,zero-sized H5 record,"(600, 0, 1)"
RM_003_FEMTO.h5,29233,metadata shape mismatch,"metadata=(2560.0,2.0); H5=(600, 0, 1)"
RM_003_FEMTO.h5,29234,zero-sized H5 record,"(600, 0, 1)"
RM_003_FEMTO.h5,29234,metadata shape mismatch,"metadata=(2560.0,2.0); H5=(600, 0, 1)"
RM_003_FEMTO.h5,29235,zero-sized H5 record,"(600, 0, 1)"
RM_003_FEMTO.h5,29235,metadata shape mismatch,"metadata=(2560.0,2.0); H5=(600, 0, 1)"
RM_003_FEMTO.h5,29236,zero-sized H5 record,"(600, 0, 1)"
RM_003_FEMTO.h5,29236,metadata shape mismatch,"metadata=(2560.0,2.0); H5=(600, 0, 1)"
RM_003_FEMTO.h5,29237,zero-sized H5 record,"(600, 0, 1)"
RM_003_FEMTO.h5,29237,metadata shape mismatch,"metadata=(2560.0,2.0); H5=(600, 0, 1)"
RM_003_FEMTO.h5,29238,zero-sized H5 record,"(600, 0, 1)"
RM_003_FEMTO.h5,29238,metadata shape mismatch,"metadata=(2560.0,2.0); H5=(600, 0, 1)"
RM_003_FEMTO.h5,29239,zero-sized H5 record,"(600, 0, 1)"
RM_003_FEMTO.h5,29239,metadata shape mismatch,"metadata=(2560.0,2.0); H5=(600, 0, 1)"
RM_003_FEMTO.h5,29240,zero-sized H5 record,"(600, 0, 1)"
RM_003_FEMTO.h5,29240,metadata shape mismatch,"metadata=(2560.0,2.0); H5=(600, 0, 1)"
RM_003_FEMTO.h5,29241,zero-sized H5 record,"(600, 0, 1)"
RM_003_FEMTO.h5,29241,metadata shape mismatch,"metadata=(2560.0,2.0); H5=(600, 0, 1)"
RM_003_FEMTO.h5,29242,zero-sized H5 record,"(600, 0, 1)"
RM_003_FEMTO.h5,29242,metadata shape mismatch,"metadata=(2560.0,2.0); H5=(600, 0, 1)"
RM_003_FEMTO.h5,29243,zero-sized H5 record,"(600, 0, 1)"
RM_003_FEMTO.h5,29243,metadata shape mismatch,"metadata=(2560.0,2.0); H5=(600, 0, 1)"
RM_003_FEMTO.h5,29244,zero-sized H5 record,"(600, 0, 1)"
RM_003_FEMTO.h5,29244,metadata shape mismatch,"metadata=(2560.0,2.0); H5=(600, 0, 1)"
RM_003_FEMTO.h5,29245,zero-sized H5 record,"(600, 0, 1)"
RM_003_FEMTO.h5,29245,metadata shape mismatch,"metadata=(2560.0,2.0); H5=(600, 0, 1)"
RM_003_FEMTO.h5,29246,zero-sized H5 record,"(600, 0, 1)"
RM_003_FEMTO.h5,29246,metadata shape mismatch,"metadata=(2560.0,2.0); H5=(600, 0, 1)"
RM_003_FEMTO.h5,29247,zero-sized H5 record,"(600, 0, 1)"
RM_003_FEMTO.h5,29247,metadata shape mismatch,"metadata=(2560.0,2.0); H5=(600, 0, 1)"
RM_003_FEMTO.h5,29248,zero-sized H5 record,"(600, 0, 1)"
RM_003_FEMTO.h5,29248,metadata shape mismatch,"metadata=(2560.0,2.0); H5=(600, 0, 1)"
RM_003_FEMTO.h5,29249,zero-sized H5 record,"(600, 0, 1)"
RM_003_FEMTO.h5,29249,metadata shape mismatch,"metadata=(2560.0,2.0); H5=(600, 0, 1)"
RM_003_FEMTO.h5,29250,zero-sized H5 record,"(600, 0, 1)"
RM_003_FEMTO.h5,29250,metadata shape mismatch,"metadata=(2560.0,2.0); H5=(600, 0, 1)"
RM_003_FEMTO.h5,29251,zero-sized H5 record,"(600, 0, 1)"
RM_003_FEMTO.h5,29251,metadata shape mismatch,"metadata=(2560.0,2.0); H5=(600, 0, 1)"
RM_003_FEMTO.h5,29252,zero-sized H5 record,"(600, 0, 1)"
RM_003_FEMTO.h5,29252,metadata shape mismatch,"metadata=(2560.0,2.0); H5=(600, 0, 1)"
RM_003_FEMTO.h5,29253,zero-sized H5 record,"(600, 0, 1)"
RM_003_FEMTO.h5,29253,metadata shape mismatch,"metadata=(2560.0,2.0); H5=(600, 0, 1)"
RM_003_FEMTO.h5,29254,zero-sized H5 record,"(600, 0, 1)"
RM_003_FEMTO.h5,29254,metadata shape mismatch,"metadata=(2560.0,2.0); H5=(600, 0, 1)"
RM_003_FEMTO.h5,29255,zero-sized H5 record,"(600, 0, 1)"
RM_003_FEMTO.h5,29255,metadata shape mismatch,"metadata=(2560.0,2.0); H5=(600, 0, 1)"
RM_003_FEMTO.h5,29256,zero-sized H5 record,"(600, 0, 1)"
RM_003_FEMTO.h5,29256,metadata shape mismatch,"metadata=(2560.0,2.0); H5=(600, 0, 1)"
RM_003_FEMTO.h5,29257,zero-sized H5 record,"(600, 0, 1)"
RM_003_FEMTO.h5,29257,metadata shape mismatch,"metadata=(2560.0,2.0); H5=(600, 0, 1)"
RM_003_FEMTO.h5,29258,zero-sized H5 record,"(600, 0, 1)"
RM_003_FEMTO.h5,29258,metadata shape mismatch,"metadata=(2560.0,2.0); H5=(600, 0, 1)"
RM_003_FEMTO.h5,29259,zero-sized H5 record,"(600, 0, 1)"
RM_003_FEMTO.h5,29259,metadata shape mismatch,"metadata=(2560.0,2.0); H5=(600, 0, 1)"
RM_003_FEMTO.h5,29260,zero-sized H5 record,"(600, 0, 1)"
RM_003_FEMTO.h5,29260,metadata shape mismatch,"metadata=(2560.0,2.0); H5=(600, 0, 1)"
RM_003_FEMTO.h5,29261,zero-sized H5 record,"(600, 0, 1)"
RM_003_FEMTO.h5,29261,metadata shape mismatch,"metadata=(2560.0,2.0); H5=(600, 0, 1)"
RM_003_FEMTO.h5,29262,zero-sized H5 record,"(600, 0, 1)"
RM_003_FEMTO.h5,29262,metadata shape mismatch,"metadata=(2560.0,2.0); H5=(600, 0, 1)"
RM_003_FEMTO.h5,29263,zero-sized H5 record,"(600, 0, 1)"
RM_003_FEMTO.h5,29263,metadata shape mismatch,"metadata=(2560.0,2.0); H5=(600, 0, 1)"
RM_003_FEMTO.h5,29264,zero-sized H5 record,"(600, 0, 1)"
RM_003_FEMTO.h5,29264,metadata shape mismatch,"metadata=(2560.0,2.0); H5=(600, 0, 1)"
RM_003_FEMTO.h5,29265,zero-sized H5 record,"(600, 0, 1)"
RM_003_FEMTO.h5,29265,metadata shape mismatch,"metadata=(2560.0,2.0); H5=(600, 0, 1)"
RM_003_FEMTO.h5,29266,zero-sized H5 record,"(600, 0, 1)"
RM_003_FEMTO.h5,29266,metadata shape mismatch,"metadata=(2560.0,2.0); H5=(600, 0, 1)"
RM_003_FEMTO.h5,29267,zero-sized H5 record,"(600, 0, 1)"
RM_003_FEMTO.h5,29267,metadata shape mismatch,"metadata=(2560.0,2.0); H5=(600, 0, 1)"
RM_003_FEMTO.h5,29268,zero-sized H5 record,"(600, 0, 1)"
RM_003_FEMTO.h5,29268,metadata shape mismatch,"metadata=(2560.0,2.0); H5=(600, 0, 1)"
RM_003_FEMTO.h5,29269,zero-sized H5 record,"(600, 0, 1)"
RM_003_FEMTO.h5,29269,metadata shape mismatch,"metadata=(2560.0,2.0); H5=(600, 0, 1)"
RM_003_FEMTO.h5,29270,zero-sized H5 record,"(600, 0, 1)"
RM_003_FEMTO.h5,29270,metadata shape mismatch,"metadata=(2560.0,2.0); H5=(600, 0, 1)"
RM_003_FEMTO.h5,29271,zero-sized H5 record,"(600, 0, 1)"
RM_003_FEMTO.h5,29271,metadata shape mismatch,"metadata=(2560.0,2.0); H5=(600, 0, 1)"
RM_003_FEMTO.h5,29272,zero-sized H5 record,"(600, 0, 1)"
RM_003_FEMTO.h5,29272,metadata shape mismatch,"metadata=(2560.0,2.0); H5=(600, 0, 1)"
RM_003_FEMTO.h5,29273,zero-sized H5 record,"(600, 0, 1)"
RM_003_FEMTO.h5,29273,metadata shape mismatch,"metadata=(2560.0,2.0); H5=(600, 0, 1)"
RM_003_FEMTO.h5,29274,zero-sized H5 record,"(600, 0, 1)"
RM_003_FEMTO.h5,29274,metadata shape mismatch,"metadata=(2560.0,2.0); H5=(600, 0, 1)"
RM_003_FEMTO.h5,29275,zero-sized H5 record,"(600, 0, 1)"
RM_003_FEMTO.h5,29275,metadata shape mismatch,"metadata=(2560.0,2.0); H5=(600, 0, 1)"
RM_003_FEMTO.h5,29276,zero-sized H5 record,"(600, 0, 1)"
RM_003_FEMTO.h5,29276,metadata shape mismatch,"metadata=(2560.0,2.0); H5=(600, 0, 1)"
RM_003_FEMTO.h5,29277,zero-sized H5 record,"(600, 0, 1)"
RM_003_FEMTO.h5,29277,metadata shape mismatch,"metadata=(2560.0,2.0); H5=(600, 0, 1)"
RM_003_FEMTO.h5,29278,zero-sized H5 record,"(600, 0, 1)"
RM_003_FEMTO.h5,29278,metadata shape mismatch,"metadata=(2560.0,2.0); H5=(600, 0, 1)"
RM_003_FEMTO.h5,29279,zero-sized H5 record,"(600, 0, 1)"
RM_003_FEMTO.h5,29279,metadata shape mismatch,"metadata=(2560.0,2.0); H5=(600, 0, 1)"
RM_003_FEMTO.h5,29280,zero-sized H5 record,"(600, 0, 1)"
RM_003_FEMTO.h5,29280,metadata shape mismatch,"metadata=(2560.0,2.0); H5=(600, 0, 1)"
RM_003_FEMTO.h5,29281,zero-sized H5 record,"(600, 0, 1)"
RM_003_FEMTO.h5,29281,metadata shape mismatch,"metadata=(2560.0,2.0); H5=(600, 0, 1)"
RM_003_FEMTO.h5,29282,zero-sized H5 record,"(600, 0, 1)"
RM_003_FEMTO.h5,29282,metadata shape mismatch,"metadata=(2560.0,2.0); H5=(600, 0, 1)"
RM_003_FEMTO.h5,29283,zero-sized H5 record,"(600, 0, 1)"
RM_003_FEMTO.h5,29283,metadata shape mismatch,"metadata=(2560.0,2.0); H5=(600, 0, 1)"
RM_003_FEMTO.h5,29284,zero-sized H5 record,"(600, 0, 1)"
RM_003_FEMTO.h5,29284,metadata shape mismatch,"metadata=(2560.0,2.0); H5=(600, 0, 1)"
RM_003_FEMTO.h5,29285,zero-sized H5 record,"(600, 0, 1)"
RM_003_FEMTO.h5,29285,metadata shape mismatch,"metadata=(2560.0,2.0); H5=(600, 0, 1)"
RM_003_FEMTO.h5,29286,zero-sized H5 record,"(600, 0, 1)"
RM_003_FEMTO.h5,29286,metadata shape mismatch,"metadata=(2560.0,2.0); H5=(600, 0, 1)"
RM_003_FEMTO.h5,29287,zero-sized H5 record,"(600, 0, 1)"
RM_003_FEMTO.h5,29287,metadata shape mismatch,"metadata=(2560.0,2.0); H5=(600, 0, 1)"
RM_003_FEMTO.h5,29288,zero-sized H5 record,"(600, 0, 1)"
RM_003_FEMTO.h5,29288,metadata shape mismatch,"metadata=(2560.0,2.0); H5=(600, 0, 1)"
RM_003_FEMTO.h5,29289,zero-sized H5 record,"(600, 0, 1)"
RM_003_FEMTO.h5,29289,metadata shape mismatch,"metadata=(2560.0,2.0); H5=(600, 0, 1)"
RM_003_FEMTO.h5,29290,zero-sized H5 record,"(600, 0, 1)"
RM_003_FEMTO.h5,29290,metadata shape mismatch,"metadata=(2560.0,2.0); H5=(600, 0, 1)"
RM_003_FEMTO.h5,29291,zero-sized H5 record,"(600, 0, 1)"
RM_003_FEMTO.h5,29291,metadata shape mismatch,"metadata=(2560.0,2.0); H5=(600, 0, 1)"
RM_003_FEMTO.h5,29292,zero-sized H5 record,"(600, 0, 1)"
RM_003_FEMTO.h5,29292,metadata shape mismatch,"metadata=(2560.0,2.0); H5=(600, 0, 1)"
RM_003_FEMTO.h5,29293,zero-sized H5 record,"(600, 0, 1)"
RM_003_FEMTO.h5,29293,metadata shape mismatch,"metadata=(2560.0,2.0); H5=(600, 0, 1)"
RM_003_FEMTO.h5,29294,zero-sized H5 record,"(600, 0, 1)"
RM_003_FEMTO.h5,29294,metadata shape mismatch,"metadata=(2560.0,2.0); H5=(600, 0, 1)"
RM_003_FEMTO.h5,29295,zero-sized H5 record,"(600, 0, 1)"
RM_003_FEMTO.h5,29295,metadata shape mismatch,"metadata=(2560.0,2.0); H5=(600, 0, 1)"
RM_003_FEMTO.h5,29296,zero-sized H5 record,"(600, 0, 1)"
RM_003_FEMTO.h5,29296,metadata shape mismatch,"metadata=(2560.0,2.0); H5=(600, 0, 1)"
RM_003_FEMTO.h5,29297,zero-sized H5 record,"(600, 0, 1)"
RM_003_FEMTO.h5,29297,metadata shape mismatch,"metadata=(2560.0,2.0); H5=(600, 0, 1)"
RM_003_FEMTO.h5,29298,zero-sized H5 record,"(600, 0, 1)"
RM_003_FEMTO.h5,29298,metadata shape mismatch,"metadata=(2560.0,2.0); H5=(600, 0, 1)"
RM_003_FEMTO.h5,29299,zero-sized H5 record,"(600, 0, 1)"
RM_003_FEMTO.h5,29299,metadata shape mismatch,"metadata=(2560.0,2.0); H5=(600, 0, 1)"
RM_003_FEMTO.h5,29300,zero-sized H5 record,"(600, 0, 1)"
RM_003_FEMTO.h5,29300,metadata shape mismatch,"metadata=(2560.0,2.0); H5=(600, 0, 1)"
RM_003_FEMTO.h5,29301,zero-sized H5 record,"(600, 0, 1)"
RM_003_FEMTO.h5,29301,metadata shape mismatch,"metadata=(2560.0,2.0); H5=(600, 0, 1)"
RM_003_FEMTO.h5,29302,zero-sized H5 record,"(600, 0, 1)"
RM_003_FEMTO.h5,29302,metadata shape mismatch,"metadata=(2560.0,2.0); H5=(600, 0, 1)"
RM_003_FEMTO.h5,29303,zero-sized H5 record,"(600, 0, 1)"
RM_003_FEMTO.h5,29303,metadata shape mismatch,"metadata=(2560.0,2.0); H5=(600, 0, 1)"
RM_003_FEMTO.h5,29304,zero-sized H5 record,"(600, 0, 1)"
RM_003_FEMTO.h5,29304,metadata shape mismatch,"metadata=(2560.0,2.0); H5=(600, 0, 1)"
RM_003_FEMTO.h5,29305,zero-sized H5 record,"(600, 0, 1)"
RM_003_FEMTO.h5,29305,metadata shape mismatch,"metadata=(2560.0,2.0); H5=(600, 0, 1)"
RM_003_FEMTO.h5,29306,zero-sized H5 record,"(600, 0, 1)"
RM_003_FEMTO.h5,29306,metadata shape mismatch,"metadata=(2560.0,2.0); H5=(600, 0, 1)"
RM_003_FEMTO.h5,29307,zero-sized H5 record,"(600, 0, 1)"
RM_003_FEMTO.h5,29307,metadata shape mismatch,"metadata=(2560.0,2.0); H5=(600, 0, 1)"
RM_003_FEMTO.h5,29308,zero-sized H5 record,"(600, 0, 1)"
RM_003_FEMTO.h5,29308,metadata shape mismatch,"metadata=(2560.0,2.0); H5=(600, 0, 1)"
RM_003_FEMTO.h5,29309,zero-sized H5 record,"(600, 0, 1)"
RM_003_FEMTO.h5,29309,metadata shape mismatch,"metadata=(2560.0,2.0); H5=(600, 0, 1)"
RM_003_FEMTO.h5,29310,zero-sized H5 record,"(600, 0, 1)"
RM_003_FEMTO.h5,29310,metadata shape mismatch,"metadata=(2560.0,2.0); H5=(600, 0, 1)"
RM_003_FEMTO.h5,29311,zero-sized H5 record,"(600, 0, 1)"
RM_003_FEMTO.h5,29311,metadata shape mismatch,"metadata=(2560.0,2.0); H5=(600, 0, 1)"
RM_003_FEMTO.h5,29312,zero-sized H5 record,"(600, 0, 1)"
RM_003_FEMTO.h5,29312,metadata shape mismatch,"metadata=(2560.0,2.0); H5=(600, 0, 1)"
RM_003_FEMTO.h5,29313,zero-sized H5 record,"(600, 0, 1)"
RM_003_FEMTO.h5,29313,metadata shape mismatch,"metadata=(2560.0,2.0); H5=(600, 0, 1)"
RM_003_FEMTO.h5,29314,zero-sized H5 record,"(600, 0, 1)"
RM_003_FEMTO.h5,29314,metadata shape mismatch,"metadata=(2560.0,2.0); H5=(600, 0, 1)"
RM_003_FEMTO.h5,29315,zero-sized H5 record,"(600, 0, 1)"
RM_003_FEMTO.h5,29315,metadata shape mismatch,"metadata=(2560.0,2.0); H5=(600, 0, 1)"
RM_003_FEMTO.h5,29316,zero-sized H5 record,"(600, 0, 1)"
RM_003_FEMTO.h5,29316,metadata shape mismatch,"metadata=(2560.0,2.0); H5=(600, 0, 1)"
RM_003_FEMTO.h5,29317,zero-sized H5 record,"(600, 0, 1)"
RM_003_FEMTO.h5,29317,metadata shape mismatch,"metadata=(2560.0,2.0); H5=(600, 0, 1)"
RM_003_FEMTO.h5,29318,zero-sized H5 record,"(600, 0, 1)"
RM_003_FEMTO.h5,29318,metadata shape mismatch,"metadata=(2560.0,2.0); H5=(600, 0, 1)"
RM_003_FEMTO.h5,29319,zero-sized H5 record,"(600, 0, 1)"
RM_003_FEMTO.h5,29319,metadata shape mismatch,"metadata=(2560.0,2.0); H5=(600, 0, 1)"
RM_003_FEMTO.h5,29320,zero-sized H5 record,"(600, 0, 1)"
RM_003_FEMTO.h5,29320,metadata shape mismatch,"metadata=(2560.0,2.0); H5=(600, 0, 1)"
RM_003_FEMTO.h5,29321,zero-sized H5 record,"(600, 0, 1)"
RM_003_FEMTO.h5,29321,metadata shape mismatch,"metadata=(2560.0,2.0); H5=(600, 0, 1)"
RM_003_FEMTO.h5,29322,zero-sized H5 record,"(600, 0, 1)"
RM_003_FEMTO.h5,29322,metadata shape mismatch,"metadata=(2560.0,2.0); H5=(600, 0, 1)"
RM_003_FEMTO.h5,29323,zero-sized H5 record,"(600, 0, 1)"
RM_003_FEMTO.h5,29323,metadata shape mismatch,"metadata=(2560.0,2.0); H5=(600, 0, 1)"
RM_003_FEMTO.h5,29324,zero-sized H5 record,"(600, 0, 1)"
RM_003_FEMTO.h5,29324,metadata shape mismatch,"metadata=(2560.0,2.0); H5=(600, 0, 1)"
RM_003_FEMTO.h5,29325,zero-sized H5 record,"(600, 0, 1)"
RM_003_FEMTO.h5,29325,metadata shape mismatch,"metadata=(2560.0,2.0); H5=(600, 0, 1)"
RM_003_FEMTO.h5,29326,zero-sized H5 record,"(600, 0, 1)"
RM_003_FEMTO.h5,29326,metadata shape mismatch,"metadata=(2560.0,2.0); H5=(600, 0, 1)"
RM_003_FEMTO.h5,29327,zero-sized H5 record,"(600, 0, 1)"
RM_003_FEMTO.h5,29327,metadata shape mismatch,"metadata=(2560.0,2.0); H5=(600, 0, 1)"
RM_003_FEMTO.h5,29328,zero-sized H5 record,"(600, 0, 1)"
RM_003_FEMTO.h5,29328,metadata shape mismatch,"metadata=(2560.0,2.0); H5=(600, 0, 1)"
RM_003_FEMTO.h5,29329,zero-sized H5 record,"(600, 0, 1)"
RM_003_FEMTO.h5,29329,metadata shape mismatch,"metadata=(2560.0,2.0); H5=(600, 0, 1)"
RM_003_FEMTO.h5,29330,zero-sized H5 record,"(600, 0, 1)"
RM_003_FEMTO.h5,29330,metadata shape mismatch,"metadata=(2560.0,2.0); H5=(600, 0, 1)"
RM_003_FEMTO.h5,29331,zero-sized H5 record,"(600, 0, 1)"
RM_003_FEMTO.h5,29331,metadata shape mismatch,"metadata=(2560.0,2.0); H5=(600, 0, 1)"
RM_003_FEMTO.h5,29332,zero-sized H5 record,"(600, 0, 1)"
RM_003_FEMTO.h5,29332,metadata shape mismatch,"metadata=(2560.0,2.0); H5=(600, 0, 1)"
RM_003_FEMTO.h5,29333,zero-sized H5 record,"(600, 0, 1)"
RM_003_FEMTO.h5,29333,metadata shape mismatch,"metadata=(2560.0,2.0); H5=(600, 0, 1)"
RM_003_FEMTO.h5,29334,zero-sized H5 record,"(600, 0, 1)"
RM_003_FEMTO.h5,29334,metadata shape mismatch,"metadata=(2560.0,2.0); H5=(600, 0, 1)"
RM_003_FEMTO.h5,29335,zero-sized H5 record,"(600, 0, 1)"
RM_003_FEMTO.h5,29335,metadata shape mismatch,"metadata=(2560.0,2.0); H5=(600, 0, 1)"
RM_003_FEMTO.h5,29336,zero-sized H5 record,"(600, 0, 1)"
RM_003_FEMTO.h5,29336,metadata shape mismatch,"metadata=(2560.0,2.0); H5=(600, 0, 1)"
RM_003_FEMTO.h5,29337,zero-sized H5 record,"(600, 0, 1)"
RM_003_FEMTO.h5,29337,metadata shape mismatch,"metadata=(2560.0,2.0); H5=(600, 0, 1)"
RM_003_FEMTO.h5,29338,zero-sized H5 record,"(600, 0, 1)"
RM_003_FEMTO.h5,29338,metadata shape mismatch,"metadata=(2560.0,2.0); H5=(600, 0, 1)"
RM_003_FEMTO.h5,29339,zero-sized H5 record,"(600, 0, 1)"
RM_003_FEMTO.h5,29339,metadata shape mismatch,"metadata=(2560.0,2.0); H5=(600, 0, 1)"
RM_003_FEMTO.h5,29340,zero-sized H5 record,"(600, 0, 1)"
RM_003_FEMTO.h5,29340,metadata shape mismatch,"metadata=(2560.0,2.0); H5=(600, 0, 1)"
RM_003_FEMTO.h5,29341,zero-sized H5 record,"(600, 0, 1)"
RM_003_FEMTO.h5,29341,metadata shape mismatch,"metadata=(2560.0,2.0); H5=(600, 0, 1)"
RM_003_FEMTO.h5,29342,zero-sized H5 record,"(600, 0, 1)"
RM_003_FEMTO.h5,29342,metadata shape mismatch,"metadata=(2560.0,2.0); H5=(600, 0, 1)"
RM_003_FEMTO.h5,29343,zero-sized H5 record,"(600, 0, 1)"
RM_003_FEMTO.h5,29343,metadata shape mismatch,"metadata=(2560.0,2.0); H5=(600, 0, 1)"
RM_003_FEMTO.h5,29344,zero-sized H5 record,"(600, 0, 1)"
RM_003_FEMTO.h5,29344,metadata shape mismatch,"metadata=(2560.0,2.0); H5=(600, 0, 1)"
RM_003_FEMTO.h5,29345,zero-sized H5 record,"(600, 0, 1)"
RM_003_FEMTO.h5,29345,metadata shape mismatch,"metadata=(2560.0,2.0); H5=(600, 0, 1)"
RM_003_FEMTO.h5,29346,zero-sized H5 record,"(600, 0, 1)"
RM_003_FEMTO.h5,29346,metadata shape mismatch,"metadata=(2560.0,2.0); H5=(600, 0, 1)"
RM_003_FEMTO.h5,29347,zero-sized H5 record,"(600, 0, 1)"
RM_003_FEMTO.h5,29347,metadata shape mismatch,"metadata=(2560.0,2.0); H5=(600, 0, 1)"
RM_003_FEMTO.h5,29348,zero-sized H5 record,"(600, 0, 1)"
RM_003_FEMTO.h5,29348,metadata shape mismatch,"metadata=(2560.0,2.0); H5=(600, 0, 1)"
RM_003_FEMTO.h5,29349,zero-sized H5 record,"(600, 0, 1)"
RM_003_FEMTO.h5,29349,metadata shape mismatch,"metadata=(2560.0,2.0); H5=(600, 0, 1)"
RM_003_FEMTO.h5,29350,zero-sized H5 record,"(600, 0, 1)"
RM_003_FEMTO.h5,29350,metadata shape mismatch,"metadata=(2560.0,2.0); H5=(600, 0, 1)"
RM_003_FEMTO.h5,29351,zero-sized H5 record,"(600, 0, 1)"
RM_003_FEMTO.h5,29351,metadata shape mismatch,"metadata=(2560.0,2.0); H5=(600, 0, 1)"
RM_003_FEMTO.h5,29352,zero-sized H5 record,"(600, 0, 1)"
RM_003_FEMTO.h5,29352,metadata shape mismatch,"metadata=(2560.0,2.0); H5=(600, 0, 1)"
RM_003_FEMTO.h5,29353,zero-sized H5 record,"(600, 0, 1)"
RM_003_FEMTO.h5,29353,metadata shape mismatch,"metadata=(2560.0,2.0); H5=(600, 0, 1)"
RM_003_FEMTO.h5,29354,zero-sized H5 record,"(600, 0, 1)"
RM_003_FEMTO.h5,29354,metadata shape mismatch,"metadata=(2560.0,2.0); H5=(600, 0, 1)"
RM_003_FEMTO.h5,29355,zero-sized H5 record,"(600, 0, 1)"
RM_003_FEMTO.h5,29355,metadata shape mismatch,"metadata=(2560.0,2.0); H5=(600, 0, 1)"
RM_003_FEMTO.h5,29356,zero-sized H5 record,"(600, 0, 1)"
RM_003_FEMTO.h5,29356,metadata shape mismatch,"metadata=(2560.0,2.0); H5=(600, 0, 1)"
RM_003_FEMTO.h5,29357,zero-sized H5 record,"(600, 0, 1)"
RM_003_FEMTO.h5,29357,metadata shape mismatch,"metadata=(2560.0,2.0); H5=(600, 0, 1)"
RM_003_FEMTO.h5,29358,zero-sized H5 record,"(600, 0, 1)"
RM_003_FEMTO.h5,29358,metadata shape mismatch,"metadata=(2560.0,2.0); H5=(600, 0, 1)"
RM_003_FEMTO.h5,29359,zero-sized H5 record,"(600, 0, 1)"
RM_003_FEMTO.h5,29359,metadata shape mismatch,"metadata=(2560.0,2.0); H5=(600, 0, 1)"
RM_003_FEMTO.h5,29360,zero-sized H5 record,"(600, 0, 1)"
RM_003_FEMTO.h5,29360,metadata shape mismatch,"metadata=(2560.0,2.0); H5=(600, 0, 1)"
RM_003_FEMTO.h5,29361,zero-sized H5 record,"(600, 0, 1)"
RM_003_FEMTO.h5,29361,metadata shape mismatch,"metadata=(2560.0,2.0); H5=(600, 0, 1)"
RM_003_FEMTO.h5,29362,zero-sized H5 record,"(600, 0, 1)"
RM_003_FEMTO.h5,29362,metadata shape mismatch,"metadata=(2560.0,2.0); H5=(600, 0, 1)"
RM_003_FEMTO.h5,29363,zero-sized H5 record,"(600, 0, 1)"
RM_003_FEMTO.h5,29363,metadata shape mismatch,"metadata=(2560.0,2.0); H5=(600, 0, 1)"
RM_003_FEMTO.h5,29364,zero-sized H5 record,"(600, 0, 1)"
RM_003_FEMTO.h5,29364,metadata shape mismatch,"metadata=(2560.0,2.0); H5=(600, 0, 1)"
RM_003_FEMTO.h5,29365,zero-sized H5 record,"(600, 0, 1)"
RM_003_FEMTO.h5,29365,metadata shape mismatch,"metadata=(2560.0,2.0); H5=(600, 0, 1)"
RM_003_FEMTO.h5,29366,zero-sized H5 record,"(600, 0, 1)"
RM_003_FEMTO.h5,29366,metadata shape mismatch,"metadata=(2560.0,2.0); H5=(600, 0, 1)"
RM_003_FEMTO.h5,29367,zero-sized H5 record,"(600, 0, 1)"
RM_003_FEMTO.h5,29367,metadata shape mismatch,"metadata=(2560.0,2.0); H5=(600, 0, 1)"
RM_003_FEMTO.h5,29368,zero-sized H5 record,"(600, 0, 1)"
RM_003_FEMTO.h5,29368,metadata shape mismatch,"metadata=(2560.0,2.0); H5=(600, 0, 1)"
RM_003_FEMTO.h5,29369,zero-sized H5 record,"(600, 0, 1)"
RM_003_FEMTO.h5,29369,metadata shape mismatch,"metadata=(2560.0,2.0); H5=(600, 0, 1)"
RM_003_FEMTO.h5,29370,zero-sized H5 record,"(600, 0, 1)"
RM_003_FEMTO.h5,29370,metadata shape mismatch,"metadata=(2560.0,2.0); H5=(600, 0, 1)"
RM_003_FEMTO.h5,29371,zero-sized H5 record,"(600, 0, 1)"
RM_003_FEMTO.h5,29371,metadata shape mismatch,"metadata=(2560.0,2.0); H5=(600, 0, 1)"
RM_003_FEMTO.h5,29372,zero-sized H5 record,"(600, 0, 1)"
RM_003_FEMTO.h5,29372,metadata shape mismatch,"metadata=(2560.0,2.0); H5=(600, 0, 1)"
RM_003_FEMTO.h5,29373,zero-sized H5 record,"(600, 0, 1)"
RM_003_FEMTO.h5,29373,metadata shape mismatch,"metadata=(2560.0,2.0); H5=(600, 0, 1)"
RM_003_FEMTO.h5,29374,zero-sized H5 record,"(600, 0, 1)"
RM_003_FEMTO.h5,29374,metadata shape mismatch,"metadata=(2560.0,2.0); H5=(600, 0, 1)"
RM_003_FEMTO.h5,29375,zero-sized H5 record,"(600, 0, 1)"
RM_003_FEMTO.h5,29375,metadata shape mismatch,"metadata=(2560.0,2.0); H5=(600, 0, 1)"
RM_003_FEMTO.h5,29376,zero-sized H5 record,"(600, 0, 1)"
RM_003_FEMTO.h5,29376,metadata shape mismatch,"metadata=(2560.0,2.0); H5=(600, 0, 1)"
RM_003_FEMTO.h5,29377,zero-sized H5 record,"(600, 0, 1)"
RM_003_FEMTO.h5,29377,metadata shape mismatch,"metadata=(2560.0,2.0); H5=(600, 0, 1)"
RM_003_FEMTO.h5,29378,zero-sized H5 record,"(600, 0, 1)"
RM_003_FEMTO.h5,29378,metadata shape mismatch,"metadata=(2560.0,2.0); H5=(600, 0, 1)"
RM_003_FEMTO.h5,29379,zero-sized H5 record,"(600, 0, 1)"
RM_003_FEMTO.h5,29379,metadata shape mismatch,"metadata=(2560.0,2.0); H5=(600, 0, 1)"
RM_003_FEMTO.h5,29380,zero-sized H5 record,"(600, 0, 1)"
RM_003_FEMTO.h5,29380,metadata shape mismatch,"metadata=(2560.0,2.0); H5=(600, 0, 1)"
RM_003_FEMTO.h5,29381,zero-sized H5 record,"(600, 0, 1)"
RM_003_FEMTO.h5,29381,metadata shape mismatch,"metadata=(2560.0,2.0); H5=(600, 0, 1)"
RM_003_FEMTO.h5,29382,zero-sized H5 record,"(600, 0, 1)"
RM_003_FEMTO.h5,29382,metadata shape mismatch,"metadata=(2560.0,2.0); H5=(600, 0, 1)"
RM_003_FEMTO.h5,29383,zero-sized H5 record,"(600, 0, 1)"
RM_003_FEMTO.h5,29383,metadata shape mismatch,"metadata=(2560.0,2.0); H5=(600, 0, 1)"
RM_003_FEMTO.h5,29384,zero-sized H5 record,"(600, 0, 1)"
RM_003_FEMTO.h5,29384,metadata shape mismatch,"metadata=(2560.0,2.0); H5=(600, 0, 1)"
RM_003_FEMTO.h5,29385,zero-sized H5 record,"(600, 0, 1)"
RM_003_FEMTO.h5,29385,metadata shape mismatch,"metadata=(2560.0,2.0); H5=(600, 0, 1)"
RM_003_FEMTO.h5,29386,zero-sized H5 record,"(600, 0, 1)"
RM_003_FEMTO.h5,29386,metadata shape mismatch,"metadata=(2560.0,2.0); H5=(600, 0, 1)"
RM_003_FEMTO.h5,29387,zero-sized H5 record,"(600, 0, 1)"
RM_003_FEMTO.h5,29387,metadata shape mismatch,"metadata=(2560.0,2.0); H5=(600, 0, 1)"
RM_003_FEMTO.h5,29388,zero-sized H5 record,"(600, 0, 1)"
RM_003_FEMTO.h5,29388,metadata shape mismatch,"metadata=(2560.0,2.0); H5=(600, 0, 1)"
RM_003_FEMTO.h5,29389,zero-sized H5 record,"(600, 0, 1)"
RM_003_FEMTO.h5,29389,metadata shape mismatch,"metadata=(2560.0,2.0); H5=(600, 0, 1)"
RM_003_FEMTO.h5,29390,zero-sized H5 record,"(600, 0, 1)"
RM_003_FEMTO.h5,29390,metadata shape mismatch,"metadata=(2560.0,2.0); H5=(600, 0, 1)"
RM_003_FEMTO.h5,29391,zero-sized H5 record,"(600, 0, 1)"
RM_003_FEMTO.h5,29391,metadata shape mismatch,"metadata=(2560.0,2.0); H5=(600, 0, 1)"
RM_003_FEMTO.h5,29392,zero-sized H5 record,"(600, 0, 1)"
RM_003_FEMTO.h5,29392,metadata shape mismatch,"metadata=(2560.0,2.0); H5=(600, 0, 1)"
RM_003_FEMTO.h5,29393,zero-sized H5 record,"(600, 0, 1)"
RM_003_FEMTO.h5,29393,metadata shape mismatch,"metadata=(2560.0,2.0); H5=(600, 0, 1)"
RM_003_FEMTO.h5,29394,zero-sized H5 record,"(600, 0, 1)"
RM_003_FEMTO.h5,29394,metadata shape mismatch,"metadata=(2560.0,2.0); H5=(600, 0, 1)"
RM_003_FEMTO.h5,29395,zero-sized H5 record,"(600, 0, 1)"
RM_003_FEMTO.h5,29395,metadata shape mismatch,"metadata=(2560.0,2.0); H5=(600, 0, 1)"
RM_003_FEMTO.h5,29396,zero-sized H5 record,"(600, 0, 1)"
RM_003_FEMTO.h5,29396,metadata shape mismatch,"metadata=(2560.0,2.0); H5=(600, 0, 1)"
RM_003_FEMTO.h5,29397,zero-sized H5 record,"(600, 0, 1)"
RM_003_FEMTO.h5,29397,metadata shape mismatch,"metadata=(2560.0,2.0); H5=(600, 0, 1)"
RM_003_FEMTO.h5,29398,zero-sized H5 record,"(600, 0, 1)"
RM_003_FEMTO.h5,29398,metadata shape mismatch,"metadata=(2560.0,2.0); H5=(600, 0, 1)"
RM_003_FEMTO.h5,29399,zero-sized H5 record,"(600, 0, 1)"
RM_003_FEMTO.h5,29399,metadata shape mismatch,"metadata=(2560.0,2.0); H5=(600, 0, 1)"
RM_003_FEMTO.h5,29400,zero-sized H5 record,"(600, 0, 1)"
RM_003_FEMTO.h5,29400,metadata shape mismatch,"metadata=(2560.0,2.0); H5=(600, 0, 1)"
RM_003_FEMTO.h5,29401,zero-sized H5 record,"(600, 0, 1)"
RM_003_FEMTO.h5,29401,metadata shape mismatch,"metadata=(2560.0,2.0); H5=(600, 0, 1)"
RM_003_FEMTO.h5,29402,zero-sized H5 record,"(600, 0, 1)"
RM_003_FEMTO.h5,29402,metadata shape mismatch,"metadata=(2560.0,2.0); H5=(600, 0, 1)"
RM_003_FEMTO.h5,29403,zero-sized H5 record,"(600, 0, 1)"
RM_003_FEMTO.h5,29403,metadata shape mismatch,"metadata=(2560.0,2.0); H5=(600, 0, 1)"
RM_003_FEMTO.h5,29404,zero-sized H5 record,"(600, 0, 1)"
RM_003_FEMTO.h5,29404,metadata shape mismatch,"metadata=(2560.0,2.0); H5=(600, 0, 1)"
RM_003_FEMTO.h5,29405,zero-sized H5 record,"(600, 0, 1)"
RM_003_FEMTO.h5,29405,metadata shape mismatch,"metadata=(2560.0,2.0); H5=(600, 0, 1)"
RM_003_FEMTO.h5,29406,zero-sized H5 record,"(217, 0, 1)"
RM_003_FEMTO.h5,29406,metadata shape mismatch,"metadata=(2560.0,2.0); H5=(217, 0, 1)"
RM_003_FEMTO.h5,32113,zero-sized H5 record,"(600, 0, 1)"
RM_003_FEMTO.h5,32113,metadata shape mismatch,"metadata=(2560.0,2.0); H5=(600, 0, 1)"
RM_003_FEMTO.h5,32114,zero-sized H5 record,"(600, 0, 1)"
RM_003_FEMTO.h5,32114,metadata shape mismatch,"metadata=(2560.0,2.0); H5=(600, 0, 1)"
RM_003_FEMTO.h5,32115,zero-sized H5 record,"(600, 0, 1)"
RM_003_FEMTO.h5,32115,metadata shape mismatch,"metadata=(2560.0,2.0); H5=(600, 0, 1)"
RM_003_FEMTO.h5,32116,zero-sized H5 record,"(600, 0, 1)"
RM_003_FEMTO.h5,32116,metadata shape mismatch,"metadata=(2560.0,2.0); H5=(600, 0, 1)"
RM_003_FEMTO.h5,32117,zero-sized H5 record,"(600, 0, 1)"
RM_003_FEMTO.h5,32117,metadata shape mismatch,"metadata=(2560.0,2.0); H5=(600, 0, 1)"
RM_003_FEMTO.h5,32118,zero-sized H5 record,"(600, 0, 1)"
RM_003_FEMTO.h5,32118,metadata shape mismatch,"metadata=(2560.0,2.0); H5=(600, 0, 1)"
RM_003_FEMTO.h5,32119,zero-sized H5 record,"(600, 0, 1)"
RM_003_FEMTO.h5,32119,metadata shape mismatch,"metadata=(2560.0,2.0); H5=(600, 0, 1)"
RM_003_FEMTO.h5,32120,zero-sized H5 record,"(600, 0, 1)"
RM_003_FEMTO.h5,32120,metadata shape mismatch,"metadata=(2560.0,2.0); H5=(600, 0, 1)"
RM_003_FEMTO.h5,32121,zero-sized H5 record,"(600, 0, 1)"
RM_003_FEMTO.h5,32121,metadata shape mismatch,"metadata=(2560.0,2.0); H5=(600, 0, 1)"
RM_003_FEMTO.h5,32122,zero-sized H5 record,"(600, 0, 1)"
RM_003_FEMTO.h5,32122,metadata shape mismatch,"metadata=(2560.0,2.0); H5=(600, 0, 1)"
RM_003_FEMTO.h5,32123,zero-sized H5 record,"(600, 0, 1)"
RM_003_FEMTO.h5,32123,metadata shape mismatch,"metadata=(2560.0,2.0); H5=(600, 0, 1)"
RM_003_FEMTO.h5,32124,zero-sized H5 record,"(600, 0, 1)"
RM_003_FEMTO.h5,32124,metadata shape mismatch,"metadata=(2560.0,2.0); H5=(600, 0, 1)"
RM_003_FEMTO.h5,32125,zero-sized H5 record,"(600, 0, 1)"
RM_003_FEMTO.h5,32125,metadata shape mismatch,"metadata=(2560.0,2.0); H5=(600, 0, 1)"
RM_003_FEMTO.h5,32126,zero-sized H5 record,"(600, 0, 1)"
RM_003_FEMTO.h5,32126,metadata shape mismatch,"metadata=(2560.0,2.0); H5=(600, 0, 1)"
RM_003_FEMTO.h5,32127,zero-sized H5 record,"(600, 0, 1)"
RM_003_FEMTO.h5,32127,metadata shape mismatch,"metadata=(2560.0,2.0); H5=(600, 0, 1)"
RM_003_FEMTO.h5,32128,zero-sized H5 record,"(600, 0, 1)"
RM_003_FEMTO.h5,32128,metadata shape mismatch,"metadata=(2560.0,2.0); H5=(600, 0, 1)"
RM_003_FEMTO.h5,32129,zero-sized H5 record,"(600, 0, 1)"
RM_003_FEMTO.h5,32129,metadata shape mismatch,"metadata=(2560.0,2.0); H5=(600, 0, 1)"
RM_003_FEMTO.h5,32130,zero-sized H5 record,"(600, 0, 1)"
RM_003_FEMTO.h5,32130,metadata shape mismatch,"metadata=(2560.0,2.0); H5=(600, 0, 1)"
RM_003_FEMTO.h5,32131,zero-sized H5 record,"(600, 0, 1)"
RM_003_FEMTO.h5,32131,metadata shape mismatch,"metadata=(2560.0,2.0); H5=(600, 0, 1)"
RM_003_FEMTO.h5,32132,zero-sized H5 record,"(600, 0, 1)"
RM_003_FEMTO.h5,32132,metadata shape mismatch,"metadata=(2560.0,2.0); H5=(600, 0, 1)"
RM_003_FEMTO.h5,32133,zero-sized H5 record,"(600, 0, 1)"
RM_003_FEMTO.h5,32133,metadata shape mismatch,"metadata=(2560.0,2.0); H5=(600, 0, 1)"
RM_003_FEMTO.h5,32134,zero-sized H5 record,"(600, 0, 1)"
RM_003_FEMTO.h5,32134,metadata shape mismatch,"metadata=(2560.0,2.0); H5=(600, 0, 1)"
RM_003_FEMTO.h5,32135,zero-sized H5 record,"(600, 0, 1)"
RM_003_FEMTO.h5,32135,metadata shape mismatch,"metadata=(2560.0,2.0); H5=(600, 0, 1)"
RM_003_FEMTO.h5,32136,zero-sized H5 record,"(600, 0, 1)"
RM_003_FEMTO.h5,32136,metadata shape mismatch,"metadata=(2560.0,2.0); H5=(600, 0, 1)"
RM_003_FEMTO.h5,32137,zero-sized H5 record,"(600, 0, 1)"
RM_003_FEMTO.h5,32137,metadata shape mismatch,"metadata=(2560.0,2.0); H5=(600, 0, 1)"
RM_003_FEMTO.h5,32138,zero-sized H5 record,"(600, 0, 1)"
RM_003_FEMTO.h5,32138,metadata shape mismatch,"metadata=(2560.0,2.0); H5=(600, 0, 1)"
RM_003_FEMTO.h5,32139,zero-sized H5 record,"(600, 0, 1)"
RM_003_FEMTO.h5,32139,metadata shape mismatch,"metadata=(2560.0,2.0); H5=(600, 0, 1)"
RM_003_FEMTO.h5,32140,zero-sized H5 record,"(600, 0, 1)"
RM_003_FEMTO.h5,32140,metadata shape mismatch,"metadata=(2560.0,2.0); H5=(600, 0, 1)"
RM_003_FEMTO.h5,32141,zero-sized H5 record,"(600, 0, 1)"
RM_003_FEMTO.h5,32141,metadata shape mismatch,"metadata=(2560.0,2.0); H5=(600, 0, 1)"
RM_003_FEMTO.h5,32142,zero-sized H5 record,"(600, 0, 1)"
RM_003_FEMTO.h5,32142,metadata shape mismatch,"metadata=(2560.0,2.0); H5=(600, 0, 1)"
RM_003_FEMTO.h5,32143,zero-sized H5 record,"(600, 0, 1)"
RM_003_FEMTO.h5,32143,metadata shape mismatch,"metadata=(2560.0,2.0); H5=(600, 0, 1)"
RM_003_FEMTO.h5,32144,zero-sized H5 record,"(600, 0, 1)"
RM_003_FEMTO.h5,32144,metadata shape mismatch,"metadata=(2560.0,2.0); H5=(600, 0, 1)"
RM_003_FEMTO.h5,32145,zero-sized H5 record,"(600, 0, 1)"
RM_003_FEMTO.h5,32145,metadata shape mismatch,"metadata=(2560.0,2.0); H5=(600, 0, 1)"
RM_003_FEMTO.h5,32146,zero-sized H5 record,"(600, 0, 1)"
RM_003_FEMTO.h5,32146,metadata shape mismatch,"metadata=(2560.0,2.0); H5=(600, 0, 1)"
RM_003_FEMTO.h5,32147,zero-sized H5 record,"(600, 0, 1)"
RM_003_FEMTO.h5,32147,metadata shape mismatch,"metadata=(2560.0,2.0); H5=(600, 0, 1)"
RM_003_FEMTO.h5,32148,zero-sized H5 record,"(600, 0, 1)"
RM_003_FEMTO.h5,32148,metadata shape mismatch,"metadata=(2560.0,2.0); H5=(600, 0, 1)"
RM_003_FEMTO.h5,32149,zero-sized H5 record,"(600, 0, 1)"
RM_003_FEMTO.h5,32149,metadata shape mismatch,"metadata=(2560.0,2.0); H5=(600, 0, 1)"
RM_003_FEMTO.h5,32150,zero-sized H5 record,"(600, 0, 1)"
RM_003_FEMTO.h5,32150,metadata shape mismatch,"metadata=(2560.0,2.0); H5=(600, 0, 1)"
RM_003_FEMTO.h5,32151,zero-sized H5 record,"(600, 0, 1)"
RM_003_FEMTO.h5,32151,metadata shape mismatch,"metadata=(2560.0,2.0); H5=(600, 0, 1)"
RM_003_FEMTO.h5,32152,zero-sized H5 record,"(600, 0, 1)"
RM_003_FEMTO.h5,32152,metadata shape mismatch,"metadata=(2560.0,2.0); H5=(600, 0, 1)"
RM_003_FEMTO.h5,32153,zero-sized H5 record,"(600, 0, 1)"
RM_003_FEMTO.h5,32153,metadata shape mismatch,"metadata=(2560.0,2.0); H5=(600, 0, 1)"
RM_003_FEMTO.h5,32154,zero-sized H5 record,"(600, 0, 1)"
RM_003_FEMTO.h5,32154,metadata shape mismatch,"metadata=(2560.0,2.0); H5=(600, 0, 1)"
RM_003_FEMTO.h5,32155,zero-sized H5 record,"(600, 0, 1)"
RM_003_FEMTO.h5,32155,metadata shape mismatch,"metadata=(2560.0,2.0); H5=(600, 0, 1)"
RM_003_FEMTO.h5,32156,zero-sized H5 record,"(600, 0, 1)"
RM_003_FEMTO.h5,32156,metadata shape mismatch,"metadata=(2560.0,2.0); H5=(600, 0, 1)"
RM_003_FEMTO.h5,32157,zero-sized H5 record,"(600, 0, 1)"
RM_003_FEMTO.h5,32157,metadata shape mismatch,"metadata=(2560.0,2.0); H5=(600, 0, 1)"
RM_003_FEMTO.h5,32158,zero-sized H5 record,"(600, 0, 1)"
RM_003_FEMTO.h5,32158,metadata shape mismatch,"metadata=(2560.0,2.0); H5=(600, 0, 1)"
RM_003_FEMTO.h5,32159,zero-sized H5 record,"(600, 0, 1)"
RM_003_FEMTO.h5,32159,metadata shape mismatch,"metadata=(2560.0,2.0); H5=(600, 0, 1)"
RM_003_FEMTO.h5,32160,zero-sized H5 record,"(600, 0, 1)"
RM_003_FEMTO.h5,32160,metadata shape mismatch,"metadata=(2560.0,2.0); H5=(600, 0, 1)"
RM_003_FEMTO.h5,32161,zero-sized H5 record,"(600, 0, 1)"
RM_003_FEMTO.h5,32161,metadata shape mismatch,"metadata=(2560.0,2.0); H5=(600, 0, 1)"
RM_003_FEMTO.h5,32162,zero-sized H5 record,"(600, 0, 1)"
RM_003_FEMTO.h5,32162,metadata shape mismatch,"metadata=(2560.0,2.0); H5=(600, 0, 1)"
RM_003_FEMTO.h5,32163,zero-sized H5 record,"(600, 0, 1)"
RM_003_FEMTO.h5,32163,metadata shape mismatch,"metadata=(2560.0,2.0); H5=(600, 0, 1)"
RM_003_FEMTO.h5,32164,zero-sized H5 record,"(600, 0, 1)"
RM_003_FEMTO.h5,32164,metadata shape mismatch,"metadata=(2560.0,2.0); H5=(600, 0, 1)"
RM_003_FEMTO.h5,32165,zero-sized H5 record,"(600, 0, 1)"
RM_003_FEMTO.h5,32165,metadata shape mismatch,"metadata=(2560.0,2.0); H5=(600, 0, 1)"
RM_003_FEMTO.h5,32166,zero-sized H5 record,"(600, 0, 1)"
RM_003_FEMTO.h5,32166,metadata shape mismatch,"metadata=(2560.0,2.0); H5=(600, 0, 1)"
RM_003_FEMTO.h5,32167,zero-sized H5 record,"(600, 0, 1)"
RM_003_FEMTO.h5,32167,metadata shape mismatch,"metadata=(2560.0,2.0); H5=(600, 0, 1)"
RM_003_FEMTO.h5,32168,zero-sized H5 record,"(600, 0, 1)"
RM_003_FEMTO.h5,32168,metadata shape mismatch,"metadata=(2560.0,2.0); H5=(600, 0, 1)"
RM_003_FEMTO.h5,32169,zero-sized H5 record,"(600, 0, 1)"
RM_003_FEMTO.h5,32169,metadata shape mismatch,"metadata=(2560.0,2.0); H5=(600, 0, 1)"
RM_003_FEMTO.h5,32170,zero-sized H5 record,"(600, 0, 1)"
RM_003_FEMTO.h5,32170,metadata shape mismatch,"metadata=(2560.0,2.0); H5=(600, 0, 1)"
RM_003_FEMTO.h5,32171,zero-sized H5 record,"(600, 0, 1)"
RM_003_FEMTO.h5,32171,metadata shape mismatch,"metadata=(2560.0,2.0); H5=(600, 0, 1)"
RM_003_FEMTO.h5,32172,zero-sized H5 record,"(600, 0, 1)"
RM_003_FEMTO.h5,32172,metadata shape mismatch,"metadata=(2560.0,2.0); H5=(600, 0, 1)"
RM_003_FEMTO.h5,32173,zero-sized H5 record,"(600, 0, 1)"
RM_003_FEMTO.h5,32173,metadata shape mismatch,"metadata=(2560.0,2.0); H5=(600, 0, 1)"
RM_003_FEMTO.h5,32174,zero-sized H5 record,"(600, 0, 1)"
RM_003_FEMTO.h5,32174,metadata shape mismatch,"metadata=(2560.0,2.0); H5=(600, 0, 1)"
RM_003_FEMTO.h5,32175,zero-sized H5 record,"(600, 0, 1)"
RM_003_FEMTO.h5,32175,metadata shape mismatch,"metadata=(2560.0,2.0); H5=(600, 0, 1)"
RM_003_FEMTO.h5,32176,zero-sized H5 record,"(600, 0, 1)"
RM_003_FEMTO.h5,32176,metadata shape mismatch,"metadata=(2560.0,2.0); H5=(600, 0, 1)"
RM_003_FEMTO.h5,32177,zero-sized H5 record,"(600, 0, 1)"
RM_003_FEMTO.h5,32177,metadata shape mismatch,"metadata=(2560.0,2.0); H5=(600, 0, 1)"
RM_003_FEMTO.h5,32178,zero-sized H5 record,"(600, 0, 1)"
RM_003_FEMTO.h5,32178,metadata shape mismatch,"metadata=(2560.0,2.0); H5=(600, 0, 1)"
RM_003_FEMTO.h5,32179,zero-sized H5 record,"(600, 0, 1)"
RM_003_FEMTO.h5,32179,metadata shape mismatch,"metadata=(2560.0,2.0); H5=(600, 0, 1)"
RM_003_FEMTO.h5,32180,zero-sized H5 record,"(600, 0, 1)"
RM_003_FEMTO.h5,32180,metadata shape mismatch,"metadata=(2560.0,2.0); H5=(600, 0, 1)"
RM_003_FEMTO.h5,32181,zero-sized H5 record,"(600, 0, 1)"
RM_003_FEMTO.h5,32181,metadata shape mismatch,"metadata=(2560.0,2.0); H5=(600, 0, 1)"
RM_003_FEMTO.h5,32182,zero-sized H5 record,"(600, 0, 1)"
RM_003_FEMTO.h5,32182,metadata shape mismatch,"metadata=(2560.0,2.0); H5=(600, 0, 1)"
RM_003_FEMTO.h5,32183,zero-sized H5 record,"(600, 0, 1)"
RM_003_FEMTO.h5,32183,metadata shape mismatch,"metadata=(2560.0,2.0); H5=(600, 0, 1)"
RM_003_FEMTO.h5,32184,zero-sized H5 record,"(600, 0, 1)"
RM_003_FEMTO.h5,32184,metadata shape mismatch,"metadata=(2560.0,2.0); H5=(600, 0, 1)"
RM_003_FEMTO.h5,32185,zero-sized H5 record,"(600, 0, 1)"
RM_003_FEMTO.h5,32185,metadata shape mismatch,"metadata=(2560.0,2.0); H5=(600, 0, 1)"
RM_003_FEMTO.h5,32186,zero-sized H5 record,"(600, 0, 1)"
RM_003_FEMTO.h5,32186,metadata shape mismatch,"metadata=(2560.0,2.0); H5=(600, 0, 1)"
RM_003_FEMTO.h5,32187,zero-sized H5 record,"(600, 0, 1)"
RM_003_FEMTO.h5,32187,metadata shape mismatch,"metadata=(2560.0,2.0); H5=(600, 0, 1)"
RM_003_FEMTO.h5,32188,zero-sized H5 record,"(600, 0, 1)"
RM_003_FEMTO.h5,32188,metadata shape mismatch,"metadata=(2560.0,2.0); H5=(600, 0, 1)"
RM_003_FEMTO.h5,32189,zero-sized H5 record,"(600, 0, 1)"
RM_003_FEMTO.h5,32189,metadata shape mismatch,"metadata=(2560.0,2.0); H5=(600, 0, 1)"
RM_003_FEMTO.h5,32190,zero-sized H5 record,"(600, 0, 1)"
RM_003_FEMTO.h5,32190,metadata shape mismatch,"metadata=(2560.0,2.0); H5=(600, 0, 1)"
RM_003_FEMTO.h5,32191,zero-sized H5 record,"(600, 0, 1)"
RM_003_FEMTO.h5,32191,metadata shape mismatch,"metadata=(2560.0,2.0); H5=(600, 0, 1)"
RM_003_FEMTO.h5,32192,zero-sized H5 record,"(600, 0, 1)"
RM_003_FEMTO.h5,32192,metadata shape mismatch,"metadata=(2560.0,2.0); H5=(600, 0, 1)"
RM_003_FEMTO.h5,32193,zero-sized H5 record,"(600, 0, 1)"
RM_003_FEMTO.h5,32193,metadata shape mismatch,"metadata=(2560.0,2.0); H5=(600, 0, 1)"
RM_003_FEMTO.h5,32194,zero-sized H5 record,"(600, 0, 1)"
RM_003_FEMTO.h5,32194,metadata shape mismatch,"metadata=(2560.0,2.0); H5=(600, 0, 1)"
RM_003_FEMTO.h5,32195,zero-sized H5 record,"(600, 0, 1)"
RM_003_FEMTO.h5,32195,metadata shape mismatch,"metadata=(2560.0,2.0); H5=(600, 0, 1)"
RM_003_FEMTO.h5,32196,zero-sized H5 record,"(600, 0, 1)"
RM_003_FEMTO.h5,32196,metadata shape mismatch,"metadata=(2560.0,2.0); H5=(600, 0, 1)"
RM_003_FEMTO.h5,32197,zero-sized H5 record,"(600, 0, 1)"
RM_003_FEMTO.h5,32197,metadata shape mismatch,"metadata=(2560.0,2.0); H5=(600, 0, 1)"
RM_003_FEMTO.h5,32198,zero-sized H5 record,"(600, 0, 1)"
RM_003_FEMTO.h5,32198,metadata shape mismatch,"metadata=(2560.0,2.0); H5=(600, 0, 1)"
RM_003_FEMTO.h5,32199,zero-sized H5 record,"(600, 0, 1)"
RM_003_FEMTO.h5,32199,metadata shape mismatch,"metadata=(2560.0,2.0); H5=(600, 0, 1)"
RM_003_FEMTO.h5,32200,zero-sized H5 record,"(600, 0, 1)"
RM_003_FEMTO.h5,32200,metadata shape mismatch,"metadata=(2560.0,2.0); H5=(600, 0, 1)"
RM_003_FEMTO.h5,32201,zero-sized H5 record,"(600, 0, 1)"
RM_003_FEMTO.h5,32201,metadata shape mismatch,"metadata=(2560.0,2.0); H5=(600, 0, 1)"
RM_003_FEMTO.h5,32202,zero-sized H5 record,"(600, 0, 1)"
RM_003_FEMTO.h5,32202,metadata shape mismatch,"metadata=(2560.0,2.0); H5=(600, 0, 1)"
RM_003_FEMTO.h5,32203,zero-sized H5 record,"(600, 0, 1)"
RM_003_FEMTO.h5,32203,metadata shape mismatch,"metadata=(2560.0,2.0); H5=(600, 0, 1)"
RM_003_FEMTO.h5,32204,zero-sized H5 record,"(600, 0, 1)"
RM_003_FEMTO.h5,32204,metadata shape mismatch,"metadata=(2560.0,2.0); H5=(600, 0, 1)"
RM_003_FEMTO.h5,32205,zero-sized H5 record,"(600, 0, 1)"
RM_003_FEMTO.h5,32205,metadata shape mismatch,"metadata=(2560.0,2.0); H5=(600, 0, 1)"
RM_003_FEMTO.h5,32206,zero-sized H5 record,"(600, 0, 1)"
RM_003_FEMTO.h5,32206,metadata shape mismatch,"metadata=(2560.0,2.0); H5=(600, 0, 1)"
RM_003_FEMTO.h5,32207,zero-sized H5 record,"(600, 0, 1)"
RM_003_FEMTO.h5,32207,metadata shape mismatch,"metadata=(2560.0,2.0); H5=(600, 0, 1)"
RM_003_FEMTO.h5,32208,zero-sized H5 record,"(600, 0, 1)"
RM_003_FEMTO.h5,32208,metadata shape mismatch,"metadata=(2560.0,2.0); H5=(600, 0, 1)"
RM_003_FEMTO.h5,32209,zero-sized H5 record,"(600, 0, 1)"
RM_003_FEMTO.h5,32209,metadata shape mismatch,"metadata=(2560.0,2.0); H5=(600, 0, 1)"
RM_003_FEMTO.h5,32210,zero-sized H5 record,"(600, 0, 1)"
RM_003_FEMTO.h5,32210,metadata shape mismatch,"metadata=(2560.0,2.0); H5=(600, 0, 1)"
RM_003_FEMTO.h5,32211,zero-sized H5 record,"(600, 0, 1)"
RM_003_FEMTO.h5,32211,metadata shape mismatch,"metadata=(2560.0,2.0); H5=(600, 0, 1)"
RM_003_FEMTO.h5,32212,zero-sized H5 record,"(600, 0, 1)"
RM_003_FEMTO.h5,32212,metadata shape mismatch,"metadata=(2560.0,2.0); H5=(600, 0, 1)"
RM_003_FEMTO.h5,32213,zero-sized H5 record,"(600, 0, 1)"
RM_003_FEMTO.h5,32213,metadata shape mismatch,"metadata=(2560.0,2.0); H5=(600, 0, 1)"
RM_003_FEMTO.h5,32214,zero-sized H5 record,"(600, 0, 1)"
RM_003_FEMTO.h5,32214,metadata shape mismatch,"metadata=(2560.0,2.0); H5=(600, 0, 1)"
RM_003_FEMTO.h5,32215,zero-sized H5 record,"(600, 0, 1)"
RM_003_FEMTO.h5,32215,metadata shape mismatch,"metadata=(2560.0,2.0); H5=(600, 0, 1)"
RM_003_FEMTO.h5,32216,zero-sized H5 record,"(600, 0, 1)"
RM_003_FEMTO.h5,32216,metadata shape mismatch,"metadata=(2560.0,2.0); H5=(600, 0, 1)"
RM_003_FEMTO.h5,32217,zero-sized H5 record,"(600, 0, 1)"
RM_003_FEMTO.h5,32217,metadata shape mismatch,"metadata=(2560.0,2.0); H5=(600, 0, 1)"
RM_003_FEMTO.h5,32218,zero-sized H5 record,"(600, 0, 1)"
RM_003_FEMTO.h5,32218,metadata shape mismatch,"metadata=(2560.0,2.0); H5=(600, 0, 1)"
RM_003_FEMTO.h5,32219,zero-sized H5 record,"(600, 0, 1)"
RM_003_FEMTO.h5,32219,metadata shape mismatch,"metadata=(2560.0,2.0); H5=(600, 0, 1)"
RM_003_FEMTO.h5,32220,zero-sized H5 record,"(600, 0, 1)"
RM_003_FEMTO.h5,32220,metadata shape mismatch,"metadata=(2560.0,2.0); H5=(600, 0, 1)"
RM_003_FEMTO.h5,32221,zero-sized H5 record,"(600, 0, 1)"
RM_003_FEMTO.h5,32221,metadata shape mismatch,"metadata=(2560.0,2.0); H5=(600, 0, 1)"
RM_003_FEMTO.h5,32222,zero-sized H5 record,"(600, 0, 1)"
RM_003_FEMTO.h5,32222,metadata shape mismatch,"metadata=(2560.0,2.0); H5=(600, 0, 1)"
RM_003_FEMTO.h5,32223,zero-sized H5 record,"(600, 0, 1)"
RM_003_FEMTO.h5,32223,metadata shape mismatch,"metadata=(2560.0,2.0); H5=(600, 0, 1)"
RM_003_FEMTO.h5,32224,zero-sized H5 record,"(600, 0, 1)"
RM_003_FEMTO.h5,32224,metadata shape mismatch,"metadata=(2560.0,2.0); H5=(600, 0, 1)"
RM_003_FEMTO.h5,32225,zero-sized H5 record,"(600, 0, 1)"
RM_003_FEMTO.h5,32225,metadata shape mismatch,"metadata=(2560.0,2.0); H5=(600, 0, 1)"
RM_003_FEMTO.h5,32226,zero-sized H5 record,"(600, 0, 1)"
RM_003_FEMTO.h5,32226,metadata shape mismatch,"metadata=(2560.0,2.0); H5=(600, 0, 1)"
RM_003_FEMTO.h5,32227,zero-sized H5 record,"(600, 0, 1)"
RM_003_FEMTO.h5,32227,metadata shape mismatch,"metadata=(2560.0,2.0); H5=(600, 0, 1)"
RM_003_FEMTO.h5,32228,zero-sized H5 record,"(600, 0, 1)"
RM_003_FEMTO.h5,32228,metadata shape mismatch,"metadata=(2560.0,2.0); H5=(600, 0, 1)"
RM_003_FEMTO.h5,32229,zero-sized H5 record,"(600, 0, 1)"
RM_003_FEMTO.h5,32229,metadata shape mismatch,"metadata=(2560.0,2.0); H5=(600, 0, 1)"
RM_003_FEMTO.h5,32230,zero-sized H5 record,"(600, 0, 1)"
RM_003_FEMTO.h5,32230,metadata shape mismatch,"metadata=(2560.0,2.0); H5=(600, 0, 1)"
RM_003_FEMTO.h5,32231,zero-sized H5 record,"(600, 0, 1)"
RM_003_FEMTO.h5,32231,metadata shape mismatch,"metadata=(2560.0,2.0); H5=(600, 0, 1)"
RM_003_FEMTO.h5,32232,zero-sized H5 record,"(600, 0, 1)"
RM_003_FEMTO.h5,32232,metadata shape mismatch,"metadata=(2560.0,2.0); H5=(600, 0, 1)"
RM_003_FEMTO.h5,32233,zero-sized H5 record,"(600, 0, 1)"
RM_003_FEMTO.h5,32233,metadata shape mismatch,"metadata=(2560.0,2.0); H5=(600, 0, 1)"
RM_003_FEMTO.h5,32234,zero-sized H5 record,"(600, 0, 1)"
RM_003_FEMTO.h5,32234,metadata shape mismatch,"metadata=(2560.0,2.0); H5=(600, 0, 1)"
RM_003_FEMTO.h5,32235,zero-sized H5 record,"(600, 0, 1)"
RM_003_FEMTO.h5,32235,metadata shape mismatch,"metadata=(2560.0,2.0); H5=(600, 0, 1)"
RM_003_FEMTO.h5,32236,zero-sized H5 record,"(600, 0, 1)"
RM_003_FEMTO.h5,32236,metadata shape mismatch,"metadata=(2560.0,2.0); H5=(600, 0, 1)"
RM_003_FEMTO.h5,32237,zero-sized H5 record,"(47, 0, 1)"
RM_003_FEMTO.h5,32237,metadata shape mismatch,"metadata=(2560.0,2.0); H5=(47, 0, 1)"
RM_003_FEMTO.h5,34549,zero-sized H5 record,"(20, 0, 1)"
RM_003_FEMTO.h5,34549,metadata shape mismatch,"metadata=(2560.0,2.0); H5=(20, 0, 1)"
RM_003_FEMTO.h5,34550,zero-sized H5 record,"(600, 0, 1)"
RM_003_FEMTO.h5,34550,metadata shape mismatch,"metadata=(2560.0,2.0); H5=(600, 0, 1)"
RM_003_FEMTO.h5,34551,zero-sized H5 record,"(600, 0, 1)"
RM_003_FEMTO.h5,34551,metadata shape mismatch,"metadata=(2560.0,2.0); H5=(600, 0, 1)"
RM_003_FEMTO.h5,34552,zero-sized H5 record,"(600, 0, 1)"
RM_003_FEMTO.h5,34552,metadata shape mismatch,"metadata=(2560.0,2.0); H5=(600, 0, 1)"
RM_003_FEMTO.h5,34553,zero-sized H5 record,"(600, 0, 1)"
RM_003_FEMTO.h5,34553,metadata shape mismatch,"metadata=(2560.0,2.0); H5=(600, 0, 1)"
RM_003_FEMTO.h5,34554,zero-sized H5 record,"(600, 0, 1)"
RM_003_FEMTO.h5,34554,metadata shape mismatch,"metadata=(2560.0,2.0); H5=(600, 0, 1)"
RM_003_FEMTO.h5,34555,zero-sized H5 record,"(600, 0, 1)"
RM_003_FEMTO.h5,34555,metadata shape mismatch,"metadata=(2560.0,2.0); H5=(600, 0, 1)"
RM_003_FEMTO.h5,34556,zero-sized H5 record,"(600, 0, 1)"
RM_003_FEMTO.h5,34556,metadata shape mismatch,"metadata=(2560.0,2.0); H5=(600, 0, 1)"
RM_003_FEMTO.h5,34557,zero-sized H5 record,"(600, 0, 1)"
RM_003_FEMTO.h5,34557,metadata shape mismatch,"metadata=(2560.0,2.0); H5=(600, 0, 1)"
RM_003_FEMTO.h5,34558,zero-sized H5 record,"(600, 0, 1)"
RM_003_FEMTO.h5,34558,metadata shape mismatch,"metadata=(2560.0,2.0); H5=(600, 0, 1)"
RM_003_FEMTO.h5,34559,zero-sized H5 record,"(600, 0, 1)"
RM_003_FEMTO.h5,34559,metadata shape mismatch,"metadata=(2560.0,2.0); H5=(600, 0, 1)"
RM_003_FEMTO.h5,34560,zero-sized H5 record,"(600, 0, 1)"
RM_003_FEMTO.h5,34560,metadata shape mismatch,"metadata=(2560.0,2.0); H5=(600, 0, 1)"
RM_003_FEMTO.h5,34561,zero-sized H5 record,"(600, 0, 1)"
RM_003_FEMTO.h5,34561,metadata shape mismatch,"metadata=(2560.0,2.0); H5=(600, 0, 1)"
RM_003_FEMTO.h5,34562,zero-sized H5 record,"(600, 0, 1)"
RM_003_FEMTO.h5,34562,metadata shape mismatch,"metadata=(2560.0,2.0); H5=(600, 0, 1)"
RM_003_FEMTO.h5,34563,zero-sized H5 record,"(600, 0, 1)"
RM_003_FEMTO.h5,34563,metadata shape mismatch,"metadata=(2560.0,2.0); H5=(600, 0, 1)"
RM_003_FEMTO.h5,34564,zero-sized H5 record,"(600, 0, 1)"
RM_003_FEMTO.h5,34564,metadata shape mismatch,"metadata=(2560.0,2.0); H5=(600, 0, 1)"
RM_003_FEMTO.h5,34565,zero-sized H5 record,"(600, 0, 1)"
RM_003_FEMTO.h5,34565,metadata shape mismatch,"metadata=(2560.0,2.0); H5=(600, 0, 1)"
RM_003_FEMTO.h5,34566,zero-sized H5 record,"(600, 0, 1)"
RM_003_FEMTO.h5,34566,metadata shape mismatch,"metadata=(2560.0,2.0); H5=(600, 0, 1)"
RM_003_FEMTO.h5,34567,zero-sized H5 record,"(600, 0, 1)"
RM_003_FEMTO.h5,34567,metadata shape mismatch,"metadata=(2560.0,2.0); H5=(600, 0, 1)"
RM_003_FEMTO.h5,34568,zero-sized H5 record,"(600, 0, 1)"
RM_003_FEMTO.h5,34568,metadata shape mismatch,"metadata=(2560.0,2.0); H5=(600, 0, 1)"
RM_003_FEMTO.h5,34569,zero-sized H5 record,"(600, 0, 1)"
RM_003_FEMTO.h5,34569,metadata shape mismatch,"metadata=(2560.0,2.0); H5=(600, 0, 1)"
RM_003_FEMTO.h5,34570,zero-sized H5 record,"(600, 0, 1)"
RM_003_FEMTO.h5,34570,metadata shape mismatch,"metadata=(2560.0,2.0); H5=(600, 0, 1)"
RM_003_FEMTO.h5,34571,zero-sized H5 record,"(600, 0, 1)"
RM_003_FEMTO.h5,34571,metadata shape mismatch,"metadata=(2560.0,2.0); H5=(600, 0, 1)"
RM_003_FEMTO.h5,34572,zero-sized H5 record,"(600, 0, 1)"
RM_003_FEMTO.h5,34572,metadata shape mismatch,"metadata=(2560.0,2.0); H5=(600, 0, 1)"
RM_003_FEMTO.h5,34573,zero-sized H5 record,"(600, 0, 1)"
RM_003_FEMTO.h5,34573,metadata shape mismatch,"metadata=(2560.0,2.0); H5=(600, 0, 1)"
RM_003_FEMTO.h5,34574,zero-sized H5 record,"(600, 0, 1)"
RM_003_FEMTO.h5,34574,metadata shape mismatch,"metadata=(2560.0,2.0); H5=(600, 0, 1)"
RM_003_FEMTO.h5,34575,zero-sized H5 record,"(600, 0, 1)"
RM_003_FEMTO.h5,34575,metadata shape mismatch,"metadata=(2560.0,2.0); H5=(600, 0, 1)"
RM_003_FEMTO.h5,34576,zero-sized H5 record,"(600, 0, 1)"
RM_003_FEMTO.h5,34576,metadata shape mismatch,"metadata=(2560.0,2.0); H5=(600, 0, 1)"
RM_003_FEMTO.h5,34577,zero-sized H5 record,"(600, 0, 1)"
RM_003_FEMTO.h5,34577,metadata shape mismatch,"metadata=(2560.0,2.0); H5=(600, 0, 1)"
RM_003_FEMTO.h5,34578,zero-sized H5 record,"(600, 0, 1)"
RM_003_FEMTO.h5,34578,metadata shape mismatch,"metadata=(2560.0,2.0); H5=(600, 0, 1)"
RM_003_FEMTO.h5,34579,zero-sized H5 record,"(600, 0, 1)"
RM_003_FEMTO.h5,34579,metadata shape mismatch,"metadata=(2560.0,2.0); H5=(600, 0, 1)"
RM_003_FEMTO.h5,34580,zero-sized H5 record,"(600, 0, 1)"
RM_003_FEMTO.h5,34580,metadata shape mismatch,"metadata=(2560.0,2.0); H5=(600, 0, 1)"
RM_003_FEMTO.h5,34581,zero-sized H5 record,"(600, 0, 1)"
RM_003_FEMTO.h5,34581,metadata shape mismatch,"metadata=(2560.0,2.0); H5=(600, 0, 1)"
RM_003_FEMTO.h5,34582,zero-sized H5 record,"(600, 0, 1)"
RM_003_FEMTO.h5,34582,metadata shape mismatch,"metadata=(2560.0,2.0); H5=(600, 0, 1)"
RM_003_FEMTO.h5,34583,zero-sized H5 record,"(600, 0, 1)"
RM_003_FEMTO.h5,34583,metadata shape mismatch,"metadata=(2560.0,2.0); H5=(600, 0, 1)"
RM_003_FEMTO.h5,34584,zero-sized H5 record,"(600, 0, 1)"
RM_003_FEMTO.h5,34584,metadata shape mismatch,"metadata=(2560.0,2.0); H5=(600, 0, 1)"
RM_003_FEMTO.h5,34585,zero-sized H5 record,"(600, 0, 1)"
RM_003_FEMTO.h5,34585,metadata shape mismatch,"metadata=(2560.0,2.0); H5=(600, 0, 1)"
RM_003_FEMTO.h5,34586,zero-sized H5 record,"(600, 0, 1)"
RM_003_FEMTO.h5,34586,metadata shape mismatch,"metadata=(2560.0,2.0); H5=(600, 0, 1)"
RM_003_FEMTO.h5,34587,zero-sized H5 record,"(600, 0, 1)"
RM_003_FEMTO.h5,34587,metadata shape mismatch,"metadata=(2560.0,2.0); H5=(600, 0, 1)"
RM_003_FEMTO.h5,34588,zero-sized H5 record,"(600, 0, 1)"
RM_003_FEMTO.h5,34588,metadata shape mismatch,"metadata=(2560.0,2.0); H5=(600, 0, 1)"
RM_003_FEMTO.h5,34589,zero-sized H5 record,"(600, 0, 1)"
RM_003_FEMTO.h5,34589,metadata shape mismatch,"metadata=(2560.0,2.0); H5=(600, 0, 1)"
RM_003_FEMTO.h5,34590,zero-sized H5 record,"(600, 0, 1)"
RM_003_FEMTO.h5,34590,metadata shape mismatch,"metadata=(2560.0,2.0); H5=(600, 0, 1)"
RM_003_FEMTO.h5,34591,zero-sized H5 record,"(600, 0, 1)"
RM_003_FEMTO.h5,34591,metadata shape mismatch,"metadata=(2560.0,2.0); H5=(600, 0, 1)"
RM_003_FEMTO.h5,34592,zero-sized H5 record,"(600, 0, 1)"
RM_003_FEMTO.h5,34592,metadata shape mismatch,"metadata=(2560.0,2.0); H5=(600, 0, 1)"
RM_003_FEMTO.h5,34593,zero-sized H5 record,"(600, 0, 1)"
RM_003_FEMTO.h5,34593,metadata shape mismatch,"metadata=(2560.0,2.0); H5=(600, 0, 1)"
RM_003_FEMTO.h5,34594,zero-sized H5 record,"(600, 0, 1)"
RM_003_FEMTO.h5,34594,metadata shape mismatch,"metadata=(2560.0,2.0); H5=(600, 0, 1)"
RM_003_FEMTO.h5,34595,zero-sized H5 record,"(600, 0, 1)"
RM_003_FEMTO.h5,34595,metadata shape mismatch,"metadata=(2560.0,2.0); H5=(600, 0, 1)"
RM_003_FEMTO.h5,34596,zero-sized H5 record,"(600, 0, 1)"
RM_003_FEMTO.h5,34596,metadata shape mismatch,"metadata=(2560.0,2.0); H5=(600, 0, 1)"
RM_003_FEMTO.h5,34597,zero-sized H5 record,"(600, 0, 1)"
RM_003_FEMTO.h5,34597,metadata shape mismatch,"metadata=(2560.0,2.0); H5=(600, 0, 1)"
RM_003_FEMTO.h5,34598,zero-sized H5 record,"(600, 0, 1)"
RM_003_FEMTO.h5,34598,metadata shape mismatch,"metadata=(2560.0,2.0); H5=(600, 0, 1)"
RM_003_FEMTO.h5,34599,zero-sized H5 record,"(600, 0, 1)"
RM_003_FEMTO.h5,34599,metadata shape mismatch,"metadata=(2560.0,2.0); H5=(600, 0, 1)"
RM_003_FEMTO.h5,34600,zero-sized H5 record,"(600, 0, 1)"
RM_003_FEMTO.h5,34600,metadata shape mismatch,"metadata=(2560.0,2.0); H5=(600, 0, 1)"
RM_003_FEMTO.h5,34601,zero-sized H5 record,"(600, 0, 1)"
RM_003_FEMTO.h5,34601,metadata shape mismatch,"metadata=(2560.0,2.0); H5=(600, 0, 1)"
RM_003_FEMTO.h5,34602,zero-sized H5 record,"(600, 0, 1)"
RM_003_FEMTO.h5,34602,metadata shape mismatch,"metadata=(2560.0,2.0); H5=(600, 0, 1)"
RM_003_FEMTO.h5,34603,zero-sized H5 record,"(600, 0, 1)"
RM_003_FEMTO.h5,34603,metadata shape mismatch,"metadata=(2560.0,2.0); H5=(600, 0, 1)"
RM_003_FEMTO.h5,34604,zero-sized H5 record,"(600, 0, 1)"
RM_003_FEMTO.h5,34604,metadata shape mismatch,"metadata=(2560.0,2.0); H5=(600, 0, 1)"
RM_003_FEMTO.h5,34605,zero-sized H5 record,"(600, 0, 1)"
RM_003_FEMTO.h5,34605,metadata shape mismatch,"metadata=(2560.0,2.0); H5=(600, 0, 1)"
RM_003_FEMTO.h5,34606,zero-sized H5 record,"(600, 0, 1)"
RM_003_FEMTO.h5,34606,metadata shape mismatch,"metadata=(2560.0,2.0); H5=(600, 0, 1)"
RM_003_FEMTO.h5,34607,zero-sized H5 record,"(600, 0, 1)"
RM_003_FEMTO.h5,34607,metadata shape mismatch,"metadata=(2560.0,2.0); H5=(600, 0, 1)"
RM_003_FEMTO.h5,34608,zero-sized H5 record,"(600, 0, 1)"
RM_003_FEMTO.h5,34608,metadata shape mismatch,"metadata=(2560.0,2.0); H5=(600, 0, 1)"
RM_003_FEMTO.h5,34609,zero-sized H5 record,"(600, 0, 1)"
RM_003_FEMTO.h5,34609,metadata shape mismatch,"metadata=(2560.0,2.0); H5=(600, 0, 1)"
RM_003_FEMTO.h5,34610,zero-sized H5 record,"(600, 0, 1)"
RM_003_FEMTO.h5,34610,metadata shape mismatch,"metadata=(2560.0,2.0); H5=(600, 0, 1)"
RM_003_FEMTO.h5,34611,zero-sized H5 record,"(600, 0, 1)"
RM_003_FEMTO.h5,34611,metadata shape mismatch,"metadata=(2560.0,2.0); H5=(600, 0, 1)"
RM_003_FEMTO.h5,34612,zero-sized H5 record,"(600, 0, 1)"
RM_003_FEMTO.h5,34612,metadata shape mismatch,"metadata=(2560.0,2.0); H5=(600, 0, 1)"
RM_003_FEMTO.h5,34613,zero-sized H5 record,"(600, 0, 1)"
RM_003_FEMTO.h5,34613,metadata shape mismatch,"metadata=(2560.0,2.0); H5=(600, 0, 1)"
RM_003_FEMTO.h5,34614,zero-sized H5 record,"(600, 0, 1)"
RM_003_FEMTO.h5,34614,metadata shape mismatch,"metadata=(2560.0,2.0); H5=(600, 0, 1)"
RM_003_FEMTO.h5,34615,zero-sized H5 record,"(600, 0, 1)"
RM_003_FEMTO.h5,34615,metadata shape mismatch,"metadata=(2560.0,2.0); H5=(600, 0, 1)"
RM_003_FEMTO.h5,34616,zero-sized H5 record,"(600, 0, 1)"
RM_003_FEMTO.h5,34616,metadata shape mismatch,"metadata=(2560.0,2.0); H5=(600, 0, 1)"
RM_003_FEMTO.h5,34617,zero-sized H5 record,"(600, 0, 1)"
RM_003_FEMTO.h5,34617,metadata shape mismatch,"metadata=(2560.0,2.0); H5=(600, 0, 1)"
RM_003_FEMTO.h5,34618,zero-sized H5 record,"(600, 0, 1)"
RM_003_FEMTO.h5,34618,metadata shape mismatch,"metadata=(2560.0,2.0); H5=(600, 0, 1)"
RM_003_FEMTO.h5,34619,zero-sized H5 record,"(600, 0, 1)"
RM_003_FEMTO.h5,34619,metadata shape mismatch,"metadata=(2560.0,2.0); H5=(600, 0, 1)"
RM_003_FEMTO.h5,34620,zero-sized H5 record,"(600, 0, 1)"
RM_003_FEMTO.h5,34620,metadata shape mismatch,"metadata=(2560.0,2.0); H5=(600, 0, 1)"
RM_003_FEMTO.h5,34621,zero-sized H5 record,"(600, 0, 1)"
RM_003_FEMTO.h5,34621,metadata shape mismatch,"metadata=(2560.0,2.0); H5=(600, 0, 1)"
RM_003_FEMTO.h5,34622,zero-sized H5 record,"(600, 0, 1)"
RM_003_FEMTO.h5,34622,metadata shape mismatch,"metadata=(2560.0,2.0); H5=(600, 0, 1)"
RM_003_FEMTO.h5,34623,zero-sized H5 record,"(600, 0, 1)"
RM_003_FEMTO.h5,34623,metadata shape mismatch,"metadata=(2560.0,2.0); H5=(600, 0, 1)"
RM_003_FEMTO.h5,34624,zero-sized H5 record,"(600, 0, 1)"
RM_003_FEMTO.h5,34624,metadata shape mismatch,"metadata=(2560.0,2.0); H5=(600, 0, 1)"
RM_003_FEMTO.h5,34625,zero-sized H5 record,"(600, 0, 1)"
RM_003_FEMTO.h5,34625,metadata shape mismatch,"metadata=(2560.0,2.0); H5=(600, 0, 1)"
RM_003_FEMTO.h5,34626,zero-sized H5 record,"(600, 0, 1)"
RM_003_FEMTO.h5,34626,metadata shape mismatch,"metadata=(2560.0,2.0); H5=(600, 0, 1)"
RM_003_FEMTO.h5,34627,zero-sized H5 record,"(600, 0, 1)"
RM_003_FEMTO.h5,34627,metadata shape mismatch,"metadata=(2560.0,2.0); H5=(600, 0, 1)"
RM_003_FEMTO.h5,34628,zero-sized H5 record,"(600, 0, 1)"
RM_003_FEMTO.h5,34628,metadata shape mismatch,"metadata=(2560.0,2.0); H5=(600, 0, 1)"
RM_003_FEMTO.h5,34629,zero-sized H5 record,"(600, 0, 1)"
RM_003_FEMTO.h5,34629,metadata shape mismatch,"metadata=(2560.0,2.0); H5=(600, 0, 1)"
RM_003_FEMTO.h5,34630,zero-sized H5 record,"(600, 0, 1)"
RM_003_FEMTO.h5,34630,metadata shape mismatch,"metadata=(2560.0,2.0); H5=(600, 0, 1)"
RM_003_FEMTO.h5,34631,zero-sized H5 record,"(600, 0, 1)"
RM_003_FEMTO.h5,34631,metadata shape mismatch,"metadata=(2560.0,2.0); H5=(600, 0, 1)"
RM_003_FEMTO.h5,34632,zero-sized H5 record,"(600, 0, 1)"
RM_003_FEMTO.h5,34632,metadata shape mismatch,"metadata=(2560.0,2.0); H5=(600, 0, 1)"
RM_003_FEMTO.h5,34633,zero-sized H5 record,"(600, 0, 1)"
RM_003_FEMTO.h5,34633,metadata shape mismatch,"metadata=(2560.0,2.0); H5=(600, 0, 1)"
RM_003_FEMTO.h5,34634,zero-sized H5 record,"(600, 0, 1)"
RM_003_FEMTO.h5,34634,metadata shape mismatch,"metadata=(2560.0,2.0); H5=(600, 0, 1)"
RM_003_FEMTO.h5,34635,zero-sized H5 record,"(600, 0, 1)"
RM_003_FEMTO.h5,34635,metadata shape mismatch,"metadata=(2560.0,2.0); H5=(600, 0, 1)"
RM_003_FEMTO.h5,34636,zero-sized H5 record,"(600, 0, 1)"
RM_003_FEMTO.h5,34636,metadata shape mismatch,"metadata=(2560.0,2.0); H5=(600, 0, 1)"
RM_003_FEMTO.h5,34637,zero-sized H5 record,"(600, 0, 1)"
RM_003_FEMTO.h5,34637,metadata shape mismatch,"metadata=(2560.0,2.0); H5=(600, 0, 1)"
RM_003_FEMTO.h5,34638,zero-sized H5 record,"(600, 0, 1)"
RM_003_FEMTO.h5,34638,metadata shape mismatch,"metadata=(2560.0,2.0); H5=(600, 0, 1)"
RM_003_FEMTO.h5,34639,zero-sized H5 record,"(600, 0, 1)"
RM_003_FEMTO.h5,34639,metadata shape mismatch,"metadata=(2560.0,2.0); H5=(600, 0, 1)"
RM_003_FEMTO.h5,34640,zero-sized H5 record,"(600, 0, 1)"
RM_003_FEMTO.h5,34640,metadata shape mismatch,"metadata=(2560.0,2.0); H5=(600, 0, 1)"
RM_003_FEMTO.h5,34641,zero-sized H5 record,"(600, 0, 1)"
RM_003_FEMTO.h5,34641,metadata shape mismatch,"metadata=(2560.0,2.0); H5=(600, 0, 1)"
RM_003_FEMTO.h5,34642,zero-sized H5 record,"(600, 0, 1)"
RM_003_FEMTO.h5,34642,metadata shape mismatch,"metadata=(2560.0,2.0); H5=(600, 0, 1)"
RM_003_FEMTO.h5,34643,zero-sized H5 record,"(600, 0, 1)"
RM_003_FEMTO.h5,34643,metadata shape mismatch,"metadata=(2560.0,2.0); H5=(600, 0, 1)"
RM_003_FEMTO.h5,34644,zero-sized H5 record,"(600, 0, 1)"
RM_003_FEMTO.h5,34644,metadata shape mismatch,"metadata=(2560.0,2.0); H5=(600, 0, 1)"
RM_003_FEMTO.h5,34645,zero-sized H5 record,"(600, 0, 1)"
RM_003_FEMTO.h5,34645,metadata shape mismatch,"metadata=(2560.0,2.0); H5=(600, 0, 1)"
RM_003_FEMTO.h5,34646,zero-sized H5 record,"(600, 0, 1)"
RM_003_FEMTO.h5,34646,metadata shape mismatch,"metadata=(2560.0,2.0); H5=(600, 0, 1)"
RM_003_FEMTO.h5,34647,zero-sized H5 record,"(600, 0, 1)"
RM_003_FEMTO.h5,34647,metadata shape mismatch,"metadata=(2560.0,2.0); H5=(600, 0, 1)"
RM_003_FEMTO.h5,34648,zero-sized H5 record,"(600, 0, 1)"
RM_003_FEMTO.h5,34648,metadata shape mismatch,"metadata=(2560.0,2.0); H5=(600, 0, 1)"
RM_003_FEMTO.h5,34649,zero-sized H5 record,"(600, 0, 1)"
RM_003_FEMTO.h5,34649,metadata shape mismatch,"metadata=(2560.0,2.0); H5=(600, 0, 1)"
RM_003_FEMTO.h5,34650,zero-sized H5 record,"(600, 0, 1)"
RM_003_FEMTO.h5,34650,metadata shape mismatch,"metadata=(2560.0,2.0); H5=(600, 0, 1)"
RM_003_FEMTO.h5,34651,zero-sized H5 record,"(600, 0, 1)"
RM_003_FEMTO.h5,34651,metadata shape mismatch,"metadata=(2560.0,2.0); H5=(600, 0, 1)"
RM_003_FEMTO.h5,34652,zero-sized H5 record,"(600, 0, 1)"
RM_003_FEMTO.h5,34652,metadata shape mismatch,"metadata=(2560.0,2.0); H5=(600, 0, 1)"
RM_003_FEMTO.h5,34653,zero-sized H5 record,"(600, 0, 1)"
RM_003_FEMTO.h5,34653,metadata shape mismatch,"metadata=(2560.0,2.0); H5=(600, 0, 1)"
RM_003_FEMTO.h5,34654,zero-sized H5 record,"(600, 0, 1)"
RM_003_FEMTO.h5,34654,metadata shape mismatch,"metadata=(2560.0,2.0); H5=(600, 0, 1)"
RM_003_FEMTO.h5,34655,zero-sized H5 record,"(600, 0, 1)"
RM_003_FEMTO.h5,34655,metadata shape mismatch,"metadata=(2560.0,2.0); H5=(600, 0, 1)"
RM_003_FEMTO.h5,34656,zero-sized H5 record,"(600, 0, 1)"
RM_003_FEMTO.h5,34656,metadata shape mismatch,"metadata=(2560.0,2.0); H5=(600, 0, 1)"
RM_003_FEMTO.h5,34657,zero-sized H5 record,"(600, 0, 1)"
RM_003_FEMTO.h5,34657,metadata shape mismatch,"metadata=(2560.0,2.0); H5=(600, 0, 1)"
RM_003_FEMTO.h5,34658,zero-sized H5 record,"(600, 0, 1)"
RM_003_FEMTO.h5,34658,metadata shape mismatch,"metadata=(2560.0,2.0); H5=(600, 0, 1)"
RM_003_FEMTO.h5,34659,zero-sized H5 record,"(600, 0, 1)"
RM_003_FEMTO.h5,34659,metadata shape mismatch,"metadata=(2560.0,2.0); H5=(600, 0, 1)"
RM_003_FEMTO.h5,34660,zero-sized H5 record,"(600, 0, 1)"
RM_003_FEMTO.h5,34660,metadata shape mismatch,"metadata=(2560.0,2.0); H5=(600, 0, 1)"
RM_003_FEMTO.h5,34661,zero-sized H5 record,"(600, 0, 1)"
RM_003_FEMTO.h5,34661,metadata shape mismatch,"metadata=(2560.0,2.0); H5=(600, 0, 1)"
RM_003_FEMTO.h5,34662,zero-sized H5 record,"(600, 0, 1)"
RM_003_FEMTO.h5,34662,metadata shape mismatch,"metadata=(2560.0,2.0); H5=(600, 0, 1)"
RM_003_FEMTO.h5,34663,zero-sized H5 record,"(600, 0, 1)"
RM_003_FEMTO.h5,34663,metadata shape mismatch,"metadata=(2560.0,2.0); H5=(600, 0, 1)"
RM_003_FEMTO.h5,34664,zero-sized H5 record,"(600, 0, 1)"
RM_003_FEMTO.h5,34664,metadata shape mismatch,"metadata=(2560.0,2.0); H5=(600, 0, 1)"
RM_003_FEMTO.h5,34665,zero-sized H5 record,"(600, 0, 1)"
RM_003_FEMTO.h5,34665,metadata shape mismatch,"metadata=(2560.0,2.0); H5=(600, 0, 1)"
RM_003_FEMTO.h5,34666,zero-sized H5 record,"(600, 0, 1)"
RM_003_FEMTO.h5,34666,metadata shape mismatch,"metadata=(2560.0,2.0); H5=(600, 0, 1)"
RM_003_FEMTO.h5,34667,zero-sized H5 record,"(600, 0, 1)"
RM_003_FEMTO.h5,34667,metadata shape mismatch,"metadata=(2560.0,2.0); H5=(600, 0, 1)"
RM_003_FEMTO.h5,34668,zero-sized H5 record,"(600, 0, 1)"
RM_003_FEMTO.h5,34668,metadata shape mismatch,"metadata=(2560.0,2.0); H5=(600, 0, 1)"
RM_003_FEMTO.h5,34669,zero-sized H5 record,"(600, 0, 1)"
RM_003_FEMTO.h5,34669,metadata shape mismatch,"metadata=(2560.0,2.0); H5=(600, 0, 1)"
RM_003_FEMTO.h5,34670,zero-sized H5 record,"(600, 0, 1)"
RM_003_FEMTO.h5,34670,metadata shape mismatch,"metadata=(2560.0,2.0); H5=(600, 0, 1)"
RM_003_FEMTO.h5,34671,zero-sized H5 record,"(600, 0, 1)"
RM_003_FEMTO.h5,34671,metadata shape mismatch,"metadata=(2560.0,2.0); H5=(600, 0, 1)"
RM_003_FEMTO.h5,34672,zero-sized H5 record,"(600, 0, 1)"
RM_003_FEMTO.h5,34672,metadata shape mismatch,"metadata=(2560.0,2.0); H5=(600, 0, 1)"
RM_003_FEMTO.h5,34673,zero-sized H5 record,"(600, 0, 1)"
RM_003_FEMTO.h5,34673,metadata shape mismatch,"metadata=(2560.0,2.0); H5=(600, 0, 1)"
RM_003_FEMTO.h5,34674,zero-sized H5 record,"(600, 0, 1)"
RM_003_FEMTO.h5,34674,metadata shape mismatch,"metadata=(2560.0,2.0); H5=(600, 0, 1)"
RM_003_FEMTO.h5,34675,zero-sized H5 record,"(600, 0, 1)"
RM_003_FEMTO.h5,34675,metadata shape mismatch,"metadata=(2560.0,2.0); H5=(600, 0, 1)"
RM_003_FEMTO.h5,34676,zero-sized H5 record,"(600, 0, 1)"
RM_003_FEMTO.h5,34676,metadata shape mismatch,"metadata=(2560.0,2.0); H5=(600, 0, 1)"
RM_003_FEMTO.h5,34677,zero-sized H5 record,"(600, 0, 1)"
RM_003_FEMTO.h5,34677,metadata shape mismatch,"metadata=(2560.0,2.0); H5=(600, 0, 1)"
RM_003_FEMTO.h5,34678,zero-sized H5 record,"(600, 0, 1)"
RM_003_FEMTO.h5,34678,metadata shape mismatch,"metadata=(2560.0,2.0); H5=(600, 0, 1)"
RM_003_FEMTO.h5,34679,zero-sized H5 record,"(600, 0, 1)"
RM_003_FEMTO.h5,34679,metadata shape mismatch,"metadata=(2560.0,2.0); H5=(600, 0, 1)"
RM_003_FEMTO.h5,34680,zero-sized H5 record,"(600, 0, 1)"
RM_003_FEMTO.h5,34680,metadata shape mismatch,"metadata=(2560.0,2.0); H5=(600, 0, 1)"
RM_003_FEMTO.h5,34681,zero-sized H5 record,"(600, 0, 1)"
RM_003_FEMTO.h5,34681,metadata shape mismatch,"metadata=(2560.0,2.0); H5=(600, 0, 1)"
RM_003_FEMTO.h5,34682,zero-sized H5 record,"(600, 0, 1)"
RM_003_FEMTO.h5,34682,metadata shape mismatch,"metadata=(2560.0,2.0); H5=(600, 0, 1)"
RM_003_FEMTO.h5,34683,zero-sized H5 record,"(600, 0, 1)"
RM_003_FEMTO.h5,34683,metadata shape mismatch,"metadata=(2560.0,2.0); H5=(600, 0, 1)"
RM_003_FEMTO.h5,34684,zero-sized H5 record,"(600, 0, 1)"
RM_003_FEMTO.h5,34684,metadata shape mismatch,"metadata=(2560.0,2.0); H5=(600, 0, 1)"
RM_003_FEMTO.h5,34685,zero-sized H5 record,"(600, 0, 1)"
RM_003_FEMTO.h5,34685,metadata shape mismatch,"metadata=(2560.0,2.0); H5=(600, 0, 1)"
RM_003_FEMTO.h5,34686,zero-sized H5 record,"(600, 0, 1)"
RM_003_FEMTO.h5,34686,metadata shape mismatch,"metadata=(2560.0,2.0); H5=(600, 0, 1)"
RM_003_FEMTO.h5,34687,zero-sized H5 record,"(600, 0, 1)"
RM_003_FEMTO.h5,34687,metadata shape mismatch,"metadata=(2560.0,2.0); H5=(600, 0, 1)"
RM_003_FEMTO.h5,34688,zero-sized H5 record,"(600, 0, 1)"
RM_003_FEMTO.h5,34688,metadata shape mismatch,"metadata=(2560.0,2.0); H5=(600, 0, 1)"
RM_003_FEMTO.h5,34689,zero-sized H5 record,"(600, 0, 1)"
RM_003_FEMTO.h5,34689,metadata shape mismatch,"metadata=(2560.0,2.0); H5=(600, 0, 1)"
RM_003_FEMTO.h5,34690,zero-sized H5 record,"(600, 0, 1)"
RM_003_FEMTO.h5,34690,metadata shape mismatch,"metadata=(2560.0,2.0); H5=(600, 0, 1)"
RM_003_FEMTO.h5,34691,zero-sized H5 record,"(600, 0, 1)"
RM_003_FEMTO.h5,34691,metadata shape mismatch,"metadata=(2560.0,2.0); H5=(600, 0, 1)"
RM_003_FEMTO.h5,34692,zero-sized H5 record,"(600, 0, 1)"
RM_003_FEMTO.h5,34692,metadata shape mismatch,"metadata=(2560.0,2.0); H5=(600, 0, 1)"
RM_003_FEMTO.h5,34693,zero-sized H5 record,"(600, 0, 1)"
RM_003_FEMTO.h5,34693,metadata shape mismatch,"metadata=(2560.0,2.0); H5=(600, 0, 1)"
RM_003_FEMTO.h5,34694,zero-sized H5 record,"(600, 0, 1)"
RM_003_FEMTO.h5,34694,metadata shape mismatch,"metadata=(2560.0,2.0); H5=(600, 0, 1)"
RM_003_FEMTO.h5,34695,zero-sized H5 record,"(600, 0, 1)"
RM_003_FEMTO.h5,34695,metadata shape mismatch,"metadata=(2560.0,2.0); H5=(600, 0, 1)"
RM_003_FEMTO.h5,34696,zero-sized H5 record,"(600, 0, 1)"
RM_003_FEMTO.h5,34696,metadata shape mismatch,"metadata=(2560.0,2.0); H5=(600, 0, 1)"
RM_003_FEMTO.h5,34697,zero-sized H5 record,"(600, 0, 1)"
RM_003_FEMTO.h5,34697,metadata shape mismatch,"metadata=(2560.0,2.0); H5=(600, 0, 1)"
RM_003_FEMTO.h5,34698,zero-sized H5 record,"(600, 0, 1)"
RM_003_FEMTO.h5,34698,metadata shape mismatch,"metadata=(2560.0,2.0); H5=(600, 0, 1)"
RM_003_FEMTO.h5,34699,zero-sized H5 record,"(600, 0, 1)"
RM_003_FEMTO.h5,34699,metadata shape mismatch,"metadata=(2560.0,2.0); H5=(600, 0, 1)"
RM_003_FEMTO.h5,34700,zero-sized H5 record,"(600, 0, 1)"
RM_003_FEMTO.h5,34700,metadata shape mismatch,"metadata=(2560.0,2.0); H5=(600, 0, 1)"
RM_003_FEMTO.h5,34701,zero-sized H5 record,"(600, 0, 1)"
RM_003_FEMTO.h5,34701,metadata shape mismatch,"metadata=(2560.0,2.0); H5=(600, 0, 1)"
RM_003_FEMTO.h5,34702,zero-sized H5 record,"(600, 0, 1)"
RM_003_FEMTO.h5,34702,metadata shape mismatch,"metadata=(2560.0,2.0); H5=(600, 0, 1)"
RM_003_FEMTO.h5,34703,zero-sized H5 record,"(600, 0, 1)"
RM_003_FEMTO.h5,34703,metadata shape mismatch,"metadata=(2560.0,2.0); H5=(600, 0, 1)"
RM_003_FEMTO.h5,34704,zero-sized H5 record,"(600, 0, 1)"
RM_003_FEMTO.h5,34704,metadata shape mismatch,"metadata=(2560.0,2.0); H5=(600, 0, 1)"
RM_003_FEMTO.h5,34705,zero-sized H5 record,"(600, 0, 1)"
RM_003_FEMTO.h5,34705,metadata shape mismatch,"metadata=(2560.0,2.0); H5=(600, 0, 1)"
RM_003_FEMTO.h5,34706,zero-sized H5 record,"(600, 0, 1)"
RM_003_FEMTO.h5,34706,metadata shape mismatch,"metadata=(2560.0,2.0); H5=(600, 0, 1)"
RM_003_FEMTO.h5,34707,zero-sized H5 record,"(600, 0, 1)"
RM_003_FEMTO.h5,34707,metadata shape mismatch,"metadata=(2560.0,2.0); H5=(600, 0, 1)"
RM_003_FEMTO.h5,34708,zero-sized H5 record,"(600, 0, 1)"
RM_003_FEMTO.h5,34708,metadata shape mismatch,"metadata=(2560.0,2.0); H5=(600, 0, 1)"
RM_003_FEMTO.h5,34709,zero-sized H5 record,"(600, 0, 1)"
RM_003_FEMTO.h5,34709,metadata shape mismatch,"metadata=(2560.0,2.0); H5=(600, 0, 1)"
RM_003_FEMTO.h5,34710,zero-sized H5 record,"(600, 0, 1)"
RM_003_FEMTO.h5,34710,metadata shape mismatch,"metadata=(2560.0,2.0); H5=(600, 0, 1)"
RM_003_FEMTO.h5,34711,zero-sized H5 record,"(600, 0, 1)"
RM_003_FEMTO.h5,34711,metadata shape mismatch,"metadata=(2560.0,2.0); H5=(600, 0, 1)"
RM_003_FEMTO.h5,34712,zero-sized H5 record,"(600, 0, 1)"
RM_003_FEMTO.h5,34712,metadata shape mismatch,"metadata=(2560.0,2.0); H5=(600, 0, 1)"
RM_003_FEMTO.h5,34713,zero-sized H5 record,"(600, 0, 1)"
RM_003_FEMTO.h5,34713,metadata shape mismatch,"metadata=(2560.0,2.0); H5=(600, 0, 1)"
RM_003_FEMTO.h5,34714,zero-sized H5 record,"(600, 0, 1)"
RM_003_FEMTO.h5,34714,metadata shape mismatch,"metadata=(2560.0,2.0); H5=(600, 0, 1)"
RM_003_FEMTO.h5,34715,zero-sized H5 record,"(600, 0, 1)"
RM_003_FEMTO.h5,34715,metadata shape mismatch,"metadata=(2560.0,2.0); H5=(600, 0, 1)"
RM_003_FEMTO.h5,34716,zero-sized H5 record,"(600, 0, 1)"
RM_003_FEMTO.h5,34716,metadata shape mismatch,"metadata=(2560.0,2.0); H5=(600, 0, 1)"
RM_003_FEMTO.h5,34717,zero-sized H5 record,"(600, 0, 1)"
RM_003_FEMTO.h5,34717,metadata shape mismatch,"metadata=(2560.0,2.0); H5=(600, 0, 1)"
RM_003_FEMTO.h5,34718,zero-sized H5 record,"(600, 0, 1)"
RM_003_FEMTO.h5,34718,metadata shape mismatch,"metadata=(2560.0,2.0); H5=(600, 0, 1)"
RM_003_FEMTO.h5,34719,zero-sized H5 record,"(600, 0, 1)"
RM_003_FEMTO.h5,34719,metadata shape mismatch,"metadata=(2560.0,2.0); H5=(600, 0, 1)"
RM_003_FEMTO.h5,34720,zero-sized H5 record,"(600, 0, 1)"
RM_003_FEMTO.h5,34720,metadata shape mismatch,"metadata=(2560.0,2.0); H5=(600, 0, 1)"
RM_003_FEMTO.h5,34721,zero-sized H5 record,"(600, 0, 1)"
RM_003_FEMTO.h5,34721,metadata shape mismatch,"metadata=(2560.0,2.0); H5=(600, 0, 1)"
RM_003_FEMTO.h5,34722,zero-sized H5 record,"(600, 0, 1)"
RM_003_FEMTO.h5,34722,metadata shape mismatch,"metadata=(2560.0,2.0); H5=(600, 0, 1)"
RM_003_FEMTO.h5,34723,zero-sized H5 record,"(600, 0, 1)"
RM_003_FEMTO.h5,34723,metadata shape mismatch,"metadata=(2560.0,2.0); H5=(600, 0, 1)"
RM_003_FEMTO.h5,34724,zero-sized H5 record,"(600, 0, 1)"
RM_003_FEMTO.h5,34724,metadata shape mismatch,"metadata=(2560.0,2.0); H5=(600, 0, 1)"
RM_003_FEMTO.h5,34725,zero-sized H5 record,"(600, 0, 1)"
RM_003_FEMTO.h5,34725,metadata shape mismatch,"metadata=(2560.0,2.0); H5=(600, 0, 1)"
RM_003_FEMTO.h5,34726,zero-sized H5 record,"(600, 0, 1)"
RM_003_FEMTO.h5,34726,metadata shape mismatch,"metadata=(2560.0,2.0); H5=(600, 0, 1)"
RM_003_FEMTO.h5,34727,zero-sized H5 record,"(600, 0, 1)"
RM_003_FEMTO.h5,34727,metadata shape mismatch,"metadata=(2560.0,2.0); H5=(600, 0, 1)"
RM_003_FEMTO.h5,34728,zero-sized H5 record,"(600, 0, 1)"
RM_003_FEMTO.h5,34728,metadata shape mismatch,"metadata=(2560.0,2.0); H5=(600, 0, 1)"
RM_003_FEMTO.h5,34729,zero-sized H5 record,"(600, 0, 1)"
RM_003_FEMTO.h5,34729,metadata shape mismatch,"metadata=(2560.0,2.0); H5=(600, 0, 1)"
RM_003_FEMTO.h5,34730,zero-sized H5 record,"(600, 0, 1)"
RM_003_FEMTO.h5,34730,metadata shape mismatch,"metadata=(2560.0,2.0); H5=(600, 0, 1)"
RM_003_FEMTO.h5,34731,zero-sized H5 record,"(600, 0, 1)"
RM_003_FEMTO.h5,34731,metadata shape mismatch,"metadata=(2560.0,2.0); H5=(600, 0, 1)"
RM_003_FEMTO.h5,34732,zero-sized H5 record,"(600, 0, 1)"
RM_003_FEMTO.h5,34732,metadata shape mismatch,"metadata=(2560.0,2.0); H5=(600, 0, 1)"
RM_003_FEMTO.h5,34733,zero-sized H5 record,"(600, 0, 1)"
RM_003_FEMTO.h5,34733,metadata shape mismatch,"metadata=(2560.0,2.0); H5=(600, 0, 1)"
RM_003_FEMTO.h5,34734,zero-sized H5 record,"(600, 0, 1)"
RM_003_FEMTO.h5,34734,metadata shape mismatch,"metadata=(2560.0,2.0); H5=(600, 0, 1)"
RM_003_FEMTO.h5,34735,zero-sized H5 record,"(600, 0, 1)"
RM_003_FEMTO.h5,34735,metadata shape mismatch,"metadata=(2560.0,2.0); H5=(600, 0, 1)"
RM_003_FEMTO.h5,34736,zero-sized H5 record,"(600, 0, 1)"
RM_003_FEMTO.h5,34736,metadata shape mismatch,"metadata=(2560.0,2.0); H5=(600, 0, 1)"
RM_003_FEMTO.h5,34737,zero-sized H5 record,"(600, 0, 1)"
RM_003_FEMTO.h5,34737,metadata shape mismatch,"metadata=(2560.0,2.0); H5=(600, 0, 1)"
RM_003_FEMTO.h5,34738,zero-sized H5 record,"(600, 0, 1)"
RM_003_FEMTO.h5,34738,metadata shape mismatch,"metadata=(2560.0,2.0); H5=(600, 0, 1)"
RM_003_FEMTO.h5,34739,zero-sized H5 record,"(600, 0, 1)"
RM_003_FEMTO.h5,34739,metadata shape mismatch,"metadata=(2560.0,2.0); H5=(600, 0, 1)"
RM_003_FEMTO.h5,34740,zero-sized H5 record,"(600, 0, 1)"
RM_003_FEMTO.h5,34740,metadata shape mismatch,"metadata=(2560.0,2.0); H5=(600, 0, 1)"
RM_003_FEMTO.h5,34741,zero-sized H5 record,"(600, 0, 1)"
RM_003_FEMTO.h5,34741,metadata shape mismatch,"metadata=(2560.0,2.0); H5=(600, 0, 1)"
RM_003_FEMTO.h5,34742,zero-sized H5 record,"(600, 0, 1)"
RM_003_FEMTO.h5,34742,metadata shape mismatch,"metadata=(2560.0,2.0); H5=(600, 0, 1)"
RM_003_FEMTO.h5,34743,zero-sized H5 record,"(600, 0, 1)"
RM_003_FEMTO.h5,34743,metadata shape mismatch,"metadata=(2560.0,2.0); H5=(600, 0, 1)"
RM_003_FEMTO.h5,34744,zero-sized H5 record,"(600, 0, 1)"
RM_003_FEMTO.h5,34744,metadata shape mismatch,"metadata=(2560.0,2.0); H5=(600, 0, 1)"
RM_003_FEMTO.h5,34745,zero-sized H5 record,"(600, 0, 1)"
RM_003_FEMTO.h5,34745,metadata shape mismatch,"metadata=(2560.0,2.0); H5=(600, 0, 1)"
RM_003_FEMTO.h5,34746,zero-sized H5 record,"(600, 0, 1)"
RM_003_FEMTO.h5,34746,metadata shape mismatch,"metadata=(2560.0,2.0); H5=(600, 0, 1)"
RM_003_FEMTO.h5,34747,zero-sized H5 record,"(600, 0, 1)"
RM_003_FEMTO.h5,34747,metadata shape mismatch,"metadata=(2560.0,2.0); H5=(600, 0, 1)"
RM_003_FEMTO.h5,34748,zero-sized H5 record,"(600, 0, 1)"
RM_003_FEMTO.h5,34748,metadata shape mismatch,"metadata=(2560.0,2.0); H5=(600, 0, 1)"
RM_003_FEMTO.h5,34749,zero-sized H5 record,"(600, 0, 1)"
RM_003_FEMTO.h5,34749,metadata shape mismatch,"metadata=(2560.0,2.0); H5=(600, 0, 1)"
RM_003_FEMTO.h5,34750,zero-sized H5 record,"(600, 0, 1)"
RM_003_FEMTO.h5,34750,metadata shape mismatch,"metadata=(2560.0,2.0); H5=(600, 0, 1)"
RM_003_FEMTO.h5,34751,zero-sized H5 record,"(600, 0, 1)"
RM_003_FEMTO.h5,34751,metadata shape mismatch,"metadata=(2560.0,2.0); H5=(600, 0, 1)"
RM_003_FEMTO.h5,34752,zero-sized H5 record,"(600, 0, 1)"
RM_003_FEMTO.h5,34752,metadata shape mismatch,"metadata=(2560.0,2.0); H5=(600, 0, 1)"
RM_003_FEMTO.h5,34753,zero-sized H5 record,"(600, 0, 1)"
RM_003_FEMTO.h5,34753,metadata shape mismatch,"metadata=(2560.0,2.0); H5=(600, 0, 1)"
RM_003_FEMTO.h5,34754,zero-sized H5 record,"(600, 0, 1)"
RM_003_FEMTO.h5,34754,metadata shape mismatch,"metadata=(2560.0,2.0); H5=(600, 0, 1)"
RM_003_FEMTO.h5,34755,zero-sized H5 record,"(600, 0, 1)"
RM_003_FEMTO.h5,34755,metadata shape mismatch,"metadata=(2560.0,2.0); H5=(600, 0, 1)"
RM_003_FEMTO.h5,34756,zero-sized H5 record,"(600, 0, 1)"
RM_003_FEMTO.h5,34756,metadata shape mismatch,"metadata=(2560.0,2.0); H5=(600, 0, 1)"
RM_003_FEMTO.h5,34757,zero-sized H5 record,"(600, 0, 1)"
RM_003_FEMTO.h5,34757,metadata shape mismatch,"metadata=(2560.0,2.0); H5=(600, 0, 1)"
RM_003_FEMTO.h5,34758,zero-sized H5 record,"(600, 0, 1)"
RM_003_FEMTO.h5,34758,metadata shape mismatch,"metadata=(2560.0,2.0); H5=(600, 0, 1)"
RM_003_FEMTO.h5,34759,zero-sized H5 record,"(600, 0, 1)"
RM_003_FEMTO.h5,34759,metadata shape mismatch,"metadata=(2560.0,2.0); H5=(600, 0, 1)"
RM_003_FEMTO.h5,34760,zero-sized H5 record,"(600, 0, 1)"
RM_003_FEMTO.h5,34760,metadata shape mismatch,"metadata=(2560.0,2.0); H5=(600, 0, 1)"
RM_003_FEMTO.h5,34761,zero-sized H5 record,"(600, 0, 1)"
RM_003_FEMTO.h5,34761,metadata shape mismatch,"metadata=(2560.0,2.0); H5=(600, 0, 1)"
RM_003_FEMTO.h5,34762,zero-sized H5 record,"(600, 0, 1)"
RM_003_FEMTO.h5,34762,metadata shape mismatch,"metadata=(2560.0,2.0); H5=(600, 0, 1)"
RM_003_FEMTO.h5,34763,zero-sized H5 record,"(600, 0, 1)"
RM_003_FEMTO.h5,34763,metadata shape mismatch,"metadata=(2560.0,2.0); H5=(600, 0, 1)"
RM_003_FEMTO.h5,34764,zero-sized H5 record,"(600, 0, 1)"
RM_003_FEMTO.h5,34764,metadata shape mismatch,"metadata=(2560.0,2.0); H5=(600, 0, 1)"
RM_003_FEMTO.h5,34765,zero-sized H5 record,"(600, 0, 1)"
RM_003_FEMTO.h5,34765,metadata shape mismatch,"metadata=(2560.0,2.0); H5=(600, 0, 1)"
RM_003_FEMTO.h5,34766,zero-sized H5 record,"(600, 0, 1)"
RM_003_FEMTO.h5,34766,metadata shape mismatch,"metadata=(2560.0,2.0); H5=(600, 0, 1)"
RM_003_FEMTO.h5,34767,zero-sized H5 record,"(600, 0, 1)"
RM_003_FEMTO.h5,34767,metadata shape mismatch,"metadata=(2560.0,2.0); H5=(600, 0, 1)"
RM_003_FEMTO.h5,34768,zero-sized H5 record,"(600, 0, 1)"
RM_003_FEMTO.h5,34768,metadata shape mismatch,"metadata=(2560.0,2.0); H5=(600, 0, 1)"
RM_003_FEMTO.h5,34769,zero-sized H5 record,"(600, 0, 1)"
RM_003_FEMTO.h5,34769,metadata shape mismatch,"metadata=(2560.0,2.0); H5=(600, 0, 1)"
RM_003_FEMTO.h5,34770,zero-sized H5 record,"(600, 0, 1)"
RM_003_FEMTO.h5,34770,metadata shape mismatch,"metadata=(2560.0,2.0); H5=(600, 0, 1)"
RM_003_FEMTO.h5,34771,zero-sized H5 record,"(600, 0, 1)"
RM_003_FEMTO.h5,34771,metadata shape mismatch,"metadata=(2560.0,2.0); H5=(600, 0, 1)"
RM_003_FEMTO.h5,34772,zero-sized H5 record,"(600, 0, 1)"
RM_003_FEMTO.h5,34772,metadata shape mismatch,"metadata=(2560.0,2.0); H5=(600, 0, 1)"
RM_003_FEMTO.h5,34773,zero-sized H5 record,"(600, 0, 1)"
RM_003_FEMTO.h5,34773,metadata shape mismatch,"metadata=(2560.0,2.0); H5=(600, 0, 1)"
RM_003_FEMTO.h5,34774,zero-sized H5 record,"(600, 0, 1)"
RM_003_FEMTO.h5,34774,metadata shape mismatch,"metadata=(2560.0,2.0); H5=(600, 0, 1)"
RM_003_FEMTO.h5,34775,zero-sized H5 record,"(600, 0, 1)"
RM_003_FEMTO.h5,34775,metadata shape mismatch,"metadata=(2560.0,2.0); H5=(600, 0, 1)"
RM_003_FEMTO.h5,34776,zero-sized H5 record,"(600, 0, 1)"
RM_003_FEMTO.h5,34776,metadata shape mismatch,"metadata=(2560.0,2.0); H5=(600, 0, 1)"
RM_003_FEMTO.h5,34777,zero-sized H5 record,"(600, 0, 1)"
RM_003_FEMTO.h5,34777,metadata shape mismatch,"metadata=(2560.0,2.0); H5=(600, 0, 1)"
RM_003_FEMTO.h5,34778,zero-sized H5 record,"(600, 0, 1)"
RM_003_FEMTO.h5,34778,metadata shape mismatch,"metadata=(2560.0,2.0); H5=(600, 0, 1)"
RM_003_FEMTO.h5,34779,zero-sized H5 record,"(600, 0, 1)"
RM_003_FEMTO.h5,34779,metadata shape mismatch,"metadata=(2560.0,2.0); H5=(600, 0, 1)"
RM_003_FEMTO.h5,34780,zero-sized H5 record,"(600, 0, 1)"
RM_003_FEMTO.h5,34780,metadata shape mismatch,"metadata=(2560.0,2.0); H5=(600, 0, 1)"
RM_003_FEMTO.h5,34781,zero-sized H5 record,"(600, 0, 1)"
RM_003_FEMTO.h5,34781,metadata shape mismatch,"metadata=(2560.0,2.0); H5=(600, 0, 1)"
RM_003_FEMTO.h5,34782,zero-sized H5 record,"(600, 0, 1)"
RM_003_FEMTO.h5,34782,metadata shape mismatch,"metadata=(2560.0,2.0); H5=(600, 0, 1)"
RM_003_FEMTO.h5,34783,zero-sized H5 record,"(600, 0, 1)"
RM_003_FEMTO.h5,34783,metadata shape mismatch,"metadata=(2560.0,2.0); H5=(600, 0, 1)"
RM_003_FEMTO.h5,34784,zero-sized H5 record,"(600, 0, 1)"
RM_003_FEMTO.h5,34784,metadata shape mismatch,"metadata=(2560.0,2.0); H5=(600, 0, 1)"
RM_003_FEMTO.h5,34785,zero-sized H5 record,"(600, 0, 1)"
RM_003_FEMTO.h5,34785,metadata shape mismatch,"metadata=(2560.0,2.0); H5=(600, 0, 1)"
RM_003_FEMTO.h5,34786,zero-sized H5 record,"(600, 0, 1)"
RM_003_FEMTO.h5,34786,metadata shape mismatch,"metadata=(2560.0,2.0); H5=(600, 0, 1)"
RM_003_FEMTO.h5,34787,zero-sized H5 record,"(600, 0, 1)"
RM_003_FEMTO.h5,34787,metadata shape mismatch,"metadata=(2560.0,2.0); H5=(600, 0, 1)"
RM_003_FEMTO.h5,34788,zero-sized H5 record,"(600, 0, 1)"
RM_003_FEMTO.h5,34788,metadata shape mismatch,"metadata=(2560.0,2.0); H5=(600, 0, 1)"
RM_003_FEMTO.h5,34789,zero-sized H5 record,"(600, 0, 1)"
RM_003_FEMTO.h5,34789,metadata shape mismatch,"metadata=(2560.0,2.0); H5=(600, 0, 1)"
RM_003_FEMTO.h5,34790,zero-sized H5 record,"(600, 0, 1)"
RM_003_FEMTO.h5,34790,metadata shape mismatch,"metadata=(2560.0,2.0); H5=(600, 0, 1)"
RM_003_FEMTO.h5,34791,zero-sized H5 record,"(600, 0, 1)"
RM_003_FEMTO.h5,34791,metadata shape mismatch,"metadata=(2560.0,2.0); H5=(600, 0, 1)"
RM_003_FEMTO.h5,34792,zero-sized H5 record,"(600, 0, 1)"
RM_003_FEMTO.h5,34792,metadata shape mismatch,"metadata=(2560.0,2.0); H5=(600, 0, 1)"
RM_003_FEMTO.h5,34793,zero-sized H5 record,"(600, 0, 1)"
RM_003_FEMTO.h5,34793,metadata shape mismatch,"metadata=(2560.0,2.0); H5=(600, 0, 1)"
RM_003_FEMTO.h5,34794,zero-sized H5 record,"(600, 0, 1)"
RM_003_FEMTO.h5,34794,metadata shape mismatch,"metadata=(2560.0,2.0); H5=(600, 0, 1)"
RM_003_FEMTO.h5,34795,zero-sized H5 record,"(600, 0, 1)"
RM_003_FEMTO.h5,34795,metadata shape mismatch,"metadata=(2560.0,2.0); H5=(600, 0, 1)"
RM_003_FEMTO.h5,34796,zero-sized H5 record,"(600, 0, 1)"
RM_003_FEMTO.h5,34796,metadata shape mismatch,"metadata=(2560.0,2.0); H5=(600, 0, 1)"
RM_003_FEMTO.h5,34797,zero-sized H5 record,"(600, 0, 1)"
RM_003_FEMTO.h5,34797,metadata shape mismatch,"metadata=(2560.0,2.0); H5=(600, 0, 1)"
RM_003_FEMTO.h5,34798,zero-sized H5 record,"(600, 0, 1)"
RM_003_FEMTO.h5,34798,metadata shape mismatch,"metadata=(2560.0,2.0); H5=(600, 0, 1)"
RM_003_FEMTO.h5,34799,zero-sized H5 record,"(600, 0, 1)"
RM_003_FEMTO.h5,34799,metadata shape mismatch,"metadata=(2560.0,2.0); H5=(600, 0, 1)"
RM_003_FEMTO.h5,34800,zero-sized H5 record,"(600, 0, 1)"
RM_003_FEMTO.h5,34800,metadata shape mismatch,"metadata=(2560.0,2.0); H5=(600, 0, 1)"
RM_003_FEMTO.h5,34801,zero-sized H5 record,"(600, 0, 1)"
RM_003_FEMTO.h5,34801,metadata shape mismatch,"metadata=(2560.0,2.0); H5=(600, 0, 1)"
RM_003_FEMTO.h5,34802,zero-sized H5 record,"(600, 0, 1)"
RM_003_FEMTO.h5,34802,metadata shape mismatch,"metadata=(2560.0,2.0); H5=(600, 0, 1)"
RM_003_FEMTO.h5,34803,zero-sized H5 record,"(600, 0, 1)"
RM_003_FEMTO.h5,34803,metadata shape mismatch,"metadata=(2560.0,2.0); H5=(600, 0, 1)"
RM_003_FEMTO.h5,34804,zero-sized H5 record,"(600, 0, 1)"
RM_003_FEMTO.h5,34804,metadata shape mismatch,"metadata=(2560.0,2.0); H5=(600, 0, 1)"
RM_003_FEMTO.h5,34805,zero-sized H5 record,"(600, 0, 1)"
RM_003_FEMTO.h5,34805,metadata shape mismatch,"metadata=(2560.0,2.0); H5=(600, 0, 1)"
RM_003_FEMTO.h5,34806,zero-sized H5 record,"(600, 0, 1)"
RM_003_FEMTO.h5,34806,metadata shape mismatch,"metadata=(2560.0,2.0); H5=(600, 0, 1)"
RM_003_FEMTO.h5,34807,zero-sized H5 record,"(600, 0, 1)"
RM_003_FEMTO.h5,34807,metadata shape mismatch,"metadata=(2560.0,2.0); H5=(600, 0, 1)"
RM_003_FEMTO.h5,34808,zero-sized H5 record,"(600, 0, 1)"
RM_003_FEMTO.h5,34808,metadata shape mismatch,"metadata=(2560.0,2.0); H5=(600, 0, 1)"
RM_003_FEMTO.h5,34809,zero-sized H5 record,"(600, 0, 1)"
RM_003_FEMTO.h5,34809,metadata shape mismatch,"metadata=(2560.0,2.0); H5=(600, 0, 1)"
RM_003_FEMTO.h5,34810,zero-sized H5 record,"(600, 0, 1)"
RM_003_FEMTO.h5,34810,metadata shape mismatch,"metadata=(2560.0,2.0); H5=(600, 0, 1)"
RM_003_FEMTO.h5,34811,zero-sized H5 record,"(600, 0, 1)"
RM_003_FEMTO.h5,34811,metadata shape mismatch,"metadata=(2560.0,2.0); H5=(600, 0, 1)"
RM_003_FEMTO.h5,34812,zero-sized H5 record,"(600, 0, 1)"
RM_003_FEMTO.h5,34812,metadata shape mismatch,"metadata=(2560.0,2.0); H5=(600, 0, 1)"
RM_003_FEMTO.h5,34813,zero-sized H5 record,"(600, 0, 1)"
RM_003_FEMTO.h5,34813,metadata shape mismatch,"metadata=(2560.0,2.0); H5=(600, 0, 1)"
RM_003_FEMTO.h5,34814,zero-sized H5 record,"(600, 0, 1)"
RM_003_FEMTO.h5,34814,metadata shape mismatch,"metadata=(2560.0,2.0); H5=(600, 0, 1)"
RM_003_FEMTO.h5,34815,zero-sized H5 record,"(600, 0, 1)"
RM_003_FEMTO.h5,34815,metadata shape mismatch,"metadata=(2560.0,2.0); H5=(600, 0, 1)"
RM_003_FEMTO.h5,34816,zero-sized H5 record,"(600, 0, 1)"
RM_003_FEMTO.h5,34816,metadata shape mismatch,"metadata=(2560.0,2.0); H5=(600, 0, 1)"
RM_003_FEMTO.h5,34817,zero-sized H5 record,"(600, 0, 1)"
RM_003_FEMTO.h5,34817,metadata shape mismatch,"metadata=(2560.0,2.0); H5=(600, 0, 1)"
RM_003_FEMTO.h5,34818,zero-sized H5 record,"(600, 0, 1)"
RM_003_FEMTO.h5,34818,metadata shape mismatch,"metadata=(2560.0,2.0); H5=(600, 0, 1)"
RM_003_FEMTO.h5,34819,zero-sized H5 record,"(600, 0, 1)"
RM_003_FEMTO.h5,34819,metadata shape mismatch,"metadata=(2560.0,2.0); H5=(600, 0, 1)"
RM_003_FEMTO.h5,34820,zero-sized H5 record,"(600, 0, 1)"
RM_003_FEMTO.h5,34820,metadata shape mismatch,"metadata=(2560.0,2.0); H5=(600, 0, 1)"
RM_003_FEMTO.h5,34821,zero-sized H5 record,"(600, 0, 1)"
RM_003_FEMTO.h5,34821,metadata shape mismatch,"metadata=(2560.0,2.0); H5=(600, 0, 1)"
RM_003_FEMTO.h5,34822,zero-sized H5 record,"(600, 0, 1)"
RM_003_FEMTO.h5,34822,metadata shape mismatch,"metadata=(2560.0,2.0); H5=(600, 0, 1)"
RM_003_FEMTO.h5,34823,zero-sized H5 record,"(600, 0, 1)"
RM_003_FEMTO.h5,34823,metadata shape mismatch,"metadata=(2560.0,2.0); H5=(600, 0, 1)"
RM_003_FEMTO.h5,34824,zero-sized H5 record,"(600, 0, 1)"
RM_003_FEMTO.h5,34824,metadata shape mismatch,"metadata=(2560.0,2.0); H5=(600, 0, 1)"
RM_003_FEMTO.h5,34825,zero-sized H5 record,"(600, 0, 1)"
RM_003_FEMTO.h5,34825,metadata shape mismatch,"metadata=(2560.0,2.0); H5=(600, 0, 1)"
RM_003_FEMTO.h5,34826,zero-sized H5 record,"(600, 0, 1)"
RM_003_FEMTO.h5,34826,metadata shape mismatch,"metadata=(2560.0,2.0); H5=(600, 0, 1)"
RM_003_FEMTO.h5,34827,zero-sized H5 record,"(600, 0, 1)"
RM_003_FEMTO.h5,34827,metadata shape mismatch,"metadata=(2560.0,2.0); H5=(600, 0, 1)"
RM_003_FEMTO.h5,34828,zero-sized H5 record,"(600, 0, 1)"
RM_003_FEMTO.h5,34828,metadata shape mismatch,"metadata=(2560.0,2.0); H5=(600, 0, 1)"
RM_003_FEMTO.h5,34829,zero-sized H5 record,"(600, 0, 1)"
RM_003_FEMTO.h5,34829,metadata shape mismatch,"metadata=(2560.0,2.0); H5=(600, 0, 1)"
RM_003_FEMTO.h5,34830,zero-sized H5 record,"(600, 0, 1)"
RM_003_FEMTO.h5,34830,metadata shape mismatch,"metadata=(2560.0,2.0); H5=(600, 0, 1)"
RM_003_FEMTO.h5,34831,zero-sized H5 record,"(600, 0, 1)"
RM_003_FEMTO.h5,34831,metadata shape mismatch,"metadata=(2560.0,2.0); H5=(600, 0, 1)"
RM_003_FEMTO.h5,34832,zero-sized H5 record,"(600, 0, 1)"
RM_003_FEMTO.h5,34832,metadata shape mismatch,"metadata=(2560.0,2.0); H5=(600, 0, 1)"
RM_003_FEMTO.h5,34833,zero-sized H5 record,"(600, 0, 1)"
RM_003_FEMTO.h5,34833,metadata shape mismatch,"metadata=(2560.0,2.0); H5=(600, 0, 1)"
RM_003_FEMTO.h5,34834,zero-sized H5 record,"(600, 0, 1)"
RM_003_FEMTO.h5,34834,metadata shape mismatch,"metadata=(2560.0,2.0); H5=(600, 0, 1)"
RM_003_FEMTO.h5,34835,zero-sized H5 record,"(600, 0, 1)"
RM_003_FEMTO.h5,34835,metadata shape mismatch,"metadata=(2560.0,2.0); H5=(600, 0, 1)"
RM_003_FEMTO.h5,34836,zero-sized H5 record,"(600, 0, 1)"
RM_003_FEMTO.h5,34836,metadata shape mismatch,"metadata=(2560.0,2.0); H5=(600, 0, 1)"
RM_003_FEMTO.h5,34837,zero-sized H5 record,"(600, 0, 1)"
RM_003_FEMTO.h5,34837,metadata shape mismatch,"metadata=(2560.0,2.0); H5=(600, 0, 1)"
RM_003_FEMTO.h5,34838,zero-sized H5 record,"(600, 0, 1)"
RM_003_FEMTO.h5,34838,metadata shape mismatch,"metadata=(2560.0,2.0); H5=(600, 0, 1)"
RM_003_FEMTO.h5,34839,zero-sized H5 record,"(600, 0, 1)"
RM_003_FEMTO.h5,34839,metadata shape mismatch,"metadata=(2560.0,2.0); H5=(600, 0, 1)"
RM_003_FEMTO.h5,34840,zero-sized H5 record,"(600, 0, 1)"
RM_003_FEMTO.h5,34840,metadata shape mismatch,"metadata=(2560.0,2.0); H5=(600, 0, 1)"
RM_003_FEMTO.h5,34841,zero-sized H5 record,"(600, 0, 1)"
RM_003_FEMTO.h5,34841,metadata shape mismatch,"metadata=(2560.0,2.0); H5=(600, 0, 1)"
RM_003_FEMTO.h5,34842,zero-sized H5 record,"(600, 0, 1)"
RM_003_FEMTO.h5,34842,metadata shape mismatch,"metadata=(2560.0,2.0); H5=(600, 0, 1)"
RM_003_FEMTO.h5,34843,zero-sized H5 record,"(600, 0, 1)"
RM_003_FEMTO.h5,34843,metadata shape mismatch,"metadata=(2560.0,2.0); H5=(600, 0, 1)"
RM_003_FEMTO.h5,34844,zero-sized H5 record,"(600, 0, 1)"
RM_003_FEMTO.h5,34844,metadata shape mismatch,"metadata=(2560.0,2.0); H5=(600, 0, 1)"
RM_003_FEMTO.h5,34845,zero-sized H5 record,"(600, 0, 1)"
RM_003_FEMTO.h5,34845,metadata shape mismatch,"metadata=(2560.0,2.0); H5=(600, 0, 1)"
RM_003_FEMTO.h5,34846,zero-sized H5 record,"(600, 0, 1)"
RM_003_FEMTO.h5,34846,metadata shape mismatch,"metadata=(2560.0,2.0); H5=(600, 0, 1)"
RM_003_FEMTO.h5,34847,zero-sized H5 record,"(600, 0, 1)"
RM_003_FEMTO.h5,34847,metadata shape mismatch,"metadata=(2560.0,2.0); H5=(600, 0, 1)"
RM_003_FEMTO.h5,34848,zero-sized H5 record,"(600, 0, 1)"
RM_003_FEMTO.h5,34848,metadata shape mismatch,"metadata=(2560.0,2.0); H5=(600, 0, 1)"
RM_003_FEMTO.h5,34849,zero-sized H5 record,"(600, 0, 1)"
RM_003_FEMTO.h5,34849,metadata shape mismatch,"metadata=(2560.0,2.0); H5=(600, 0, 1)"
RM_003_FEMTO.h5,34850,zero-sized H5 record,"(600, 0, 1)"
RM_003_FEMTO.h5,34850,metadata shape mismatch,"metadata=(2560.0,2.0); H5=(600, 0, 1)"
RM_003_FEMTO.h5,34851,zero-sized H5 record,"(600, 0, 1)"
RM_003_FEMTO.h5,34851,metadata shape mismatch,"metadata=(2560.0,2.0); H5=(600, 0, 1)"
RM_003_FEMTO.h5,34852,zero-sized H5 record,"(600, 0, 1)"
RM_003_FEMTO.h5,34852,metadata shape mismatch,"metadata=(2560.0,2.0); H5=(600, 0, 1)"
RM_003_FEMTO.h5,34853,zero-sized H5 record,"(600, 0, 1)"
RM_003_FEMTO.h5,34853,metadata shape mismatch,"metadata=(2560.0,2.0); H5=(600, 0, 1)"
RM_003_FEMTO.h5,34854,zero-sized H5 record,"(600, 0, 1)"
RM_003_FEMTO.h5,34854,metadata shape mismatch,"metadata=(2560.0,2.0); H5=(600, 0, 1)"
RM_003_FEMTO.h5,34855,zero-sized H5 record,"(600, 0, 1)"
RM_003_FEMTO.h5,34855,metadata shape mismatch,"metadata=(2560.0,2.0); H5=(600, 0, 1)"
RM_003_FEMTO.h5,34856,zero-sized H5 record,"(600, 0, 1)"
RM_003_FEMTO.h5,34856,metadata shape mismatch,"metadata=(2560.0,2.0); H5=(600, 0, 1)"
RM_003_FEMTO.h5,34857,zero-sized H5 record,"(600, 0, 1)"
RM_003_FEMTO.h5,34857,metadata shape mismatch,"metadata=(2560.0,2.0); H5=(600, 0, 1)"
RM_003_FEMTO.h5,34858,zero-sized H5 record,"(600, 0, 1)"
RM_003_FEMTO.h5,34858,metadata shape mismatch,"metadata=(2560.0,2.0); H5=(600, 0, 1)"
RM_003_FEMTO.h5,34859,zero-sized H5 record,"(600, 0, 1)"
RM_003_FEMTO.h5,34859,metadata shape mismatch,"metadata=(2560.0,2.0); H5=(600, 0, 1)"
RM_003_FEMTO.h5,34860,zero-sized H5 record,"(600, 0, 1)"
RM_003_FEMTO.h5,34860,metadata shape mismatch,"metadata=(2560.0,2.0); H5=(600, 0, 1)"
RM_003_FEMTO.h5,34861,zero-sized H5 record,"(600, 0, 1)"
RM_003_FEMTO.h5,34861,metadata shape mismatch,"metadata=(2560.0,2.0); H5=(600, 0, 1)"
RM_003_FEMTO.h5,34862,zero-sized H5 record,"(600, 0, 1)"
RM_003_FEMTO.h5,34862,metadata shape mismatch,"metadata=(2560.0,2.0); H5=(600, 0, 1)"
RM_003_FEMTO.h5,34863,zero-sized H5 record,"(600, 0, 1)"
RM_003_FEMTO.h5,34863,metadata shape mismatch,"metadata=(2560.0,2.0); H5=(600, 0, 1)"
RM_003_FEMTO.h5,34864,zero-sized H5 record,"(600, 0, 1)"
RM_003_FEMTO.h5,34864,metadata shape mismatch,"metadata=(2560.0,2.0); H5=(600, 0, 1)"
RM_003_FEMTO.h5,34865,zero-sized H5 record,"(600, 0, 1)"
RM_003_FEMTO.h5,34865,metadata shape mismatch,"metadata=(2560.0,2.0); H5=(600, 0, 1)"
RM_003_FEMTO.h5,34866,zero-sized H5 record,"(600, 0, 1)"
RM_003_FEMTO.h5,34866,metadata shape mismatch,"metadata=(2560.0,2.0); H5=(600, 0, 1)"
RM_003_FEMTO.h5,34867,zero-sized H5 record,"(600, 0, 1)"
RM_003_FEMTO.h5,34867,metadata shape mismatch,"metadata=(2560.0,2.0); H5=(600, 0, 1)"
RM_003_FEMTO.h5,34868,zero-sized H5 record,"(600, 0, 1)"
RM_003_FEMTO.h5,34868,metadata shape mismatch,"metadata=(2560.0,2.0); H5=(600, 0, 1)"
RM_003_FEMTO.h5,34869,zero-sized H5 record,"(600, 0, 1)"
RM_003_FEMTO.h5,34869,metadata shape mismatch,"metadata=(2560.0,2.0); H5=(600, 0, 1)"
RM_003_FEMTO.h5,34870,zero-sized H5 record,"(600, 0, 1)"
RM_003_FEMTO.h5,34870,metadata shape mismatch,"metadata=(2560.0,2.0); H5=(600, 0, 1)"
RM_003_FEMTO.h5,34871,zero-sized H5 record,"(600, 0, 1)"
RM_003_FEMTO.h5,34871,metadata shape mismatch,"metadata=(2560.0,2.0); H5=(600, 0, 1)"
RM_003_FEMTO.h5,34872,zero-sized H5 record,"(600, 0, 1)"
RM_003_FEMTO.h5,34872,metadata shape mismatch,"metadata=(2560.0,2.0); H5=(600, 0, 1)"
RM_003_FEMTO.h5,34873,zero-sized H5 record,"(600, 0, 1)"
RM_003_FEMTO.h5,34873,metadata shape mismatch,"metadata=(2560.0,2.0); H5=(600, 0, 1)"
RM_003_FEMTO.h5,34874,zero-sized H5 record,"(600, 0, 1)"
RM_003_FEMTO.h5,34874,metadata shape mismatch,"metadata=(2560.0,2.0); H5=(600, 0, 1)"
RM_003_FEMTO.h5,34875,zero-sized H5 record,"(600, 0, 1)"
RM_003_FEMTO.h5,34875,metadata shape mismatch,"metadata=(2560.0,2.0); H5=(600, 0, 1)"
RM_003_FEMTO.h5,34876,zero-sized H5 record,"(600, 0, 1)"
RM_003_FEMTO.h5,34876,metadata shape mismatch,"metadata=(2560.0,2.0); H5=(600, 0, 1)"
RM_003_FEMTO.h5,34877,zero-sized H5 record,"(600, 0, 1)"
RM_003_FEMTO.h5,34877,metadata shape mismatch,"metadata=(2560.0,2.0); H5=(600, 0, 1)"
RM_003_FEMTO.h5,34878,zero-sized H5 record,"(600, 0, 1)"
RM_003_FEMTO.h5,34878,metadata shape mismatch,"metadata=(2560.0,2.0); H5=(600, 0, 1)"
RM_003_FEMTO.h5,34879,zero-sized H5 record,"(600, 0, 1)"
RM_003_FEMTO.h5,34879,metadata shape mismatch,"metadata=(2560.0,2.0); H5=(600, 0, 1)"
RM_003_FEMTO.h5,34880,zero-sized H5 record,"(600, 0, 1)"
RM_003_FEMTO.h5,34880,metadata shape mismatch,"metadata=(2560.0,2.0); H5=(600, 0, 1)"
RM_003_FEMTO.h5,34881,zero-sized H5 record,"(600, 0, 1)"
RM_003_FEMTO.h5,34881,metadata shape mismatch,"metadata=(2560.0,2.0); H5=(600, 0, 1)"
RM_003_FEMTO.h5,34882,zero-sized H5 record,"(600, 0, 1)"
RM_003_FEMTO.h5,34882,metadata shape mismatch,"metadata=(2560.0,2.0); H5=(600, 0, 1)"
RM_003_FEMTO.h5,34883,zero-sized H5 record,"(600, 0, 1)"
RM_003_FEMTO.h5,34883,metadata shape mismatch,"metadata=(2560.0,2.0); H5=(600, 0, 1)"
RM_003_FEMTO.h5,34884,zero-sized H5 record,"(600, 0, 1)"
RM_003_FEMTO.h5,34884,metadata shape mismatch,"metadata=(2560.0,2.0); H5=(600, 0, 1)"
RM_003_FEMTO.h5,34885,zero-sized H5 record,"(600, 0, 1)"
RM_003_FEMTO.h5,34885,metadata shape mismatch,"metadata=(2560.0,2.0); H5=(600, 0, 1)"
RM_003_FEMTO.h5,34886,zero-sized H5 record,"(600, 0, 1)"
RM_003_FEMTO.h5,34886,metadata shape mismatch,"metadata=(2560.0,2.0); H5=(600, 0, 1)"
RM_003_FEMTO.h5,34887,zero-sized H5 record,"(600, 0, 1)"
RM_003_FEMTO.h5,34887,metadata shape mismatch,"metadata=(2560.0,2.0); H5=(600, 0, 1)"
RM_003_FEMTO.h5,34888,zero-sized H5 record,"(600, 0, 1)"
RM_003_FEMTO.h5,34888,metadata shape mismatch,"metadata=(2560.0,2.0); H5=(600, 0, 1)"
RM_003_FEMTO.h5,34889,zero-sized H5 record,"(600, 0, 1)"
RM_003_FEMTO.h5,34889,metadata shape mismatch,"metadata=(2560.0,2.0); H5=(600, 0, 1)"
RM_003_FEMTO.h5,34890,zero-sized H5 record,"(600, 0, 1)"
RM_003_FEMTO.h5,34890,metadata shape mismatch,"metadata=(2560.0,2.0); H5=(600, 0, 1)"
RM_003_FEMTO.h5,34891,zero-sized H5 record,"(600, 0, 1)"
RM_003_FEMTO.h5,34891,metadata shape mismatch,"metadata=(2560.0,2.0); H5=(600, 0, 1)"
RM_003_FEMTO.h5,34892,zero-sized H5 record,"(600, 0, 1)"
RM_003_FEMTO.h5,34892,metadata shape mismatch,"metadata=(2560.0,2.0); H5=(600, 0, 1)"
RM_003_FEMTO.h5,34893,zero-sized H5 record,"(600, 0, 1)"
RM_003_FEMTO.h5,34893,metadata shape mismatch,"metadata=(2560.0,2.0); H5=(600, 0, 1)"
RM_003_FEMTO.h5,34894,zero-sized H5 record,"(600, 0, 1)"
RM_003_FEMTO.h5,34894,metadata shape mismatch,"metadata=(2560.0,2.0); H5=(600, 0, 1)"
RM_003_FEMTO.h5,34895,zero-sized H5 record,"(600, 0, 1)"
RM_003_FEMTO.h5,34895,metadata shape mismatch,"metadata=(2560.0,2.0); H5=(600, 0, 1)"
RM_003_FEMTO.h5,34896,zero-sized H5 record,"(600, 0, 1)"
RM_003_FEMTO.h5,34896,metadata shape mismatch,"metadata=(2560.0,2.0); H5=(600, 0, 1)"
RM_003_FEMTO.h5,34897,zero-sized H5 record,"(600, 0, 1)"
RM_003_FEMTO.h5,34897,metadata shape mismatch,"metadata=(2560.0,2.0); H5=(600, 0, 1)"
RM_003_FEMTO.h5,34898,zero-sized H5 record,"(600, 0, 1)"
RM_003_FEMTO.h5,34898,metadata shape mismatch,"metadata=(2560.0,2.0); H5=(600, 0, 1)"
RM_003_FEMTO.h5,34899,zero-sized H5 record,"(600, 0, 1)"
RM_003_FEMTO.h5,34899,metadata shape mismatch,"metadata=(2560.0,2.0); H5=(600, 0, 1)"
RM_003_FEMTO.h5,34900,zero-sized H5 record,"(600, 0, 1)"
RM_003_FEMTO.h5,34900,metadata shape mismatch,"metadata=(2560.0,2.0); H5=(600, 0, 1)"
RM_003_FEMTO.h5,34901,zero-sized H5 record,"(600, 0, 1)"
RM_003_FEMTO.h5,34901,metadata shape mismatch,"metadata=(2560.0,2.0); H5=(600, 0, 1)"
RM_003_FEMTO.h5,34902,zero-sized H5 record,"(600, 0, 1)"
RM_003_FEMTO.h5,34902,metadata shape mismatch,"metadata=(2560.0,2.0); H5=(600, 0, 1)"
RM_003_FEMTO.h5,34903,zero-sized H5 record,"(600, 0, 1)"
RM_003_FEMTO.h5,34903,metadata shape mismatch,"metadata=(2560.0,2.0); H5=(600, 0, 1)"
RM_003_FEMTO.h5,34904,zero-sized H5 record,"(600, 0, 1)"
RM_003_FEMTO.h5,34904,metadata shape mismatch,"metadata=(2560.0,2.0); H5=(600, 0, 1)"
RM_003_FEMTO.h5,34905,zero-sized H5 record,"(600, 0, 1)"
RM_003_FEMTO.h5,34905,metadata shape mismatch,"metadata=(2560.0,2.0); H5=(600, 0, 1)"
RM_003_FEMTO.h5,34906,zero-sized H5 record,"(600, 0, 1)"
RM_003_FEMTO.h5,34906,metadata shape mismatch,"metadata=(2560.0,2.0); H5=(600, 0, 1)"
RM_003_FEMTO.h5,34907,zero-sized H5 record,"(600, 0, 1)"
RM_003_FEMTO.h5,34907,metadata shape mismatch,"metadata=(2560.0,2.0); H5=(600, 0, 1)"
RM_003_FEMTO.h5,34908,zero-sized H5 record,"(600, 0, 1)"
RM_003_FEMTO.h5,34908,metadata shape mismatch,"metadata=(2560.0,2.0); H5=(600, 0, 1)"
RM_003_FEMTO.h5,34909,zero-sized H5 record,"(600, 0, 1)"
RM_003_FEMTO.h5,34909,metadata shape mismatch,"metadata=(2560.0,2.0); H5=(600, 0, 1)"
RM_003_FEMTO.h5,34910,zero-sized H5 record,"(600, 0, 1)"
RM_003_FEMTO.h5,34910,metadata shape mismatch,"metadata=(2560.0,2.0); H5=(600, 0, 1)"
RM_003_FEMTO.h5,34911,zero-sized H5 record,"(600, 0, 1)"
RM_003_FEMTO.h5,34911,metadata shape mismatch,"metadata=(2560.0,2.0); H5=(600, 0, 1)"
RM_003_FEMTO.h5,34912,zero-sized H5 record,"(600, 0, 1)"
RM_003_FEMTO.h5,34912,metadata shape mismatch,"metadata=(2560.0,2.0); H5=(600, 0, 1)"
RM_003_FEMTO.h5,34913,zero-sized H5 record,"(600, 0, 1)"
RM_003_FEMTO.h5,34913,metadata shape mismatch,"metadata=(2560.0,2.0); H5=(600, 0, 1)"
RM_003_FEMTO.h5,34914,zero-sized H5 record,"(600, 0, 1)"
RM_003_FEMTO.h5,34914,metadata shape mismatch,"metadata=(2560.0,2.0); H5=(600, 0, 1)"
RM_003_FEMTO.h5,34915,zero-sized H5 record,"(600, 0, 1)"
RM_003_FEMTO.h5,34915,metadata shape mismatch,"metadata=(2560.0,2.0); H5=(600, 0, 1)"
RM_003_FEMTO.h5,34916,zero-sized H5 record,"(600, 0, 1)"
RM_003_FEMTO.h5,34916,metadata shape mismatch,"metadata=(2560.0,2.0); H5=(600, 0, 1)"
RM_003_FEMTO.h5,34917,zero-sized H5 record,"(600, 0, 1)"
RM_003_FEMTO.h5,34917,metadata shape mismatch,"metadata=(2560.0,2.0); H5=(600, 0, 1)"
RM_003_FEMTO.h5,34918,zero-sized H5 record,"(600, 0, 1)"
RM_003_FEMTO.h5,34918,metadata shape mismatch,"metadata=(2560.0,2.0); H5=(600, 0, 1)"
RM_003_FEMTO.h5,34919,zero-sized H5 record,"(600, 0, 1)"
RM_003_FEMTO.h5,34919,metadata shape mismatch,"metadata=(2560.0,2.0); H5=(600, 0, 1)"
RM_003_FEMTO.h5,34920,zero-sized H5 record,"(600, 0, 1)"
RM_003_FEMTO.h5,34920,metadata shape mismatch,"metadata=(2560.0,2.0); H5=(600, 0, 1)"
RM_003_FEMTO.h5,34921,zero-sized H5 record,"(600, 0, 1)"
RM_003_FEMTO.h5,34921,metadata shape mismatch,"metadata=(2560.0,2.0); H5=(600, 0, 1)"
RM_003_FEMTO.h5,34922,zero-sized H5 record,"(600, 0, 1)"
RM_003_FEMTO.h5,34922,metadata shape mismatch,"metadata=(2560.0,2.0); H5=(600, 0, 1)"
RM_003_FEMTO.h5,34923,zero-sized H5 record,"(600, 0, 1)"
RM_003_FEMTO.h5,34923,metadata shape mismatch,"metadata=(2560.0,2.0); H5=(600, 0, 1)"
RM_003_FEMTO.h5,34924,zero-sized H5 record,"(600, 0, 1)"
RM_003_FEMTO.h5,34924,metadata shape mismatch,"metadata=(2560.0,2.0); H5=(600, 0, 1)"
RM_003_FEMTO.h5,34925,zero-sized H5 record,"(600, 0, 1)"
RM_003_FEMTO.h5,34925,metadata shape mismatch,"metadata=(2560.0,2.0); H5=(600, 0, 1)"
RM_003_FEMTO.h5,34926,zero-sized H5 record,"(600, 0, 1)"
RM_003_FEMTO.h5,34926,metadata shape mismatch,"metadata=(2560.0,2.0); H5=(600, 0, 1)"
RM_003_FEMTO.h5,34927,zero-sized H5 record,"(600, 0, 1)"
RM_003_FEMTO.h5,34927,metadata shape mismatch,"metadata=(2560.0,2.0); H5=(600, 0, 1)"
RM_003_FEMTO.h5,34928,zero-sized H5 record,"(600, 0, 1)"
RM_003_FEMTO.h5,34928,metadata shape mismatch,"metadata=(2560.0,2.0); H5=(600, 0, 1)"
RM_003_FEMTO.h5,34929,zero-sized H5 record,"(600, 0, 1)"
RM_003_FEMTO.h5,34929,metadata shape mismatch,"metadata=(2560.0,2.0); H5=(600, 0, 1)"
RM_003_FEMTO.h5,34930,zero-sized H5 record,"(600, 0, 1)"
RM_003_FEMTO.h5,34930,metadata shape mismatch,"metadata=(2560.0,2.0); H5=(600, 0, 1)"
RM_003_FEMTO.h5,34931,zero-sized H5 record,"(600, 0, 1)"
RM_003_FEMTO.h5,34931,metadata shape mismatch,"metadata=(2560.0,2.0); H5=(600, 0, 1)"
RM_003_FEMTO.h5,34932,zero-sized H5 record,"(600, 0, 1)"
RM_003_FEMTO.h5,34932,metadata shape mismatch,"metadata=(2560.0,2.0); H5=(600, 0, 1)"
RM_003_FEMTO.h5,34933,zero-sized H5 record,"(600, 0, 1)"
RM_003_FEMTO.h5,34933,metadata shape mismatch,"metadata=(2560.0,2.0); H5=(600, 0, 1)"
RM_003_FEMTO.h5,34934,zero-sized H5 record,"(587, 0, 1)"
RM_003_FEMTO.h5,34934,metadata shape mismatch,"metadata=(2560.0,2.0); H5=(587, 0, 1)"
RM_003_FEMTO.h5,35636,zero-sized H5 record,"(600, 0, 1)"
RM_003_FEMTO.h5,35636,metadata shape mismatch,"metadata=(2560.0,2.0); H5=(600, 0, 1)"
RM_003_FEMTO.h5,35637,zero-sized H5 record,"(600, 0, 1)"
RM_003_FEMTO.h5,35637,metadata shape mismatch,"metadata=(2560.0,2.0); H5=(600, 0, 1)"
RM_003_FEMTO.h5,35638,zero-sized H5 record,"(600, 0, 1)"
RM_003_FEMTO.h5,35638,metadata shape mismatch,"metadata=(2560.0,2.0); H5=(600, 0, 1)"
RM_003_FEMTO.h5,35639,zero-sized H5 record,"(600, 0, 1)"
RM_003_FEMTO.h5,35639,metadata shape mismatch,"metadata=(2560.0,2.0); H5=(600, 0, 1)"
RM_003_FEMTO.h5,35640,zero-sized H5 record,"(600, 0, 1)"
RM_003_FEMTO.h5,35640,metadata shape mismatch,"metadata=(2560.0,2.0); H5=(600, 0, 1)"
RM_003_FEMTO.h5,35641,zero-sized H5 record,"(600, 0, 1)"
RM_003_FEMTO.h5,35641,metadata shape mismatch,"metadata=(2560.0,2.0); H5=(600, 0, 1)"
RM_003_FEMTO.h5,35642,zero-sized H5 record,"(600, 0, 1)"
RM_003_FEMTO.h5,35642,metadata shape mismatch,"metadata=(2560.0,2.0); H5=(600, 0, 1)"
RM_003_FEMTO.h5,35643,zero-sized H5 record,"(600, 0, 1)"
RM_003_FEMTO.h5,35643,metadata shape mismatch,"metadata=(2560.0,2.0); H5=(600, 0, 1)"
RM_003_FEMTO.h5,35644,zero-sized H5 record,"(600, 0, 1)"
RM_003_FEMTO.h5,35644,metadata shape mismatch,"metadata=(2560.0,2.0); H5=(600, 0, 1)"
RM_003_FEMTO.h5,35645,zero-sized H5 record,"(600, 0, 1)"
RM_003_FEMTO.h5,35645,metadata shape mismatch,"metadata=(2560.0,2.0); H5=(600, 0, 1)"
RM_003_FEMTO.h5,35646,zero-sized H5 record,"(600, 0, 1)"
RM_003_FEMTO.h5,35646,metadata shape mismatch,"metadata=(2560.0,2.0); H5=(600, 0, 1)"
RM_003_FEMTO.h5,35647,zero-sized H5 record,"(600, 0, 1)"
RM_003_FEMTO.h5,35647,metadata shape mismatch,"metadata=(2560.0,2.0); H5=(600, 0, 1)"
RM_003_FEMTO.h5,35648,zero-sized H5 record,"(600, 0, 1)"
RM_003_FEMTO.h5,35648,metadata shape mismatch,"metadata=(2560.0,2.0); H5=(600, 0, 1)"
RM_003_FEMTO.h5,35649,zero-sized H5 record,"(600, 0, 1)"
RM_003_FEMTO.h5,35649,metadata shape mismatch,"metadata=(2560.0,2.0); H5=(600, 0, 1)"
RM_003_FEMTO.h5,35650,zero-sized H5 record,"(600, 0, 1)"
RM_003_FEMTO.h5,35650,metadata shape mismatch,"metadata=(2560.0,2.0); H5=(600, 0, 1)"
RM_003_FEMTO.h5,35651,zero-sized H5 record,"(600, 0, 1)"
RM_003_FEMTO.h5,35651,metadata shape mismatch,"metadata=(2560.0,2.0); H5=(600, 0, 1)"
RM_003_FEMTO.h5,35652,zero-sized H5 record,"(600, 0, 1)"
RM_003_FEMTO.h5,35652,metadata shape mismatch,"metadata=(2560.0,2.0); H5=(600, 0, 1)"
RM_003_FEMTO.h5,35653,zero-sized H5 record,"(600, 0, 1)"
RM_003_FEMTO.h5,35653,metadata shape mismatch,"metadata=(2560.0,2.0); H5=(600, 0, 1)"
RM_003_FEMTO.h5,35654,zero-sized H5 record,"(600, 0, 1)"
RM_003_FEMTO.h5,35654,metadata shape mismatch,"metadata=(2560.0,2.0); H5=(600, 0, 1)"
RM_003_FEMTO.h5,35655,zero-sized H5 record,"(600, 0, 1)"
RM_003_FEMTO.h5,35655,metadata shape mismatch,"metadata=(2560.0,2.0); H5=(600, 0, 1)"
RM_003_FEMTO.h5,35656,zero-sized H5 record,"(600, 0, 1)"
RM_003_FEMTO.h5,35656,metadata shape mismatch,"metadata=(2560.0,2.0); H5=(600, 0, 1)"
RM_003_FEMTO.h5,35657,zero-sized H5 record,"(600, 0, 1)"
RM_003_FEMTO.h5,35657,metadata shape mismatch,"metadata=(2560.0,2.0); H5=(600, 0, 1)"
RM_003_FEMTO.h5,35658,zero-sized H5 record,"(600, 0, 1)"
RM_003_FEMTO.h5,35658,metadata shape mismatch,"metadata=(2560.0,2.0); H5=(600, 0, 1)"
RM_003_FEMTO.h5,35659,zero-sized H5 record,"(600, 0, 1)"
RM_003_FEMTO.h5,35659,metadata shape mismatch,"metadata=(2560.0,2.0); H5=(600, 0, 1)"
RM_003_FEMTO.h5,35660,zero-sized H5 record,"(600, 0, 1)"
RM_003_FEMTO.h5,35660,metadata shape mismatch,"metadata=(2560.0,2.0); H5=(600, 0, 1)"
RM_003_FEMTO.h5,35661,zero-sized H5 record,"(600, 0, 1)"
RM_003_FEMTO.h5,35661,metadata shape mismatch,"metadata=(2560.0,2.0); H5=(600, 0, 1)"
RM_003_FEMTO.h5,35662,zero-sized H5 record,"(600, 0, 1)"
RM_003_FEMTO.h5,35662,metadata shape mismatch,"metadata=(2560.0,2.0); H5=(600, 0, 1)"
RM_003_FEMTO.h5,35663,zero-sized H5 record,"(600, 0, 1)"
RM_003_FEMTO.h5,35663,metadata shape mismatch,"metadata=(2560.0,2.0); H5=(600, 0, 1)"
RM_003_FEMTO.h5,35664,zero-sized H5 record,"(600, 0, 1)"
RM_003_FEMTO.h5,35664,metadata shape mismatch,"metadata=(2560.0,2.0); H5=(600, 0, 1)"
RM_003_FEMTO.h5,35665,zero-sized H5 record,"(600, 0, 1)"
RM_003_FEMTO.h5,35665,metadata shape mismatch,"metadata=(2560.0,2.0); H5=(600, 0, 1)"
RM_003_FEMTO.h5,35666,zero-sized H5 record,"(600, 0, 1)"
RM_003_FEMTO.h5,35666,metadata shape mismatch,"metadata=(2560.0,2.0); H5=(600, 0, 1)"
RM_003_FEMTO.h5,35667,zero-sized H5 record,"(600, 0, 1)"
RM_003_FEMTO.h5,35667,metadata shape mismatch,"metadata=(2560.0,2.0); H5=(600, 0, 1)"
RM_003_FEMTO.h5,35668,zero-sized H5 record,"(600, 0, 1)"
RM_003_FEMTO.h5,35668,metadata shape mismatch,"metadata=(2560.0,2.0); H5=(600, 0, 1)"
RM_003_FEMTO.h5,35669,zero-sized H5 record,"(600, 0, 1)"
RM_003_FEMTO.h5,35669,metadata shape mismatch,"metadata=(2560.0,2.0); H5=(600, 0, 1)"
RM_003_FEMTO.h5,35670,zero-sized H5 record,"(600, 0, 1)"
RM_003_FEMTO.h5,35670,metadata shape mismatch,"metadata=(2560.0,2.0); H5=(600, 0, 1)"
RM_003_FEMTO.h5,35671,zero-sized H5 record,"(600, 0, 1)"
RM_003_FEMTO.h5,35671,metadata shape mismatch,"metadata=(2560.0,2.0); H5=(600, 0, 1)"
RM_003_FEMTO.h5,35672,zero-sized H5 record,"(600, 0, 1)"
RM_003_FEMTO.h5,35672,metadata shape mismatch,"metadata=(2560.0,2.0); H5=(600, 0, 1)"
RM_003_FEMTO.h5,35673,zero-sized H5 record,"(600, 0, 1)"
RM_003_FEMTO.h5,35673,metadata shape mismatch,"metadata=(2560.0,2.0); H5=(600, 0, 1)"
RM_003_FEMTO.h5,35674,zero-sized H5 record,"(600, 0, 1)"
RM_003_FEMTO.h5,35674,metadata shape mismatch,"metadata=(2560.0,2.0); H5=(600, 0, 1)"
RM_003_FEMTO.h5,35675,zero-sized H5 record,"(600, 0, 1)"
RM_003_FEMTO.h5,35675,metadata shape mismatch,"metadata=(2560.0,2.0); H5=(600, 0, 1)"
RM_003_FEMTO.h5,35676,zero-sized H5 record,"(600, 0, 1)"
RM_003_FEMTO.h5,35676,metadata shape mismatch,"metadata=(2560.0,2.0); H5=(600, 0, 1)"
RM_003_FEMTO.h5,35677,zero-sized H5 record,"(600, 0, 1)"
RM_003_FEMTO.h5,35677,metadata shape mismatch,"metadata=(2560.0,2.0); H5=(600, 0, 1)"
RM_003_FEMTO.h5,35678,zero-sized H5 record,"(600, 0, 1)"
RM_003_FEMTO.h5,35678,metadata shape mismatch,"metadata=(2560.0,2.0); H5=(600, 0, 1)"
RM_003_FEMTO.h5,35679,zero-sized H5 record,"(600, 0, 1)"
RM_003_FEMTO.h5,35679,metadata shape mismatch,"metadata=(2560.0,2.0); H5=(600, 0, 1)"
RM_003_FEMTO.h5,35680,zero-sized H5 record,"(600, 0, 1)"
RM_003_FEMTO.h5,35680,metadata shape mismatch,"metadata=(2560.0,2.0); H5=(600, 0, 1)"
RM_003_FEMTO.h5,35681,zero-sized H5 record,"(600, 0, 1)"
RM_003_FEMTO.h5,35681,metadata shape mismatch,"metadata=(2560.0,2.0); H5=(600, 0, 1)"
RM_003_FEMTO.h5,35682,zero-sized H5 record,"(600, 0, 1)"
RM_003_FEMTO.h5,35682,metadata shape mismatch,"metadata=(2560.0,2.0); H5=(600, 0, 1)"
RM_003_FEMTO.h5,35683,zero-sized H5 record,"(600, 0, 1)"
RM_003_FEMTO.h5,35683,metadata shape mismatch,"metadata=(2560.0,2.0); H5=(600, 0, 1)"
RM_003_FEMTO.h5,35684,zero-sized H5 record,"(600, 0, 1)"
RM_003_FEMTO.h5,35684,metadata shape mismatch,"metadata=(2560.0,2.0); H5=(600, 0, 1)"
RM_003_FEMTO.h5,35685,zero-sized H5 record,"(600, 0, 1)"
RM_003_FEMTO.h5,35685,metadata shape mismatch,"metadata=(2560.0,2.0); H5=(600, 0, 1)"
RM_003_FEMTO.h5,35686,zero-sized H5 record,"(600, 0, 1)"
RM_003_FEMTO.h5,35686,metadata shape mismatch,"metadata=(2560.0,2.0); H5=(600, 0, 1)"
RM_003_FEMTO.h5,35687,zero-sized H5 record,"(600, 0, 1)"
RM_003_FEMTO.h5,35687,metadata shape mismatch,"metadata=(2560.0,2.0); H5=(600, 0, 1)"
RM_003_FEMTO.h5,35688,zero-sized H5 record,"(600, 0, 1)"
RM_003_FEMTO.h5,35688,metadata shape mismatch,"metadata=(2560.0,2.0); H5=(600, 0, 1)"
RM_003_FEMTO.h5,35689,zero-sized H5 record,"(600, 0, 1)"
RM_003_FEMTO.h5,35689,metadata shape mismatch,"metadata=(2560.0,2.0); H5=(600, 0, 1)"
RM_003_FEMTO.h5,35690,zero-sized H5 record,"(600, 0, 1)"
RM_003_FEMTO.h5,35690,metadata shape mismatch,"metadata=(2560.0,2.0); H5=(600, 0, 1)"
RM_003_FEMTO.h5,35691,zero-sized H5 record,"(600, 0, 1)"
RM_003_FEMTO.h5,35691,metadata shape mismatch,"metadata=(2560.0,2.0); H5=(600, 0, 1)"
RM_003_FEMTO.h5,35692,zero-sized H5 record,"(600, 0, 1)"
RM_003_FEMTO.h5,35692,metadata shape mismatch,"metadata=(2560.0,2.0); H5=(600, 0, 1)"
RM_003_FEMTO.h5,35693,zero-sized H5 record,"(600, 0, 1)"
RM_003_FEMTO.h5,35693,metadata shape mismatch,"metadata=(2560.0,2.0); H5=(600, 0, 1)"
RM_003_FEMTO.h5,35694,zero-sized H5 record,"(600, 0, 1)"
RM_003_FEMTO.h5,35694,metadata shape mismatch,"metadata=(2560.0,2.0); H5=(600, 0, 1)"
RM_003_FEMTO.h5,35695,zero-sized H5 record,"(600, 0, 1)"
RM_003_FEMTO.h5,35695,metadata shape mismatch,"metadata=(2560.0,2.0); H5=(600, 0, 1)"
RM_003_FEMTO.h5,35696,zero-sized H5 record,"(600, 0, 1)"
RM_003_FEMTO.h5,35696,metadata shape mismatch,"metadata=(2560.0,2.0); H5=(600, 0, 1)"
RM_003_FEMTO.h5,35697,zero-sized H5 record,"(600, 0, 1)"
RM_003_FEMTO.h5,35697,metadata shape mismatch,"metadata=(2560.0,2.0); H5=(600, 0, 1)"
RM_003_FEMTO.h5,35698,zero-sized H5 record,"(600, 0, 1)"
RM_003_FEMTO.h5,35698,metadata shape mismatch,"metadata=(2560.0,2.0); H5=(600, 0, 1)"
RM_003_FEMTO.h5,35699,zero-sized H5 record,"(600, 0, 1)"
RM_003_FEMTO.h5,35699,metadata shape mismatch,"metadata=(2560.0,2.0); H5=(600, 0, 1)"
RM_003_FEMTO.h5,35700,zero-sized H5 record,"(600, 0, 1)"
RM_003_FEMTO.h5,35700,metadata shape mismatch,"metadata=(2560.0,2.0); H5=(600, 0, 1)"
RM_003_FEMTO.h5,35701,zero-sized H5 record,"(600, 0, 1)"
RM_003_FEMTO.h5,35701,metadata shape mismatch,"metadata=(2560.0,2.0); H5=(600, 0, 1)"
RM_003_FEMTO.h5,35702,zero-sized H5 record,"(600, 0, 1)"
RM_003_FEMTO.h5,35702,metadata shape mismatch,"metadata=(2560.0,2.0); H5=(600, 0, 1)"
RM_003_FEMTO.h5,35703,zero-sized H5 record,"(600, 0, 1)"
RM_003_FEMTO.h5,35703,metadata shape mismatch,"metadata=(2560.0,2.0); H5=(600, 0, 1)"
RM_003_FEMTO.h5,35704,zero-sized H5 record,"(600, 0, 1)"
RM_003_FEMTO.h5,35704,metadata shape mismatch,"metadata=(2560.0,2.0); H5=(600, 0, 1)"
RM_003_FEMTO.h5,35705,zero-sized H5 record,"(600, 0, 1)"
RM_003_FEMTO.h5,35705,metadata shape mismatch,"metadata=(2560.0,2.0); H5=(600, 0, 1)"
RM_003_FEMTO.h5,35706,zero-sized H5 record,"(600, 0, 1)"
RM_003_FEMTO.h5,35706,metadata shape mismatch,"metadata=(2560.0,2.0); H5=(600, 0, 1)"
RM_003_FEMTO.h5,35707,zero-sized H5 record,"(600, 0, 1)"
RM_003_FEMTO.h5,35707,metadata shape mismatch,"metadata=(2560.0,2.0); H5=(600, 0, 1)"
RM_003_FEMTO.h5,35708,zero-sized H5 record,"(600, 0, 1)"
RM_003_FEMTO.h5,35708,metadata shape mismatch,"metadata=(2560.0,2.0); H5=(600, 0, 1)"
RM_003_FEMTO.h5,35709,zero-sized H5 record,"(600, 0, 1)"
RM_003_FEMTO.h5,35709,metadata shape mismatch,"metadata=(2560.0,2.0); H5=(600, 0, 1)"
RM_003_FEMTO.h5,35710,zero-sized H5 record,"(600, 0, 1)"
RM_003_FEMTO.h5,35710,metadata shape mismatch,"metadata=(2560.0,2.0); H5=(600, 0, 1)"
RM_003_FEMTO.h5,35711,zero-sized H5 record,"(600, 0, 1)"
RM_003_FEMTO.h5,35711,metadata shape mismatch,"metadata=(2560.0,2.0); H5=(600, 0, 1)"
RM_003_FEMTO.h5,35712,zero-sized H5 record,"(600, 0, 1)"
RM_003_FEMTO.h5,35712,metadata shape mismatch,"metadata=(2560.0,2.0); H5=(600, 0, 1)"
RM_003_FEMTO.h5,35713,zero-sized H5 record,"(600, 0, 1)"
RM_003_FEMTO.h5,35713,metadata shape mismatch,"metadata=(2560.0,2.0); H5=(600, 0, 1)"
RM_003_FEMTO.h5,35714,zero-sized H5 record,"(600, 0, 1)"
RM_003_FEMTO.h5,35714,metadata shape mismatch,"metadata=(2560.0,2.0); H5=(600, 0, 1)"
RM_003_FEMTO.h5,35715,zero-sized H5 record,"(600, 0, 1)"
RM_003_FEMTO.h5,35715,metadata shape mismatch,"metadata=(2560.0,2.0); H5=(600, 0, 1)"
RM_003_FEMTO.h5,35716,zero-sized H5 record,"(600, 0, 1)"
RM_003_FEMTO.h5,35716,metadata shape mismatch,"metadata=(2560.0,2.0); H5=(600, 0, 1)"
RM_003_FEMTO.h5,35717,zero-sized H5 record,"(600, 0, 1)"
RM_003_FEMTO.h5,35717,metadata shape mismatch,"metadata=(2560.0,2.0); H5=(600, 0, 1)"
RM_003_FEMTO.h5,35718,zero-sized H5 record,"(600, 0, 1)"
RM_003_FEMTO.h5,35718,metadata shape mismatch,"metadata=(2560.0,2.0); H5=(600, 0, 1)"
RM_003_FEMTO.h5,35719,zero-sized H5 record,"(600, 0, 1)"
RM_003_FEMTO.h5,35719,metadata shape mismatch,"metadata=(2560.0,2.0); H5=(600, 0, 1)"
RM_003_FEMTO.h5,35720,zero-sized H5 record,"(600, 0, 1)"
RM_003_FEMTO.h5,35720,metadata shape mismatch,"metadata=(2560.0,2.0); H5=(600, 0, 1)"
RM_003_FEMTO.h5,35721,zero-sized H5 record,"(600, 0, 1)"
RM_003_FEMTO.h5,35721,metadata shape mismatch,"metadata=(2560.0,2.0); H5=(600, 0, 1)"
RM_003_FEMTO.h5,35722,zero-sized H5 record,"(600, 0, 1)"
RM_003_FEMTO.h5,35722,metadata shape mismatch,"metadata=(2560.0,2.0); H5=(600, 0, 1)"
RM_003_FEMTO.h5,35723,zero-sized H5 record,"(600, 0, 1)"
RM_003_FEMTO.h5,35723,metadata shape mismatch,"metadata=(2560.0,2.0); H5=(600, 0, 1)"
RM_003_FEMTO.h5,35724,zero-sized H5 record,"(600, 0, 1)"
RM_003_FEMTO.h5,35724,metadata shape mismatch,"metadata=(2560.0,2.0); H5=(600, 0, 1)"
RM_003_FEMTO.h5,35725,zero-sized H5 record,"(600, 0, 1)"
RM_003_FEMTO.h5,35725,metadata shape mismatch,"metadata=(2560.0,2.0); H5=(600, 0, 1)"
RM_003_FEMTO.h5,35726,zero-sized H5 record,"(600, 0, 1)"
RM_003_FEMTO.h5,35726,metadata shape mismatch,"metadata=(2560.0,2.0); H5=(600, 0, 1)"
RM_003_FEMTO.h5,35727,zero-sized H5 record,"(600, 0, 1)"
RM_003_FEMTO.h5,35727,metadata shape mismatch,"metadata=(2560.0,2.0); H5=(600, 0, 1)"
RM_003_FEMTO.h5,35728,zero-sized H5 record,"(600, 0, 1)"
RM_003_FEMTO.h5,35728,metadata shape mismatch,"metadata=(2560.0,2.0); H5=(600, 0, 1)"
RM_003_FEMTO.h5,35729,zero-sized H5 record,"(600, 0, 1)"
RM_003_FEMTO.h5,35729,metadata shape mismatch,"metadata=(2560.0,2.0); H5=(600, 0, 1)"
RM_003_FEMTO.h5,35730,zero-sized H5 record,"(600, 0, 1)"
RM_003_FEMTO.h5,35730,metadata shape mismatch,"metadata=(2560.0,2.0); H5=(600, 0, 1)"
RM_003_FEMTO.h5,35731,zero-sized H5 record,"(600, 0, 1)"
RM_003_FEMTO.h5,35731,metadata shape mismatch,"metadata=(2560.0,2.0); H5=(600, 0, 1)"
RM_003_FEMTO.h5,35732,zero-sized H5 record,"(600, 0, 1)"
RM_003_FEMTO.h5,35732,metadata shape mismatch,"metadata=(2560.0,2.0); H5=(600, 0, 1)"
RM_003_FEMTO.h5,35733,zero-sized H5 record,"(600, 0, 1)"
RM_003_FEMTO.h5,35733,metadata shape mismatch,"metadata=(2560.0,2.0); H5=(600, 0, 1)"
RM_003_FEMTO.h5,35734,zero-sized H5 record,"(600, 0, 1)"
RM_003_FEMTO.h5,35734,metadata shape mismatch,"metadata=(2560.0,2.0); H5=(600, 0, 1)"
RM_003_FEMTO.h5,35735,zero-sized H5 record,"(600, 0, 1)"
RM_003_FEMTO.h5,35735,metadata shape mismatch,"metadata=(2560.0,2.0); H5=(600, 0, 1)"
RM_003_FEMTO.h5,35736,zero-sized H5 record,"(600, 0, 1)"
RM_003_FEMTO.h5,35736,metadata shape mismatch,"metadata=(2560.0,2.0); H5=(600, 0, 1)"
RM_003_FEMTO.h5,35737,zero-sized H5 record,"(600, 0, 1)"
RM_003_FEMTO.h5,35737,metadata shape mismatch,"metadata=(2560.0,2.0); H5=(600, 0, 1)"
RM_003_FEMTO.h5,35738,zero-sized H5 record,"(600, 0, 1)"
RM_003_FEMTO.h5,35738,metadata shape mismatch,"metadata=(2560.0,2.0); H5=(600, 0, 1)"
RM_003_FEMTO.h5,35739,zero-sized H5 record,"(600, 0, 1)"
RM_003_FEMTO.h5,35739,metadata shape mismatch,"metadata=(2560.0,2.0); H5=(600, 0, 1)"
RM_003_FEMTO.h5,35740,zero-sized H5 record,"(600, 0, 1)"
RM_003_FEMTO.h5,35740,metadata shape mismatch,"metadata=(2560.0,2.0); H5=(600, 0, 1)"
RM_003_FEMTO.h5,35741,zero-sized H5 record,"(600, 0, 1)"
RM_003_FEMTO.h5,35741,metadata shape mismatch,"metadata=(2560.0,2.0); H5=(600, 0, 1)"
RM_003_FEMTO.h5,35742,zero-sized H5 record,"(600, 0, 1)"
RM_003_FEMTO.h5,35742,metadata shape mismatch,"metadata=(2560.0,2.0); H5=(600, 0, 1)"
RM_003_FEMTO.h5,35743,zero-sized H5 record,"(600, 0, 1)"
RM_003_FEMTO.h5,35743,metadata shape mismatch,"metadata=(2560.0,2.0); H5=(600, 0, 1)"
RM_003_FEMTO.h5,35744,zero-sized H5 record,"(600, 0, 1)"
RM_003_FEMTO.h5,35744,metadata shape mismatch,"metadata=(2560.0,2.0); H5=(600, 0, 1)"
RM_003_FEMTO.h5,35745,zero-sized H5 record,"(600, 0, 1)"
RM_003_FEMTO.h5,35745,metadata shape mismatch,"metadata=(2560.0,2.0); H5=(600, 0, 1)"
RM_003_FEMTO.h5,35746,zero-sized H5 record,"(600, 0, 1)"
RM_003_FEMTO.h5,35746,metadata shape mismatch,"metadata=(2560.0,2.0); H5=(600, 0, 1)"
RM_003_FEMTO.h5,35747,zero-sized H5 record,"(600, 0, 1)"
RM_003_FEMTO.h5,35747,metadata shape mismatch,"metadata=(2560.0,2.0); H5=(600, 0, 1)"
RM_003_FEMTO.h5,35748,zero-sized H5 record,"(600, 0, 1)"
RM_003_FEMTO.h5,35748,metadata shape mismatch,"metadata=(2560.0,2.0); H5=(600, 0, 1)"
RM_003_FEMTO.h5,35749,zero-sized H5 record,"(600, 0, 1)"
RM_003_FEMTO.h5,35749,metadata shape mismatch,"metadata=(2560.0,2.0); H5=(600, 0, 1)"
RM_003_FEMTO.h5,35750,zero-sized H5 record,"(600, 0, 1)"
RM_003_FEMTO.h5,35750,metadata shape mismatch,"metadata=(2560.0,2.0); H5=(600, 0, 1)"
RM_003_FEMTO.h5,35751,zero-sized H5 record,"(477, 0, 1)"
RM_003_FEMTO.h5,35751,metadata shape mismatch,"metadata=(2560.0,2.0); H5=(477, 0, 1)"
RM_003_FEMTO.h5,35982,zero-sized H5 record,"(600, 0, 1)"
RM_003_FEMTO.h5,35982,metadata shape mismatch,"metadata=(2560.0,2.0); H5=(600, 0, 1)"
RM_003_FEMTO.h5,35983,zero-sized H5 record,"(600, 0, 1)"
RM_003_FEMTO.h5,35983,metadata shape mismatch,"metadata=(2560.0,2.0); H5=(600, 0, 1)"
RM_003_FEMTO.h5,35984,zero-sized H5 record,"(600, 0, 1)"
RM_003_FEMTO.h5,35984,metadata shape mismatch,"metadata=(2560.0,2.0); H5=(600, 0, 1)"
RM_003_FEMTO.h5,35985,zero-sized H5 record,"(600, 0, 1)"
RM_003_FEMTO.h5,35985,metadata shape mismatch,"metadata=(2560.0,2.0); H5=(600, 0, 1)"
RM_003_FEMTO.h5,35986,zero-sized H5 record,"(600, 0, 1)"
RM_003_FEMTO.h5,35986,metadata shape mismatch,"metadata=(2560.0,2.0); H5=(600, 0, 1)"
RM_003_FEMTO.h5,35987,zero-sized H5 record,"(600, 0, 1)"
RM_003_FEMTO.h5,35987,metadata shape mismatch,"metadata=(2560.0,2.0); H5=(600, 0, 1)"
RM_003_FEMTO.h5,35988,zero-sized H5 record,"(600, 0, 1)"
RM_003_FEMTO.h5,35988,metadata shape mismatch,"metadata=(2560.0,2.0); H5=(600, 0, 1)"
RM_003_FEMTO.h5,35989,zero-sized H5 record,"(600, 0, 1)"
RM_003_FEMTO.h5,35989,metadata shape mismatch,"metadata=(2560.0,2.0); H5=(600, 0, 1)"
RM_003_FEMTO.h5,35990,zero-sized H5 record,"(600, 0, 1)"
RM_003_FEMTO.h5,35990,metadata shape mismatch,"metadata=(2560.0,2.0); H5=(600, 0, 1)"
RM_003_FEMTO.h5,35991,zero-sized H5 record,"(600, 0, 1)"
RM_003_FEMTO.h5,35991,metadata shape mismatch,"metadata=(2560.0,2.0); H5=(600, 0, 1)"
RM_003_FEMTO.h5,35992,zero-sized H5 record,"(600, 0, 1)"
RM_003_FEMTO.h5,35992,metadata shape mismatch,"metadata=(2560.0,2.0); H5=(600, 0, 1)"
RM_003_FEMTO.h5,35993,zero-sized H5 record,"(600, 0, 1)"
RM_003_FEMTO.h5,35993,metadata shape mismatch,"metadata=(2560.0,2.0); H5=(600, 0, 1)"
RM_003_FEMTO.h5,35994,zero-sized H5 record,"(600, 0, 1)"
RM_003_FEMTO.h5,35994,metadata shape mismatch,"metadata=(2560.0,2.0); H5=(600, 0, 1)"
RM_003_FEMTO.h5,35995,zero-sized H5 record,"(600, 0, 1)"
RM_003_FEMTO.h5,35995,metadata shape mismatch,"metadata=(2560.0,2.0); H5=(600, 0, 1)"
RM_003_FEMTO.h5,35996,zero-sized H5 record,"(600, 0, 1)"
RM_003_FEMTO.h5,35996,metadata shape mismatch,"metadata=(2560.0,2.0); H5=(600, 0, 1)"
RM_003_FEMTO.h5,35997,zero-sized H5 record,"(600, 0, 1)"
RM_003_FEMTO.h5,35997,metadata shape mismatch,"metadata=(2560.0,2.0); H5=(600, 0, 1)"
RM_003_FEMTO.h5,35998,zero-sized H5 record,"(600, 0, 1)"
RM_003_FEMTO.h5,35998,metadata shape mismatch,"metadata=(2560.0,2.0); H5=(600, 0, 1)"
RM_003_FEMTO.h5,35999,zero-sized H5 record,"(600, 0, 1)"
RM_003_FEMTO.h5,35999,metadata shape mismatch,"metadata=(2560.0,2.0); H5=(600, 0, 1)"
RM_003_FEMTO.h5,36000,zero-sized H5 record,"(600, 0, 1)"
RM_003_FEMTO.h5,36000,metadata shape mismatch,"metadata=(2560.0,2.0); H5=(600, 0, 1)"
RM_003_FEMTO.h5,36001,zero-sized H5 record,"(600, 0, 1)"
RM_003_FEMTO.h5,36001,metadata shape mismatch,"metadata=(2560.0,2.0); H5=(600, 0, 1)"
RM_003_FEMTO.h5,36002,zero-sized H5 record,"(600, 0, 1)"
RM_003_FEMTO.h5,36002,metadata shape mismatch,"metadata=(2560.0,2.0); H5=(600, 0, 1)"
RM_003_FEMTO.h5,36003,zero-sized H5 record,"(600, 0, 1)"
RM_003_FEMTO.h5,36003,metadata shape mismatch,"metadata=(2560.0,2.0); H5=(600, 0, 1)"
RM_003_FEMTO.h5,36004,zero-sized H5 record,"(600, 0, 1)"
RM_003_FEMTO.h5,36004,metadata shape mismatch,"metadata=(2560.0,2.0); H5=(600, 0, 1)"
RM_003_FEMTO.h5,36005,zero-sized H5 record,"(600, 0, 1)"
RM_003_FEMTO.h5,36005,metadata shape mismatch,"metadata=(2560.0,2.0); H5=(600, 0, 1)"
RM_003_FEMTO.h5,36006,zero-sized H5 record,"(600, 0, 1)"
RM_003_FEMTO.h5,36006,metadata shape mismatch,"metadata=(2560.0,2.0); H5=(600, 0, 1)"
RM_003_FEMTO.h5,36007,zero-sized H5 record,"(600, 0, 1)"
RM_003_FEMTO.h5,36007,metadata shape mismatch,"metadata=(2560.0,2.0); H5=(600, 0, 1)"
RM_003_FEMTO.h5,36008,zero-sized H5 record,"(600, 0, 1)"
RM_003_FEMTO.h5,36008,metadata shape mismatch,"metadata=(2560.0,2.0); H5=(600, 0, 1)"
RM_003_FEMTO.h5,36009,zero-sized H5 record,"(600, 0, 1)"
RM_003_FEMTO.h5,36009,metadata shape mismatch,"metadata=(2560.0,2.0); H5=(600, 0, 1)"
RM_003_FEMTO.h5,36010,zero-sized H5 record,"(600, 0, 1)"
RM_003_FEMTO.h5,36010,metadata shape mismatch,"metadata=(2560.0,2.0); H5=(600, 0, 1)"
RM_003_FEMTO.h5,36011,zero-sized H5 record,"(600, 0, 1)"
RM_003_FEMTO.h5,36011,metadata shape mismatch,"metadata=(2560.0,2.0); H5=(600, 0, 1)"
RM_003_FEMTO.h5,36012,zero-sized H5 record,"(600, 0, 1)"
RM_003_FEMTO.h5,36012,metadata shape mismatch,"metadata=(2560.0,2.0); H5=(600, 0, 1)"
RM_003_FEMTO.h5,36013,zero-sized H5 record,"(600, 0, 1)"
RM_003_FEMTO.h5,36013,metadata shape mismatch,"metadata=(2560.0,2.0); H5=(600, 0, 1)"
RM_003_FEMTO.h5,36014,zero-sized H5 record,"(600, 0, 1)"
RM_003_FEMTO.h5,36014,metadata shape mismatch,"metadata=(2560.0,2.0); H5=(600, 0, 1)"
RM_003_FEMTO.h5,36015,zero-sized H5 record,"(600, 0, 1)"
RM_003_FEMTO.h5,36015,metadata shape mismatch,"metadata=(2560.0,2.0); H5=(600, 0, 1)"
RM_003_FEMTO.h5,36016,zero-sized H5 record,"(600, 0, 1)"
RM_003_FEMTO.h5,36016,metadata shape mismatch,"metadata=(2560.0,2.0); H5=(600, 0, 1)"
RM_003_FEMTO.h5,36017,zero-sized H5 record,"(600, 0, 1)"
RM_003_FEMTO.h5,36017,metadata shape mismatch,"metadata=(2560.0,2.0); H5=(600, 0, 1)"
RM_003_FEMTO.h5,36018,zero-sized H5 record,"(600, 0, 1)"
RM_003_FEMTO.h5,36018,metadata shape mismatch,"metadata=(2560.0,2.0); H5=(600, 0, 1)"
RM_003_FEMTO.h5,36019,zero-sized H5 record,"(137, 0, 1)"
RM_003_FEMTO.h5,36019,metadata shape mismatch,"metadata=(2560.0,2.0); H5=(137, 0, 1)"
RM_003_FEMTO.h5,36454,zero-sized H5 record,"(600, 0, 1)"
RM_003_FEMTO.h5,36454,metadata shape mismatch,"metadata=(2560.0,2.0); H5=(600, 0, 1)"
RM_003_FEMTO.h5,36455,zero-sized H5 record,"(600, 0, 1)"
RM_003_FEMTO.h5,36455,metadata shape mismatch,"metadata=(2560.0,2.0); H5=(600, 0, 1)"
RM_003_FEMTO.h5,36456,zero-sized H5 record,"(600, 0, 1)"
RM_003_FEMTO.h5,36456,metadata shape mismatch,"metadata=(2560.0,2.0); H5=(600, 0, 1)"
RM_003_FEMTO.h5,36457,zero-sized H5 record,"(600, 0, 1)"
RM_003_FEMTO.h5,36457,metadata shape mismatch,"metadata=(2560.0,2.0); H5=(600, 0, 1)"
RM_003_FEMTO.h5,36458,zero-sized H5 record,"(600, 0, 1)"
RM_003_FEMTO.h5,36458,metadata shape mismatch,"metadata=(2560.0,2.0); H5=(600, 0, 1)"
RM_003_FEMTO.h5,36459,zero-sized H5 record,"(600, 0, 1)"
RM_003_FEMTO.h5,36459,metadata shape mismatch,"metadata=(2560.0,2.0); H5=(600, 0, 1)"
RM_003_FEMTO.h5,36460,zero-sized H5 record,"(600, 0, 1)"
RM_003_FEMTO.h5,36460,metadata shape mismatch,"metadata=(2560.0,2.0); H5=(600, 0, 1)"
RM_003_FEMTO.h5,36461,zero-sized H5 record,"(600, 0, 1)"
RM_003_FEMTO.h5,36461,metadata shape mismatch,"metadata=(2560.0,2.0); H5=(600, 0, 1)"
RM_003_FEMTO.h5,36462,zero-sized H5 record,"(600, 0, 1)"
RM_003_FEMTO.h5,36462,metadata shape mismatch,"metadata=(2560.0,2.0); H5=(600, 0, 1)"
RM_003_FEMTO.h5,36463,zero-sized H5 record,"(600, 0, 1)"
RM_003_FEMTO.h5,36463,metadata shape mismatch,"metadata=(2560.0,2.0); H5=(600, 0, 1)"
RM_003_FEMTO.h5,36464,zero-sized H5 record,"(600, 0, 1)"
RM_003_FEMTO.h5,36464,metadata shape mismatch,"metadata=(2560.0,2.0); H5=(600, 0, 1)"
RM_003_FEMTO.h5,36465,zero-sized H5 record,"(600, 0, 1)"
RM_003_FEMTO.h5,36465,metadata shape mismatch,"metadata=(2560.0,2.0); H5=(600, 0, 1)"
RM_003_FEMTO.h5,36466,zero-sized H5 record,"(600, 0, 1)"
RM_003_FEMTO.h5,36466,metadata shape mismatch,"metadata=(2560.0,2.0); H5=(600, 0, 1)"
RM_003_FEMTO.h5,36467,zero-sized H5 record,"(600, 0, 1)"
RM_003_FEMTO.h5,36467,metadata shape mismatch,"metadata=(2560.0,2.0); H5=(600, 0, 1)"
RM_003_FEMTO.h5,36468,zero-sized H5 record,"(600, 0, 1)"
RM_003_FEMTO.h5,36468,metadata shape mismatch,"metadata=(2560.0,2.0); H5=(600, 0, 1)"
RM_003_FEMTO.h5,36469,zero-sized H5 record,"(600, 0, 1)"
RM_003_FEMTO.h5,36469,metadata shape mismatch,"metadata=(2560.0,2.0); H5=(600, 0, 1)"
RM_003_FEMTO.h5,36470,zero-sized H5 record,"(600, 0, 1)"
RM_003_FEMTO.h5,36470,metadata shape mismatch,"metadata=(2560.0,2.0); H5=(600, 0, 1)"
RM_003_FEMTO.h5,36471,zero-sized H5 record,"(600, 0, 1)"
RM_003_FEMTO.h5,36471,metadata shape mismatch,"metadata=(2560.0,2.0); H5=(600, 0, 1)"
RM_003_FEMTO.h5,36472,zero-sized H5 record,"(600, 0, 1)"
RM_003_FEMTO.h5,36472,metadata shape mismatch,"metadata=(2560.0,2.0); H5=(600, 0, 1)"
RM_003_FEMTO.h5,36473,zero-sized H5 record,"(600, 0, 1)"
RM_003_FEMTO.h5,36473,metadata shape mismatch,"metadata=(2560.0,2.0); H5=(600, 0, 1)"
RM_003_FEMTO.h5,36474,zero-sized H5 record,"(600, 0, 1)"
RM_003_FEMTO.h5,36474,metadata shape mismatch,"metadata=(2560.0,2.0); H5=(600, 0, 1)"
RM_003_FEMTO.h5,36475,zero-sized H5 record,"(600, 0, 1)"
RM_003_FEMTO.h5,36475,metadata shape mismatch,"metadata=(2560.0,2.0); H5=(600, 0, 1)"
RM_003_FEMTO.h5,36476,zero-sized H5 record,"(600, 0, 1)"
RM_003_FEMTO.h5,36476,metadata shape mismatch,"metadata=(2560.0,2.0); H5=(600, 0, 1)"
RM_003_FEMTO.h5,36477,zero-sized H5 record,"(600, 0, 1)"
RM_003_FEMTO.h5,36477,metadata shape mismatch,"metadata=(2560.0,2.0); H5=(600, 0, 1)"
RM_003_FEMTO.h5,36478,zero-sized H5 record,"(600, 0, 1)"
RM_003_FEMTO.h5,36478,metadata shape mismatch,"metadata=(2560.0,2.0); H5=(600, 0, 1)"
RM_003_FEMTO.h5,36479,zero-sized H5 record,"(600, 0, 1)"
RM_003_FEMTO.h5,36479,metadata shape mismatch,"metadata=(2560.0,2.0); H5=(600, 0, 1)"
RM_003_FEMTO.h5,36480,zero-sized H5 record,"(600, 0, 1)"
RM_003_FEMTO.h5,36480,metadata shape mismatch,"metadata=(2560.0,2.0); H5=(600, 0, 1)"
RM_003_FEMTO.h5,36481,zero-sized H5 record,"(600, 0, 1)"
RM_003_FEMTO.h5,36481,metadata shape mismatch,"metadata=(2560.0,2.0); H5=(600, 0, 1)"
RM_003_FEMTO.h5,36482,zero-sized H5 record,"(600, 0, 1)"
RM_003_FEMTO.h5,36482,metadata shape mismatch,"metadata=(2560.0,2.0); H5=(600, 0, 1)"
RM_003_FEMTO.h5,36483,zero-sized H5 record,"(600, 0, 1)"
RM_003_FEMTO.h5,36483,metadata shape mismatch,"metadata=(2560.0,2.0); H5=(600, 0, 1)"
RM_003_FEMTO.h5,36484,zero-sized H5 record,"(600, 0, 1)"
RM_003_FEMTO.h5,36484,metadata shape mismatch,"metadata=(2560.0,2.0); H5=(600, 0, 1)"
RM_003_FEMTO.h5,36485,zero-sized H5 record,"(600, 0, 1)"
RM_003_FEMTO.h5,36485,metadata shape mismatch,"metadata=(2560.0,2.0); H5=(600, 0, 1)"
RM_003_FEMTO.h5,36486,zero-sized H5 record,"(600, 0, 1)"
RM_003_FEMTO.h5,36486,metadata shape mismatch,"metadata=(2560.0,2.0); H5=(600, 0, 1)"
RM_003_FEMTO.h5,36487,zero-sized H5 record,"(600, 0, 1)"
RM_003_FEMTO.h5,36487,metadata shape mismatch,"metadata=(2560.0,2.0); H5=(600, 0, 1)"
RM_003_FEMTO.h5,36488,zero-sized H5 record,"(600, 0, 1)"
RM_003_FEMTO.h5,36488,metadata shape mismatch,"metadata=(2560.0,2.0); H5=(600, 0, 1)"
RM_003_FEMTO.h5,36489,zero-sized H5 record,"(600, 0, 1)"
RM_003_FEMTO.h5,36489,metadata shape mismatch,"metadata=(2560.0,2.0); H5=(600, 0, 1)"
RM_003_FEMTO.h5,36490,zero-sized H5 record,"(600, 0, 1)"
RM_003_FEMTO.h5,36490,metadata shape mismatch,"metadata=(2560.0,2.0); H5=(600, 0, 1)"
RM_003_FEMTO.h5,36491,zero-sized H5 record,"(600, 0, 1)"
RM_003_FEMTO.h5,36491,metadata shape mismatch,"metadata=(2560.0,2.0); H5=(600, 0, 1)"
RM_003_FEMTO.h5,36492,zero-sized H5 record,"(600, 0, 1)"
RM_003_FEMTO.h5,36492,metadata shape mismatch,"metadata=(2560.0,2.0); H5=(600, 0, 1)"
RM_003_FEMTO.h5,36493,zero-sized H5 record,"(600, 0, 1)"
RM_003_FEMTO.h5,36493,metadata shape mismatch,"metadata=(2560.0,2.0); H5=(600, 0, 1)"
RM_003_FEMTO.h5,36494,zero-sized H5 record,"(600, 0, 1)"
RM_003_FEMTO.h5,36494,metadata shape mismatch,"metadata=(2560.0,2.0); H5=(600, 0, 1)"
RM_003_FEMTO.h5,36495,zero-sized H5 record,"(600, 0, 1)"
RM_003_FEMTO.h5,36495,metadata shape mismatch,"metadata=(2560.0,2.0); H5=(600, 0, 1)"
RM_003_FEMTO.h5,36496,zero-sized H5 record,"(600, 0, 1)"
RM_003_FEMTO.h5,36496,metadata shape mismatch,"metadata=(2560.0,2.0); H5=(600, 0, 1)"
RM_003_FEMTO.h5,36497,zero-sized H5 record,"(600, 0, 1)"
RM_003_FEMTO.h5,36497,metadata shape mismatch,"metadata=(2560.0,2.0); H5=(600, 0, 1)"
RM_003_FEMTO.h5,36498,zero-sized H5 record,"(600, 0, 1)"
RM_003_FEMTO.h5,36498,metadata shape mismatch,"metadata=(2560.0,2.0); H5=(600, 0, 1)"
RM_003_FEMTO.h5,36499,zero-sized H5 record,"(600, 0, 1)"
RM_003_FEMTO.h5,36499,metadata shape mismatch,"metadata=(2560.0,2.0); H5=(600, 0, 1)"
RM_003_FEMTO.h5,36500,zero-sized H5 record,"(600, 0, 1)"
RM_003_FEMTO.h5,36500,metadata shape mismatch,"metadata=(2560.0,2.0); H5=(600, 0, 1)"
RM_003_FEMTO.h5,36501,zero-sized H5 record,"(600, 0, 1)"
RM_003_FEMTO.h5,36501,metadata shape mismatch,"metadata=(2560.0,2.0); H5=(600, 0, 1)"
RM_003_FEMTO.h5,36502,zero-sized H5 record,"(600, 0, 1)"
RM_003_FEMTO.h5,36502,metadata shape mismatch,"metadata=(2560.0,2.0); H5=(600, 0, 1)"
RM_003_FEMTO.h5,36503,zero-sized H5 record,"(600, 0, 1)"
RM_003_FEMTO.h5,36503,metadata shape mismatch,"metadata=(2560.0,2.0); H5=(600, 0, 1)"
RM_003_FEMTO.h5,36504,zero-sized H5 record,"(600, 0, 1)"
RM_003_FEMTO.h5,36504,metadata shape mismatch,"metadata=(2560.0,2.0); H5=(600, 0, 1)"
RM_003_FEMTO.h5,36505,zero-sized H5 record,"(600, 0, 1)"
RM_003_FEMTO.h5,36505,metadata shape mismatch,"metadata=(2560.0,2.0); H5=(600, 0, 1)"
RM_003_FEMTO.h5,36506,zero-sized H5 record,"(600, 0, 1)"
RM_003_FEMTO.h5,36506,metadata shape mismatch,"metadata=(2560.0,2.0); H5=(600, 0, 1)"
RM_003_FEMTO.h5,36507,zero-sized H5 record,"(600, 0, 1)"
RM_003_FEMTO.h5,36507,metadata shape mismatch,"metadata=(2560.0,2.0); H5=(600, 0, 1)"
RM_003_FEMTO.h5,36508,zero-sized H5 record,"(600, 0, 1)"
RM_003_FEMTO.h5,36508,metadata shape mismatch,"metadata=(2560.0,2.0); H5=(600, 0, 1)"
RM_003_FEMTO.h5,36509,zero-sized H5 record,"(600, 0, 1)"
RM_003_FEMTO.h5,36509,metadata shape mismatch,"metadata=(2560.0,2.0); H5=(600, 0, 1)"
RM_003_FEMTO.h5,36510,zero-sized H5 record,"(600, 0, 1)"
RM_003_FEMTO.h5,36510,metadata shape mismatch,"metadata=(2560.0,2.0); H5=(600, 0, 1)"
RM_003_FEMTO.h5,36511,zero-sized H5 record,"(600, 0, 1)"
RM_003_FEMTO.h5,36511,metadata shape mismatch,"metadata=(2560.0,2.0); H5=(600, 0, 1)"
RM_003_FEMTO.h5,36512,zero-sized H5 record,"(600, 0, 1)"
RM_003_FEMTO.h5,36512,metadata shape mismatch,"metadata=(2560.0,2.0); H5=(600, 0, 1)"
RM_003_FEMTO.h5,36513,zero-sized H5 record,"(600, 0, 1)"
RM_003_FEMTO.h5,36513,metadata shape mismatch,"metadata=(2560.0,2.0); H5=(600, 0, 1)"
RM_003_FEMTO.h5,36514,zero-sized H5 record,"(600, 0, 1)"
RM_003_FEMTO.h5,36514,metadata shape mismatch,"metadata=(2560.0,2.0); H5=(600, 0, 1)"
RM_003_FEMTO.h5,36515,zero-sized H5 record,"(600, 0, 1)"
RM_003_FEMTO.h5,36515,metadata shape mismatch,"metadata=(2560.0,2.0); H5=(600, 0, 1)"
RM_003_FEMTO.h5,36516,zero-sized H5 record,"(600, 0, 1)"
RM_003_FEMTO.h5,36516,metadata shape mismatch,"metadata=(2560.0,2.0); H5=(600, 0, 1)"
RM_003_FEMTO.h5,36517,zero-sized H5 record,"(600, 0, 1)"
RM_003_FEMTO.h5,36517,metadata shape mismatch,"metadata=(2560.0,2.0); H5=(600, 0, 1)"
RM_003_FEMTO.h5,36518,zero-sized H5 record,"(600, 0, 1)"
RM_003_FEMTO.h5,36518,metadata shape mismatch,"metadata=(2560.0,2.0); H5=(600, 0, 1)"
RM_003_FEMTO.h5,36519,zero-sized H5 record,"(600, 0, 1)"
RM_003_FEMTO.h5,36519,metadata shape mismatch,"metadata=(2560.0,2.0); H5=(600, 0, 1)"
RM_003_FEMTO.h5,36520,zero-sized H5 record,"(600, 0, 1)"
RM_003_FEMTO.h5,36520,metadata shape mismatch,"metadata=(2560.0,2.0); H5=(600, 0, 1)"
RM_003_FEMTO.h5,36521,zero-sized H5 record,"(600, 0, 1)"
RM_003_FEMTO.h5,36521,metadata shape mismatch,"metadata=(2560.0,2.0); H5=(600, 0, 1)"
RM_003_FEMTO.h5,36522,zero-sized H5 record,"(600, 0, 1)"
RM_003_FEMTO.h5,36522,metadata shape mismatch,"metadata=(2560.0,2.0); H5=(600, 0, 1)"
RM_003_FEMTO.h5,36523,zero-sized H5 record,"(600, 0, 1)"
RM_003_FEMTO.h5,36523,metadata shape mismatch,"metadata=(2560.0,2.0); H5=(600, 0, 1)"
RM_003_FEMTO.h5,36524,zero-sized H5 record,"(600, 0, 1)"
RM_003_FEMTO.h5,36524,metadata shape mismatch,"metadata=(2560.0,2.0); H5=(600, 0, 1)"
RM_003_FEMTO.h5,36525,zero-sized H5 record,"(117, 0, 1)"
RM_003_FEMTO.h5,36525,metadata shape mismatch,"metadata=(2560.0,2.0); H5=(117, 0, 1)"
RM_006_THU.h5,46231,native raw reader differs from H5,"reader=(1236992, 1); H5=(1228800, 2)"
RM_007_MFPT.h5,46302,metadata shape mismatch,"metadata=(nan,nan); H5=(488280, 1, 1)"
RM_007_MFPT.h5,46303,metadata shape mismatch,"metadata=(nan,nan); H5=(488280, 1, 1)"
RM_007_MFPT.h5,46303,raw versus metadata sample-rate mismatch,raw sr=24414.0; metadata=48828.0; cache_equals_raw=True
RM_007_MFPT.h5,46304,metadata shape mismatch,"metadata=(nan,nan); H5=(244160, 1, 1)"
RM_007_MFPT.h5,46304,raw versus metadata sample-rate mismatch,raw sr=6104.0; metadata=48828.0; cache_equals_raw=True
RM_020_DIRG.h5,47179,metadata shape mismatch,"metadata=(819600.0,6.0); H5=(819200, 6, 1)"
RM_020_DIRG.h5,47180,metadata shape mismatch,"metadata=(819600.0,6.0); H5=(819200, 6, 1)"
RM_020_DIRG.h5,47181,metadata shape mismatch,"metadata=(819600.0,6.0); H5=(819200, 6, 1)"
RM_020_DIRG.h5,47182,metadata shape mismatch,"metadata=(819600.0,6.0); H5=(819200, 6, 1)"
RM_020_DIRG.h5,47183,metadata shape mismatch,"metadata=(819600.0,6.0); H5=(819200, 6, 1)"
RM_020_DIRG.h5,47184,metadata shape mismatch,"metadata=(819600.0,6.0); H5=(819200, 6, 1)"
RM_020_DIRG.h5,47185,metadata shape mismatch,"metadata=(819600.0,6.0); H5=(819200, 6, 1)"
RM_020_DIRG.h5,47186,metadata shape mismatch,"metadata=(819600.0,6.0); H5=(819200, 6, 1)"
RM_020_DIRG.h5,47187,metadata shape mismatch,"metadata=(819600.0,6.0); H5=(819200, 6, 1)"
RM_020_DIRG.h5,47188,metadata shape mismatch,"metadata=(819600.0,6.0); H5=(819200, 6, 1)"
RM_020_DIRG.h5,47189,metadata shape mismatch,"metadata=(819600.0,6.0); H5=(819200, 6, 1)"
RM_020_DIRG.h5,47190,metadata shape mismatch,"metadata=(819600.0,6.0); H5=(819200, 6, 1)"
RM_020_DIRG.h5,47191,metadata shape mismatch,"metadata=(819600.0,6.0); H5=(819200, 6, 1)"
RM_020_DIRG.h5,47192,metadata shape mismatch,"metadata=(819600.0,6.0); H5=(819200, 6, 1)"
RM_020_DIRG.h5,47193,metadata shape mismatch,"metadata=(819600.0,6.0); H5=(819200, 6, 1)"
RM_020_DIRG.h5,47194,metadata shape mismatch,"metadata=(819600.0,6.0); H5=(819200, 6, 1)"
RM_020_DIRG.h5,47195,metadata shape mismatch,"metadata=(819600.0,6.0); H5=(819200, 6, 1)"
RM_020_DIRG.h5,47196,metadata shape mismatch,"metadata=(819600.0,6.0); H5=(819200, 6, 1)"
RM_020_DIRG.h5,47197,metadata shape mismatch,"metadata=(819600.0,6.0); H5=(819200, 6, 1)"
RM_020_DIRG.h5,47198,metadata shape mismatch,"metadata=(819600.0,6.0); H5=(819200, 6, 1)"
RM_020_DIRG.h5,47199,metadata shape mismatch,"metadata=(819600.0,6.0); H5=(819200, 6, 1)"
RM_020_DIRG.h5,47200,metadata shape mismatch,"metadata=(819600.0,6.0); H5=(819200, 6, 1)"
RM_020_DIRG.h5,47201,metadata shape mismatch,"metadata=(819600.0,6.0); H5=(819200, 6, 1)"
RM_020_DIRG.h5,47202,metadata shape mismatch,"metadata=(819600.0,6.0); H5=(819200, 6, 1)"
RM_020_DIRG.h5,47203,metadata shape mismatch,"metadata=(819600.0,6.0); H5=(819200, 6, 1)"
RM_020_DIRG.h5,47204,metadata shape mismatch,"metadata=(819600.0,6.0); H5=(819200, 6, 1)"
RM_020_DIRG.h5,47205,metadata shape mismatch,"metadata=(819600.0,6.0); H5=(819200, 6, 1)"
RM_020_DIRG.h5,47206,metadata shape mismatch,"metadata=(819600.0,6.0); H5=(819200, 6, 1)"
RM_020_DIRG.h5,47207,metadata shape mismatch,"metadata=(819600.0,6.0); H5=(819200, 6, 1)"
RM_020_DIRG.h5,47208,metadata shape mismatch,"metadata=(819600.0,6.0); H5=(819200, 6, 1)"
RM_020_DIRG.h5,47209,metadata shape mismatch,"metadata=(819600.0,6.0); H5=(819200, 6, 1)"
RM_020_DIRG.h5,47210,metadata shape mismatch,"metadata=(819600.0,6.0); H5=(819200, 6, 1)"
RM_020_DIRG.h5,47211,metadata shape mismatch,"metadata=(819600.0,6.0); H5=(819200, 6, 1)"
RM_020_DIRG.h5,47212,metadata shape mismatch,"metadata=(819600.0,6.0); H5=(819200, 6, 1)"
RM_020_DIRG.h5,47213,metadata shape mismatch,"metadata=(819600.0,6.0); H5=(819200, 6, 1)"
RM_020_DIRG.h5,47214,metadata shape mismatch,"metadata=(819600.0,6.0); H5=(819200, 6, 1)"
RM_020_DIRG.h5,47215,metadata shape mismatch,"metadata=(819600.0,6.0); H5=(819200, 6, 1)"
RM_020_DIRG.h5,47216,metadata shape mismatch,"metadata=(819600.0,6.0); H5=(819200, 6, 1)"
RM_020_DIRG.h5,47217,metadata shape mismatch,"metadata=(819600.0,6.0); H5=(819200, 6, 1)"
RM_020_DIRG.h5,47218,metadata shape mismatch,"metadata=(819600.0,6.0); H5=(819200, 6, 1)"
RM_020_DIRG.h5,47219,metadata shape mismatch,"metadata=(819600.0,6.0); H5=(819200, 6, 1)"
RM_020_DIRG.h5,47220,metadata shape mismatch,"metadata=(819600.0,6.0); H5=(819200, 6, 1)"
RM_020_DIRG.h5,47221,metadata shape mismatch,"metadata=(819600.0,6.0); H5=(819200, 6, 1)"
RM_020_DIRG.h5,47222,metadata shape mismatch,"metadata=(819600.0,6.0); H5=(819200, 6, 1)"
RM_020_DIRG.h5,47223,metadata shape mismatch,"metadata=(819600.0,6.0); H5=(819200, 6, 1)"
RM_020_DIRG.h5,47224,metadata shape mismatch,"metadata=(819600.0,6.0); H5=(819200, 6, 1)"
RM_020_DIRG.h5,47225,metadata shape mismatch,"metadata=(819600.0,6.0); H5=(819200, 6, 1)"
RM_020_DIRG.h5,47226,metadata shape mismatch,"metadata=(819600.0,6.0); H5=(819200, 6, 1)"
RM_020_DIRG.h5,47227,metadata shape mismatch,"metadata=(819600.0,6.0); H5=(819200, 6, 1)"
RM_020_DIRG.h5,47228,metadata shape mismatch,"metadata=(819600.0,6.0); H5=(819200, 6, 1)"
RM_020_DIRG.h5,47229,metadata shape mismatch,"metadata=(819600.0,6.0); H5=(819200, 6, 1)"
RM_020_DIRG.h5,47230,metadata shape mismatch,"metadata=(819600.0,6.0); H5=(819200, 6, 1)"
RM_020_DIRG.h5,47231,metadata shape mismatch,"metadata=(819600.0,6.0); H5=(819200, 6, 1)"
RM_020_DIRG.h5,47232,metadata shape mismatch,"metadata=(819600.0,6.0); H5=(819200, 6, 1)"
RM_020_DIRG.h5,47233,metadata shape mismatch,"metadata=(819600.0,6.0); H5=(819200, 6, 1)"
RM_020_DIRG.h5,47234,metadata shape mismatch,"metadata=(819600.0,6.0); H5=(819200, 6, 1)"
RM_020_DIRG.h5,47235,metadata shape mismatch,"metadata=(819600.0,6.0); H5=(819200, 6, 1)"
RM_020_DIRG.h5,47236,metadata shape mismatch,"metadata=(819600.0,6.0); H5=(819200, 6, 1)"
RM_020_DIRG.h5,47237,metadata shape mismatch,"metadata=(819600.0,6.0); H5=(819200, 6, 1)"
RM_020_DIRG.h5,47238,metadata shape mismatch,"metadata=(819600.0,6.0); H5=(819200, 6, 1)"
RM_020_DIRG.h5,47239,metadata shape mismatch,"metadata=(819600.0,6.0); H5=(819200, 6, 1)"
RM_020_DIRG.h5,47240,metadata shape mismatch,"metadata=(819600.0,6.0); H5=(819200, 6, 1)"
RM_020_DIRG.h5,47241,metadata shape mismatch,"metadata=(819600.0,6.0); H5=(819200, 6, 1)"
RM_020_DIRG.h5,47242,metadata shape mismatch,"metadata=(819600.0,6.0); H5=(819200, 6, 1)"
RM_020_DIRG.h5,47243,metadata shape mismatch,"metadata=(819600.0,6.0); H5=(819200, 6, 1)"
RM_024_JUST.h5,47288,metadata shape mismatch,"metadata=(262144.0,3.0); H5=(3104475, 7, 1)"
RM_024_JUST.h5,47289,metadata shape mismatch,"metadata=(262144.0,3.0); H5=(3094601, 7, 1)"
RM_024_JUST.h5,47290,metadata shape mismatch,"metadata=(262144.0,3.0); H5=(3047204, 7, 1)"
RM_024_JUST.h5,47291,metadata shape mismatch,"metadata=(262144.0,3.0); H5=(3079789, 7, 1)"
RM_024_JUST.h5,47292,metadata shape mismatch,"metadata=(262144.0,3.0); H5=(3158784, 7, 1)"
RM_024_JUST.h5,47293,metadata shape mismatch,"metadata=(262144.0,3.0); H5=(3179520, 7, 1)"
RM_024_JUST.h5,47294,metadata shape mismatch,"metadata=(262144.0,3.0); H5=(3184457, 7, 1)"
RM_024_JUST.h5,47295,metadata shape mismatch,"metadata=(262144.0,3.0); H5=(3165696, 7, 1)"
RM_024_JUST.h5,47296,metadata shape mismatch,"metadata=(262144.0,3.0); H5=(3183469, 7, 1)"
RM_024_JUST.h5,47297,metadata shape mismatch,"metadata=(262144.0,3.0); H5=(3199268, 7, 1)"
RM_024_JUST.h5,47298,metadata shape mismatch,"metadata=(262144.0,3.0); H5=(3057079, 7, 1)"
RM_024_JUST.h5,47299,metadata shape mismatch,"metadata=(262144.0,3.0); H5=(3051154, 7, 1)"
RM_024_JUST.h5,47300,metadata shape mismatch,"metadata=(262144.0,3.0); H5=(3058066, 7, 1)"
RM_024_JUST.h5,47301,metadata shape mismatch,"metadata=(262144.0,3.0); H5=(3063003, 7, 1)"
RM_024_JUST.h5,47302,metadata shape mismatch,"metadata=(262144.0,3.0); H5=(3055104, 7, 1)"
RM_024_JUST.h5,47303,metadata shape mismatch,"metadata=(262144.0,3.0); H5=(3059053, 7, 1)"
RM_024_JUST.h5,47304,metadata shape mismatch,"metadata=(262144.0,3.0); H5=(3064978, 7, 1)"
RM_024_JUST.h5,47305,metadata shape mismatch,"metadata=(262144.0,3.0); H5=(3049179, 7, 1)"
RM_024_JUST.h5,47306,metadata shape mismatch,"metadata=(262144.0,3.0); H5=(3103488, 7, 1)"
RM_024_JUST.h5,47307,metadata shape mismatch,"metadata=(262144.0,3.0); H5=(3049179, 7, 1)"
RM_024_JUST.h5,47308,metadata shape mismatch,"metadata=(262144.0,3.0); H5=(3048192, 7, 1)"
RM_024_JUST.h5,47309,metadata shape mismatch,"metadata=(262144.0,3.0); H5=(3049179, 7, 1)"
RM_024_JUST.h5,47310,metadata shape mismatch,"metadata=(262144.0,3.0); H5=(3062016, 7, 1)"
RM_024_JUST.h5,47311,metadata shape mismatch,"metadata=(262144.0,3.0); H5=(3036342, 7, 1)"
RM_024_JUST.h5,47312,metadata shape mismatch,"metadata=(262144.0,3.0); H5=(3051154, 7, 1)"
RM_024_JUST.h5,47313,metadata shape mismatch,"metadata=(262144.0,3.0); H5=(3080777, 7, 1)"
RM_024_JUST.h5,47314,metadata shape mismatch,"metadata=(262144.0,3.0); H5=(3076827, 7, 1)"
RM_024_JUST.h5,47315,metadata shape mismatch,"metadata=(262144.0,3.0); H5=(3317760, 7, 1)"
RM_024_JUST.h5,47316,metadata shape mismatch,"metadata=(262144.0,3.0); H5=(3141010, 7, 1)"
RM_024_JUST.h5,47317,metadata shape mismatch,"metadata=(262144.0,3.0); H5=(3124224, 7, 1)"
RM_024_JUST.h5,47318,metadata shape mismatch,"metadata=(262144.0,3.0); H5=(3091638, 7, 1)"
RM_024_JUST.h5,47319,metadata shape mismatch,"metadata=(262144.0,3.0); H5=(3056091, 7, 1)"
RM_024_JUST.h5,47320,metadata shape mismatch,"metadata=(262144.0,3.0); H5=(3054116, 7, 1)"
RM_024_JUST.h5,47321,metadata shape mismatch,"metadata=(262144.0,3.0); H5=(3042267, 7, 1)"
RM_024_JUST.h5,47322,metadata shape mismatch,"metadata=(262144.0,3.0); H5=(3036342, 7, 1)"
RM_024_JUST.h5,47323,metadata shape mismatch,"metadata=(262144.0,3.0); H5=(3057078, 7, 1)"
RM_024_JUST.h5,47324,metadata shape mismatch,"metadata=(262144.0,3.0); H5=(3052141, 7, 1)"
RM_024_JUST.h5,47325,metadata shape mismatch,"metadata=(262144.0,3.0); H5=(3099538, 7, 1)"
RM_024_JUST.h5,47326,metadata shape mismatch,"metadata=(262144.0,3.0); H5=(3042267, 7, 1)"
RM_024_JUST.h5,47327,metadata shape mismatch,"metadata=(262144.0,3.0); H5=(3050166, 7, 1)"
RM_024_JUST.h5,47328,metadata shape mismatch,"metadata=(262144.0,3.0); H5=(3117312, 7, 1)"
RM_024_JUST.h5,47329,metadata shape mismatch,"metadata=(262144.0,3.0); H5=(3049179, 7, 1)"
RM_024_JUST.h5,47330,metadata shape mismatch,"metadata=(262144.0,3.0); H5=(3153846, 7, 1)"
RM_024_JUST.h5,47331,metadata shape mismatch,"metadata=(262144.0,3.0); H5=(3040292, 7, 1)"
RM_024_JUST.h5,47332,metadata shape mismatch,"metadata=(262144.0,3.0); H5=(3034368, 7, 1)"
RM_024_JUST.h5,47333,metadata shape mismatch,"metadata=(262144.0,3.0); H5=(3071890, 7, 1)"
RM_024_JUST.h5,47334,metadata shape mismatch,"metadata=(262144.0,3.0); H5=(3055104, 7, 1)"
RM_024_JUST.h5,47335,metadata shape mismatch,"metadata=(262144.0,3.0); H5=(3045229, 7, 1)"
RM_024_JUST.h5,47336,metadata shape mismatch,"metadata=(262144.0,3.0); H5=(3056091, 7, 1)"
RM_024_JUST.h5,47337,metadata shape mismatch,"metadata=(262144.0,3.0); H5=(3038317, 7, 1)"
RM_024_JUST.h5,47338,metadata shape mismatch,"metadata=(262144.0,3.0); H5=(3038317, 7, 1)"
RM_024_JUST.h5,47339,metadata shape mismatch,"metadata=(262144.0,3.0); H5=(3044242, 7, 1)"
RM_024_JUST.h5,47340,metadata shape mismatch,"metadata=(262144.0,3.0); H5=(3059053, 7, 1)"
RM_024_JUST.h5,47341,metadata shape mismatch,"metadata=(262144.0,3.0); H5=(3077814, 7, 1)"
RM_024_JUST.h5,47342,metadata shape mismatch,"metadata=(262144.0,3.0); H5=(3049179, 7, 1)"
RM_024_JUST.h5,47343,metadata shape mismatch,"metadata=(262144.0,3.0); H5=(3051154, 7, 1)"
RM_024_JUST.h5,47344,metadata shape mismatch,"metadata=(262144.0,3.0); H5=(3055104, 7, 1)"
RM_024_JUST.h5,47345,metadata shape mismatch,"metadata=(262144.0,3.0); H5=(3077814, 7, 1)"
RM_024_JUST.h5,47346,metadata shape mismatch,"metadata=(262144.0,3.0); H5=(3060041, 7, 1)"
RM_024_JUST.h5,47347,metadata shape mismatch,"metadata=(262144.0,3.0); H5=(3074852, 7, 1)"
RM_024_JUST.h5,47348,metadata shape mismatch,"metadata=(262144.0,3.0); H5=(3062016, 7, 1)"
RM_024_JUST.h5,47349,metadata shape mismatch,"metadata=(262144.0,3.0); H5=(3069915, 7, 1)"
RM_024_JUST.h5,47350,metadata shape mismatch,"metadata=(262144.0,3.0); H5=(3060041, 7, 1)"
RM_024_JUST.h5,47351,metadata shape mismatch,"metadata=(262144.0,3.0); H5=(3066953, 7, 1)"
RM_024_JUST.h5,47352,metadata shape mismatch,"metadata=(262144.0,3.0); H5=(3076827, 7, 1)"
RM_024_JUST.h5,47353,metadata shape mismatch,"metadata=(262144.0,3.0); H5=(3190381, 7, 1)"
RM_024_JUST.h5,47354,metadata shape mismatch,"metadata=(262144.0,3.0); H5=(3183469, 7, 1)"
RM_024_JUST.h5,47355,metadata shape mismatch,"metadata=(262144.0,3.0); H5=(3195318, 7, 1)"
RM_024_JUST.h5,47356,metadata shape mismatch,"metadata=(262144.0,3.0); H5=(3198281, 7, 1)"
RM_024_JUST.h5,47357,metadata shape mismatch,"metadata=(262144.0,3.0); H5=(3185444, 7, 1)"
RM_024_JUST.h5,47358,metadata shape mismatch,"metadata=(262144.0,3.0); H5=(3056091, 7, 1)"
RM_024_JUST.h5,47359,metadata shape mismatch,"metadata=(262144.0,3.0); H5=(3036342, 7, 1)"
RM_024_JUST.h5,47360,metadata shape mismatch,"metadata=(262144.0,3.0); H5=(3063990, 7, 1)"
RM_024_JUST.h5,47361,metadata shape mismatch,"metadata=(262144.0,3.0); H5=(3049179, 7, 1)"
RM_024_JUST.h5,47362,metadata shape mismatch,"metadata=(262144.0,3.0); H5=(3049179, 7, 1)"
RM_024_JUST.h5,47363,metadata shape mismatch,"metadata=(262144.0,3.0); H5=(3072878, 7, 1)"
RM_024_JUST.h5,47364,metadata shape mismatch,"metadata=(262144.0,3.0); H5=(3071890, 7, 1)"
RM_024_JUST.h5,47365,metadata shape mismatch,"metadata=(262144.0,3.0); H5=(3061028, 7, 1)"
RM_024_JUST.h5,47366,metadata shape mismatch,"metadata=(262144.0,3.0); H5=(3050166, 7, 1)"
RM_024_JUST.h5,47367,metadata shape mismatch,"metadata=(262144.0,3.0); H5=(3054116, 7, 1)"
RM_024_JUST.h5,47368,metadata shape mismatch,"metadata=(262144.0,3.0); H5=(3072877, 7, 1)"
RM_024_JUST.h5,47369,metadata shape mismatch,"metadata=(262144.0,3.0); H5=(3046217, 7, 1)"
RM_024_JUST.h5,47370,metadata shape mismatch,"metadata=(262144.0,3.0); H5=(3085714, 7, 1)"
RM_024_JUST.h5,47371,metadata shape mismatch,"metadata=(262144.0,3.0); H5=(3065965, 7, 1)"
RM_024_JUST.h5,47372,metadata shape mismatch,"metadata=(262144.0,3.0); H5=(3057078, 7, 1)"
RM_024_JUST.h5,47373,metadata shape mismatch,"metadata=(262144.0,3.0); H5=(3155821, 7, 1)"
RM_024_JUST.h5,47374,metadata shape mismatch,"metadata=(262144.0,3.0); H5=(3072877, 7, 1)"
RM_024_JUST.h5,47375,metadata shape mismatch,"metadata=(262144.0,3.0); H5=(3098550, 7, 1)"
RM_024_JUST.h5,47376,metadata shape mismatch,"metadata=(262144.0,3.0); H5=(3102500, 7, 1)"
RM_024_JUST.h5,47377,metadata shape mismatch,"metadata=(262144.0,3.0); H5=(3090651, 7, 1)"
RM_024_JUST.h5,47378,metadata shape mismatch,"metadata=(262144.0,3.0); H5=(3043254, 7, 1)"
RM_024_JUST.h5,47379,metadata shape mismatch,"metadata=(262144.0,3.0); H5=(3054116, 7, 1)"
RM_024_JUST.h5,47380,metadata shape mismatch,"metadata=(262144.0,3.0); H5=(3035355, 7, 1)"
RM_024_JUST.h5,47381,metadata shape mismatch,"metadata=(262144.0,3.0); H5=(3061028, 7, 1)"
RM_024_JUST.h5,47382,metadata shape mismatch,"metadata=(262144.0,3.0); H5=(3048192, 7, 1)"
RM_024_JUST.h5,47383,metadata shape mismatch,"metadata=(262144.0,3.0); H5=(3106451, 7, 1)"
RM_024_JUST.h5,47384,metadata shape mismatch,"metadata=(262144.0,3.0); H5=(3048192, 7, 1)"
RM_024_JUST.h5,47385,metadata shape mismatch,"metadata=(262144.0,3.0); H5=(3087689, 7, 1)"
RM_024_JUST.h5,47386,metadata shape mismatch,"metadata=(262144.0,3.0); H5=(3041280, 7, 1)"
RM_024_JUST.h5,47387,metadata shape mismatch,"metadata=(262144.0,3.0); H5=(3063003, 7, 1)"
RM_024_JUST.h5,47388,metadata shape mismatch,"metadata=(262144.0,3.0); H5=(3044242, 7, 1)"
RM_024_JUST.h5,47389,metadata shape mismatch,"metadata=(262144.0,3.0); H5=(3055104, 7, 1)"
RM_024_JUST.h5,47390,metadata shape mismatch,"metadata=(262144.0,3.0); H5=(3055104, 7, 1)"
RM_024_JUST.h5,47391,metadata shape mismatch,"metadata=(262144.0,3.0); H5=(3030418, 7, 1)"
RM_024_JUST.h5,47392,metadata shape mismatch,"metadata=(262144.0,3.0); H5=(3091638, 7, 1)"
RM_024_JUST.h5,47393,metadata shape mismatch,"metadata=(262144.0,3.0); H5=(3049179, 7, 1)"
RM_024_JUST.h5,47394,metadata shape mismatch,"metadata=(262144.0,3.0); H5=(3063990, 7, 1)"
RM_024_JUST.h5,47395,metadata shape mismatch,"metadata=(262144.0,3.0); H5=(3037330, 7, 1)"
RM_024_JUST.h5,47396,metadata shape mismatch,"metadata=(262144.0,3.0); H5=(3047204, 7, 1)"
RM_024_JUST.h5,47397,metadata shape mismatch,"metadata=(262144.0,3.0); H5=(3045229, 7, 1)"
RM_024_JUST.h5,47398,metadata shape mismatch,"metadata=(262144.0,3.0); H5=(3053129, 7, 1)"
RM_024_JUST.h5,47399,metadata shape mismatch,"metadata=(262144.0,3.0); H5=(3040292, 7, 1)"
RM_024_JUST.h5,47400,metadata shape mismatch,"metadata=(262144.0,3.0); H5=(3142985, 7, 1)"
RM_024_JUST.h5,47401,metadata shape mismatch,"metadata=(262144.0,3.0); H5=(3124224, 7, 1)"
RM_024_JUST.h5,47402,metadata shape mismatch,"metadata=(262144.0,3.0); H5=(3164708, 7, 1)"
RM_024_JUST.h5,47403,metadata shape mismatch,"metadata=(262144.0,3.0); H5=(3046217, 7, 1)"
RM_024_JUST.h5,47404,metadata shape mismatch,"metadata=(262144.0,3.0); H5=(3045229, 7, 1)"
RM_024_JUST.h5,47405,metadata shape mismatch,"metadata=(262144.0,3.0); H5=(3241728, 7, 1)"
RM_024_JUST.h5,47406,metadata shape mismatch,"metadata=(262144.0,3.0); H5=(3075840, 7, 1)"
RM_024_JUST.h5,47407,metadata shape mismatch,"metadata=(262144.0,3.0); H5=(3130148, 7, 1)"
RM_024_JUST.h5,47507,metadata shape mismatch,"metadata=(262144.0,3.0); H5=(3046217, 7, 1)"
RM_024_JUST.h5,47508,metadata shape mismatch,"metadata=(262144.0,3.0); H5=(3133110, 7, 1)"
RM_024_JUST.h5,47509,metadata shape mismatch,"metadata=(262144.0,3.0); H5=(3098550, 7, 1)"
RM_024_JUST.h5,47510,metadata shape mismatch,"metadata=(262144.0,3.0); H5=(3073865, 7, 1)"
RM_024_JUST.h5,47511,metadata shape mismatch,"metadata=(262144.0,3.0); H5=(3152859, 7, 1)"
RM_024_JUST.h5,47512,metadata shape mismatch,"metadata=(262144.0,3.0); H5=(3193344, 7, 1)"
RM_024_JUST.h5,47513,metadata shape mismatch,"metadata=(262144.0,3.0); H5=(3198281, 7, 1)"
RM_024_JUST.h5,47514,metadata shape mismatch,"metadata=(262144.0,3.0); H5=(3193344, 7, 1)"
RM_024_JUST.h5,47515,metadata shape mismatch,"metadata=(262144.0,3.0); H5=(3048192, 7, 1)"
RM_024_JUST.h5,47516,metadata shape mismatch,"metadata=(262144.0,3.0); H5=(3090651, 7, 1)"
RM_024_JUST.h5,47517,metadata shape mismatch,"metadata=(262144.0,3.0); H5=(3131136, 7, 1)"
RM_024_JUST.h5,47518,metadata shape mismatch,"metadata=(262144.0,3.0); H5=(3124224, 7, 1)"
RM_024_JUST.h5,47519,metadata shape mismatch,"metadata=(262144.0,3.0); H5=(3060041, 7, 1)"
RM_024_JUST.h5,47520,metadata shape mismatch,"metadata=(262144.0,3.0); H5=(3038317, 7, 1)"
RM_024_JUST.h5,47521,metadata shape mismatch,"metadata=(262144.0,3.0); H5=(3060041, 7, 1)"
RM_024_JUST.h5,47522,metadata shape mismatch,"metadata=(262144.0,3.0); H5=(3093613, 7, 1)"
RM_024_JUST.h5,47523,metadata shape mismatch,"metadata=(262144.0,3.0); H5=(3158784, 7, 1)"
RM_024_JUST.h5,47524,metadata shape mismatch,"metadata=(262144.0,3.0); H5=(3057078, 7, 1)"
RM_024_JUST.h5,47525,metadata shape mismatch,"metadata=(262144.0,3.0); H5=(3058066, 7, 1)"
RM_024_JUST.h5,47526,metadata shape mismatch,"metadata=(262144.0,3.0); H5=(3045229, 7, 1)"
RM_024_JUST.h5,47527,metadata shape mismatch,"metadata=(262144.0,3.0); H5=(3109412, 7, 1)"
RM_024_JUST.h5,47528,metadata shape mismatch,"metadata=(262144.0,3.0); H5=(3074852, 7, 1)"
RM_024_JUST.h5,47529,metadata shape mismatch,"metadata=(262144.0,3.0); H5=(3109412, 7, 1)"
RM_024_JUST.h5,47530,metadata shape mismatch,"metadata=(262144.0,3.0); H5=(3055104, 7, 1)"
RM_024_JUST.h5,47531,metadata shape mismatch,"metadata=(262144.0,3.0); H5=(3056091, 7, 1)"
RM_024_JUST.h5,47532,metadata shape mismatch,"metadata=(262144.0,3.0); H5=(3184457, 7, 1)"
RM_024_JUST.h5,47533,metadata shape mismatch,"metadata=(262144.0,3.0); H5=(3192356, 7, 1)"
RM_024_JUST.h5,47534,metadata shape mismatch,"metadata=(262144.0,3.0); H5=(3160758, 7, 1)"
RM_024_JUST.h5,47535,metadata shape mismatch,"metadata=(262144.0,3.0); H5=(3198281, 7, 1)"
RM_024_JUST.h5,47536,metadata shape mismatch,"metadata=(262144.0,3.0); H5=(3159771, 7, 1)"
RM_024_JUST.h5,47537,metadata shape mismatch,"metadata=(262144.0,3.0); H5=(3053129, 7, 1)"
RM_024_JUST.h5,47538,metadata shape mismatch,"metadata=(262144.0,3.0); H5=(3061028, 7, 1)"
RM_024_JUST.h5,47539,metadata shape mismatch,"metadata=(262144.0,3.0); H5=(3046217, 7, 1)"
RM_024_JUST.h5,47540,metadata shape mismatch,"metadata=(262144.0,3.0); H5=(3170633, 7, 1)"
RM_024_JUST.h5,47541,metadata shape mismatch,"metadata=(262144.0,3.0); H5=(3065965, 7, 1)"
RM_024_JUST.h5,47542,metadata shape mismatch,"metadata=(262144.0,3.0); H5=(3090651, 7, 1)"
RM_024_JUST.h5,47543,metadata shape mismatch,"metadata=(262144.0,3.0); H5=(3036342, 7, 1)"
RM_024_JUST.h5,47544,metadata shape mismatch,"metadata=(262144.0,3.0); H5=(3068928, 7, 1)"
RM_024_JUST.h5,47545,metadata shape mismatch,"metadata=(262144.0,3.0); H5=(3065965, 7, 1)"
RM_024_JUST.h5,47546,metadata shape mismatch,"metadata=(262144.0,3.0); H5=(3061028, 7, 1)"
RM_024_JUST.h5,47547,metadata shape mismatch,"metadata=(262144.0,3.0); H5=(3146934, 7, 1)"
RM_024_JUST.h5,47548,metadata shape mismatch,"metadata=(262144.0,3.0); H5=(3134098, 7, 1)"
RM_024_JUST.h5,47549,metadata shape mismatch,"metadata=(262144.0,3.0); H5=(3057078, 7, 1)"
RM_024_JUST.h5,47550,metadata shape mismatch,"metadata=(262144.0,3.0); H5=(3061028, 7, 1)"
RM_024_JUST.h5,47551,metadata shape mismatch,"metadata=(262144.0,3.0); H5=(3076827, 7, 1)"
RM_024_JUST.h5,47552,metadata shape mismatch,"metadata=(262144.0,3.0); H5=(3063003, 7, 1)"
RM_024_JUST.h5,47553,metadata shape mismatch,"metadata=(262144.0,3.0); H5=(3142985, 7, 1)"
RM_024_JUST.h5,47554,metadata shape mismatch,"metadata=(262144.0,3.0); H5=(3064978, 7, 1)"
RM_024_JUST.h5,47555,metadata shape mismatch,"metadata=(262144.0,3.0); H5=(3039305, 7, 1)"
RM_024_JUST.h5,47556,metadata shape mismatch,"metadata=(262144.0,3.0); H5=(3055104, 7, 1)"
RM_024_JUST.h5,47557,metadata shape mismatch,"metadata=(262144.0,3.0); H5=(3054116, 7, 1)"
RM_024_JUST.h5,47558,metadata shape mismatch,"metadata=(262144.0,3.0); H5=(3059053, 7, 1)"
RM_024_JUST.h5,47559,metadata shape mismatch,"metadata=(262144.0,3.0); H5=(3047204, 7, 1)"
RM_024_JUST.h5,47560,metadata shape mismatch,"metadata=(262144.0,3.0); H5=(3056091, 7, 1)"
RM_024_JUST.h5,47561,metadata shape mismatch,"metadata=(262144.0,3.0); H5=(3068928, 7, 1)"
RM_024_JUST.h5,47562,metadata shape mismatch,"metadata=(262144.0,3.0); H5=(3243702, 7, 1)"
RM_024_JUST.h5,47563,metadata shape mismatch,"metadata=(262144.0,3.0); H5=(3058066, 7, 1)"
RM_024_JUST.h5,47564,metadata shape mismatch,"metadata=(262144.0,3.0); H5=(3058066, 7, 1)"
RM_024_JUST.h5,47565,metadata shape mismatch,"metadata=(262144.0,3.0); H5=(3038317, 7, 1)"
RM_024_JUST.h5,47566,metadata shape mismatch,"metadata=(262144.0,3.0); H5=(3047204, 7, 1)"
RM_027_PU.h5,47567,metadata shape mismatch,"metadata=(256001.0,3.0); H5=(256823, 3, 1)"
RM_027_PU.h5,47572,metadata shape mismatch,"metadata=(256001.0,3.0); H5=(257462, 3, 1)"
RM_027_PU.h5,47573,metadata shape mismatch,"metadata=(256001.0,3.0); H5=(256003, 3, 1)"
RM_027_PU.h5,47574,metadata shape mismatch,"metadata=(256001.0,3.0); H5=(256813, 3, 1)"
RM_027_PU.h5,47576,metadata shape mismatch,"metadata=(256001.0,3.0); H5=(256608, 3, 1)"
RM_027_PU.h5,47577,metadata shape mismatch,"metadata=(256001.0,3.0); H5=(256096, 3, 1)"
RM_027_PU.h5,47578,metadata shape mismatch,"metadata=(256001.0,3.0); H5=(256000, 3, 1)"
RM_027_PU.h5,47579,metadata shape mismatch,"metadata=(256001.0,3.0); H5=(256000, 3, 1)"
RM_027_PU.h5,47580,metadata shape mismatch,"metadata=(256001.0,3.0); H5=(256002, 3, 1)"
RM_027_PU.h5,47584,metadata shape mismatch,"metadata=(256001.0,3.0); H5=(256000, 3, 1)"
RM_027_PU.h5,47587,metadata shape mismatch,"metadata=(256001.0,3.0); H5=(256070, 3, 1)"
RM_027_PU.h5,47592,metadata shape mismatch,"metadata=(256001.0,3.0); H5=(256575, 3, 1)"
RM_027_PU.h5,47596,metadata shape mismatch,"metadata=(256001.0,3.0); H5=(256327, 3, 1)"
RM_027_PU.h5,47598,metadata shape mismatch,"metadata=(256001.0,3.0); H5=(256085, 3, 1)"
RM_027_PU.h5,47599,metadata shape mismatch,"metadata=(256001.0,3.0); H5=(257110, 3, 1)"
RM_027_PU.h5,47602,metadata shape mismatch,"metadata=(256001.0,3.0); H5=(256673, 3, 1)"
RM_027_PU.h5,47604,metadata shape mismatch,"metadata=(256001.0,3.0); H5=(256002, 3, 1)"
RM_027_PU.h5,47605,metadata shape mismatch,"metadata=(256001.0,3.0); H5=(256002, 3, 1)"
RM_027_PU.h5,47606,metadata shape mismatch,"metadata=(256001.0,3.0); H5=(256000, 3, 1)"
RM_027_PU.h5,47607,metadata shape mismatch,"metadata=(256001.0,3.0); H5=(258669, 3, 1)"
RM_027_PU.h5,47608,metadata shape mismatch,"metadata=(256001.0,3.0); H5=(260927, 3, 1)"
RM_027_PU.h5,47610,metadata shape mismatch,"metadata=(256001.0,3.0); H5=(256100, 3, 1)"
RM_027_PU.h5,47612,metadata shape mismatch,"metadata=(256001.0,3.0); H5=(256293, 3, 1)"
RM_027_PU.h5,47613,metadata shape mismatch,"metadata=(256001.0,3.0); H5=(256380, 3, 1)"
RM_027_PU.h5,47614,metadata shape mismatch,"metadata=(256001.0,3.0); H5=(256002, 3, 1)"
RM_027_PU.h5,47615,metadata shape mismatch,"metadata=(256001.0,3.0); H5=(256934, 3, 1)"
RM_027_PU.h5,47616,metadata shape mismatch,"metadata=(256001.0,3.0); H5=(256003, 3, 1)"
RM_027_PU.h5,47617,metadata shape mismatch,"metadata=(256001.0,3.0); H5=(256018, 3, 1)"
RM_027_PU.h5,47618,metadata shape mismatch,"metadata=(256001.0,3.0); H5=(256000, 3, 1)"
RM_027_PU.h5,47621,metadata shape mismatch,"metadata=(256001.0,3.0); H5=(257362, 3, 1)"
RM_027_PU.h5,47623,metadata shape mismatch,"metadata=(256001.0,3.0); H5=(261196, 3, 1)"
RM_027_PU.h5,47624,metadata shape mismatch,"metadata=(256001.0,3.0); H5=(258654, 3, 1)"
RM_027_PU.h5,47625,metadata shape mismatch,"metadata=(256001.0,3.0); H5=(256724, 3, 1)"
RM_027_PU.h5,47626,metadata shape mismatch,"metadata=(256001.0,3.0); H5=(256493, 3, 1)"
RM_027_PU.h5,47629,metadata shape mismatch,"metadata=(256001.0,3.0); H5=(256087, 3, 1)"
RM_027_PU.h5,47634,metadata shape mismatch,"metadata=(256001.0,3.0); H5=(256081, 3, 1)"
RM_027_PU.h5,47635,metadata shape mismatch,"metadata=(256001.0,3.0); H5=(256075, 3, 1)"
RM_027_PU.h5,47636,metadata shape mismatch,"metadata=(256001.0,3.0); H5=(257407, 3, 1)"
RM_027_PU.h5,47638,metadata shape mismatch,"metadata=(256001.0,3.0); H5=(257352, 3, 1)"
RM_027_PU.h5,47639,metadata shape mismatch,"metadata=(256001.0,3.0); H5=(256083, 3, 1)"
RM_027_PU.h5,47640,metadata shape mismatch,"metadata=(256001.0,3.0); H5=(256744, 3, 1)"
RM_027_PU.h5,47641,metadata shape mismatch,"metadata=(256001.0,3.0); H5=(256102, 3, 1)"
RM_027_PU.h5,47642,metadata shape mismatch,"metadata=(256001.0,3.0); H5=(256101, 3, 1)"
RM_027_PU.h5,47643,metadata shape mismatch,"metadata=(256001.0,3.0); H5=(257005, 3, 1)"
RM_027_PU.h5,47644,metadata shape mismatch,"metadata=(256001.0,3.0); H5=(256102, 3, 1)"
RM_027_PU.h5,47646,metadata shape mismatch,"metadata=(256001.0,3.0); H5=(256088, 3, 1)"
RM_027_PU.h5,47650,metadata shape mismatch,"metadata=(256001.0,3.0); H5=(256000, 3, 1)"
RM_027_PU.h5,47652,metadata shape mismatch,"metadata=(256001.0,3.0); H5=(255999, 3, 1)"
RM_027_PU.h5,47653,metadata shape mismatch,"metadata=(256001.0,3.0); H5=(256000, 3, 1)"
RM_027_PU.h5,47655,metadata shape mismatch,"metadata=(256001.0,3.0); H5=(256000, 3, 1)"
RM_027_PU.h5,47656,metadata shape mismatch,"metadata=(256001.0,3.0); H5=(256279, 3, 1)"
RM_027_PU.h5,47657,metadata shape mismatch,"metadata=(256001.0,3.0); H5=(256000, 3, 1)"
RM_027_PU.h5,47658,metadata shape mismatch,"metadata=(256001.0,3.0); H5=(256003, 3, 1)"
RM_027_PU.h5,47659,metadata shape mismatch,"metadata=(256001.0,3.0); H5=(256008, 3, 1)"
RM_027_PU.h5,47661,metadata shape mismatch,"metadata=(256001.0,3.0); H5=(256003, 3, 1)"
RM_027_PU.h5,47663,metadata shape mismatch,"metadata=(256001.0,3.0); H5=(256000, 3, 1)"
RM_027_PU.h5,47664,metadata shape mismatch,"metadata=(256001.0,3.0); H5=(256387, 3, 1)"
RM_027_PU.h5,47665,metadata shape mismatch,"metadata=(256001.0,3.0); H5=(256006, 3, 1)"
RM_027_PU.h5,47667,metadata shape mismatch,"metadata=(256001.0,3.0); H5=(261265, 3, 1)"
RM_027_PU.h5,47671,metadata shape mismatch,"metadata=(256001.0,3.0); H5=(256003, 3, 1)"
RM_027_PU.h5,47675,metadata shape mismatch,"metadata=(256001.0,3.0); H5=(256003, 3, 1)"
RM_027_PU.h5,47676,metadata shape mismatch,"metadata=(256001.0,3.0); H5=(291847, 3, 1)"
RM_027_PU.h5,47677,metadata shape mismatch,"metadata=(256001.0,3.0); H5=(256004, 3, 1)"
RM_027_PU.h5,47681,metadata shape mismatch,"metadata=(256001.0,3.0); H5=(256003, 3, 1)"
RM_027_PU.h5,47682,metadata shape mismatch,"metadata=(256001.0,3.0); H5=(256002, 3, 1)"
RM_027_PU.h5,47686,metadata shape mismatch,"metadata=(256001.0,3.0); H5=(256000, 3, 1)"
RM_027_PU.h5,47689,metadata shape mismatch,"metadata=(256001.0,3.0); H5=(256005, 3, 1)"
RM_027_PU.h5,47690,metadata shape mismatch,"metadata=(256001.0,3.0); H5=(256003, 3, 1)"
RM_027_PU.h5,47697,metadata shape mismatch,"metadata=(256001.0,3.0); H5=(256000, 3, 1)"
RM_027_PU.h5,47700,metadata shape mismatch,"metadata=(256001.0,3.0); H5=(256002, 3, 1)"
RM_027_PU.h5,47702,metadata shape mismatch,"metadata=(256001.0,3.0); H5=(255996, 3, 1)"
RM_027_PU.h5,47703,metadata shape mismatch,"metadata=(256001.0,3.0); H5=(256003, 3, 1)"
RM_027_PU.h5,47704,metadata shape mismatch,"metadata=(256001.0,3.0); H5=(256000, 3, 1)"
RM_027_PU.h5,47705,metadata shape mismatch,"metadata=(256001.0,3.0); H5=(256000, 3, 1)"
RM_027_PU.h5,47709,metadata shape mismatch,"metadata=(256001.0,3.0); H5=(256135, 3, 1)"
RM_027_PU.h5,47711,metadata shape mismatch,"metadata=(256001.0,3.0); H5=(256002, 3, 1)"
RM_027_PU.h5,47712,metadata shape mismatch,"metadata=(256001.0,3.0); H5=(256000, 3, 1)"
RM_027_PU.h5,47713,metadata shape mismatch,"metadata=(256001.0,3.0); H5=(256002, 3, 1)"
RM_027_PU.h5,47714,metadata shape mismatch,"metadata=(256001.0,3.0); H5=(256003, 3, 1)"
RM_027_PU.h5,47717,metadata shape mismatch,"metadata=(256001.0,3.0); H5=(256004, 3, 1)"
RM_027_PU.h5,47723,metadata shape mismatch,"metadata=(256001.0,3.0); H5=(256000, 3, 1)"
RM_027_PU.h5,47724,metadata shape mismatch,"metadata=(256001.0,3.0); H5=(278265, 3, 1)"
RM_027_PU.h5,47727,metadata shape mismatch,"metadata=(256001.0,3.0); H5=(256000, 3, 1)"
RM_027_PU.h5,47729,metadata shape mismatch,"metadata=(256001.0,3.0); H5=(256084, 3, 1)"
RM_027_PU.h5,47731,metadata shape mismatch,"metadata=(256001.0,3.0); H5=(261167, 3, 1)"
RM_027_PU.h5,47734,metadata shape mismatch,"metadata=(256001.0,3.0); H5=(256000, 3, 1)"
RM_027_PU.h5,47735,metadata shape mismatch,"metadata=(256001.0,3.0); H5=(256090, 3, 1)"
RM_027_PU.h5,47736,metadata shape mismatch,"metadata=(256001.0,3.0); H5=(256501, 3, 1)"
RM_027_PU.h5,47741,metadata shape mismatch,"metadata=(256001.0,3.0); H5=(256435, 3, 1)"
RM_027_PU.h5,47742,metadata shape mismatch,"metadata=(256001.0,3.0); H5=(256000, 3, 1)"
RM_027_PU.h5,47743,metadata shape mismatch,"metadata=(256001.0,3.0); H5=(256084, 3, 1)"
RM_027_PU.h5,47745,metadata shape mismatch,"metadata=(256001.0,3.0); H5=(256867, 3, 1)"
RM_027_PU.h5,47746,metadata shape mismatch,"metadata=(256001.0,3.0); H5=(256002, 3, 1)"
RM_027_PU.h5,47747,metadata shape mismatch,"metadata=(256001.0,3.0); H5=(262593, 3, 1)"
RM_027_PU.h5,47748,metadata shape mismatch,"metadata=(256001.0,3.0); H5=(258898, 3, 1)"
RM_027_PU.h5,47751,metadata shape mismatch,"metadata=(256001.0,3.0); H5=(256347, 3, 1)"
RM_027_PU.h5,47752,metadata shape mismatch,"metadata=(256001.0,3.0); H5=(256082, 3, 1)"
RM_027_PU.h5,47754,metadata shape mismatch,"metadata=(256001.0,3.0); H5=(256003, 3, 1)"
RM_027_PU.h5,47757,metadata shape mismatch,"metadata=(256001.0,3.0); H5=(256002, 3, 1)"
RM_027_PU.h5,47760,metadata shape mismatch,"metadata=(256001.0,3.0); H5=(256058, 3, 1)"
RM_027_PU.h5,47766,metadata shape mismatch,"metadata=(256001.0,3.0); H5=(258894, 3, 1)"
RM_027_PU.h5,47768,metadata shape mismatch,"metadata=(256001.0,3.0); H5=(260053, 3, 1)"
RM_027_PU.h5,47770,metadata shape mismatch,"metadata=(256001.0,3.0); H5=(262512, 3, 1)"
RM_027_PU.h5,47772,metadata shape mismatch,"metadata=(256001.0,3.0); H5=(259792, 3, 1)"
RM_027_PU.h5,47776,metadata shape mismatch,"metadata=(256001.0,3.0); H5=(262243, 3, 1)"
RM_027_PU.h5,47777,metadata shape mismatch,"metadata=(256001.0,3.0); H5=(256088, 3, 1)"
RM_027_PU.h5,47781,metadata shape mismatch,"metadata=(256001.0,3.0); H5=(256000, 3, 1)"
RM_027_PU.h5,47782,metadata shape mismatch,"metadata=(256001.0,3.0); H5=(256675, 3, 1)"
RM_027_PU.h5,47784,metadata shape mismatch,"metadata=(256001.0,3.0); H5=(258024, 3, 1)"
RM_027_PU.h5,47787,metadata shape mismatch,"metadata=(256001.0,3.0); H5=(256000, 3, 1)"
RM_027_PU.h5,47790,metadata shape mismatch,"metadata=(256001.0,3.0); H5=(256095, 3, 1)"
RM_027_PU.h5,47791,metadata shape mismatch,"metadata=(256001.0,3.0); H5=(256112, 3, 1)"
RM_027_PU.h5,47792,metadata shape mismatch,"metadata=(256001.0,3.0); H5=(256000, 3, 1)"
RM_027_PU.h5,47794,metadata shape mismatch,"metadata=(256001.0,3.0); H5=(256000, 3, 1)"
RM_027_PU.h5,47795,metadata shape mismatch,"metadata=(256001.0,3.0); H5=(256002, 3, 1)"
RM_027_PU.h5,47797,metadata shape mismatch,"metadata=(256001.0,3.0); H5=(256957, 3, 1)"
RM_027_PU.h5,47798,metadata shape mismatch,"metadata=(256001.0,3.0); H5=(256171, 3, 1)"
RM_027_PU.h5,47799,metadata shape mismatch,"metadata=(256001.0,3.0); H5=(256059, 3, 1)"
RM_027_PU.h5,47800,metadata shape mismatch,"metadata=(256001.0,3.0); H5=(260348, 3, 1)"
RM_027_PU.h5,47801,metadata shape mismatch,"metadata=(256001.0,3.0); H5=(258735, 3, 1)"
RM_027_PU.h5,47802,metadata shape mismatch,"metadata=(256001.0,3.0); H5=(256112, 3, 1)"
RM_027_PU.h5,47803,metadata shape mismatch,"metadata=(256001.0,3.0); H5=(261537, 3, 1)"
RM_027_PU.h5,47804,metadata shape mismatch,"metadata=(256001.0,3.0); H5=(256107, 3, 1)"
RM_027_PU.h5,47806,metadata shape mismatch,"metadata=(256001.0,3.0); H5=(256972, 3, 1)"
RM_027_PU.h5,47807,metadata shape mismatch,"metadata=(256001.0,3.0); H5=(256002, 3, 1)"
RM_027_PU.h5,47808,metadata shape mismatch,"metadata=(256001.0,3.0); H5=(259996, 3, 1)"
RM_027_PU.h5,47813,metadata shape mismatch,"metadata=(256001.0,3.0); H5=(256141, 3, 1)"
RM_027_PU.h5,47814,metadata shape mismatch,"metadata=(256001.0,3.0); H5=(256399, 3, 1)"
RM_027_PU.h5,47818,metadata shape mismatch,"metadata=(256001.0,3.0); H5=(256000, 3, 1)"
RM_027_PU.h5,47820,metadata shape mismatch,"metadata=(256001.0,3.0); H5=(257685, 3, 1)"
RM_027_PU.h5,47825,metadata shape mismatch,"metadata=(256001.0,3.0); H5=(256000, 3, 1)"
RM_027_PU.h5,47826,metadata shape mismatch,"metadata=(256001.0,3.0); H5=(260910, 3, 1)"
RM_027_PU.h5,47830,metadata shape mismatch,"metadata=(256001.0,3.0); H5=(256002, 3, 1)"
RM_027_PU.h5,47840,metadata shape mismatch,"metadata=(256001.0,3.0); H5=(260586, 3, 1)"
RM_027_PU.h5,47841,metadata shape mismatch,"metadata=(256001.0,3.0); H5=(256304, 3, 1)"
RM_027_PU.h5,47843,metadata shape mismatch,"metadata=(256001.0,3.0); H5=(258033, 3, 1)"
RM_027_PU.h5,47846,metadata shape mismatch,"metadata=(256001.0,3.0); H5=(257678, 3, 1)"
RM_027_PU.h5,47851,metadata shape mismatch,"metadata=(256001.0,3.0); H5=(256000, 3, 1)"
RM_027_PU.h5,47854,metadata shape mismatch,"metadata=(256001.0,3.0); H5=(257629, 3, 1)"
RM_027_PU.h5,47856,metadata shape mismatch,"metadata=(256001.0,3.0); H5=(258044, 3, 1)"
RM_027_PU.h5,47858,metadata shape mismatch,"metadata=(256001.0,3.0); H5=(256291, 3, 1)"
RM_027_PU.h5,47859,metadata shape mismatch,"metadata=(256001.0,3.0); H5=(256000, 3, 1)"
RM_027_PU.h5,47861,metadata shape mismatch,"metadata=(256001.0,3.0); H5=(257935, 3, 1)"
RM_027_PU.h5,47871,metadata shape mismatch,"metadata=(256001.0,3.0); H5=(256000, 3, 1)"
RM_027_PU.h5,47873,metadata shape mismatch,"metadata=(256001.0,3.0); H5=(256004, 3, 1)"
RM_027_PU.h5,47875,metadata shape mismatch,"metadata=(256001.0,3.0); H5=(256000, 3, 1)"
RM_027_PU.h5,47878,metadata shape mismatch,"metadata=(256001.0,3.0); H5=(256002, 3, 1)"
RM_027_PU.h5,47879,metadata shape mismatch,"metadata=(256001.0,3.0); H5=(256000, 3, 1)"
RM_027_PU.h5,47883,metadata shape mismatch,"metadata=(256001.0,3.0); H5=(256000, 3, 1)"
RM_027_PU.h5,47888,metadata shape mismatch,"metadata=(256001.0,3.0); H5=(256089, 3, 1)"
RM_027_PU.h5,47889,metadata shape mismatch,"metadata=(256001.0,3.0); H5=(256096, 3, 1)"
RM_027_PU.h5,47893,metadata shape mismatch,"metadata=(256001.0,3.0); H5=(256276, 3, 1)"
RM_027_PU.h5,47894,metadata shape mismatch,"metadata=(256001.0,3.0); H5=(256089, 3, 1)"
RM_027_PU.h5,47898,metadata shape mismatch,"metadata=(256001.0,3.0); H5=(256855, 3, 1)"
RM_027_PU.h5,47899,metadata shape mismatch,"metadata=(256001.0,3.0); H5=(256000, 3, 1)"
RM_027_PU.h5,47900,metadata shape mismatch,"metadata=(256001.0,3.0); H5=(256003, 3, 1)"
RM_027_PU.h5,47901,metadata shape mismatch,"metadata=(256001.0,3.0); H5=(256088, 3, 1)"
RM_027_PU.h5,47902,metadata shape mismatch,"metadata=(256001.0,3.0); H5=(261915, 3, 1)"
RM_027_PU.h5,47903,metadata shape mismatch,"metadata=(256001.0,3.0); H5=(256003, 3, 1)"
RM_027_PU.h5,47909,metadata shape mismatch,"metadata=(256001.0,3.0); H5=(256000, 3, 1)"
RM_027_PU.h5,47910,metadata shape mismatch,"metadata=(256001.0,3.0); H5=(261802, 3, 1)"
RM_027_PU.h5,47911,metadata shape mismatch,"metadata=(256001.0,3.0); H5=(261042, 3, 1)"
RM_027_PU.h5,47912,metadata shape mismatch,"metadata=(256001.0,3.0); H5=(261761, 3, 1)"
RM_027_PU.h5,47913,metadata shape mismatch,"metadata=(256001.0,3.0); H5=(256697, 3, 1)"
RM_027_PU.h5,47915,metadata shape mismatch,"metadata=(256001.0,3.0); H5=(257207, 3, 1)"
RM_027_PU.h5,47922,metadata shape mismatch,"metadata=(256001.0,3.0); H5=(256000, 3, 1)"
RM_027_PU.h5,47924,metadata shape mismatch,"metadata=(256001.0,3.0); H5=(260010, 3, 1)"
RM_027_PU.h5,47925,metadata shape mismatch,"metadata=(256001.0,3.0); H5=(256288, 3, 1)"
RM_027_PU.h5,47927,metadata shape mismatch,"metadata=(256001.0,3.0); H5=(261015, 3, 1)"
RM_027_PU.h5,47931,metadata shape mismatch,"metadata=(256001.0,3.0); H5=(260879, 3, 1)"
RM_027_PU.h5,47932,metadata shape mismatch,"metadata=(256001.0,3.0); H5=(256003, 3, 1)"
RM_027_PU.h5,47933,metadata shape mismatch,"metadata=(256001.0,3.0); H5=(256167, 3, 1)"
RM_027_PU.h5,47939,metadata shape mismatch,"metadata=(256001.0,3.0); H5=(257707, 3, 1)"
RM_027_PU.h5,47943,metadata shape mismatch,"metadata=(256001.0,3.0); H5=(256000, 3, 1)"
RM_027_PU.h5,47946,metadata shape mismatch,"metadata=(256001.0,3.0); H5=(256000, 3, 1)"
RM_027_PU.h5,47949,metadata shape mismatch,"metadata=(256001.0,3.0); H5=(257205, 3, 1)"
RM_027_PU.h5,47950,metadata shape mismatch,"metadata=(256001.0,3.0); H5=(256699, 3, 1)"
RM_027_PU.h5,47951,metadata shape mismatch,"metadata=(256001.0,3.0); H5=(256002, 3, 1)"
RM_027_PU.h5,47953,metadata shape mismatch,"metadata=(256001.0,3.0); H5=(256528, 3, 1)"
RM_027_PU.h5,47954,metadata shape mismatch,"metadata=(256001.0,3.0); H5=(256943, 3, 1)"
RM_027_PU.h5,47955,metadata shape mismatch,"metadata=(256001.0,3.0); H5=(256003, 3, 1)"
RM_027_PU.h5,47956,metadata shape mismatch,"metadata=(256001.0,3.0); H5=(256924, 3, 1)"
RM_027_PU.h5,47957,metadata shape mismatch,"metadata=(256001.0,3.0); H5=(256003, 3, 1)"
RM_027_PU.h5,47959,metadata shape mismatch,"metadata=(256001.0,3.0); H5=(256000, 3, 1)"
RM_027_PU.h5,47961,metadata shape mismatch,"metadata=(256001.0,3.0); H5=(256000, 3, 1)"
RM_027_PU.h5,47963,metadata shape mismatch,"metadata=(256001.0,3.0); H5=(256000, 3, 1)"
RM_027_PU.h5,47964,metadata shape mismatch,"metadata=(256001.0,3.0); H5=(256088, 3, 1)"
RM_027_PU.h5,47965,metadata shape mismatch,"metadata=(256001.0,3.0); H5=(256783, 3, 1)"
RM_027_PU.h5,47966,metadata shape mismatch,"metadata=(256001.0,3.0); H5=(256005, 3, 1)"
RM_027_PU.h5,47967,metadata shape mismatch,"metadata=(256001.0,3.0); H5=(256085, 3, 1)"
RM_027_PU.h5,47968,metadata shape mismatch,"metadata=(256001.0,3.0); H5=(256098, 3, 1)"
RM_027_PU.h5,47970,metadata shape mismatch,"metadata=(256001.0,3.0); H5=(256089, 3, 1)"
RM_027_PU.h5,47971,metadata shape mismatch,"metadata=(256001.0,3.0); H5=(256084, 3, 1)"
RM_027_PU.h5,47974,metadata shape mismatch,"metadata=(256001.0,3.0); H5=(256556, 3, 1)"
RM_027_PU.h5,47975,metadata shape mismatch,"metadata=(256001.0,3.0); H5=(256097, 3, 1)"
RM_027_PU.h5,47976,metadata shape mismatch,"metadata=(256001.0,3.0); H5=(257300, 3, 1)"
RM_027_PU.h5,47977,metadata shape mismatch,"metadata=(256001.0,3.0); H5=(257362, 3, 1)"
RM_027_PU.h5,47978,metadata shape mismatch,"metadata=(256001.0,3.0); H5=(256079, 3, 1)"
RM_027_PU.h5,47979,metadata shape mismatch,"metadata=(256001.0,3.0); H5=(256084, 3, 1)"
RM_027_PU.h5,47981,metadata shape mismatch,"metadata=(256001.0,3.0); H5=(257216, 3, 1)"
RM_027_PU.h5,47982,metadata shape mismatch,"metadata=(256001.0,3.0); H5=(256089, 3, 1)"
RM_027_PU.h5,47983,metadata shape mismatch,"metadata=(256001.0,3.0); H5=(256074, 3, 1)"
RM_027_PU.h5,47984,metadata shape mismatch,"metadata=(256001.0,3.0); H5=(256880, 3, 1)"
RM_027_PU.h5,47985,metadata shape mismatch,"metadata=(256001.0,3.0); H5=(256105, 3, 1)"
RM_027_PU.h5,47986,metadata shape mismatch,"metadata=(256001.0,3.0); H5=(257537, 3, 1)"
RM_027_PU.h5,47987,metadata shape mismatch,"metadata=(256001.0,3.0); H5=(256521, 3, 1)"
RM_027_PU.h5,47989,metadata shape mismatch,"metadata=(256001.0,3.0); H5=(256880, 3, 1)"
RM_027_PU.h5,47990,metadata shape mismatch,"metadata=(256001.0,3.0); H5=(256077, 3, 1)"
RM_027_PU.h5,47992,metadata shape mismatch,"metadata=(256001.0,3.0); H5=(256090, 3, 1)"
RM_027_PU.h5,47995,metadata shape mismatch,"metadata=(256001.0,3.0); H5=(256123, 3, 1)"
RM_027_PU.h5,47998,metadata shape mismatch,"metadata=(256001.0,3.0); H5=(256267, 3, 1)"
RM_027_PU.h5,47999,metadata shape mismatch,"metadata=(256001.0,3.0); H5=(256000, 3, 1)"
RM_027_PU.h5,48000,metadata shape mismatch,"metadata=(256001.0,3.0); H5=(256083, 3, 1)"
RM_027_PU.h5,48001,metadata shape mismatch,"metadata=(256001.0,3.0); H5=(256330, 3, 1)"
RM_027_PU.h5,48002,metadata shape mismatch,"metadata=(256001.0,3.0); H5=(256078, 3, 1)"
RM_027_PU.h5,48003,metadata shape mismatch,"metadata=(256001.0,3.0); H5=(256317, 3, 1)"
RM_027_PU.h5,48005,metadata shape mismatch,"metadata=(256001.0,3.0); H5=(256590, 3, 1)"
RM_027_PU.h5,48006,metadata shape mismatch,"metadata=(256001.0,3.0); H5=(258338, 3, 1)"
RM_027_PU.h5,48007,metadata shape mismatch,"metadata=(256001.0,3.0); H5=(256387, 3, 1)"
RM_027_PU.h5,48008,metadata shape mismatch,"metadata=(256001.0,3.0); H5=(256531, 3, 1)"
RM_027_PU.h5,48011,metadata shape mismatch,"metadata=(256001.0,3.0); H5=(261433, 3, 1)"
RM_027_PU.h5,48014,metadata shape mismatch,"metadata=(256001.0,3.0); H5=(257686, 3, 1)"
RM_027_PU.h5,48016,metadata shape mismatch,"metadata=(256001.0,3.0); H5=(256002, 3, 1)"
RM_027_PU.h5,48017,metadata shape mismatch,"metadata=(256001.0,3.0); H5=(256000, 3, 1)"
RM_027_PU.h5,48021,metadata shape mismatch,"metadata=(256001.0,3.0); H5=(256135, 3, 1)"
RM_027_PU.h5,48022,metadata shape mismatch,"metadata=(256001.0,3.0); H5=(256005, 3, 1)"
RM_027_PU.h5,48024,metadata shape mismatch,"metadata=(256001.0,3.0); H5=(260797, 3, 1)"
RM_027_PU.h5,48026,metadata shape mismatch,"metadata=(256001.0,3.0); H5=(256000, 3, 1)"
RM_027_PU.h5,48029,metadata shape mismatch,"metadata=(256001.0,3.0); H5=(257427, 3, 1)"
RM_027_PU.h5,48030,metadata shape mismatch,"metadata=(256001.0,3.0); H5=(256078, 3, 1)"
RM_027_PU.h5,48033,metadata shape mismatch,"metadata=(256001.0,3.0); H5=(256000, 3, 1)"
RM_027_PU.h5,48034,metadata shape mismatch,"metadata=(256001.0,3.0); H5=(257314, 3, 1)"
RM_027_PU.h5,48035,metadata shape mismatch,"metadata=(256001.0,3.0); H5=(256080, 3, 1)"
RM_027_PU.h5,48036,metadata shape mismatch,"metadata=(256001.0,3.0); H5=(257295, 3, 1)"
RM_027_PU.h5,48038,metadata shape mismatch,"metadata=(256001.0,3.0); H5=(265871, 3, 1)"
RM_027_PU.h5,48039,metadata shape mismatch,"metadata=(256001.0,3.0); H5=(256080, 3, 1)"
RM_027_PU.h5,48040,metadata shape mismatch,"metadata=(256001.0,3.0); H5=(256972, 3, 1)"
RM_027_PU.h5,48042,metadata shape mismatch,"metadata=(256001.0,3.0); H5=(256099, 3, 1)"
RM_027_PU.h5,48043,metadata shape mismatch,"metadata=(256001.0,3.0); H5=(257247, 3, 1)"
RM_027_PU.h5,48045,metadata shape mismatch,"metadata=(256001.0,3.0); H5=(257504, 3, 1)"
RM_027_PU.h5,48046,metadata shape mismatch,"metadata=(256001.0,3.0); H5=(256095, 3, 1)"
RM_027_PU.h5,48048,metadata shape mismatch,"metadata=(256001.0,3.0); H5=(256088, 3, 1)"
RM_027_PU.h5,48049,metadata shape mismatch,"metadata=(256001.0,3.0); H5=(256002, 3, 1)"
RM_027_PU.h5,48050,metadata shape mismatch,"metadata=(256001.0,3.0); H5=(256004, 3, 1)"
RM_027_PU.h5,48052,metadata shape mismatch,"metadata=(256001.0,3.0); H5=(256103, 3, 1)"
RM_027_PU.h5,48054,metadata shape mismatch,"metadata=(256001.0,3.0); H5=(256003, 3, 1)"
RM_027_PU.h5,48055,metadata shape mismatch,"metadata=(256001.0,3.0); H5=(256100, 3, 1)"
RM_027_PU.h5,48056,metadata shape mismatch,"metadata=(256001.0,3.0); H5=(256000, 3, 1)"
RM_027_PU.h5,48057,metadata shape mismatch,"metadata=(256001.0,3.0); H5=(256395, 3, 1)"
RM_027_PU.h5,48058,metadata shape mismatch,"metadata=(256001.0,3.0); H5=(256080, 3, 1)"
RM_027_PU.h5,48059,metadata shape mismatch,"metadata=(256001.0,3.0); H5=(256000, 3, 1)"
RM_027_PU.h5,48060,metadata shape mismatch,"metadata=(256001.0,3.0); H5=(256005, 3, 1)"
RM_027_PU.h5,48061,metadata shape mismatch,"metadata=(256001.0,3.0); H5=(256086, 3, 1)"
RM_027_PU.h5,48063,metadata shape mismatch,"metadata=(256001.0,3.0); H5=(256081, 3, 1)"
RM_027_PU.h5,48065,metadata shape mismatch,"metadata=(256001.0,3.0); H5=(256003, 3, 1)"
RM_027_PU.h5,48067,metadata shape mismatch,"metadata=(256001.0,3.0); H5=(256077, 3, 1)"
RM_027_PU.h5,48068,metadata shape mismatch,"metadata=(256001.0,3.0); H5=(256002, 3, 1)"
RM_027_PU.h5,48069,metadata shape mismatch,"metadata=(256001.0,3.0); H5=(256005, 3, 1)"
RM_027_PU.h5,48070,metadata shape mismatch,"metadata=(256001.0,3.0); H5=(256097, 3, 1)"
RM_027_PU.h5,48071,metadata shape mismatch,"metadata=(256001.0,3.0); H5=(256105, 3, 1)"
RM_027_PU.h5,48073,metadata shape mismatch,"metadata=(256001.0,3.0); H5=(256003, 3, 1)"
RM_027_PU.h5,48074,metadata shape mismatch,"metadata=(256001.0,3.0); H5=(256000, 3, 1)"
RM_027_PU.h5,48075,metadata shape mismatch,"metadata=(256001.0,3.0); H5=(255998, 3, 1)"
RM_027_PU.h5,48079,metadata shape mismatch,"metadata=(256001.0,3.0); H5=(256082, 3, 1)"
RM_027_PU.h5,48080,metadata shape mismatch,"metadata=(256001.0,3.0); H5=(256000, 3, 1)"
RM_027_PU.h5,48082,metadata shape mismatch,"metadata=(256001.0,3.0); H5=(256095, 3, 1)"
RM_027_PU.h5,48083,metadata shape mismatch,"metadata=(256001.0,3.0); H5=(256068, 3, 1)"
RM_027_PU.h5,48084,metadata shape mismatch,"metadata=(256001.0,3.0); H5=(256000, 3, 1)"
RM_027_PU.h5,48086,metadata shape mismatch,"metadata=(256001.0,3.0); H5=(256000, 3, 1)"
RM_027_PU.h5,48087,metadata shape mismatch,"metadata=(256001.0,3.0); H5=(256088, 3, 1)"
RM_027_PU.h5,48088,metadata shape mismatch,"metadata=(256001.0,3.0); H5=(256000, 3, 1)"
RM_027_PU.h5,48090,metadata shape mismatch,"metadata=(256001.0,3.0); H5=(256003, 3, 1)"
RM_027_PU.h5,48091,metadata shape mismatch,"metadata=(256001.0,3.0); H5=(255999, 3, 1)"
RM_027_PU.h5,48092,metadata shape mismatch,"metadata=(256001.0,3.0); H5=(256080, 3, 1)"
RM_027_PU.h5,48093,metadata shape mismatch,"metadata=(256001.0,3.0); H5=(256000, 3, 1)"
RM_027_PU.h5,48095,metadata shape mismatch,"metadata=(256001.0,3.0); H5=(256072, 3, 1)"
RM_027_PU.h5,48097,metadata shape mismatch,"metadata=(256001.0,3.0); H5=(256000, 3, 1)"
RM_027_PU.h5,48099,metadata shape mismatch,"metadata=(256001.0,3.0); H5=(255999, 3, 1)"
RM_027_PU.h5,48100,metadata shape mismatch,"metadata=(256001.0,3.0); H5=(256070, 3, 1)"
RM_027_PU.h5,48101,metadata shape mismatch,"metadata=(256001.0,3.0); H5=(256000, 3, 1)"
RM_027_PU.h5,48102,metadata shape mismatch,"metadata=(256001.0,3.0); H5=(277049, 3, 1)"
RM_027_PU.h5,48103,metadata shape mismatch,"metadata=(256001.0,3.0); H5=(256092, 3, 1)"
RM_027_PU.h5,48105,metadata shape mismatch,"metadata=(256001.0,3.0); H5=(256419, 3, 1)"
RM_027_PU.h5,48106,metadata shape mismatch,"metadata=(256001.0,3.0); H5=(256080, 3, 1)"
RM_027_PU.h5,48107,metadata shape mismatch,"metadata=(256001.0,3.0); H5=(256000, 3, 1)"
RM_027_PU.h5,48108,metadata shape mismatch,"metadata=(256001.0,3.0); H5=(256095, 3, 1)"
RM_027_PU.h5,48109,metadata shape mismatch,"metadata=(256001.0,3.0); H5=(256003, 3, 1)"
RM_027_PU.h5,48110,metadata shape mismatch,"metadata=(256001.0,3.0); H5=(256000, 3, 1)"
RM_027_PU.h5,48112,metadata shape mismatch,"metadata=(256001.0,3.0); H5=(256000, 3, 1)"
RM_027_PU.h5,48115,metadata shape mismatch,"metadata=(256001.0,3.0); H5=(256000, 3, 1)"
RM_027_PU.h5,48116,metadata shape mismatch,"metadata=(256001.0,3.0); H5=(256000, 3, 1)"
RM_027_PU.h5,48117,metadata shape mismatch,"metadata=(256001.0,3.0); H5=(256000, 3, 1)"
RM_027_PU.h5,48119,metadata shape mismatch,"metadata=(256001.0,3.0); H5=(256007, 3, 1)"
RM_027_PU.h5,48120,metadata shape mismatch,"metadata=(256001.0,3.0); H5=(256008, 3, 1)"
RM_027_PU.h5,48121,metadata shape mismatch,"metadata=(256001.0,3.0); H5=(273851, 3, 1)"
RM_027_PU.h5,48122,metadata shape mismatch,"metadata=(256001.0,3.0); H5=(256615, 3, 1)"
RM_027_PU.h5,48123,metadata shape mismatch,"metadata=(256001.0,3.0); H5=(256005, 3, 1)"
RM_027_PU.h5,48124,metadata shape mismatch,"metadata=(256001.0,3.0); H5=(256000, 3, 1)"
RM_027_PU.h5,48125,metadata shape mismatch,"metadata=(256001.0,3.0); H5=(256079, 3, 1)"
RM_027_PU.h5,48126,metadata shape mismatch,"metadata=(256001.0,3.0); H5=(256113, 3, 1)"
RM_027_PU.h5,48128,metadata shape mismatch,"metadata=(256001.0,3.0); H5=(255999, 3, 1)"
RM_027_PU.h5,48129,metadata shape mismatch,"metadata=(256001.0,3.0); H5=(256002, 3, 1)"
RM_027_PU.h5,48130,metadata shape mismatch,"metadata=(256001.0,3.0); H5=(280890, 3, 1)"
RM_027_PU.h5,48131,metadata shape mismatch,"metadata=(256001.0,3.0); H5=(256002, 3, 1)"
RM_027_PU.h5,48138,metadata shape mismatch,"metadata=(256001.0,3.0); H5=(256000, 3, 1)"
RM_027_PU.h5,48145,metadata shape mismatch,"metadata=(256001.0,3.0); H5=(256000, 3, 1)"
RM_027_PU.h5,48147,metadata shape mismatch,"metadata=(256001.0,3.0); H5=(256002, 3, 1)"
RM_027_PU.h5,48148,metadata shape mismatch,"metadata=(256001.0,3.0); H5=(256005, 3, 1)"
RM_027_PU.h5,48150,metadata shape mismatch,"metadata=(256001.0,3.0); H5=(256000, 3, 1)"
RM_027_PU.h5,48151,metadata shape mismatch,"metadata=(256001.0,3.0); H5=(256000, 3, 1)"
RM_027_PU.h5,48152,metadata shape mismatch,"metadata=(256001.0,3.0); H5=(256000, 3, 1)"
RM_027_PU.h5,48156,metadata shape mismatch,"metadata=(256001.0,3.0); H5=(256000, 3, 1)"
RM_027_PU.h5,48159,metadata shape mismatch,"metadata=(256001.0,3.0); H5=(256000, 3, 1)"
RM_027_PU.h5,48160,metadata shape mismatch,"metadata=(256001.0,3.0); H5=(256003, 3, 1)"
RM_027_PU.h5,48162,metadata shape mismatch,"metadata=(256001.0,3.0); H5=(256002, 3, 1)"
RM_027_PU.h5,48163,metadata shape mismatch,"metadata=(256001.0,3.0); H5=(257676, 3, 1)"
RM_027_PU.h5,48164,metadata shape mismatch,"metadata=(256001.0,3.0); H5=(256002, 3, 1)"
RM_027_PU.h5,48165,metadata shape mismatch,"metadata=(256001.0,3.0); H5=(256002, 3, 1)"
RM_027_PU.h5,48168,metadata shape mismatch,"metadata=(256001.0,3.0); H5=(277114, 3, 1)"
RM_027_PU.h5,48169,metadata shape mismatch,"metadata=(256001.0,3.0); H5=(264362, 3, 1)"
RM_027_PU.h5,48171,metadata shape mismatch,"metadata=(256001.0,3.0); H5=(256000, 3, 1)"
RM_027_PU.h5,48172,metadata shape mismatch,"metadata=(256001.0,3.0); H5=(256003, 3, 1)"
RM_027_PU.h5,48173,metadata shape mismatch,"metadata=(256001.0,3.0); H5=(256000, 3, 1)"
RM_027_PU.h5,48175,metadata shape mismatch,"metadata=(256001.0,3.0); H5=(256002, 3, 1)"
RM_027_PU.h5,48176,metadata shape mismatch,"metadata=(256001.0,3.0); H5=(260618, 3, 1)"
RM_027_PU.h5,48177,metadata shape mismatch,"metadata=(256001.0,3.0); H5=(256000, 3, 1)"
RM_027_PU.h5,48178,metadata shape mismatch,"metadata=(256001.0,3.0); H5=(256000, 3, 1)"
RM_027_PU.h5,48179,metadata shape mismatch,"metadata=(256001.0,3.0); H5=(256000, 3, 1)"
RM_027_PU.h5,48180,metadata shape mismatch,"metadata=(256001.0,3.0); H5=(258088, 3, 1)"
RM_027_PU.h5,48183,metadata shape mismatch,"metadata=(256001.0,3.0); H5=(261628, 3, 1)"
RM_027_PU.h5,48184,metadata shape mismatch,"metadata=(256001.0,3.0); H5=(256006, 3, 1)"
RM_027_PU.h5,48185,metadata shape mismatch,"metadata=(256001.0,3.0); H5=(278492, 3, 1)"
RM_027_PU.h5,48187,metadata shape mismatch,"metadata=(256001.0,3.0); H5=(256004, 3, 1)"
RM_027_PU.h5,48188,metadata shape mismatch,"metadata=(256001.0,3.0); H5=(283668, 3, 1)"
RM_027_PU.h5,48189,metadata shape mismatch,"metadata=(256001.0,3.0); H5=(277314, 3, 1)"
RM_027_PU.h5,48190,metadata shape mismatch,"metadata=(256001.0,3.0); H5=(257492, 3, 1)"
RM_027_PU.h5,48191,metadata shape mismatch,"metadata=(256001.0,3.0); H5=(276969, 3, 1)"
RM_027_PU.h5,48192,metadata shape mismatch,"metadata=(256001.0,3.0); H5=(280640, 3, 1)"
RM_027_PU.h5,48195,metadata shape mismatch,"metadata=(256001.0,3.0); H5=(271106, 3, 1)"
RM_027_PU.h5,48197,metadata shape mismatch,"metadata=(256001.0,3.0); H5=(256000, 3, 1)"
RM_027_PU.h5,48198,metadata shape mismatch,"metadata=(256001.0,3.0); H5=(256004, 3, 1)"
RM_027_PU.h5,48202,metadata shape mismatch,"metadata=(256001.0,3.0); H5=(256000, 3, 1)"
RM_027_PU.h5,48203,metadata shape mismatch,"metadata=(256001.0,3.0); H5=(256002, 3, 1)"
RM_027_PU.h5,48204,metadata shape mismatch,"metadata=(256001.0,3.0); H5=(256002, 3, 1)"
RM_027_PU.h5,48208,metadata shape mismatch,"metadata=(256001.0,3.0); H5=(256078, 3, 1)"
RM_027_PU.h5,48210,metadata shape mismatch,"metadata=(256001.0,3.0); H5=(256000, 3, 1)"
RM_027_PU.h5,48212,metadata shape mismatch,"metadata=(256001.0,3.0); H5=(256089, 3, 1)"
RM_027_PU.h5,48213,metadata shape mismatch,"metadata=(256001.0,3.0); H5=(256949, 3, 1)"
RM_027_PU.h5,48214,metadata shape mismatch,"metadata=(256001.0,3.0); H5=(256002, 3, 1)"
RM_027_PU.h5,48217,metadata shape mismatch,"metadata=(256001.0,3.0); H5=(256078, 3, 1)"
RM_027_PU.h5,48219,metadata shape mismatch,"metadata=(256001.0,3.0); H5=(256003, 3, 1)"
RM_027_PU.h5,48220,metadata shape mismatch,"metadata=(256001.0,3.0); H5=(256097, 3, 1)"
RM_027_PU.h5,48221,metadata shape mismatch,"metadata=(256001.0,3.0); H5=(256096, 3, 1)"
RM_027_PU.h5,48222,metadata shape mismatch,"metadata=(256001.0,3.0); H5=(256000, 3, 1)"
RM_027_PU.h5,48223,metadata shape mismatch,"metadata=(256001.0,3.0); H5=(256082, 3, 1)"
RM_027_PU.h5,48224,metadata shape mismatch,"metadata=(256001.0,3.0); H5=(256082, 3, 1)"
RM_027_PU.h5,48226,metadata shape mismatch,"metadata=(256001.0,3.0); H5=(256079, 3, 1)"
RM_027_PU.h5,48227,metadata shape mismatch,"metadata=(256001.0,3.0); H5=(256332, 3, 1)"
RM_027_PU.h5,48228,metadata shape mismatch,"metadata=(256001.0,3.0); H5=(256002, 3, 1)"
RM_027_PU.h5,48230,metadata shape mismatch,"metadata=(256001.0,3.0); H5=(256083, 3, 1)"
RM_027_PU.h5,48232,metadata shape mismatch,"metadata=(256001.0,3.0); H5=(256000, 3, 1)"
RM_027_PU.h5,48233,metadata shape mismatch,"metadata=(256001.0,3.0); H5=(256004, 3, 1)"
RM_027_PU.h5,48235,metadata shape mismatch,"metadata=(256001.0,3.0); H5=(256084, 3, 1)"
RM_027_PU.h5,48236,metadata shape mismatch,"metadata=(256001.0,3.0); H5=(256000, 3, 1)"
RM_027_PU.h5,48238,metadata shape mismatch,"metadata=(256001.0,3.0); H5=(256004, 3, 1)"
RM_027_PU.h5,48239,metadata shape mismatch,"metadata=(256001.0,3.0); H5=(256094, 3, 1)"
RM_027_PU.h5,48242,metadata shape mismatch,"metadata=(256001.0,3.0); H5=(262735, 3, 1)"
RM_027_PU.h5,48243,metadata shape mismatch,"metadata=(256001.0,3.0); H5=(255999, 3, 1)"
RM_027_PU.h5,48244,metadata shape mismatch,"metadata=(256001.0,3.0); H5=(256772, 3, 1)"
RM_027_PU.h5,48245,metadata shape mismatch,"metadata=(256001.0,3.0); H5=(256089, 3, 1)"
RM_027_PU.h5,48247,metadata shape mismatch,"metadata=(256001.0,3.0); H5=(256475, 3, 1)"
RM_027_PU.h5,48248,metadata shape mismatch,"metadata=(256001.0,3.0); H5=(256123, 3, 1)"
RM_027_PU.h5,48249,metadata shape mismatch,"metadata=(256001.0,3.0); H5=(256000, 3, 1)"
RM_027_PU.h5,48251,metadata shape mismatch,"metadata=(256001.0,3.0); H5=(256000, 3, 1)"
RM_027_PU.h5,48252,metadata shape mismatch,"metadata=(256001.0,3.0); H5=(256081, 3, 1)"
RM_027_PU.h5,48253,metadata shape mismatch,"metadata=(256001.0,3.0); H5=(256086, 3, 1)"
RM_027_PU.h5,48255,metadata shape mismatch,"metadata=(256001.0,3.0); H5=(256002, 3, 1)"
RM_027_PU.h5,48257,metadata shape mismatch,"metadata=(256001.0,3.0); H5=(256524, 3, 1)"
RM_027_PU.h5,48261,metadata shape mismatch,"metadata=(256001.0,3.0); H5=(256081, 3, 1)"
RM_027_PU.h5,48262,metadata shape mismatch,"metadata=(256001.0,3.0); H5=(256084, 3, 1)"
RM_027_PU.h5,48264,metadata shape mismatch,"metadata=(256001.0,3.0); H5=(256088, 3, 1)"
RM_027_PU.h5,48265,metadata shape mismatch,"metadata=(256001.0,3.0); H5=(256000, 3, 1)"
RM_027_PU.h5,48266,metadata shape mismatch,"metadata=(256001.0,3.0); H5=(256081, 3, 1)"
RM_027_PU.h5,48267,metadata shape mismatch,"metadata=(256001.0,3.0); H5=(256004, 3, 1)"
RM_027_PU.h5,48268,metadata shape mismatch,"metadata=(256001.0,3.0); H5=(262062, 3, 1)"
RM_027_PU.h5,48269,metadata shape mismatch,"metadata=(256001.0,3.0); H5=(257144, 3, 1)"
RM_027_PU.h5,48270,metadata shape mismatch,"metadata=(256001.0,3.0); H5=(256088, 3, 1)"
RM_027_PU.h5,48272,metadata shape mismatch,"metadata=(256001.0,3.0); H5=(256002, 3, 1)"
RM_027_PU.h5,48273,metadata shape mismatch,"metadata=(256001.0,3.0); H5=(256125, 3, 1)"
RM_027_PU.h5,48274,metadata shape mismatch,"metadata=(256001.0,3.0); H5=(256003, 3, 1)"
RM_027_PU.h5,48277,metadata shape mismatch,"metadata=(256001.0,3.0); H5=(256002, 3, 1)"
RM_027_PU.h5,48278,metadata shape mismatch,"metadata=(256001.0,3.0); H5=(256000, 3, 1)"
RM_027_PU.h5,48280,metadata shape mismatch,"metadata=(256001.0,3.0); H5=(256097, 3, 1)"
RM_027_PU.h5,48281,metadata shape mismatch,"metadata=(256001.0,3.0); H5=(256093, 3, 1)"
RM_027_PU.h5,48282,metadata shape mismatch,"metadata=(256001.0,3.0); H5=(256086, 3, 1)"
RM_027_PU.h5,48288,metadata shape mismatch,"metadata=(256001.0,3.0); H5=(256088, 3, 1)"
RM_027_PU.h5,48290,metadata shape mismatch,"metadata=(256001.0,3.0); H5=(256000, 3, 1)"
RM_027_PU.h5,48291,metadata shape mismatch,"metadata=(256001.0,3.0); H5=(256124, 3, 1)"
RM_027_PU.h5,48293,metadata shape mismatch,"metadata=(256001.0,3.0); H5=(256000, 3, 1)"
RM_027_PU.h5,48294,metadata shape mismatch,"metadata=(256001.0,3.0); H5=(256091, 3, 1)"
RM_027_PU.h5,48296,metadata shape mismatch,"metadata=(256001.0,3.0); H5=(256086, 3, 1)"
RM_027_PU.h5,48297,metadata shape mismatch,"metadata=(256001.0,3.0); H5=(256003, 3, 1)"
RM_027_PU.h5,48299,metadata shape mismatch,"metadata=(256001.0,3.0); H5=(256077, 3, 1)"
RM_027_PU.h5,48301,metadata shape mismatch,"metadata=(256001.0,3.0); H5=(256085, 3, 1)"
RM_027_PU.h5,48302,metadata shape mismatch,"metadata=(256001.0,3.0); H5=(263034, 3, 1)"
RM_027_PU.h5,48303,metadata shape mismatch,"metadata=(256001.0,3.0); H5=(256081, 3, 1)"
RM_027_PU.h5,48304,metadata shape mismatch,"metadata=(256001.0,3.0); H5=(256084, 3, 1)"
RM_027_PU.h5,48305,metadata shape mismatch,"metadata=(256001.0,3.0); H5=(255999, 3, 1)"
RM_027_PU.h5,48306,metadata shape mismatch,"metadata=(256001.0,3.0); H5=(256091, 3, 1)"
RM_027_PU.h5,48307,metadata shape mismatch,"metadata=(256001.0,3.0); H5=(256000, 3, 1)"
RM_027_PU.h5,48308,metadata shape mismatch,"metadata=(256001.0,3.0); H5=(255999, 3, 1)"
RM_027_PU.h5,48309,metadata shape mismatch,"metadata=(256001.0,3.0); H5=(256094, 3, 1)"
RM_027_PU.h5,48311,metadata shape mismatch,"metadata=(256001.0,3.0); H5=(256085, 3, 1)"
RM_027_PU.h5,48313,metadata shape mismatch,"metadata=(256001.0,3.0); H5=(256492, 3, 1)"
RM_027_PU.h5,48315,metadata shape mismatch,"metadata=(256001.0,3.0); H5=(256868, 3, 1)"
RM_027_PU.h5,48316,metadata shape mismatch,"metadata=(256001.0,3.0); H5=(256010, 3, 1)"
RM_027_PU.h5,48317,metadata shape mismatch,"metadata=(256001.0,3.0); H5=(256091, 3, 1)"
RM_027_PU.h5,48318,metadata shape mismatch,"metadata=(256001.0,3.0); H5=(256004, 3, 1)"
RM_027_PU.h5,48319,metadata shape mismatch,"metadata=(256001.0,3.0); H5=(256288, 3, 1)"
RM_027_PU.h5,48320,metadata shape mismatch,"metadata=(256001.0,3.0); H5=(256087, 3, 1)"
RM_027_PU.h5,48321,metadata shape mismatch,"metadata=(256001.0,3.0); H5=(256084, 3, 1)"
RM_027_PU.h5,48322,metadata shape mismatch,"metadata=(256001.0,3.0); H5=(256075, 3, 1)"
RM_027_PU.h5,48323,metadata shape mismatch,"metadata=(256001.0,3.0); H5=(256083, 3, 1)"
RM_027_PU.h5,48325,metadata shape mismatch,"metadata=(256001.0,3.0); H5=(256000, 3, 1)"
RM_027_PU.h5,48326,metadata shape mismatch,"metadata=(256001.0,3.0); H5=(256093, 3, 1)"
RM_027_PU.h5,48327,metadata shape mismatch,"metadata=(256001.0,3.0); H5=(256003, 3, 1)"
RM_027_PU.h5,48328,metadata shape mismatch,"metadata=(256001.0,3.0); H5=(256080, 3, 1)"
RM_027_PU.h5,48329,metadata shape mismatch,"metadata=(256001.0,3.0); H5=(256123, 3, 1)"
RM_027_PU.h5,48331,metadata shape mismatch,"metadata=(256001.0,3.0); H5=(256082, 3, 1)"
RM_027_PU.h5,48332,metadata shape mismatch,"metadata=(256001.0,3.0); H5=(256082, 3, 1)"
RM_027_PU.h5,48333,metadata shape mismatch,"metadata=(256001.0,3.0); H5=(256097, 3, 1)"
RM_027_PU.h5,48334,metadata shape mismatch,"metadata=(256001.0,3.0); H5=(256002, 3, 1)"
RM_027_PU.h5,48335,metadata shape mismatch,"metadata=(256001.0,3.0); H5=(274930, 3, 1)"
RM_027_PU.h5,48336,metadata shape mismatch,"metadata=(256001.0,3.0); H5=(256003, 3, 1)"
RM_027_PU.h5,48338,metadata shape mismatch,"metadata=(256001.0,3.0); H5=(256090, 3, 1)"
RM_027_PU.h5,48339,metadata shape mismatch,"metadata=(256001.0,3.0); H5=(256000, 3, 1)"
RM_027_PU.h5,48340,metadata shape mismatch,"metadata=(256001.0,3.0); H5=(256104, 3, 1)"
RM_027_PU.h5,48341,metadata shape mismatch,"metadata=(256001.0,3.0); H5=(268315, 3, 1)"
RM_027_PU.h5,48343,metadata shape mismatch,"metadata=(256001.0,3.0); H5=(256089, 3, 1)"
RM_027_PU.h5,48345,metadata shape mismatch,"metadata=(256001.0,3.0); H5=(256070, 3, 1)"
RM_027_PU.h5,48346,metadata shape mismatch,"metadata=(256001.0,3.0); H5=(256418, 3, 1)"
RM_027_PU.h5,48348,metadata shape mismatch,"metadata=(256001.0,3.0); H5=(284704, 3, 1)"
RM_027_PU.h5,48349,metadata shape mismatch,"metadata=(256001.0,3.0); H5=(256096, 3, 1)"
RM_027_PU.h5,48351,metadata shape mismatch,"metadata=(256001.0,3.0); H5=(256113, 3, 1)"
RM_027_PU.h5,48352,metadata shape mismatch,"metadata=(256001.0,3.0); H5=(256000, 3, 1)"
RM_027_PU.h5,48353,metadata shape mismatch,"metadata=(256001.0,3.0); H5=(256083, 3, 1)"
RM_027_PU.h5,48355,metadata shape mismatch,"metadata=(256001.0,3.0); H5=(256002, 3, 1)"
RM_027_PU.h5,48356,metadata shape mismatch,"metadata=(256001.0,3.0); H5=(256088, 3, 1)"
RM_027_PU.h5,48357,metadata shape mismatch,"metadata=(256001.0,3.0); H5=(256088, 3, 1)"
RM_027_PU.h5,48358,metadata shape mismatch,"metadata=(256001.0,3.0); H5=(256082, 3, 1)"
RM_027_PU.h5,48359,metadata shape mismatch,"metadata=(256001.0,3.0); H5=(256000, 3, 1)"
RM_027_PU.h5,48360,metadata shape mismatch,"metadata=(256001.0,3.0); H5=(256092, 3, 1)"
RM_027_PU.h5,48362,metadata shape mismatch,"metadata=(256001.0,3.0); H5=(250604, 3, 1)"
RM_027_PU.h5,48363,metadata shape mismatch,"metadata=(256001.0,3.0); H5=(256002, 3, 1)"
RM_027_PU.h5,48364,metadata shape mismatch,"metadata=(256001.0,3.0); H5=(256003, 3, 1)"
RM_027_PU.h5,48365,metadata shape mismatch,"metadata=(256001.0,3.0); H5=(256090, 3, 1)"
RM_027_PU.h5,48366,metadata shape mismatch,"metadata=(256001.0,3.0); H5=(256090, 3, 1)"
RM_027_PU.h5,48367,metadata shape mismatch,"metadata=(256001.0,3.0); H5=(256094, 3, 1)"
RM_027_PU.h5,48369,metadata shape mismatch,"metadata=(256001.0,3.0); H5=(256087, 3, 1)"
RM_027_PU.h5,48370,metadata shape mismatch,"metadata=(256001.0,3.0); H5=(256004, 3, 1)"
RM_027_PU.h5,48371,metadata shape mismatch,"metadata=(256001.0,3.0); H5=(257122, 3, 1)"
RM_027_PU.h5,48372,metadata shape mismatch,"metadata=(256001.0,3.0); H5=(256076, 3, 1)"
RM_027_PU.h5,48373,metadata shape mismatch,"metadata=(256001.0,3.0); H5=(256089, 3, 1)"
RM_027_PU.h5,48374,metadata shape mismatch,"metadata=(256001.0,3.0); H5=(256079, 3, 1)"
RM_027_PU.h5,48377,metadata shape mismatch,"metadata=(256001.0,3.0); H5=(256000, 3, 1)"
RM_027_PU.h5,48378,metadata shape mismatch,"metadata=(256001.0,3.0); H5=(256081, 3, 1)"
RM_027_PU.h5,48379,metadata shape mismatch,"metadata=(256001.0,3.0); H5=(256000, 3, 1)"
RM_027_PU.h5,48381,metadata shape mismatch,"metadata=(256001.0,3.0); H5=(256000, 3, 1)"
RM_027_PU.h5,48382,metadata shape mismatch,"metadata=(256001.0,3.0); H5=(256078, 3, 1)"
RM_027_PU.h5,48383,metadata shape mismatch,"metadata=(256001.0,3.0); H5=(256000, 3, 1)"
RM_027_PU.h5,48384,metadata shape mismatch,"metadata=(256001.0,3.0); H5=(256083, 3, 1)"
RM_027_PU.h5,48388,metadata shape mismatch,"metadata=(256001.0,3.0); H5=(256081, 3, 1)"
RM_027_PU.h5,48389,metadata shape mismatch,"metadata=(256001.0,3.0); H5=(256081, 3, 1)"
RM_027_PU.h5,48390,metadata shape mismatch,"metadata=(256001.0,3.0); H5=(256069, 3, 1)"
RM_027_PU.h5,48392,metadata shape mismatch,"metadata=(256001.0,3.0); H5=(256000, 3, 1)"
RM_027_PU.h5,48393,metadata shape mismatch,"metadata=(256001.0,3.0); H5=(256004, 3, 1)"
RM_027_PU.h5,48395,metadata shape mismatch,"metadata=(256001.0,3.0); H5=(256000, 3, 1)"
RM_027_PU.h5,48396,metadata shape mismatch,"metadata=(256001.0,3.0); H5=(256085, 3, 1)"
RM_027_PU.h5,48397,metadata shape mismatch,"metadata=(256001.0,3.0); H5=(256075, 3, 1)"
RM_027_PU.h5,48399,metadata shape mismatch,"metadata=(256001.0,3.0); H5=(256000, 3, 1)"
RM_027_PU.h5,48400,metadata shape mismatch,"metadata=(256001.0,3.0); H5=(256084, 3, 1)"
RM_027_PU.h5,48401,metadata shape mismatch,"metadata=(256001.0,3.0); H5=(256000, 3, 1)"
RM_027_PU.h5,48404,metadata shape mismatch,"metadata=(256001.0,3.0); H5=(255999, 3, 1)"
RM_027_PU.h5,48406,metadata shape mismatch,"metadata=(256001.0,3.0); H5=(256098, 3, 1)"
RM_027_PU.h5,48409,metadata shape mismatch,"metadata=(256001.0,3.0); H5=(256000, 3, 1)"
RM_027_PU.h5,48410,metadata shape mismatch,"metadata=(256001.0,3.0); H5=(256075, 3, 1)"
RM_027_PU.h5,48411,metadata shape mismatch,"metadata=(256001.0,3.0); H5=(256002, 3, 1)"
RM_027_PU.h5,48412,metadata shape mismatch,"metadata=(256001.0,3.0); H5=(256053, 3, 1)"
RM_027_PU.h5,48414,metadata shape mismatch,"metadata=(256001.0,3.0); H5=(256000, 3, 1)"
RM_027_PU.h5,48415,metadata shape mismatch,"metadata=(256001.0,3.0); H5=(256000, 3, 1)"
RM_027_PU.h5,48417,metadata shape mismatch,"metadata=(256001.0,3.0); H5=(256081, 3, 1)"
RM_027_PU.h5,48418,metadata shape mismatch,"metadata=(256001.0,3.0); H5=(256083, 3, 1)"
RM_027_PU.h5,48419,metadata shape mismatch,"metadata=(256001.0,3.0); H5=(256003, 3, 1)"
RM_027_PU.h5,48422,metadata shape mismatch,"metadata=(256001.0,3.0); H5=(256073, 3, 1)"
RM_027_PU.h5,48423,metadata shape mismatch,"metadata=(256001.0,3.0); H5=(256072, 3, 1)"
RM_027_PU.h5,48424,metadata shape mismatch,"metadata=(256001.0,3.0); H5=(262125, 3, 1)"
RM_027_PU.h5,48425,metadata shape mismatch,"metadata=(256001.0,3.0); H5=(256000, 3, 1)"
RM_027_PU.h5,48427,metadata shape mismatch,"metadata=(256001.0,3.0); H5=(256083, 3, 1)"
RM_027_PU.h5,48429,metadata shape mismatch,"metadata=(256001.0,3.0); H5=(256087, 3, 1)"
RM_027_PU.h5,48430,metadata shape mismatch,"metadata=(256001.0,3.0); H5=(270023, 3, 1)"
RM_027_PU.h5,48431,metadata shape mismatch,"metadata=(256001.0,3.0); H5=(256004, 3, 1)"
RM_027_PU.h5,48432,metadata shape mismatch,"metadata=(256001.0,3.0); H5=(256074, 3, 1)"
RM_027_PU.h5,48434,metadata shape mismatch,"metadata=(256001.0,3.0); H5=(256088, 3, 1)"
RM_027_PU.h5,48435,metadata shape mismatch,"metadata=(256001.0,3.0); H5=(256000, 3, 1)"
RM_027_PU.h5,48436,metadata shape mismatch,"metadata=(256001.0,3.0); H5=(256083, 3, 1)"
RM_027_PU.h5,48440,metadata shape mismatch,"metadata=(256001.0,3.0); H5=(256002, 3, 1)"
RM_027_PU.h5,48442,metadata shape mismatch,"metadata=(256001.0,3.0); H5=(256077, 3, 1)"
RM_027_PU.h5,48443,metadata shape mismatch,"metadata=(256001.0,3.0); H5=(256000, 3, 1)"
RM_027_PU.h5,48444,metadata shape mismatch,"metadata=(256001.0,3.0); H5=(256082, 3, 1)"
RM_027_PU.h5,48445,metadata shape mismatch,"metadata=(256001.0,3.0); H5=(256081, 3, 1)"
RM_027_PU.h5,48446,metadata shape mismatch,"metadata=(256001.0,3.0); H5=(256090, 3, 1)"
RM_027_PU.h5,48447,metadata shape mismatch,"metadata=(256001.0,3.0); H5=(256002, 3, 1)"
RM_027_PU.h5,48450,metadata shape mismatch,"metadata=(256001.0,3.0); H5=(272678, 3, 1)"
RM_027_PU.h5,48452,metadata shape mismatch,"metadata=(256001.0,3.0); H5=(258743, 3, 1)"
RM_027_PU.h5,48454,metadata shape mismatch,"metadata=(256001.0,3.0); H5=(277336, 3, 1)"
RM_027_PU.h5,48457,metadata shape mismatch,"metadata=(256001.0,3.0); H5=(268126, 3, 1)"
RM_027_PU.h5,48458,metadata shape mismatch,"metadata=(256001.0,3.0); H5=(256002, 3, 1)"
RM_027_PU.h5,48460,metadata shape mismatch,"metadata=(256001.0,3.0); H5=(256000, 3, 1)"
RM_027_PU.h5,48462,metadata shape mismatch,"metadata=(256001.0,3.0); H5=(256000, 3, 1)"
RM_027_PU.h5,48466,metadata shape mismatch,"metadata=(256001.0,3.0); H5=(256002, 3, 1)"
RM_027_PU.h5,48467,metadata shape mismatch,"metadata=(256001.0,3.0); H5=(256083, 3, 1)"
RM_027_PU.h5,48472,metadata shape mismatch,"metadata=(256001.0,3.0); H5=(256084, 3, 1)"
RM_027_PU.h5,48473,metadata shape mismatch,"metadata=(256001.0,3.0); H5=(256000, 3, 1)"
RM_027_PU.h5,48475,metadata shape mismatch,"metadata=(256001.0,3.0); H5=(256004, 3, 1)"
RM_027_PU.h5,48477,metadata shape mismatch,"metadata=(256001.0,3.0); H5=(278010, 3, 1)"
RM_027_PU.h5,48480,metadata shape mismatch,"metadata=(256001.0,3.0); H5=(256774, 3, 1)"
RM_027_PU.h5,48482,metadata shape mismatch,"metadata=(256001.0,3.0); H5=(256002, 3, 1)"
RM_027_PU.h5,48485,metadata shape mismatch,"metadata=(256001.0,3.0); H5=(256084, 3, 1)"
RM_027_PU.h5,48487,metadata shape mismatch,"metadata=(256001.0,3.0); H5=(267518, 3, 1)"
RM_027_PU.h5,48488,metadata shape mismatch,"metadata=(256001.0,3.0); H5=(256189, 3, 1)"
RM_027_PU.h5,48494,metadata shape mismatch,"metadata=(256001.0,3.0); H5=(256084, 3, 1)"
RM_027_PU.h5,48497,metadata shape mismatch,"metadata=(256001.0,3.0); H5=(255999, 3, 1)"
RM_027_PU.h5,48500,metadata shape mismatch,"metadata=(256001.0,3.0); H5=(256000, 3, 1)"
RM_027_PU.h5,48504,metadata shape mismatch,"metadata=(256001.0,3.0); H5=(256000, 3, 1)"
RM_027_PU.h5,48505,metadata shape mismatch,"metadata=(256001.0,3.0); H5=(256482, 3, 1)"
RM_027_PU.h5,48506,metadata shape mismatch,"metadata=(256001.0,3.0); H5=(256005, 3, 1)"
RM_027_PU.h5,48509,metadata shape mismatch,"metadata=(256001.0,3.0); H5=(256000, 3, 1)"
RM_027_PU.h5,48511,metadata shape mismatch,"metadata=(256001.0,3.0); H5=(256000, 3, 1)"
RM_027_PU.h5,48512,metadata shape mismatch,"metadata=(256001.0,3.0); H5=(256000, 3, 1)"
RM_027_PU.h5,48514,metadata shape mismatch,"metadata=(256001.0,3.0); H5=(256002, 3, 1)"
RM_027_PU.h5,48515,metadata shape mismatch,"metadata=(256001.0,3.0); H5=(256000, 3, 1)"
RM_027_PU.h5,48516,metadata shape mismatch,"metadata=(256001.0,3.0); H5=(256000, 3, 1)"
RM_027_PU.h5,48517,metadata shape mismatch,"metadata=(256001.0,3.0); H5=(256002, 3, 1)"
RM_027_PU.h5,48519,metadata shape mismatch,"metadata=(256001.0,3.0); H5=(256000, 3, 1)"
RM_027_PU.h5,48522,metadata shape mismatch,"metadata=(256001.0,3.0); H5=(256000, 3, 1)"
RM_027_PU.h5,48523,metadata shape mismatch,"metadata=(256001.0,3.0); H5=(276965, 3, 1)"
RM_027_PU.h5,48525,metadata shape mismatch,"metadata=(256001.0,3.0); H5=(256002, 3, 1)"
RM_027_PU.h5,48527,metadata shape mismatch,"metadata=(256001.0,3.0); H5=(256000, 3, 1)"
RM_027_PU.h5,48528,metadata shape mismatch,"metadata=(256001.0,3.0); H5=(256077, 3, 1)"
RM_027_PU.h5,48529,metadata shape mismatch,"metadata=(256001.0,3.0); H5=(257859, 3, 1)"
RM_027_PU.h5,48530,metadata shape mismatch,"metadata=(256001.0,3.0); H5=(256081, 3, 1)"
RM_027_PU.h5,48532,metadata shape mismatch,"metadata=(256001.0,3.0); H5=(256079, 3, 1)"
RM_027_PU.h5,48534,metadata shape mismatch,"metadata=(256001.0,3.0); H5=(256002, 3, 1)"
RM_027_PU.h5,48535,metadata shape mismatch,"metadata=(256001.0,3.0); H5=(258078, 3, 1)"
RM_027_PU.h5,48537,metadata shape mismatch,"metadata=(256001.0,3.0); H5=(256000, 3, 1)"
RM_027_PU.h5,48538,metadata shape mismatch,"metadata=(256001.0,3.0); H5=(256076, 3, 1)"
RM_027_PU.h5,48540,metadata shape mismatch,"metadata=(256001.0,3.0); H5=(256095, 3, 1)"
RM_027_PU.h5,48544,metadata shape mismatch,"metadata=(256001.0,3.0); H5=(256000, 3, 1)"
RM_027_PU.h5,48547,metadata shape mismatch,"metadata=(256001.0,3.0); H5=(256003, 3, 1)"
RM_027_PU.h5,48550,metadata shape mismatch,"metadata=(256001.0,3.0); H5=(256002, 3, 1)"
RM_027_PU.h5,48552,metadata shape mismatch,"metadata=(256001.0,3.0); H5=(256079, 3, 1)"
RM_027_PU.h5,48553,metadata shape mismatch,"metadata=(256001.0,3.0); H5=(256000, 3, 1)"
RM_027_PU.h5,48556,metadata shape mismatch,"metadata=(256001.0,3.0); H5=(256000, 3, 1)"
RM_027_PU.h5,48557,metadata shape mismatch,"metadata=(256001.0,3.0); H5=(256002, 3, 1)"
RM_027_PU.h5,48558,metadata shape mismatch,"metadata=(256001.0,3.0); H5=(256002, 3, 1)"
RM_027_PU.h5,48559,metadata shape mismatch,"metadata=(256001.0,3.0); H5=(256000, 3, 1)"
RM_027_PU.h5,48562,metadata shape mismatch,"metadata=(256001.0,3.0); H5=(256000, 3, 1)"
RM_027_PU.h5,48563,metadata shape mismatch,"metadata=(256001.0,3.0); H5=(256005, 3, 1)"
RM_027_PU.h5,48564,metadata shape mismatch,"metadata=(256001.0,3.0); H5=(256003, 3, 1)"
RM_027_PU.h5,48569,metadata shape mismatch,"metadata=(256001.0,3.0); H5=(256002, 3, 1)"
RM_027_PU.h5,48571,metadata shape mismatch,"metadata=(256001.0,3.0); H5=(256002, 3, 1)"
RM_027_PU.h5,48572,metadata shape mismatch,"metadata=(256001.0,3.0); H5=(256000, 3, 1)"
RM_027_PU.h5,48573,metadata shape mismatch,"metadata=(256001.0,3.0); H5=(276412, 3, 1)"
RM_027_PU.h5,48574,metadata shape mismatch,"metadata=(256001.0,3.0); H5=(256004, 3, 1)"
RM_027_PU.h5,48575,metadata shape mismatch,"metadata=(256001.0,3.0); H5=(256006, 3, 1)"
RM_027_PU.h5,48577,metadata shape mismatch,"metadata=(256001.0,3.0); H5=(256003, 3, 1)"
RM_027_PU.h5,48580,metadata shape mismatch,"metadata=(256001.0,3.0); H5=(256004, 3, 1)"
RM_027_PU.h5,48582,metadata shape mismatch,"metadata=(256001.0,3.0); H5=(256006, 3, 1)"
RM_027_PU.h5,48583,metadata shape mismatch,"metadata=(256001.0,3.0); H5=(256000, 3, 1)"
RM_027_PU.h5,48584,metadata shape mismatch,"metadata=(256001.0,3.0); H5=(256002, 3, 1)"
RM_027_PU.h5,48586,metadata shape mismatch,"metadata=(256001.0,3.0); H5=(256002, 3, 1)"
RM_027_PU.h5,48588,metadata shape mismatch,"metadata=(256001.0,3.0); H5=(256084, 3, 1)"
RM_027_PU.h5,48589,metadata shape mismatch,"metadata=(256001.0,3.0); H5=(256085, 3, 1)"
RM_027_PU.h5,48590,metadata shape mismatch,"metadata=(256001.0,3.0); H5=(256000, 3, 1)"
RM_027_PU.h5,48591,metadata shape mismatch,"metadata=(256001.0,3.0); H5=(256081, 3, 1)"
RM_027_PU.h5,48592,metadata shape mismatch,"metadata=(256001.0,3.0); H5=(256724, 3, 1)"
RM_027_PU.h5,48593,metadata shape mismatch,"metadata=(256001.0,3.0); H5=(256094, 3, 1)"
RM_027_PU.h5,48595,metadata shape mismatch,"metadata=(256001.0,3.0); H5=(256082, 3, 1)"
RM_027_PU.h5,48596,metadata shape mismatch,"metadata=(256001.0,3.0); H5=(256083, 3, 1)"
RM_027_PU.h5,48597,metadata shape mismatch,"metadata=(256001.0,3.0); H5=(249940, 3, 1)"
RM_027_PU.h5,48599,metadata shape mismatch,"metadata=(256001.0,3.0); H5=(256003, 3, 1)"
RM_027_PU.h5,48600,metadata shape mismatch,"metadata=(256001.0,3.0); H5=(256078, 3, 1)"
RM_027_PU.h5,48601,metadata shape mismatch,"metadata=(256001.0,3.0); H5=(256071, 3, 1)"
RM_027_PU.h5,48603,metadata shape mismatch,"metadata=(256001.0,3.0); H5=(256082, 3, 1)"
RM_027_PU.h5,48604,metadata shape mismatch,"metadata=(256001.0,3.0); H5=(256000, 3, 1)"
RM_027_PU.h5,48605,metadata shape mismatch,"metadata=(256001.0,3.0); H5=(256951, 3, 1)"
RM_027_PU.h5,48606,metadata shape mismatch,"metadata=(256001.0,3.0); H5=(256002, 3, 1)"
RM_027_PU.h5,48608,metadata shape mismatch,"metadata=(256001.0,3.0); H5=(256003, 3, 1)"
RM_027_PU.h5,48610,metadata shape mismatch,"metadata=(256001.0,3.0); H5=(256000, 3, 1)"
RM_027_PU.h5,48613,metadata shape mismatch,"metadata=(256001.0,3.0); H5=(256002, 3, 1)"
RM_027_PU.h5,48617,metadata shape mismatch,"metadata=(256001.0,3.0); H5=(256002, 3, 1)"
RM_027_PU.h5,48618,metadata shape mismatch,"metadata=(256001.0,3.0); H5=(256002, 3, 1)"
RM_027_PU.h5,48619,metadata shape mismatch,"metadata=(256001.0,3.0); H5=(256002, 3, 1)"
RM_027_PU.h5,48622,metadata shape mismatch,"metadata=(256001.0,3.0); H5=(255999, 3, 1)"
RM_027_PU.h5,48626,metadata shape mismatch,"metadata=(256001.0,3.0); H5=(259434, 3, 1)"
RM_027_PU.h5,48627,metadata shape mismatch,"metadata=(256001.0,3.0); H5=(256002, 3, 1)"
RM_027_PU.h5,48628,metadata shape mismatch,"metadata=(256001.0,3.0); H5=(256003, 3, 1)"
RM_027_PU.h5,48632,metadata shape mismatch,"metadata=(256001.0,3.0); H5=(256002, 3, 1)"
RM_027_PU.h5,48636,metadata shape mismatch,"metadata=(256001.0,3.0); H5=(256000, 3, 1)"
RM_027_PU.h5,48639,metadata shape mismatch,"metadata=(256001.0,3.0); H5=(256002, 3, 1)"
RM_027_PU.h5,48644,metadata shape mismatch,"metadata=(256001.0,3.0); H5=(256004, 3, 1)"
RM_027_PU.h5,48645,metadata shape mismatch,"metadata=(256001.0,3.0); H5=(256000, 3, 1)"
RM_027_PU.h5,48646,metadata shape mismatch,"metadata=(256001.0,3.0); H5=(256002, 3, 1)"
RM_027_PU.h5,48649,metadata shape mismatch,"metadata=(256001.0,3.0); H5=(256005, 3, 1)"
RM_027_PU.h5,48653,metadata shape mismatch,"metadata=(256001.0,3.0); H5=(255998, 3, 1)"
RM_027_PU.h5,48655,metadata shape mismatch,"metadata=(256001.0,3.0); H5=(256003, 3, 1)"
RM_027_PU.h5,48656,metadata shape mismatch,"metadata=(256001.0,3.0); H5=(278296, 3, 1)"
RM_027_PU.h5,48661,metadata shape mismatch,"metadata=(256001.0,3.0); H5=(255999, 3, 1)"
RM_027_PU.h5,48664,metadata shape mismatch,"metadata=(256001.0,3.0); H5=(256000, 3, 1)"
RM_027_PU.h5,48666,metadata shape mismatch,"metadata=(256001.0,3.0); H5=(256000, 3, 1)"
RM_027_PU.h5,48669,metadata shape mismatch,"metadata=(256001.0,3.0); H5=(277605, 3, 1)"
RM_027_PU.h5,48671,metadata shape mismatch,"metadata=(256001.0,3.0); H5=(256002, 3, 1)"
RM_027_PU.h5,48674,metadata shape mismatch,"metadata=(256001.0,3.0); H5=(256000, 3, 1)"
RM_027_PU.h5,48675,metadata shape mismatch,"metadata=(256001.0,3.0); H5=(256003, 3, 1)"
RM_027_PU.h5,48678,metadata shape mismatch,"metadata=(256001.0,3.0); H5=(255999, 3, 1)"
RM_027_PU.h5,48679,metadata shape mismatch,"metadata=(256001.0,3.0); H5=(256000, 3, 1)"
RM_027_PU.h5,48686,metadata shape mismatch,"metadata=(256001.0,3.0); H5=(256002, 3, 1)"
RM_027_PU.h5,48690,metadata shape mismatch,"metadata=(256001.0,3.0); H5=(256002, 3, 1)"
RM_027_PU.h5,48693,metadata shape mismatch,"metadata=(256001.0,3.0); H5=(256000, 3, 1)"
RM_027_PU.h5,48694,metadata shape mismatch,"metadata=(256001.0,3.0); H5=(255999, 3, 1)"
RM_027_PU.h5,48695,metadata shape mismatch,"metadata=(256001.0,3.0); H5=(256000, 3, 1)"
RM_027_PU.h5,48701,metadata shape mismatch,"metadata=(256001.0,3.0); H5=(256003, 3, 1)"
RM_027_PU.h5,48702,metadata shape mismatch,"metadata=(256001.0,3.0); H5=(256000, 3, 1)"
RM_027_PU.h5,48703,metadata shape mismatch,"metadata=(256001.0,3.0); H5=(256000, 3, 1)"
RM_027_PU.h5,48705,metadata shape mismatch,"metadata=(256001.0,3.0); H5=(256002, 3, 1)"
RM_027_PU.h5,48707,metadata shape mismatch,"metadata=(256001.0,3.0); H5=(256000, 3, 1)"
RM_027_PU.h5,48708,metadata shape mismatch,"metadata=(256001.0,3.0); H5=(256003, 3, 1)"
RM_027_PU.h5,48709,metadata shape mismatch,"metadata=(256001.0,3.0); H5=(256005, 3, 1)"
RM_027_PU.h5,48710,metadata shape mismatch,"metadata=(256001.0,3.0); H5=(256080, 3, 1)"
RM_027_PU.h5,48715,metadata shape mismatch,"metadata=(256001.0,3.0); H5=(256086, 3, 1)"
RM_027_PU.h5,48716,metadata shape mismatch,"metadata=(256001.0,3.0); H5=(256000, 3, 1)"
RM_027_PU.h5,48717,metadata shape mismatch,"metadata=(256001.0,3.0); H5=(256438, 3, 1)"
RM_027_PU.h5,48718,metadata shape mismatch,"metadata=(256001.0,3.0); H5=(256000, 3, 1)"
RM_027_PU.h5,48719,metadata shape mismatch,"metadata=(256001.0,3.0); H5=(255997, 3, 1)"
RM_027_PU.h5,48720,metadata shape mismatch,"metadata=(256001.0,3.0); H5=(256002, 3, 1)"
RM_027_PU.h5,48721,metadata shape mismatch,"metadata=(256001.0,3.0); H5=(256004, 3, 1)"
RM_027_PU.h5,48722,metadata shape mismatch,"metadata=(256001.0,3.0); H5=(256004, 3, 1)"
RM_027_PU.h5,48724,metadata shape mismatch,"metadata=(256001.0,3.0); H5=(256000, 3, 1)"
RM_027_PU.h5,48725,metadata shape mismatch,"metadata=(256001.0,3.0); H5=(256000, 3, 1)"
RM_027_PU.h5,48726,metadata shape mismatch,"metadata=(256001.0,3.0); H5=(257317, 3, 1)"
RM_027_PU.h5,48727,metadata shape mismatch,"metadata=(256001.0,3.0); H5=(256005, 3, 1)"
RM_027_PU.h5,48728,metadata shape mismatch,"metadata=(256001.0,3.0); H5=(256002, 3, 1)"
RM_027_PU.h5,48729,metadata shape mismatch,"metadata=(256001.0,3.0); H5=(256000, 3, 1)"
RM_027_PU.h5,48731,metadata shape mismatch,"metadata=(256001.0,3.0); H5=(256002, 3, 1)"
RM_027_PU.h5,48732,metadata shape mismatch,"metadata=(256001.0,3.0); H5=(278139, 3, 1)"
RM_027_PU.h5,48735,metadata shape mismatch,"metadata=(256001.0,3.0); H5=(256000, 3, 1)"
RM_027_PU.h5,48736,metadata shape mismatch,"metadata=(256001.0,3.0); H5=(256000, 3, 1)"
RM_027_PU.h5,48740,metadata shape mismatch,"metadata=(256001.0,3.0); H5=(256002, 3, 1)"
RM_027_PU.h5,48741,metadata shape mismatch,"metadata=(256001.0,3.0); H5=(256000, 3, 1)"
RM_027_PU.h5,48742,metadata shape mismatch,"metadata=(256001.0,3.0); H5=(256000, 3, 1)"
RM_027_PU.h5,48745,metadata shape mismatch,"metadata=(256001.0,3.0); H5=(256000, 3, 1)"
RM_027_PU.h5,48747,metadata shape mismatch,"metadata=(256001.0,3.0); H5=(256000, 3, 1)"
RM_027_PU.h5,48751,metadata shape mismatch,"metadata=(256001.0,3.0); H5=(256002, 3, 1)"
RM_027_PU.h5,48755,metadata shape mismatch,"metadata=(256001.0,3.0); H5=(256002, 3, 1)"
RM_027_PU.h5,48756,metadata shape mismatch,"metadata=(256001.0,3.0); H5=(256000, 3, 1)"
RM_027_PU.h5,48757,metadata shape mismatch,"metadata=(256001.0,3.0); H5=(256000, 3, 1)"
RM_027_PU.h5,48758,metadata shape mismatch,"metadata=(256001.0,3.0); H5=(256002, 3, 1)"
RM_027_PU.h5,48759,metadata shape mismatch,"metadata=(256001.0,3.0); H5=(256000, 3, 1)"
RM_027_PU.h5,48762,metadata shape mismatch,"metadata=(256001.0,3.0); H5=(255996, 3, 1)"
RM_027_PU.h5,48765,metadata shape mismatch,"metadata=(256001.0,3.0); H5=(256002, 3, 1)"
RM_027_PU.h5,48767,metadata shape mismatch,"metadata=(256001.0,3.0); H5=(256086, 3, 1)"
RM_027_PU.h5,48768,metadata shape mismatch,"metadata=(256001.0,3.0); H5=(256087, 3, 1)"
RM_027_PU.h5,48769,metadata shape mismatch,"metadata=(256001.0,3.0); H5=(256000, 3, 1)"
RM_027_PU.h5,48770,metadata shape mismatch,"metadata=(256001.0,3.0); H5=(256004, 3, 1)"
RM_027_PU.h5,48771,metadata shape mismatch,"metadata=(256001.0,3.0); H5=(256085, 3, 1)"
RM_027_PU.h5,48772,metadata shape mismatch,"metadata=(256001.0,3.0); H5=(256003, 3, 1)"
RM_027_PU.h5,48773,metadata shape mismatch,"metadata=(256001.0,3.0); H5=(256087, 3, 1)"
RM_027_PU.h5,48774,metadata shape mismatch,"metadata=(256001.0,3.0); H5=(256002, 3, 1)"
RM_027_PU.h5,48775,metadata shape mismatch,"metadata=(256001.0,3.0); H5=(261421, 3, 1)"
RM_027_PU.h5,48778,metadata shape mismatch,"metadata=(256001.0,3.0); H5=(256000, 3, 1)"
RM_027_PU.h5,48780,metadata shape mismatch,"metadata=(256001.0,3.0); H5=(256088, 3, 1)"
RM_027_PU.h5,48781,metadata shape mismatch,"metadata=(256001.0,3.0); H5=(256083, 3, 1)"
RM_027_PU.h5,48782,metadata shape mismatch,"metadata=(256001.0,3.0); H5=(256095, 3, 1)"
RM_027_PU.h5,48783,metadata shape mismatch,"metadata=(256001.0,3.0); H5=(256091, 3, 1)"
RM_027_PU.h5,48784,metadata shape mismatch,"metadata=(256001.0,3.0); H5=(256004, 3, 1)"
RM_027_PU.h5,48785,metadata shape mismatch,"metadata=(256001.0,3.0); H5=(256000, 3, 1)"
RM_027_PU.h5,48786,metadata shape mismatch,"metadata=(256001.0,3.0); H5=(256008, 3, 1)"
RM_027_PU.h5,48787,metadata shape mismatch,"metadata=(256001.0,3.0); H5=(256087, 3, 1)"
RM_027_PU.h5,48788,metadata shape mismatch,"metadata=(256001.0,3.0); H5=(256088, 3, 1)"
RM_027_PU.h5,48789,metadata shape mismatch,"metadata=(256001.0,3.0); H5=(256095, 3, 1)"
RM_027_PU.h5,48790,metadata shape mismatch,"metadata=(256001.0,3.0); H5=(256087, 3, 1)"
RM_027_PU.h5,48791,metadata shape mismatch,"metadata=(256001.0,3.0); H5=(267664, 3, 1)"
RM_027_PU.h5,48792,metadata shape mismatch,"metadata=(256001.0,3.0); H5=(256084, 3, 1)"
RM_027_PU.h5,48794,metadata shape mismatch,"metadata=(256001.0,3.0); H5=(256085, 3, 1)"
RM_027_PU.h5,48795,metadata shape mismatch,"metadata=(256001.0,3.0); H5=(256000, 3, 1)"
RM_027_PU.h5,48796,metadata shape mismatch,"metadata=(256001.0,3.0); H5=(257267, 3, 1)"
RM_027_PU.h5,48799,metadata shape mismatch,"metadata=(256001.0,3.0); H5=(256003, 3, 1)"
RM_027_PU.h5,48801,metadata shape mismatch,"metadata=(256001.0,3.0); H5=(257573, 3, 1)"
RM_027_PU.h5,48802,metadata shape mismatch,"metadata=(256001.0,3.0); H5=(256000, 3, 1)"
RM_027_PU.h5,48804,metadata shape mismatch,"metadata=(256001.0,3.0); H5=(256000, 3, 1)"
RM_027_PU.h5,48806,metadata shape mismatch,"metadata=(256001.0,3.0); H5=(256088, 3, 1)"
RM_027_PU.h5,48807,metadata shape mismatch,"metadata=(256001.0,3.0); H5=(256000, 3, 1)"
RM_027_PU.h5,48808,metadata shape mismatch,"metadata=(256001.0,3.0); H5=(256000, 3, 1)"
RM_027_PU.h5,48810,metadata shape mismatch,"metadata=(256001.0,3.0); H5=(256469, 3, 1)"
RM_027_PU.h5,48811,metadata shape mismatch,"metadata=(256001.0,3.0); H5=(256003, 3, 1)"
RM_027_PU.h5,48816,metadata shape mismatch,"metadata=(256001.0,3.0); H5=(256000, 3, 1)"
RM_027_PU.h5,48817,metadata shape mismatch,"metadata=(256001.0,3.0); H5=(256002, 3, 1)"
RM_027_PU.h5,48818,metadata shape mismatch,"metadata=(256001.0,3.0); H5=(256002, 3, 1)"
RM_027_PU.h5,48821,metadata shape mismatch,"metadata=(256001.0,3.0); H5=(256000, 3, 1)"
RM_027_PU.h5,48825,metadata shape mismatch,"metadata=(256001.0,3.0); H5=(256006, 3, 1)"
RM_027_PU.h5,48828,metadata shape mismatch,"metadata=(256001.0,3.0); H5=(256091, 3, 1)"
RM_027_PU.h5,48829,metadata shape mismatch,"metadata=(256001.0,3.0); H5=(256088, 3, 1)"
RM_027_PU.h5,48830,metadata shape mismatch,"metadata=(256001.0,3.0); H5=(256077, 3, 1)"
RM_027_PU.h5,48831,metadata shape mismatch,"metadata=(256001.0,3.0); H5=(256003, 3, 1)"
RM_027_PU.h5,48832,metadata shape mismatch,"metadata=(256001.0,3.0); H5=(260051, 3, 1)"
RM_027_PU.h5,48833,metadata shape mismatch,"metadata=(256001.0,3.0); H5=(256000, 3, 1)"
RM_027_PU.h5,48835,metadata shape mismatch,"metadata=(256001.0,3.0); H5=(256002, 3, 1)"
RM_027_PU.h5,48836,metadata shape mismatch,"metadata=(256001.0,3.0); H5=(256003, 3, 1)"
RM_027_PU.h5,48837,metadata shape mismatch,"metadata=(256001.0,3.0); H5=(256090, 3, 1)"
RM_027_PU.h5,48839,metadata shape mismatch,"metadata=(256001.0,3.0); H5=(256089, 3, 1)"
RM_027_PU.h5,48840,metadata shape mismatch,"metadata=(256001.0,3.0); H5=(256006, 3, 1)"
RM_027_PU.h5,48841,metadata shape mismatch,"metadata=(256001.0,3.0); H5=(256002, 3, 1)"
RM_027_PU.h5,48842,metadata shape mismatch,"metadata=(256001.0,3.0); H5=(255999, 3, 1)"
RM_027_PU.h5,48843,metadata shape mismatch,"metadata=(256001.0,3.0); H5=(256000, 3, 1)"
RM_027_PU.h5,48844,metadata shape mismatch,"metadata=(256001.0,3.0); H5=(256084, 3, 1)"
RM_027_PU.h5,48846,metadata shape mismatch,"metadata=(256001.0,3.0); H5=(256802, 3, 1)"
RM_027_PU.h5,48849,metadata shape mismatch,"metadata=(256001.0,3.0); H5=(256003, 3, 1)"
RM_027_PU.h5,48851,metadata shape mismatch,"metadata=(256001.0,3.0); H5=(256000, 3, 1)"
RM_027_PU.h5,48852,metadata shape mismatch,"metadata=(256001.0,3.0); H5=(256002, 3, 1)"
RM_027_PU.h5,48854,metadata shape mismatch,"metadata=(256001.0,3.0); H5=(256000, 3, 1)"
RM_027_PU.h5,48856,metadata shape mismatch,"metadata=(256001.0,3.0); H5=(255999, 3, 1)"
RM_027_PU.h5,48858,metadata shape mismatch,"metadata=(256001.0,3.0); H5=(263736, 3, 1)"
RM_027_PU.h5,48859,metadata shape mismatch,"metadata=(256001.0,3.0); H5=(263530, 3, 1)"
RM_027_PU.h5,48863,metadata shape mismatch,"metadata=(256001.0,3.0); H5=(256113, 3, 1)"
RM_027_PU.h5,48864,metadata shape mismatch,"metadata=(256001.0,3.0); H5=(277202, 3, 1)"
RM_027_PU.h5,48868,metadata shape mismatch,"metadata=(256001.0,3.0); H5=(256004, 3, 1)"
RM_027_PU.h5,48870,metadata shape mismatch,"metadata=(256001.0,3.0); H5=(277358, 3, 1)"
RM_027_PU.h5,48871,metadata shape mismatch,"metadata=(256001.0,3.0); H5=(256002, 3, 1)"
RM_027_PU.h5,48875,metadata shape mismatch,"metadata=(256001.0,3.0); H5=(256004, 3, 1)"
RM_027_PU.h5,48876,metadata shape mismatch,"metadata=(256001.0,3.0); H5=(256003, 3, 1)"
RM_027_PU.h5,48877,metadata shape mismatch,"metadata=(256001.0,3.0); H5=(256000, 3, 1)"
RM_027_PU.h5,48878,metadata shape mismatch,"metadata=(256001.0,3.0); H5=(256003, 3, 1)"
RM_027_PU.h5,48879,metadata shape mismatch,"metadata=(256001.0,3.0); H5=(255998, 3, 1)"
RM_027_PU.h5,48882,metadata shape mismatch,"metadata=(256001.0,3.0); H5=(259404, 3, 1)"
RM_027_PU.h5,48884,metadata shape mismatch,"metadata=(256001.0,3.0); H5=(256000, 3, 1)"
RM_027_PU.h5,48885,metadata shape mismatch,"metadata=(256001.0,3.0); H5=(256006, 3, 1)"
RM_027_PU.h5,48886,metadata shape mismatch,"metadata=(256001.0,3.0); H5=(256002, 3, 1)"
RM_027_PU.h5,48887,metadata shape mismatch,"metadata=(256001.0,3.0); H5=(256002, 3, 1)"
RM_027_PU.h5,48889,metadata shape mismatch,"metadata=(256001.0,3.0); H5=(256000, 3, 1)"
RM_027_PU.h5,48892,metadata shape mismatch,"metadata=(256001.0,3.0); H5=(256003, 3, 1)"
RM_027_PU.h5,48894,metadata shape mismatch,"metadata=(256001.0,3.0); H5=(256003, 3, 1)"
RM_027_PU.h5,48895,metadata shape mismatch,"metadata=(256001.0,3.0); H5=(256004, 3, 1)"
RM_027_PU.h5,48896,metadata shape mismatch,"metadata=(256001.0,3.0); H5=(255998, 3, 1)"
RM_027_PU.h5,48897,metadata shape mismatch,"metadata=(256001.0,3.0); H5=(256002, 3, 1)"
RM_027_PU.h5,48899,metadata shape mismatch,"metadata=(256001.0,3.0); H5=(256002, 3, 1)"
RM_027_PU.h5,48900,metadata shape mismatch,"metadata=(256001.0,3.0); H5=(255999, 3, 1)"
RM_027_PU.h5,48901,metadata shape mismatch,"metadata=(256001.0,3.0); H5=(255998, 3, 1)"
RM_027_PU.h5,48905,metadata shape mismatch,"metadata=(256001.0,3.0); H5=(256000, 3, 1)"
RM_027_PU.h5,48906,metadata shape mismatch,"metadata=(256001.0,3.0); H5=(256000, 3, 1)"
RM_027_PU.h5,48907,metadata shape mismatch,"metadata=(256001.0,3.0); H5=(256000, 3, 1)"
RM_027_PU.h5,48908,metadata shape mismatch,"metadata=(256001.0,3.0); H5=(256000, 3, 1)"
RM_027_PU.h5,48909,metadata shape mismatch,"metadata=(256001.0,3.0); H5=(256000, 3, 1)"
RM_027_PU.h5,48910,metadata shape mismatch,"metadata=(256001.0,3.0); H5=(256002, 3, 1)"
RM_027_PU.h5,48911,metadata shape mismatch,"metadata=(256001.0,3.0); H5=(256002, 3, 1)"
RM_027_PU.h5,48912,metadata shape mismatch,"metadata=(256001.0,3.0); H5=(256000, 3, 1)"
RM_027_PU.h5,48914,metadata shape mismatch,"metadata=(256001.0,3.0); H5=(256000, 3, 1)"
RM_027_PU.h5,48915,metadata shape mismatch,"metadata=(256001.0,3.0); H5=(256000, 3, 1)"
RM_027_PU.h5,48917,metadata shape mismatch,"metadata=(256001.0,3.0); H5=(256003, 3, 1)"
RM_027_PU.h5,48919,metadata shape mismatch,"metadata=(256001.0,3.0); H5=(256002, 3, 1)"
RM_027_PU.h5,48920,metadata shape mismatch,"metadata=(256001.0,3.0); H5=(256003, 3, 1)"
RM_027_PU.h5,48924,metadata shape mismatch,"metadata=(256001.0,3.0); H5=(277166, 3, 1)"
RM_027_PU.h5,48926,metadata shape mismatch,"metadata=(256001.0,3.0); H5=(256000, 3, 1)"
RM_027_PU.h5,48927,metadata shape mismatch,"metadata=(256001.0,3.0); H5=(256082, 3, 1)"
RM_027_PU.h5,48928,metadata shape mismatch,"metadata=(256001.0,3.0); H5=(256005, 3, 1)"
RM_027_PU.h5,48929,metadata shape mismatch,"metadata=(256001.0,3.0); H5=(256002, 3, 1)"
RM_027_PU.h5,48931,metadata shape mismatch,"metadata=(256001.0,3.0); H5=(256387, 3, 1)"
RM_027_PU.h5,48932,metadata shape mismatch,"metadata=(256001.0,3.0); H5=(256000, 3, 1)"
RM_027_PU.h5,48933,metadata shape mismatch,"metadata=(256001.0,3.0); H5=(256082, 3, 1)"
RM_027_PU.h5,48935,metadata shape mismatch,"metadata=(256001.0,3.0); H5=(256000, 3, 1)"
RM_027_PU.h5,48937,metadata shape mismatch,"metadata=(256001.0,3.0); H5=(256000, 3, 1)"
RM_027_PU.h5,48938,metadata shape mismatch,"metadata=(256001.0,3.0); H5=(256088, 3, 1)"
RM_027_PU.h5,48939,metadata shape mismatch,"metadata=(256001.0,3.0); H5=(256004, 3, 1)"
RM_027_PU.h5,48942,metadata shape mismatch,"metadata=(256001.0,3.0); H5=(256002, 3, 1)"
RM_027_PU.h5,48943,metadata shape mismatch,"metadata=(256001.0,3.0); H5=(256002, 3, 1)"
RM_027_PU.h5,48944,metadata shape mismatch,"metadata=(256001.0,3.0); H5=(261266, 3, 1)"
RM_027_PU.h5,48946,metadata shape mismatch,"metadata=(256001.0,3.0); H5=(256087, 3, 1)"
RM_027_PU.h5,48948,metadata shape mismatch,"metadata=(256001.0,3.0); H5=(256079, 3, 1)"
RM_027_PU.h5,48949,metadata shape mismatch,"metadata=(256001.0,3.0); H5=(256085, 3, 1)"
RM_027_PU.h5,48951,metadata shape mismatch,"metadata=(256001.0,3.0); H5=(256000, 3, 1)"
RM_027_PU.h5,48952,metadata shape mismatch,"metadata=(256001.0,3.0); H5=(256482, 3, 1)"
RM_027_PU.h5,48953,metadata shape mismatch,"metadata=(256001.0,3.0); H5=(256002, 3, 1)"
RM_027_PU.h5,48954,metadata shape mismatch,"metadata=(256001.0,3.0); H5=(256000, 3, 1)"
RM_027_PU.h5,48956,metadata shape mismatch,"metadata=(256001.0,3.0); H5=(274604, 3, 1)"
RM_027_PU.h5,48958,metadata shape mismatch,"metadata=(256001.0,3.0); H5=(256000, 3, 1)"
RM_027_PU.h5,48959,metadata shape mismatch,"metadata=(256001.0,3.0); H5=(256002, 3, 1)"
RM_027_PU.h5,48960,metadata shape mismatch,"metadata=(256001.0,3.0); H5=(256079, 3, 1)"
RM_027_PU.h5,48961,metadata shape mismatch,"metadata=(256001.0,3.0); H5=(256088, 3, 1)"
RM_027_PU.h5,48964,metadata shape mismatch,"metadata=(256001.0,3.0); H5=(256009, 3, 1)"
RM_027_PU.h5,48965,metadata shape mismatch,"metadata=(256001.0,3.0); H5=(256086, 3, 1)"
RM_027_PU.h5,48968,metadata shape mismatch,"metadata=(256001.0,3.0); H5=(256085, 3, 1)"
RM_027_PU.h5,48969,metadata shape mismatch,"metadata=(256001.0,3.0); H5=(256181, 3, 1)"
RM_027_PU.h5,48970,metadata shape mismatch,"metadata=(256001.0,3.0); H5=(256082, 3, 1)"
RM_027_PU.h5,48971,metadata shape mismatch,"metadata=(256001.0,3.0); H5=(256084, 3, 1)"
RM_027_PU.h5,48972,metadata shape mismatch,"metadata=(256001.0,3.0); H5=(256081, 3, 1)"
RM_027_PU.h5,48973,metadata shape mismatch,"metadata=(256001.0,3.0); H5=(256094, 3, 1)"
RM_027_PU.h5,48974,metadata shape mismatch,"metadata=(256001.0,3.0); H5=(256004, 3, 1)"
RM_027_PU.h5,48975,metadata shape mismatch,"metadata=(256001.0,3.0); H5=(256137, 3, 1)"
RM_027_PU.h5,48976,metadata shape mismatch,"metadata=(256001.0,3.0); H5=(256070, 3, 1)"
RM_027_PU.h5,48977,metadata shape mismatch,"metadata=(256001.0,3.0); H5=(256082, 3, 1)"
RM_027_PU.h5,48978,metadata shape mismatch,"metadata=(256001.0,3.0); H5=(256075, 3, 1)"
RM_027_PU.h5,48979,metadata shape mismatch,"metadata=(256001.0,3.0); H5=(256101, 3, 1)"
RM_027_PU.h5,48980,metadata shape mismatch,"metadata=(256001.0,3.0); H5=(256103, 3, 1)"
RM_027_PU.h5,48981,metadata shape mismatch,"metadata=(256001.0,3.0); H5=(256002, 3, 1)"
RM_027_PU.h5,48982,metadata shape mismatch,"metadata=(256001.0,3.0); H5=(256003, 3, 1)"
RM_027_PU.h5,48984,metadata shape mismatch,"metadata=(256001.0,3.0); H5=(256002, 3, 1)"
RM_027_PU.h5,48985,metadata shape mismatch,"metadata=(256001.0,3.0); H5=(256000, 3, 1)"
RM_027_PU.h5,48987,metadata shape mismatch,"metadata=(256001.0,3.0); H5=(256004, 3, 1)"
RM_027_PU.h5,48990,metadata shape mismatch,"metadata=(256001.0,3.0); H5=(256093, 3, 1)"
RM_027_PU.h5,48991,metadata shape mismatch,"metadata=(256001.0,3.0); H5=(256002, 3, 1)"
RM_027_PU.h5,48992,metadata shape mismatch,"metadata=(256001.0,3.0); H5=(256004, 3, 1)"
RM_027_PU.h5,48995,metadata shape mismatch,"metadata=(256001.0,3.0); H5=(256084, 3, 1)"
RM_027_PU.h5,48996,metadata shape mismatch,"metadata=(256001.0,3.0); H5=(256101, 3, 1)"
RM_027_PU.h5,48998,metadata shape mismatch,"metadata=(256001.0,3.0); H5=(256003, 3, 1)"
RM_027_PU.h5,48999,metadata shape mismatch,"metadata=(256001.0,3.0); H5=(255999, 3, 1)"
RM_027_PU.h5,49001,metadata shape mismatch,"metadata=(256001.0,3.0); H5=(256002, 3, 1)"
RM_027_PU.h5,49003,metadata shape mismatch,"metadata=(256001.0,3.0); H5=(256006, 3, 1)"
RM_027_PU.h5,49004,metadata shape mismatch,"metadata=(256001.0,3.0); H5=(256004, 3, 1)"
RM_027_PU.h5,49006,metadata shape mismatch,"metadata=(256001.0,3.0); H5=(256073, 3, 1)"
RM_027_PU.h5,49008,metadata shape mismatch,"metadata=(256001.0,3.0); H5=(256086, 3, 1)"
RM_027_PU.h5,49009,metadata shape mismatch,"metadata=(256001.0,3.0); H5=(255999, 3, 1)"
RM_027_PU.h5,49010,metadata shape mismatch,"metadata=(256001.0,3.0); H5=(256000, 3, 1)"
RM_027_PU.h5,49011,metadata shape mismatch,"metadata=(256001.0,3.0); H5=(256000, 3, 1)"
RM_027_PU.h5,49012,metadata shape mismatch,"metadata=(256001.0,3.0); H5=(256075, 3, 1)"
RM_027_PU.h5,49013,metadata shape mismatch,"metadata=(256001.0,3.0); H5=(256088, 3, 1)"
RM_027_PU.h5,49014,metadata shape mismatch,"metadata=(256001.0,3.0); H5=(256085, 3, 1)"
RM_027_PU.h5,49016,metadata shape mismatch,"metadata=(256001.0,3.0); H5=(256089, 3, 1)"
RM_027_PU.h5,49017,metadata shape mismatch,"metadata=(256001.0,3.0); H5=(255999, 3, 1)"
RM_027_PU.h5,49019,metadata shape mismatch,"metadata=(256001.0,3.0); H5=(256094, 3, 1)"
RM_027_PU.h5,49020,metadata shape mismatch,"metadata=(256001.0,3.0); H5=(256081, 3, 1)"
RM_027_PU.h5,49022,metadata shape mismatch,"metadata=(256001.0,3.0); H5=(256092, 3, 1)"
RM_027_PU.h5,49024,metadata shape mismatch,"metadata=(256001.0,3.0); H5=(256072, 3, 1)"
RM_027_PU.h5,49025,metadata shape mismatch,"metadata=(256001.0,3.0); H5=(256002, 3, 1)"
RM_027_PU.h5,49027,metadata shape mismatch,"metadata=(256001.0,3.0); H5=(256000, 3, 1)"
RM_027_PU.h5,49028,metadata shape mismatch,"metadata=(256001.0,3.0); H5=(256002, 3, 1)"
RM_027_PU.h5,49029,metadata shape mismatch,"metadata=(256001.0,3.0); H5=(256157, 3, 1)"
RM_027_PU.h5,49030,metadata shape mismatch,"metadata=(256001.0,3.0); H5=(256002, 3, 1)"
RM_027_PU.h5,49031,metadata shape mismatch,"metadata=(256001.0,3.0); H5=(255999, 3, 1)"
RM_027_PU.h5,49032,metadata shape mismatch,"metadata=(256001.0,3.0); H5=(256002, 3, 1)"
RM_027_PU.h5,49033,metadata shape mismatch,"metadata=(256001.0,3.0); H5=(256000, 3, 1)"
RM_027_PU.h5,49034,metadata shape mismatch,"metadata=(256001.0,3.0); H5=(256445, 3, 1)"
RM_027_PU.h5,49035,metadata shape mismatch,"metadata=(256001.0,3.0); H5=(256000, 3, 1)"
RM_027_PU.h5,49036,metadata shape mismatch,"metadata=(256001.0,3.0); H5=(256080, 3, 1)"
RM_027_PU.h5,49037,metadata shape mismatch,"metadata=(256001.0,3.0); H5=(256084, 3, 1)"
RM_027_PU.h5,49039,metadata shape mismatch,"metadata=(256001.0,3.0); H5=(262270, 3, 1)"
RM_027_PU.h5,49040,metadata shape mismatch,"metadata=(256001.0,3.0); H5=(256000, 3, 1)"
RM_027_PU.h5,49043,metadata shape mismatch,"metadata=(256001.0,3.0); H5=(256002, 3, 1)"
RM_027_PU.h5,49045,metadata shape mismatch,"metadata=(256001.0,3.0); H5=(282475, 3, 1)"
RM_027_PU.h5,49047,metadata shape mismatch,"metadata=(256001.0,3.0); H5=(256072, 3, 1)"
RM_027_PU.h5,49049,metadata shape mismatch,"metadata=(256001.0,3.0); H5=(278869, 3, 1)"
RM_027_PU.h5,49054,metadata shape mismatch,"metadata=(256001.0,3.0); H5=(255997, 3, 1)"
RM_027_PU.h5,49055,metadata shape mismatch,"metadata=(256001.0,3.0); H5=(256003, 3, 1)"
RM_027_PU.h5,49057,metadata shape mismatch,"metadata=(256001.0,3.0); H5=(256002, 3, 1)"
RM_027_PU.h5,49059,metadata shape mismatch,"metadata=(256001.0,3.0); H5=(256006, 3, 1)"
RM_027_PU.h5,49060,metadata shape mismatch,"metadata=(256001.0,3.0); H5=(256002, 3, 1)"
RM_027_PU.h5,49068,metadata shape mismatch,"metadata=(256001.0,3.0); H5=(255998, 3, 1)"
RM_027_PU.h5,49069,metadata shape mismatch,"metadata=(256001.0,3.0); H5=(256083, 3, 1)"
RM_027_PU.h5,49070,metadata shape mismatch,"metadata=(256001.0,3.0); H5=(256000, 3, 1)"
RM_027_PU.h5,49071,metadata shape mismatch,"metadata=(256001.0,3.0); H5=(256003, 3, 1)"
RM_027_PU.h5,49074,metadata shape mismatch,"metadata=(256001.0,3.0); H5=(256088, 3, 1)"
RM_027_PU.h5,49075,metadata shape mismatch,"metadata=(256001.0,3.0); H5=(256936, 3, 1)"
RM_027_PU.h5,49077,metadata shape mismatch,"metadata=(256001.0,3.0); H5=(256086, 3, 1)"
RM_027_PU.h5,49079,metadata shape mismatch,"metadata=(256001.0,3.0); H5=(256081, 3, 1)"
RM_027_PU.h5,49080,metadata shape mismatch,"metadata=(256001.0,3.0); H5=(256088, 3, 1)"
RM_027_PU.h5,49082,metadata shape mismatch,"metadata=(256001.0,3.0); H5=(256002, 3, 1)"
RM_027_PU.h5,49084,metadata shape mismatch,"metadata=(256001.0,3.0); H5=(256087, 3, 1)"
RM_027_PU.h5,49086,metadata shape mismatch,"metadata=(256001.0,3.0); H5=(256088, 3, 1)"
RM_027_PU.h5,49087,metadata shape mismatch,"metadata=(256001.0,3.0); H5=(263829, 3, 1)"
RM_027_PU.h5,49088,metadata shape mismatch,"metadata=(256001.0,3.0); H5=(256462, 3, 1)"
RM_027_PU.h5,49089,metadata shape mismatch,"metadata=(256001.0,3.0); H5=(256542, 3, 1)"
RM_027_PU.h5,49090,metadata shape mismatch,"metadata=(256001.0,3.0); H5=(257468, 3, 1)"
RM_027_PU.h5,49092,metadata shape mismatch,"metadata=(256001.0,3.0); H5=(256826, 3, 1)"
RM_027_PU.h5,49093,metadata shape mismatch,"metadata=(256001.0,3.0); H5=(257119, 3, 1)"
RM_027_PU.h5,49094,metadata shape mismatch,"metadata=(256001.0,3.0); H5=(258639, 3, 1)"
RM_027_PU.h5,49096,metadata shape mismatch,"metadata=(256001.0,3.0); H5=(256078, 3, 1)"
RM_027_PU.h5,49097,metadata shape mismatch,"metadata=(256001.0,3.0); H5=(257449, 3, 1)"
RM_027_PU.h5,49099,metadata shape mismatch,"metadata=(256001.0,3.0); H5=(256087, 3, 1)"
RM_027_PU.h5,49100,metadata shape mismatch,"metadata=(256001.0,3.0); H5=(256003, 3, 1)"
RM_027_PU.h5,49101,metadata shape mismatch,"metadata=(256001.0,3.0); H5=(256963, 3, 1)"
RM_027_PU.h5,49102,metadata shape mismatch,"metadata=(256001.0,3.0); H5=(256074, 3, 1)"
RM_027_PU.h5,49103,metadata shape mismatch,"metadata=(256001.0,3.0); H5=(256104, 3, 1)"
RM_027_PU.h5,49104,metadata shape mismatch,"metadata=(256001.0,3.0); H5=(256468, 3, 1)"
RM_027_PU.h5,49105,metadata shape mismatch,"metadata=(256001.0,3.0); H5=(256487, 3, 1)"
RM_027_PU.h5,49107,metadata shape mismatch,"metadata=(256001.0,3.0); H5=(256000, 3, 1)"
RM_027_PU.h5,49108,metadata shape mismatch,"metadata=(256001.0,3.0); H5=(256087, 3, 1)"
RM_027_PU.h5,49111,metadata shape mismatch,"metadata=(256001.0,3.0); H5=(257001, 3, 1)"
RM_027_PU.h5,49112,metadata shape mismatch,"metadata=(256001.0,3.0); H5=(256095, 3, 1)"
RM_027_PU.h5,49113,metadata shape mismatch,"metadata=(256001.0,3.0); H5=(256089, 3, 1)"
RM_027_PU.h5,49114,metadata shape mismatch,"metadata=(256001.0,3.0); H5=(256018, 3, 1)"
RM_027_PU.h5,49115,metadata shape mismatch,"metadata=(256001.0,3.0); H5=(256094, 3, 1)"
RM_027_PU.h5,49117,metadata shape mismatch,"metadata=(256001.0,3.0); H5=(256184, 3, 1)"
RM_027_PU.h5,49119,metadata shape mismatch,"metadata=(256001.0,3.0); H5=(256110, 3, 1)"
RM_027_PU.h5,49120,metadata shape mismatch,"metadata=(256001.0,3.0); H5=(256000, 3, 1)"
RM_027_PU.h5,49121,metadata shape mismatch,"metadata=(256001.0,3.0); H5=(256123, 3, 1)"
RM_027_PU.h5,49122,metadata shape mismatch,"metadata=(256001.0,3.0); H5=(256782, 3, 1)"
RM_027_PU.h5,49124,metadata shape mismatch,"metadata=(256001.0,3.0); H5=(263550, 3, 1)"
RM_027_PU.h5,49125,metadata shape mismatch,"metadata=(256001.0,3.0); H5=(257691, 3, 1)"
RM_027_PU.h5,49127,metadata shape mismatch,"metadata=(256001.0,3.0); H5=(257207, 3, 1)"
RM_027_PU.h5,49128,metadata shape mismatch,"metadata=(256001.0,3.0); H5=(260765, 3, 1)"
RM_027_PU.h5,49129,metadata shape mismatch,"metadata=(256001.0,3.0); H5=(256093, 3, 1)"
RM_027_PU.h5,49130,metadata shape mismatch,"metadata=(256001.0,3.0); H5=(256761, 3, 1)"
RM_027_PU.h5,49131,metadata shape mismatch,"metadata=(256001.0,3.0); H5=(256083, 3, 1)"
RM_027_PU.h5,49132,metadata shape mismatch,"metadata=(256001.0,3.0); H5=(256432, 3, 1)"
RM_027_PU.h5,49133,metadata shape mismatch,"metadata=(256001.0,3.0); H5=(256000, 3, 1)"
RM_027_PU.h5,49134,metadata shape mismatch,"metadata=(256001.0,3.0); H5=(256088, 3, 1)"
RM_027_PU.h5,49135,metadata shape mismatch,"metadata=(256001.0,3.0); H5=(256002, 3, 1)"
RM_027_PU.h5,49136,metadata shape mismatch,"metadata=(256001.0,3.0); H5=(256113, 3, 1)"
RM_027_PU.h5,49139,metadata shape mismatch,"metadata=(256001.0,3.0); H5=(256604, 3, 1)"
RM_027_PU.h5,49140,metadata shape mismatch,"metadata=(256001.0,3.0); H5=(256914, 3, 1)"
RM_027_PU.h5,49143,metadata shape mismatch,"metadata=(256001.0,3.0); H5=(256002, 3, 1)"
RM_027_PU.h5,49144,metadata shape mismatch,"metadata=(256001.0,3.0); H5=(256314, 3, 1)"
RM_027_PU.h5,49146,metadata shape mismatch,"metadata=(256001.0,3.0); H5=(256000, 3, 1)"
RM_027_PU.h5,49147,metadata shape mismatch,"metadata=(256001.0,3.0); H5=(256000, 3, 1)"
RM_027_PU.h5,49149,metadata shape mismatch,"metadata=(256001.0,3.0); H5=(262080, 3, 1)"
RM_027_PU.h5,49150,metadata shape mismatch,"metadata=(256001.0,3.0); H5=(256079, 3, 1)"
RM_027_PU.h5,49151,metadata shape mismatch,"metadata=(256001.0,3.0); H5=(256749, 3, 1)"
RM_027_PU.h5,49152,metadata shape mismatch,"metadata=(256001.0,3.0); H5=(256593, 3, 1)"
RM_027_PU.h5,49153,metadata shape mismatch,"metadata=(256001.0,3.0); H5=(256423, 3, 1)"
RM_027_PU.h5,49154,metadata shape mismatch,"metadata=(256001.0,3.0); H5=(256099, 3, 1)"
RM_027_PU.h5,49156,metadata shape mismatch,"metadata=(256001.0,3.0); H5=(256110, 3, 1)"
RM_027_PU.h5,49158,metadata shape mismatch,"metadata=(256001.0,3.0); H5=(256287, 3, 1)"
RM_027_PU.h5,49159,metadata shape mismatch,"metadata=(256001.0,3.0); H5=(256088, 3, 1)"
RM_027_PU.h5,49160,metadata shape mismatch,"metadata=(256001.0,3.0); H5=(256537, 3, 1)"
RM_027_PU.h5,49161,metadata shape mismatch,"metadata=(256001.0,3.0); H5=(256003, 3, 1)"
RM_027_PU.h5,49162,metadata shape mismatch,"metadata=(256001.0,3.0); H5=(256090, 3, 1)"
RM_027_PU.h5,49163,metadata shape mismatch,"metadata=(256001.0,3.0); H5=(256587, 3, 1)"
RM_027_PU.h5,49164,metadata shape mismatch,"metadata=(256001.0,3.0); H5=(256097, 3, 1)"
RM_027_PU.h5,49165,metadata shape mismatch,"metadata=(256001.0,3.0); H5=(256106, 3, 1)"
RM_027_PU.h5,49168,metadata shape mismatch,"metadata=(256001.0,3.0); H5=(256079, 3, 1)"
RM_027_PU.h5,49170,metadata shape mismatch,"metadata=(256001.0,3.0); H5=(256004, 3, 1)"
RM_027_PU.h5,49171,metadata shape mismatch,"metadata=(256001.0,3.0); H5=(256809, 3, 1)"
RM_027_PU.h5,49173,metadata shape mismatch,"metadata=(256001.0,3.0); H5=(263922, 3, 1)"
RM_027_PU.h5,49175,metadata shape mismatch,"metadata=(256001.0,3.0); H5=(256004, 3, 1)"
RM_027_PU.h5,49176,metadata shape mismatch,"metadata=(256001.0,3.0); H5=(256006, 3, 1)"
RM_027_PU.h5,49177,metadata shape mismatch,"metadata=(256001.0,3.0); H5=(256004, 3, 1)"
RM_027_PU.h5,49178,metadata shape mismatch,"metadata=(256001.0,3.0); H5=(256078, 3, 1)"
RM_027_PU.h5,49180,metadata shape mismatch,"metadata=(256001.0,3.0); H5=(256002, 3, 1)"
RM_027_PU.h5,49181,metadata shape mismatch,"metadata=(256001.0,3.0); H5=(272645, 3, 1)"
RM_027_PU.h5,49182,metadata shape mismatch,"metadata=(256001.0,3.0); H5=(255998, 3, 1)"
RM_027_PU.h5,49183,metadata shape mismatch,"metadata=(256001.0,3.0); H5=(256002, 3, 1)"
RM_027_PU.h5,49184,metadata shape mismatch,"metadata=(256001.0,3.0); H5=(256597, 3, 1)"
RM_027_PU.h5,49185,metadata shape mismatch,"metadata=(256001.0,3.0); H5=(256087, 3, 1)"
RM_027_PU.h5,49188,metadata shape mismatch,"metadata=(256001.0,3.0); H5=(259003, 3, 1)"
RM_027_PU.h5,49192,metadata shape mismatch,"metadata=(256001.0,3.0); H5=(256000, 3, 1)"
RM_027_PU.h5,49193,metadata shape mismatch,"metadata=(256001.0,3.0); H5=(256089, 3, 1)"
RM_027_PU.h5,49194,metadata shape mismatch,"metadata=(256001.0,3.0); H5=(280916, 3, 1)"
RM_027_PU.h5,49196,metadata shape mismatch,"metadata=(256001.0,3.0); H5=(256000, 3, 1)"
RM_027_PU.h5,49198,metadata shape mismatch,"metadata=(256001.0,3.0); H5=(290027, 3, 1)"
RM_027_PU.h5,49199,metadata shape mismatch,"metadata=(256001.0,3.0); H5=(256002, 3, 1)"
RM_027_PU.h5,49200,metadata shape mismatch,"metadata=(256001.0,3.0); H5=(256000, 3, 1)"
RM_027_PU.h5,49201,metadata shape mismatch,"metadata=(256001.0,3.0); H5=(256084, 3, 1)"
RM_027_PU.h5,49202,metadata shape mismatch,"metadata=(256001.0,3.0); H5=(256176, 3, 1)"
RM_027_PU.h5,49205,metadata shape mismatch,"metadata=(256001.0,3.0); H5=(256000, 3, 1)"
RM_027_PU.h5,49206,metadata shape mismatch,"metadata=(256001.0,3.0); H5=(256090, 3, 1)"
RM_027_PU.h5,49208,metadata shape mismatch,"metadata=(256001.0,3.0); H5=(256086, 3, 1)"
RM_027_PU.h5,49211,metadata shape mismatch,"metadata=(256001.0,3.0); H5=(256000, 3, 1)"
RM_027_PU.h5,49212,metadata shape mismatch,"metadata=(256001.0,3.0); H5=(256003, 3, 1)"
RM_027_PU.h5,49213,metadata shape mismatch,"metadata=(256001.0,3.0); H5=(256113, 3, 1)"
RM_027_PU.h5,49214,metadata shape mismatch,"metadata=(256001.0,3.0); H5=(256013, 3, 1)"
RM_027_PU.h5,49216,metadata shape mismatch,"metadata=(256001.0,3.0); H5=(257249, 3, 1)"
RM_027_PU.h5,49217,metadata shape mismatch,"metadata=(256001.0,3.0); H5=(255998, 3, 1)"
RM_027_PU.h5,49218,metadata shape mismatch,"metadata=(256001.0,3.0); H5=(256088, 3, 1)"
RM_027_PU.h5,49219,metadata shape mismatch,"metadata=(256001.0,3.0); H5=(256002, 3, 1)"
RM_027_PU.h5,49220,metadata shape mismatch,"metadata=(256001.0,3.0); H5=(256084, 3, 1)"
RM_027_PU.h5,49221,metadata shape mismatch,"metadata=(256001.0,3.0); H5=(256002, 3, 1)"
RM_027_PU.h5,49222,metadata shape mismatch,"metadata=(256001.0,3.0); H5=(256002, 3, 1)"
RM_027_PU.h5,49223,metadata shape mismatch,"metadata=(256001.0,3.0); H5=(256002, 3, 1)"
RM_027_PU.h5,49224,metadata shape mismatch,"metadata=(256001.0,3.0); H5=(256000, 3, 1)"
RM_027_PU.h5,49228,metadata shape mismatch,"metadata=(256001.0,3.0); H5=(255999, 3, 1)"
RM_027_PU.h5,49229,metadata shape mismatch,"metadata=(256001.0,3.0); H5=(256000, 3, 1)"
RM_027_PU.h5,49230,metadata shape mismatch,"metadata=(256001.0,3.0); H5=(256091, 3, 1)"
RM_027_PU.h5,49231,metadata shape mismatch,"metadata=(256001.0,3.0); H5=(256087, 3, 1)"
RM_027_PU.h5,49232,metadata shape mismatch,"metadata=(256001.0,3.0); H5=(256000, 3, 1)"
RM_027_PU.h5,49233,metadata shape mismatch,"metadata=(256001.0,3.0); H5=(256090, 3, 1)"
RM_027_PU.h5,49235,metadata shape mismatch,"metadata=(256001.0,3.0); H5=(256088, 3, 1)"
RM_027_PU.h5,49236,metadata shape mismatch,"metadata=(256001.0,3.0); H5=(256003, 3, 1)"
RM_027_PU.h5,49237,metadata shape mismatch,"metadata=(256001.0,3.0); H5=(262091, 3, 1)"
RM_027_PU.h5,49238,metadata shape mismatch,"metadata=(256001.0,3.0); H5=(256086, 3, 1)"
RM_027_PU.h5,49239,metadata shape mismatch,"metadata=(256001.0,3.0); H5=(256000, 3, 1)"
RM_027_PU.h5,49240,metadata shape mismatch,"metadata=(256001.0,3.0); H5=(256005, 3, 1)"
RM_027_PU.h5,49241,metadata shape mismatch,"metadata=(256001.0,3.0); H5=(256000, 3, 1)"
RM_027_PU.h5,49242,metadata shape mismatch,"metadata=(256001.0,3.0); H5=(256000, 3, 1)"
RM_027_PU.h5,49243,metadata shape mismatch,"metadata=(256001.0,3.0); H5=(256000, 3, 1)"
RM_027_PU.h5,49244,metadata shape mismatch,"metadata=(256001.0,3.0); H5=(256003, 3, 1)"
RM_027_PU.h5,49246,metadata shape mismatch,"metadata=(256001.0,3.0); H5=(256000, 3, 1)"
RM_027_PU.h5,49254,metadata shape mismatch,"metadata=(256001.0,3.0); H5=(256250, 3, 1)"
RM_027_PU.h5,49256,metadata shape mismatch,"metadata=(256001.0,3.0); H5=(256762, 3, 1)"
RM_027_PU.h5,49257,metadata shape mismatch,"metadata=(256001.0,3.0); H5=(256104, 3, 1)"
RM_027_PU.h5,49258,metadata shape mismatch,"metadata=(256001.0,3.0); H5=(256087, 3, 1)"
RM_027_PU.h5,49259,metadata shape mismatch,"metadata=(256001.0,3.0); H5=(256000, 3, 1)"
RM_027_PU.h5,49260,metadata shape mismatch,"metadata=(256001.0,3.0); H5=(257746, 3, 1)"
RM_027_PU.h5,49261,metadata shape mismatch,"metadata=(256001.0,3.0); H5=(256103, 3, 1)"
RM_027_PU.h5,49264,metadata shape mismatch,"metadata=(256001.0,3.0); H5=(256084, 3, 1)"
RM_027_PU.h5,49265,metadata shape mismatch,"metadata=(256001.0,3.0); H5=(256103, 3, 1)"
RM_027_PU.h5,49266,metadata shape mismatch,"metadata=(256001.0,3.0); H5=(256114, 3, 1)"
RM_027_PU.h5,49267,metadata shape mismatch,"metadata=(256001.0,3.0); H5=(256803, 3, 1)"
RM_027_PU.h5,49269,metadata shape mismatch,"metadata=(256001.0,3.0); H5=(256084, 3, 1)"
RM_027_PU.h5,49270,metadata shape mismatch,"metadata=(256001.0,3.0); H5=(256703, 3, 1)"
RM_027_PU.h5,49271,metadata shape mismatch,"metadata=(256001.0,3.0); H5=(256096, 3, 1)"
RM_027_PU.h5,49272,metadata shape mismatch,"metadata=(256001.0,3.0); H5=(256534, 3, 1)"
RM_027_PU.h5,49273,metadata shape mismatch,"metadata=(256001.0,3.0); H5=(256142, 3, 1)"
RM_027_PU.h5,49274,metadata shape mismatch,"metadata=(256001.0,3.0); H5=(256694, 3, 1)"
RM_027_PU.h5,49275,metadata shape mismatch,"metadata=(256001.0,3.0); H5=(256103, 3, 1)"
RM_027_PU.h5,49276,metadata shape mismatch,"metadata=(256001.0,3.0); H5=(258636, 3, 1)"
RM_027_PU.h5,49278,metadata shape mismatch,"metadata=(256001.0,3.0); H5=(256085, 3, 1)"
RM_027_PU.h5,49280,metadata shape mismatch,"metadata=(256001.0,3.0); H5=(257100, 3, 1)"
RM_027_PU.h5,49281,metadata shape mismatch,"metadata=(256001.0,3.0); H5=(257119, 3, 1)"
RM_027_PU.h5,49282,metadata shape mismatch,"metadata=(256001.0,3.0); H5=(257281, 3, 1)"
RM_027_PU.h5,49284,metadata shape mismatch,"metadata=(256001.0,3.0); H5=(256548, 3, 1)"
RM_027_PU.h5,49287,metadata shape mismatch,"metadata=(256001.0,3.0); H5=(257323, 3, 1)"
RM_027_PU.h5,49288,metadata shape mismatch,"metadata=(256001.0,3.0); H5=(256942, 3, 1)"
RM_027_PU.h5,49289,metadata shape mismatch,"metadata=(256001.0,3.0); H5=(256086, 3, 1)"
RM_027_PU.h5,49290,metadata shape mismatch,"metadata=(256001.0,3.0); H5=(256085, 3, 1)"
RM_027_PU.h5,49291,metadata shape mismatch,"metadata=(256001.0,3.0); H5=(256085, 3, 1)"
RM_027_PU.h5,49292,metadata shape mismatch,"metadata=(256001.0,3.0); H5=(256099, 3, 1)"
RM_027_PU.h5,49293,metadata shape mismatch,"metadata=(256001.0,3.0); H5=(256082, 3, 1)"
RM_027_PU.h5,49294,metadata shape mismatch,"metadata=(256001.0,3.0); H5=(256092, 3, 1)"
RM_027_PU.h5,49295,metadata shape mismatch,"metadata=(256001.0,3.0); H5=(256246, 3, 1)"
RM_027_PU.h5,49296,metadata shape mismatch,"metadata=(256001.0,3.0); H5=(256917, 3, 1)"
RM_027_PU.h5,49297,metadata shape mismatch,"metadata=(256001.0,3.0); H5=(256535, 3, 1)"
RM_027_PU.h5,49302,metadata shape mismatch,"metadata=(256001.0,3.0); H5=(256081, 3, 1)"
RM_027_PU.h5,49303,metadata shape mismatch,"metadata=(256001.0,3.0); H5=(256101, 3, 1)"
RM_027_PU.h5,49304,metadata shape mismatch,"metadata=(256001.0,3.0); H5=(256003, 3, 1)"
RM_027_PU.h5,49306,metadata shape mismatch,"metadata=(256001.0,3.0); H5=(256907, 3, 1)"
RM_027_PU.h5,49307,metadata shape mismatch,"metadata=(256001.0,3.0); H5=(258008, 3, 1)"
RM_027_PU.h5,49308,metadata shape mismatch,"metadata=(256001.0,3.0); H5=(257037, 3, 1)"
RM_027_PU.h5,49309,metadata shape mismatch,"metadata=(256001.0,3.0); H5=(256757, 3, 1)"
RM_027_PU.h5,49311,metadata shape mismatch,"metadata=(256001.0,3.0); H5=(256483, 3, 1)"
RM_027_PU.h5,49312,metadata shape mismatch,"metadata=(256001.0,3.0); H5=(256101, 3, 1)"
RM_027_PU.h5,49319,metadata shape mismatch,"metadata=(256001.0,3.0); H5=(256511, 3, 1)"
RM_027_PU.h5,49321,metadata shape mismatch,"metadata=(256001.0,3.0); H5=(257473, 3, 1)"
RM_027_PU.h5,49322,metadata shape mismatch,"metadata=(256001.0,3.0); H5=(256110, 3, 1)"
RM_027_PU.h5,49323,metadata shape mismatch,"metadata=(256001.0,3.0); H5=(256096, 3, 1)"
RM_027_PU.h5,49324,metadata shape mismatch,"metadata=(256001.0,3.0); H5=(256084, 3, 1)"
RM_027_PU.h5,49326,metadata shape mismatch,"metadata=(256001.0,3.0); H5=(256132, 3, 1)"
RM_027_PU.h5,49327,metadata shape mismatch,"metadata=(256001.0,3.0); H5=(256080, 3, 1)"
RM_027_PU.h5,49328,metadata shape mismatch,"metadata=(256001.0,3.0); H5=(256324, 3, 1)"
RM_027_PU.h5,49329,metadata shape mismatch,"metadata=(256001.0,3.0); H5=(256003, 3, 1)"
RM_027_PU.h5,49332,metadata shape mismatch,"metadata=(256001.0,3.0); H5=(256003, 3, 1)"
RM_027_PU.h5,49333,metadata shape mismatch,"metadata=(256001.0,3.0); H5=(256010, 3, 1)"
RM_027_PU.h5,49334,metadata shape mismatch,"metadata=(256001.0,3.0); H5=(256085, 3, 1)"
RM_027_PU.h5,49336,metadata shape mismatch,"metadata=(256001.0,3.0); H5=(256003, 3, 1)"
RM_027_PU.h5,49339,metadata shape mismatch,"metadata=(256001.0,3.0); H5=(256000, 3, 1)"
RM_027_PU.h5,49341,metadata shape mismatch,"metadata=(256001.0,3.0); H5=(256086, 3, 1)"
RM_027_PU.h5,49344,metadata shape mismatch,"metadata=(256001.0,3.0); H5=(255999, 3, 1)"
RM_027_PU.h5,49345,metadata shape mismatch,"metadata=(256001.0,3.0); H5=(255999, 3, 1)"
RM_027_PU.h5,49346,metadata shape mismatch,"metadata=(256001.0,3.0); H5=(256000, 3, 1)"
RM_027_PU.h5,49347,metadata shape mismatch,"metadata=(256001.0,3.0); H5=(256086, 3, 1)"
RM_027_PU.h5,49349,metadata shape mismatch,"metadata=(256001.0,3.0); H5=(256098, 3, 1)"
RM_027_PU.h5,49350,metadata shape mismatch,"metadata=(256001.0,3.0); H5=(256010, 3, 1)"
RM_027_PU.h5,49351,metadata shape mismatch,"metadata=(256001.0,3.0); H5=(256002, 3, 1)"
RM_027_PU.h5,49352,metadata shape mismatch,"metadata=(256001.0,3.0); H5=(256091, 3, 1)"
RM_027_PU.h5,49353,metadata shape mismatch,"metadata=(256001.0,3.0); H5=(256002, 3, 1)"
RM_027_PU.h5,49355,metadata shape mismatch,"metadata=(256001.0,3.0); H5=(255999, 3, 1)"
RM_027_PU.h5,49356,metadata shape mismatch,"metadata=(256001.0,3.0); H5=(262198, 3, 1)"
RM_027_PU.h5,49357,metadata shape mismatch,"metadata=(256001.0,3.0); H5=(256004, 3, 1)"
RM_027_PU.h5,49358,metadata shape mismatch,"metadata=(256001.0,3.0); H5=(272688, 3, 1)"
RM_027_PU.h5,49359,metadata shape mismatch,"metadata=(256001.0,3.0); H5=(255999, 3, 1)"
RM_027_PU.h5,49360,metadata shape mismatch,"metadata=(256001.0,3.0); H5=(256090, 3, 1)"
RM_027_PU.h5,49361,metadata shape mismatch,"metadata=(256001.0,3.0); H5=(256002, 3, 1)"
RM_027_PU.h5,49362,metadata shape mismatch,"metadata=(256001.0,3.0); H5=(256087, 3, 1)"
RM_027_PU.h5,49364,metadata shape mismatch,"metadata=(256001.0,3.0); H5=(256097, 3, 1)"
RM_027_PU.h5,49369,metadata shape mismatch,"metadata=(256001.0,3.0); H5=(283281, 3, 1)"
RM_027_PU.h5,49370,metadata shape mismatch,"metadata=(256001.0,3.0); H5=(259479, 3, 1)"
RM_027_PU.h5,49372,metadata shape mismatch,"metadata=(256001.0,3.0); H5=(256002, 3, 1)"
RM_027_PU.h5,49373,metadata shape mismatch,"metadata=(256001.0,3.0); H5=(256003, 3, 1)"
RM_027_PU.h5,49374,metadata shape mismatch,"metadata=(256001.0,3.0); H5=(256002, 3, 1)"
RM_027_PU.h5,49377,metadata shape mismatch,"metadata=(256001.0,3.0); H5=(256000, 3, 1)"
RM_027_PU.h5,49378,metadata shape mismatch,"metadata=(256001.0,3.0); H5=(256147, 3, 1)"
RM_027_PU.h5,49381,metadata shape mismatch,"metadata=(256001.0,3.0); H5=(256002, 3, 1)"
RM_027_PU.h5,49382,metadata shape mismatch,"metadata=(256001.0,3.0); H5=(256002, 3, 1)"
RM_027_PU.h5,49384,metadata shape mismatch,"metadata=(256001.0,3.0); H5=(256002, 3, 1)"
RM_027_PU.h5,49385,metadata shape mismatch,"metadata=(256001.0,3.0); H5=(258610, 3, 1)"
RM_027_PU.h5,49386,metadata shape mismatch,"metadata=(256001.0,3.0); H5=(256000, 3, 1)"
RM_027_PU.h5,49387,metadata shape mismatch,"metadata=(256001.0,3.0); H5=(256091, 3, 1)"
RM_027_PU.h5,49389,metadata shape mismatch,"metadata=(256001.0,3.0); H5=(256092, 3, 1)"
RM_027_PU.h5,49390,metadata shape mismatch,"metadata=(256001.0,3.0); H5=(256090, 3, 1)"
RM_027_PU.h5,49391,metadata shape mismatch,"metadata=(256001.0,3.0); H5=(256000, 3, 1)"
RM_027_PU.h5,49392,metadata shape mismatch,"metadata=(256001.0,3.0); H5=(256086, 3, 1)"
RM_027_PU.h5,49393,metadata shape mismatch,"metadata=(256001.0,3.0); H5=(256000, 3, 1)"
RM_027_PU.h5,49394,metadata shape mismatch,"metadata=(256001.0,3.0); H5=(256003, 3, 1)"
RM_027_PU.h5,49395,metadata shape mismatch,"metadata=(256001.0,3.0); H5=(256076, 3, 1)"
RM_027_PU.h5,49396,metadata shape mismatch,"metadata=(256001.0,3.0); H5=(256000, 3, 1)"
RM_027_PU.h5,49397,metadata shape mismatch,"metadata=(256001.0,3.0); H5=(256089, 3, 1)"
RM_027_PU.h5,49399,metadata shape mismatch,"metadata=(256001.0,3.0); H5=(256099, 3, 1)"
RM_027_PU.h5,49403,metadata shape mismatch,"metadata=(256001.0,3.0); H5=(256002, 3, 1)"
RM_027_PU.h5,49404,metadata shape mismatch,"metadata=(256001.0,3.0); H5=(256000, 3, 1)"
RM_027_PU.h5,49405,metadata shape mismatch,"metadata=(256001.0,3.0); H5=(256087, 3, 1)"
RM_027_PU.h5,49406,metadata shape mismatch,"metadata=(256001.0,3.0); H5=(262465, 3, 1)"
RM_027_PU.h5,49407,metadata shape mismatch,"metadata=(256001.0,3.0); H5=(256087, 3, 1)"
RM_027_PU.h5,49408,metadata shape mismatch,"metadata=(256001.0,3.0); H5=(256088, 3, 1)"
RM_027_PU.h5,49410,metadata shape mismatch,"metadata=(256001.0,3.0); H5=(256086, 3, 1)"
RM_027_PU.h5,49412,metadata shape mismatch,"metadata=(256001.0,3.0); H5=(256077, 3, 1)"
RM_027_PU.h5,49414,metadata shape mismatch,"metadata=(256001.0,3.0); H5=(256082, 3, 1)"
RM_027_PU.h5,49416,metadata shape mismatch,"metadata=(256001.0,3.0); H5=(260166, 3, 1)"
RM_027_PU.h5,49417,metadata shape mismatch,"metadata=(256001.0,3.0); H5=(260758, 3, 1)"
RM_027_PU.h5,49420,metadata shape mismatch,"metadata=(256001.0,3.0); H5=(256075, 3, 1)"
RM_027_PU.h5,49421,metadata shape mismatch,"metadata=(256001.0,3.0); H5=(262172, 3, 1)"
RM_027_PU.h5,49422,metadata shape mismatch,"metadata=(256001.0,3.0); H5=(261934, 3, 1)"
RM_027_PU.h5,49424,metadata shape mismatch,"metadata=(256001.0,3.0); H5=(256000, 3, 1)"
RM_027_PU.h5,49427,metadata shape mismatch,"metadata=(256001.0,3.0); H5=(256732, 3, 1)"
RM_027_PU.h5,49443,metadata shape mismatch,"metadata=(256001.0,3.0); H5=(256085, 3, 1)"
RM_027_PU.h5,49447,metadata shape mismatch,"metadata=(256001.0,3.0); H5=(256004, 3, 1)"
RM_027_PU.h5,49448,metadata shape mismatch,"metadata=(256001.0,3.0); H5=(256082, 3, 1)"
RM_027_PU.h5,49450,metadata shape mismatch,"metadata=(256001.0,3.0); H5=(256940, 3, 1)"
RM_027_PU.h5,49451,metadata shape mismatch,"metadata=(256001.0,3.0); H5=(256396, 3, 1)"
RM_027_PU.h5,49452,metadata shape mismatch,"metadata=(256001.0,3.0); H5=(256622, 3, 1)"
RM_027_PU.h5,49455,metadata shape mismatch,"metadata=(256001.0,3.0); H5=(256359, 3, 1)"
RM_027_PU.h5,49456,metadata shape mismatch,"metadata=(256001.0,3.0); H5=(256083, 3, 1)"
RM_027_PU.h5,49457,metadata shape mismatch,"metadata=(256001.0,3.0); H5=(256092, 3, 1)"
RM_027_PU.h5,49458,metadata shape mismatch,"metadata=(256001.0,3.0); H5=(256090, 3, 1)"
RM_027_PU.h5,49459,metadata shape mismatch,"metadata=(256001.0,3.0); H5=(256091, 3, 1)"
RM_027_PU.h5,49463,metadata shape mismatch,"metadata=(256001.0,3.0); H5=(256088, 3, 1)"
RM_027_PU.h5,49464,metadata shape mismatch,"metadata=(256001.0,3.0); H5=(256002, 3, 1)"
RM_027_PU.h5,49465,metadata shape mismatch,"metadata=(256001.0,3.0); H5=(261419, 3, 1)"
RM_027_PU.h5,49466,metadata shape mismatch,"metadata=(256001.0,3.0); H5=(256092, 3, 1)"
RM_027_PU.h5,49470,metadata shape mismatch,"metadata=(256001.0,3.0); H5=(256813, 3, 1)"
RM_027_PU.h5,49471,metadata shape mismatch,"metadata=(256001.0,3.0); H5=(256089, 3, 1)"
RM_027_PU.h5,49474,metadata shape mismatch,"metadata=(256001.0,3.0); H5=(256844, 3, 1)"
RM_027_PU.h5,49475,metadata shape mismatch,"metadata=(256001.0,3.0); H5=(256081, 3, 1)"
RM_027_PU.h5,49480,metadata shape mismatch,"metadata=(256001.0,3.0); H5=(256081, 3, 1)"
RM_027_PU.h5,49481,metadata shape mismatch,"metadata=(256001.0,3.0); H5=(256083, 3, 1)"
RM_027_PU.h5,49483,metadata shape mismatch,"metadata=(256001.0,3.0); H5=(257488, 3, 1)"
RM_027_PU.h5,49485,metadata shape mismatch,"metadata=(256001.0,3.0); H5=(256003, 3, 1)"
RM_027_PU.h5,49486,metadata shape mismatch,"metadata=(256001.0,3.0); H5=(256135, 3, 1)"
RM_027_PU.h5,49487,metadata shape mismatch,"metadata=(256001.0,3.0); H5=(256081, 3, 1)"
RM_027_PU.h5,49493,metadata shape mismatch,"metadata=(256001.0,3.0); H5=(259354, 3, 1)"
RM_027_PU.h5,49495,metadata shape mismatch,"metadata=(256001.0,3.0); H5=(256078, 3, 1)"
RM_027_PU.h5,49497,metadata shape mismatch,"metadata=(256001.0,3.0); H5=(256088, 3, 1)"
RM_027_PU.h5,49499,metadata shape mismatch,"metadata=(256001.0,3.0); H5=(256000, 3, 1)"
RM_027_PU.h5,49501,metadata shape mismatch,"metadata=(256001.0,3.0); H5=(256000, 3, 1)"
RM_027_PU.h5,49502,metadata shape mismatch,"metadata=(256001.0,3.0); H5=(256087, 3, 1)"
RM_027_PU.h5,49503,metadata shape mismatch,"metadata=(256001.0,3.0); H5=(256000, 3, 1)"
RM_027_PU.h5,49504,metadata shape mismatch,"metadata=(256001.0,3.0); H5=(256074, 3, 1)"
RM_027_PU.h5,49505,metadata shape mismatch,"metadata=(256001.0,3.0); H5=(256005, 3, 1)"
RM_027_PU.h5,49506,metadata shape mismatch,"metadata=(256001.0,3.0); H5=(255999, 3, 1)"
RM_027_PU.h5,49507,metadata shape mismatch,"metadata=(256001.0,3.0); H5=(256002, 3, 1)"
RM_027_PU.h5,49509,metadata shape mismatch,"metadata=(256001.0,3.0); H5=(256000, 3, 1)"
RM_027_PU.h5,49511,metadata shape mismatch,"metadata=(256001.0,3.0); H5=(256096, 3, 1)"
RM_027_PU.h5,49514,metadata shape mismatch,"metadata=(256001.0,3.0); H5=(256091, 3, 1)"
RM_027_PU.h5,49515,metadata shape mismatch,"metadata=(256001.0,3.0); H5=(256000, 3, 1)"
RM_027_PU.h5,49516,metadata shape mismatch,"metadata=(256001.0,3.0); H5=(256085, 3, 1)"
RM_027_PU.h5,49517,metadata shape mismatch,"metadata=(256001.0,3.0); H5=(256000, 3, 1)"
RM_027_PU.h5,49518,metadata shape mismatch,"metadata=(256001.0,3.0); H5=(256105, 3, 1)"
RM_027_PU.h5,49522,metadata shape mismatch,"metadata=(256001.0,3.0); H5=(256086, 3, 1)"
RM_027_PU.h5,49524,metadata shape mismatch,"metadata=(256001.0,3.0); H5=(255998, 3, 1)"
RM_027_PU.h5,49525,metadata shape mismatch,"metadata=(256001.0,3.0); H5=(256085, 3, 1)"
RM_027_PU.h5,49526,metadata shape mismatch,"metadata=(256001.0,3.0); H5=(256002, 3, 1)"
RM_027_PU.h5,49527,metadata shape mismatch,"metadata=(256001.0,3.0); H5=(256085, 3, 1)"
RM_027_PU.h5,49528,metadata shape mismatch,"metadata=(256001.0,3.0); H5=(274949, 3, 1)"
RM_027_PU.h5,49530,metadata shape mismatch,"metadata=(256001.0,3.0); H5=(256095, 3, 1)"
RM_027_PU.h5,49531,metadata shape mismatch,"metadata=(256001.0,3.0); H5=(256002, 3, 1)"
RM_027_PU.h5,49532,metadata shape mismatch,"metadata=(256001.0,3.0); H5=(256000, 3, 1)"
RM_027_PU.h5,49533,metadata shape mismatch,"metadata=(256001.0,3.0); H5=(276352, 3, 1)"
RM_027_PU.h5,49534,metadata shape mismatch,"metadata=(256001.0,3.0); H5=(262880, 3, 1)"
RM_027_PU.h5,49535,metadata shape mismatch,"metadata=(256001.0,3.0); H5=(269468, 3, 1)"
RM_027_PU.h5,49536,metadata shape mismatch,"metadata=(256001.0,3.0); H5=(256089, 3, 1)"
RM_027_PU.h5,49537,metadata shape mismatch,"metadata=(256001.0,3.0); H5=(256075, 3, 1)"
RM_027_PU.h5,49538,metadata shape mismatch,"metadata=(256001.0,3.0); H5=(262472, 3, 1)"
RM_027_PU.h5,49541,metadata shape mismatch,"metadata=(256001.0,3.0); H5=(256080, 3, 1)"
RM_027_PU.h5,49543,metadata shape mismatch,"metadata=(256001.0,3.0); H5=(256000, 3, 1)"
RM_027_PU.h5,49545,metadata shape mismatch,"metadata=(256001.0,3.0); H5=(256107, 3, 1)"
RM_027_PU.h5,49547,metadata shape mismatch,"metadata=(256001.0,3.0); H5=(258095, 3, 1)"
RM_027_PU.h5,49549,metadata shape mismatch,"metadata=(256001.0,3.0); H5=(256080, 3, 1)"
RM_027_PU.h5,49550,metadata shape mismatch,"metadata=(256001.0,3.0); H5=(256223, 3, 1)"
RM_027_PU.h5,49551,metadata shape mismatch,"metadata=(256001.0,3.0); H5=(256003, 3, 1)"
RM_027_PU.h5,49552,metadata shape mismatch,"metadata=(256001.0,3.0); H5=(256085, 3, 1)"
RM_027_PU.h5,49553,metadata shape mismatch,"metadata=(256001.0,3.0); H5=(256000, 3, 1)"
RM_027_PU.h5,49554,metadata shape mismatch,"metadata=(256001.0,3.0); H5=(256000, 3, 1)"
RM_027_PU.h5,49555,metadata shape mismatch,"metadata=(256001.0,3.0); H5=(256525, 3, 1)"
RM_027_PU.h5,49556,metadata shape mismatch,"metadata=(256001.0,3.0); H5=(256079, 3, 1)"
RM_027_PU.h5,49557,metadata shape mismatch,"metadata=(256001.0,3.0); H5=(256085, 3, 1)"
RM_027_PU.h5,49560,metadata shape mismatch,"metadata=(256001.0,3.0); H5=(256088, 3, 1)"
RM_027_PU.h5,49562,metadata shape mismatch,"metadata=(256001.0,3.0); H5=(256006, 3, 1)"
RM_027_PU.h5,49565,metadata shape mismatch,"metadata=(256001.0,3.0); H5=(256089, 3, 1)"
RM_027_PU.h5,49568,metadata shape mismatch,"metadata=(256001.0,3.0); H5=(279219, 3, 1)"
RM_027_PU.h5,49569,metadata shape mismatch,"metadata=(256001.0,3.0); H5=(256000, 3, 1)"
RM_027_PU.h5,49570,metadata shape mismatch,"metadata=(256001.0,3.0); H5=(256000, 3, 1)"
RM_027_PU.h5,49575,metadata shape mismatch,"metadata=(256001.0,3.0); H5=(256002, 3, 1)"
RM_027_PU.h5,49576,metadata shape mismatch,"metadata=(256001.0,3.0); H5=(256002, 3, 1)"
RM_027_PU.h5,49577,metadata shape mismatch,"metadata=(256001.0,3.0); H5=(256000, 3, 1)"
RM_027_PU.h5,49582,metadata shape mismatch,"metadata=(256001.0,3.0); H5=(256000, 3, 1)"
RM_027_PU.h5,49584,metadata shape mismatch,"metadata=(256001.0,3.0); H5=(256000, 3, 1)"
RM_027_PU.h5,49585,metadata shape mismatch,"metadata=(256001.0,3.0); H5=(256000, 3, 1)"
RM_027_PU.h5,49587,metadata shape mismatch,"metadata=(256001.0,3.0); H5=(256000, 3, 1)"
RM_027_PU.h5,49588,metadata shape mismatch,"metadata=(256001.0,3.0); H5=(256000, 3, 1)"
RM_027_PU.h5,49590,metadata shape mismatch,"metadata=(256001.0,3.0); H5=(256002, 3, 1)"
RM_027_PU.h5,49591,metadata shape mismatch,"metadata=(256001.0,3.0); H5=(255997, 3, 1)"
RM_027_PU.h5,49593,metadata shape mismatch,"metadata=(256001.0,3.0); H5=(275165, 3, 1)"
RM_027_PU.h5,49598,metadata shape mismatch,"metadata=(256001.0,3.0); H5=(256000, 3, 1)"
RM_027_PU.h5,49601,metadata shape mismatch,"metadata=(256001.0,3.0); H5=(258609, 3, 1)"
RM_027_PU.h5,49603,metadata shape mismatch,"metadata=(256001.0,3.0); H5=(256000, 3, 1)"
RM_027_PU.h5,49605,metadata shape mismatch,"metadata=(256001.0,3.0); H5=(256003, 3, 1)"
RM_027_PU.h5,49607,metadata shape mismatch,"metadata=(256001.0,3.0); H5=(256007, 3, 1)"
RM_027_PU.h5,49608,metadata shape mismatch,"metadata=(256001.0,3.0); H5=(258337, 3, 1)"
RM_027_PU.h5,49610,metadata shape mismatch,"metadata=(256001.0,3.0); H5=(256003, 3, 1)"
RM_027_PU.h5,49614,metadata shape mismatch,"metadata=(256001.0,3.0); H5=(256000, 3, 1)"
RM_027_PU.h5,49615,metadata shape mismatch,"metadata=(256001.0,3.0); H5=(256002, 3, 1)"
RM_027_PU.h5,49616,metadata shape mismatch,"metadata=(256001.0,3.0); H5=(256002, 3, 1)"
RM_027_PU.h5,49620,metadata shape mismatch,"metadata=(256001.0,3.0); H5=(256003, 3, 1)"
RM_027_PU.h5,49621,metadata shape mismatch,"metadata=(256001.0,3.0); H5=(256000, 3, 1)"
RM_027_PU.h5,49623,metadata shape mismatch,"metadata=(256001.0,3.0); H5=(256003, 3, 1)"
RM_027_PU.h5,49624,metadata shape mismatch,"metadata=(256001.0,3.0); H5=(256003, 3, 1)"
RM_027_PU.h5,49626,metadata shape mismatch,"metadata=(256001.0,3.0); H5=(256002, 3, 1)"
RM_027_PU.h5,49627,metadata shape mismatch,"metadata=(256001.0,3.0); H5=(256000, 3, 1)"
RM_027_PU.h5,49628,metadata shape mismatch,"metadata=(256001.0,3.0); H5=(274149, 3, 1)"
RM_027_PU.h5,49630,metadata shape mismatch,"metadata=(256001.0,3.0); H5=(256000, 3, 1)"
RM_027_PU.h5,49631,metadata shape mismatch,"metadata=(256001.0,3.0); H5=(256000, 3, 1)"
RM_027_PU.h5,49632,metadata shape mismatch,"metadata=(256001.0,3.0); H5=(256007, 3, 1)"
RM_027_PU.h5,49639,metadata shape mismatch,"metadata=(256001.0,3.0); H5=(256003, 3, 1)"
RM_027_PU.h5,49641,metadata shape mismatch,"metadata=(256001.0,3.0); H5=(256000, 3, 1)"
RM_027_PU.h5,49646,metadata shape mismatch,"metadata=(256001.0,3.0); H5=(255999, 3, 1)"
RM_027_PU.h5,49647,metadata shape mismatch,"metadata=(256001.0,3.0); H5=(256000, 3, 1)"
RM_027_PU.h5,49648,metadata shape mismatch,"metadata=(256001.0,3.0); H5=(256000, 3, 1)"
RM_027_PU.h5,49649,metadata shape mismatch,"metadata=(256001.0,3.0); H5=(260747, 3, 1)"
RM_027_PU.h5,49650,metadata shape mismatch,"metadata=(256001.0,3.0); H5=(255999, 3, 1)"
RM_027_PU.h5,49651,metadata shape mismatch,"metadata=(256001.0,3.0); H5=(256002, 3, 1)"
RM_027_PU.h5,49652,metadata shape mismatch,"metadata=(256001.0,3.0); H5=(256000, 3, 1)"
RM_027_PU.h5,49653,metadata shape mismatch,"metadata=(256001.0,3.0); H5=(256003, 3, 1)"
RM_027_PU.h5,49655,metadata shape mismatch,"metadata=(256001.0,3.0); H5=(276777, 3, 1)"
RM_027_PU.h5,49658,metadata shape mismatch,"metadata=(256001.0,3.0); H5=(256002, 3, 1)"
RM_027_PU.h5,49659,metadata shape mismatch,"metadata=(256001.0,3.0); H5=(256002, 3, 1)"
RM_027_PU.h5,49663,metadata shape mismatch,"metadata=(256001.0,3.0); H5=(256000, 3, 1)"
RM_027_PU.h5,49666,metadata shape mismatch,"metadata=(256001.0,3.0); H5=(255999, 3, 1)"
RM_027_PU.h5,49680,metadata shape mismatch,"metadata=(256001.0,3.0); H5=(256000, 3, 1)"
RM_027_PU.h5,49684,metadata shape mismatch,"metadata=(256001.0,3.0); H5=(256000, 3, 1)"
RM_027_PU.h5,49686,metadata shape mismatch,"metadata=(256001.0,3.0); H5=(256000, 3, 1)"
RM_027_PU.h5,49687,metadata shape mismatch,"metadata=(256001.0,3.0); H5=(256357, 3, 1)"
RM_027_PU.h5,49688,metadata shape mismatch,"metadata=(256001.0,3.0); H5=(256002, 3, 1)"
RM_027_PU.h5,49690,metadata shape mismatch,"metadata=(256001.0,3.0); H5=(278521, 3, 1)"
RM_027_PU.h5,49692,metadata shape mismatch,"metadata=(256001.0,3.0); H5=(256000, 3, 1)"
RM_027_PU.h5,49699,metadata shape mismatch,"metadata=(256001.0,3.0); H5=(255997, 3, 1)"
RM_027_PU.h5,49701,metadata shape mismatch,"metadata=(256001.0,3.0); H5=(256000, 3, 1)"
RM_027_PU.h5,49702,metadata shape mismatch,"metadata=(256001.0,3.0); H5=(256000, 3, 1)"
RM_027_PU.h5,49703,metadata shape mismatch,"metadata=(256001.0,3.0); H5=(256003, 3, 1)"
RM_027_PU.h5,49704,metadata shape mismatch,"metadata=(256001.0,3.0); H5=(256000, 3, 1)"
RM_027_PU.h5,49705,metadata shape mismatch,"metadata=(256001.0,3.0); H5=(256002, 3, 1)"
RM_027_PU.h5,49708,metadata shape mismatch,"metadata=(256001.0,3.0); H5=(256003, 3, 1)"
RM_027_PU.h5,49709,metadata shape mismatch,"metadata=(256001.0,3.0); H5=(256002, 3, 1)"
RM_027_PU.h5,49711,metadata shape mismatch,"metadata=(256001.0,3.0); H5=(256003, 3, 1)"
RM_027_PU.h5,49712,metadata shape mismatch,"metadata=(256001.0,3.0); H5=(256002, 3, 1)"
RM_027_PU.h5,49713,metadata shape mismatch,"metadata=(256001.0,3.0); H5=(256003, 3, 1)"
RM_027_PU.h5,49716,metadata shape mismatch,"metadata=(256001.0,3.0); H5=(256002, 3, 1)"
RM_027_PU.h5,49717,metadata shape mismatch,"metadata=(256001.0,3.0); H5=(255999, 3, 1)"
RM_027_PU.h5,49718,metadata shape mismatch,"metadata=(256001.0,3.0); H5=(276780, 3, 1)"
RM_027_PU.h5,49719,metadata shape mismatch,"metadata=(256001.0,3.0); H5=(256002, 3, 1)"
RM_027_PU.h5,49720,metadata shape mismatch,"metadata=(256001.0,3.0); H5=(256003, 3, 1)"
RM_027_PU.h5,49723,metadata shape mismatch,"metadata=(256001.0,3.0); H5=(255998, 3, 1)"
RM_027_PU.h5,49724,metadata shape mismatch,"metadata=(256001.0,3.0); H5=(260474, 3, 1)"
RM_027_PU.h5,49725,metadata shape mismatch,"metadata=(256001.0,3.0); H5=(256659, 3, 1)"
RM_027_PU.h5,49728,metadata shape mismatch,"metadata=(256001.0,3.0); H5=(256088, 3, 1)"
RM_027_PU.h5,49729,metadata shape mismatch,"metadata=(256001.0,3.0); H5=(256092, 3, 1)"
RM_027_PU.h5,49731,metadata shape mismatch,"metadata=(256001.0,3.0); H5=(256086, 3, 1)"
RM_027_PU.h5,49734,metadata shape mismatch,"metadata=(256001.0,3.0); H5=(256359, 3, 1)"
RM_027_PU.h5,49736,metadata shape mismatch,"metadata=(256001.0,3.0); H5=(256002, 3, 1)"
RM_027_PU.h5,49737,metadata shape mismatch,"metadata=(256001.0,3.0); H5=(256002, 3, 1)"
RM_027_PU.h5,49738,metadata shape mismatch,"metadata=(256001.0,3.0); H5=(257753, 3, 1)"
RM_027_PU.h5,49741,metadata shape mismatch,"metadata=(256001.0,3.0); H5=(256084, 3, 1)"
RM_027_PU.h5,49743,metadata shape mismatch,"metadata=(256001.0,3.0); H5=(256003, 3, 1)"
RM_027_PU.h5,49745,metadata shape mismatch,"metadata=(256001.0,3.0); H5=(256083, 3, 1)"
RM_027_PU.h5,49746,metadata shape mismatch,"metadata=(256001.0,3.0); H5=(256087, 3, 1)"
RM_027_PU.h5,49747,metadata shape mismatch,"metadata=(256001.0,3.0); H5=(256000, 3, 1)"
RM_027_PU.h5,49748,metadata shape mismatch,"metadata=(256001.0,3.0); H5=(256083, 3, 1)"
RM_027_PU.h5,49749,metadata shape mismatch,"metadata=(256001.0,3.0); H5=(256088, 3, 1)"
RM_027_PU.h5,49750,metadata shape mismatch,"metadata=(256001.0,3.0); H5=(256090, 3, 1)"
RM_027_PU.h5,49751,metadata shape mismatch,"metadata=(256001.0,3.0); H5=(256002, 3, 1)"
RM_027_PU.h5,49752,metadata shape mismatch,"metadata=(256001.0,3.0); H5=(256000, 3, 1)"
RM_027_PU.h5,49753,metadata shape mismatch,"metadata=(256001.0,3.0); H5=(256088, 3, 1)"
RM_027_PU.h5,49756,metadata shape mismatch,"metadata=(256001.0,3.0); H5=(256000, 3, 1)"
RM_027_PU.h5,49757,metadata shape mismatch,"metadata=(256001.0,3.0); H5=(256000, 3, 1)"
RM_027_PU.h5,49759,metadata shape mismatch,"metadata=(256001.0,3.0); H5=(256089, 3, 1)"
RM_027_PU.h5,49760,metadata shape mismatch,"metadata=(256001.0,3.0); H5=(256003, 3, 1)"
RM_027_PU.h5,49761,metadata shape mismatch,"metadata=(256001.0,3.0); H5=(256006, 3, 1)"
RM_027_PU.h5,49763,metadata shape mismatch,"metadata=(256001.0,3.0); H5=(256000, 3, 1)"
RM_027_PU.h5,49766,metadata shape mismatch,"metadata=(256001.0,3.0); H5=(256088, 3, 1)"
RM_027_PU.h5,49767,metadata shape mismatch,"metadata=(256001.0,3.0); H5=(256003, 3, 1)"
RM_027_PU.h5,49769,metadata shape mismatch,"metadata=(256001.0,3.0); H5=(272879, 3, 1)"
RM_027_PU.h5,49770,metadata shape mismatch,"metadata=(256001.0,3.0); H5=(256084, 3, 1)"
RM_027_PU.h5,49771,metadata shape mismatch,"metadata=(256001.0,3.0); H5=(256003, 3, 1)"
RM_027_PU.h5,49772,metadata shape mismatch,"metadata=(256001.0,3.0); H5=(256009, 3, 1)"
RM_027_PU.h5,49774,metadata shape mismatch,"metadata=(256001.0,3.0); H5=(256007, 3, 1)"
RM_027_PU.h5,49775,metadata shape mismatch,"metadata=(256001.0,3.0); H5=(256722, 3, 1)"
RM_027_PU.h5,49777,metadata shape mismatch,"metadata=(256001.0,3.0); H5=(256084, 3, 1)"
RM_027_PU.h5,49778,metadata shape mismatch,"metadata=(256001.0,3.0); H5=(257116, 3, 1)"
RM_027_PU.h5,49780,metadata shape mismatch,"metadata=(256001.0,3.0); H5=(256000, 3, 1)"
RM_027_PU.h5,49781,metadata shape mismatch,"metadata=(256001.0,3.0); H5=(256088, 3, 1)"
RM_027_PU.h5,49782,metadata shape mismatch,"metadata=(256001.0,3.0); H5=(256085, 3, 1)"
RM_027_PU.h5,49783,metadata shape mismatch,"metadata=(256001.0,3.0); H5=(256000, 3, 1)"
RM_027_PU.h5,49784,metadata shape mismatch,"metadata=(256001.0,3.0); H5=(256000, 3, 1)"
RM_027_PU.h5,49785,metadata shape mismatch,"metadata=(256001.0,3.0); H5=(256013, 3, 1)"
RM_027_PU.h5,49789,metadata shape mismatch,"metadata=(256001.0,3.0); H5=(256005, 3, 1)"
RM_027_PU.h5,49790,metadata shape mismatch,"metadata=(256001.0,3.0); H5=(256388, 3, 1)"
RM_027_PU.h5,49796,metadata shape mismatch,"metadata=(256001.0,3.0); H5=(260270, 3, 1)"
RM_027_PU.h5,49801,metadata shape mismatch,"metadata=(256001.0,3.0); H5=(256084, 3, 1)"
RM_027_PU.h5,49802,metadata shape mismatch,"metadata=(256001.0,3.0); H5=(256002, 3, 1)"
RM_027_PU.h5,49803,metadata shape mismatch,"metadata=(256001.0,3.0); H5=(256000, 3, 1)"
RM_027_PU.h5,49804,metadata shape mismatch,"metadata=(256001.0,3.0); H5=(265780, 3, 1)"
RM_027_PU.h5,49805,metadata shape mismatch,"metadata=(256001.0,3.0); H5=(256002, 3, 1)"
RM_027_PU.h5,49806,metadata shape mismatch,"metadata=(256001.0,3.0); H5=(274159, 3, 1)"
RM_027_PU.h5,49812,metadata shape mismatch,"metadata=(256001.0,3.0); H5=(256092, 3, 1)"
RM_027_PU.h5,49813,metadata shape mismatch,"metadata=(256001.0,3.0); H5=(256000, 3, 1)"
RM_027_PU.h5,49814,metadata shape mismatch,"metadata=(256001.0,3.0); H5=(256000, 3, 1)"
RM_027_PU.h5,49815,metadata shape mismatch,"metadata=(256001.0,3.0); H5=(256091, 3, 1)"
RM_027_PU.h5,49816,metadata shape mismatch,"metadata=(256001.0,3.0); H5=(256000, 3, 1)"
RM_027_PU.h5,49819,metadata shape mismatch,"metadata=(256001.0,3.0); H5=(256112, 3, 1)"
RM_027_PU.h5,49821,metadata shape mismatch,"metadata=(256001.0,3.0); H5=(256005, 3, 1)"
RM_027_PU.h5,49822,metadata shape mismatch,"metadata=(256001.0,3.0); H5=(256000, 3, 1)"
RM_027_PU.h5,49826,metadata shape mismatch,"metadata=(256001.0,3.0); H5=(256000, 3, 1)"
RM_027_PU.h5,49827,metadata shape mismatch,"metadata=(256001.0,3.0); H5=(278039, 3, 1)"
RM_027_PU.h5,49828,metadata shape mismatch,"metadata=(256001.0,3.0); H5=(256002, 3, 1)"
RM_027_PU.h5,49829,metadata shape mismatch,"metadata=(256001.0,3.0); H5=(278077, 3, 1)"
RM_027_PU.h5,49830,metadata shape mismatch,"metadata=(256001.0,3.0); H5=(299038, 3, 1)"
RM_027_PU.h5,49832,metadata shape mismatch,"metadata=(256001.0,3.0); H5=(256000, 3, 1)"
RM_027_PU.h5,49834,metadata shape mismatch,"metadata=(256001.0,3.0); H5=(257473, 3, 1)"
RM_027_PU.h5,49835,metadata shape mismatch,"metadata=(256001.0,3.0); H5=(256003, 3, 1)"
RM_027_PU.h5,49838,metadata shape mismatch,"metadata=(256001.0,3.0); H5=(256004, 3, 1)"
RM_027_PU.h5,49841,metadata shape mismatch,"metadata=(256001.0,3.0); H5=(256002, 3, 1)"
RM_027_PU.h5,49842,metadata shape mismatch,"metadata=(256001.0,3.0); H5=(256002, 3, 1)"
RM_027_PU.h5,49847,metadata shape mismatch,"metadata=(256001.0,3.0); H5=(289013, 3, 1)"
RM_027_PU.h5,49848,metadata shape mismatch,"metadata=(256001.0,3.0); H5=(256002, 3, 1)"
RM_027_PU.h5,49850,metadata shape mismatch,"metadata=(256001.0,3.0); H5=(260059, 3, 1)"
RM_027_PU.h5,49851,metadata shape mismatch,"metadata=(256001.0,3.0); H5=(256002, 3, 1)"
RM_027_PU.h5,49852,metadata shape mismatch,"metadata=(256001.0,3.0); H5=(256084, 3, 1)"
RM_027_PU.h5,49853,metadata shape mismatch,"metadata=(256001.0,3.0); H5=(256002, 3, 1)"
RM_027_PU.h5,49854,metadata shape mismatch,"metadata=(256001.0,3.0); H5=(255999, 3, 1)"
RM_027_PU.h5,49857,metadata shape mismatch,"metadata=(256001.0,3.0); H5=(256002, 3, 1)"
RM_027_PU.h5,49858,metadata shape mismatch,"metadata=(256001.0,3.0); H5=(256819, 3, 1)"
RM_027_PU.h5,49859,metadata shape mismatch,"metadata=(256001.0,3.0); H5=(256085, 3, 1)"
RM_027_PU.h5,49860,metadata shape mismatch,"metadata=(256001.0,3.0); H5=(256003, 3, 1)"
RM_027_PU.h5,49861,metadata shape mismatch,"metadata=(256001.0,3.0); H5=(256003, 3, 1)"
RM_027_PU.h5,49862,metadata shape mismatch,"metadata=(256001.0,3.0); H5=(287568, 3, 1)"
RM_027_PU.h5,49863,metadata shape mismatch,"metadata=(256001.0,3.0); H5=(257383, 3, 1)"
RM_027_PU.h5,49864,metadata shape mismatch,"metadata=(256001.0,3.0); H5=(260359, 3, 1)"
RM_027_PU.h5,49865,metadata shape mismatch,"metadata=(256001.0,3.0); H5=(256000, 3, 1)"
RM_027_PU.h5,49868,metadata shape mismatch,"metadata=(256001.0,3.0); H5=(256000, 3, 1)"
RM_027_PU.h5,49869,metadata shape mismatch,"metadata=(256001.0,3.0); H5=(256002, 3, 1)"
RM_027_PU.h5,49872,metadata shape mismatch,"metadata=(256001.0,3.0); H5=(256000, 3, 1)"
RM_027_PU.h5,49875,metadata shape mismatch,"metadata=(256001.0,3.0); H5=(274134, 3, 1)"
RM_027_PU.h5,49876,metadata shape mismatch,"metadata=(256001.0,3.0); H5=(256087, 3, 1)"
RM_027_PU.h5,49877,metadata shape mismatch,"metadata=(256001.0,3.0); H5=(256000, 3, 1)"
RM_027_PU.h5,49878,metadata shape mismatch,"metadata=(256001.0,3.0); H5=(256003, 3, 1)"
RM_027_PU.h5,49881,metadata shape mismatch,"metadata=(256001.0,3.0); H5=(256091, 3, 1)"
RM_027_PU.h5,49882,metadata shape mismatch,"metadata=(256001.0,3.0); H5=(256003, 3, 1)"
RM_027_PU.h5,49883,metadata shape mismatch,"metadata=(256001.0,3.0); H5=(256306, 3, 1)"
RM_027_PU.h5,49884,metadata shape mismatch,"metadata=(256001.0,3.0); H5=(256005, 3, 1)"
RM_027_PU.h5,49886,metadata shape mismatch,"metadata=(256001.0,3.0); H5=(256003, 3, 1)"
RM_027_PU.h5,49888,metadata shape mismatch,"metadata=(256001.0,3.0); H5=(256000, 3, 1)"
RM_027_PU.h5,49889,metadata shape mismatch,"metadata=(256001.0,3.0); H5=(256000, 3, 1)"
RM_027_PU.h5,49891,metadata shape mismatch,"metadata=(256001.0,3.0); H5=(256000, 3, 1)"
RM_027_PU.h5,49892,metadata shape mismatch,"metadata=(256001.0,3.0); H5=(256005, 3, 1)"
RM_027_PU.h5,49894,metadata shape mismatch,"metadata=(256001.0,3.0); H5=(275426, 3, 1)"
RM_027_PU.h5,49896,metadata shape mismatch,"metadata=(256001.0,3.0); H5=(271560, 3, 1)"
RM_027_PU.h5,49897,metadata shape mismatch,"metadata=(256001.0,3.0); H5=(256004, 3, 1)"
RM_027_PU.h5,49899,metadata shape mismatch,"metadata=(256001.0,3.0); H5=(256003, 3, 1)"
RM_027_PU.h5,49902,metadata shape mismatch,"metadata=(256001.0,3.0); H5=(256000, 3, 1)"
RM_027_PU.h5,49903,metadata shape mismatch,"metadata=(256001.0,3.0); H5=(256002, 3, 1)"
RM_027_PU.h5,49904,metadata shape mismatch,"metadata=(256001.0,3.0); H5=(256002, 3, 1)"
RM_027_PU.h5,49905,metadata shape mismatch,"metadata=(256001.0,3.0); H5=(256000, 3, 1)"
RM_027_PU.h5,49909,metadata shape mismatch,"metadata=(256001.0,3.0); H5=(256000, 3, 1)"
RM_027_PU.h5,49910,metadata shape mismatch,"metadata=(256001.0,3.0); H5=(256000, 3, 1)"
RM_027_PU.h5,49912,metadata shape mismatch,"metadata=(256001.0,3.0); H5=(258544, 3, 1)"
RM_027_PU.h5,49913,metadata shape mismatch,"metadata=(256001.0,3.0); H5=(256002, 3, 1)"
RM_027_PU.h5,49914,metadata shape mismatch,"metadata=(256001.0,3.0); H5=(257665, 3, 1)"
RM_027_PU.h5,49916,metadata shape mismatch,"metadata=(256001.0,3.0); H5=(278078, 3, 1)"
RM_027_PU.h5,49918,metadata shape mismatch,"metadata=(256001.0,3.0); H5=(256000, 3, 1)"
RM_027_PU.h5,49921,metadata shape mismatch,"metadata=(256001.0,3.0); H5=(256000, 3, 1)"
RM_027_PU.h5,49924,metadata shape mismatch,"metadata=(256001.0,3.0); H5=(256003, 3, 1)"
RM_027_PU.h5,49925,metadata shape mismatch,"metadata=(256001.0,3.0); H5=(272671, 3, 1)"
RM_027_PU.h5,49926,metadata shape mismatch,"metadata=(256001.0,3.0); H5=(256002, 3, 1)"
RM_027_PU.h5,49929,metadata shape mismatch,"metadata=(256001.0,3.0); H5=(276282, 3, 1)"
RM_027_PU.h5,49934,metadata shape mismatch,"metadata=(256001.0,3.0); H5=(256000, 3, 1)"
RM_027_PU.h5,49938,metadata shape mismatch,"metadata=(256001.0,3.0); H5=(256000, 3, 1)"
RM_027_PU.h5,49940,metadata shape mismatch,"metadata=(256001.0,3.0); H5=(256003, 3, 1)"
RM_027_PU.h5,49941,metadata shape mismatch,"metadata=(256001.0,3.0); H5=(258116, 3, 1)"
RM_027_PU.h5,49942,metadata shape mismatch,"metadata=(256001.0,3.0); H5=(256002, 3, 1)"
RM_027_PU.h5,49943,metadata shape mismatch,"metadata=(256001.0,3.0); H5=(256003, 3, 1)"
RM_027_PU.h5,49945,metadata shape mismatch,"metadata=(256001.0,3.0); H5=(256000, 3, 1)"
RM_027_PU.h5,49947,metadata shape mismatch,"metadata=(256001.0,3.0); H5=(261714, 3, 1)"
RM_027_PU.h5,49948,metadata shape mismatch,"metadata=(256001.0,3.0); H5=(256002, 3, 1)"
RM_027_PU.h5,49949,metadata shape mismatch,"metadata=(256001.0,3.0); H5=(256004, 3, 1)"
RM_027_PU.h5,49950,metadata shape mismatch,"metadata=(256001.0,3.0); H5=(256002, 3, 1)"
RM_027_PU.h5,49951,metadata shape mismatch,"metadata=(256001.0,3.0); H5=(256003, 3, 1)"
RM_027_PU.h5,49953,metadata shape mismatch,"metadata=(256001.0,3.0); H5=(256003, 3, 1)"
RM_027_PU.h5,49956,metadata shape mismatch,"metadata=(256001.0,3.0); H5=(255998, 3, 1)"
RM_027_PU.h5,49957,metadata shape mismatch,"metadata=(256001.0,3.0); H5=(256002, 3, 1)"
RM_027_PU.h5,49960,metadata shape mismatch,"metadata=(256001.0,3.0); H5=(256000, 3, 1)"
RM_027_PU.h5,49961,metadata shape mismatch,"metadata=(256001.0,3.0); H5=(256002, 3, 1)"
RM_027_PU.h5,49962,metadata shape mismatch,"metadata=(256001.0,3.0); H5=(256000, 3, 1)"
RM_027_PU.h5,49963,metadata shape mismatch,"metadata=(256001.0,3.0); H5=(256000, 3, 1)"
RM_027_PU.h5,49964,metadata shape mismatch,"metadata=(256001.0,3.0); H5=(256003, 3, 1)"
RM_027_PU.h5,49965,metadata shape mismatch,"metadata=(256001.0,3.0); H5=(256004, 3, 1)"
RM_027_PU.h5,49966,metadata shape mismatch,"metadata=(256001.0,3.0); H5=(256000, 3, 1)"
RM_027_PU.h5,49968,metadata shape mismatch,"metadata=(256001.0,3.0); H5=(256002, 3, 1)"
RM_027_PU.h5,49969,metadata shape mismatch,"metadata=(256001.0,3.0); H5=(256003, 3, 1)"
RM_027_PU.h5,49970,metadata shape mismatch,"metadata=(256001.0,3.0); H5=(256000, 3, 1)"
RM_027_PU.h5,49971,metadata shape mismatch,"metadata=(256001.0,3.0); H5=(256002, 3, 1)"
RM_027_PU.h5,49972,metadata shape mismatch,"metadata=(256001.0,3.0); H5=(256000, 3, 1)"
RM_027_PU.h5,49973,metadata shape mismatch,"metadata=(256001.0,3.0); H5=(256000, 3, 1)"
RM_027_PU.h5,49975,metadata shape mismatch,"metadata=(256001.0,3.0); H5=(262201, 3, 1)"
RM_027_PU.h5,49976,metadata shape mismatch,"metadata=(256001.0,3.0); H5=(256002, 3, 1)"
RM_027_PU.h5,49978,metadata shape mismatch,"metadata=(256001.0,3.0); H5=(256003, 3, 1)"
RM_027_PU.h5,49979,metadata shape mismatch,"metadata=(256001.0,3.0); H5=(256004, 3, 1)"
RM_027_PU.h5,49981,metadata shape mismatch,"metadata=(256001.0,3.0); H5=(256003, 3, 1)"
RM_027_PU.h5,49982,metadata shape mismatch,"metadata=(256001.0,3.0); H5=(256004, 3, 1)"
RM_027_PU.h5,49984,metadata shape mismatch,"metadata=(256001.0,3.0); H5=(256000, 3, 1)"
RM_027_PU.h5,49985,metadata shape mismatch,"metadata=(256001.0,3.0); H5=(256000, 3, 1)"
RM_027_PU.h5,49986,metadata shape mismatch,"metadata=(256001.0,3.0); H5=(256000, 3, 1)"
RM_027_PU.h5,49988,metadata shape mismatch,"metadata=(256001.0,3.0); H5=(256000, 3, 1)"
RM_027_PU.h5,49989,metadata shape mismatch,"metadata=(256001.0,3.0); H5=(256003, 3, 1)"
RM_027_PU.h5,49992,metadata shape mismatch,"metadata=(256001.0,3.0); H5=(256000, 3, 1)"
RM_027_PU.h5,49993,metadata shape mismatch,"metadata=(256001.0,3.0); H5=(256000, 3, 1)"
RM_027_PU.h5,49994,metadata shape mismatch,"metadata=(256001.0,3.0); H5=(256002, 3, 1)"
RM_027_PU.h5,49995,metadata shape mismatch,"metadata=(256001.0,3.0); H5=(256000, 3, 1)"
RM_027_PU.h5,49996,metadata shape mismatch,"metadata=(256001.0,3.0); H5=(256002, 3, 1)"
RM_027_PU.h5,49997,metadata shape mismatch,"metadata=(256001.0,3.0); H5=(256002, 3, 1)"
RM_027_PU.h5,49998,metadata shape mismatch,"metadata=(256001.0,3.0); H5=(256000, 3, 1)"
RM_027_PU.h5,49999,metadata shape mismatch,"metadata=(256001.0,3.0); H5=(256002, 3, 1)"
RM_027_PU.h5,50000,metadata shape mismatch,"metadata=(256001.0,3.0); H5=(256002, 3, 1)"
RM_027_PU.h5,50001,metadata shape mismatch,"metadata=(256001.0,3.0); H5=(256000, 3, 1)"
RM_027_PU.h5,50003,metadata shape mismatch,"metadata=(256001.0,3.0); H5=(256000, 3, 1)"
RM_027_PU.h5,50005,metadata shape mismatch,"metadata=(256001.0,3.0); H5=(256002, 3, 1)"
RM_027_PU.h5,50006,metadata shape mismatch,"metadata=(256001.0,3.0); H5=(255997, 3, 1)"
RM_027_PU.h5,50007,metadata shape mismatch,"metadata=(256001.0,3.0); H5=(277460, 3, 1)"
RM_027_PU.h5,50009,metadata shape mismatch,"metadata=(256001.0,3.0); H5=(256004, 3, 1)"
RM_027_PU.h5,50010,metadata shape mismatch,"metadata=(256001.0,3.0); H5=(256003, 3, 1)"
RM_027_PU.h5,50011,metadata shape mismatch,"metadata=(256001.0,3.0); H5=(256086, 3, 1)"
RM_027_PU.h5,50012,metadata shape mismatch,"metadata=(256001.0,3.0); H5=(256003, 3, 1)"
RM_027_PU.h5,50013,metadata shape mismatch,"metadata=(256001.0,3.0); H5=(255999, 3, 1)"
RM_027_PU.h5,50015,metadata shape mismatch,"metadata=(256001.0,3.0); H5=(256002, 3, 1)"
RM_027_PU.h5,50016,metadata shape mismatch,"metadata=(256001.0,3.0); H5=(256002, 3, 1)"
RM_027_PU.h5,50019,metadata shape mismatch,"metadata=(256001.0,3.0); H5=(255999, 3, 1)"
RM_027_PU.h5,50022,metadata shape mismatch,"metadata=(256001.0,3.0); H5=(256002, 3, 1)"
RM_027_PU.h5,50023,metadata shape mismatch,"metadata=(256001.0,3.0); H5=(256000, 3, 1)"
RM_027_PU.h5,50025,metadata shape mismatch,"metadata=(256001.0,3.0); H5=(261513, 3, 1)"
RM_027_PU.h5,50029,metadata shape mismatch,"metadata=(256001.0,3.0); H5=(256000, 3, 1)"
RM_027_PU.h5,50031,metadata shape mismatch,"metadata=(256001.0,3.0); H5=(256000, 3, 1)"
RM_027_PU.h5,50037,metadata shape mismatch,"metadata=(256001.0,3.0); H5=(256003, 3, 1)"
RM_027_PU.h5,50038,metadata shape mismatch,"metadata=(256001.0,3.0); H5=(256002, 3, 1)"
RM_027_PU.h5,50039,metadata shape mismatch,"metadata=(256001.0,3.0); H5=(256003, 3, 1)"
RM_027_PU.h5,50041,metadata shape mismatch,"metadata=(256001.0,3.0); H5=(256002, 3, 1)"
RM_027_PU.h5,50043,metadata shape mismatch,"metadata=(256001.0,3.0); H5=(256000, 3, 1)"
RM_027_PU.h5,50045,metadata shape mismatch,"metadata=(256001.0,3.0); H5=(256000, 3, 1)"
RM_027_PU.h5,50047,metadata shape mismatch,"metadata=(256001.0,3.0); H5=(256003, 3, 1)"
RM_027_PU.h5,50048,metadata shape mismatch,"metadata=(256001.0,3.0); H5=(255997, 3, 1)"
RM_027_PU.h5,50049,metadata shape mismatch,"metadata=(256001.0,3.0); H5=(257635, 3, 1)"
RM_027_PU.h5,50050,metadata shape mismatch,"metadata=(256001.0,3.0); H5=(256004, 3, 1)"
RM_027_PU.h5,50051,metadata shape mismatch,"metadata=(256001.0,3.0); H5=(256086, 3, 1)"
RM_027_PU.h5,50052,metadata shape mismatch,"metadata=(256001.0,3.0); H5=(256002, 3, 1)"
RM_027_PU.h5,50054,metadata shape mismatch,"metadata=(256001.0,3.0); H5=(256000, 3, 1)"
RM_027_PU.h5,50056,metadata shape mismatch,"metadata=(256001.0,3.0); H5=(256000, 3, 1)"
RM_027_PU.h5,50057,metadata shape mismatch,"metadata=(256001.0,3.0); H5=(256087, 3, 1)"
RM_027_PU.h5,50058,metadata shape mismatch,"metadata=(256001.0,3.0); H5=(256096, 3, 1)"
RM_027_PU.h5,50059,metadata shape mismatch,"metadata=(256001.0,3.0); H5=(256092, 3, 1)"
RM_027_PU.h5,50061,metadata shape mismatch,"metadata=(256001.0,3.0); H5=(257333, 3, 1)"
RM_027_PU.h5,50062,metadata shape mismatch,"metadata=(256001.0,3.0); H5=(256000, 3, 1)"
RM_027_PU.h5,50063,metadata shape mismatch,"metadata=(256001.0,3.0); H5=(272336, 3, 1)"
RM_027_PU.h5,50064,metadata shape mismatch,"metadata=(256001.0,3.0); H5=(256000, 3, 1)"
RM_027_PU.h5,50066,metadata shape mismatch,"metadata=(256001.0,3.0); H5=(256000, 3, 1)"
RM_027_PU.h5,50067,metadata shape mismatch,"metadata=(256001.0,3.0); H5=(256003, 3, 1)"
RM_027_PU.h5,50068,metadata shape mismatch,"metadata=(256001.0,3.0); H5=(256000, 3, 1)"
RM_027_PU.h5,50069,metadata shape mismatch,"metadata=(256001.0,3.0); H5=(256003, 3, 1)"
RM_027_PU.h5,50070,metadata shape mismatch,"metadata=(256001.0,3.0); H5=(256000, 3, 1)"
RM_027_PU.h5,50071,metadata shape mismatch,"metadata=(256001.0,3.0); H5=(256091, 3, 1)"
RM_027_PU.h5,50072,metadata shape mismatch,"metadata=(256001.0,3.0); H5=(256084, 3, 1)"
RM_027_PU.h5,50073,metadata shape mismatch,"metadata=(256001.0,3.0); H5=(256095, 3, 1)"
RM_027_PU.h5,50074,metadata shape mismatch,"metadata=(256001.0,3.0); H5=(256093, 3, 1)"
RM_027_PU.h5,50075,metadata shape mismatch,"metadata=(256001.0,3.0); H5=(256089, 3, 1)"
RM_027_PU.h5,50076,metadata shape mismatch,"metadata=(256001.0,3.0); H5=(256088, 3, 1)"
RM_027_PU.h5,50078,metadata shape mismatch,"metadata=(256001.0,3.0); H5=(256091, 3, 1)"
RM_027_PU.h5,50079,metadata shape mismatch,"metadata=(256001.0,3.0); H5=(256002, 3, 1)"
RM_027_PU.h5,50080,metadata shape mismatch,"metadata=(256001.0,3.0); H5=(256087, 3, 1)"
RM_027_PU.h5,50081,metadata shape mismatch,"metadata=(256001.0,3.0); H5=(256089, 3, 1)"
RM_027_PU.h5,50082,metadata shape mismatch,"metadata=(256001.0,3.0); H5=(256088, 3, 1)"
RM_027_PU.h5,50083,metadata shape mismatch,"metadata=(256001.0,3.0); H5=(256087, 3, 1)"
RM_027_PU.h5,50084,metadata shape mismatch,"metadata=(256001.0,3.0); H5=(256000, 3, 1)"
RM_027_PU.h5,50085,metadata shape mismatch,"metadata=(256001.0,3.0); H5=(256000, 3, 1)"
RM_027_PU.h5,50086,metadata shape mismatch,"metadata=(256001.0,3.0); H5=(256088, 3, 1)"
RM_027_PU.h5,50087,metadata shape mismatch,"metadata=(256001.0,3.0); H5=(256000, 3, 1)"
RM_027_PU.h5,50088,metadata shape mismatch,"metadata=(256001.0,3.0); H5=(256000, 3, 1)"
RM_027_PU.h5,50089,metadata shape mismatch,"metadata=(256001.0,3.0); H5=(256004, 3, 1)"
RM_027_PU.h5,50090,metadata shape mismatch,"metadata=(256001.0,3.0); H5=(256000, 3, 1)"
RM_027_PU.h5,50091,metadata shape mismatch,"metadata=(256001.0,3.0); H5=(256000, 3, 1)"
RM_027_PU.h5,50092,metadata shape mismatch,"metadata=(256001.0,3.0); H5=(257461, 3, 1)"
RM_027_PU.h5,50093,metadata shape mismatch,"metadata=(256001.0,3.0); H5=(256087, 3, 1)"
RM_027_PU.h5,50095,metadata shape mismatch,"metadata=(256001.0,3.0); H5=(256096, 3, 1)"
RM_027_PU.h5,50102,metadata shape mismatch,"metadata=(256001.0,3.0); H5=(257762, 3, 1)"
RM_027_PU.h5,50103,metadata shape mismatch,"metadata=(256001.0,3.0); H5=(256005, 3, 1)"
RM_027_PU.h5,50104,metadata shape mismatch,"metadata=(256001.0,3.0); H5=(256002, 3, 1)"
RM_027_PU.h5,50106,metadata shape mismatch,"metadata=(256001.0,3.0); H5=(256000, 3, 1)"
RM_027_PU.h5,50107,metadata shape mismatch,"metadata=(256001.0,3.0); H5=(256093, 3, 1)"
RM_027_PU.h5,50109,metadata shape mismatch,"metadata=(256001.0,3.0); H5=(256000, 3, 1)"
RM_027_PU.h5,50110,metadata shape mismatch,"metadata=(256001.0,3.0); H5=(256002, 3, 1)"
RM_027_PU.h5,50111,metadata shape mismatch,"metadata=(256001.0,3.0); H5=(261572, 3, 1)"
RM_027_PU.h5,50112,metadata shape mismatch,"metadata=(256001.0,3.0); H5=(260109, 3, 1)"
RM_027_PU.h5,50113,metadata shape mismatch,"metadata=(256001.0,3.0); H5=(256000, 3, 1)"
RM_027_PU.h5,50114,metadata shape mismatch,"metadata=(256001.0,3.0); H5=(255998, 3, 1)"
RM_027_PU.h5,50115,metadata shape mismatch,"metadata=(256001.0,3.0); H5=(256000, 3, 1)"
RM_027_PU.h5,50116,metadata shape mismatch,"metadata=(256001.0,3.0); H5=(256000, 3, 1)"
RM_027_PU.h5,50117,metadata shape mismatch,"metadata=(256001.0,3.0); H5=(256000, 3, 1)"
RM_027_PU.h5,50118,metadata shape mismatch,"metadata=(256001.0,3.0); H5=(256086, 3, 1)"
RM_027_PU.h5,50119,metadata shape mismatch,"metadata=(256001.0,3.0); H5=(256089, 3, 1)"
RM_027_PU.h5,50120,metadata shape mismatch,"metadata=(256001.0,3.0); H5=(256093, 3, 1)"
RM_027_PU.h5,50121,metadata shape mismatch,"metadata=(256001.0,3.0); H5=(256002, 3, 1)"
RM_027_PU.h5,50122,metadata shape mismatch,"metadata=(256001.0,3.0); H5=(256093, 3, 1)"
RM_027_PU.h5,50123,metadata shape mismatch,"metadata=(256001.0,3.0); H5=(256088, 3, 1)"
RM_027_PU.h5,50124,metadata shape mismatch,"metadata=(256001.0,3.0); H5=(256000, 3, 1)"
RM_027_PU.h5,50125,metadata shape mismatch,"metadata=(256001.0,3.0); H5=(256092, 3, 1)"
RM_027_PU.h5,50126,metadata shape mismatch,"metadata=(256001.0,3.0); H5=(256089, 3, 1)"
