name,arm,seed,split,role,alpha,predictor,scope,metric,value,lower,upper,represented_classes,condition_class_support,classes,global_groups
MLP16_seed_42,MLP16,42,validation,direct,1.0,raw,condition:0,ce,0.872944663502276,0.3488147632032633,1.5782268345355988,"[0, 1, 2]","{""0"": [0, 1, 2]}",3,5
MLP16_seed_42,MLP16,42,validation,direct,1.0,raw,condition:0,brier,0.5282528904518441,0.1770684177029495,0.9175080943397065,"[0, 1, 2]","{""0"": [0, 1, 2]}",3,5
MLP16_seed_42,MLP16,42,validation,direct,1.0,raw,condition:0,accuracy,0.6,0.2,1.0,"[0, 1, 2]","{""0"": [0, 1, 2]}",3,5
MLP16_seed_42,MLP16,42,validation,direct,1.0,raw,condition:0,macro_f1,0.4333333333333333,0.1111111111111111,0.6666666666666666,"[0, 1, 2]","{""0"": [0, 1, 2]}",3,5
MLP16_seed_42,MLP16,42,validation,direct,1.0,raw,condition:2,ce,0.8872877224162222,0.3602600959688425,1.575750510543585,"[0, 1, 2]","{""2"": [0, 1, 2]}",3,5
MLP16_seed_42,MLP16,42,validation,direct,1.0,raw,condition:2,brier,0.541205499617501,0.1873783932159348,0.9176683132465598,"[0, 1, 2]","{""2"": [0, 1, 2]}",3,5
MLP16_seed_42,MLP16,42,validation,direct,1.0,raw,condition:2,accuracy,0.6,0.2,1.0,"[0, 1, 2]","{""2"": [0, 1, 2]}",3,5
MLP16_seed_42,MLP16,42,validation,direct,1.0,raw,condition:2,macro_f1,0.4333333333333333,0.1111111111111111,0.6666666666666666,"[0, 1, 2]","{""2"": [0, 1, 2]}",3,5
MLP16_seed_42,MLP16,42,validation,direct,1.0,raw,condition:3,ce,0.875391955152154,0.35000094667077064,1.5240177603065967,"[0, 1, 2]","{""3"": [0, 1, 2]}",3,5
MLP16_seed_42,MLP16,42,validation,direct,1.0,raw,condition:3,brier,0.5336687588323301,0.1732529292403511,0.9020899397832111,"[0, 1, 2]","{""3"": [0, 1, 2]}",3,5
MLP16_seed_42,MLP16,42,validation,direct,1.0,raw,condition:3,accuracy,0.6,0.2,1.0,"[0, 1, 2]","{""3"": [0, 1, 2]}",3,5
MLP16_seed_42,MLP16,42,validation,direct,1.0,raw,condition:3,macro_f1,0.4333333333333333,0.1111111111111111,0.6666666666666666,"[0, 1, 2]","{""3"": [0, 1, 2]}",3,5
MLP16_seed_42,MLP16,42,validation,direct,1.0,raw,source,ce,0.8785414470235507,0.3530252686142921,1.5593317017952601,"[0, 1, 2]","{""0"": [0, 1, 2], ""2"": [0, 1, 2], ""3"": [0, 1, 2]}",3,5
MLP16_seed_42,MLP16,42,validation,direct,1.0,raw,source,brier,0.5343757163005584,0.17923324671974514,0.9124221157898257,"[0, 1, 2]","{""0"": [0, 1, 2], ""2"": [0, 1, 2], ""3"": [0, 1, 2]}",3,5
MLP16_seed_42,MLP16,42,validation,direct,1.0,raw,source,accuracy,0.6,0.20000000000000004,1.0,"[0, 1, 2]","{""0"": [0, 1, 2], ""2"": [0, 1, 2], ""3"": [0, 1, 2]}",3,5
MLP16_seed_42,MLP16,42,validation,direct,1.0,raw,source,macro_f1,0.4333333333333333,0.1111111111111111,0.6666666666666666,"[0, 1, 2]","{""0"": [0, 1, 2], ""2"": [0, 1, 2], ""3"": [0, 1, 2]}",3,5
MLP16_seed_42,MLP16,42,validation,direct,1.0,candidate,condition:0,ce,1.0251737856864929,0.7765656414628029,1.333085898756981,"[0, 1, 2]","{""0"": [0, 1, 2]}",3,5
MLP16_seed_42,MLP16,42,validation,direct,1.0,candidate,condition:0,brier,0.6225711874173246,0.4712851470734961,0.8027079256961226,"[0, 1, 2]","{""0"": [0, 1, 2]}",3,5
MLP16_seed_42,MLP16,42,validation,direct,1.0,candidate,condition:0,accuracy,0.4,0.0,0.8,"[0, 1, 2]","{""0"": [0, 1, 2]}",3,5
MLP16_seed_42,MLP16,42,validation,direct,1.0,candidate,condition:0,macro_f1,0.19047619047619047,0.0,0.29629629629629634,"[0, 1, 2]","{""0"": [0, 1, 2]}",3,5
MLP16_seed_42,MLP16,42,validation,direct,1.0,candidate,condition:2,ce,1.0256458503007888,0.780293766260147,1.3316002893447876,"[0, 1, 2]","{""2"": [0, 1, 2]}",3,5
MLP16_seed_42,MLP16,42,validation,direct,1.0,candidate,condition:2,brier,0.6246209838332771,0.47242978018306425,0.8032762637369082,"[0, 1, 2]","{""2"": [0, 1, 2]}",3,5
MLP16_seed_42,MLP16,42,validation,direct,1.0,candidate,condition:2,accuracy,0.4,0.0,0.8,"[0, 1, 2]","{""2"": [0, 1, 2]}",3,5
MLP16_seed_42,MLP16,42,validation,direct,1.0,candidate,condition:2,macro_f1,0.19047619047619047,0.0,0.29629629629629634,"[0, 1, 2]","{""2"": [0, 1, 2]}",3,5
MLP16_seed_42,MLP16,42,validation,direct,1.0,candidate,condition:3,ce,1.0348060229420661,0.7945491540431977,1.3297588261961937,"[0, 1, 2]","{""3"": [0, 1, 2]}",3,5
MLP16_seed_42,MLP16,42,validation,direct,1.0,candidate,condition:3,brier,0.6278524952882558,0.47980000050359894,0.8023137390468144,"[0, 1, 2]","{""3"": [0, 1, 2]}",3,5
MLP16_seed_42,MLP16,42,validation,direct,1.0,candidate,condition:3,accuracy,0.4,0.0,0.8,"[0, 1, 2]","{""3"": [0, 1, 2]}",3,5
MLP16_seed_42,MLP16,42,validation,direct,1.0,candidate,condition:3,macro_f1,0.19047619047619047,0.0,0.29629629629629634,"[0, 1, 2]","{""3"": [0, 1, 2]}",3,5
MLP16_seed_42,MLP16,42,validation,direct,1.0,candidate,source,ce,1.0285418863097826,0.7845554706454276,1.3322342881560325,"[0, 1, 2]","{""0"": [0, 1, 2], ""2"": [0, 1, 2], ""3"": [0, 1, 2]}",3,5
MLP16_seed_42,MLP16,42,validation,direct,1.0,candidate,source,brier,0.6250148888462859,0.4745049759200531,0.8027659761599484,"[0, 1, 2]","{""0"": [0, 1, 2], ""2"": [0, 1, 2], ""3"": [0, 1, 2]}",3,5
MLP16_seed_42,MLP16,42,validation,direct,1.0,candidate,source,accuracy,0.4000000000000001,0.0,0.8000000000000002,"[0, 1, 2]","{""0"": [0, 1, 2], ""2"": [0, 1, 2], ""3"": [0, 1, 2]}",3,5
MLP16_seed_42,MLP16,42,validation,direct,1.0,candidate,source,macro_f1,0.19047619047619047,0.0,0.29629629629629634,"[0, 1, 2]","{""0"": [0, 1, 2], ""2"": [0, 1, 2], ""3"": [0, 1, 2]}",3,5
MLP16_seed_42,MLP16,42,validation,direct,1.0,deployed,condition:0,ce,1.0251737856864929,0.7765656414628029,1.333085898756981,"[0, 1, 2]","{""0"": [0, 1, 2]}",3,5
MLP16_seed_42,MLP16,42,validation,direct,1.0,deployed,condition:0,brier,0.6225711874173246,0.4712851470734961,0.8027079256961226,"[0, 1, 2]","{""0"": [0, 1, 2]}",3,5
MLP16_seed_42,MLP16,42,validation,direct,1.0,deployed,condition:0,accuracy,0.4,0.0,0.8,"[0, 1, 2]","{""0"": [0, 1, 2]}",3,5
MLP16_seed_42,MLP16,42,validation,direct,1.0,deployed,condition:0,macro_f1,0.19047619047619047,0.0,0.29629629629629634,"[0, 1, 2]","{""0"": [0, 1, 2]}",3,5
MLP16_seed_42,MLP16,42,validation,direct,1.0,deployed,condition:2,ce,1.0256458503007888,0.780293766260147,1.3316002893447876,"[0, 1, 2]","{""2"": [0, 1, 2]}",3,5
MLP16_seed_42,MLP16,42,validation,direct,1.0,deployed,condition:2,brier,0.6246209838332771,0.47242978018306425,0.8032762637369082,"[0, 1, 2]","{""2"": [0, 1, 2]}",3,5
MLP16_seed_42,MLP16,42,validation,direct,1.0,deployed,condition:2,accuracy,0.4,0.0,0.8,"[0, 1, 2]","{""2"": [0, 1, 2]}",3,5
MLP16_seed_42,MLP16,42,validation,direct,1.0,deployed,condition:2,macro_f1,0.19047619047619047,0.0,0.29629629629629634,"[0, 1, 2]","{""2"": [0, 1, 2]}",3,5
MLP16_seed_42,MLP16,42,validation,direct,1.0,deployed,condition:3,ce,1.0348060229420661,0.7945491540431977,1.3297588261961937,"[0, 1, 2]","{""3"": [0, 1, 2]}",3,5
MLP16_seed_42,MLP16,42,validation,direct,1.0,deployed,condition:3,brier,0.6278524952882558,0.47980000050359894,0.8023137390468144,"[0, 1, 2]","{""3"": [0, 1, 2]}",3,5
MLP16_seed_42,MLP16,42,validation,direct,1.0,deployed,condition:3,accuracy,0.4,0.0,0.8,"[0, 1, 2]","{""3"": [0, 1, 2]}",3,5
MLP16_seed_42,MLP16,42,validation,direct,1.0,deployed,condition:3,macro_f1,0.19047619047619047,0.0,0.29629629629629634,"[0, 1, 2]","{""3"": [0, 1, 2]}",3,5
MLP16_seed_42,MLP16,42,validation,direct,1.0,deployed,source,ce,1.0285418863097826,0.7845554706454276,1.3322342881560325,"[0, 1, 2]","{""0"": [0, 1, 2], ""2"": [0, 1, 2], ""3"": [0, 1, 2]}",3,5
MLP16_seed_42,MLP16,42,validation,direct,1.0,deployed,source,brier,0.6250148888462859,0.4745049759200531,0.8027659761599484,"[0, 1, 2]","{""0"": [0, 1, 2], ""2"": [0, 1, 2], ""3"": [0, 1, 2]}",3,5
MLP16_seed_42,MLP16,42,validation,direct,1.0,deployed,source,accuracy,0.4000000000000001,0.0,0.8000000000000002,"[0, 1, 2]","{""0"": [0, 1, 2], ""2"": [0, 1, 2], ""3"": [0, 1, 2]}",3,5
MLP16_seed_42,MLP16,42,validation,direct,1.0,deployed,source,macro_f1,0.19047619047619047,0.0,0.29629629629629634,"[0, 1, 2]","{""0"": [0, 1, 2], ""2"": [0, 1, 2], ""3"": [0, 1, 2]}",3,5
MLP16_seed_123,MLP16,123,validation,direct,1.0,raw,condition:0,ce,0.872944663502276,0.3488147632032633,1.5782268345355988,"[0, 1, 2]","{""0"": [0, 1, 2]}",3,5
MLP16_seed_123,MLP16,123,validation,direct,1.0,raw,condition:0,brier,0.5282528904518441,0.1770684177029495,0.9175080943397065,"[0, 1, 2]","{""0"": [0, 1, 2]}",3,5
MLP16_seed_123,MLP16,123,validation,direct,1.0,raw,condition:0,accuracy,0.6,0.2,1.0,"[0, 1, 2]","{""0"": [0, 1, 2]}",3,5
MLP16_seed_123,MLP16,123,validation,direct,1.0,raw,condition:0,macro_f1,0.4333333333333333,0.1111111111111111,0.6666666666666666,"[0, 1, 2]","{""0"": [0, 1, 2]}",3,5
MLP16_seed_123,MLP16,123,validation,direct,1.0,raw,condition:2,ce,0.8872877224162222,0.3602600959688425,1.575750510543585,"[0, 1, 2]","{""2"": [0, 1, 2]}",3,5
MLP16_seed_123,MLP16,123,validation,direct,1.0,raw,condition:2,brier,0.541205499617501,0.1873783932159348,0.9176683132465598,"[0, 1, 2]","{""2"": [0, 1, 2]}",3,5
MLP16_seed_123,MLP16,123,validation,direct,1.0,raw,condition:2,accuracy,0.6,0.2,1.0,"[0, 1, 2]","{""2"": [0, 1, 2]}",3,5
MLP16_seed_123,MLP16,123,validation,direct,1.0,raw,condition:2,macro_f1,0.4333333333333333,0.1111111111111111,0.6666666666666666,"[0, 1, 2]","{""2"": [0, 1, 2]}",3,5
MLP16_seed_123,MLP16,123,validation,direct,1.0,raw,condition:3,ce,0.875391955152154,0.35000094667077064,1.5240177603065967,"[0, 1, 2]","{""3"": [0, 1, 2]}",3,5
MLP16_seed_123,MLP16,123,validation,direct,1.0,raw,condition:3,brier,0.5336687588323301,0.1732529292403511,0.9020899397832111,"[0, 1, 2]","{""3"": [0, 1, 2]}",3,5
MLP16_seed_123,MLP16,123,validation,direct,1.0,raw,condition:3,accuracy,0.6,0.2,1.0,"[0, 1, 2]","{""3"": [0, 1, 2]}",3,5
MLP16_seed_123,MLP16,123,validation,direct,1.0,raw,condition:3,macro_f1,0.4333333333333333,0.1111111111111111,0.6666666666666666,"[0, 1, 2]","{""3"": [0, 1, 2]}",3,5
MLP16_seed_123,MLP16,123,validation,direct,1.0,raw,source,ce,0.8785414470235507,0.3530252686142921,1.5593317017952601,"[0, 1, 2]","{""0"": [0, 1, 2], ""2"": [0, 1, 2], ""3"": [0, 1, 2]}",3,5
MLP16_seed_123,MLP16,123,validation,direct,1.0,raw,source,brier,0.5343757163005584,0.17923324671974514,0.9124221157898257,"[0, 1, 2]","{""0"": [0, 1, 2], ""2"": [0, 1, 2], ""3"": [0, 1, 2]}",3,5
MLP16_seed_123,MLP16,123,validation,direct,1.0,raw,source,accuracy,0.6,0.20000000000000004,1.0,"[0, 1, 2]","{""0"": [0, 1, 2], ""2"": [0, 1, 2], ""3"": [0, 1, 2]}",3,5
MLP16_seed_123,MLP16,123,validation,direct,1.0,raw,source,macro_f1,0.4333333333333333,0.1111111111111111,0.6666666666666666,"[0, 1, 2]","{""0"": [0, 1, 2], ""2"": [0, 1, 2], ""3"": [0, 1, 2]}",3,5
MLP16_seed_123,MLP16,123,validation,direct,1.0,candidate,condition:0,ce,1.02439807087183,0.8015057486295699,1.327441841363907,"[0, 1, 2]","{""0"": [0, 1, 2]}",3,5
MLP16_seed_123,MLP16,123,validation,direct,1.0,candidate,condition:0,brier,0.6258874449552086,0.49451287917287823,0.8016017514036357,"[0, 1, 2]","{""0"": [0, 1, 2]}",3,5
MLP16_seed_123,MLP16,123,validation,direct,1.0,candidate,condition:0,accuracy,0.6000000000000001,0.19999999999999998,1.0,"[0, 1, 2]","{""0"": [0, 1, 2]}",3,5
MLP16_seed_123,MLP16,123,validation,direct,1.0,candidate,condition:0,macro_f1,0.4444444444444444,0.1111111111111111,0.6666666666666666,"[0, 1, 2]","{""0"": [0, 1, 2]}",3,5
MLP16_seed_123,MLP16,123,validation,direct,1.0,candidate,condition:2,ce,1.0232799506187438,0.8069391867518426,1.3214948749542237,"[0, 1, 2]","{""2"": [0, 1, 2]}",3,5
MLP16_seed_123,MLP16,123,validation,direct,1.0,candidate,condition:2,brier,0.6266647412174423,0.4976955916930132,0.7997527327073455,"[0, 1, 2]","{""2"": [0, 1, 2]}",3,5
MLP16_seed_123,MLP16,123,validation,direct,1.0,candidate,condition:2,accuracy,0.4,0.0,0.8,"[0, 1, 2]","{""2"": [0, 1, 2]}",3,5
MLP16_seed_123,MLP16,123,validation,direct,1.0,candidate,condition:2,macro_f1,0.3,0.0,0.5555555555555555,"[0, 1, 2]","{""2"": [0, 1, 2]}",3,5
MLP16_seed_123,MLP16,123,validation,direct,1.0,candidate,condition:3,ce,1.0344977778196334,0.8240354952216148,1.3223326012492178,"[0, 1, 2]","{""3"": [0, 1, 2]}",3,5
MLP16_seed_123,MLP16,123,validation,direct,1.0,candidate,condition:3,brier,0.6310602780621652,0.5067811027334228,0.7991416342345863,"[0, 1, 2]","{""3"": [0, 1, 2]}",3,5
MLP16_seed_123,MLP16,123,validation,direct,1.0,candidate,condition:3,accuracy,0.4,0.0,0.8,"[0, 1, 2]","{""3"": [0, 1, 2]}",3,5
MLP16_seed_123,MLP16,123,validation,direct,1.0,candidate,condition:3,macro_f1,0.3,0.0,0.5555555555555555,"[0, 1, 2]","{""3"": [0, 1, 2]}",3,5
MLP16_seed_123,MLP16,123,validation,direct,1.0,candidate,source,ce,1.0273919331034025,0.8115517038106917,1.3230315455794335,"[0, 1, 2]","{""0"": [0, 1, 2], ""2"": [0, 1, 2], ""3"": [0, 1, 2]}",3,5
MLP16_seed_123,MLP16,123,validation,direct,1.0,candidate,source,brier,0.6278708214116054,0.5002906748374247,0.7995378891442025,"[0, 1, 2]","{""0"": [0, 1, 2], ""2"": [0, 1, 2], ""3"": [0, 1, 2]}",3,5
MLP16_seed_123,MLP16,123,validation,direct,1.0,candidate,source,accuracy,0.4666666666666666,0.06666666666666667,0.8666666666666666,"[0, 1, 2]","{""0"": [0, 1, 2], ""2"": [0, 1, 2], ""3"": [0, 1, 2]}",3,5
MLP16_seed_123,MLP16,123,validation,direct,1.0,candidate,source,macro_f1,0.34814814814814815,0.037037037037037035,0.5777777777777778,"[0, 1, 2]","{""0"": [0, 1, 2], ""2"": [0, 1, 2], ""3"": [0, 1, 2]}",3,5
MLP16_seed_123,MLP16,123,validation,direct,1.0,deployed,condition:0,ce,1.02439807087183,0.8015057486295699,1.327441841363907,"[0, 1, 2]","{""0"": [0, 1, 2]}",3,5
MLP16_seed_123,MLP16,123,validation,direct,1.0,deployed,condition:0,brier,0.6258874449552086,0.49451287917287823,0.8016017514036357,"[0, 1, 2]","{""0"": [0, 1, 2]}",3,5
MLP16_seed_123,MLP16,123,validation,direct,1.0,deployed,condition:0,accuracy,0.6000000000000001,0.19999999999999998,1.0,"[0, 1, 2]","{""0"": [0, 1, 2]}",3,5
MLP16_seed_123,MLP16,123,validation,direct,1.0,deployed,condition:0,macro_f1,0.4444444444444444,0.1111111111111111,0.6666666666666666,"[0, 1, 2]","{""0"": [0, 1, 2]}",3,5
MLP16_seed_123,MLP16,123,validation,direct,1.0,deployed,condition:2,ce,1.0232799506187438,0.8069391867518426,1.3214948749542237,"[0, 1, 2]","{""2"": [0, 1, 2]}",3,5
MLP16_seed_123,MLP16,123,validation,direct,1.0,deployed,condition:2,brier,0.6266647412174423,0.4976955916930132,0.7997527327073455,"[0, 1, 2]","{""2"": [0, 1, 2]}",3,5
MLP16_seed_123,MLP16,123,validation,direct,1.0,deployed,condition:2,accuracy,0.4,0.0,0.8,"[0, 1, 2]","{""2"": [0, 1, 2]}",3,5
MLP16_seed_123,MLP16,123,validation,direct,1.0,deployed,condition:2,macro_f1,0.3,0.0,0.5555555555555555,"[0, 1, 2]","{""2"": [0, 1, 2]}",3,5
MLP16_seed_123,MLP16,123,validation,direct,1.0,deployed,condition:3,ce,1.0344977778196334,0.8240354952216148,1.3223326012492178,"[0, 1, 2]","{""3"": [0, 1, 2]}",3,5
MLP16_seed_123,MLP16,123,validation,direct,1.0,deployed,condition:3,brier,0.6310602780621652,0.5067811027334228,0.7991416342345863,"[0, 1, 2]","{""3"": [0, 1, 2]}",3,5
MLP16_seed_123,MLP16,123,validation,direct,1.0,deployed,condition:3,accuracy,0.4,0.0,0.8,"[0, 1, 2]","{""3"": [0, 1, 2]}",3,5
MLP16_seed_123,MLP16,123,validation,direct,1.0,deployed,condition:3,macro_f1,0.3,0.0,0.5555555555555555,"[0, 1, 2]","{""3"": [0, 1, 2]}",3,5
MLP16_seed_123,MLP16,123,validation,direct,1.0,deployed,source,ce,1.0273919331034025,0.8115517038106917,1.3230315455794335,"[0, 1, 2]","{""0"": [0, 1, 2], ""2"": [0, 1, 2], ""3"": [0, 1, 2]}",3,5
MLP16_seed_123,MLP16,123,validation,direct,1.0,deployed,source,brier,0.6278708214116054,0.5002906748374247,0.7995378891442025,"[0, 1, 2]","{""0"": [0, 1, 2], ""2"": [0, 1, 2], ""3"": [0, 1, 2]}",3,5
MLP16_seed_123,MLP16,123,validation,direct,1.0,deployed,source,accuracy,0.4666666666666666,0.06666666666666667,0.8666666666666666,"[0, 1, 2]","{""0"": [0, 1, 2], ""2"": [0, 1, 2], ""3"": [0, 1, 2]}",3,5
MLP16_seed_123,MLP16,123,validation,direct,1.0,deployed,source,macro_f1,0.34814814814814815,0.037037037037037035,0.5777777777777778,"[0, 1, 2]","{""0"": [0, 1, 2], ""2"": [0, 1, 2], ""3"": [0, 1, 2]}",3,5
MLP16_seed_456,MLP16,456,validation,direct,1.0,raw,condition:0,ce,0.872944663502276,0.3488147632032633,1.5782268345355988,"[0, 1, 2]","{""0"": [0, 1, 2]}",3,5
MLP16_seed_456,MLP16,456,validation,direct,1.0,raw,condition:0,brier,0.5282528904518441,0.1770684177029495,0.9175080943397065,"[0, 1, 2]","{""0"": [0, 1, 2]}",3,5
MLP16_seed_456,MLP16,456,validation,direct,1.0,raw,condition:0,accuracy,0.6,0.2,1.0,"[0, 1, 2]","{""0"": [0, 1, 2]}",3,5
MLP16_seed_456,MLP16,456,validation,direct,1.0,raw,condition:0,macro_f1,0.4333333333333333,0.1111111111111111,0.6666666666666666,"[0, 1, 2]","{""0"": [0, 1, 2]}",3,5
MLP16_seed_456,MLP16,456,validation,direct,1.0,raw,condition:2,ce,0.8872877224162222,0.3602600959688425,1.575750510543585,"[0, 1, 2]","{""2"": [0, 1, 2]}",3,5
MLP16_seed_456,MLP16,456,validation,direct,1.0,raw,condition:2,brier,0.541205499617501,0.1873783932159348,0.9176683132465598,"[0, 1, 2]","{""2"": [0, 1, 2]}",3,5
MLP16_seed_456,MLP16,456,validation,direct,1.0,raw,condition:2,accuracy,0.6,0.2,1.0,"[0, 1, 2]","{""2"": [0, 1, 2]}",3,5
MLP16_seed_456,MLP16,456,validation,direct,1.0,raw,condition:2,macro_f1,0.4333333333333333,0.1111111111111111,0.6666666666666666,"[0, 1, 2]","{""2"": [0, 1, 2]}",3,5
MLP16_seed_456,MLP16,456,validation,direct,1.0,raw,condition:3,ce,0.875391955152154,0.35000094667077064,1.5240177603065967,"[0, 1, 2]","{""3"": [0, 1, 2]}",3,5
MLP16_seed_456,MLP16,456,validation,direct,1.0,raw,condition:3,brier,0.5336687588323301,0.1732529292403511,0.9020899397832111,"[0, 1, 2]","{""3"": [0, 1, 2]}",3,5
MLP16_seed_456,MLP16,456,validation,direct,1.0,raw,condition:3,accuracy,0.6,0.2,1.0,"[0, 1, 2]","{""3"": [0, 1, 2]}",3,5
MLP16_seed_456,MLP16,456,validation,direct,1.0,raw,condition:3,macro_f1,0.4333333333333333,0.1111111111111111,0.6666666666666666,"[0, 1, 2]","{""3"": [0, 1, 2]}",3,5
MLP16_seed_456,MLP16,456,validation,direct,1.0,raw,source,ce,0.8785414470235507,0.3530252686142921,1.5593317017952601,"[0, 1, 2]","{""0"": [0, 1, 2], ""2"": [0, 1, 2], ""3"": [0, 1, 2]}",3,5
MLP16_seed_456,MLP16,456,validation,direct,1.0,raw,source,brier,0.5343757163005584,0.17923324671974514,0.9124221157898257,"[0, 1, 2]","{""0"": [0, 1, 2], ""2"": [0, 1, 2], ""3"": [0, 1, 2]}",3,5
MLP16_seed_456,MLP16,456,validation,direct,1.0,raw,source,accuracy,0.6,0.20000000000000004,1.0,"[0, 1, 2]","{""0"": [0, 1, 2], ""2"": [0, 1, 2], ""3"": [0, 1, 2]}",3,5
MLP16_seed_456,MLP16,456,validation,direct,1.0,raw,source,macro_f1,0.4333333333333333,0.1111111111111111,0.6666666666666666,"[0, 1, 2]","{""0"": [0, 1, 2], ""2"": [0, 1, 2], ""3"": [0, 1, 2]}",3,5
MLP16_seed_456,MLP16,456,validation,direct,1.0,candidate,condition:0,ce,1.028365515470505,0.823687698841095,1.3108874249458313,"[0, 1, 2]","{""0"": [0, 1, 2]}",3,5
MLP16_seed_456,MLP16,456,validation,direct,1.0,candidate,condition:0,brier,0.6282544016850471,0.5083149905673224,0.7934314252058376,"[0, 1, 2]","{""0"": [0, 1, 2]}",3,5
MLP16_seed_456,MLP16,456,validation,direct,1.0,candidate,condition:0,accuracy,0.4,0.0,0.8,"[0, 1, 2]","{""0"": [0, 1, 2]}",3,5
MLP16_seed_456,MLP16,456,validation,direct,1.0,candidate,condition:0,macro_f1,0.3,0.0,0.5555555555555555,"[0, 1, 2]","{""0"": [0, 1, 2]}",3,5
MLP16_seed_456,MLP16,456,validation,direct,1.0,candidate,condition:2,ce,1.0270939713716507,0.826979638800025,1.307017348408699,"[0, 1, 2]","{""2"": [0, 1, 2]}",3,5
MLP16_seed_456,MLP16,456,validation,direct,1.0,candidate,condition:2,brier,0.6287532717080075,0.5102636070531661,0.7926148488129727,"[0, 1, 2]","{""2"": [0, 1, 2]}",3,5
MLP16_seed_456,MLP16,456,validation,direct,1.0,candidate,condition:2,accuracy,0.4,0.0,0.8,"[0, 1, 2]","{""2"": [0, 1, 2]}",3,5
MLP16_seed_456,MLP16,456,validation,direct,1.0,candidate,condition:2,macro_f1,0.3,0.0,0.5555555555555555,"[0, 1, 2]","{""2"": [0, 1, 2]}",3,5
MLP16_seed_456,MLP16,456,validation,direct,1.0,candidate,condition:3,ce,1.039413542151451,0.8427787631750107,1.3107229995727538,"[0, 1, 2]","{""3"": [0, 1, 2]}",3,5
MLP16_seed_456,MLP16,456,validation,direct,1.0,candidate,condition:3,brier,0.6340818284220443,0.5186559593125697,0.7936425016338113,"[0, 1, 2]","{""3"": [0, 1, 2]}",3,5
MLP16_seed_456,MLP16,456,validation,direct,1.0,candidate,condition:3,accuracy,0.4,0.0,0.8,"[0, 1, 2]","{""3"": [0, 1, 2]}",3,5
MLP16_seed_456,MLP16,456,validation,direct,1.0,candidate,condition:3,macro_f1,0.3,0.0,0.5555555555555555,"[0, 1, 2]","{""3"": [0, 1, 2]}",3,5
MLP16_seed_456,MLP16,456,validation,direct,1.0,candidate,source,ce,1.0316243429978689,0.8311754051844279,1.3095425909757614,"[0, 1, 2]","{""0"": [0, 1, 2], ""2"": [0, 1, 2], ""3"": [0, 1, 2]}",3,5
MLP16_seed_456,MLP16,456,validation,direct,1.0,candidate,source,brier,0.6303631672716996,0.512411518977686,0.7932295918842073,"[0, 1, 2]","{""0"": [0, 1, 2], ""2"": [0, 1, 2], ""3"": [0, 1, 2]}",3,5
MLP16_seed_456,MLP16,456,validation,direct,1.0,candidate,source,accuracy,0.4000000000000001,0.0,0.8000000000000002,"[0, 1, 2]","{""0"": [0, 1, 2], ""2"": [0, 1, 2], ""3"": [0, 1, 2]}",3,5
MLP16_seed_456,MLP16,456,validation,direct,1.0,candidate,source,macro_f1,0.3,0.0,0.5555555555555555,"[0, 1, 2]","{""0"": [0, 1, 2], ""2"": [0, 1, 2], ""3"": [0, 1, 2]}",3,5
MLP16_seed_456,MLP16,456,validation,direct,1.0,deployed,condition:0,ce,1.028365515470505,0.823687698841095,1.3108874249458313,"[0, 1, 2]","{""0"": [0, 1, 2]}",3,5
MLP16_seed_456,MLP16,456,validation,direct,1.0,deployed,condition:0,brier,0.6282544016850471,0.5083149905673224,0.7934314252058376,"[0, 1, 2]","{""0"": [0, 1, 2]}",3,5
MLP16_seed_456,MLP16,456,validation,direct,1.0,deployed,condition:0,accuracy,0.4,0.0,0.8,"[0, 1, 2]","{""0"": [0, 1, 2]}",3,5
MLP16_seed_456,MLP16,456,validation,direct,1.0,deployed,condition:0,macro_f1,0.3,0.0,0.5555555555555555,"[0, 1, 2]","{""0"": [0, 1, 2]}",3,5
MLP16_seed_456,MLP16,456,validation,direct,1.0,deployed,condition:2,ce,1.0270939713716507,0.826979638800025,1.307017348408699,"[0, 1, 2]","{""2"": [0, 1, 2]}",3,5
MLP16_seed_456,MLP16,456,validation,direct,1.0,deployed,condition:2,brier,0.6287532717080075,0.5102636070531661,0.7926148488129727,"[0, 1, 2]","{""2"": [0, 1, 2]}",3,5
MLP16_seed_456,MLP16,456,validation,direct,1.0,deployed,condition:2,accuracy,0.4,0.0,0.8,"[0, 1, 2]","{""2"": [0, 1, 2]}",3,5
MLP16_seed_456,MLP16,456,validation,direct,1.0,deployed,condition:2,macro_f1,0.3,0.0,0.5555555555555555,"[0, 1, 2]","{""2"": [0, 1, 2]}",3,5
MLP16_seed_456,MLP16,456,validation,direct,1.0,deployed,condition:3,ce,1.039413542151451,0.8427787631750107,1.3107229995727538,"[0, 1, 2]","{""3"": [0, 1, 2]}",3,5
MLP16_seed_456,MLP16,456,validation,direct,1.0,deployed,condition:3,brier,0.6340818284220443,0.5186559593125697,0.7936425016338113,"[0, 1, 2]","{""3"": [0, 1, 2]}",3,5
MLP16_seed_456,MLP16,456,validation,direct,1.0,deployed,condition:3,accuracy,0.4,0.0,0.8,"[0, 1, 2]","{""3"": [0, 1, 2]}",3,5
MLP16_seed_456,MLP16,456,validation,direct,1.0,deployed,condition:3,macro_f1,0.3,0.0,0.5555555555555555,"[0, 1, 2]","{""3"": [0, 1, 2]}",3,5
MLP16_seed_456,MLP16,456,validation,direct,1.0,deployed,source,ce,1.0316243429978689,0.8311754051844279,1.3095425909757614,"[0, 1, 2]","{""0"": [0, 1, 2], ""2"": [0, 1, 2], ""3"": [0, 1, 2]}",3,5
MLP16_seed_456,MLP16,456,validation,direct,1.0,deployed,source,brier,0.6303631672716996,0.512411518977686,0.7932295918842073,"[0, 1, 2]","{""0"": [0, 1, 2], ""2"": [0, 1, 2], ""3"": [0, 1, 2]}",3,5
MLP16_seed_456,MLP16,456,validation,direct,1.0,deployed,source,accuracy,0.4000000000000001,0.0,0.8000000000000002,"[0, 1, 2]","{""0"": [0, 1, 2], ""2"": [0, 1, 2], ""3"": [0, 1, 2]}",3,5
MLP16_seed_456,MLP16,456,validation,direct,1.0,deployed,source,macro_f1,0.3,0.0,0.5555555555555555,"[0, 1, 2]","{""0"": [0, 1, 2], ""2"": [0, 1, 2], ""3"": [0, 1, 2]}",3,5
O_seed_42,O,42,validation,direct,1.0,raw,condition:0,ce,0.872944663502276,0.3488147632032633,1.5782268345355988,"[0, 1, 2]","{""0"": [0, 1, 2]}",3,5
O_seed_42,O,42,validation,direct,1.0,raw,condition:0,brier,0.5282528904518441,0.1770684177029495,0.9175080943397065,"[0, 1, 2]","{""0"": [0, 1, 2]}",3,5
O_seed_42,O,42,validation,direct,1.0,raw,condition:0,accuracy,0.6,0.2,1.0,"[0, 1, 2]","{""0"": [0, 1, 2]}",3,5
O_seed_42,O,42,validation,direct,1.0,raw,condition:0,macro_f1,0.4333333333333333,0.1111111111111111,0.6666666666666666,"[0, 1, 2]","{""0"": [0, 1, 2]}",3,5
O_seed_42,O,42,validation,direct,1.0,raw,condition:2,ce,0.8872877224162222,0.3602600959688425,1.575750510543585,"[0, 1, 2]","{""2"": [0, 1, 2]}",3,5
O_seed_42,O,42,validation,direct,1.0,raw,condition:2,brier,0.541205499617501,0.1873783932159348,0.9176683132465598,"[0, 1, 2]","{""2"": [0, 1, 2]}",3,5
O_seed_42,O,42,validation,direct,1.0,raw,condition:2,accuracy,0.6,0.2,1.0,"[0, 1, 2]","{""2"": [0, 1, 2]}",3,5
O_seed_42,O,42,validation,direct,1.0,raw,condition:2,macro_f1,0.4333333333333333,0.1111111111111111,0.6666666666666666,"[0, 1, 2]","{""2"": [0, 1, 2]}",3,5
O_seed_42,O,42,validation,direct,1.0,raw,condition:3,ce,0.875391955152154,0.35000094667077064,1.5240177603065967,"[0, 1, 2]","{""3"": [0, 1, 2]}",3,5
O_seed_42,O,42,validation,direct,1.0,raw,condition:3,brier,0.5336687588323301,0.1732529292403511,0.9020899397832111,"[0, 1, 2]","{""3"": [0, 1, 2]}",3,5
O_seed_42,O,42,validation,direct,1.0,raw,condition:3,accuracy,0.6,0.2,1.0,"[0, 1, 2]","{""3"": [0, 1, 2]}",3,5
O_seed_42,O,42,validation,direct,1.0,raw,condition:3,macro_f1,0.4333333333333333,0.1111111111111111,0.6666666666666666,"[0, 1, 2]","{""3"": [0, 1, 2]}",3,5
O_seed_42,O,42,validation,direct,1.0,raw,source,ce,0.8785414470235507,0.3530252686142921,1.5593317017952601,"[0, 1, 2]","{""0"": [0, 1, 2], ""2"": [0, 1, 2], ""3"": [0, 1, 2]}",3,5
O_seed_42,O,42,validation,direct,1.0,raw,source,brier,0.5343757163005584,0.17923324671974514,0.9124221157898257,"[0, 1, 2]","{""0"": [0, 1, 2], ""2"": [0, 1, 2], ""3"": [0, 1, 2]}",3,5
O_seed_42,O,42,validation,direct,1.0,raw,source,accuracy,0.6,0.20000000000000004,1.0,"[0, 1, 2]","{""0"": [0, 1, 2], ""2"": [0, 1, 2], ""3"": [0, 1, 2]}",3,5
O_seed_42,O,42,validation,direct,1.0,raw,source,macro_f1,0.4333333333333333,0.1111111111111111,0.6666666666666666,"[0, 1, 2]","{""0"": [0, 1, 2], ""2"": [0, 1, 2], ""3"": [0, 1, 2]}",3,5
O_seed_42,O,42,validation,direct,1.0,candidate,condition:0,ce,0.9444205228239297,0.5253420321643352,1.363499013483524,"[0, 1, 2]","{""0"": [0, 1, 2]}",3,5
O_seed_42,O,42,validation,direct,1.0,candidate,condition:0,brier,0.5778756417752451,0.292995937746708,0.8627553458037822,"[0, 1, 2]","{""0"": [0, 1, 2]}",3,5
O_seed_42,O,42,validation,direct,1.0,candidate,condition:0,accuracy,0.6,0.2,1.0,"[0, 1, 2]","{""0"": [0, 1, 2]}",3,5
O_seed_42,O,42,validation,direct,1.0,candidate,condition:0,macro_f1,0.4333333333333333,0.1111111111111111,0.6666666666666666,"[0, 1, 2]","{""0"": [0, 1, 2]}",3,5
O_seed_42,O,42,validation,direct,1.0,candidate,condition:2,ce,0.9548910392075778,0.5342356546223164,1.375546423792839,"[0, 1, 2]","{""2"": [0, 1, 2]}",3,5
O_seed_42,O,42,validation,direct,1.0,candidate,condition:2,brier,0.5837218917084102,0.30500222015757067,0.8624415632592497,"[0, 1, 2]","{""2"": [0, 1, 2]}",3,5
O_seed_42,O,42,validation,direct,1.0,candidate,condition:2,accuracy,0.6,0.2,1.0,"[0, 1, 2]","{""2"": [0, 1, 2]}",3,5
O_seed_42,O,42,validation,direct,1.0,candidate,condition:2,macro_f1,0.4333333333333333,0.1111111111111111,0.6666666666666666,"[0, 1, 2]","{""2"": [0, 1, 2]}",3,5
O_seed_42,O,42,validation,direct,1.0,candidate,condition:3,ce,0.9458360236883163,0.5446419551968574,1.3470300921797753,"[0, 1, 2]","{""3"": [0, 1, 2]}",3,5
O_seed_42,O,42,validation,direct,1.0,candidate,condition:3,brier,0.5679523575592972,0.301079939883412,0.8348247752351824,"[0, 1, 2]","{""3"": [0, 1, 2]}",3,5
O_seed_42,O,42,validation,direct,1.0,candidate,condition:3,accuracy,0.6,0.2,1.0,"[0, 1, 2]","{""3"": [0, 1, 2]}",3,5
O_seed_42,O,42,validation,direct,1.0,candidate,condition:3,macro_f1,0.4333333333333333,0.1111111111111111,0.6666666666666666,"[0, 1, 2]","{""3"": [0, 1, 2]}",3,5
O_seed_42,O,42,validation,direct,1.0,candidate,source,ce,0.9483825285732745,0.5347398806611697,1.3620251764853795,"[0, 1, 2]","{""0"": [0, 1, 2], ""2"": [0, 1, 2], ""3"": [0, 1, 2]}",3,5
O_seed_42,O,42,validation,direct,1.0,candidate,source,brier,0.5765166303476508,0.29969269926256353,0.8533405614327382,"[0, 1, 2]","{""0"": [0, 1, 2], ""2"": [0, 1, 2], ""3"": [0, 1, 2]}",3,5
O_seed_42,O,42,validation,direct,1.0,candidate,source,accuracy,0.6,0.20000000000000004,1.0,"[0, 1, 2]","{""0"": [0, 1, 2], ""2"": [0, 1, 2], ""3"": [0, 1, 2]}",3,5
O_seed_42,O,42,validation,direct,1.0,candidate,source,macro_f1,0.4333333333333333,0.1111111111111111,0.6666666666666666,"[0, 1, 2]","{""0"": [0, 1, 2], ""2"": [0, 1, 2], ""3"": [0, 1, 2]}",3,5
O_seed_42,O,42,validation,direct,1.0,deployed,condition:0,ce,0.9444205228239297,0.5253420321643352,1.363499013483524,"[0, 1, 2]","{""0"": [0, 1, 2]}",3,5
O_seed_42,O,42,validation,direct,1.0,deployed,condition:0,brier,0.5778756417752451,0.292995937746708,0.8627553458037822,"[0, 1, 2]","{""0"": [0, 1, 2]}",3,5
O_seed_42,O,42,validation,direct,1.0,deployed,condition:0,accuracy,0.6,0.2,1.0,"[0, 1, 2]","{""0"": [0, 1, 2]}",3,5
O_seed_42,O,42,validation,direct,1.0,deployed,condition:0,macro_f1,0.4333333333333333,0.1111111111111111,0.6666666666666666,"[0, 1, 2]","{""0"": [0, 1, 2]}",3,5
O_seed_42,O,42,validation,direct,1.0,deployed,condition:2,ce,0.9548910392075778,0.5342356546223164,1.375546423792839,"[0, 1, 2]","{""2"": [0, 1, 2]}",3,5
O_seed_42,O,42,validation,direct,1.0,deployed,condition:2,brier,0.5837218917084102,0.30500222015757067,0.8624415632592497,"[0, 1, 2]","{""2"": [0, 1, 2]}",3,5
O_seed_42,O,42,validation,direct,1.0,deployed,condition:2,accuracy,0.6,0.2,1.0,"[0, 1, 2]","{""2"": [0, 1, 2]}",3,5
O_seed_42,O,42,validation,direct,1.0,deployed,condition:2,macro_f1,0.4333333333333333,0.1111111111111111,0.6666666666666666,"[0, 1, 2]","{""2"": [0, 1, 2]}",3,5
O_seed_42,O,42,validation,direct,1.0,deployed,condition:3,ce,0.9458360236883163,0.5446419551968574,1.3470300921797753,"[0, 1, 2]","{""3"": [0, 1, 2]}",3,5
O_seed_42,O,42,validation,direct,1.0,deployed,condition:3,brier,0.5679523575592972,0.301079939883412,0.8348247752351824,"[0, 1, 2]","{""3"": [0, 1, 2]}",3,5
O_seed_42,O,42,validation,direct,1.0,deployed,condition:3,accuracy,0.6,0.2,1.0,"[0, 1, 2]","{""3"": [0, 1, 2]}",3,5
O_seed_42,O,42,validation,direct,1.0,deployed,condition:3,macro_f1,0.4333333333333333,0.1111111111111111,0.6666666666666666,"[0, 1, 2]","{""3"": [0, 1, 2]}",3,5
O_seed_42,O,42,validation,direct,1.0,deployed,source,ce,0.9483825285732745,0.5347398806611697,1.3620251764853795,"[0, 1, 2]","{""0"": [0, 1, 2], ""2"": [0, 1, 2], ""3"": [0, 1, 2]}",3,5
O_seed_42,O,42,validation,direct,1.0,deployed,source,brier,0.5765166303476508,0.29969269926256353,0.8533405614327382,"[0, 1, 2]","{""0"": [0, 1, 2], ""2"": [0, 1, 2], ""3"": [0, 1, 2]}",3,5
O_seed_42,O,42,validation,direct,1.0,deployed,source,accuracy,0.6,0.20000000000000004,1.0,"[0, 1, 2]","{""0"": [0, 1, 2], ""2"": [0, 1, 2], ""3"": [0, 1, 2]}",3,5
O_seed_42,O,42,validation,direct,1.0,deployed,source,macro_f1,0.4333333333333333,0.1111111111111111,0.6666666666666666,"[0, 1, 2]","{""0"": [0, 1, 2], ""2"": [0, 1, 2], ""3"": [0, 1, 2]}",3,5
O_seed_123,O,123,validation,direct,1.0,raw,condition:0,ce,0.872944663502276,0.3488147632032633,1.5782268345355988,"[0, 1, 2]","{""0"": [0, 1, 2]}",3,5
O_seed_123,O,123,validation,direct,1.0,raw,condition:0,brier,0.5282528904518441,0.1770684177029495,0.9175080943397065,"[0, 1, 2]","{""0"": [0, 1, 2]}",3,5
O_seed_123,O,123,validation,direct,1.0,raw,condition:0,accuracy,0.6,0.2,1.0,"[0, 1, 2]","{""0"": [0, 1, 2]}",3,5
O_seed_123,O,123,validation,direct,1.0,raw,condition:0,macro_f1,0.4333333333333333,0.1111111111111111,0.6666666666666666,"[0, 1, 2]","{""0"": [0, 1, 2]}",3,5
O_seed_123,O,123,validation,direct,1.0,raw,condition:2,ce,0.8872877224162222,0.3602600959688425,1.575750510543585,"[0, 1, 2]","{""2"": [0, 1, 2]}",3,5
O_seed_123,O,123,validation,direct,1.0,raw,condition:2,brier,0.541205499617501,0.1873783932159348,0.9176683132465598,"[0, 1, 2]","{""2"": [0, 1, 2]}",3,5
O_seed_123,O,123,validation,direct,1.0,raw,condition:2,accuracy,0.6,0.2,1.0,"[0, 1, 2]","{""2"": [0, 1, 2]}",3,5
O_seed_123,O,123,validation,direct,1.0,raw,condition:2,macro_f1,0.4333333333333333,0.1111111111111111,0.6666666666666666,"[0, 1, 2]","{""2"": [0, 1, 2]}",3,5
O_seed_123,O,123,validation,direct,1.0,raw,condition:3,ce,0.875391955152154,0.35000094667077064,1.5240177603065967,"[0, 1, 2]","{""3"": [0, 1, 2]}",3,5
O_seed_123,O,123,validation,direct,1.0,raw,condition:3,brier,0.5336687588323301,0.1732529292403511,0.9020899397832111,"[0, 1, 2]","{""3"": [0, 1, 2]}",3,5
O_seed_123,O,123,validation,direct,1.0,raw,condition:3,accuracy,0.6,0.2,1.0,"[0, 1, 2]","{""3"": [0, 1, 2]}",3,5
O_seed_123,O,123,validation,direct,1.0,raw,condition:3,macro_f1,0.4333333333333333,0.1111111111111111,0.6666666666666666,"[0, 1, 2]","{""3"": [0, 1, 2]}",3,5
O_seed_123,O,123,validation,direct,1.0,raw,source,ce,0.8785414470235507,0.3530252686142921,1.5593317017952601,"[0, 1, 2]","{""0"": [0, 1, 2], ""2"": [0, 1, 2], ""3"": [0, 1, 2]}",3,5
O_seed_123,O,123,validation,direct,1.0,raw,source,brier,0.5343757163005584,0.17923324671974514,0.9124221157898257,"[0, 1, 2]","{""0"": [0, 1, 2], ""2"": [0, 1, 2], ""3"": [0, 1, 2]}",3,5
O_seed_123,O,123,validation,direct,1.0,raw,source,accuracy,0.6,0.20000000000000004,1.0,"[0, 1, 2]","{""0"": [0, 1, 2], ""2"": [0, 1, 2], ""3"": [0, 1, 2]}",3,5
O_seed_123,O,123,validation,direct,1.0,raw,source,macro_f1,0.4333333333333333,0.1111111111111111,0.6666666666666666,"[0, 1, 2]","{""0"": [0, 1, 2], ""2"": [0, 1, 2], ""3"": [0, 1, 2]}",3,5
O_seed_123,O,123,validation,direct,1.0,candidate,condition:0,ce,0.9403129549324512,0.5905509990453719,1.2900749108195304,"[0, 1, 2]","{""0"": [0, 1, 2]}",3,5
O_seed_123,O,123,validation,direct,1.0,candidate,condition:0,brier,0.5780152744890946,0.34012897060749864,0.8159015783706906,"[0, 1, 2]","{""0"": [0, 1, 2]}",3,5
O_seed_123,O,123,validation,direct,1.0,candidate,condition:0,accuracy,0.6,0.2,1.0,"[0, 1, 2]","{""0"": [0, 1, 2]}",3,5
O_seed_123,O,123,validation,direct,1.0,candidate,condition:0,macro_f1,0.4333333333333333,0.1111111111111111,0.6666666666666666,"[0, 1, 2]","{""0"": [0, 1, 2]}",3,5
O_seed_123,O,123,validation,direct,1.0,candidate,condition:2,ce,0.9434953674674034,0.5901192870736122,1.2968714478611947,"[0, 1, 2]","{""2"": [0, 1, 2]}",3,5
O_seed_123,O,123,validation,direct,1.0,candidate,condition:2,brier,0.5785032593186857,0.3437014892846231,0.8133050293527482,"[0, 1, 2]","{""2"": [0, 1, 2]}",3,5
O_seed_123,O,123,validation,direct,1.0,candidate,condition:2,accuracy,0.6,0.2,1.0,"[0, 1, 2]","{""2"": [0, 1, 2]}",3,5
O_seed_123,O,123,validation,direct,1.0,candidate,condition:2,macro_f1,0.4333333333333333,0.1111111111111111,0.6666666666666666,"[0, 1, 2]","{""2"": [0, 1, 2]}",3,5
O_seed_123,O,123,validation,direct,1.0,candidate,condition:3,ce,0.9447387976944446,0.6195607078075408,1.2699168875813485,"[0, 1, 2]","{""3"": [0, 1, 2]}",3,5
O_seed_123,O,123,validation,direct,1.0,candidate,condition:3,brier,0.5760993552478954,0.3634223546758796,0.7887763558199111,"[0, 1, 2]","{""3"": [0, 1, 2]}",3,5
O_seed_123,O,123,validation,direct,1.0,candidate,condition:3,accuracy,0.6,0.2,1.0,"[0, 1, 2]","{""3"": [0, 1, 2]}",3,5
O_seed_123,O,123,validation,direct,1.0,candidate,condition:3,macro_f1,0.4333333333333333,0.1111111111111111,0.6666666666666666,"[0, 1, 2]","{""3"": [0, 1, 2]}",3,5
O_seed_123,O,123,validation,direct,1.0,candidate,source,ce,0.9428490400314331,0.6000769979755084,1.285621082087358,"[0, 1, 2]","{""0"": [0, 1, 2], ""2"": [0, 1, 2], ""3"": [0, 1, 2]}",3,5
O_seed_123,O,123,validation,direct,1.0,candidate,source,brier,0.5775392963518918,0.34908427152266713,0.8059943211811166,"[0, 1, 2]","{""0"": [0, 1, 2], ""2"": [0, 1, 2], ""3"": [0, 1, 2]}",3,5
O_seed_123,O,123,validation,direct,1.0,candidate,source,accuracy,0.6,0.20000000000000004,1.0,"[0, 1, 2]","{""0"": [0, 1, 2], ""2"": [0, 1, 2], ""3"": [0, 1, 2]}",3,5
O_seed_123,O,123,validation,direct,1.0,candidate,source,macro_f1,0.4333333333333333,0.1111111111111111,0.6666666666666666,"[0, 1, 2]","{""0"": [0, 1, 2], ""2"": [0, 1, 2], ""3"": [0, 1, 2]}",3,5
O_seed_123,O,123,validation,direct,1.0,deployed,condition:0,ce,0.9403129549324512,0.5905509990453719,1.2900749108195304,"[0, 1, 2]","{""0"": [0, 1, 2]}",3,5
O_seed_123,O,123,validation,direct,1.0,deployed,condition:0,brier,0.5780152744890946,0.34012897060749864,0.8159015783706906,"[0, 1, 2]","{""0"": [0, 1, 2]}",3,5
O_seed_123,O,123,validation,direct,1.0,deployed,condition:0,accuracy,0.6,0.2,1.0,"[0, 1, 2]","{""0"": [0, 1, 2]}",3,5
O_seed_123,O,123,validation,direct,1.0,deployed,condition:0,macro_f1,0.4333333333333333,0.1111111111111111,0.6666666666666666,"[0, 1, 2]","{""0"": [0, 1, 2]}",3,5
O_seed_123,O,123,validation,direct,1.0,deployed,condition:2,ce,0.9434953674674034,0.5901192870736122,1.2968714478611947,"[0, 1, 2]","{""2"": [0, 1, 2]}",3,5
O_seed_123,O,123,validation,direct,1.0,deployed,condition:2,brier,0.5785032593186857,0.3437014892846231,0.8133050293527482,"[0, 1, 2]","{""2"": [0, 1, 2]}",3,5
O_seed_123,O,123,validation,direct,1.0,deployed,condition:2,accuracy,0.6,0.2,1.0,"[0, 1, 2]","{""2"": [0, 1, 2]}",3,5
O_seed_123,O,123,validation,direct,1.0,deployed,condition:2,macro_f1,0.4333333333333333,0.1111111111111111,0.6666666666666666,"[0, 1, 2]","{""2"": [0, 1, 2]}",3,5
O_seed_123,O,123,validation,direct,1.0,deployed,condition:3,ce,0.9447387976944446,0.6195607078075408,1.2699168875813485,"[0, 1, 2]","{""3"": [0, 1, 2]}",3,5
O_seed_123,O,123,validation,direct,1.0,deployed,condition:3,brier,0.5760993552478954,0.3634223546758796,0.7887763558199111,"[0, 1, 2]","{""3"": [0, 1, 2]}",3,5
O_seed_123,O,123,validation,direct,1.0,deployed,condition:3,accuracy,0.6,0.2,1.0,"[0, 1, 2]","{""3"": [0, 1, 2]}",3,5
O_seed_123,O,123,validation,direct,1.0,deployed,condition:3,macro_f1,0.4333333333333333,0.1111111111111111,0.6666666666666666,"[0, 1, 2]","{""3"": [0, 1, 2]}",3,5
O_seed_123,O,123,validation,direct,1.0,deployed,source,ce,0.9428490400314331,0.6000769979755084,1.285621082087358,"[0, 1, 2]","{""0"": [0, 1, 2], ""2"": [0, 1, 2], ""3"": [0, 1, 2]}",3,5
O_seed_123,O,123,validation,direct,1.0,deployed,source,brier,0.5775392963518918,0.34908427152266713,0.8059943211811166,"[0, 1, 2]","{""0"": [0, 1, 2], ""2"": [0, 1, 2], ""3"": [0, 1, 2]}",3,5
O_seed_123,O,123,validation,direct,1.0,deployed,source,accuracy,0.6,0.20000000000000004,1.0,"[0, 1, 2]","{""0"": [0, 1, 2], ""2"": [0, 1, 2], ""3"": [0, 1, 2]}",3,5
O_seed_123,O,123,validation,direct,1.0,deployed,source,macro_f1,0.4333333333333333,0.1111111111111111,0.6666666666666666,"[0, 1, 2]","{""0"": [0, 1, 2], ""2"": [0, 1, 2], ""3"": [0, 1, 2]}",3,5
O_seed_456,O,456,validation,direct,1.0,raw,condition:0,ce,0.872944663502276,0.3488147632032633,1.5782268345355988,"[0, 1, 2]","{""0"": [0, 1, 2]}",3,5
O_seed_456,O,456,validation,direct,1.0,raw,condition:0,brier,0.5282528904518441,0.1770684177029495,0.9175080943397065,"[0, 1, 2]","{""0"": [0, 1, 2]}",3,5
O_seed_456,O,456,validation,direct,1.0,raw,condition:0,accuracy,0.6,0.2,1.0,"[0, 1, 2]","{""0"": [0, 1, 2]}",3,5
O_seed_456,O,456,validation,direct,1.0,raw,condition:0,macro_f1,0.4333333333333333,0.1111111111111111,0.6666666666666666,"[0, 1, 2]","{""0"": [0, 1, 2]}",3,5
O_seed_456,O,456,validation,direct,1.0,raw,condition:2,ce,0.8872877224162222,0.3602600959688425,1.575750510543585,"[0, 1, 2]","{""2"": [0, 1, 2]}",3,5
O_seed_456,O,456,validation,direct,1.0,raw,condition:2,brier,0.541205499617501,0.1873783932159348,0.9176683132465598,"[0, 1, 2]","{""2"": [0, 1, 2]}",3,5
O_seed_456,O,456,validation,direct,1.0,raw,condition:2,accuracy,0.6,0.2,1.0,"[0, 1, 2]","{""2"": [0, 1, 2]}",3,5
O_seed_456,O,456,validation,direct,1.0,raw,condition:2,macro_f1,0.4333333333333333,0.1111111111111111,0.6666666666666666,"[0, 1, 2]","{""2"": [0, 1, 2]}",3,5
O_seed_456,O,456,validation,direct,1.0,raw,condition:3,ce,0.875391955152154,0.35000094667077064,1.5240177603065967,"[0, 1, 2]","{""3"": [0, 1, 2]}",3,5
O_seed_456,O,456,validation,direct,1.0,raw,condition:3,brier,0.5336687588323301,0.1732529292403511,0.9020899397832111,"[0, 1, 2]","{""3"": [0, 1, 2]}",3,5
O_seed_456,O,456,validation,direct,1.0,raw,condition:3,accuracy,0.6,0.2,1.0,"[0, 1, 2]","{""3"": [0, 1, 2]}",3,5
O_seed_456,O,456,validation,direct,1.0,raw,condition:3,macro_f1,0.4333333333333333,0.1111111111111111,0.6666666666666666,"[0, 1, 2]","{""3"": [0, 1, 2]}",3,5
O_seed_456,O,456,validation,direct,1.0,raw,source,ce,0.8785414470235507,0.3530252686142921,1.5593317017952601,"[0, 1, 2]","{""0"": [0, 1, 2], ""2"": [0, 1, 2], ""3"": [0, 1, 2]}",3,5
O_seed_456,O,456,validation,direct,1.0,raw,source,brier,0.5343757163005584,0.17923324671974514,0.9124221157898257,"[0, 1, 2]","{""0"": [0, 1, 2], ""2"": [0, 1, 2], ""3"": [0, 1, 2]}",3,5
O_seed_456,O,456,validation,direct,1.0,raw,source,accuracy,0.6,0.20000000000000004,1.0,"[0, 1, 2]","{""0"": [0, 1, 2], ""2"": [0, 1, 2], ""3"": [0, 1, 2]}",3,5
O_seed_456,O,456,validation,direct,1.0,raw,source,macro_f1,0.4333333333333333,0.1111111111111111,0.6666666666666666,"[0, 1, 2]","{""0"": [0, 1, 2], ""2"": [0, 1, 2], ""3"": [0, 1, 2]}",3,5
O_seed_456,O,456,validation,direct,1.0,candidate,condition:0,ce,0.945653548836708,0.5791145893931389,1.3121925082802772,"[0, 1, 2]","{""0"": [0, 1, 2]}",3,5
O_seed_456,O,456,validation,direct,1.0,candidate,condition:0,brier,0.5713641231368414,0.3218270067304646,0.8209012395432179,"[0, 1, 2]","{""0"": [0, 1, 2]}",3,5
O_seed_456,O,456,validation,direct,1.0,candidate,condition:0,accuracy,0.6,0.2,1.0,"[0, 1, 2]","{""0"": [0, 1, 2]}",3,5
O_seed_456,O,456,validation,direct,1.0,candidate,condition:0,macro_f1,0.4333333333333333,0.1111111111111111,0.6666666666666666,"[0, 1, 2]","{""0"": [0, 1, 2]}",3,5
O_seed_456,O,456,validation,direct,1.0,candidate,condition:2,ce,0.9490217719972135,0.5785798457264899,1.3194636982679366,"[0, 1, 2]","{""2"": [0, 1, 2]}",3,5
O_seed_456,O,456,validation,direct,1.0,candidate,condition:2,brier,0.5720486158493435,0.32470193756001764,0.8193952941386694,"[0, 1, 2]","{""2"": [0, 1, 2]}",3,5
O_seed_456,O,456,validation,direct,1.0,candidate,condition:2,accuracy,0.6,0.2,1.0,"[0, 1, 2]","{""2"": [0, 1, 2]}",3,5
O_seed_456,O,456,validation,direct,1.0,candidate,condition:2,macro_f1,0.4333333333333333,0.1111111111111111,0.6666666666666666,"[0, 1, 2]","{""2"": [0, 1, 2]}",3,5
O_seed_456,O,456,validation,direct,1.0,candidate,condition:3,ce,0.9549599465727805,0.6094316905736924,1.300488202571869,"[0, 1, 2]","{""3"": [0, 1, 2]}",3,5
O_seed_456,O,456,validation,direct,1.0,candidate,condition:3,brier,0.5744063684437617,0.3480889159878066,0.8007238208997165,"[0, 1, 2]","{""3"": [0, 1, 2]}",3,5
O_seed_456,O,456,validation,direct,1.0,candidate,condition:3,accuracy,0.6,0.2,1.0,"[0, 1, 2]","{""3"": [0, 1, 2]}",3,5
O_seed_456,O,456,validation,direct,1.0,candidate,condition:3,macro_f1,0.4333333333333333,0.1111111111111111,0.6666666666666666,"[0, 1, 2]","{""3"": [0, 1, 2]}",3,5
O_seed_456,O,456,validation,direct,1.0,candidate,source,ce,0.9498784224689008,0.5890420418977738,1.3107148030400275,"[0, 1, 2]","{""0"": [0, 1, 2], ""2"": [0, 1, 2], ""3"": [0, 1, 2]}",3,5
O_seed_456,O,456,validation,direct,1.0,candidate,source,brier,0.5726063691433155,0.3315392867594296,0.8136734515272014,"[0, 1, 2]","{""0"": [0, 1, 2], ""2"": [0, 1, 2], ""3"": [0, 1, 2]}",3,5
O_seed_456,O,456,validation,direct,1.0,candidate,source,accuracy,0.6,0.20000000000000004,1.0,"[0, 1, 2]","{""0"": [0, 1, 2], ""2"": [0, 1, 2], ""3"": [0, 1, 2]}",3,5
O_seed_456,O,456,validation,direct,1.0,candidate,source,macro_f1,0.4333333333333333,0.1111111111111111,0.6666666666666666,"[0, 1, 2]","{""0"": [0, 1, 2], ""2"": [0, 1, 2], ""3"": [0, 1, 2]}",3,5
O_seed_456,O,456,validation,direct,1.0,deployed,condition:0,ce,0.945653548836708,0.5791145893931389,1.3121925082802772,"[0, 1, 2]","{""0"": [0, 1, 2]}",3,5
O_seed_456,O,456,validation,direct,1.0,deployed,condition:0,brier,0.5713641231368414,0.3218270067304646,0.8209012395432179,"[0, 1, 2]","{""0"": [0, 1, 2]}",3,5
O_seed_456,O,456,validation,direct,1.0,deployed,condition:0,accuracy,0.6,0.2,1.0,"[0, 1, 2]","{""0"": [0, 1, 2]}",3,5
O_seed_456,O,456,validation,direct,1.0,deployed,condition:0,macro_f1,0.4333333333333333,0.1111111111111111,0.6666666666666666,"[0, 1, 2]","{""0"": [0, 1, 2]}",3,5
O_seed_456,O,456,validation,direct,1.0,deployed,condition:2,ce,0.9490217719972135,0.5785798457264899,1.3194636982679366,"[0, 1, 2]","{""2"": [0, 1, 2]}",3,5
O_seed_456,O,456,validation,direct,1.0,deployed,condition:2,brier,0.5720486158493435,0.32470193756001764,0.8193952941386694,"[0, 1, 2]","{""2"": [0, 1, 2]}",3,5
O_seed_456,O,456,validation,direct,1.0,deployed,condition:2,accuracy,0.6,0.2,1.0,"[0, 1, 2]","{""2"": [0, 1, 2]}",3,5
O_seed_456,O,456,validation,direct,1.0,deployed,condition:2,macro_f1,0.4333333333333333,0.1111111111111111,0.6666666666666666,"[0, 1, 2]","{""2"": [0, 1, 2]}",3,5
O_seed_456,O,456,validation,direct,1.0,deployed,condition:3,ce,0.9549599465727805,0.6094316905736924,1.300488202571869,"[0, 1, 2]","{""3"": [0, 1, 2]}",3,5
O_seed_456,O,456,validation,direct,1.0,deployed,condition:3,brier,0.5744063684437617,0.3480889159878066,0.8007238208997165,"[0, 1, 2]","{""3"": [0, 1, 2]}",3,5
O_seed_456,O,456,validation,direct,1.0,deployed,condition:3,accuracy,0.6,0.2,1.0,"[0, 1, 2]","{""3"": [0, 1, 2]}",3,5
O_seed_456,O,456,validation,direct,1.0,deployed,condition:3,macro_f1,0.4333333333333333,0.1111111111111111,0.6666666666666666,"[0, 1, 2]","{""3"": [0, 1, 2]}",3,5
O_seed_456,O,456,validation,direct,1.0,deployed,source,ce,0.9498784224689008,0.5890420418977738,1.3107148030400275,"[0, 1, 2]","{""0"": [0, 1, 2], ""2"": [0, 1, 2], ""3"": [0, 1, 2]}",3,5
O_seed_456,O,456,validation,direct,1.0,deployed,source,brier,0.5726063691433155,0.3315392867594296,0.8136734515272014,"[0, 1, 2]","{""0"": [0, 1, 2], ""2"": [0, 1, 2], ""3"": [0, 1, 2]}",3,5
O_seed_456,O,456,validation,direct,1.0,deployed,source,accuracy,0.6,0.20000000000000004,1.0,"[0, 1, 2]","{""0"": [0, 1, 2], ""2"": [0, 1, 2], ""3"": [0, 1, 2]}",3,5
O_seed_456,O,456,validation,direct,1.0,deployed,source,macro_f1,0.4333333333333333,0.1111111111111111,0.6666666666666666,"[0, 1, 2]","{""0"": [0, 1, 2], ""2"": [0, 1, 2], ""3"": [0, 1, 2]}",3,5
UO_seed_42,UO,42,validation,direct,1.0,raw,condition:0,ce,0.872944663502276,0.3488147632032633,1.5782268345355988,"[0, 1, 2]","{""0"": [0, 1, 2]}",3,5
UO_seed_42,UO,42,validation,direct,1.0,raw,condition:0,brier,0.5282528904518441,0.1770684177029495,0.9175080943397065,"[0, 1, 2]","{""0"": [0, 1, 2]}",3,5
UO_seed_42,UO,42,validation,direct,1.0,raw,condition:0,accuracy,0.6,0.2,1.0,"[0, 1, 2]","{""0"": [0, 1, 2]}",3,5
UO_seed_42,UO,42,validation,direct,1.0,raw,condition:0,macro_f1,0.4333333333333333,0.1111111111111111,0.6666666666666666,"[0, 1, 2]","{""0"": [0, 1, 2]}",3,5
UO_seed_42,UO,42,validation,direct,1.0,raw,condition:2,ce,0.8872877224162222,0.3602600959688425,1.575750510543585,"[0, 1, 2]","{""2"": [0, 1, 2]}",3,5
UO_seed_42,UO,42,validation,direct,1.0,raw,condition:2,brier,0.541205499617501,0.1873783932159348,0.9176683132465598,"[0, 1, 2]","{""2"": [0, 1, 2]}",3,5
UO_seed_42,UO,42,validation,direct,1.0,raw,condition:2,accuracy,0.6,0.2,1.0,"[0, 1, 2]","{""2"": [0, 1, 2]}",3,5
UO_seed_42,UO,42,validation,direct,1.0,raw,condition:2,macro_f1,0.4333333333333333,0.1111111111111111,0.6666666666666666,"[0, 1, 2]","{""2"": [0, 1, 2]}",3,5
UO_seed_42,UO,42,validation,direct,1.0,raw,condition:3,ce,0.875391955152154,0.35000094667077064,1.5240177603065967,"[0, 1, 2]","{""3"": [0, 1, 2]}",3,5
UO_seed_42,UO,42,validation,direct,1.0,raw,condition:3,brier,0.5336687588323301,0.1732529292403511,0.9020899397832111,"[0, 1, 2]","{""3"": [0, 1, 2]}",3,5
UO_seed_42,UO,42,validation,direct,1.0,raw,condition:3,accuracy,0.6,0.2,1.0,"[0, 1, 2]","{""3"": [0, 1, 2]}",3,5
UO_seed_42,UO,42,validation,direct,1.0,raw,condition:3,macro_f1,0.4333333333333333,0.1111111111111111,0.6666666666666666,"[0, 1, 2]","{""3"": [0, 1, 2]}",3,5
UO_seed_42,UO,42,validation,direct,1.0,raw,source,ce,0.8785414470235507,0.3530252686142921,1.5593317017952601,"[0, 1, 2]","{""0"": [0, 1, 2], ""2"": [0, 1, 2], ""3"": [0, 1, 2]}",3,5
UO_seed_42,UO,42,validation,direct,1.0,raw,source,brier,0.5343757163005584,0.17923324671974514,0.9124221157898257,"[0, 1, 2]","{""0"": [0, 1, 2], ""2"": [0, 1, 2], ""3"": [0, 1, 2]}",3,5
UO_seed_42,UO,42,validation,direct,1.0,raw,source,accuracy,0.6,0.20000000000000004,1.0,"[0, 1, 2]","{""0"": [0, 1, 2], ""2"": [0, 1, 2], ""3"": [0, 1, 2]}",3,5
UO_seed_42,UO,42,validation,direct,1.0,raw,source,macro_f1,0.4333333333333333,0.1111111111111111,0.6666666666666666,"[0, 1, 2]","{""0"": [0, 1, 2], ""2"": [0, 1, 2], ""3"": [0, 1, 2]}",3,5
UO_seed_42,UO,42,validation,direct,1.0,candidate,condition:0,ce,0.9464233581721782,0.6040742237865924,1.2629661667346954,"[0, 1, 2]","{""0"": [0, 1, 2]}",3,5
UO_seed_42,UO,42,validation,direct,1.0,candidate,condition:0,brier,0.5825655930543523,0.35645367960390295,0.7909557397122161,"[0, 1, 2]","{""0"": [0, 1, 2]}",3,5
UO_seed_42,UO,42,validation,direct,1.0,candidate,condition:0,accuracy,0.6,0.2,1.0,"[0, 1, 2]","{""0"": [0, 1, 2]}",3,5
UO_seed_42,UO,42,validation,direct,1.0,candidate,condition:0,macro_f1,0.4333333333333333,0.1111111111111111,0.6666666666666666,"[0, 1, 2]","{""0"": [0, 1, 2]}",3,5
UO_seed_42,UO,42,validation,direct,1.0,candidate,condition:2,ce,0.953955699056387,0.6079088045656682,1.2776910796761514,"[0, 1, 2]","{""2"": [0, 1, 2]}",3,5
UO_seed_42,UO,42,validation,direct,1.0,candidate,condition:2,brier,0.5875467855677656,0.3688813576817668,0.8019629385202262,"[0, 1, 2]","{""2"": [0, 1, 2]}",3,5
UO_seed_42,UO,42,validation,direct,1.0,candidate,condition:2,accuracy,0.45999999999999996,0.059999999999999984,0.86,"[0, 1, 2]","{""2"": [0, 1, 2]}",3,5
UO_seed_42,UO,42,validation,direct,1.0,candidate,condition:2,macro_f1,0.34339435922810496,0.0606060606060606,0.5729961193630403,"[0, 1, 2]","{""2"": [0, 1, 2]}",3,5
UO_seed_42,UO,42,validation,direct,1.0,candidate,condition:3,ce,0.9514429943263532,0.6483484247326851,1.2545375639200211,"[0, 1, 2]","{""3"": [0, 1, 2]}",3,5
UO_seed_42,UO,42,validation,direct,1.0,candidate,condition:3,brier,0.5795385946185123,0.38499939061519023,0.7740777986218342,"[0, 1, 2]","{""3"": [0, 1, 2]}",3,5
UO_seed_42,UO,42,validation,direct,1.0,candidate,condition:3,accuracy,0.6,0.2,1.0,"[0, 1, 2]","{""3"": [0, 1, 2]}",3,5
UO_seed_42,UO,42,validation,direct,1.0,candidate,condition:3,macro_f1,0.4333333333333333,0.1111111111111111,0.6666666666666666,"[0, 1, 2]","{""3"": [0, 1, 2]}",3,5
UO_seed_42,UO,42,validation,direct,1.0,candidate,source,ce,0.950607350518306,0.6267838588853677,1.264182117184003,"[0, 1, 2]","{""0"": [0, 1, 2], ""2"": [0, 1, 2], ""3"": [0, 1, 2]}",3,5
UO_seed_42,UO,42,validation,direct,1.0,candidate,source,brier,0.5832169910802101,0.368293701495,0.7860824272603105,"[0, 1, 2]","{""0"": [0, 1, 2], ""2"": [0, 1, 2], ""3"": [0, 1, 2]}",3,5
UO_seed_42,UO,42,validation,direct,1.0,candidate,source,accuracy,0.5533333333333333,0.15333333333333335,0.9533333333333333,"[0, 1, 2]","{""0"": [0, 1, 2], ""2"": [0, 1, 2], ""3"": [0, 1, 2]}",3,5
UO_seed_42,UO,42,validation,direct,1.0,candidate,source,macro_f1,0.40335367529825716,0.1111111111111111,0.6272055921979818,"[0, 1, 2]","{""0"": [0, 1, 2], ""2"": [0, 1, 2], ""3"": [0, 1, 2]}",3,5
UO_seed_42,UO,42,validation,direct,1.0,deployed,condition:0,ce,0.9464233581721782,0.6040742237865924,1.2629661667346954,"[0, 1, 2]","{""0"": [0, 1, 2]}",3,5
UO_seed_42,UO,42,validation,direct,1.0,deployed,condition:0,brier,0.5825655930543523,0.35645367960390295,0.7909557397122161,"[0, 1, 2]","{""0"": [0, 1, 2]}",3,5
UO_seed_42,UO,42,validation,direct,1.0,deployed,condition:0,accuracy,0.6,0.2,1.0,"[0, 1, 2]","{""0"": [0, 1, 2]}",3,5
UO_seed_42,UO,42,validation,direct,1.0,deployed,condition:0,macro_f1,0.4333333333333333,0.1111111111111111,0.6666666666666666,"[0, 1, 2]","{""0"": [0, 1, 2]}",3,5
UO_seed_42,UO,42,validation,direct,1.0,deployed,condition:2,ce,0.953955699056387,0.6079088045656682,1.2776910796761514,"[0, 1, 2]","{""2"": [0, 1, 2]}",3,5
UO_seed_42,UO,42,validation,direct,1.0,deployed,condition:2,brier,0.5875467855677656,0.3688813576817668,0.8019629385202262,"[0, 1, 2]","{""2"": [0, 1, 2]}",3,5
UO_seed_42,UO,42,validation,direct,1.0,deployed,condition:2,accuracy,0.45999999999999996,0.059999999999999984,0.86,"[0, 1, 2]","{""2"": [0, 1, 2]}",3,5
UO_seed_42,UO,42,validation,direct,1.0,deployed,condition:2,macro_f1,0.34339435922810496,0.0606060606060606,0.5729961193630403,"[0, 1, 2]","{""2"": [0, 1, 2]}",3,5
UO_seed_42,UO,42,validation,direct,1.0,deployed,condition:3,ce,0.9514429943263532,0.6483484247326851,1.2545375639200211,"[0, 1, 2]","{""3"": [0, 1, 2]}",3,5
UO_seed_42,UO,42,validation,direct,1.0,deployed,condition:3,brier,0.5795385946185123,0.38499939061519023,0.7740777986218342,"[0, 1, 2]","{""3"": [0, 1, 2]}",3,5
UO_seed_42,UO,42,validation,direct,1.0,deployed,condition:3,accuracy,0.6,0.2,1.0,"[0, 1, 2]","{""3"": [0, 1, 2]}",3,5
UO_seed_42,UO,42,validation,direct,1.0,deployed,condition:3,macro_f1,0.4333333333333333,0.1111111111111111,0.6666666666666666,"[0, 1, 2]","{""3"": [0, 1, 2]}",3,5
UO_seed_42,UO,42,validation,direct,1.0,deployed,source,ce,0.950607350518306,0.6267838588853677,1.264182117184003,"[0, 1, 2]","{""0"": [0, 1, 2], ""2"": [0, 1, 2], ""3"": [0, 1, 2]}",3,5
UO_seed_42,UO,42,validation,direct,1.0,deployed,source,brier,0.5832169910802101,0.368293701495,0.7860824272603105,"[0, 1, 2]","{""0"": [0, 1, 2], ""2"": [0, 1, 2], ""3"": [0, 1, 2]}",3,5
UO_seed_42,UO,42,validation,direct,1.0,deployed,source,accuracy,0.5533333333333333,0.15333333333333335,0.9533333333333333,"[0, 1, 2]","{""0"": [0, 1, 2], ""2"": [0, 1, 2], ""3"": [0, 1, 2]}",3,5
UO_seed_42,UO,42,validation,direct,1.0,deployed,source,macro_f1,0.40335367529825716,0.1111111111111111,0.6272055921979818,"[0, 1, 2]","{""0"": [0, 1, 2], ""2"": [0, 1, 2], ""3"": [0, 1, 2]}",3,5
UO_seed_123,UO,123,validation,direct,1.0,raw,condition:0,ce,0.872944663502276,0.3488147632032633,1.5782268345355988,"[0, 1, 2]","{""0"": [0, 1, 2]}",3,5
UO_seed_123,UO,123,validation,direct,1.0,raw,condition:0,brier,0.5282528904518441,0.1770684177029495,0.9175080943397065,"[0, 1, 2]","{""0"": [0, 1, 2]}",3,5
UO_seed_123,UO,123,validation,direct,1.0,raw,condition:0,accuracy,0.6,0.2,1.0,"[0, 1, 2]","{""0"": [0, 1, 2]}",3,5
UO_seed_123,UO,123,validation,direct,1.0,raw,condition:0,macro_f1,0.4333333333333333,0.1111111111111111,0.6666666666666666,"[0, 1, 2]","{""0"": [0, 1, 2]}",3,5
UO_seed_123,UO,123,validation,direct,1.0,raw,condition:2,ce,0.8872877224162222,0.3602600959688425,1.575750510543585,"[0, 1, 2]","{""2"": [0, 1, 2]}",3,5
UO_seed_123,UO,123,validation,direct,1.0,raw,condition:2,brier,0.541205499617501,0.1873783932159348,0.9176683132465598,"[0, 1, 2]","{""2"": [0, 1, 2]}",3,5
UO_seed_123,UO,123,validation,direct,1.0,raw,condition:2,accuracy,0.6,0.2,1.0,"[0, 1, 2]","{""2"": [0, 1, 2]}",3,5
UO_seed_123,UO,123,validation,direct,1.0,raw,condition:2,macro_f1,0.4333333333333333,0.1111111111111111,0.6666666666666666,"[0, 1, 2]","{""2"": [0, 1, 2]}",3,5
UO_seed_123,UO,123,validation,direct,1.0,raw,condition:3,ce,0.875391955152154,0.35000094667077064,1.5240177603065967,"[0, 1, 2]","{""3"": [0, 1, 2]}",3,5
UO_seed_123,UO,123,validation,direct,1.0,raw,condition:3,brier,0.5336687588323301,0.1732529292403511,0.9020899397832111,"[0, 1, 2]","{""3"": [0, 1, 2]}",3,5
UO_seed_123,UO,123,validation,direct,1.0,raw,condition:3,accuracy,0.6,0.2,1.0,"[0, 1, 2]","{""3"": [0, 1, 2]}",3,5
UO_seed_123,UO,123,validation,direct,1.0,raw,condition:3,macro_f1,0.4333333333333333,0.1111111111111111,0.6666666666666666,"[0, 1, 2]","{""3"": [0, 1, 2]}",3,5
UO_seed_123,UO,123,validation,direct,1.0,raw,source,ce,0.8785414470235507,0.3530252686142921,1.5593317017952601,"[0, 1, 2]","{""0"": [0, 1, 2], ""2"": [0, 1, 2], ""3"": [0, 1, 2]}",3,5
UO_seed_123,UO,123,validation,direct,1.0,raw,source,brier,0.5343757163005584,0.17923324671974514,0.9124221157898257,"[0, 1, 2]","{""0"": [0, 1, 2], ""2"": [0, 1, 2], ""3"": [0, 1, 2]}",3,5
UO_seed_123,UO,123,validation,direct,1.0,raw,source,accuracy,0.6,0.20000000000000004,1.0,"[0, 1, 2]","{""0"": [0, 1, 2], ""2"": [0, 1, 2], ""3"": [0, 1, 2]}",3,5
UO_seed_123,UO,123,validation,direct,1.0,raw,source,macro_f1,0.4333333333333333,0.1111111111111111,0.6666666666666666,"[0, 1, 2]","{""0"": [0, 1, 2], ""2"": [0, 1, 2], ""3"": [0, 1, 2]}",3,5
UO_seed_123,UO,123,validation,direct,1.0,candidate,condition:0,ce,0.9428619153797626,0.6536777818202972,1.232046048939228,"[0, 1, 2]","{""0"": [0, 1, 2]}",3,5
UO_seed_123,UO,123,validation,direct,1.0,candidate,condition:0,brier,0.5777106898171873,0.3870009596476889,0.7684204199866856,"[0, 1, 2]","{""0"": [0, 1, 2]}",3,5
UO_seed_123,UO,123,validation,direct,1.0,candidate,condition:0,accuracy,0.6,0.2,1.0,"[0, 1, 2]","{""0"": [0, 1, 2]}",3,5
UO_seed_123,UO,123,validation,direct,1.0,candidate,condition:0,macro_f1,0.4333333333333333,0.1111111111111111,0.6666666666666666,"[0, 1, 2]","{""0"": [0, 1, 2]}",3,5
UO_seed_123,UO,123,validation,direct,1.0,candidate,condition:2,ce,0.945564940571785,0.6502592420578003,1.2408706390857696,"[0, 1, 2]","{""2"": [0, 1, 2]}",3,5
UO_seed_123,UO,123,validation,direct,1.0,candidate,condition:2,brier,0.5784971945296947,0.38831923205780916,0.7686751570015803,"[0, 1, 2]","{""2"": [0, 1, 2]}",3,5
UO_seed_123,UO,123,validation,direct,1.0,candidate,condition:2,accuracy,0.6,0.2,1.0,"[0, 1, 2]","{""2"": [0, 1, 2]}",3,5
UO_seed_123,UO,123,validation,direct,1.0,candidate,condition:2,macro_f1,0.4333333333333333,0.1111111111111111,0.6666666666666666,"[0, 1, 2]","{""2"": [0, 1, 2]}",3,5
UO_seed_123,UO,123,validation,direct,1.0,candidate,condition:3,ce,0.9548889958858491,0.6811917275190353,1.2285862642526628,"[0, 1, 2]","{""3"": [0, 1, 2]}",3,5
UO_seed_123,UO,123,validation,direct,1.0,candidate,condition:3,brier,0.5829109345435551,0.4109741505632048,0.7548477185239055,"[0, 1, 2]","{""3"": [0, 1, 2]}",3,5
UO_seed_123,UO,123,validation,direct,1.0,candidate,condition:3,accuracy,0.6,0.2,1.0,"[0, 1, 2]","{""3"": [0, 1, 2]}",3,5
UO_seed_123,UO,123,validation,direct,1.0,candidate,condition:3,macro_f1,0.4333333333333333,0.1111111111111111,0.6666666666666666,"[0, 1, 2]","{""3"": [0, 1, 2]}",3,5
UO_seed_123,UO,123,validation,direct,1.0,candidate,source,ce,0.9477719506124656,0.6617095837990443,1.2338343174258868,"[0, 1, 2]","{""0"": [0, 1, 2], ""2"": [0, 1, 2], ""3"": [0, 1, 2]}",3,5
UO_seed_123,UO,123,validation,direct,1.0,candidate,source,brier,0.5797062729634791,0.395431447422901,0.7639810985040572,"[0, 1, 2]","{""0"": [0, 1, 2], ""2"": [0, 1, 2], ""3"": [0, 1, 2]}",3,5
UO_seed_123,UO,123,validation,direct,1.0,candidate,source,accuracy,0.6,0.20000000000000004,1.0,"[0, 1, 2]","{""0"": [0, 1, 2], ""2"": [0, 1, 2], ""3"": [0, 1, 2]}",3,5
UO_seed_123,UO,123,validation,direct,1.0,candidate,source,macro_f1,0.4333333333333333,0.1111111111111111,0.6666666666666666,"[0, 1, 2]","{""0"": [0, 1, 2], ""2"": [0, 1, 2], ""3"": [0, 1, 2]}",3,5
UO_seed_123,UO,123,validation,direct,1.0,deployed,condition:0,ce,0.9428619153797626,0.6536777818202972,1.232046048939228,"[0, 1, 2]","{""0"": [0, 1, 2]}",3,5
UO_seed_123,UO,123,validation,direct,1.0,deployed,condition:0,brier,0.5777106898171873,0.3870009596476889,0.7684204199866856,"[0, 1, 2]","{""0"": [0, 1, 2]}",3,5
UO_seed_123,UO,123,validation,direct,1.0,deployed,condition:0,accuracy,0.6,0.2,1.0,"[0, 1, 2]","{""0"": [0, 1, 2]}",3,5
UO_seed_123,UO,123,validation,direct,1.0,deployed,condition:0,macro_f1,0.4333333333333333,0.1111111111111111,0.6666666666666666,"[0, 1, 2]","{""0"": [0, 1, 2]}",3,5
UO_seed_123,UO,123,validation,direct,1.0,deployed,condition:2,ce,0.945564940571785,0.6502592420578003,1.2408706390857696,"[0, 1, 2]","{""2"": [0, 1, 2]}",3,5
UO_seed_123,UO,123,validation,direct,1.0,deployed,condition:2,brier,0.5784971945296947,0.38831923205780916,0.7686751570015803,"[0, 1, 2]","{""2"": [0, 1, 2]}",3,5
UO_seed_123,UO,123,validation,direct,1.0,deployed,condition:2,accuracy,0.6,0.2,1.0,"[0, 1, 2]","{""2"": [0, 1, 2]}",3,5
UO_seed_123,UO,123,validation,direct,1.0,deployed,condition:2,macro_f1,0.4333333333333333,0.1111111111111111,0.6666666666666666,"[0, 1, 2]","{""2"": [0, 1, 2]}",3,5
UO_seed_123,UO,123,validation,direct,1.0,deployed,condition:3,ce,0.9548889958858491,0.6811917275190353,1.2285862642526628,"[0, 1, 2]","{""3"": [0, 1, 2]}",3,5
UO_seed_123,UO,123,validation,direct,1.0,deployed,condition:3,brier,0.5829109345435551,0.4109741505632048,0.7548477185239055,"[0, 1, 2]","{""3"": [0, 1, 2]}",3,5
UO_seed_123,UO,123,validation,direct,1.0,deployed,condition:3,accuracy,0.6,0.2,1.0,"[0, 1, 2]","{""3"": [0, 1, 2]}",3,5
UO_seed_123,UO,123,validation,direct,1.0,deployed,condition:3,macro_f1,0.4333333333333333,0.1111111111111111,0.6666666666666666,"[0, 1, 2]","{""3"": [0, 1, 2]}",3,5
UO_seed_123,UO,123,validation,direct,1.0,deployed,source,ce,0.9477719506124656,0.6617095837990443,1.2338343174258868,"[0, 1, 2]","{""0"": [0, 1, 2], ""2"": [0, 1, 2], ""3"": [0, 1, 2]}",3,5
UO_seed_123,UO,123,validation,direct,1.0,deployed,source,brier,0.5797062729634791,0.395431447422901,0.7639810985040572,"[0, 1, 2]","{""0"": [0, 1, 2], ""2"": [0, 1, 2], ""3"": [0, 1, 2]}",3,5
UO_seed_123,UO,123,validation,direct,1.0,deployed,source,accuracy,0.6,0.20000000000000004,1.0,"[0, 1, 2]","{""0"": [0, 1, 2], ""2"": [0, 1, 2], ""3"": [0, 1, 2]}",3,5
UO_seed_123,UO,123,validation,direct,1.0,deployed,source,macro_f1,0.4333333333333333,0.1111111111111111,0.6666666666666666,"[0, 1, 2]","{""0"": [0, 1, 2], ""2"": [0, 1, 2], ""3"": [0, 1, 2]}",3,5
UO_seed_456,UO,456,validation,direct,1.0,raw,condition:0,ce,0.872944663502276,0.3488147632032633,1.5782268345355988,"[0, 1, 2]","{""0"": [0, 1, 2]}",3,5
UO_seed_456,UO,456,validation,direct,1.0,raw,condition:0,brier,0.5282528904518441,0.1770684177029495,0.9175080943397065,"[0, 1, 2]","{""0"": [0, 1, 2]}",3,5
UO_seed_456,UO,456,validation,direct,1.0,raw,condition:0,accuracy,0.6,0.2,1.0,"[0, 1, 2]","{""0"": [0, 1, 2]}",3,5
UO_seed_456,UO,456,validation,direct,1.0,raw,condition:0,macro_f1,0.4333333333333333,0.1111111111111111,0.6666666666666666,"[0, 1, 2]","{""0"": [0, 1, 2]}",3,5
UO_seed_456,UO,456,validation,direct,1.0,raw,condition:2,ce,0.8872877224162222,0.3602600959688425,1.575750510543585,"[0, 1, 2]","{""2"": [0, 1, 2]}",3,5
UO_seed_456,UO,456,validation,direct,1.0,raw,condition:2,brier,0.541205499617501,0.1873783932159348,0.9176683132465598,"[0, 1, 2]","{""2"": [0, 1, 2]}",3,5
UO_seed_456,UO,456,validation,direct,1.0,raw,condition:2,accuracy,0.6,0.2,1.0,"[0, 1, 2]","{""2"": [0, 1, 2]}",3,5
UO_seed_456,UO,456,validation,direct,1.0,raw,condition:2,macro_f1,0.4333333333333333,0.1111111111111111,0.6666666666666666,"[0, 1, 2]","{""2"": [0, 1, 2]}",3,5
UO_seed_456,UO,456,validation,direct,1.0,raw,condition:3,ce,0.875391955152154,0.35000094667077064,1.5240177603065967,"[0, 1, 2]","{""3"": [0, 1, 2]}",3,5
UO_seed_456,UO,456,validation,direct,1.0,raw,condition:3,brier,0.5336687588323301,0.1732529292403511,0.9020899397832111,"[0, 1, 2]","{""3"": [0, 1, 2]}",3,5
UO_seed_456,UO,456,validation,direct,1.0,raw,condition:3,accuracy,0.6,0.2,1.0,"[0, 1, 2]","{""3"": [0, 1, 2]}",3,5
UO_seed_456,UO,456,validation,direct,1.0,raw,condition:3,macro_f1,0.4333333333333333,0.1111111111111111,0.6666666666666666,"[0, 1, 2]","{""3"": [0, 1, 2]}",3,5
UO_seed_456,UO,456,validation,direct,1.0,raw,source,ce,0.8785414470235507,0.3530252686142921,1.5593317017952601,"[0, 1, 2]","{""0"": [0, 1, 2], ""2"": [0, 1, 2], ""3"": [0, 1, 2]}",3,5
UO_seed_456,UO,456,validation,direct,1.0,raw,source,brier,0.5343757163005584,0.17923324671974514,0.9124221157898257,"[0, 1, 2]","{""0"": [0, 1, 2], ""2"": [0, 1, 2], ""3"": [0, 1, 2]}",3,5
UO_seed_456,UO,456,validation,direct,1.0,raw,source,accuracy,0.6,0.20000000000000004,1.0,"[0, 1, 2]","{""0"": [0, 1, 2], ""2"": [0, 1, 2], ""3"": [0, 1, 2]}",3,5
UO_seed_456,UO,456,validation,direct,1.0,raw,source,macro_f1,0.4333333333333333,0.1111111111111111,0.6666666666666666,"[0, 1, 2]","{""0"": [0, 1, 2], ""2"": [0, 1, 2], ""3"": [0, 1, 2]}",3,5
UO_seed_456,UO,456,validation,direct,1.0,candidate,condition:0,ce,0.9370151616632938,0.6038861809670925,1.2436521273851393,"[0, 1, 2]","{""0"": [0, 1, 2]}",3,5
UO_seed_456,UO,456,validation,direct,1.0,candidate,condition:0,brier,0.577003157565828,0.3428903845749076,0.7810321497627519,"[0, 1, 2]","{""0"": [0, 1, 2]}",3,5
UO_seed_456,UO,456,validation,direct,1.0,candidate,condition:0,accuracy,0.43,0.029999999999999995,0.83,"[0, 1, 2]","{""0"": [0, 1, 2]}",3,5
UO_seed_456,UO,456,validation,direct,1.0,candidate,condition:0,macro_f1,0.35140562248995993,0.03174603174603175,0.6116504854368933,"[0, 1, 2]","{""0"": [0, 1, 2]}",3,5
UO_seed_456,UO,456,validation,direct,1.0,candidate,condition:2,ce,0.9432640917599201,0.6085263220965862,1.2559702253341674,"[0, 1, 2]","{""2"": [0, 1, 2]}",3,5
UO_seed_456,UO,456,validation,direct,1.0,candidate,condition:2,brier,0.580446676847019,0.349648999836974,0.7828576885762841,"[0, 1, 2]","{""2"": [0, 1, 2]}",3,5
UO_seed_456,UO,456,validation,direct,1.0,candidate,condition:2,accuracy,0.45999999999999996,0.059999999999999984,0.86,"[0, 1, 2]","{""2"": [0, 1, 2]}",3,5
UO_seed_456,UO,456,validation,direct,1.0,candidate,condition:2,macro_f1,0.36821705426356593,0.0606060606060606,0.6226415094339622,"[0, 1, 2]","{""2"": [0, 1, 2]}",3,5
UO_seed_456,UO,456,validation,direct,1.0,candidate,condition:3,ce,0.946490083038807,0.6464144116640091,1.2460463812947276,"[0, 1, 2]","{""3"": [0, 1, 2]}",3,5
UO_seed_456,UO,456,validation,direct,1.0,candidate,condition:3,brier,0.5758640639945714,0.3782210944984632,0.768565479492991,"[0, 1, 2]","{""3"": [0, 1, 2]}",3,5
UO_seed_456,UO,456,validation,direct,1.0,candidate,condition:3,accuracy,0.4,0.0,0.8,"[0, 1, 2]","{""3"": [0, 1, 2]}",3,5
UO_seed_456,UO,456,validation,direct,1.0,candidate,condition:3,macro_f1,0.3333333333333333,0.0,0.6,"[0, 1, 2]","{""3"": [0, 1, 2]}",3,5
UO_seed_456,UO,456,validation,direct,1.0,candidate,source,ce,0.9422564454873402,0.6280758193135262,1.2485562446713447,"[0, 1, 2]","{""0"": [0, 1, 2], ""2"": [0, 1, 2], ""3"": [0, 1, 2]}",3,5
UO_seed_456,UO,456,validation,direct,1.0,candidate,source,brier,0.5777712994691394,0.3579880138135021,0.777485105944009,"[0, 1, 2]","{""0"": [0, 1, 2], ""2"": [0, 1, 2], ""3"": [0, 1, 2]}",3,5
UO_seed_456,UO,456,validation,direct,1.0,candidate,source,accuracy,0.43,0.029999999999999995,0.83,"[0, 1, 2]","{""0"": [0, 1, 2], ""2"": [0, 1, 2], ""3"": [0, 1, 2]}",3,5
UO_seed_456,UO,456,validation,direct,1.0,candidate,source,macro_f1,0.3509853366956197,0.030784030784030785,0.6114306649569518,"[0, 1, 2]","{""0"": [0, 1, 2], ""2"": [0, 1, 2], ""3"": [0, 1, 2]}",3,5
UO_seed_456,UO,456,validation,direct,1.0,deployed,condition:0,ce,0.9370151616632938,0.6038861809670925,1.2436521273851393,"[0, 1, 2]","{""0"": [0, 1, 2]}",3,5
UO_seed_456,UO,456,validation,direct,1.0,deployed,condition:0,brier,0.577003157565828,0.3428903845749076,0.7810321497627519,"[0, 1, 2]","{""0"": [0, 1, 2]}",3,5
UO_seed_456,UO,456,validation,direct,1.0,deployed,condition:0,accuracy,0.43,0.029999999999999995,0.83,"[0, 1, 2]","{""0"": [0, 1, 2]}",3,5
UO_seed_456,UO,456,validation,direct,1.0,deployed,condition:0,macro_f1,0.35140562248995993,0.03174603174603175,0.6116504854368933,"[0, 1, 2]","{""0"": [0, 1, 2]}",3,5
UO_seed_456,UO,456,validation,direct,1.0,deployed,condition:2,ce,0.9432640917599201,0.6085263220965862,1.2559702253341674,"[0, 1, 2]","{""2"": [0, 1, 2]}",3,5
UO_seed_456,UO,456,validation,direct,1.0,deployed,condition:2,brier,0.580446676847019,0.349648999836974,0.7828576885762841,"[0, 1, 2]","{""2"": [0, 1, 2]}",3,5
UO_seed_456,UO,456,validation,direct,1.0,deployed,condition:2,accuracy,0.45999999999999996,0.059999999999999984,0.86,"[0, 1, 2]","{""2"": [0, 1, 2]}",3,5
UO_seed_456,UO,456,validation,direct,1.0,deployed,condition:2,macro_f1,0.36821705426356593,0.0606060606060606,0.6226415094339622,"[0, 1, 2]","{""2"": [0, 1, 2]}",3,5
UO_seed_456,UO,456,validation,direct,1.0,deployed,condition:3,ce,0.946490083038807,0.6464144116640091,1.2460463812947276,"[0, 1, 2]","{""3"": [0, 1, 2]}",3,5
UO_seed_456,UO,456,validation,direct,1.0,deployed,condition:3,brier,0.5758640639945714,0.3782210944984632,0.768565479492991,"[0, 1, 2]","{""3"": [0, 1, 2]}",3,5
UO_seed_456,UO,456,validation,direct,1.0,deployed,condition:3,accuracy,0.4,0.0,0.8,"[0, 1, 2]","{""3"": [0, 1, 2]}",3,5
UO_seed_456,UO,456,validation,direct,1.0,deployed,condition:3,macro_f1,0.3333333333333333,0.0,0.6,"[0, 1, 2]","{""3"": [0, 1, 2]}",3,5
UO_seed_456,UO,456,validation,direct,1.0,deployed,source,ce,0.9422564454873402,0.6280758193135262,1.2485562446713447,"[0, 1, 2]","{""0"": [0, 1, 2], ""2"": [0, 1, 2], ""3"": [0, 1, 2]}",3,5
UO_seed_456,UO,456,validation,direct,1.0,deployed,source,brier,0.5777712994691394,0.3579880138135021,0.777485105944009,"[0, 1, 2]","{""0"": [0, 1, 2], ""2"": [0, 1, 2], ""3"": [0, 1, 2]}",3,5
UO_seed_456,UO,456,validation,direct,1.0,deployed,source,accuracy,0.43,0.029999999999999995,0.83,"[0, 1, 2]","{""0"": [0, 1, 2], ""2"": [0, 1, 2], ""3"": [0, 1, 2]}",3,5
UO_seed_456,UO,456,validation,direct,1.0,deployed,source,macro_f1,0.3509853366956197,0.030784030784030785,0.6114306649569518,"[0, 1, 2]","{""0"": [0, 1, 2], ""2"": [0, 1, 2], ""3"": [0, 1, 2]}",3,5
RO_seed_42,RO,42,validation,direct,1.0,raw,condition:0,ce,0.872944663502276,0.3488147632032633,1.5782268345355988,"[0, 1, 2]","{""0"": [0, 1, 2]}",3,5
RO_seed_42,RO,42,validation,direct,1.0,raw,condition:0,brier,0.5282528904518441,0.1770684177029495,0.9175080943397065,"[0, 1, 2]","{""0"": [0, 1, 2]}",3,5
RO_seed_42,RO,42,validation,direct,1.0,raw,condition:0,accuracy,0.6,0.2,1.0,"[0, 1, 2]","{""0"": [0, 1, 2]}",3,5
RO_seed_42,RO,42,validation,direct,1.0,raw,condition:0,macro_f1,0.4333333333333333,0.1111111111111111,0.6666666666666666,"[0, 1, 2]","{""0"": [0, 1, 2]}",3,5
RO_seed_42,RO,42,validation,direct,1.0,raw,condition:2,ce,0.8872877224162222,0.3602600959688425,1.575750510543585,"[0, 1, 2]","{""2"": [0, 1, 2]}",3,5
RO_seed_42,RO,42,validation,direct,1.0,raw,condition:2,brier,0.541205499617501,0.1873783932159348,0.9176683132465598,"[0, 1, 2]","{""2"": [0, 1, 2]}",3,5
RO_seed_42,RO,42,validation,direct,1.0,raw,condition:2,accuracy,0.6,0.2,1.0,"[0, 1, 2]","{""2"": [0, 1, 2]}",3,5
RO_seed_42,RO,42,validation,direct,1.0,raw,condition:2,macro_f1,0.4333333333333333,0.1111111111111111,0.6666666666666666,"[0, 1, 2]","{""2"": [0, 1, 2]}",3,5
RO_seed_42,RO,42,validation,direct,1.0,raw,condition:3,ce,0.875391955152154,0.35000094667077064,1.5240177603065967,"[0, 1, 2]","{""3"": [0, 1, 2]}",3,5
RO_seed_42,RO,42,validation,direct,1.0,raw,condition:3,brier,0.5336687588323301,0.1732529292403511,0.9020899397832111,"[0, 1, 2]","{""3"": [0, 1, 2]}",3,5
RO_seed_42,RO,42,validation,direct,1.0,raw,condition:3,accuracy,0.6,0.2,1.0,"[0, 1, 2]","{""3"": [0, 1, 2]}",3,5
RO_seed_42,RO,42,validation,direct,1.0,raw,condition:3,macro_f1,0.4333333333333333,0.1111111111111111,0.6666666666666666,"[0, 1, 2]","{""3"": [0, 1, 2]}",3,5
RO_seed_42,RO,42,validation,direct,1.0,raw,source,ce,0.8785414470235507,0.3530252686142921,1.5593317017952601,"[0, 1, 2]","{""0"": [0, 1, 2], ""2"": [0, 1, 2], ""3"": [0, 1, 2]}",3,5
RO_seed_42,RO,42,validation,direct,1.0,raw,source,brier,0.5343757163005584,0.17923324671974514,0.9124221157898257,"[0, 1, 2]","{""0"": [0, 1, 2], ""2"": [0, 1, 2], ""3"": [0, 1, 2]}",3,5
RO_seed_42,RO,42,validation,direct,1.0,raw,source,accuracy,0.6,0.20000000000000004,1.0,"[0, 1, 2]","{""0"": [0, 1, 2], ""2"": [0, 1, 2], ""3"": [0, 1, 2]}",3,5
RO_seed_42,RO,42,validation,direct,1.0,raw,source,macro_f1,0.4333333333333333,0.1111111111111111,0.6666666666666666,"[0, 1, 2]","{""0"": [0, 1, 2], ""2"": [0, 1, 2], ""3"": [0, 1, 2]}",3,5
RO_seed_42,RO,42,validation,direct,1.0,candidate,condition:0,ce,0.921447667554021,0.48650310531258584,1.3563922297954558,"[0, 1, 2]","{""0"": [0, 1, 2]}",3,5
RO_seed_42,RO,42,validation,direct,1.0,candidate,condition:0,brier,0.5713192165637351,0.27311000324679036,0.8714405331038737,"[0, 1, 2]","{""0"": [0, 1, 2]}",3,5
RO_seed_42,RO,42,validation,direct,1.0,candidate,condition:0,accuracy,0.6,0.2,1.0,"[0, 1, 2]","{""0"": [0, 1, 2]}",3,5
RO_seed_42,RO,42,validation,direct,1.0,candidate,condition:0,macro_f1,0.4333333333333333,0.1111111111111111,0.6666666666666666,"[0, 1, 2]","{""0"": [0, 1, 2]}",3,5
RO_seed_42,RO,42,validation,direct,1.0,candidate,condition:2,ce,0.9352294025570155,0.49859566733241084,1.37186313778162,"[0, 1, 2]","{""2"": [0, 1, 2]}",3,5
RO_seed_42,RO,42,validation,direct,1.0,candidate,condition:2,brier,0.577898575006367,0.2872115309002693,0.8713870825771538,"[0, 1, 2]","{""2"": [0, 1, 2]}",3,5
RO_seed_42,RO,42,validation,direct,1.0,candidate,condition:2,accuracy,0.6,0.2,1.0,"[0, 1, 2]","{""2"": [0, 1, 2]}",3,5
RO_seed_42,RO,42,validation,direct,1.0,candidate,condition:2,macro_f1,0.4333333333333333,0.1111111111111111,0.6666666666666666,"[0, 1, 2]","{""2"": [0, 1, 2]}",3,5
RO_seed_42,RO,42,validation,direct,1.0,candidate,condition:3,ce,0.9275921308994292,0.49850085169076924,1.3615163299441337,"[0, 1, 2]","{""3"": [0, 1, 2]}",3,5
RO_seed_42,RO,42,validation,direct,1.0,candidate,condition:3,brier,0.556102388425391,0.27127366502351064,0.8409311118272713,"[0, 1, 2]","{""3"": [0, 1, 2]}",3,5
RO_seed_42,RO,42,validation,direct,1.0,candidate,condition:3,accuracy,0.6,0.2,1.0,"[0, 1, 2]","{""3"": [0, 1, 2]}",3,5
RO_seed_42,RO,42,validation,direct,1.0,candidate,condition:3,macro_f1,0.4333333333333333,0.1111111111111111,0.6666666666666666,"[0, 1, 2]","{""3"": [0, 1, 2]}",3,5
RO_seed_42,RO,42,validation,direct,1.0,candidate,source,ce,0.9280897336701552,0.494533208111922,1.3616462592283884,"[0, 1, 2]","{""0"": [0, 1, 2], ""2"": [0, 1, 2], ""3"": [0, 1, 2]}",3,5
RO_seed_42,RO,42,validation,direct,1.0,candidate,source,brier,0.5684400599984977,0.27719839972352345,0.859681720273472,"[0, 1, 2]","{""0"": [0, 1, 2], ""2"": [0, 1, 2], ""3"": [0, 1, 2]}",3,5
RO_seed_42,RO,42,validation,direct,1.0,candidate,source,accuracy,0.6,0.20000000000000004,1.0,"[0, 1, 2]","{""0"": [0, 1, 2], ""2"": [0, 1, 2], ""3"": [0, 1, 2]}",3,5
RO_seed_42,RO,42,validation,direct,1.0,candidate,source,macro_f1,0.4333333333333333,0.1111111111111111,0.6666666666666666,"[0, 1, 2]","{""0"": [0, 1, 2], ""2"": [0, 1, 2], ""3"": [0, 1, 2]}",3,5
RO_seed_42,RO,42,validation,direct,1.0,deployed,condition:0,ce,0.921447667554021,0.48650310531258584,1.3563922297954558,"[0, 1, 2]","{""0"": [0, 1, 2]}",3,5
RO_seed_42,RO,42,validation,direct,1.0,deployed,condition:0,brier,0.5713192165637351,0.27311000324679036,0.8714405331038737,"[0, 1, 2]","{""0"": [0, 1, 2]}",3,5
RO_seed_42,RO,42,validation,direct,1.0,deployed,condition:0,accuracy,0.6,0.2,1.0,"[0, 1, 2]","{""0"": [0, 1, 2]}",3,5
RO_seed_42,RO,42,validation,direct,1.0,deployed,condition:0,macro_f1,0.4333333333333333,0.1111111111111111,0.6666666666666666,"[0, 1, 2]","{""0"": [0, 1, 2]}",3,5
RO_seed_42,RO,42,validation,direct,1.0,deployed,condition:2,ce,0.9352294025570155,0.49859566733241084,1.37186313778162,"[0, 1, 2]","{""2"": [0, 1, 2]}",3,5
RO_seed_42,RO,42,validation,direct,1.0,deployed,condition:2,brier,0.577898575006367,0.2872115309002693,0.8713870825771538,"[0, 1, 2]","{""2"": [0, 1, 2]}",3,5
RO_seed_42,RO,42,validation,direct,1.0,deployed,condition:2,accuracy,0.6,0.2,1.0,"[0, 1, 2]","{""2"": [0, 1, 2]}",3,5
RO_seed_42,RO,42,validation,direct,1.0,deployed,condition:2,macro_f1,0.4333333333333333,0.1111111111111111,0.6666666666666666,"[0, 1, 2]","{""2"": [0, 1, 2]}",3,5
RO_seed_42,RO,42,validation,direct,1.0,deployed,condition:3,ce,0.9275921308994292,0.49850085169076924,1.3615163299441337,"[0, 1, 2]","{""3"": [0, 1, 2]}",3,5
RO_seed_42,RO,42,validation,direct,1.0,deployed,condition:3,brier,0.556102388425391,0.27127366502351064,0.8409311118272713,"[0, 1, 2]","{""3"": [0, 1, 2]}",3,5
RO_seed_42,RO,42,validation,direct,1.0,deployed,condition:3,accuracy,0.6,0.2,1.0,"[0, 1, 2]","{""3"": [0, 1, 2]}",3,5
RO_seed_42,RO,42,validation,direct,1.0,deployed,condition:3,macro_f1,0.4333333333333333,0.1111111111111111,0.6666666666666666,"[0, 1, 2]","{""3"": [0, 1, 2]}",3,5
RO_seed_42,RO,42,validation,direct,1.0,deployed,source,ce,0.9280897336701552,0.494533208111922,1.3616462592283884,"[0, 1, 2]","{""0"": [0, 1, 2], ""2"": [0, 1, 2], ""3"": [0, 1, 2]}",3,5
RO_seed_42,RO,42,validation,direct,1.0,deployed,source,brier,0.5684400599984977,0.27719839972352345,0.859681720273472,"[0, 1, 2]","{""0"": [0, 1, 2], ""2"": [0, 1, 2], ""3"": [0, 1, 2]}",3,5
RO_seed_42,RO,42,validation,direct,1.0,deployed,source,accuracy,0.6,0.20000000000000004,1.0,"[0, 1, 2]","{""0"": [0, 1, 2], ""2"": [0, 1, 2], ""3"": [0, 1, 2]}",3,5
RO_seed_42,RO,42,validation,direct,1.0,deployed,source,macro_f1,0.4333333333333333,0.1111111111111111,0.6666666666666666,"[0, 1, 2]","{""0"": [0, 1, 2], ""2"": [0, 1, 2], ""3"": [0, 1, 2]}",3,5
RO_seed_123,RO,123,validation,direct,1.0,raw,condition:0,ce,0.872944663502276,0.3488147632032633,1.5782268345355988,"[0, 1, 2]","{""0"": [0, 1, 2]}",3,5
RO_seed_123,RO,123,validation,direct,1.0,raw,condition:0,brier,0.5282528904518441,0.1770684177029495,0.9175080943397065,"[0, 1, 2]","{""0"": [0, 1, 2]}",3,5
RO_seed_123,RO,123,validation,direct,1.0,raw,condition:0,accuracy,0.6,0.2,1.0,"[0, 1, 2]","{""0"": [0, 1, 2]}",3,5
RO_seed_123,RO,123,validation,direct,1.0,raw,condition:0,macro_f1,0.4333333333333333,0.1111111111111111,0.6666666666666666,"[0, 1, 2]","{""0"": [0, 1, 2]}",3,5
RO_seed_123,RO,123,validation,direct,1.0,raw,condition:2,ce,0.8872877224162222,0.3602600959688425,1.575750510543585,"[0, 1, 2]","{""2"": [0, 1, 2]}",3,5
RO_seed_123,RO,123,validation,direct,1.0,raw,condition:2,brier,0.541205499617501,0.1873783932159348,0.9176683132465598,"[0, 1, 2]","{""2"": [0, 1, 2]}",3,5
RO_seed_123,RO,123,validation,direct,1.0,raw,condition:2,accuracy,0.6,0.2,1.0,"[0, 1, 2]","{""2"": [0, 1, 2]}",3,5
RO_seed_123,RO,123,validation,direct,1.0,raw,condition:2,macro_f1,0.4333333333333333,0.1111111111111111,0.6666666666666666,"[0, 1, 2]","{""2"": [0, 1, 2]}",3,5
RO_seed_123,RO,123,validation,direct,1.0,raw,condition:3,ce,0.875391955152154,0.35000094667077064,1.5240177603065967,"[0, 1, 2]","{""3"": [0, 1, 2]}",3,5
RO_seed_123,RO,123,validation,direct,1.0,raw,condition:3,brier,0.5336687588323301,0.1732529292403511,0.9020899397832111,"[0, 1, 2]","{""3"": [0, 1, 2]}",3,5
RO_seed_123,RO,123,validation,direct,1.0,raw,condition:3,accuracy,0.6,0.2,1.0,"[0, 1, 2]","{""3"": [0, 1, 2]}",3,5
RO_seed_123,RO,123,validation,direct,1.0,raw,condition:3,macro_f1,0.4333333333333333,0.1111111111111111,0.6666666666666666,"[0, 1, 2]","{""3"": [0, 1, 2]}",3,5
RO_seed_123,RO,123,validation,direct,1.0,raw,source,ce,0.8785414470235507,0.3530252686142921,1.5593317017952601,"[0, 1, 2]","{""0"": [0, 1, 2], ""2"": [0, 1, 2], ""3"": [0, 1, 2]}",3,5
RO_seed_123,RO,123,validation,direct,1.0,raw,source,brier,0.5343757163005584,0.17923324671974514,0.9124221157898257,"[0, 1, 2]","{""0"": [0, 1, 2], ""2"": [0, 1, 2], ""3"": [0, 1, 2]}",3,5
RO_seed_123,RO,123,validation,direct,1.0,raw,source,accuracy,0.6,0.20000000000000004,1.0,"[0, 1, 2]","{""0"": [0, 1, 2], ""2"": [0, 1, 2], ""3"": [0, 1, 2]}",3,5
RO_seed_123,RO,123,validation,direct,1.0,raw,source,macro_f1,0.4333333333333333,0.1111111111111111,0.6666666666666666,"[0, 1, 2]","{""0"": [0, 1, 2], ""2"": [0, 1, 2], ""3"": [0, 1, 2]}",3,5
RO_seed_123,RO,123,validation,direct,1.0,candidate,condition:0,ce,0.9151167817413807,0.5122365167737006,1.3179970467090605,"[0, 1, 2]","{""0"": [0, 1, 2]}",3,5
RO_seed_123,RO,123,validation,direct,1.0,candidate,condition:0,brier,0.5733946514911132,0.2894689057120825,0.8555296123196474,"[0, 1, 2]","{""0"": [0, 1, 2]}",3,5
RO_seed_123,RO,123,validation,direct,1.0,candidate,condition:0,accuracy,0.5100000000000001,0.10999999999999997,0.91,"[0, 1, 2]","{""0"": [0, 1, 2]}",3,5
RO_seed_123,RO,123,validation,direct,1.0,candidate,condition:0,macro_f1,0.39377289377289376,0.1032863849765258,0.6396396396396397,"[0, 1, 2]","{""0"": [0, 1, 2]}",3,5
RO_seed_123,RO,123,validation,direct,1.0,candidate,condition:2,ce,0.9234635204076767,0.5182137063145638,1.3287133345007898,"[0, 1, 2]","{""2"": [0, 1, 2]}",3,5
RO_seed_123,RO,123,validation,direct,1.0,candidate,condition:2,brier,0.5755535515875169,0.2997290194158718,0.8513780837591618,"[0, 1, 2]","{""2"": [0, 1, 2]}",3,5
RO_seed_123,RO,123,validation,direct,1.0,candidate,condition:2,accuracy,0.57,0.16999999999999998,0.97,"[0, 1, 2]","{""2"": [0, 1, 2]}",3,5
RO_seed_123,RO,123,validation,direct,1.0,candidate,condition:2,macro_f1,0.4209621993127148,0.1111111111111111,0.6581196581196581,"[0, 1, 2]","{""2"": [0, 1, 2]}",3,5
RO_seed_123,RO,123,validation,direct,1.0,candidate,condition:3,ce,0.9190982887148857,0.5286938112974167,1.3095027661323548,"[0, 1, 2]","{""3"": [0, 1, 2]}",3,5
RO_seed_123,RO,123,validation,direct,1.0,candidate,condition:3,brier,0.5585074827351997,0.2955573280816287,0.821457637388771,"[0, 1, 2]","{""3"": [0, 1, 2]}",3,5
RO_seed_123,RO,123,validation,direct,1.0,candidate,condition:3,accuracy,0.48999999999999994,0.08999999999999997,0.89,"[0, 1, 2]","{""3"": [0, 1, 2]}",3,5
RO_seed_123,RO,123,validation,direct,1.0,candidate,condition:3,macro_f1,0.3838951310861423,0.08695652173913042,0.6330275229357798,"[0, 1, 2]","{""3"": [0, 1, 2]}",3,5
RO_seed_123,RO,123,validation,direct,1.0,candidate,source,ce,0.9192261969546477,0.5197146781285603,1.318737715780735,"[0, 1, 2]","{""0"": [0, 1, 2], ""2"": [0, 1, 2], ""3"": [0, 1, 2]}",3,5
RO_seed_123,RO,123,validation,direct,1.0,candidate,source,brier,0.5691518952712766,0.2955153460533599,0.8427884444891934,"[0, 1, 2]","{""0"": [0, 1, 2], ""2"": [0, 1, 2], ""3"": [0, 1, 2]}",3,5
RO_seed_123,RO,123,validation,direct,1.0,candidate,source,accuracy,0.5233333333333333,0.12333333333333331,0.9233333333333333,"[0, 1, 2]","{""0"": [0, 1, 2], ""2"": [0, 1, 2], ""3"": [0, 1, 2]}",3,5
RO_seed_123,RO,123,validation,direct,1.0,candidate,source,macro_f1,0.39954340805725025,0.1111111111111111,0.6435956068983592,"[0, 1, 2]","{""0"": [0, 1, 2], ""2"": [0, 1, 2], ""3"": [0, 1, 2]}",3,5
RO_seed_123,RO,123,validation,direct,1.0,deployed,condition:0,ce,0.9151167817413807,0.5122365167737006,1.3179970467090605,"[0, 1, 2]","{""0"": [0, 1, 2]}",3,5
RO_seed_123,RO,123,validation,direct,1.0,deployed,condition:0,brier,0.5733946514911132,0.2894689057120825,0.8555296123196474,"[0, 1, 2]","{""0"": [0, 1, 2]}",3,5
RO_seed_123,RO,123,validation,direct,1.0,deployed,condition:0,accuracy,0.5100000000000001,0.10999999999999997,0.91,"[0, 1, 2]","{""0"": [0, 1, 2]}",3,5
RO_seed_123,RO,123,validation,direct,1.0,deployed,condition:0,macro_f1,0.39377289377289376,0.1032863849765258,0.6396396396396397,"[0, 1, 2]","{""0"": [0, 1, 2]}",3,5
RO_seed_123,RO,123,validation,direct,1.0,deployed,condition:2,ce,0.9234635204076767,0.5182137063145638,1.3287133345007898,"[0, 1, 2]","{""2"": [0, 1, 2]}",3,5
RO_seed_123,RO,123,validation,direct,1.0,deployed,condition:2,brier,0.5755535515875169,0.2997290194158718,0.8513780837591618,"[0, 1, 2]","{""2"": [0, 1, 2]}",3,5
RO_seed_123,RO,123,validation,direct,1.0,deployed,condition:2,accuracy,0.57,0.16999999999999998,0.97,"[0, 1, 2]","{""2"": [0, 1, 2]}",3,5
RO_seed_123,RO,123,validation,direct,1.0,deployed,condition:2,macro_f1,0.4209621993127148,0.1111111111111111,0.6581196581196581,"[0, 1, 2]","{""2"": [0, 1, 2]}",3,5
RO_seed_123,RO,123,validation,direct,1.0,deployed,condition:3,ce,0.9190982887148857,0.5286938112974167,1.3095027661323548,"[0, 1, 2]","{""3"": [0, 1, 2]}",3,5
RO_seed_123,RO,123,validation,direct,1.0,deployed,condition:3,brier,0.5585074827351997,0.2955573280816287,0.821457637388771,"[0, 1, 2]","{""3"": [0, 1, 2]}",3,5
RO_seed_123,RO,123,validation,direct,1.0,deployed,condition:3,accuracy,0.48999999999999994,0.08999999999999997,0.89,"[0, 1, 2]","{""3"": [0, 1, 2]}",3,5
RO_seed_123,RO,123,validation,direct,1.0,deployed,condition:3,macro_f1,0.3838951310861423,0.08695652173913042,0.6330275229357798,"[0, 1, 2]","{""3"": [0, 1, 2]}",3,5
RO_seed_123,RO,123,validation,direct,1.0,deployed,source,ce,0.9192261969546477,0.5197146781285603,1.318737715780735,"[0, 1, 2]","{""0"": [0, 1, 2], ""2"": [0, 1, 2], ""3"": [0, 1, 2]}",3,5
RO_seed_123,RO,123,validation,direct,1.0,deployed,source,brier,0.5691518952712766,0.2955153460533599,0.8427884444891934,"[0, 1, 2]","{""0"": [0, 1, 2], ""2"": [0, 1, 2], ""3"": [0, 1, 2]}",3,5
RO_seed_123,RO,123,validation,direct,1.0,deployed,source,accuracy,0.5233333333333333,0.12333333333333331,0.9233333333333333,"[0, 1, 2]","{""0"": [0, 1, 2], ""2"": [0, 1, 2], ""3"": [0, 1, 2]}",3,5
RO_seed_123,RO,123,validation,direct,1.0,deployed,source,macro_f1,0.39954340805725025,0.1111111111111111,0.6435956068983592,"[0, 1, 2]","{""0"": [0, 1, 2], ""2"": [0, 1, 2], ""3"": [0, 1, 2]}",3,5
RO_seed_456,RO,456,validation,direct,1.0,raw,condition:0,ce,0.872944663502276,0.3488147632032633,1.5782268345355988,"[0, 1, 2]","{""0"": [0, 1, 2]}",3,5
RO_seed_456,RO,456,validation,direct,1.0,raw,condition:0,brier,0.5282528904518441,0.1770684177029495,0.9175080943397065,"[0, 1, 2]","{""0"": [0, 1, 2]}",3,5
RO_seed_456,RO,456,validation,direct,1.0,raw,condition:0,accuracy,0.6,0.2,1.0,"[0, 1, 2]","{""0"": [0, 1, 2]}",3,5
RO_seed_456,RO,456,validation,direct,1.0,raw,condition:0,macro_f1,0.4333333333333333,0.1111111111111111,0.6666666666666666,"[0, 1, 2]","{""0"": [0, 1, 2]}",3,5
RO_seed_456,RO,456,validation,direct,1.0,raw,condition:2,ce,0.8872877224162222,0.3602600959688425,1.575750510543585,"[0, 1, 2]","{""2"": [0, 1, 2]}",3,5
RO_seed_456,RO,456,validation,direct,1.0,raw,condition:2,brier,0.541205499617501,0.1873783932159348,0.9176683132465598,"[0, 1, 2]","{""2"": [0, 1, 2]}",3,5
RO_seed_456,RO,456,validation,direct,1.0,raw,condition:2,accuracy,0.6,0.2,1.0,"[0, 1, 2]","{""2"": [0, 1, 2]}",3,5
RO_seed_456,RO,456,validation,direct,1.0,raw,condition:2,macro_f1,0.4333333333333333,0.1111111111111111,0.6666666666666666,"[0, 1, 2]","{""2"": [0, 1, 2]}",3,5
RO_seed_456,RO,456,validation,direct,1.0,raw,condition:3,ce,0.875391955152154,0.35000094667077064,1.5240177603065967,"[0, 1, 2]","{""3"": [0, 1, 2]}",3,5
RO_seed_456,RO,456,validation,direct,1.0,raw,condition:3,brier,0.5336687588323301,0.1732529292403511,0.9020899397832111,"[0, 1, 2]","{""3"": [0, 1, 2]}",3,5
RO_seed_456,RO,456,validation,direct,1.0,raw,condition:3,accuracy,0.6,0.2,1.0,"[0, 1, 2]","{""3"": [0, 1, 2]}",3,5
RO_seed_456,RO,456,validation,direct,1.0,raw,condition:3,macro_f1,0.4333333333333333,0.1111111111111111,0.6666666666666666,"[0, 1, 2]","{""3"": [0, 1, 2]}",3,5
RO_seed_456,RO,456,validation,direct,1.0,raw,source,ce,0.8785414470235507,0.3530252686142921,1.5593317017952601,"[0, 1, 2]","{""0"": [0, 1, 2], ""2"": [0, 1, 2], ""3"": [0, 1, 2]}",3,5
RO_seed_456,RO,456,validation,direct,1.0,raw,source,brier,0.5343757163005584,0.17923324671974514,0.9124221157898257,"[0, 1, 2]","{""0"": [0, 1, 2], ""2"": [0, 1, 2], ""3"": [0, 1, 2]}",3,5
RO_seed_456,RO,456,validation,direct,1.0,raw,source,accuracy,0.6,0.20000000000000004,1.0,"[0, 1, 2]","{""0"": [0, 1, 2], ""2"": [0, 1, 2], ""3"": [0, 1, 2]}",3,5
RO_seed_456,RO,456,validation,direct,1.0,raw,source,macro_f1,0.4333333333333333,0.1111111111111111,0.6666666666666666,"[0, 1, 2]","{""0"": [0, 1, 2], ""2"": [0, 1, 2], ""3"": [0, 1, 2]}",3,5
RO_seed_456,RO,456,validation,direct,1.0,candidate,condition:0,ce,0.9192090190947055,0.5097595733404159,1.3286584648489952,"[0, 1, 2]","{""0"": [0, 1, 2]}",3,5
RO_seed_456,RO,456,validation,direct,1.0,candidate,condition:0,brier,0.574269452861881,0.28921123062654897,0.8559437265284249,"[0, 1, 2]","{""0"": [0, 1, 2]}",3,5
RO_seed_456,RO,456,validation,direct,1.0,candidate,condition:0,accuracy,0.59,0.19000000000000003,0.99,"[0, 1, 2]","{""0"": [0, 1, 2]}",3,5
RO_seed_456,RO,456,validation,direct,1.0,candidate,condition:0,macro_f1,0.42929292929292934,0.1111111111111111,0.6638655462184874,"[0, 1, 2]","{""0"": [0, 1, 2]}",3,5
RO_seed_456,RO,456,validation,direct,1.0,candidate,condition:2,ce,0.9321551275998354,0.5207607279717922,1.3435495272278786,"[0, 1, 2]","{""2"": [0, 1, 2]}",3,5
RO_seed_456,RO,456,validation,direct,1.0,candidate,condition:2,brier,0.5806004357173922,0.30164300872910943,0.8551503949512312,"[0, 1, 2]","{""2"": [0, 1, 2]}",3,5
RO_seed_456,RO,456,validation,direct,1.0,candidate,condition:2,accuracy,0.59,0.19000000000000003,0.99,"[0, 1, 2]","{""2"": [0, 1, 2]}",3,5
RO_seed_456,RO,456,validation,direct,1.0,candidate,condition:2,macro_f1,0.42929292929292934,0.1111111111111111,0.6638655462184874,"[0, 1, 2]","{""2"": [0, 1, 2]}",3,5
RO_seed_456,RO,456,validation,direct,1.0,candidate,condition:3,ce,0.923853958323598,0.5167114253342152,1.3309964913129808,"[0, 1, 2]","{""3"": [0, 1, 2]}",3,5
RO_seed_456,RO,456,validation,direct,1.0,candidate,condition:3,brier,0.5585769913529106,0.2864447603686405,0.8307092223371807,"[0, 1, 2]","{""3"": [0, 1, 2]}",3,5
RO_seed_456,RO,456,validation,direct,1.0,candidate,condition:3,accuracy,0.6,0.2,1.0,"[0, 1, 2]","{""3"": [0, 1, 2]}",3,5
RO_seed_456,RO,456,validation,direct,1.0,candidate,condition:3,macro_f1,0.4333333333333333,0.1111111111111111,0.6666666666666666,"[0, 1, 2]","{""3"": [0, 1, 2]}",3,5
RO_seed_456,RO,456,validation,direct,1.0,candidate,source,ce,0.9250727016727129,0.5157439088821412,1.334401494463285,"[0, 1, 2]","{""0"": [0, 1, 2], ""2"": [0, 1, 2], ""3"": [0, 1, 2]}",3,5
RO_seed_456,RO,456,validation,direct,1.0,candidate,source,brier,0.5711489599773946,0.2950301386825103,0.847267781272279,"[0, 1, 2]","{""0"": [0, 1, 2], ""2"": [0, 1, 2], ""3"": [0, 1, 2]}",3,5
RO_seed_456,RO,456,validation,direct,1.0,candidate,source,accuracy,0.5933333333333333,0.19333333333333336,0.9933333333333333,"[0, 1, 2]","{""0"": [0, 1, 2], ""2"": [0, 1, 2], ""3"": [0, 1, 2]}",3,5
RO_seed_456,RO,456,validation,direct,1.0,candidate,source,macro_f1,0.43063973063973066,0.1111111111111111,0.6647992530345471,"[0, 1, 2]","{""0"": [0, 1, 2], ""2"": [0, 1, 2], ""3"": [0, 1, 2]}",3,5
RO_seed_456,RO,456,validation,direct,1.0,deployed,condition:0,ce,0.9192090190947055,0.5097595733404159,1.3286584648489952,"[0, 1, 2]","{""0"": [0, 1, 2]}",3,5
RO_seed_456,RO,456,validation,direct,1.0,deployed,condition:0,brier,0.574269452861881,0.28921123062654897,0.8559437265284249,"[0, 1, 2]","{""0"": [0, 1, 2]}",3,5
RO_seed_456,RO,456,validation,direct,1.0,deployed,condition:0,accuracy,0.59,0.19000000000000003,0.99,"[0, 1, 2]","{""0"": [0, 1, 2]}",3,5
RO_seed_456,RO,456,validation,direct,1.0,deployed,condition:0,macro_f1,0.42929292929292934,0.1111111111111111,0.6638655462184874,"[0, 1, 2]","{""0"": [0, 1, 2]}",3,5
RO_seed_456,RO,456,validation,direct,1.0,deployed,condition:2,ce,0.9321551275998354,0.5207607279717922,1.3435495272278786,"[0, 1, 2]","{""2"": [0, 1, 2]}",3,5
RO_seed_456,RO,456,validation,direct,1.0,deployed,condition:2,brier,0.5806004357173922,0.30164300872910943,0.8551503949512312,"[0, 1, 2]","{""2"": [0, 1, 2]}",3,5
RO_seed_456,RO,456,validation,direct,1.0,deployed,condition:2,accuracy,0.59,0.19000000000000003,0.99,"[0, 1, 2]","{""2"": [0, 1, 2]}",3,5
RO_seed_456,RO,456,validation,direct,1.0,deployed,condition:2,macro_f1,0.42929292929292934,0.1111111111111111,0.6638655462184874,"[0, 1, 2]","{""2"": [0, 1, 2]}",3,5
RO_seed_456,RO,456,validation,direct,1.0,deployed,condition:3,ce,0.923853958323598,0.5167114253342152,1.3309964913129808,"[0, 1, 2]","{""3"": [0, 1, 2]}",3,5
RO_seed_456,RO,456,validation,direct,1.0,deployed,condition:3,brier,0.5585769913529106,0.2864447603686405,0.8307092223371807,"[0, 1, 2]","{""3"": [0, 1, 2]}",3,5
RO_seed_456,RO,456,validation,direct,1.0,deployed,condition:3,accuracy,0.6,0.2,1.0,"[0, 1, 2]","{""3"": [0, 1, 2]}",3,5
RO_seed_456,RO,456,validation,direct,1.0,deployed,condition:3,macro_f1,0.4333333333333333,0.1111111111111111,0.6666666666666666,"[0, 1, 2]","{""3"": [0, 1, 2]}",3,5
RO_seed_456,RO,456,validation,direct,1.0,deployed,source,ce,0.9250727016727129,0.5157439088821412,1.334401494463285,"[0, 1, 2]","{""0"": [0, 1, 2], ""2"": [0, 1, 2], ""3"": [0, 1, 2]}",3,5
RO_seed_456,RO,456,validation,direct,1.0,deployed,source,brier,0.5711489599773946,0.2950301386825103,0.847267781272279,"[0, 1, 2]","{""0"": [0, 1, 2], ""2"": [0, 1, 2], ""3"": [0, 1, 2]}",3,5
RO_seed_456,RO,456,validation,direct,1.0,deployed,source,accuracy,0.5933333333333333,0.19333333333333336,0.9933333333333333,"[0, 1, 2]","{""0"": [0, 1, 2], ""2"": [0, 1, 2], ""3"": [0, 1, 2]}",3,5
RO_seed_456,RO,456,validation,direct,1.0,deployed,source,macro_f1,0.43063973063973066,0.1111111111111111,0.6647992530345471,"[0, 1, 2]","{""0"": [0, 1, 2], ""2"": [0, 1, 2], ""3"": [0, 1, 2]}",3,5
RC_seed_42,RC,42,validation,direct,1.0,raw,condition:0,ce,0.872944663502276,0.3488147632032633,1.5782268345355988,"[0, 1, 2]","{""0"": [0, 1, 2]}",3,5
RC_seed_42,RC,42,validation,direct,1.0,raw,condition:0,brier,0.5282528904518441,0.1770684177029495,0.9175080943397065,"[0, 1, 2]","{""0"": [0, 1, 2]}",3,5
RC_seed_42,RC,42,validation,direct,1.0,raw,condition:0,accuracy,0.6,0.2,1.0,"[0, 1, 2]","{""0"": [0, 1, 2]}",3,5
RC_seed_42,RC,42,validation,direct,1.0,raw,condition:0,macro_f1,0.4333333333333333,0.1111111111111111,0.6666666666666666,"[0, 1, 2]","{""0"": [0, 1, 2]}",3,5
RC_seed_42,RC,42,validation,direct,1.0,raw,condition:2,ce,0.8872877224162222,0.3602600959688425,1.575750510543585,"[0, 1, 2]","{""2"": [0, 1, 2]}",3,5
RC_seed_42,RC,42,validation,direct,1.0,raw,condition:2,brier,0.541205499617501,0.1873783932159348,0.9176683132465598,"[0, 1, 2]","{""2"": [0, 1, 2]}",3,5
RC_seed_42,RC,42,validation,direct,1.0,raw,condition:2,accuracy,0.6,0.2,1.0,"[0, 1, 2]","{""2"": [0, 1, 2]}",3,5
RC_seed_42,RC,42,validation,direct,1.0,raw,condition:2,macro_f1,0.4333333333333333,0.1111111111111111,0.6666666666666666,"[0, 1, 2]","{""2"": [0, 1, 2]}",3,5
RC_seed_42,RC,42,validation,direct,1.0,raw,condition:3,ce,0.875391955152154,0.35000094667077064,1.5240177603065967,"[0, 1, 2]","{""3"": [0, 1, 2]}",3,5
RC_seed_42,RC,42,validation,direct,1.0,raw,condition:3,brier,0.5336687588323301,0.1732529292403511,0.9020899397832111,"[0, 1, 2]","{""3"": [0, 1, 2]}",3,5
RC_seed_42,RC,42,validation,direct,1.0,raw,condition:3,accuracy,0.6,0.2,1.0,"[0, 1, 2]","{""3"": [0, 1, 2]}",3,5
RC_seed_42,RC,42,validation,direct,1.0,raw,condition:3,macro_f1,0.4333333333333333,0.1111111111111111,0.6666666666666666,"[0, 1, 2]","{""3"": [0, 1, 2]}",3,5
RC_seed_42,RC,42,validation,direct,1.0,raw,source,ce,0.8785414470235507,0.3530252686142921,1.5593317017952601,"[0, 1, 2]","{""0"": [0, 1, 2], ""2"": [0, 1, 2], ""3"": [0, 1, 2]}",3,5
RC_seed_42,RC,42,validation,direct,1.0,raw,source,brier,0.5343757163005584,0.17923324671974514,0.9124221157898257,"[0, 1, 2]","{""0"": [0, 1, 2], ""2"": [0, 1, 2], ""3"": [0, 1, 2]}",3,5
RC_seed_42,RC,42,validation,direct,1.0,raw,source,accuracy,0.6,0.20000000000000004,1.0,"[0, 1, 2]","{""0"": [0, 1, 2], ""2"": [0, 1, 2], ""3"": [0, 1, 2]}",3,5
RC_seed_42,RC,42,validation,direct,1.0,raw,source,macro_f1,0.4333333333333333,0.1111111111111111,0.6666666666666666,"[0, 1, 2]","{""0"": [0, 1, 2], ""2"": [0, 1, 2], ""3"": [0, 1, 2]}",3,5
RC_seed_42,RC,42,validation,direct,1.0,candidate,condition:0,ce,0.9214476776123046,0.4865031135082245,1.3563922417163847,"[0, 1, 2]","{""0"": [0, 1, 2]}",3,5
RC_seed_42,RC,42,validation,direct,1.0,candidate,condition:0,brier,0.5713192253970547,0.2731100110752589,0.8714405423793977,"[0, 1, 2]","{""0"": [0, 1, 2]}",3,5
RC_seed_42,RC,42,validation,direct,1.0,candidate,condition:0,accuracy,0.6,0.2,1.0,"[0, 1, 2]","{""0"": [0, 1, 2]}",3,5
RC_seed_42,RC,42,validation,direct,1.0,candidate,condition:0,macro_f1,0.4333333333333333,0.1111111111111111,0.6666666666666666,"[0, 1, 2]","{""0"": [0, 1, 2]}",3,5
RC_seed_42,RC,42,validation,direct,1.0,candidate,condition:2,ce,0.9352294085174799,0.49859567567706103,1.3718631413578986,"[0, 1, 2]","{""2"": [0, 1, 2]}",3,5
RC_seed_42,RC,42,validation,direct,1.0,candidate,condition:2,brier,0.5778985807875004,0.28721153670310484,0.8713870874484891,"[0, 1, 2]","{""2"": [0, 1, 2]}",3,5
RC_seed_42,RC,42,validation,direct,1.0,candidate,condition:2,accuracy,0.6,0.2,1.0,"[0, 1, 2]","{""2"": [0, 1, 2]}",3,5
RC_seed_42,RC,42,validation,direct,1.0,candidate,condition:2,macro_f1,0.4333333333333333,0.1111111111111111,0.6666666666666666,"[0, 1, 2]","{""2"": [0, 1, 2]}",3,5
RC_seed_42,RC,42,validation,direct,1.0,candidate,condition:3,ce,0.9275921282172203,0.4985008493065834,1.3615163205564023,"[0, 1, 2]","{""3"": [0, 1, 2]}",3,5
RC_seed_42,RC,42,validation,direct,1.0,candidate,condition:3,brier,0.5561023879631737,0.2712736669018579,0.8409311090244895,"[0, 1, 2]","{""3"": [0, 1, 2]}",3,5
RC_seed_42,RC,42,validation,direct,1.0,candidate,condition:3,accuracy,0.6,0.2,1.0,"[0, 1, 2]","{""3"": [0, 1, 2]}",3,5
RC_seed_42,RC,42,validation,direct,1.0,candidate,condition:3,macro_f1,0.4333333333333333,0.1111111111111111,0.6666666666666666,"[0, 1, 2]","{""3"": [0, 1, 2]}",3,5
RC_seed_42,RC,42,validation,direct,1.0,candidate,source,ce,0.9280897381156682,0.494533212830623,1.3616462634007134,"[0, 1, 2]","{""0"": [0, 1, 2], ""2"": [0, 1, 2], ""3"": [0, 1, 2]}",3,5
RC_seed_42,RC,42,validation,direct,1.0,candidate,source,brier,0.5684400647159097,0.27719840489340725,0.859681724538412,"[0, 1, 2]","{""0"": [0, 1, 2], ""2"": [0, 1, 2], ""3"": [0, 1, 2]}",3,5
RC_seed_42,RC,42,validation,direct,1.0,candidate,source,accuracy,0.6,0.20000000000000004,1.0,"[0, 1, 2]","{""0"": [0, 1, 2], ""2"": [0, 1, 2], ""3"": [0, 1, 2]}",3,5
RC_seed_42,RC,42,validation,direct,1.0,candidate,source,macro_f1,0.4333333333333333,0.1111111111111111,0.6666666666666666,"[0, 1, 2]","{""0"": [0, 1, 2], ""2"": [0, 1, 2], ""3"": [0, 1, 2]}",3,5
RC_seed_42,RC,42,validation,direct,1.0,deployed,condition:0,ce,0.9214476776123046,0.4865031135082245,1.3563922417163847,"[0, 1, 2]","{""0"": [0, 1, 2]}",3,5
RC_seed_42,RC,42,validation,direct,1.0,deployed,condition:0,brier,0.5713192253970547,0.2731100110752589,0.8714405423793977,"[0, 1, 2]","{""0"": [0, 1, 2]}",3,5
RC_seed_42,RC,42,validation,direct,1.0,deployed,condition:0,accuracy,0.6,0.2,1.0,"[0, 1, 2]","{""0"": [0, 1, 2]}",3,5
RC_seed_42,RC,42,validation,direct,1.0,deployed,condition:0,macro_f1,0.4333333333333333,0.1111111111111111,0.6666666666666666,"[0, 1, 2]","{""0"": [0, 1, 2]}",3,5
RC_seed_42,RC,42,validation,direct,1.0,deployed,condition:2,ce,0.9352294085174799,0.49859567567706103,1.3718631413578986,"[0, 1, 2]","{""2"": [0, 1, 2]}",3,5
RC_seed_42,RC,42,validation,direct,1.0,deployed,condition:2,brier,0.5778985807875004,0.28721153670310484,0.8713870874484891,"[0, 1, 2]","{""2"": [0, 1, 2]}",3,5
RC_seed_42,RC,42,validation,direct,1.0,deployed,condition:2,accuracy,0.6,0.2,1.0,"[0, 1, 2]","{""2"": [0, 1, 2]}",3,5
RC_seed_42,RC,42,validation,direct,1.0,deployed,condition:2,macro_f1,0.4333333333333333,0.1111111111111111,0.6666666666666666,"[0, 1, 2]","{""2"": [0, 1, 2]}",3,5
RC_seed_42,RC,42,validation,direct,1.0,deployed,condition:3,ce,0.9275921282172203,0.4985008493065834,1.3615163205564023,"[0, 1, 2]","{""3"": [0, 1, 2]}",3,5
RC_seed_42,RC,42,validation,direct,1.0,deployed,condition:3,brier,0.5561023879631737,0.2712736669018579,0.8409311090244895,"[0, 1, 2]","{""3"": [0, 1, 2]}",3,5
RC_seed_42,RC,42,validation,direct,1.0,deployed,condition:3,accuracy,0.6,0.2,1.0,"[0, 1, 2]","{""3"": [0, 1, 2]}",3,5
RC_seed_42,RC,42,validation,direct,1.0,deployed,condition:3,macro_f1,0.4333333333333333,0.1111111111111111,0.6666666666666666,"[0, 1, 2]","{""3"": [0, 1, 2]}",3,5
RC_seed_42,RC,42,validation,direct,1.0,deployed,source,ce,0.9280897381156682,0.494533212830623,1.3616462634007134,"[0, 1, 2]","{""0"": [0, 1, 2], ""2"": [0, 1, 2], ""3"": [0, 1, 2]}",3,5
RC_seed_42,RC,42,validation,direct,1.0,deployed,source,brier,0.5684400647159097,0.27719840489340725,0.859681724538412,"[0, 1, 2]","{""0"": [0, 1, 2], ""2"": [0, 1, 2], ""3"": [0, 1, 2]}",3,5
RC_seed_42,RC,42,validation,direct,1.0,deployed,source,accuracy,0.6,0.20000000000000004,1.0,"[0, 1, 2]","{""0"": [0, 1, 2], ""2"": [0, 1, 2], ""3"": [0, 1, 2]}",3,5
RC_seed_42,RC,42,validation,direct,1.0,deployed,source,macro_f1,0.4333333333333333,0.1111111111111111,0.6666666666666666,"[0, 1, 2]","{""0"": [0, 1, 2], ""2"": [0, 1, 2], ""3"": [0, 1, 2]}",3,5
RC_seed_123,RC,123,validation,direct,1.0,raw,condition:0,ce,0.872944663502276,0.3488147632032633,1.5782268345355988,"[0, 1, 2]","{""0"": [0, 1, 2]}",3,5
RC_seed_123,RC,123,validation,direct,1.0,raw,condition:0,brier,0.5282528904518441,0.1770684177029495,0.9175080943397065,"[0, 1, 2]","{""0"": [0, 1, 2]}",3,5
RC_seed_123,RC,123,validation,direct,1.0,raw,condition:0,accuracy,0.6,0.2,1.0,"[0, 1, 2]","{""0"": [0, 1, 2]}",3,5
RC_seed_123,RC,123,validation,direct,1.0,raw,condition:0,macro_f1,0.4333333333333333,0.1111111111111111,0.6666666666666666,"[0, 1, 2]","{""0"": [0, 1, 2]}",3,5
RC_seed_123,RC,123,validation,direct,1.0,raw,condition:2,ce,0.8872877224162222,0.3602600959688425,1.575750510543585,"[0, 1, 2]","{""2"": [0, 1, 2]}",3,5
RC_seed_123,RC,123,validation,direct,1.0,raw,condition:2,brier,0.541205499617501,0.1873783932159348,0.9176683132465598,"[0, 1, 2]","{""2"": [0, 1, 2]}",3,5
RC_seed_123,RC,123,validation,direct,1.0,raw,condition:2,accuracy,0.6,0.2,1.0,"[0, 1, 2]","{""2"": [0, 1, 2]}",3,5
RC_seed_123,RC,123,validation,direct,1.0,raw,condition:2,macro_f1,0.4333333333333333,0.1111111111111111,0.6666666666666666,"[0, 1, 2]","{""2"": [0, 1, 2]}",3,5
RC_seed_123,RC,123,validation,direct,1.0,raw,condition:3,ce,0.875391955152154,0.35000094667077064,1.5240177603065967,"[0, 1, 2]","{""3"": [0, 1, 2]}",3,5
RC_seed_123,RC,123,validation,direct,1.0,raw,condition:3,brier,0.5336687588323301,0.1732529292403511,0.9020899397832111,"[0, 1, 2]","{""3"": [0, 1, 2]}",3,5
RC_seed_123,RC,123,validation,direct,1.0,raw,condition:3,accuracy,0.6,0.2,1.0,"[0, 1, 2]","{""3"": [0, 1, 2]}",3,5
RC_seed_123,RC,123,validation,direct,1.0,raw,condition:3,macro_f1,0.4333333333333333,0.1111111111111111,0.6666666666666666,"[0, 1, 2]","{""3"": [0, 1, 2]}",3,5
RC_seed_123,RC,123,validation,direct,1.0,raw,source,ce,0.8785414470235507,0.3530252686142921,1.5593317017952601,"[0, 1, 2]","{""0"": [0, 1, 2], ""2"": [0, 1, 2], ""3"": [0, 1, 2]}",3,5
RC_seed_123,RC,123,validation,direct,1.0,raw,source,brier,0.5343757163005584,0.17923324671974514,0.9124221157898257,"[0, 1, 2]","{""0"": [0, 1, 2], ""2"": [0, 1, 2], ""3"": [0, 1, 2]}",3,5
RC_seed_123,RC,123,validation,direct,1.0,raw,source,accuracy,0.6,0.20000000000000004,1.0,"[0, 1, 2]","{""0"": [0, 1, 2], ""2"": [0, 1, 2], ""3"": [0, 1, 2]}",3,5
RC_seed_123,RC,123,validation,direct,1.0,raw,source,macro_f1,0.4333333333333333,0.1111111111111111,0.6666666666666666,"[0, 1, 2]","{""0"": [0, 1, 2], ""2"": [0, 1, 2], ""3"": [0, 1, 2]}",3,5
RC_seed_123,RC,123,validation,direct,1.0,candidate,condition:0,ce,0.9151167763769626,0.5122365137934685,1.317997038960457,"[0, 1, 2]","{""0"": [0, 1, 2]}",3,5
RC_seed_123,RC,123,validation,direct,1.0,candidate,condition:0,brier,0.5733946470056425,0.28946890490913624,0.8555296072534505,"[0, 1, 2]","{""0"": [0, 1, 2]}",3,5
RC_seed_123,RC,123,validation,direct,1.0,candidate,condition:0,accuracy,0.5100000000000001,0.10999999999999997,0.91,"[0, 1, 2]","{""0"": [0, 1, 2]}",3,5
RC_seed_123,RC,123,validation,direct,1.0,candidate,condition:0,macro_f1,0.39377289377289376,0.1032863849765258,0.6396396396396397,"[0, 1, 2]","{""0"": [0, 1, 2]}",3,5
RC_seed_123,RC,123,validation,direct,1.0,candidate,condition:2,ce,0.9234635169059038,0.5182137115299701,1.3287133222818377,"[0, 1, 2]","{""2"": [0, 1, 2]}",3,5
RC_seed_123,RC,123,validation,direct,1.0,candidate,condition:2,brier,0.575553552832546,0.29972902451387406,0.8513780811512179,"[0, 1, 2]","{""2"": [0, 1, 2]}",3,5
RC_seed_123,RC,123,validation,direct,1.0,candidate,condition:2,accuracy,0.57,0.16999999999999998,0.97,"[0, 1, 2]","{""2"": [0, 1, 2]}",3,5
RC_seed_123,RC,123,validation,direct,1.0,candidate,condition:2,macro_f1,0.4209621993127148,0.1111111111111111,0.6581196581196581,"[0, 1, 2]","{""2"": [0, 1, 2]}",3,5
RC_seed_123,RC,123,validation,direct,1.0,candidate,condition:3,ce,0.9190982913970946,0.5286938232183456,1.3095027595758437,"[0, 1, 2]","{""3"": [0, 1, 2]}",3,5
RC_seed_123,RC,123,validation,direct,1.0,candidate,condition:3,brier,0.5585074839223549,0.29555733268157625,0.8214576351631339,"[0, 1, 2]","{""3"": [0, 1, 2]}",3,5
RC_seed_123,RC,123,validation,direct,1.0,candidate,condition:3,accuracy,0.48999999999999994,0.08999999999999997,0.89,"[0, 1, 2]","{""3"": [0, 1, 2]}",3,5
RC_seed_123,RC,123,validation,direct,1.0,candidate,condition:3,macro_f1,0.3838951310861423,0.08695652173913042,0.6330275229357798,"[0, 1, 2]","{""3"": [0, 1, 2]}",3,5
RC_seed_123,RC,123,validation,direct,1.0,candidate,source,ce,0.9192261948933202,0.5197146828472614,1.3187377069393793,"[0, 1, 2]","{""0"": [0, 1, 2], ""2"": [0, 1, 2], ""3"": [0, 1, 2]}",3,5
RC_seed_123,RC,123,validation,direct,1.0,candidate,source,brier,0.5691518945868478,0.29551534798442824,0.8427884411892674,"[0, 1, 2]","{""0"": [0, 1, 2], ""2"": [0, 1, 2], ""3"": [0, 1, 2]}",3,5
RC_seed_123,RC,123,validation,direct,1.0,candidate,source,accuracy,0.5233333333333333,0.12333333333333331,0.9233333333333333,"[0, 1, 2]","{""0"": [0, 1, 2], ""2"": [0, 1, 2], ""3"": [0, 1, 2]}",3,5
RC_seed_123,RC,123,validation,direct,1.0,candidate,source,macro_f1,0.39954340805725025,0.1111111111111111,0.6435956068983592,"[0, 1, 2]","{""0"": [0, 1, 2], ""2"": [0, 1, 2], ""3"": [0, 1, 2]}",3,5
RC_seed_123,RC,123,validation,direct,1.0,deployed,condition:0,ce,0.9151167763769626,0.5122365137934685,1.317997038960457,"[0, 1, 2]","{""0"": [0, 1, 2]}",3,5
RC_seed_123,RC,123,validation,direct,1.0,deployed,condition:0,brier,0.5733946470056425,0.28946890490913624,0.8555296072534505,"[0, 1, 2]","{""0"": [0, 1, 2]}",3,5
RC_seed_123,RC,123,validation,direct,1.0,deployed,condition:0,accuracy,0.5100000000000001,0.10999999999999997,0.91,"[0, 1, 2]","{""0"": [0, 1, 2]}",3,5
RC_seed_123,RC,123,validation,direct,1.0,deployed,condition:0,macro_f1,0.39377289377289376,0.1032863849765258,0.6396396396396397,"[0, 1, 2]","{""0"": [0, 1, 2]}",3,5
RC_seed_123,RC,123,validation,direct,1.0,deployed,condition:2,ce,0.9234635169059038,0.5182137115299701,1.3287133222818377,"[0, 1, 2]","{""2"": [0, 1, 2]}",3,5
RC_seed_123,RC,123,validation,direct,1.0,deployed,condition:2,brier,0.575553552832546,0.29972902451387406,0.8513780811512179,"[0, 1, 2]","{""2"": [0, 1, 2]}",3,5
RC_seed_123,RC,123,validation,direct,1.0,deployed,condition:2,accuracy,0.57,0.16999999999999998,0.97,"[0, 1, 2]","{""2"": [0, 1, 2]}",3,5
RC_seed_123,RC,123,validation,direct,1.0,deployed,condition:2,macro_f1,0.4209621993127148,0.1111111111111111,0.6581196581196581,"[0, 1, 2]","{""2"": [0, 1, 2]}",3,5
RC_seed_123,RC,123,validation,direct,1.0,deployed,condition:3,ce,0.9190982913970946,0.5286938232183456,1.3095027595758437,"[0, 1, 2]","{""3"": [0, 1, 2]}",3,5
RC_seed_123,RC,123,validation,direct,1.0,deployed,condition:3,brier,0.5585074839223549,0.29555733268157625,0.8214576351631339,"[0, 1, 2]","{""3"": [0, 1, 2]}",3,5
RC_seed_123,RC,123,validation,direct,1.0,deployed,condition:3,accuracy,0.48999999999999994,0.08999999999999997,0.89,"[0, 1, 2]","{""3"": [0, 1, 2]}",3,5
RC_seed_123,RC,123,validation,direct,1.0,deployed,condition:3,macro_f1,0.3838951310861423,0.08695652173913042,0.6330275229357798,"[0, 1, 2]","{""3"": [0, 1, 2]}",3,5
RC_seed_123,RC,123,validation,direct,1.0,deployed,source,ce,0.9192261948933202,0.5197146828472614,1.3187377069393793,"[0, 1, 2]","{""0"": [0, 1, 2], ""2"": [0, 1, 2], ""3"": [0, 1, 2]}",3,5
RC_seed_123,RC,123,validation,direct,1.0,deployed,source,brier,0.5691518945868478,0.29551534798442824,0.8427884411892674,"[0, 1, 2]","{""0"": [0, 1, 2], ""2"": [0, 1, 2], ""3"": [0, 1, 2]}",3,5
RC_seed_123,RC,123,validation,direct,1.0,deployed,source,accuracy,0.5233333333333333,0.12333333333333331,0.9233333333333333,"[0, 1, 2]","{""0"": [0, 1, 2], ""2"": [0, 1, 2], ""3"": [0, 1, 2]}",3,5
RC_seed_123,RC,123,validation,direct,1.0,deployed,source,macro_f1,0.39954340805725025,0.1111111111111111,0.6435956068983592,"[0, 1, 2]","{""0"": [0, 1, 2], ""2"": [0, 1, 2], ""3"": [0, 1, 2]}",3,5
RC_seed_456,RC,456,validation,direct,1.0,raw,condition:0,ce,0.872944663502276,0.3488147632032633,1.5782268345355988,"[0, 1, 2]","{""0"": [0, 1, 2]}",3,5
RC_seed_456,RC,456,validation,direct,1.0,raw,condition:0,brier,0.5282528904518441,0.1770684177029495,0.9175080943397065,"[0, 1, 2]","{""0"": [0, 1, 2]}",3,5
RC_seed_456,RC,456,validation,direct,1.0,raw,condition:0,accuracy,0.6,0.2,1.0,"[0, 1, 2]","{""0"": [0, 1, 2]}",3,5
RC_seed_456,RC,456,validation,direct,1.0,raw,condition:0,macro_f1,0.4333333333333333,0.1111111111111111,0.6666666666666666,"[0, 1, 2]","{""0"": [0, 1, 2]}",3,5
RC_seed_456,RC,456,validation,direct,1.0,raw,condition:2,ce,0.8872877224162222,0.3602600959688425,1.575750510543585,"[0, 1, 2]","{""2"": [0, 1, 2]}",3,5
RC_seed_456,RC,456,validation,direct,1.0,raw,condition:2,brier,0.541205499617501,0.1873783932159348,0.9176683132465598,"[0, 1, 2]","{""2"": [0, 1, 2]}",3,5
RC_seed_456,RC,456,validation,direct,1.0,raw,condition:2,accuracy,0.6,0.2,1.0,"[0, 1, 2]","{""2"": [0, 1, 2]}",3,5
RC_seed_456,RC,456,validation,direct,1.0,raw,condition:2,macro_f1,0.4333333333333333,0.1111111111111111,0.6666666666666666,"[0, 1, 2]","{""2"": [0, 1, 2]}",3,5
RC_seed_456,RC,456,validation,direct,1.0,raw,condition:3,ce,0.875391955152154,0.35000094667077064,1.5240177603065967,"[0, 1, 2]","{""3"": [0, 1, 2]}",3,5
RC_seed_456,RC,456,validation,direct,1.0,raw,condition:3,brier,0.5336687588323301,0.1732529292403511,0.9020899397832111,"[0, 1, 2]","{""3"": [0, 1, 2]}",3,5
RC_seed_456,RC,456,validation,direct,1.0,raw,condition:3,accuracy,0.6,0.2,1.0,"[0, 1, 2]","{""3"": [0, 1, 2]}",3,5
RC_seed_456,RC,456,validation,direct,1.0,raw,condition:3,macro_f1,0.4333333333333333,0.1111111111111111,0.6666666666666666,"[0, 1, 2]","{""3"": [0, 1, 2]}",3,5
RC_seed_456,RC,456,validation,direct,1.0,raw,source,ce,0.8785414470235507,0.3530252686142921,1.5593317017952601,"[0, 1, 2]","{""0"": [0, 1, 2], ""2"": [0, 1, 2], ""3"": [0, 1, 2]}",3,5
RC_seed_456,RC,456,validation,direct,1.0,raw,source,brier,0.5343757163005584,0.17923324671974514,0.9124221157898257,"[0, 1, 2]","{""0"": [0, 1, 2], ""2"": [0, 1, 2], ""3"": [0, 1, 2]}",3,5
RC_seed_456,RC,456,validation,direct,1.0,raw,source,accuracy,0.6,0.20000000000000004,1.0,"[0, 1, 2]","{""0"": [0, 1, 2], ""2"": [0, 1, 2], ""3"": [0, 1, 2]}",3,5
RC_seed_456,RC,456,validation,direct,1.0,raw,source,macro_f1,0.4333333333333333,0.1111111111111111,0.6666666666666666,"[0, 1, 2]","{""0"": [0, 1, 2], ""2"": [0, 1, 2], ""3"": [0, 1, 2]}",3,5
RC_seed_456,RC,456,validation,direct,1.0,candidate,condition:0,ce,0.9192090214043855,0.5097595874965191,1.328658455312252,"[0, 1, 2]","{""0"": [0, 1, 2]}",3,5
RC_seed_456,RC,456,validation,direct,1.0,candidate,condition:0,brier,0.5742694527661157,0.28921123439302876,0.855943720254559,"[0, 1, 2]","{""0"": [0, 1, 2]}",3,5
RC_seed_456,RC,456,validation,direct,1.0,candidate,condition:0,accuracy,0.59,0.19000000000000003,0.99,"[0, 1, 2]","{""0"": [0, 1, 2]}",3,5
RC_seed_456,RC,456,validation,direct,1.0,candidate,condition:0,macro_f1,0.42929292929292934,0.1111111111111111,0.6638655462184874,"[0, 1, 2]","{""0"": [0, 1, 2]}",3,5
RC_seed_456,RC,456,validation,direct,1.0,candidate,condition:2,ce,0.9321551230549812,0.5207607287168503,1.3435495173931122,"[0, 1, 2]","{""2"": [0, 1, 2]}",3,5
RC_seed_456,RC,456,validation,direct,1.0,candidate,condition:2,brier,0.5806004389294456,0.30164301267231586,0.8551503977637696,"[0, 1, 2]","{""2"": [0, 1, 2]}",3,5
RC_seed_456,RC,456,validation,direct,1.0,candidate,condition:2,accuracy,0.59,0.19000000000000003,0.99,"[0, 1, 2]","{""2"": [0, 1, 2]}",3,5
RC_seed_456,RC,456,validation,direct,1.0,candidate,condition:2,macro_f1,0.42929292929292934,0.1111111111111111,0.6638655462184874,"[0, 1, 2]","{""2"": [0, 1, 2]}",3,5
RC_seed_456,RC,456,validation,direct,1.0,candidate,condition:3,ce,0.9238539627194406,0.5167114356160164,1.3309964898228643,"[0, 1, 2]","{""3"": [0, 1, 2]}",3,5
RC_seed_456,RC,456,validation,direct,1.0,candidate,condition:3,brier,0.5585769977380809,0.2864447700584183,0.8307092254177435,"[0, 1, 2]","{""3"": [0, 1, 2]}",3,5
RC_seed_456,RC,456,validation,direct,1.0,candidate,condition:3,accuracy,0.6,0.2,1.0,"[0, 1, 2]","{""3"": [0, 1, 2]}",3,5
RC_seed_456,RC,456,validation,direct,1.0,candidate,condition:3,macro_f1,0.4333333333333333,0.1111111111111111,0.6666666666666666,"[0, 1, 2]","{""3"": [0, 1, 2]}",3,5
RC_seed_456,RC,456,validation,direct,1.0,candidate,source,ce,0.9250727023929358,0.515743917276462,1.3344014875094097,"[0, 1, 2]","{""0"": [0, 1, 2], ""2"": [0, 1, 2], ""3"": [0, 1, 2]}",3,5
RC_seed_456,RC,456,validation,direct,1.0,candidate,source,brier,0.5711489631445473,0.2950301451437375,0.8472677811453574,"[0, 1, 2]","{""0"": [0, 1, 2], ""2"": [0, 1, 2], ""3"": [0, 1, 2]}",3,5
RC_seed_456,RC,456,validation,direct,1.0,candidate,source,accuracy,0.5933333333333333,0.19333333333333336,0.9933333333333333,"[0, 1, 2]","{""0"": [0, 1, 2], ""2"": [0, 1, 2], ""3"": [0, 1, 2]}",3,5
RC_seed_456,RC,456,validation,direct,1.0,candidate,source,macro_f1,0.43063973063973066,0.1111111111111111,0.6647992530345471,"[0, 1, 2]","{""0"": [0, 1, 2], ""2"": [0, 1, 2], ""3"": [0, 1, 2]}",3,5
RC_seed_456,RC,456,validation,direct,1.0,deployed,condition:0,ce,0.9192090214043855,0.5097595874965191,1.328658455312252,"[0, 1, 2]","{""0"": [0, 1, 2]}",3,5
RC_seed_456,RC,456,validation,direct,1.0,deployed,condition:0,brier,0.5742694527661157,0.28921123439302876,0.855943720254559,"[0, 1, 2]","{""0"": [0, 1, 2]}",3,5
RC_seed_456,RC,456,validation,direct,1.0,deployed,condition:0,accuracy,0.59,0.19000000000000003,0.99,"[0, 1, 2]","{""0"": [0, 1, 2]}",3,5
RC_seed_456,RC,456,validation,direct,1.0,deployed,condition:0,macro_f1,0.42929292929292934,0.1111111111111111,0.6638655462184874,"[0, 1, 2]","{""0"": [0, 1, 2]}",3,5
RC_seed_456,RC,456,validation,direct,1.0,deployed,condition:2,ce,0.9321551230549812,0.5207607287168503,1.3435495173931122,"[0, 1, 2]","{""2"": [0, 1, 2]}",3,5
RC_seed_456,RC,456,validation,direct,1.0,deployed,condition:2,brier,0.5806004389294456,0.30164301267231586,0.8551503977637696,"[0, 1, 2]","{""2"": [0, 1, 2]}",3,5
RC_seed_456,RC,456,validation,direct,1.0,deployed,condition:2,accuracy,0.59,0.19000000000000003,0.99,"[0, 1, 2]","{""2"": [0, 1, 2]}",3,5
RC_seed_456,RC,456,validation,direct,1.0,deployed,condition:2,macro_f1,0.42929292929292934,0.1111111111111111,0.6638655462184874,"[0, 1, 2]","{""2"": [0, 1, 2]}",3,5
RC_seed_456,RC,456,validation,direct,1.0,deployed,condition:3,ce,0.9238539627194406,0.5167114356160164,1.3309964898228643,"[0, 1, 2]","{""3"": [0, 1, 2]}",3,5
RC_seed_456,RC,456,validation,direct,1.0,deployed,condition:3,brier,0.5585769977380809,0.2864447700584183,0.8307092254177435,"[0, 1, 2]","{""3"": [0, 1, 2]}",3,5
RC_seed_456,RC,456,validation,direct,1.0,deployed,condition:3,accuracy,0.6,0.2,1.0,"[0, 1, 2]","{""3"": [0, 1, 2]}",3,5
RC_seed_456,RC,456,validation,direct,1.0,deployed,condition:3,macro_f1,0.4333333333333333,0.1111111111111111,0.6666666666666666,"[0, 1, 2]","{""3"": [0, 1, 2]}",3,5
RC_seed_456,RC,456,validation,direct,1.0,deployed,source,ce,0.9250727023929358,0.515743917276462,1.3344014875094097,"[0, 1, 2]","{""0"": [0, 1, 2], ""2"": [0, 1, 2], ""3"": [0, 1, 2]}",3,5
RC_seed_456,RC,456,validation,direct,1.0,deployed,source,brier,0.5711489631445473,0.2950301451437375,0.8472677811453574,"[0, 1, 2]","{""0"": [0, 1, 2], ""2"": [0, 1, 2], ""3"": [0, 1, 2]}",3,5
RC_seed_456,RC,456,validation,direct,1.0,deployed,source,accuracy,0.5933333333333333,0.19333333333333336,0.9933333333333333,"[0, 1, 2]","{""0"": [0, 1, 2], ""2"": [0, 1, 2], ""3"": [0, 1, 2]}",3,5
RC_seed_456,RC,456,validation,direct,1.0,deployed,source,macro_f1,0.43063973063973066,0.1111111111111111,0.6647992530345471,"[0, 1, 2]","{""0"": [0, 1, 2], ""2"": [0, 1, 2], ""3"": [0, 1, 2]}",3,5
ResNet1D_seed_42,ResNet1D,42,validation,direct,1.0,raw,condition:0,ce,0.872944663502276,0.3488147632032633,1.5782268345355988,"[0, 1, 2]","{""0"": [0, 1, 2]}",3,5
ResNet1D_seed_42,ResNet1D,42,validation,direct,1.0,raw,condition:0,brier,0.5282528904518441,0.1770684177029495,0.9175080943397065,"[0, 1, 2]","{""0"": [0, 1, 2]}",3,5
ResNet1D_seed_42,ResNet1D,42,validation,direct,1.0,raw,condition:0,accuracy,0.6,0.2,1.0,"[0, 1, 2]","{""0"": [0, 1, 2]}",3,5
ResNet1D_seed_42,ResNet1D,42,validation,direct,1.0,raw,condition:0,macro_f1,0.4333333333333333,0.1111111111111111,0.6666666666666666,"[0, 1, 2]","{""0"": [0, 1, 2]}",3,5
ResNet1D_seed_42,ResNet1D,42,validation,direct,1.0,raw,condition:2,ce,0.8872877224162222,0.3602600959688425,1.575750510543585,"[0, 1, 2]","{""2"": [0, 1, 2]}",3,5
ResNet1D_seed_42,ResNet1D,42,validation,direct,1.0,raw,condition:2,brier,0.541205499617501,0.1873783932159348,0.9176683132465598,"[0, 1, 2]","{""2"": [0, 1, 2]}",3,5
ResNet1D_seed_42,ResNet1D,42,validation,direct,1.0,raw,condition:2,accuracy,0.6,0.2,1.0,"[0, 1, 2]","{""2"": [0, 1, 2]}",3,5
ResNet1D_seed_42,ResNet1D,42,validation,direct,1.0,raw,condition:2,macro_f1,0.4333333333333333,0.1111111111111111,0.6666666666666666,"[0, 1, 2]","{""2"": [0, 1, 2]}",3,5
ResNet1D_seed_42,ResNet1D,42,validation,direct,1.0,raw,condition:3,ce,0.875391955152154,0.35000094667077064,1.5240177603065967,"[0, 1, 2]","{""3"": [0, 1, 2]}",3,5
ResNet1D_seed_42,ResNet1D,42,validation,direct,1.0,raw,condition:3,brier,0.5336687588323301,0.1732529292403511,0.9020899397832111,"[0, 1, 2]","{""3"": [0, 1, 2]}",3,5
ResNet1D_seed_42,ResNet1D,42,validation,direct,1.0,raw,condition:3,accuracy,0.6,0.2,1.0,"[0, 1, 2]","{""3"": [0, 1, 2]}",3,5
ResNet1D_seed_42,ResNet1D,42,validation,direct,1.0,raw,condition:3,macro_f1,0.4333333333333333,0.1111111111111111,0.6666666666666666,"[0, 1, 2]","{""3"": [0, 1, 2]}",3,5
ResNet1D_seed_42,ResNet1D,42,validation,direct,1.0,raw,source,ce,0.8785414470235507,0.3530252686142921,1.5593317017952601,"[0, 1, 2]","{""0"": [0, 1, 2], ""2"": [0, 1, 2], ""3"": [0, 1, 2]}",3,5
ResNet1D_seed_42,ResNet1D,42,validation,direct,1.0,raw,source,brier,0.5343757163005584,0.17923324671974514,0.9124221157898257,"[0, 1, 2]","{""0"": [0, 1, 2], ""2"": [0, 1, 2], ""3"": [0, 1, 2]}",3,5
ResNet1D_seed_42,ResNet1D,42,validation,direct,1.0,raw,source,accuracy,0.6,0.20000000000000004,1.0,"[0, 1, 2]","{""0"": [0, 1, 2], ""2"": [0, 1, 2], ""3"": [0, 1, 2]}",3,5
ResNet1D_seed_42,ResNet1D,42,validation,direct,1.0,raw,source,macro_f1,0.4333333333333333,0.1111111111111111,0.6666666666666666,"[0, 1, 2]","{""0"": [0, 1, 2], ""2"": [0, 1, 2], ""3"": [0, 1, 2]}",3,5
ResNet1D_seed_42,ResNet1D,42,validation,direct,1.0,candidate,condition:0,ce,1.3286489994823933,0.7646965479850769,1.8698770537972451,"[0, 1, 2]","{""0"": [0, 1, 2]}",3,5
ResNet1D_seed_42,ResNet1D,42,validation,direct,1.0,candidate,condition:0,brier,0.9026345349382165,0.46217533785513887,1.3306179658073851,"[0, 1, 2]","{""0"": [0, 1, 2]}",3,5
ResNet1D_seed_42,ResNet1D,42,validation,direct,1.0,candidate,condition:0,accuracy,0.21000000000000002,0.0,0.6099999999999999,"[0, 1, 2]","{""0"": [0, 1, 2]}",3,5
ResNet1D_seed_42,ResNet1D,42,validation,direct,1.0,candidate,condition:0,macro_f1,0.16507936507936508,0.0,0.3174603174603175,"[0, 1, 2]","{""0"": [0, 1, 2]}",3,5
ResNet1D_seed_42,ResNet1D,42,validation,direct,1.0,candidate,condition:2,ce,1.1524404087290168,0.6040955029800534,1.674675751328468,"[0, 1, 2]","{""2"": [0, 1, 2]}",3,5
ResNet1D_seed_42,ResNet1D,42,validation,direct,1.0,candidate,condition:2,brier,0.802815167629148,0.39500313387208263,1.2183387511865116,"[0, 1, 2]","{""2"": [0, 1, 2]}",3,5
ResNet1D_seed_42,ResNet1D,42,validation,direct,1.0,candidate,condition:2,accuracy,0.27999999999999997,0.0,0.68,"[0, 1, 2]","{""2"": [0, 1, 2]}",3,5
ResNet1D_seed_42,ResNet1D,42,validation,direct,1.0,candidate,condition:2,macro_f1,0.32380952380952377,0.0,0.4761904761904762,"[0, 1, 2]","{""2"": [0, 1, 2]}",3,5
ResNet1D_seed_42,ResNet1D,42,validation,direct,1.0,candidate,condition:3,ce,1.975224977824837,0.44207326410338277,4.3622600892186165,"[0, 1, 2]","{""3"": [0, 1, 2]}",3,5
ResNet1D_seed_42,ResNet1D,42,validation,direct,1.0,candidate,condition:3,brier,0.8433095578757127,0.3009212764829029,1.4883903924851103,"[0, 1, 2]","{""3"": [0, 1, 2]}",3,5
ResNet1D_seed_42,ResNet1D,42,validation,direct,1.0,candidate,condition:3,accuracy,0.37999999999999995,0.03,0.75,"[0, 1, 2]","{""3"": [0, 1, 2]}",3,5
ResNet1D_seed_42,ResNet1D,42,validation,direct,1.0,candidate,condition:3,macro_f1,0.28985507246376807,0.08695652173913042,0.4057971014492754,"[0, 1, 2]","{""3"": [0, 1, 2]}",3,5
ResNet1D_seed_42,ResNet1D,42,validation,direct,1.0,candidate,source,ce,1.485438128678749,0.6081016570391754,2.6348250703016918,"[0, 1, 2]","{""0"": [0, 1, 2], ""2"": [0, 1, 2], ""3"": [0, 1, 2]}",3,5
ResNet1D_seed_42,ResNet1D,42,validation,direct,1.0,candidate,source,brier,0.8495864201476925,0.39556890178189413,1.3455592567447272,"[0, 1, 2]","{""0"": [0, 1, 2], ""2"": [0, 1, 2], ""3"": [0, 1, 2]}",3,5
ResNet1D_seed_42,ResNet1D,42,validation,direct,1.0,candidate,source,accuracy,0.29,0.03999999999999999,0.65,"[0, 1, 2]","{""0"": [0, 1, 2], ""2"": [0, 1, 2], ""3"": [0, 1, 2]}",3,5
ResNet1D_seed_42,ResNet1D,42,validation,direct,1.0,candidate,source,macro_f1,0.2595813204508856,0.028985507246376812,0.38877386703473665,"[0, 1, 2]","{""0"": [0, 1, 2], ""2"": [0, 1, 2], ""3"": [0, 1, 2]}",3,5
ResNet1D_seed_42,ResNet1D,42,validation,direct,1.0,deployed,condition:0,ce,1.3286489994823933,0.7646965479850769,1.8698770537972451,"[0, 1, 2]","{""0"": [0, 1, 2]}",3,5
ResNet1D_seed_42,ResNet1D,42,validation,direct,1.0,deployed,condition:0,brier,0.9026345349382165,0.46217533785513887,1.3306179658073851,"[0, 1, 2]","{""0"": [0, 1, 2]}",3,5
ResNet1D_seed_42,ResNet1D,42,validation,direct,1.0,deployed,condition:0,accuracy,0.21000000000000002,0.0,0.6099999999999999,"[0, 1, 2]","{""0"": [0, 1, 2]}",3,5
ResNet1D_seed_42,ResNet1D,42,validation,direct,1.0,deployed,condition:0,macro_f1,0.16507936507936508,0.0,0.3174603174603175,"[0, 1, 2]","{""0"": [0, 1, 2]}",3,5
ResNet1D_seed_42,ResNet1D,42,validation,direct,1.0,deployed,condition:2,ce,1.1524404087290168,0.6040955029800534,1.674675751328468,"[0, 1, 2]","{""2"": [0, 1, 2]}",3,5
ResNet1D_seed_42,ResNet1D,42,validation,direct,1.0,deployed,condition:2,brier,0.802815167629148,0.39500313387208263,1.2183387511865116,"[0, 1, 2]","{""2"": [0, 1, 2]}",3,5
ResNet1D_seed_42,ResNet1D,42,validation,direct,1.0,deployed,condition:2,accuracy,0.27999999999999997,0.0,0.68,"[0, 1, 2]","{""2"": [0, 1, 2]}",3,5
ResNet1D_seed_42,ResNet1D,42,validation,direct,1.0,deployed,condition:2,macro_f1,0.32380952380952377,0.0,0.4761904761904762,"[0, 1, 2]","{""2"": [0, 1, 2]}",3,5
ResNet1D_seed_42,ResNet1D,42,validation,direct,1.0,deployed,condition:3,ce,1.975224977824837,0.44207326410338277,4.3622600892186165,"[0, 1, 2]","{""3"": [0, 1, 2]}",3,5
ResNet1D_seed_42,ResNet1D,42,validation,direct,1.0,deployed,condition:3,brier,0.8433095578757127,0.3009212764829029,1.4883903924851103,"[0, 1, 2]","{""3"": [0, 1, 2]}",3,5
ResNet1D_seed_42,ResNet1D,42,validation,direct,1.0,deployed,condition:3,accuracy,0.37999999999999995,0.03,0.75,"[0, 1, 2]","{""3"": [0, 1, 2]}",3,5
ResNet1D_seed_42,ResNet1D,42,validation,direct,1.0,deployed,condition:3,macro_f1,0.28985507246376807,0.08695652173913042,0.4057971014492754,"[0, 1, 2]","{""3"": [0, 1, 2]}",3,5
ResNet1D_seed_42,ResNet1D,42,validation,direct,1.0,deployed,source,ce,1.485438128678749,0.6081016570391754,2.6348250703016918,"[0, 1, 2]","{""0"": [0, 1, 2], ""2"": [0, 1, 2], ""3"": [0, 1, 2]}",3,5
ResNet1D_seed_42,ResNet1D,42,validation,direct,1.0,deployed,source,brier,0.8495864201476925,0.39556890178189413,1.3455592567447272,"[0, 1, 2]","{""0"": [0, 1, 2], ""2"": [0, 1, 2], ""3"": [0, 1, 2]}",3,5
ResNet1D_seed_42,ResNet1D,42,validation,direct,1.0,deployed,source,accuracy,0.29,0.03999999999999999,0.65,"[0, 1, 2]","{""0"": [0, 1, 2], ""2"": [0, 1, 2], ""3"": [0, 1, 2]}",3,5
ResNet1D_seed_42,ResNet1D,42,validation,direct,1.0,deployed,source,macro_f1,0.2595813204508856,0.028985507246376812,0.38877386703473665,"[0, 1, 2]","{""0"": [0, 1, 2], ""2"": [0, 1, 2], ""3"": [0, 1, 2]}",3,5
ResNet1D_seed_123,ResNet1D,123,validation,direct,1.0,raw,condition:0,ce,0.872944663502276,0.3488147632032633,1.5782268345355988,"[0, 1, 2]","{""0"": [0, 1, 2]}",3,5
ResNet1D_seed_123,ResNet1D,123,validation,direct,1.0,raw,condition:0,brier,0.5282528904518441,0.1770684177029495,0.9175080943397065,"[0, 1, 2]","{""0"": [0, 1, 2]}",3,5
ResNet1D_seed_123,ResNet1D,123,validation,direct,1.0,raw,condition:0,accuracy,0.6,0.2,1.0,"[0, 1, 2]","{""0"": [0, 1, 2]}",3,5
ResNet1D_seed_123,ResNet1D,123,validation,direct,1.0,raw,condition:0,macro_f1,0.4333333333333333,0.1111111111111111,0.6666666666666666,"[0, 1, 2]","{""0"": [0, 1, 2]}",3,5
ResNet1D_seed_123,ResNet1D,123,validation,direct,1.0,raw,condition:2,ce,0.8872877224162222,0.3602600959688425,1.575750510543585,"[0, 1, 2]","{""2"": [0, 1, 2]}",3,5
ResNet1D_seed_123,ResNet1D,123,validation,direct,1.0,raw,condition:2,brier,0.541205499617501,0.1873783932159348,0.9176683132465598,"[0, 1, 2]","{""2"": [0, 1, 2]}",3,5
ResNet1D_seed_123,ResNet1D,123,validation,direct,1.0,raw,condition:2,accuracy,0.6,0.2,1.0,"[0, 1, 2]","{""2"": [0, 1, 2]}",3,5
ResNet1D_seed_123,ResNet1D,123,validation,direct,1.0,raw,condition:2,macro_f1,0.4333333333333333,0.1111111111111111,0.6666666666666666,"[0, 1, 2]","{""2"": [0, 1, 2]}",3,5
ResNet1D_seed_123,ResNet1D,123,validation,direct,1.0,raw,condition:3,ce,0.875391955152154,0.35000094667077064,1.5240177603065967,"[0, 1, 2]","{""3"": [0, 1, 2]}",3,5
ResNet1D_seed_123,ResNet1D,123,validation,direct,1.0,raw,condition:3,brier,0.5336687588323301,0.1732529292403511,0.9020899397832111,"[0, 1, 2]","{""3"": [0, 1, 2]}",3,5
ResNet1D_seed_123,ResNet1D,123,validation,direct,1.0,raw,condition:3,accuracy,0.6,0.2,1.0,"[0, 1, 2]","{""3"": [0, 1, 2]}",3,5
ResNet1D_seed_123,ResNet1D,123,validation,direct,1.0,raw,condition:3,macro_f1,0.4333333333333333,0.1111111111111111,0.6666666666666666,"[0, 1, 2]","{""3"": [0, 1, 2]}",3,5
ResNet1D_seed_123,ResNet1D,123,validation,direct,1.0,raw,source,ce,0.8785414470235507,0.3530252686142921,1.5593317017952601,"[0, 1, 2]","{""0"": [0, 1, 2], ""2"": [0, 1, 2], ""3"": [0, 1, 2]}",3,5
ResNet1D_seed_123,ResNet1D,123,validation,direct,1.0,raw,source,brier,0.5343757163005584,0.17923324671974514,0.9124221157898257,"[0, 1, 2]","{""0"": [0, 1, 2], ""2"": [0, 1, 2], ""3"": [0, 1, 2]}",3,5
ResNet1D_seed_123,ResNet1D,123,validation,direct,1.0,raw,source,accuracy,0.6,0.20000000000000004,1.0,"[0, 1, 2]","{""0"": [0, 1, 2], ""2"": [0, 1, 2], ""3"": [0, 1, 2]}",3,5
ResNet1D_seed_123,ResNet1D,123,validation,direct,1.0,raw,source,macro_f1,0.4333333333333333,0.1111111111111111,0.6666666666666666,"[0, 1, 2]","{""0"": [0, 1, 2], ""2"": [0, 1, 2], ""3"": [0, 1, 2]}",3,5
ResNet1D_seed_123,ResNet1D,123,validation,direct,1.0,candidate,condition:0,ce,1.397591599151492,0.3923908878862858,2.8441804137080906,"[0, 1, 2]","{""0"": [0, 1, 2]}",3,5
ResNet1D_seed_123,ResNet1D,123,validation,direct,1.0,candidate,condition:0,brier,0.7389588212871827,0.20399619393201202,1.3747633539123705,"[0, 1, 2]","{""0"": [0, 1, 2]}",3,5
ResNet1D_seed_123,ResNet1D,123,validation,direct,1.0,candidate,condition:0,accuracy,0.59,0.19000000000000003,0.99,"[0, 1, 2]","{""0"": [0, 1, 2]}",3,5
ResNet1D_seed_123,ResNet1D,123,validation,direct,1.0,candidate,condition:0,macro_f1,0.42436395538288013,0.10644257703081234,0.656049264744917,"[0, 1, 2]","{""0"": [0, 1, 2]}",3,5
ResNet1D_seed_123,ResNet1D,123,validation,direct,1.0,candidate,condition:2,ce,1.3019232549145818,0.31216412998735904,2.6490444558486343,"[0, 1, 2]","{""2"": [0, 1, 2]}",3,5
ResNet1D_seed_123,ResNet1D,123,validation,direct,1.0,candidate,condition:2,brier,0.7024757573970196,0.15285313433327066,1.3537490783930832,"[0, 1, 2]","{""2"": [0, 1, 2]}",3,5
ResNet1D_seed_123,ResNet1D,123,validation,direct,1.0,candidate,condition:2,accuracy,0.59,0.19000000000000003,0.99,"[0, 1, 2]","{""2"": [0, 1, 2]}",3,5
ResNet1D_seed_123,ResNet1D,123,validation,direct,1.0,candidate,condition:2,macro_f1,0.42436395538288013,0.10644257703081234,0.656049264744917,"[0, 1, 2]","{""2"": [0, 1, 2]}",3,5
ResNet1D_seed_123,ResNet1D,123,validation,direct,1.0,candidate,condition:3,ce,1.8378995840996506,0.6044749318063258,3.071324236392975,"[0, 1, 2]","{""3"": [0, 1, 2]}",3,5
ResNet1D_seed_123,ResNet1D,123,validation,direct,1.0,candidate,condition:3,brier,0.9895096472125566,0.3514116444290829,1.6057919899351902,"[0, 1, 2]","{""3"": [0, 1, 2]}",3,5
ResNet1D_seed_123,ResNet1D,123,validation,direct,1.0,candidate,condition:3,accuracy,0.39999999999999997,0.0,0.8,"[0, 1, 2]","{""3"": [0, 1, 2]}",3,5
ResNet1D_seed_123,ResNet1D,123,validation,direct,1.0,candidate,condition:3,macro_f1,0.2222222222222222,0.0,0.3333333333333333,"[0, 1, 2]","{""3"": [0, 1, 2]}",3,5
ResNet1D_seed_123,ResNet1D,123,validation,direct,1.0,candidate,source,ce,1.5124714793885747,0.5651155479252339,2.819246694991986,"[0, 1, 2]","{""0"": [0, 1, 2], ""2"": [0, 1, 2], ""3"": [0, 1, 2]}",3,5
ResNet1D_seed_123,ResNet1D,123,validation,direct,1.0,candidate,source,brier,0.8103147419655864,0.2952872175553441,1.3798968769387088,"[0, 1, 2]","{""0"": [0, 1, 2], ""2"": [0, 1, 2], ""3"": [0, 1, 2]}",3,5
ResNet1D_seed_123,ResNet1D,123,validation,direct,1.0,candidate,source,accuracy,0.5266666666666666,0.12666666666666668,0.9266666666666667,"[0, 1, 2]","{""0"": [0, 1, 2], ""2"": [0, 1, 2], ""3"": [0, 1, 2]}",3,5
ResNet1D_seed_123,ResNet1D,123,validation,direct,1.0,candidate,source,macro_f1,0.3569833776626608,0.07096171802054156,0.5361316085953768,"[0, 1, 2]","{""0"": [0, 1, 2], ""2"": [0, 1, 2], ""3"": [0, 1, 2]}",3,5
ResNet1D_seed_123,ResNet1D,123,validation,direct,1.0,deployed,condition:0,ce,1.397591599151492,0.3923908878862858,2.8441804137080906,"[0, 1, 2]","{""0"": [0, 1, 2]}",3,5
ResNet1D_seed_123,ResNet1D,123,validation,direct,1.0,deployed,condition:0,brier,0.7389588212871827,0.20399619393201202,1.3747633539123705,"[0, 1, 2]","{""0"": [0, 1, 2]}",3,5
ResNet1D_seed_123,ResNet1D,123,validation,direct,1.0,deployed,condition:0,accuracy,0.59,0.19000000000000003,0.99,"[0, 1, 2]","{""0"": [0, 1, 2]}",3,5
ResNet1D_seed_123,ResNet1D,123,validation,direct,1.0,deployed,condition:0,macro_f1,0.42436395538288013,0.10644257703081234,0.656049264744917,"[0, 1, 2]","{""0"": [0, 1, 2]}",3,5
ResNet1D_seed_123,ResNet1D,123,validation,direct,1.0,deployed,condition:2,ce,1.3019232549145818,0.31216412998735904,2.6490444558486343,"[0, 1, 2]","{""2"": [0, 1, 2]}",3,5
ResNet1D_seed_123,ResNet1D,123,validation,direct,1.0,deployed,condition:2,brier,0.7024757573970196,0.15285313433327066,1.3537490783930832,"[0, 1, 2]","{""2"": [0, 1, 2]}",3,5
ResNet1D_seed_123,ResNet1D,123,validation,direct,1.0,deployed,condition:2,accuracy,0.59,0.19000000000000003,0.99,"[0, 1, 2]","{""2"": [0, 1, 2]}",3,5
ResNet1D_seed_123,ResNet1D,123,validation,direct,1.0,deployed,condition:2,macro_f1,0.42436395538288013,0.10644257703081234,0.656049264744917,"[0, 1, 2]","{""2"": [0, 1, 2]}",3,5
ResNet1D_seed_123,ResNet1D,123,validation,direct,1.0,deployed,condition:3,ce,1.8378995840996506,0.6044749318063258,3.071324236392975,"[0, 1, 2]","{""3"": [0, 1, 2]}",3,5
ResNet1D_seed_123,ResNet1D,123,validation,direct,1.0,deployed,condition:3,brier,0.9895096472125566,0.3514116444290829,1.6057919899351902,"[0, 1, 2]","{""3"": [0, 1, 2]}",3,5
ResNet1D_seed_123,ResNet1D,123,validation,direct,1.0,deployed,condition:3,accuracy,0.39999999999999997,0.0,0.8,"[0, 1, 2]","{""3"": [0, 1, 2]}",3,5
ResNet1D_seed_123,ResNet1D,123,validation,direct,1.0,deployed,condition:3,macro_f1,0.2222222222222222,0.0,0.3333333333333333,"[0, 1, 2]","{""3"": [0, 1, 2]}",3,5
ResNet1D_seed_123,ResNet1D,123,validation,direct,1.0,deployed,source,ce,1.5124714793885747,0.5651155479252339,2.819246694991986,"[0, 1, 2]","{""0"": [0, 1, 2], ""2"": [0, 1, 2], ""3"": [0, 1, 2]}",3,5
ResNet1D_seed_123,ResNet1D,123,validation,direct,1.0,deployed,source,brier,0.8103147419655864,0.2952872175553441,1.3798968769387088,"[0, 1, 2]","{""0"": [0, 1, 2], ""2"": [0, 1, 2], ""3"": [0, 1, 2]}",3,5
ResNet1D_seed_123,ResNet1D,123,validation,direct,1.0,deployed,source,accuracy,0.5266666666666666,0.12666666666666668,0.9266666666666667,"[0, 1, 2]","{""0"": [0, 1, 2], ""2"": [0, 1, 2], ""3"": [0, 1, 2]}",3,5
ResNet1D_seed_123,ResNet1D,123,validation,direct,1.0,deployed,source,macro_f1,0.3569833776626608,0.07096171802054156,0.5361316085953768,"[0, 1, 2]","{""0"": [0, 1, 2], ""2"": [0, 1, 2], ""3"": [0, 1, 2]}",3,5
ResNet1D_seed_456,ResNet1D,456,validation,direct,1.0,raw,condition:0,ce,0.872944663502276,0.3488147632032633,1.5782268345355988,"[0, 1, 2]","{""0"": [0, 1, 2]}",3,5
ResNet1D_seed_456,ResNet1D,456,validation,direct,1.0,raw,condition:0,brier,0.5282528904518441,0.1770684177029495,0.9175080943397065,"[0, 1, 2]","{""0"": [0, 1, 2]}",3,5
ResNet1D_seed_456,ResNet1D,456,validation,direct,1.0,raw,condition:0,accuracy,0.6,0.2,1.0,"[0, 1, 2]","{""0"": [0, 1, 2]}",3,5
ResNet1D_seed_456,ResNet1D,456,validation,direct,1.0,raw,condition:0,macro_f1,0.4333333333333333,0.1111111111111111,0.6666666666666666,"[0, 1, 2]","{""0"": [0, 1, 2]}",3,5
ResNet1D_seed_456,ResNet1D,456,validation,direct,1.0,raw,condition:2,ce,0.8872877224162222,0.3602600959688425,1.575750510543585,"[0, 1, 2]","{""2"": [0, 1, 2]}",3,5
ResNet1D_seed_456,ResNet1D,456,validation,direct,1.0,raw,condition:2,brier,0.541205499617501,0.1873783932159348,0.9176683132465598,"[0, 1, 2]","{""2"": [0, 1, 2]}",3,5
ResNet1D_seed_456,ResNet1D,456,validation,direct,1.0,raw,condition:2,accuracy,0.6,0.2,1.0,"[0, 1, 2]","{""2"": [0, 1, 2]}",3,5
ResNet1D_seed_456,ResNet1D,456,validation,direct,1.0,raw,condition:2,macro_f1,0.4333333333333333,0.1111111111111111,0.6666666666666666,"[0, 1, 2]","{""2"": [0, 1, 2]}",3,5
ResNet1D_seed_456,ResNet1D,456,validation,direct,1.0,raw,condition:3,ce,0.875391955152154,0.35000094667077064,1.5240177603065967,"[0, 1, 2]","{""3"": [0, 1, 2]}",3,5
ResNet1D_seed_456,ResNet1D,456,validation,direct,1.0,raw,condition:3,brier,0.5336687588323301,0.1732529292403511,0.9020899397832111,"[0, 1, 2]","{""3"": [0, 1, 2]}",3,5
ResNet1D_seed_456,ResNet1D,456,validation,direct,1.0,raw,condition:3,accuracy,0.6,0.2,1.0,"[0, 1, 2]","{""3"": [0, 1, 2]}",3,5
ResNet1D_seed_456,ResNet1D,456,validation,direct,1.0,raw,condition:3,macro_f1,0.4333333333333333,0.1111111111111111,0.6666666666666666,"[0, 1, 2]","{""3"": [0, 1, 2]}",3,5
ResNet1D_seed_456,ResNet1D,456,validation,direct,1.0,raw,source,ce,0.8785414470235507,0.3530252686142921,1.5593317017952601,"[0, 1, 2]","{""0"": [0, 1, 2], ""2"": [0, 1, 2], ""3"": [0, 1, 2]}",3,5
ResNet1D_seed_456,ResNet1D,456,validation,direct,1.0,raw,source,brier,0.5343757163005584,0.17923324671974514,0.9124221157898257,"[0, 1, 2]","{""0"": [0, 1, 2], ""2"": [0, 1, 2], ""3"": [0, 1, 2]}",3,5
ResNet1D_seed_456,ResNet1D,456,validation,direct,1.0,raw,source,accuracy,0.6,0.20000000000000004,1.0,"[0, 1, 2]","{""0"": [0, 1, 2], ""2"": [0, 1, 2], ""3"": [0, 1, 2]}",3,5
ResNet1D_seed_456,ResNet1D,456,validation,direct,1.0,raw,source,macro_f1,0.4333333333333333,0.1111111111111111,0.6666666666666666,"[0, 1, 2]","{""0"": [0, 1, 2], ""2"": [0, 1, 2], ""3"": [0, 1, 2]}",3,5
ResNet1D_seed_456,ResNet1D,456,validation,direct,1.0,candidate,condition:0,ce,1.5823752506822348,0.9649182550609112,2.2712694556266073,"[0, 1, 2]","{""0"": [0, 1, 2]}",3,5
ResNet1D_seed_456,ResNet1D,456,validation,direct,1.0,candidate,condition:0,brier,1.0543525734204393,0.6918220468372109,1.4168831000036681,"[0, 1, 2]","{""0"": [0, 1, 2]}",3,5
ResNet1D_seed_456,ResNet1D,456,validation,direct,1.0,candidate,condition:0,accuracy,0.25,0.0,0.5709999999999945,"[0, 1, 2]","{""0"": [0, 1, 2]}",3,5
ResNet1D_seed_456,ResNet1D,456,validation,direct,1.0,candidate,condition:0,macro_f1,0.1843025887969708,0.0,0.33539062087883104,"[0, 1, 2]","{""0"": [0, 1, 2]}",3,5
ResNet1D_seed_456,ResNet1D,456,validation,direct,1.0,candidate,condition:2,ce,1.3441045174002646,0.7535470366477968,2.118967730849981,"[0, 1, 2]","{""2"": [0, 1, 2]}",3,5
ResNet1D_seed_456,ResNet1D,456,validation,direct,1.0,candidate,condition:2,brier,0.8833591135556702,0.5231317531205357,1.2519101848533114,"[0, 1, 2]","{""2"": [0, 1, 2]}",3,5
ResNet1D_seed_456,ResNet1D,456,validation,direct,1.0,candidate,condition:2,accuracy,0.27,0.029999999999999995,0.52,"[0, 1, 2]","{""2"": [0, 1, 2]}",3,5
ResNet1D_seed_456,ResNet1D,456,validation,direct,1.0,candidate,condition:2,macro_f1,0.20195278704733652,0.03174603174603175,0.3359989202685832,"[0, 1, 2]","{""2"": [0, 1, 2]}",3,5
ResNet1D_seed_456,ResNet1D,456,validation,direct,1.0,candidate,condition:3,ce,1.9126994771510364,0.8291565026342868,2.9962424516677855,"[0, 1, 2]","{""3"": [0, 1, 2]}",3,5
ResNet1D_seed_456,ResNet1D,456,validation,direct,1.0,candidate,condition:3,brier,1.1059958969335884,0.5296280276037559,1.624465388709926,"[0, 1, 2]","{""3"": [0, 1, 2]}",3,5
ResNet1D_seed_456,ResNet1D,456,validation,direct,1.0,candidate,condition:3,accuracy,0.24,0.0,0.6,"[0, 1, 2]","{""3"": [0, 1, 2]}",3,5
ResNet1D_seed_456,ResNet1D,456,validation,direct,1.0,candidate,condition:3,macro_f1,0.15384615384615383,0.0,0.28571428571428575,"[0, 1, 2]","{""3"": [0, 1, 2]}",3,5
ResNet1D_seed_456,ResNet1D,456,validation,direct,1.0,candidate,source,ce,1.6130597484111788,1.0239625940968593,2.26014968380332,"[0, 1, 2]","{""0"": [0, 1, 2], ""2"": [0, 1, 2], ""3"": [0, 1, 2]}",3,5
ResNet1D_seed_456,ResNet1D,456,validation,direct,1.0,candidate,source,brier,1.014569194636566,0.66974290033088,1.3538045237322407,"[0, 1, 2]","{""0"": [0, 1, 2], ""2"": [0, 1, 2], ""3"": [0, 1, 2]}",3,5
ResNet1D_seed_456,ResNet1D,456,validation,direct,1.0,candidate,source,accuracy,0.25333333333333335,0.02333333333333333,0.5669166666666654,"[0, 1, 2]","{""0"": [0, 1, 2], ""2"": [0, 1, 2], ""3"": [0, 1, 2]}",3,5
ResNet1D_seed_456,ResNet1D,456,validation,direct,1.0,candidate,source,macro_f1,0.18003384323015373,0.024470899470899466,0.30787753697970416,"[0, 1, 2]","{""0"": [0, 1, 2], ""2"": [0, 1, 2], ""3"": [0, 1, 2]}",3,5
ResNet1D_seed_456,ResNet1D,456,validation,direct,1.0,deployed,condition:0,ce,1.5823752506822348,0.9649182550609112,2.2712694556266073,"[0, 1, 2]","{""0"": [0, 1, 2]}",3,5
ResNet1D_seed_456,ResNet1D,456,validation,direct,1.0,deployed,condition:0,brier,1.0543525734204393,0.6918220468372109,1.4168831000036681,"[0, 1, 2]","{""0"": [0, 1, 2]}",3,5
ResNet1D_seed_456,ResNet1D,456,validation,direct,1.0,deployed,condition:0,accuracy,0.25,0.0,0.5709999999999945,"[0, 1, 2]","{""0"": [0, 1, 2]}",3,5
ResNet1D_seed_456,ResNet1D,456,validation,direct,1.0,deployed,condition:0,macro_f1,0.1843025887969708,0.0,0.33539062087883104,"[0, 1, 2]","{""0"": [0, 1, 2]}",3,5
ResNet1D_seed_456,ResNet1D,456,validation,direct,1.0,deployed,condition:2,ce,1.3441045174002646,0.7535470366477968,2.118967730849981,"[0, 1, 2]","{""2"": [0, 1, 2]}",3,5
ResNet1D_seed_456,ResNet1D,456,validation,direct,1.0,deployed,condition:2,brier,0.8833591135556702,0.5231317531205357,1.2519101848533114,"[0, 1, 2]","{""2"": [0, 1, 2]}",3,5
ResNet1D_seed_456,ResNet1D,456,validation,direct,1.0,deployed,condition:2,accuracy,0.27,0.029999999999999995,0.52,"[0, 1, 2]","{""2"": [0, 1, 2]}",3,5
ResNet1D_seed_456,ResNet1D,456,validation,direct,1.0,deployed,condition:2,macro_f1,0.20195278704733652,0.03174603174603175,0.3359989202685832,"[0, 1, 2]","{""2"": [0, 1, 2]}",3,5
ResNet1D_seed_456,ResNet1D,456,validation,direct,1.0,deployed,condition:3,ce,1.9126994771510364,0.8291565026342868,2.9962424516677855,"[0, 1, 2]","{""3"": [0, 1, 2]}",3,5
ResNet1D_seed_456,ResNet1D,456,validation,direct,1.0,deployed,condition:3,brier,1.1059958969335884,0.5296280276037559,1.624465388709926,"[0, 1, 2]","{""3"": [0, 1, 2]}",3,5
ResNet1D_seed_456,ResNet1D,456,validation,direct,1.0,deployed,condition:3,accuracy,0.24,0.0,0.6,"[0, 1, 2]","{""3"": [0, 1, 2]}",3,5
ResNet1D_seed_456,ResNet1D,456,validation,direct,1.0,deployed,condition:3,macro_f1,0.15384615384615383,0.0,0.28571428571428575,"[0, 1, 2]","{""3"": [0, 1, 2]}",3,5
ResNet1D_seed_456,ResNet1D,456,validation,direct,1.0,deployed,source,ce,1.6130597484111788,1.0239625940968593,2.26014968380332,"[0, 1, 2]","{""0"": [0, 1, 2], ""2"": [0, 1, 2], ""3"": [0, 1, 2]}",3,5
ResNet1D_seed_456,ResNet1D,456,validation,direct,1.0,deployed,source,brier,1.014569194636566,0.66974290033088,1.3538045237322407,"[0, 1, 2]","{""0"": [0, 1, 2], ""2"": [0, 1, 2], ""3"": [0, 1, 2]}",3,5
ResNet1D_seed_456,ResNet1D,456,validation,direct,1.0,deployed,source,accuracy,0.25333333333333335,0.02333333333333333,0.5669166666666654,"[0, 1, 2]","{""0"": [0, 1, 2], ""2"": [0, 1, 2], ""3"": [0, 1, 2]}",3,5
ResNet1D_seed_456,ResNet1D,456,validation,direct,1.0,deployed,source,macro_f1,0.18003384323015373,0.024470899470899466,0.30787753697970416,"[0, 1, 2]","{""0"": [0, 1, 2], ""2"": [0, 1, 2], ""3"": [0, 1, 2]}",3,5
temperature_seed42,temperature,42,validation,direct,1.0,raw,condition:0,ce,0.872944663502276,0.3488147632032633,1.5782268345355988,"[0, 1, 2]","{""0"": [0, 1, 2]}",3,5
temperature_seed42,temperature,42,validation,direct,1.0,raw,condition:0,brier,0.5282528904518441,0.1770684177029495,0.9175080943397065,"[0, 1, 2]","{""0"": [0, 1, 2]}",3,5
temperature_seed42,temperature,42,validation,direct,1.0,raw,condition:0,accuracy,0.6,0.2,1.0,"[0, 1, 2]","{""0"": [0, 1, 2]}",3,5
temperature_seed42,temperature,42,validation,direct,1.0,raw,condition:0,macro_f1,0.4333333333333333,0.1111111111111111,0.6666666666666666,"[0, 1, 2]","{""0"": [0, 1, 2]}",3,5
temperature_seed42,temperature,42,validation,direct,1.0,raw,condition:2,ce,0.8872877224162222,0.3602600959688425,1.575750510543585,"[0, 1, 2]","{""2"": [0, 1, 2]}",3,5
temperature_seed42,temperature,42,validation,direct,1.0,raw,condition:2,brier,0.541205499617501,0.1873783932159348,0.9176683132465598,"[0, 1, 2]","{""2"": [0, 1, 2]}",3,5
temperature_seed42,temperature,42,validation,direct,1.0,raw,condition:2,accuracy,0.6,0.2,1.0,"[0, 1, 2]","{""2"": [0, 1, 2]}",3,5
temperature_seed42,temperature,42,validation,direct,1.0,raw,condition:2,macro_f1,0.4333333333333333,0.1111111111111111,0.6666666666666666,"[0, 1, 2]","{""2"": [0, 1, 2]}",3,5
temperature_seed42,temperature,42,validation,direct,1.0,raw,condition:3,ce,0.875391955152154,0.35000094667077064,1.5240177603065967,"[0, 1, 2]","{""3"": [0, 1, 2]}",3,5
temperature_seed42,temperature,42,validation,direct,1.0,raw,condition:3,brier,0.5336687588323301,0.1732529292403511,0.9020899397832111,"[0, 1, 2]","{""3"": [0, 1, 2]}",3,5
temperature_seed42,temperature,42,validation,direct,1.0,raw,condition:3,accuracy,0.6,0.2,1.0,"[0, 1, 2]","{""3"": [0, 1, 2]}",3,5
temperature_seed42,temperature,42,validation,direct,1.0,raw,condition:3,macro_f1,0.4333333333333333,0.1111111111111111,0.6666666666666666,"[0, 1, 2]","{""3"": [0, 1, 2]}",3,5
temperature_seed42,temperature,42,validation,direct,1.0,raw,source,ce,0.8785414470235507,0.3530252686142921,1.5593317017952601,"[0, 1, 2]","{""0"": [0, 1, 2], ""2"": [0, 1, 2], ""3"": [0, 1, 2]}",3,5
temperature_seed42,temperature,42,validation,direct,1.0,raw,source,brier,0.5343757163005584,0.17923324671974514,0.9124221157898257,"[0, 1, 2]","{""0"": [0, 1, 2], ""2"": [0, 1, 2], ""3"": [0, 1, 2]}",3,5
temperature_seed42,temperature,42,validation,direct,1.0,raw,source,accuracy,0.6,0.20000000000000004,1.0,"[0, 1, 2]","{""0"": [0, 1, 2], ""2"": [0, 1, 2], ""3"": [0, 1, 2]}",3,5
temperature_seed42,temperature,42,validation,direct,1.0,raw,source,macro_f1,0.4333333333333333,0.1111111111111111,0.6666666666666666,"[0, 1, 2]","{""0"": [0, 1, 2], ""2"": [0, 1, 2], ""3"": [0, 1, 2]}",3,5
temperature_seed42,temperature,42,validation,direct,1.0,candidate,condition:0,ce,0.8441699528694153,0.46274913489818575,1.3671999812126159,"[0, 1, 2]","{""0"": [0, 1, 2]}",3,5
temperature_seed42,temperature,42,validation,direct,1.0,candidate,condition:0,brier,0.5159618434079822,0.2519299350223255,0.8240461430605969,"[0, 1, 2]","{""0"": [0, 1, 2]}",3,5
temperature_seed42,temperature,42,validation,direct,1.0,candidate,condition:0,accuracy,0.6,0.2,1.0,"[0, 1, 2]","{""0"": [0, 1, 2]}",3,5
temperature_seed42,temperature,42,validation,direct,1.0,candidate,condition:0,macro_f1,0.4333333333333333,0.1111111111111111,0.6666666666666666,"[0, 1, 2]","{""0"": [0, 1, 2]}",3,5
temperature_seed42,temperature,42,validation,direct,1.0,candidate,condition:2,ce,0.854351928010583,0.4705739857256413,1.3667835861444473,"[0, 1, 2]","{""2"": [0, 1, 2]}",3,5
temperature_seed42,temperature,42,validation,direct,1.0,candidate,condition:2,brier,0.5253281130584859,0.2601746086280915,0.824179489892843,"[0, 1, 2]","{""2"": [0, 1, 2]}",3,5
temperature_seed42,temperature,42,validation,direct,1.0,candidate,condition:2,accuracy,0.6,0.2,1.0,"[0, 1, 2]","{""2"": [0, 1, 2]}",3,5
temperature_seed42,temperature,42,validation,direct,1.0,candidate,condition:2,macro_f1,0.4333333333333333,0.1111111111111111,0.6666666666666666,"[0, 1, 2]","{""2"": [0, 1, 2]}",3,5
temperature_seed42,temperature,42,validation,direct,1.0,candidate,condition:3,ce,0.8527387279272081,0.4691553092002868,1.3373230233788491,"[0, 1, 2]","{""3"": [0, 1, 2]}",3,5
temperature_seed42,temperature,42,validation,direct,1.0,candidate,condition:3,brier,0.5206859391269664,0.2534958794533978,0.8105283285783745,"[0, 1, 2]","{""3"": [0, 1, 2]}",3,5
temperature_seed42,temperature,42,validation,direct,1.0,candidate,condition:3,accuracy,0.6,0.2,1.0,"[0, 1, 2]","{""3"": [0, 1, 2]}",3,5
temperature_seed42,temperature,42,validation,direct,1.0,candidate,condition:3,macro_f1,0.4333333333333333,0.1111111111111111,0.6666666666666666,"[0, 1, 2]","{""3"": [0, 1, 2]}",3,5
temperature_seed42,temperature,42,validation,direct,1.0,candidate,source,ce,0.8504202029357355,0.4674928099413713,1.3571021969119705,"[0, 1, 2]","{""0"": [0, 1, 2], ""2"": [0, 1, 2], ""3"": [0, 1, 2]}",3,5
temperature_seed42,temperature,42,validation,direct,1.0,candidate,source,brier,0.5206586318644781,0.2552001410346049,0.8195846538439381,"[0, 1, 2]","{""0"": [0, 1, 2], ""2"": [0, 1, 2], ""3"": [0, 1, 2]}",3,5
temperature_seed42,temperature,42,validation,direct,1.0,candidate,source,accuracy,0.6,0.20000000000000004,1.0,"[0, 1, 2]","{""0"": [0, 1, 2], ""2"": [0, 1, 2], ""3"": [0, 1, 2]}",3,5
temperature_seed42,temperature,42,validation,direct,1.0,candidate,source,macro_f1,0.4333333333333333,0.1111111111111111,0.6666666666666666,"[0, 1, 2]","{""0"": [0, 1, 2], ""2"": [0, 1, 2], ""3"": [0, 1, 2]}",3,5
temperature_seed42,temperature,42,validation,direct,1.0,deployed,condition:0,ce,0.8441699528694153,0.46274913489818575,1.3671999812126159,"[0, 1, 2]","{""0"": [0, 1, 2]}",3,5
temperature_seed42,temperature,42,validation,direct,1.0,deployed,condition:0,brier,0.5159618434079822,0.2519299350223255,0.8240461430605969,"[0, 1, 2]","{""0"": [0, 1, 2]}",3,5
temperature_seed42,temperature,42,validation,direct,1.0,deployed,condition:0,accuracy,0.6,0.2,1.0,"[0, 1, 2]","{""0"": [0, 1, 2]}",3,5
temperature_seed42,temperature,42,validation,direct,1.0,deployed,condition:0,macro_f1,0.4333333333333333,0.1111111111111111,0.6666666666666666,"[0, 1, 2]","{""0"": [0, 1, 2]}",3,5
temperature_seed42,temperature,42,validation,direct,1.0,deployed,condition:2,ce,0.854351928010583,0.4705739857256413,1.3667835861444473,"[0, 1, 2]","{""2"": [0, 1, 2]}",3,5
temperature_seed42,temperature,42,validation,direct,1.0,deployed,condition:2,brier,0.5253281130584859,0.2601746086280915,0.824179489892843,"[0, 1, 2]","{""2"": [0, 1, 2]}",3,5
temperature_seed42,temperature,42,validation,direct,1.0,deployed,condition:2,accuracy,0.6,0.2,1.0,"[0, 1, 2]","{""2"": [0, 1, 2]}",3,5
temperature_seed42,temperature,42,validation,direct,1.0,deployed,condition:2,macro_f1,0.4333333333333333,0.1111111111111111,0.6666666666666666,"[0, 1, 2]","{""2"": [0, 1, 2]}",3,5
temperature_seed42,temperature,42,validation,direct,1.0,deployed,condition:3,ce,0.8527387279272081,0.4691553092002868,1.3373230233788491,"[0, 1, 2]","{""3"": [0, 1, 2]}",3,5
temperature_seed42,temperature,42,validation,direct,1.0,deployed,condition:3,brier,0.5206859391269664,0.2534958794533978,0.8105283285783745,"[0, 1, 2]","{""3"": [0, 1, 2]}",3,5
temperature_seed42,temperature,42,validation,direct,1.0,deployed,condition:3,accuracy,0.6,0.2,1.0,"[0, 1, 2]","{""3"": [0, 1, 2]}",3,5
temperature_seed42,temperature,42,validation,direct,1.0,deployed,condition:3,macro_f1,0.4333333333333333,0.1111111111111111,0.6666666666666666,"[0, 1, 2]","{""3"": [0, 1, 2]}",3,5
temperature_seed42,temperature,42,validation,direct,1.0,deployed,source,ce,0.8504202029357355,0.4674928099413713,1.3571021969119705,"[0, 1, 2]","{""0"": [0, 1, 2], ""2"": [0, 1, 2], ""3"": [0, 1, 2]}",3,5
temperature_seed42,temperature,42,validation,direct,1.0,deployed,source,brier,0.5206586318644781,0.2552001410346049,0.8195846538439381,"[0, 1, 2]","{""0"": [0, 1, 2], ""2"": [0, 1, 2], ""3"": [0, 1, 2]}",3,5
temperature_seed42,temperature,42,validation,direct,1.0,deployed,source,accuracy,0.6,0.20000000000000004,1.0,"[0, 1, 2]","{""0"": [0, 1, 2], ""2"": [0, 1, 2], ""3"": [0, 1, 2]}",3,5
temperature_seed42,temperature,42,validation,direct,1.0,deployed,source,macro_f1,0.4333333333333333,0.1111111111111111,0.6666666666666666,"[0, 1, 2]","{""0"": [0, 1, 2], ""2"": [0, 1, 2], ""3"": [0, 1, 2]}",3,5
temperature_seed42_source_selected,temperature,42,validation,source_selected,1.0,raw,condition:0,ce,0.872944663502276,0.3488147632032633,1.5782268345355988,"[0, 1, 2]","{""0"": [0, 1, 2]}",3,5
temperature_seed42_source_selected,temperature,42,validation,source_selected,1.0,raw,condition:0,brier,0.5282528904518441,0.1770684177029495,0.9175080943397065,"[0, 1, 2]","{""0"": [0, 1, 2]}",3,5
temperature_seed42_source_selected,temperature,42,validation,source_selected,1.0,raw,condition:0,accuracy,0.6,0.2,1.0,"[0, 1, 2]","{""0"": [0, 1, 2]}",3,5
temperature_seed42_source_selected,temperature,42,validation,source_selected,1.0,raw,condition:0,macro_f1,0.4333333333333333,0.1111111111111111,0.6666666666666666,"[0, 1, 2]","{""0"": [0, 1, 2]}",3,5
temperature_seed42_source_selected,temperature,42,validation,source_selected,1.0,raw,condition:2,ce,0.8872877224162222,0.3602600959688425,1.575750510543585,"[0, 1, 2]","{""2"": [0, 1, 2]}",3,5
temperature_seed42_source_selected,temperature,42,validation,source_selected,1.0,raw,condition:2,brier,0.541205499617501,0.1873783932159348,0.9176683132465598,"[0, 1, 2]","{""2"": [0, 1, 2]}",3,5
temperature_seed42_source_selected,temperature,42,validation,source_selected,1.0,raw,condition:2,accuracy,0.6,0.2,1.0,"[0, 1, 2]","{""2"": [0, 1, 2]}",3,5
temperature_seed42_source_selected,temperature,42,validation,source_selected,1.0,raw,condition:2,macro_f1,0.4333333333333333,0.1111111111111111,0.6666666666666666,"[0, 1, 2]","{""2"": [0, 1, 2]}",3,5
temperature_seed42_source_selected,temperature,42,validation,source_selected,1.0,raw,condition:3,ce,0.875391955152154,0.35000094667077064,1.5240177603065967,"[0, 1, 2]","{""3"": [0, 1, 2]}",3,5
temperature_seed42_source_selected,temperature,42,validation,source_selected,1.0,raw,condition:3,brier,0.5336687588323301,0.1732529292403511,0.9020899397832111,"[0, 1, 2]","{""3"": [0, 1, 2]}",3,5
temperature_seed42_source_selected,temperature,42,validation,source_selected,1.0,raw,condition:3,accuracy,0.6,0.2,1.0,"[0, 1, 2]","{""3"": [0, 1, 2]}",3,5
temperature_seed42_source_selected,temperature,42,validation,source_selected,1.0,raw,condition:3,macro_f1,0.4333333333333333,0.1111111111111111,0.6666666666666666,"[0, 1, 2]","{""3"": [0, 1, 2]}",3,5
temperature_seed42_source_selected,temperature,42,validation,source_selected,1.0,raw,source,ce,0.8785414470235507,0.3530252686142921,1.5593317017952601,"[0, 1, 2]","{""0"": [0, 1, 2], ""2"": [0, 1, 2], ""3"": [0, 1, 2]}",3,5
temperature_seed42_source_selected,temperature,42,validation,source_selected,1.0,raw,source,brier,0.5343757163005584,0.17923324671974514,0.9124221157898257,"[0, 1, 2]","{""0"": [0, 1, 2], ""2"": [0, 1, 2], ""3"": [0, 1, 2]}",3,5
temperature_seed42_source_selected,temperature,42,validation,source_selected,1.0,raw,source,accuracy,0.6,0.20000000000000004,1.0,"[0, 1, 2]","{""0"": [0, 1, 2], ""2"": [0, 1, 2], ""3"": [0, 1, 2]}",3,5
temperature_seed42_source_selected,temperature,42,validation,source_selected,1.0,raw,source,macro_f1,0.4333333333333333,0.1111111111111111,0.6666666666666666,"[0, 1, 2]","{""0"": [0, 1, 2], ""2"": [0, 1, 2], ""3"": [0, 1, 2]}",3,5
temperature_seed42_source_selected,temperature,42,validation,source_selected,1.0,candidate,condition:0,ce,0.8441699528694153,0.46274913489818575,1.3671999812126159,"[0, 1, 2]","{""0"": [0, 1, 2]}",3,5
temperature_seed42_source_selected,temperature,42,validation,source_selected,1.0,candidate,condition:0,brier,0.5159618434079822,0.2519299350223255,0.8240461430605969,"[0, 1, 2]","{""0"": [0, 1, 2]}",3,5
temperature_seed42_source_selected,temperature,42,validation,source_selected,1.0,candidate,condition:0,accuracy,0.6,0.2,1.0,"[0, 1, 2]","{""0"": [0, 1, 2]}",3,5
temperature_seed42_source_selected,temperature,42,validation,source_selected,1.0,candidate,condition:0,macro_f1,0.4333333333333333,0.1111111111111111,0.6666666666666666,"[0, 1, 2]","{""0"": [0, 1, 2]}",3,5
temperature_seed42_source_selected,temperature,42,validation,source_selected,1.0,candidate,condition:2,ce,0.854351928010583,0.4705739857256413,1.3667835861444473,"[0, 1, 2]","{""2"": [0, 1, 2]}",3,5
temperature_seed42_source_selected,temperature,42,validation,source_selected,1.0,candidate,condition:2,brier,0.5253281130584859,0.2601746086280915,0.824179489892843,"[0, 1, 2]","{""2"": [0, 1, 2]}",3,5
temperature_seed42_source_selected,temperature,42,validation,source_selected,1.0,candidate,condition:2,accuracy,0.6,0.2,1.0,"[0, 1, 2]","{""2"": [0, 1, 2]}",3,5
temperature_seed42_source_selected,temperature,42,validation,source_selected,1.0,candidate,condition:2,macro_f1,0.4333333333333333,0.1111111111111111,0.6666666666666666,"[0, 1, 2]","{""2"": [0, 1, 2]}",3,5
temperature_seed42_source_selected,temperature,42,validation,source_selected,1.0,candidate,condition:3,ce,0.8527387279272081,0.4691553092002868,1.3373230233788491,"[0, 1, 2]","{""3"": [0, 1, 2]}",3,5
temperature_seed42_source_selected,temperature,42,validation,source_selected,1.0,candidate,condition:3,brier,0.5206859391269664,0.2534958794533978,0.8105283285783745,"[0, 1, 2]","{""3"": [0, 1, 2]}",3,5
temperature_seed42_source_selected,temperature,42,validation,source_selected,1.0,candidate,condition:3,accuracy,0.6,0.2,1.0,"[0, 1, 2]","{""3"": [0, 1, 2]}",3,5
temperature_seed42_source_selected,temperature,42,validation,source_selected,1.0,candidate,condition:3,macro_f1,0.4333333333333333,0.1111111111111111,0.6666666666666666,"[0, 1, 2]","{""3"": [0, 1, 2]}",3,5
temperature_seed42_source_selected,temperature,42,validation,source_selected,1.0,candidate,source,ce,0.8504202029357355,0.4674928099413713,1.3571021969119705,"[0, 1, 2]","{""0"": [0, 1, 2], ""2"": [0, 1, 2], ""3"": [0, 1, 2]}",3,5
temperature_seed42_source_selected,temperature,42,validation,source_selected,1.0,candidate,source,brier,0.5206586318644781,0.2552001410346049,0.8195846538439381,"[0, 1, 2]","{""0"": [0, 1, 2], ""2"": [0, 1, 2], ""3"": [0, 1, 2]}",3,5
temperature_seed42_source_selected,temperature,42,validation,source_selected,1.0,candidate,source,accuracy,0.6,0.20000000000000004,1.0,"[0, 1, 2]","{""0"": [0, 1, 2], ""2"": [0, 1, 2], ""3"": [0, 1, 2]}",3,5
temperature_seed42_source_selected,temperature,42,validation,source_selected,1.0,candidate,source,macro_f1,0.4333333333333333,0.1111111111111111,0.6666666666666666,"[0, 1, 2]","{""0"": [0, 1, 2], ""2"": [0, 1, 2], ""3"": [0, 1, 2]}",3,5
temperature_seed42_source_selected,temperature,42,validation,source_selected,1.0,deployed,condition:0,ce,0.8441699528694153,0.46274913489818575,1.3671999812126159,"[0, 1, 2]","{""0"": [0, 1, 2]}",3,5
temperature_seed42_source_selected,temperature,42,validation,source_selected,1.0,deployed,condition:0,brier,0.5159618434079822,0.2519299350223255,0.8240461430605969,"[0, 1, 2]","{""0"": [0, 1, 2]}",3,5
temperature_seed42_source_selected,temperature,42,validation,source_selected,1.0,deployed,condition:0,accuracy,0.6,0.2,1.0,"[0, 1, 2]","{""0"": [0, 1, 2]}",3,5
temperature_seed42_source_selected,temperature,42,validation,source_selected,1.0,deployed,condition:0,macro_f1,0.4333333333333333,0.1111111111111111,0.6666666666666666,"[0, 1, 2]","{""0"": [0, 1, 2]}",3,5
temperature_seed42_source_selected,temperature,42,validation,source_selected,1.0,deployed,condition:2,ce,0.854351928010583,0.4705739857256413,1.3667835861444473,"[0, 1, 2]","{""2"": [0, 1, 2]}",3,5
temperature_seed42_source_selected,temperature,42,validation,source_selected,1.0,deployed,condition:2,brier,0.5253281130584859,0.2601746086280915,0.824179489892843,"[0, 1, 2]","{""2"": [0, 1, 2]}",3,5
temperature_seed42_source_selected,temperature,42,validation,source_selected,1.0,deployed,condition:2,accuracy,0.6,0.2,1.0,"[0, 1, 2]","{""2"": [0, 1, 2]}",3,5
temperature_seed42_source_selected,temperature,42,validation,source_selected,1.0,deployed,condition:2,macro_f1,0.4333333333333333,0.1111111111111111,0.6666666666666666,"[0, 1, 2]","{""2"": [0, 1, 2]}",3,5
temperature_seed42_source_selected,temperature,42,validation,source_selected,1.0,deployed,condition:3,ce,0.8527387279272081,0.4691553092002868,1.3373230233788491,"[0, 1, 2]","{""3"": [0, 1, 2]}",3,5
temperature_seed42_source_selected,temperature,42,validation,source_selected,1.0,deployed,condition:3,brier,0.5206859391269664,0.2534958794533978,0.8105283285783745,"[0, 1, 2]","{""3"": [0, 1, 2]}",3,5
temperature_seed42_source_selected,temperature,42,validation,source_selected,1.0,deployed,condition:3,accuracy,0.6,0.2,1.0,"[0, 1, 2]","{""3"": [0, 1, 2]}",3,5
temperature_seed42_source_selected,temperature,42,validation,source_selected,1.0,deployed,condition:3,macro_f1,0.4333333333333333,0.1111111111111111,0.6666666666666666,"[0, 1, 2]","{""3"": [0, 1, 2]}",3,5
temperature_seed42_source_selected,temperature,42,validation,source_selected,1.0,deployed,source,ce,0.8504202029357355,0.4674928099413713,1.3571021969119705,"[0, 1, 2]","{""0"": [0, 1, 2], ""2"": [0, 1, 2], ""3"": [0, 1, 2]}",3,5
temperature_seed42_source_selected,temperature,42,validation,source_selected,1.0,deployed,source,brier,0.5206586318644781,0.2552001410346049,0.8195846538439381,"[0, 1, 2]","{""0"": [0, 1, 2], ""2"": [0, 1, 2], ""3"": [0, 1, 2]}",3,5
temperature_seed42_source_selected,temperature,42,validation,source_selected,1.0,deployed,source,accuracy,0.6,0.20000000000000004,1.0,"[0, 1, 2]","{""0"": [0, 1, 2], ""2"": [0, 1, 2], ""3"": [0, 1, 2]}",3,5
temperature_seed42_source_selected,temperature,42,validation,source_selected,1.0,deployed,source,macro_f1,0.4333333333333333,0.1111111111111111,0.6666666666666666,"[0, 1, 2]","{""0"": [0, 1, 2], ""2"": [0, 1, 2], ""3"": [0, 1, 2]}",3,5
MLP16_seed42_source_selected,MLP16,42,validation,source_selected,0.0,raw,condition:0,ce,0.872944663502276,0.3488147632032633,1.5782268345355988,"[0, 1, 2]","{""0"": [0, 1, 2]}",3,5
MLP16_seed42_source_selected,MLP16,42,validation,source_selected,0.0,raw,condition:0,brier,0.5282528904518441,0.1770684177029495,0.9175080943397065,"[0, 1, 2]","{""0"": [0, 1, 2]}",3,5
MLP16_seed42_source_selected,MLP16,42,validation,source_selected,0.0,raw,condition:0,accuracy,0.6,0.2,1.0,"[0, 1, 2]","{""0"": [0, 1, 2]}",3,5
MLP16_seed42_source_selected,MLP16,42,validation,source_selected,0.0,raw,condition:0,macro_f1,0.4333333333333333,0.1111111111111111,0.6666666666666666,"[0, 1, 2]","{""0"": [0, 1, 2]}",3,5
MLP16_seed42_source_selected,MLP16,42,validation,source_selected,0.0,raw,condition:2,ce,0.8872877224162222,0.3602600959688425,1.575750510543585,"[0, 1, 2]","{""2"": [0, 1, 2]}",3,5
MLP16_seed42_source_selected,MLP16,42,validation,source_selected,0.0,raw,condition:2,brier,0.541205499617501,0.1873783932159348,0.9176683132465598,"[0, 1, 2]","{""2"": [0, 1, 2]}",3,5
MLP16_seed42_source_selected,MLP16,42,validation,source_selected,0.0,raw,condition:2,accuracy,0.6,0.2,1.0,"[0, 1, 2]","{""2"": [0, 1, 2]}",3,5
MLP16_seed42_source_selected,MLP16,42,validation,source_selected,0.0,raw,condition:2,macro_f1,0.4333333333333333,0.1111111111111111,0.6666666666666666,"[0, 1, 2]","{""2"": [0, 1, 2]}",3,5
MLP16_seed42_source_selected,MLP16,42,validation,source_selected,0.0,raw,condition:3,ce,0.875391955152154,0.35000094667077064,1.5240177603065967,"[0, 1, 2]","{""3"": [0, 1, 2]}",3,5
MLP16_seed42_source_selected,MLP16,42,validation,source_selected,0.0,raw,condition:3,brier,0.5336687588323301,0.1732529292403511,0.9020899397832111,"[0, 1, 2]","{""3"": [0, 1, 2]}",3,5
MLP16_seed42_source_selected,MLP16,42,validation,source_selected,0.0,raw,condition:3,accuracy,0.6,0.2,1.0,"[0, 1, 2]","{""3"": [0, 1, 2]}",3,5
MLP16_seed42_source_selected,MLP16,42,validation,source_selected,0.0,raw,condition:3,macro_f1,0.4333333333333333,0.1111111111111111,0.6666666666666666,"[0, 1, 2]","{""3"": [0, 1, 2]}",3,5
MLP16_seed42_source_selected,MLP16,42,validation,source_selected,0.0,raw,source,ce,0.8785414470235507,0.3530252686142921,1.5593317017952601,"[0, 1, 2]","{""0"": [0, 1, 2], ""2"": [0, 1, 2], ""3"": [0, 1, 2]}",3,5
MLP16_seed42_source_selected,MLP16,42,validation,source_selected,0.0,raw,source,brier,0.5343757163005584,0.17923324671974514,0.9124221157898257,"[0, 1, 2]","{""0"": [0, 1, 2], ""2"": [0, 1, 2], ""3"": [0, 1, 2]}",3,5
MLP16_seed42_source_selected,MLP16,42,validation,source_selected,0.0,raw,source,accuracy,0.6,0.20000000000000004,1.0,"[0, 1, 2]","{""0"": [0, 1, 2], ""2"": [0, 1, 2], ""3"": [0, 1, 2]}",3,5
MLP16_seed42_source_selected,MLP16,42,validation,source_selected,0.0,raw,source,macro_f1,0.4333333333333333,0.1111111111111111,0.6666666666666666,"[0, 1, 2]","{""0"": [0, 1, 2], ""2"": [0, 1, 2], ""3"": [0, 1, 2]}",3,5
MLP16_seed42_source_selected,MLP16,42,validation,source_selected,0.0,candidate,condition:0,ce,1.0251737856864929,0.7765656414628029,1.333085898756981,"[0, 1, 2]","{""0"": [0, 1, 2]}",3,5
MLP16_seed42_source_selected,MLP16,42,validation,source_selected,0.0,candidate,condition:0,brier,0.6225711874173246,0.4712851470734961,0.8027079256961226,"[0, 1, 2]","{""0"": [0, 1, 2]}",3,5
MLP16_seed42_source_selected,MLP16,42,validation,source_selected,0.0,candidate,condition:0,accuracy,0.4,0.0,0.8,"[0, 1, 2]","{""0"": [0, 1, 2]}",3,5
MLP16_seed42_source_selected,MLP16,42,validation,source_selected,0.0,candidate,condition:0,macro_f1,0.19047619047619047,0.0,0.29629629629629634,"[0, 1, 2]","{""0"": [0, 1, 2]}",3,5
MLP16_seed42_source_selected,MLP16,42,validation,source_selected,0.0,candidate,condition:2,ce,1.0256458503007888,0.780293766260147,1.3316002893447876,"[0, 1, 2]","{""2"": [0, 1, 2]}",3,5
MLP16_seed42_source_selected,MLP16,42,validation,source_selected,0.0,candidate,condition:2,brier,0.6246209838332771,0.47242978018306425,0.8032762637369082,"[0, 1, 2]","{""2"": [0, 1, 2]}",3,5
MLP16_seed42_source_selected,MLP16,42,validation,source_selected,0.0,candidate,condition:2,accuracy,0.4,0.0,0.8,"[0, 1, 2]","{""2"": [0, 1, 2]}",3,5
MLP16_seed42_source_selected,MLP16,42,validation,source_selected,0.0,candidate,condition:2,macro_f1,0.19047619047619047,0.0,0.29629629629629634,"[0, 1, 2]","{""2"": [0, 1, 2]}",3,5
MLP16_seed42_source_selected,MLP16,42,validation,source_selected,0.0,candidate,condition:3,ce,1.0348060229420661,0.7945491540431977,1.3297588261961937,"[0, 1, 2]","{""3"": [0, 1, 2]}",3,5
MLP16_seed42_source_selected,MLP16,42,validation,source_selected,0.0,candidate,condition:3,brier,0.6278524952882558,0.47980000050359894,0.8023137390468144,"[0, 1, 2]","{""3"": [0, 1, 2]}",3,5
MLP16_seed42_source_selected,MLP16,42,validation,source_selected,0.0,candidate,condition:3,accuracy,0.4,0.0,0.8,"[0, 1, 2]","{""3"": [0, 1, 2]}",3,5
MLP16_seed42_source_selected,MLP16,42,validation,source_selected,0.0,candidate,condition:3,macro_f1,0.19047619047619047,0.0,0.29629629629629634,"[0, 1, 2]","{""3"": [0, 1, 2]}",3,5
MLP16_seed42_source_selected,MLP16,42,validation,source_selected,0.0,candidate,source,ce,1.0285418863097826,0.7845554706454276,1.3322342881560325,"[0, 1, 2]","{""0"": [0, 1, 2], ""2"": [0, 1, 2], ""3"": [0, 1, 2]}",3,5
MLP16_seed42_source_selected,MLP16,42,validation,source_selected,0.0,candidate,source,brier,0.6250148888462859,0.4745049759200531,0.8027659761599484,"[0, 1, 2]","{""0"": [0, 1, 2], ""2"": [0, 1, 2], ""3"": [0, 1, 2]}",3,5
MLP16_seed42_source_selected,MLP16,42,validation,source_selected,0.0,candidate,source,accuracy,0.4000000000000001,0.0,0.8000000000000002,"[0, 1, 2]","{""0"": [0, 1, 2], ""2"": [0, 1, 2], ""3"": [0, 1, 2]}",3,5
MLP16_seed42_source_selected,MLP16,42,validation,source_selected,0.0,candidate,source,macro_f1,0.19047619047619047,0.0,0.29629629629629634,"[0, 1, 2]","{""0"": [0, 1, 2], ""2"": [0, 1, 2], ""3"": [0, 1, 2]}",3,5
MLP16_seed42_source_selected,MLP16,42,validation,source_selected,0.0,deployed,condition:0,ce,0.872944663502276,0.3488147632032633,1.5782268345355988,"[0, 1, 2]","{""0"": [0, 1, 2]}",3,5
MLP16_seed42_source_selected,MLP16,42,validation,source_selected,0.0,deployed,condition:0,brier,0.5282528904518441,0.1770684177029495,0.9175080943397065,"[0, 1, 2]","{""0"": [0, 1, 2]}",3,5
MLP16_seed42_source_selected,MLP16,42,validation,source_selected,0.0,deployed,condition:0,accuracy,0.6,0.2,1.0,"[0, 1, 2]","{""0"": [0, 1, 2]}",3,5
MLP16_seed42_source_selected,MLP16,42,validation,source_selected,0.0,deployed,condition:0,macro_f1,0.4333333333333333,0.1111111111111111,0.6666666666666666,"[0, 1, 2]","{""0"": [0, 1, 2]}",3,5
MLP16_seed42_source_selected,MLP16,42,validation,source_selected,0.0,deployed,condition:2,ce,0.8872877224162222,0.3602600959688425,1.575750510543585,"[0, 1, 2]","{""2"": [0, 1, 2]}",3,5
MLP16_seed42_source_selected,MLP16,42,validation,source_selected,0.0,deployed,condition:2,brier,0.541205499617501,0.1873783932159348,0.9176683132465598,"[0, 1, 2]","{""2"": [0, 1, 2]}",3,5
MLP16_seed42_source_selected,MLP16,42,validation,source_selected,0.0,deployed,condition:2,accuracy,0.6,0.2,1.0,"[0, 1, 2]","{""2"": [0, 1, 2]}",3,5
MLP16_seed42_source_selected,MLP16,42,validation,source_selected,0.0,deployed,condition:2,macro_f1,0.4333333333333333,0.1111111111111111,0.6666666666666666,"[0, 1, 2]","{""2"": [0, 1, 2]}",3,5
MLP16_seed42_source_selected,MLP16,42,validation,source_selected,0.0,deployed,condition:3,ce,0.875391955152154,0.35000094667077064,1.5240177603065967,"[0, 1, 2]","{""3"": [0, 1, 2]}",3,5
MLP16_seed42_source_selected,MLP16,42,validation,source_selected,0.0,deployed,condition:3,brier,0.5336687588323301,0.1732529292403511,0.9020899397832111,"[0, 1, 2]","{""3"": [0, 1, 2]}",3,5
MLP16_seed42_source_selected,MLP16,42,validation,source_selected,0.0,deployed,condition:3,accuracy,0.6,0.2,1.0,"[0, 1, 2]","{""3"": [0, 1, 2]}",3,5
MLP16_seed42_source_selected,MLP16,42,validation,source_selected,0.0,deployed,condition:3,macro_f1,0.4333333333333333,0.1111111111111111,0.6666666666666666,"[0, 1, 2]","{""3"": [0, 1, 2]}",3,5
MLP16_seed42_source_selected,MLP16,42,validation,source_selected,0.0,deployed,source,ce,0.8785414470235507,0.3530252686142921,1.5593317017952601,"[0, 1, 2]","{""0"": [0, 1, 2], ""2"": [0, 1, 2], ""3"": [0, 1, 2]}",3,5
MLP16_seed42_source_selected,MLP16,42,validation,source_selected,0.0,deployed,source,brier,0.5343757163005584,0.17923324671974514,0.9124221157898257,"[0, 1, 2]","{""0"": [0, 1, 2], ""2"": [0, 1, 2], ""3"": [0, 1, 2]}",3,5
MLP16_seed42_source_selected,MLP16,42,validation,source_selected,0.0,deployed,source,accuracy,0.6,0.20000000000000004,1.0,"[0, 1, 2]","{""0"": [0, 1, 2], ""2"": [0, 1, 2], ""3"": [0, 1, 2]}",3,5
MLP16_seed42_source_selected,MLP16,42,validation,source_selected,0.0,deployed,source,macro_f1,0.4333333333333333,0.1111111111111111,0.6666666666666666,"[0, 1, 2]","{""0"": [0, 1, 2], ""2"": [0, 1, 2], ""3"": [0, 1, 2]}",3,5
O_seed42_source_selected,O,42,validation,source_selected,0.0,raw,condition:0,ce,0.872944663502276,0.3488147632032633,1.5782268345355988,"[0, 1, 2]","{""0"": [0, 1, 2]}",3,5
O_seed42_source_selected,O,42,validation,source_selected,0.0,raw,condition:0,brier,0.5282528904518441,0.1770684177029495,0.9175080943397065,"[0, 1, 2]","{""0"": [0, 1, 2]}",3,5
O_seed42_source_selected,O,42,validation,source_selected,0.0,raw,condition:0,accuracy,0.6,0.2,1.0,"[0, 1, 2]","{""0"": [0, 1, 2]}",3,5
O_seed42_source_selected,O,42,validation,source_selected,0.0,raw,condition:0,macro_f1,0.4333333333333333,0.1111111111111111,0.6666666666666666,"[0, 1, 2]","{""0"": [0, 1, 2]}",3,5
O_seed42_source_selected,O,42,validation,source_selected,0.0,raw,condition:2,ce,0.8872877224162222,0.3602600959688425,1.575750510543585,"[0, 1, 2]","{""2"": [0, 1, 2]}",3,5
O_seed42_source_selected,O,42,validation,source_selected,0.0,raw,condition:2,brier,0.541205499617501,0.1873783932159348,0.9176683132465598,"[0, 1, 2]","{""2"": [0, 1, 2]}",3,5
O_seed42_source_selected,O,42,validation,source_selected,0.0,raw,condition:2,accuracy,0.6,0.2,1.0,"[0, 1, 2]","{""2"": [0, 1, 2]}",3,5
O_seed42_source_selected,O,42,validation,source_selected,0.0,raw,condition:2,macro_f1,0.4333333333333333,0.1111111111111111,0.6666666666666666,"[0, 1, 2]","{""2"": [0, 1, 2]}",3,5
O_seed42_source_selected,O,42,validation,source_selected,0.0,raw,condition:3,ce,0.875391955152154,0.35000094667077064,1.5240177603065967,"[0, 1, 2]","{""3"": [0, 1, 2]}",3,5
O_seed42_source_selected,O,42,validation,source_selected,0.0,raw,condition:3,brier,0.5336687588323301,0.1732529292403511,0.9020899397832111,"[0, 1, 2]","{""3"": [0, 1, 2]}",3,5
O_seed42_source_selected,O,42,validation,source_selected,0.0,raw,condition:3,accuracy,0.6,0.2,1.0,"[0, 1, 2]","{""3"": [0, 1, 2]}",3,5
O_seed42_source_selected,O,42,validation,source_selected,0.0,raw,condition:3,macro_f1,0.4333333333333333,0.1111111111111111,0.6666666666666666,"[0, 1, 2]","{""3"": [0, 1, 2]}",3,5
O_seed42_source_selected,O,42,validation,source_selected,0.0,raw,source,ce,0.8785414470235507,0.3530252686142921,1.5593317017952601,"[0, 1, 2]","{""0"": [0, 1, 2], ""2"": [0, 1, 2], ""3"": [0, 1, 2]}",3,5
O_seed42_source_selected,O,42,validation,source_selected,0.0,raw,source,brier,0.5343757163005584,0.17923324671974514,0.9124221157898257,"[0, 1, 2]","{""0"": [0, 1, 2], ""2"": [0, 1, 2], ""3"": [0, 1, 2]}",3,5
O_seed42_source_selected,O,42,validation,source_selected,0.0,raw,source,accuracy,0.6,0.20000000000000004,1.0,"[0, 1, 2]","{""0"": [0, 1, 2], ""2"": [0, 1, 2], ""3"": [0, 1, 2]}",3,5
O_seed42_source_selected,O,42,validation,source_selected,0.0,raw,source,macro_f1,0.4333333333333333,0.1111111111111111,0.6666666666666666,"[0, 1, 2]","{""0"": [0, 1, 2], ""2"": [0, 1, 2], ""3"": [0, 1, 2]}",3,5
O_seed42_source_selected,O,42,validation,source_selected,0.0,candidate,condition:0,ce,0.9444205228239297,0.5253420321643352,1.363499013483524,"[0, 1, 2]","{""0"": [0, 1, 2]}",3,5
O_seed42_source_selected,O,42,validation,source_selected,0.0,candidate,condition:0,brier,0.5778756417752451,0.292995937746708,0.8627553458037822,"[0, 1, 2]","{""0"": [0, 1, 2]}",3,5
O_seed42_source_selected,O,42,validation,source_selected,0.0,candidate,condition:0,accuracy,0.6,0.2,1.0,"[0, 1, 2]","{""0"": [0, 1, 2]}",3,5
O_seed42_source_selected,O,42,validation,source_selected,0.0,candidate,condition:0,macro_f1,0.4333333333333333,0.1111111111111111,0.6666666666666666,"[0, 1, 2]","{""0"": [0, 1, 2]}",3,5
O_seed42_source_selected,O,42,validation,source_selected,0.0,candidate,condition:2,ce,0.9548910392075778,0.5342356546223164,1.375546423792839,"[0, 1, 2]","{""2"": [0, 1, 2]}",3,5
O_seed42_source_selected,O,42,validation,source_selected,0.0,candidate,condition:2,brier,0.5837218917084102,0.30500222015757067,0.8624415632592497,"[0, 1, 2]","{""2"": [0, 1, 2]}",3,5
O_seed42_source_selected,O,42,validation,source_selected,0.0,candidate,condition:2,accuracy,0.6,0.2,1.0,"[0, 1, 2]","{""2"": [0, 1, 2]}",3,5
O_seed42_source_selected,O,42,validation,source_selected,0.0,candidate,condition:2,macro_f1,0.4333333333333333,0.1111111111111111,0.6666666666666666,"[0, 1, 2]","{""2"": [0, 1, 2]}",3,5
O_seed42_source_selected,O,42,validation,source_selected,0.0,candidate,condition:3,ce,0.9458360236883163,0.5446419551968574,1.3470300921797753,"[0, 1, 2]","{""3"": [0, 1, 2]}",3,5
O_seed42_source_selected,O,42,validation,source_selected,0.0,candidate,condition:3,brier,0.5679523575592972,0.301079939883412,0.8348247752351824,"[0, 1, 2]","{""3"": [0, 1, 2]}",3,5
O_seed42_source_selected,O,42,validation,source_selected,0.0,candidate,condition:3,accuracy,0.6,0.2,1.0,"[0, 1, 2]","{""3"": [0, 1, 2]}",3,5
O_seed42_source_selected,O,42,validation,source_selected,0.0,candidate,condition:3,macro_f1,0.4333333333333333,0.1111111111111111,0.6666666666666666,"[0, 1, 2]","{""3"": [0, 1, 2]}",3,5
O_seed42_source_selected,O,42,validation,source_selected,0.0,candidate,source,ce,0.9483825285732745,0.5347398806611697,1.3620251764853795,"[0, 1, 2]","{""0"": [0, 1, 2], ""2"": [0, 1, 2], ""3"": [0, 1, 2]}",3,5
O_seed42_source_selected,O,42,validation,source_selected,0.0,candidate,source,brier,0.5765166303476508,0.29969269926256353,0.8533405614327382,"[0, 1, 2]","{""0"": [0, 1, 2], ""2"": [0, 1, 2], ""3"": [0, 1, 2]}",3,5
O_seed42_source_selected,O,42,validation,source_selected,0.0,candidate,source,accuracy,0.6,0.20000000000000004,1.0,"[0, 1, 2]","{""0"": [0, 1, 2], ""2"": [0, 1, 2], ""3"": [0, 1, 2]}",3,5
O_seed42_source_selected,O,42,validation,source_selected,0.0,candidate,source,macro_f1,0.4333333333333333,0.1111111111111111,0.6666666666666666,"[0, 1, 2]","{""0"": [0, 1, 2], ""2"": [0, 1, 2], ""3"": [0, 1, 2]}",3,5
O_seed42_source_selected,O,42,validation,source_selected,0.0,deployed,condition:0,ce,0.872944663502276,0.3488147632032633,1.5782268345355988,"[0, 1, 2]","{""0"": [0, 1, 2]}",3,5
O_seed42_source_selected,O,42,validation,source_selected,0.0,deployed,condition:0,brier,0.5282528904518441,0.1770684177029495,0.9175080943397065,"[0, 1, 2]","{""0"": [0, 1, 2]}",3,5
O_seed42_source_selected,O,42,validation,source_selected,0.0,deployed,condition:0,accuracy,0.6,0.2,1.0,"[0, 1, 2]","{""0"": [0, 1, 2]}",3,5
O_seed42_source_selected,O,42,validation,source_selected,0.0,deployed,condition:0,macro_f1,0.4333333333333333,0.1111111111111111,0.6666666666666666,"[0, 1, 2]","{""0"": [0, 1, 2]}",3,5
O_seed42_source_selected,O,42,validation,source_selected,0.0,deployed,condition:2,ce,0.8872877224162222,0.3602600959688425,1.575750510543585,"[0, 1, 2]","{""2"": [0, 1, 2]}",3,5
O_seed42_source_selected,O,42,validation,source_selected,0.0,deployed,condition:2,brier,0.541205499617501,0.1873783932159348,0.9176683132465598,"[0, 1, 2]","{""2"": [0, 1, 2]}",3,5
O_seed42_source_selected,O,42,validation,source_selected,0.0,deployed,condition:2,accuracy,0.6,0.2,1.0,"[0, 1, 2]","{""2"": [0, 1, 2]}",3,5
O_seed42_source_selected,O,42,validation,source_selected,0.0,deployed,condition:2,macro_f1,0.4333333333333333,0.1111111111111111,0.6666666666666666,"[0, 1, 2]","{""2"": [0, 1, 2]}",3,5
O_seed42_source_selected,O,42,validation,source_selected,0.0,deployed,condition:3,ce,0.875391955152154,0.35000094667077064,1.5240177603065967,"[0, 1, 2]","{""3"": [0, 1, 2]}",3,5
O_seed42_source_selected,O,42,validation,source_selected,0.0,deployed,condition:3,brier,0.5336687588323301,0.1732529292403511,0.9020899397832111,"[0, 1, 2]","{""3"": [0, 1, 2]}",3,5
O_seed42_source_selected,O,42,validation,source_selected,0.0,deployed,condition:3,accuracy,0.6,0.2,1.0,"[0, 1, 2]","{""3"": [0, 1, 2]}",3,5
O_seed42_source_selected,O,42,validation,source_selected,0.0,deployed,condition:3,macro_f1,0.4333333333333333,0.1111111111111111,0.6666666666666666,"[0, 1, 2]","{""3"": [0, 1, 2]}",3,5
O_seed42_source_selected,O,42,validation,source_selected,0.0,deployed,source,ce,0.8785414470235507,0.3530252686142921,1.5593317017952601,"[0, 1, 2]","{""0"": [0, 1, 2], ""2"": [0, 1, 2], ""3"": [0, 1, 2]}",3,5
O_seed42_source_selected,O,42,validation,source_selected,0.0,deployed,source,brier,0.5343757163005584,0.17923324671974514,0.9124221157898257,"[0, 1, 2]","{""0"": [0, 1, 2], ""2"": [0, 1, 2], ""3"": [0, 1, 2]}",3,5
O_seed42_source_selected,O,42,validation,source_selected,0.0,deployed,source,accuracy,0.6,0.20000000000000004,1.0,"[0, 1, 2]","{""0"": [0, 1, 2], ""2"": [0, 1, 2], ""3"": [0, 1, 2]}",3,5
O_seed42_source_selected,O,42,validation,source_selected,0.0,deployed,source,macro_f1,0.4333333333333333,0.1111111111111111,0.6666666666666666,"[0, 1, 2]","{""0"": [0, 1, 2], ""2"": [0, 1, 2], ""3"": [0, 1, 2]}",3,5
RC_seed42_source_selected,RC,42,validation,source_selected,0.0,raw,condition:0,ce,0.872944663502276,0.3488147632032633,1.5782268345355988,"[0, 1, 2]","{""0"": [0, 1, 2]}",3,5
RC_seed42_source_selected,RC,42,validation,source_selected,0.0,raw,condition:0,brier,0.5282528904518441,0.1770684177029495,0.9175080943397065,"[0, 1, 2]","{""0"": [0, 1, 2]}",3,5
RC_seed42_source_selected,RC,42,validation,source_selected,0.0,raw,condition:0,accuracy,0.6,0.2,1.0,"[0, 1, 2]","{""0"": [0, 1, 2]}",3,5
RC_seed42_source_selected,RC,42,validation,source_selected,0.0,raw,condition:0,macro_f1,0.4333333333333333,0.1111111111111111,0.6666666666666666,"[0, 1, 2]","{""0"": [0, 1, 2]}",3,5
RC_seed42_source_selected,RC,42,validation,source_selected,0.0,raw,condition:2,ce,0.8872877224162222,0.3602600959688425,1.575750510543585,"[0, 1, 2]","{""2"": [0, 1, 2]}",3,5
RC_seed42_source_selected,RC,42,validation,source_selected,0.0,raw,condition:2,brier,0.541205499617501,0.1873783932159348,0.9176683132465598,"[0, 1, 2]","{""2"": [0, 1, 2]}",3,5
RC_seed42_source_selected,RC,42,validation,source_selected,0.0,raw,condition:2,accuracy,0.6,0.2,1.0,"[0, 1, 2]","{""2"": [0, 1, 2]}",3,5
RC_seed42_source_selected,RC,42,validation,source_selected,0.0,raw,condition:2,macro_f1,0.4333333333333333,0.1111111111111111,0.6666666666666666,"[0, 1, 2]","{""2"": [0, 1, 2]}",3,5
RC_seed42_source_selected,RC,42,validation,source_selected,0.0,raw,condition:3,ce,0.875391955152154,0.35000094667077064,1.5240177603065967,"[0, 1, 2]","{""3"": [0, 1, 2]}",3,5
RC_seed42_source_selected,RC,42,validation,source_selected,0.0,raw,condition:3,brier,0.5336687588323301,0.1732529292403511,0.9020899397832111,"[0, 1, 2]","{""3"": [0, 1, 2]}",3,5
RC_seed42_source_selected,RC,42,validation,source_selected,0.0,raw,condition:3,accuracy,0.6,0.2,1.0,"[0, 1, 2]","{""3"": [0, 1, 2]}",3,5
RC_seed42_source_selected,RC,42,validation,source_selected,0.0,raw,condition:3,macro_f1,0.4333333333333333,0.1111111111111111,0.6666666666666666,"[0, 1, 2]","{""3"": [0, 1, 2]}",3,5
RC_seed42_source_selected,RC,42,validation,source_selected,0.0,raw,source,ce,0.8785414470235507,0.3530252686142921,1.5593317017952601,"[0, 1, 2]","{""0"": [0, 1, 2], ""2"": [0, 1, 2], ""3"": [0, 1, 2]}",3,5
RC_seed42_source_selected,RC,42,validation,source_selected,0.0,raw,source,brier,0.5343757163005584,0.17923324671974514,0.9124221157898257,"[0, 1, 2]","{""0"": [0, 1, 2], ""2"": [0, 1, 2], ""3"": [0, 1, 2]}",3,5
RC_seed42_source_selected,RC,42,validation,source_selected,0.0,raw,source,accuracy,0.6,0.20000000000000004,1.0,"[0, 1, 2]","{""0"": [0, 1, 2], ""2"": [0, 1, 2], ""3"": [0, 1, 2]}",3,5
RC_seed42_source_selected,RC,42,validation,source_selected,0.0,raw,source,macro_f1,0.4333333333333333,0.1111111111111111,0.6666666666666666,"[0, 1, 2]","{""0"": [0, 1, 2], ""2"": [0, 1, 2], ""3"": [0, 1, 2]}",3,5
RC_seed42_source_selected,RC,42,validation,source_selected,0.0,candidate,condition:0,ce,0.9214476776123046,0.4865031135082245,1.3563922417163847,"[0, 1, 2]","{""0"": [0, 1, 2]}",3,5
RC_seed42_source_selected,RC,42,validation,source_selected,0.0,candidate,condition:0,brier,0.5713192253970547,0.2731100110752589,0.8714405423793977,"[0, 1, 2]","{""0"": [0, 1, 2]}",3,5
RC_seed42_source_selected,RC,42,validation,source_selected,0.0,candidate,condition:0,accuracy,0.6,0.2,1.0,"[0, 1, 2]","{""0"": [0, 1, 2]}",3,5
RC_seed42_source_selected,RC,42,validation,source_selected,0.0,candidate,condition:0,macro_f1,0.4333333333333333,0.1111111111111111,0.6666666666666666,"[0, 1, 2]","{""0"": [0, 1, 2]}",3,5
RC_seed42_source_selected,RC,42,validation,source_selected,0.0,candidate,condition:2,ce,0.9352294085174799,0.49859567567706103,1.3718631413578986,"[0, 1, 2]","{""2"": [0, 1, 2]}",3,5
RC_seed42_source_selected,RC,42,validation,source_selected,0.0,candidate,condition:2,brier,0.5778985807875004,0.28721153670310484,0.8713870874484891,"[0, 1, 2]","{""2"": [0, 1, 2]}",3,5
RC_seed42_source_selected,RC,42,validation,source_selected,0.0,candidate,condition:2,accuracy,0.6,0.2,1.0,"[0, 1, 2]","{""2"": [0, 1, 2]}",3,5
RC_seed42_source_selected,RC,42,validation,source_selected,0.0,candidate,condition:2,macro_f1,0.4333333333333333,0.1111111111111111,0.6666666666666666,"[0, 1, 2]","{""2"": [0, 1, 2]}",3,5
RC_seed42_source_selected,RC,42,validation,source_selected,0.0,candidate,condition:3,ce,0.9275921282172203,0.4985008493065834,1.3615163205564023,"[0, 1, 2]","{""3"": [0, 1, 2]}",3,5
RC_seed42_source_selected,RC,42,validation,source_selected,0.0,candidate,condition:3,brier,0.5561023879631737,0.2712736669018579,0.8409311090244895,"[0, 1, 2]","{""3"": [0, 1, 2]}",3,5
RC_seed42_source_selected,RC,42,validation,source_selected,0.0,candidate,condition:3,accuracy,0.6,0.2,1.0,"[0, 1, 2]","{""3"": [0, 1, 2]}",3,5
RC_seed42_source_selected,RC,42,validation,source_selected,0.0,candidate,condition:3,macro_f1,0.4333333333333333,0.1111111111111111,0.6666666666666666,"[0, 1, 2]","{""3"": [0, 1, 2]}",3,5
RC_seed42_source_selected,RC,42,validation,source_selected,0.0,candidate,source,ce,0.9280897381156682,0.494533212830623,1.3616462634007134,"[0, 1, 2]","{""0"": [0, 1, 2], ""2"": [0, 1, 2], ""3"": [0, 1, 2]}",3,5
RC_seed42_source_selected,RC,42,validation,source_selected,0.0,candidate,source,brier,0.5684400647159097,0.27719840489340725,0.859681724538412,"[0, 1, 2]","{""0"": [0, 1, 2], ""2"": [0, 1, 2], ""3"": [0, 1, 2]}",3,5
RC_seed42_source_selected,RC,42,validation,source_selected,0.0,candidate,source,accuracy,0.6,0.20000000000000004,1.0,"[0, 1, 2]","{""0"": [0, 1, 2], ""2"": [0, 1, 2], ""3"": [0, 1, 2]}",3,5
RC_seed42_source_selected,RC,42,validation,source_selected,0.0,candidate,source,macro_f1,0.4333333333333333,0.1111111111111111,0.6666666666666666,"[0, 1, 2]","{""0"": [0, 1, 2], ""2"": [0, 1, 2], ""3"": [0, 1, 2]}",3,5
RC_seed42_source_selected,RC,42,validation,source_selected,0.0,deployed,condition:0,ce,0.872944663502276,0.3488147632032633,1.5782268345355988,"[0, 1, 2]","{""0"": [0, 1, 2]}",3,5
RC_seed42_source_selected,RC,42,validation,source_selected,0.0,deployed,condition:0,brier,0.5282528904518441,0.1770684177029495,0.9175080943397065,"[0, 1, 2]","{""0"": [0, 1, 2]}",3,5
RC_seed42_source_selected,RC,42,validation,source_selected,0.0,deployed,condition:0,accuracy,0.6,0.2,1.0,"[0, 1, 2]","{""0"": [0, 1, 2]}",3,5
RC_seed42_source_selected,RC,42,validation,source_selected,0.0,deployed,condition:0,macro_f1,0.4333333333333333,0.1111111111111111,0.6666666666666666,"[0, 1, 2]","{""0"": [0, 1, 2]}",3,5
RC_seed42_source_selected,RC,42,validation,source_selected,0.0,deployed,condition:2,ce,0.8872877224162222,0.3602600959688425,1.575750510543585,"[0, 1, 2]","{""2"": [0, 1, 2]}",3,5
RC_seed42_source_selected,RC,42,validation,source_selected,0.0,deployed,condition:2,brier,0.541205499617501,0.1873783932159348,0.9176683132465598,"[0, 1, 2]","{""2"": [0, 1, 2]}",3,5
RC_seed42_source_selected,RC,42,validation,source_selected,0.0,deployed,condition:2,accuracy,0.6,0.2,1.0,"[0, 1, 2]","{""2"": [0, 1, 2]}",3,5
RC_seed42_source_selected,RC,42,validation,source_selected,0.0,deployed,condition:2,macro_f1,0.4333333333333333,0.1111111111111111,0.6666666666666666,"[0, 1, 2]","{""2"": [0, 1, 2]}",3,5
RC_seed42_source_selected,RC,42,validation,source_selected,0.0,deployed,condition:3,ce,0.875391955152154,0.35000094667077064,1.5240177603065967,"[0, 1, 2]","{""3"": [0, 1, 2]}",3,5
RC_seed42_source_selected,RC,42,validation,source_selected,0.0,deployed,condition:3,brier,0.5336687588323301,0.1732529292403511,0.9020899397832111,"[0, 1, 2]","{""3"": [0, 1, 2]}",3,5
RC_seed42_source_selected,RC,42,validation,source_selected,0.0,deployed,condition:3,accuracy,0.6,0.2,1.0,"[0, 1, 2]","{""3"": [0, 1, 2]}",3,5
RC_seed42_source_selected,RC,42,validation,source_selected,0.0,deployed,condition:3,macro_f1,0.4333333333333333,0.1111111111111111,0.6666666666666666,"[0, 1, 2]","{""3"": [0, 1, 2]}",3,5
RC_seed42_source_selected,RC,42,validation,source_selected,0.0,deployed,source,ce,0.8785414470235507,0.3530252686142921,1.5593317017952601,"[0, 1, 2]","{""0"": [0, 1, 2], ""2"": [0, 1, 2], ""3"": [0, 1, 2]}",3,5
RC_seed42_source_selected,RC,42,validation,source_selected,0.0,deployed,source,brier,0.5343757163005584,0.17923324671974514,0.9124221157898257,"[0, 1, 2]","{""0"": [0, 1, 2], ""2"": [0, 1, 2], ""3"": [0, 1, 2]}",3,5
RC_seed42_source_selected,RC,42,validation,source_selected,0.0,deployed,source,accuracy,0.6,0.20000000000000004,1.0,"[0, 1, 2]","{""0"": [0, 1, 2], ""2"": [0, 1, 2], ""3"": [0, 1, 2]}",3,5
RC_seed42_source_selected,RC,42,validation,source_selected,0.0,deployed,source,macro_f1,0.4333333333333333,0.1111111111111111,0.6666666666666666,"[0, 1, 2]","{""0"": [0, 1, 2], ""2"": [0, 1, 2], ""3"": [0, 1, 2]}",3,5
raw_reference,raw,42,validation,raw,0.0,raw,condition:0,ce,0.872944663502276,0.3488147632032633,1.5782268345355988,"[0, 1, 2]","{""0"": [0, 1, 2]}",3,5
raw_reference,raw,42,validation,raw,0.0,raw,condition:0,brier,0.5282528904518441,0.1770684177029495,0.9175080943397065,"[0, 1, 2]","{""0"": [0, 1, 2]}",3,5
raw_reference,raw,42,validation,raw,0.0,raw,condition:0,accuracy,0.6,0.2,1.0,"[0, 1, 2]","{""0"": [0, 1, 2]}",3,5
raw_reference,raw,42,validation,raw,0.0,raw,condition:0,macro_f1,0.4333333333333333,0.1111111111111111,0.6666666666666666,"[0, 1, 2]","{""0"": [0, 1, 2]}",3,5
raw_reference,raw,42,validation,raw,0.0,raw,condition:2,ce,0.8872877224162222,0.3602600959688425,1.575750510543585,"[0, 1, 2]","{""2"": [0, 1, 2]}",3,5
raw_reference,raw,42,validation,raw,0.0,raw,condition:2,brier,0.541205499617501,0.1873783932159348,0.9176683132465598,"[0, 1, 2]","{""2"": [0, 1, 2]}",3,5
raw_reference,raw,42,validation,raw,0.0,raw,condition:2,accuracy,0.6,0.2,1.0,"[0, 1, 2]","{""2"": [0, 1, 2]}",3,5
raw_reference,raw,42,validation,raw,0.0,raw,condition:2,macro_f1,0.4333333333333333,0.1111111111111111,0.6666666666666666,"[0, 1, 2]","{""2"": [0, 1, 2]}",3,5
raw_reference,raw,42,validation,raw,0.0,raw,condition:3,ce,0.875391955152154,0.35000094667077064,1.5240177603065967,"[0, 1, 2]","{""3"": [0, 1, 2]}",3,5
raw_reference,raw,42,validation,raw,0.0,raw,condition:3,brier,0.5336687588323301,0.1732529292403511,0.9020899397832111,"[0, 1, 2]","{""3"": [0, 1, 2]}",3,5
raw_reference,raw,42,validation,raw,0.0,raw,condition:3,accuracy,0.6,0.2,1.0,"[0, 1, 2]","{""3"": [0, 1, 2]}",3,5
raw_reference,raw,42,validation,raw,0.0,raw,condition:3,macro_f1,0.4333333333333333,0.1111111111111111,0.6666666666666666,"[0, 1, 2]","{""3"": [0, 1, 2]}",3,5
raw_reference,raw,42,validation,raw,0.0,raw,source,ce,0.8785414470235507,0.3530252686142921,1.5593317017952601,"[0, 1, 2]","{""0"": [0, 1, 2], ""2"": [0, 1, 2], ""3"": [0, 1, 2]}",3,5
raw_reference,raw,42,validation,raw,0.0,raw,source,brier,0.5343757163005584,0.17923324671974514,0.9124221157898257,"[0, 1, 2]","{""0"": [0, 1, 2], ""2"": [0, 1, 2], ""3"": [0, 1, 2]}",3,5
raw_reference,raw,42,validation,raw,0.0,raw,source,accuracy,0.6,0.20000000000000004,1.0,"[0, 1, 2]","{""0"": [0, 1, 2], ""2"": [0, 1, 2], ""3"": [0, 1, 2]}",3,5
raw_reference,raw,42,validation,raw,0.0,raw,source,macro_f1,0.4333333333333333,0.1111111111111111,0.6666666666666666,"[0, 1, 2]","{""0"": [0, 1, 2], ""2"": [0, 1, 2], ""3"": [0, 1, 2]}",3,5
raw_reference,raw,42,validation,raw,0.0,candidate,condition:0,ce,0.9444205228239297,0.5253420321643352,1.363499013483524,"[0, 1, 2]","{""0"": [0, 1, 2]}",3,5
raw_reference,raw,42,validation,raw,0.0,candidate,condition:0,brier,0.5778756417752451,0.292995937746708,0.8627553458037822,"[0, 1, 2]","{""0"": [0, 1, 2]}",3,5
raw_reference,raw,42,validation,raw,0.0,candidate,condition:0,accuracy,0.6,0.2,1.0,"[0, 1, 2]","{""0"": [0, 1, 2]}",3,5
raw_reference,raw,42,validation,raw,0.0,candidate,condition:0,macro_f1,0.4333333333333333,0.1111111111111111,0.6666666666666666,"[0, 1, 2]","{""0"": [0, 1, 2]}",3,5
raw_reference,raw,42,validation,raw,0.0,candidate,condition:2,ce,0.9548910392075778,0.5342356546223164,1.375546423792839,"[0, 1, 2]","{""2"": [0, 1, 2]}",3,5
raw_reference,raw,42,validation,raw,0.0,candidate,condition:2,brier,0.5837218917084102,0.30500222015757067,0.8624415632592497,"[0, 1, 2]","{""2"": [0, 1, 2]}",3,5
raw_reference,raw,42,validation,raw,0.0,candidate,condition:2,accuracy,0.6,0.2,1.0,"[0, 1, 2]","{""2"": [0, 1, 2]}",3,5
raw_reference,raw,42,validation,raw,0.0,candidate,condition:2,macro_f1,0.4333333333333333,0.1111111111111111,0.6666666666666666,"[0, 1, 2]","{""2"": [0, 1, 2]}",3,5
raw_reference,raw,42,validation,raw,0.0,candidate,condition:3,ce,0.9458360236883163,0.5446419551968574,1.3470300921797753,"[0, 1, 2]","{""3"": [0, 1, 2]}",3,5
raw_reference,raw,42,validation,raw,0.0,candidate,condition:3,brier,0.5679523575592972,0.301079939883412,0.8348247752351824,"[0, 1, 2]","{""3"": [0, 1, 2]}",3,5
raw_reference,raw,42,validation,raw,0.0,candidate,condition:3,accuracy,0.6,0.2,1.0,"[0, 1, 2]","{""3"": [0, 1, 2]}",3,5
raw_reference,raw,42,validation,raw,0.0,candidate,condition:3,macro_f1,0.4333333333333333,0.1111111111111111,0.6666666666666666,"[0, 1, 2]","{""3"": [0, 1, 2]}",3,5
raw_reference,raw,42,validation,raw,0.0,candidate,source,ce,0.9483825285732745,0.5347398806611697,1.3620251764853795,"[0, 1, 2]","{""0"": [0, 1, 2], ""2"": [0, 1, 2], ""3"": [0, 1, 2]}",3,5
raw_reference,raw,42,validation,raw,0.0,candidate,source,brier,0.5765166303476508,0.29969269926256353,0.8533405614327382,"[0, 1, 2]","{""0"": [0, 1, 2], ""2"": [0, 1, 2], ""3"": [0, 1, 2]}",3,5
raw_reference,raw,42,validation,raw,0.0,candidate,source,accuracy,0.6,0.20000000000000004,1.0,"[0, 1, 2]","{""0"": [0, 1, 2], ""2"": [0, 1, 2], ""3"": [0, 1, 2]}",3,5
raw_reference,raw,42,validation,raw,0.0,candidate,source,macro_f1,0.4333333333333333,0.1111111111111111,0.6666666666666666,"[0, 1, 2]","{""0"": [0, 1, 2], ""2"": [0, 1, 2], ""3"": [0, 1, 2]}",3,5
raw_reference,raw,42,validation,raw,0.0,deployed,condition:0,ce,0.872944663502276,0.3488147632032633,1.5782268345355988,"[0, 1, 2]","{""0"": [0, 1, 2]}",3,5
raw_reference,raw,42,validation,raw,0.0,deployed,condition:0,brier,0.5282528904518441,0.1770684177029495,0.9175080943397065,"[0, 1, 2]","{""0"": [0, 1, 2]}",3,5
raw_reference,raw,42,validation,raw,0.0,deployed,condition:0,accuracy,0.6,0.2,1.0,"[0, 1, 2]","{""0"": [0, 1, 2]}",3,5
raw_reference,raw,42,validation,raw,0.0,deployed,condition:0,macro_f1,0.4333333333333333,0.1111111111111111,0.6666666666666666,"[0, 1, 2]","{""0"": [0, 1, 2]}",3,5
raw_reference,raw,42,validation,raw,0.0,deployed,condition:2,ce,0.8872877224162222,0.3602600959688425,1.575750510543585,"[0, 1, 2]","{""2"": [0, 1, 2]}",3,5
raw_reference,raw,42,validation,raw,0.0,deployed,condition:2,brier,0.541205499617501,0.1873783932159348,0.9176683132465598,"[0, 1, 2]","{""2"": [0, 1, 2]}",3,5
raw_reference,raw,42,validation,raw,0.0,deployed,condition:2,accuracy,0.6,0.2,1.0,"[0, 1, 2]","{""2"": [0, 1, 2]}",3,5
raw_reference,raw,42,validation,raw,0.0,deployed,condition:2,macro_f1,0.4333333333333333,0.1111111111111111,0.6666666666666666,"[0, 1, 2]","{""2"": [0, 1, 2]}",3,5
raw_reference,raw,42,validation,raw,0.0,deployed,condition:3,ce,0.875391955152154,0.35000094667077064,1.5240177603065967,"[0, 1, 2]","{""3"": [0, 1, 2]}",3,5
raw_reference,raw,42,validation,raw,0.0,deployed,condition:3,brier,0.5336687588323301,0.1732529292403511,0.9020899397832111,"[0, 1, 2]","{""3"": [0, 1, 2]}",3,5
raw_reference,raw,42,validation,raw,0.0,deployed,condition:3,accuracy,0.6,0.2,1.0,"[0, 1, 2]","{""3"": [0, 1, 2]}",3,5
raw_reference,raw,42,validation,raw,0.0,deployed,condition:3,macro_f1,0.4333333333333333,0.1111111111111111,0.6666666666666666,"[0, 1, 2]","{""3"": [0, 1, 2]}",3,5
raw_reference,raw,42,validation,raw,0.0,deployed,source,ce,0.8785414470235507,0.3530252686142921,1.5593317017952601,"[0, 1, 2]","{""0"": [0, 1, 2], ""2"": [0, 1, 2], ""3"": [0, 1, 2]}",3,5
raw_reference,raw,42,validation,raw,0.0,deployed,source,brier,0.5343757163005584,0.17923324671974514,0.9124221157898257,"[0, 1, 2]","{""0"": [0, 1, 2], ""2"": [0, 1, 2], ""3"": [0, 1, 2]}",3,5
raw_reference,raw,42,validation,raw,0.0,deployed,source,accuracy,0.6,0.20000000000000004,1.0,"[0, 1, 2]","{""0"": [0, 1, 2], ""2"": [0, 1, 2], ""3"": [0, 1, 2]}",3,5
raw_reference,raw,42,validation,raw,0.0,deployed,source,macro_f1,0.4333333333333333,0.1111111111111111,0.6666666666666666,"[0, 1, 2]","{""0"": [0, 1, 2], ""2"": [0, 1, 2], ""3"": [0, 1, 2]}",3,5
adopted,temperature,42,validation,adopted,0.0,raw,condition:0,ce,0.872944663502276,0.3488147632032633,1.5782268345355988,"[0, 1, 2]","{""0"": [0, 1, 2]}",3,5
adopted,temperature,42,validation,adopted,0.0,raw,condition:0,brier,0.5282528904518441,0.1770684177029495,0.9175080943397065,"[0, 1, 2]","{""0"": [0, 1, 2]}",3,5
adopted,temperature,42,validation,adopted,0.0,raw,condition:0,accuracy,0.6,0.2,1.0,"[0, 1, 2]","{""0"": [0, 1, 2]}",3,5
adopted,temperature,42,validation,adopted,0.0,raw,condition:0,macro_f1,0.4333333333333333,0.1111111111111111,0.6666666666666666,"[0, 1, 2]","{""0"": [0, 1, 2]}",3,5
adopted,temperature,42,validation,adopted,0.0,raw,condition:2,ce,0.8872877224162222,0.3602600959688425,1.575750510543585,"[0, 1, 2]","{""2"": [0, 1, 2]}",3,5
adopted,temperature,42,validation,adopted,0.0,raw,condition:2,brier,0.541205499617501,0.1873783932159348,0.9176683132465598,"[0, 1, 2]","{""2"": [0, 1, 2]}",3,5
adopted,temperature,42,validation,adopted,0.0,raw,condition:2,accuracy,0.6,0.2,1.0,"[0, 1, 2]","{""2"": [0, 1, 2]}",3,5
adopted,temperature,42,validation,adopted,0.0,raw,condition:2,macro_f1,0.4333333333333333,0.1111111111111111,0.6666666666666666,"[0, 1, 2]","{""2"": [0, 1, 2]}",3,5
adopted,temperature,42,validation,adopted,0.0,raw,condition:3,ce,0.875391955152154,0.35000094667077064,1.5240177603065967,"[0, 1, 2]","{""3"": [0, 1, 2]}",3,5
adopted,temperature,42,validation,adopted,0.0,raw,condition:3,brier,0.5336687588323301,0.1732529292403511,0.9020899397832111,"[0, 1, 2]","{""3"": [0, 1, 2]}",3,5
adopted,temperature,42,validation,adopted,0.0,raw,condition:3,accuracy,0.6,0.2,1.0,"[0, 1, 2]","{""3"": [0, 1, 2]}",3,5
adopted,temperature,42,validation,adopted,0.0,raw,condition:3,macro_f1,0.4333333333333333,0.1111111111111111,0.6666666666666666,"[0, 1, 2]","{""3"": [0, 1, 2]}",3,5
adopted,temperature,42,validation,adopted,0.0,raw,source,ce,0.8785414470235507,0.3530252686142921,1.5593317017952601,"[0, 1, 2]","{""0"": [0, 1, 2], ""2"": [0, 1, 2], ""3"": [0, 1, 2]}",3,5
adopted,temperature,42,validation,adopted,0.0,raw,source,brier,0.5343757163005584,0.17923324671974514,0.9124221157898257,"[0, 1, 2]","{""0"": [0, 1, 2], ""2"": [0, 1, 2], ""3"": [0, 1, 2]}",3,5
adopted,temperature,42,validation,adopted,0.0,raw,source,accuracy,0.6,0.20000000000000004,1.0,"[0, 1, 2]","{""0"": [0, 1, 2], ""2"": [0, 1, 2], ""3"": [0, 1, 2]}",3,5
adopted,temperature,42,validation,adopted,0.0,raw,source,macro_f1,0.4333333333333333,0.1111111111111111,0.6666666666666666,"[0, 1, 2]","{""0"": [0, 1, 2], ""2"": [0, 1, 2], ""3"": [0, 1, 2]}",3,5
adopted,temperature,42,validation,adopted,0.0,candidate,condition:0,ce,0.8441699528694153,0.46274913489818575,1.3671999812126159,"[0, 1, 2]","{""0"": [0, 1, 2]}",3,5
adopted,temperature,42,validation,adopted,0.0,candidate,condition:0,brier,0.5159618434079822,0.2519299350223255,0.8240461430605969,"[0, 1, 2]","{""0"": [0, 1, 2]}",3,5
adopted,temperature,42,validation,adopted,0.0,candidate,condition:0,accuracy,0.6,0.2,1.0,"[0, 1, 2]","{""0"": [0, 1, 2]}",3,5
adopted,temperature,42,validation,adopted,0.0,candidate,condition:0,macro_f1,0.4333333333333333,0.1111111111111111,0.6666666666666666,"[0, 1, 2]","{""0"": [0, 1, 2]}",3,5
adopted,temperature,42,validation,adopted,0.0,candidate,condition:2,ce,0.854351928010583,0.4705739857256413,1.3667835861444473,"[0, 1, 2]","{""2"": [0, 1, 2]}",3,5
adopted,temperature,42,validation,adopted,0.0,candidate,condition:2,brier,0.5253281130584859,0.2601746086280915,0.824179489892843,"[0, 1, 2]","{""2"": [0, 1, 2]}",3,5
adopted,temperature,42,validation,adopted,0.0,candidate,condition:2,accuracy,0.6,0.2,1.0,"[0, 1, 2]","{""2"": [0, 1, 2]}",3,5
adopted,temperature,42,validation,adopted,0.0,candidate,condition:2,macro_f1,0.4333333333333333,0.1111111111111111,0.6666666666666666,"[0, 1, 2]","{""2"": [0, 1, 2]}",3,5
adopted,temperature,42,validation,adopted,0.0,candidate,condition:3,ce,0.8527387279272081,0.4691553092002868,1.3373230233788491,"[0, 1, 2]","{""3"": [0, 1, 2]}",3,5
adopted,temperature,42,validation,adopted,0.0,candidate,condition:3,brier,0.5206859391269664,0.2534958794533978,0.8105283285783745,"[0, 1, 2]","{""3"": [0, 1, 2]}",3,5
adopted,temperature,42,validation,adopted,0.0,candidate,condition:3,accuracy,0.6,0.2,1.0,"[0, 1, 2]","{""3"": [0, 1, 2]}",3,5
adopted,temperature,42,validation,adopted,0.0,candidate,condition:3,macro_f1,0.4333333333333333,0.1111111111111111,0.6666666666666666,"[0, 1, 2]","{""3"": [0, 1, 2]}",3,5
adopted,temperature,42,validation,adopted,0.0,candidate,source,ce,0.8504202029357355,0.4674928099413713,1.3571021969119705,"[0, 1, 2]","{""0"": [0, 1, 2], ""2"": [0, 1, 2], ""3"": [0, 1, 2]}",3,5
adopted,temperature,42,validation,adopted,0.0,candidate,source,brier,0.5206586318644781,0.2552001410346049,0.8195846538439381,"[0, 1, 2]","{""0"": [0, 1, 2], ""2"": [0, 1, 2], ""3"": [0, 1, 2]}",3,5
adopted,temperature,42,validation,adopted,0.0,candidate,source,accuracy,0.6,0.20000000000000004,1.0,"[0, 1, 2]","{""0"": [0, 1, 2], ""2"": [0, 1, 2], ""3"": [0, 1, 2]}",3,5
adopted,temperature,42,validation,adopted,0.0,candidate,source,macro_f1,0.4333333333333333,0.1111111111111111,0.6666666666666666,"[0, 1, 2]","{""0"": [0, 1, 2], ""2"": [0, 1, 2], ""3"": [0, 1, 2]}",3,5
adopted,temperature,42,validation,adopted,0.0,deployed,condition:0,ce,0.872944663502276,0.3488147632032633,1.5782268345355988,"[0, 1, 2]","{""0"": [0, 1, 2]}",3,5
adopted,temperature,42,validation,adopted,0.0,deployed,condition:0,brier,0.5282528904518441,0.1770684177029495,0.9175080943397065,"[0, 1, 2]","{""0"": [0, 1, 2]}",3,5
adopted,temperature,42,validation,adopted,0.0,deployed,condition:0,accuracy,0.6,0.2,1.0,"[0, 1, 2]","{""0"": [0, 1, 2]}",3,5
adopted,temperature,42,validation,adopted,0.0,deployed,condition:0,macro_f1,0.4333333333333333,0.1111111111111111,0.6666666666666666,"[0, 1, 2]","{""0"": [0, 1, 2]}",3,5
adopted,temperature,42,validation,adopted,0.0,deployed,condition:2,ce,0.8872877224162222,0.3602600959688425,1.575750510543585,"[0, 1, 2]","{""2"": [0, 1, 2]}",3,5
adopted,temperature,42,validation,adopted,0.0,deployed,condition:2,brier,0.541205499617501,0.1873783932159348,0.9176683132465598,"[0, 1, 2]","{""2"": [0, 1, 2]}",3,5
adopted,temperature,42,validation,adopted,0.0,deployed,condition:2,accuracy,0.6,0.2,1.0,"[0, 1, 2]","{""2"": [0, 1, 2]}",3,5
adopted,temperature,42,validation,adopted,0.0,deployed,condition:2,macro_f1,0.4333333333333333,0.1111111111111111,0.6666666666666666,"[0, 1, 2]","{""2"": [0, 1, 2]}",3,5
adopted,temperature,42,validation,adopted,0.0,deployed,condition:3,ce,0.875391955152154,0.35000094667077064,1.5240177603065967,"[0, 1, 2]","{""3"": [0, 1, 2]}",3,5
adopted,temperature,42,validation,adopted,0.0,deployed,condition:3,brier,0.5336687588323301,0.1732529292403511,0.9020899397832111,"[0, 1, 2]","{""3"": [0, 1, 2]}",3,5
adopted,temperature,42,validation,adopted,0.0,deployed,condition:3,accuracy,0.6,0.2,1.0,"[0, 1, 2]","{""3"": [0, 1, 2]}",3,5
adopted,temperature,42,validation,adopted,0.0,deployed,condition:3,macro_f1,0.4333333333333333,0.1111111111111111,0.6666666666666666,"[0, 1, 2]","{""3"": [0, 1, 2]}",3,5
adopted,temperature,42,validation,adopted,0.0,deployed,source,ce,0.8785414470235507,0.3530252686142921,1.5593317017952601,"[0, 1, 2]","{""0"": [0, 1, 2], ""2"": [0, 1, 2], ""3"": [0, 1, 2]}",3,5
adopted,temperature,42,validation,adopted,0.0,deployed,source,brier,0.5343757163005584,0.17923324671974514,0.9124221157898257,"[0, 1, 2]","{""0"": [0, 1, 2], ""2"": [0, 1, 2], ""3"": [0, 1, 2]}",3,5
adopted,temperature,42,validation,adopted,0.0,deployed,source,accuracy,0.6,0.20000000000000004,1.0,"[0, 1, 2]","{""0"": [0, 1, 2], ""2"": [0, 1, 2], ""3"": [0, 1, 2]}",3,5
adopted,temperature,42,validation,adopted,0.0,deployed,source,macro_f1,0.4333333333333333,0.1111111111111111,0.6666666666666666,"[0, 1, 2]","{""0"": [0, 1, 2], ""2"": [0, 1, 2], ""3"": [0, 1, 2]}",3,5
