split,scope,groups,post_hoc,interval_scope,source_in_sample,bootstrap_repeats,analysis_seed,name,arm,seed,predictor,metric,value,lower,upper,seed_sd
validation,condition:0,5,True,post-hoc descriptive; fixed predictors and source constants; no source-estimation uncertainty,True,2000,20260919,p0,p0,fixed/reference,q,ce,0.8729446635022761,0.3488147632032633,1.5782268345355988,
validation,condition:0,5,True,post-hoc descriptive; fixed predictors and source constants; no source-estimation uncertainty,True,2000,20260919,p0,p0,fixed/reference,q,brier,0.5282528904518441,0.1770684177029495,0.9175080943397065,
validation,condition:0,5,True,post-hoc descriptive; fixed predictors and source constants; no source-estimation uncertainty,True,2000,20260919,p0,p0,fixed/reference,q,accuracy,0.6,0.2,1.0,
validation,condition:0,5,True,post-hoc descriptive; fixed predictors and source constants; no source-estimation uncertainty,True,2000,20260919,p0,p0,fixed/reference,q,macro_f1,0.4333333333333333,0.1111111111111111,0.6666666666666666,
validation,condition:0,5,True,post-hoc descriptive; fixed predictors and source constants; no source-estimation uncertainty,True,2000,20260919,p0,p0,fixed/reference,m_q,ce,1.1958460527742916,0.728273950250923,2.0984910270253896,
validation,condition:0,5,True,post-hoc descriptive; fixed predictors and source constants; no source-estimation uncertainty,True,2000,20260919,p0,p0,fixed/reference,m_q,brier,0.674202370292871,0.48860295643321267,1.0145257199531348,
validation,condition:0,5,True,post-hoc descriptive; fixed predictors and source constants; no source-estimation uncertainty,True,2000,20260919,p0,p0,fixed/reference,m_q,accuracy,0.4,0.0,0.8,
validation,condition:0,5,True,post-hoc descriptive; fixed predictors and source constants; no source-estimation uncertainty,True,2000,20260919,p0,p0,fixed/reference,m_q,macro_f1,0.19047619047619047,0.0,0.29629629629629634,
validation,condition:0,5,True,post-hoc descriptive; fixed predictors and source constants; no source-estimation uncertainty,True,2000,20260919,p0,p0,fixed/reference,pi_S,ce,1.054920167986143,0.9162907318741533,1.3321790402101226,
validation,condition:0,5,True,post-hoc descriptive; fixed predictors and source constants; no source-estimation uncertainty,True,2000,20260919,p0,p0,fixed/reference,pi_S,brier,0.6400000000000002,0.5599999999999998,0.8000000000000007,
validation,condition:0,5,True,post-hoc descriptive; fixed predictors and source constants; no source-estimation uncertainty,True,2000,20260919,p0,p0,fixed/reference,pi_S,accuracy,0.4,0.0,0.8,
validation,condition:0,5,True,post-hoc descriptive; fixed predictors and source constants; no source-estimation uncertainty,True,2000,20260919,p0,p0,fixed/reference,pi_S,macro_f1,0.19047619047619047,0.0,0.29629629629629634,
validation,condition:0,5,True,post-hoc descriptive; fixed predictors and source constants; no source-estimation uncertainty,True,2000,20260919,MLP16_seed_42,MLP16,42,q,ce,1.0251737856864929,0.7765656414628029,1.333085898756981,
validation,condition:0,5,True,post-hoc descriptive; fixed predictors and source constants; no source-estimation uncertainty,True,2000,20260919,MLP16_seed_42,MLP16,42,q,brier,0.6225711874173246,0.4712851470734961,0.8027079256961226,
validation,condition:0,5,True,post-hoc descriptive; fixed predictors and source constants; no source-estimation uncertainty,True,2000,20260919,MLP16_seed_42,MLP16,42,q,accuracy,0.4,0.0,0.8,
validation,condition:0,5,True,post-hoc descriptive; fixed predictors and source constants; no source-estimation uncertainty,True,2000,20260919,MLP16_seed_42,MLP16,42,q,macro_f1,0.19047619047619047,0.0,0.29629629629629634,
validation,condition:0,5,True,post-hoc descriptive; fixed predictors and source constants; no source-estimation uncertainty,True,2000,20260919,MLP16_seed_42,MLP16,42,m_q,ce,1.056702419189512,0.8729124607943064,1.3460426400806227,
validation,condition:0,5,True,post-hoc descriptive; fixed predictors and source constants; no source-estimation uncertainty,True,2000,20260919,MLP16_seed_42,MLP16,42,m_q,brier,0.6414132588217805,0.5268881977011907,0.807559968780493,
validation,condition:0,5,True,post-hoc descriptive; fixed predictors and source constants; no source-estimation uncertainty,True,2000,20260919,MLP16_seed_42,MLP16,42,m_q,accuracy,0.4,0.0,0.8,
validation,condition:0,5,True,post-hoc descriptive; fixed predictors and source constants; no source-estimation uncertainty,True,2000,20260919,MLP16_seed_42,MLP16,42,m_q,macro_f1,0.19047619047619047,0.0,0.29629629629629634,
validation,condition:0,5,True,post-hoc descriptive; fixed predictors and source constants; no source-estimation uncertainty,True,2000,20260919,MLP16_seed_42,MLP16,42,pi_S,ce,1.054920167986143,0.9162907318741533,1.3321790402101226,
validation,condition:0,5,True,post-hoc descriptive; fixed predictors and source constants; no source-estimation uncertainty,True,2000,20260919,MLP16_seed_42,MLP16,42,pi_S,brier,0.6400000000000002,0.5599999999999998,0.8000000000000007,
validation,condition:0,5,True,post-hoc descriptive; fixed predictors and source constants; no source-estimation uncertainty,True,2000,20260919,MLP16_seed_42,MLP16,42,pi_S,accuracy,0.4,0.0,0.8,
validation,condition:0,5,True,post-hoc descriptive; fixed predictors and source constants; no source-estimation uncertainty,True,2000,20260919,MLP16_seed_42,MLP16,42,pi_S,macro_f1,0.19047619047619047,0.0,0.29629629629629634,
validation,condition:0,5,True,post-hoc descriptive; fixed predictors and source constants; no source-estimation uncertainty,True,2000,20260919,MLP16_seed_123,MLP16,123,q,ce,1.02439807087183,0.8015057486295699,1.327441841363907,
validation,condition:0,5,True,post-hoc descriptive; fixed predictors and source constants; no source-estimation uncertainty,True,2000,20260919,MLP16_seed_123,MLP16,123,q,brier,0.6258874449552086,0.49451287917287823,0.8016017514036357,
validation,condition:0,5,True,post-hoc descriptive; fixed predictors and source constants; no source-estimation uncertainty,True,2000,20260919,MLP16_seed_123,MLP16,123,q,accuracy,0.6000000000000001,0.19999999999999998,1.0,
validation,condition:0,5,True,post-hoc descriptive; fixed predictors and source constants; no source-estimation uncertainty,True,2000,20260919,MLP16_seed_123,MLP16,123,q,macro_f1,0.4444444444444444,0.1111111111111111,0.6666666666666666,
validation,condition:0,5,True,post-hoc descriptive; fixed predictors and source constants; no source-estimation uncertainty,True,2000,20260919,MLP16_seed_123,MLP16,123,m_q,ce,1.0557018776468543,0.8849155339530391,1.3635855408164033,
validation,condition:0,5,True,post-hoc descriptive; fixed predictors and source constants; no source-estimation uncertainty,True,2000,20260919,MLP16_seed_123,MLP16,123,m_q,brier,0.6404767729373547,0.5395845428736779,0.8149119426341629,
validation,condition:0,5,True,post-hoc descriptive; fixed predictors and source constants; no source-estimation uncertainty,True,2000,20260919,MLP16_seed_123,MLP16,123,m_q,accuracy,0.4,0.0,0.8,
validation,condition:0,5,True,post-hoc descriptive; fixed predictors and source constants; no source-estimation uncertainty,True,2000,20260919,MLP16_seed_123,MLP16,123,m_q,macro_f1,0.19047619047619047,0.0,0.29629629629629634,
validation,condition:0,5,True,post-hoc descriptive; fixed predictors and source constants; no source-estimation uncertainty,True,2000,20260919,MLP16_seed_123,MLP16,123,pi_S,ce,1.054920167986143,0.9162907318741533,1.3321790402101226,
validation,condition:0,5,True,post-hoc descriptive; fixed predictors and source constants; no source-estimation uncertainty,True,2000,20260919,MLP16_seed_123,MLP16,123,pi_S,brier,0.6400000000000002,0.5599999999999998,0.8000000000000007,
validation,condition:0,5,True,post-hoc descriptive; fixed predictors and source constants; no source-estimation uncertainty,True,2000,20260919,MLP16_seed_123,MLP16,123,pi_S,accuracy,0.4,0.0,0.8,
validation,condition:0,5,True,post-hoc descriptive; fixed predictors and source constants; no source-estimation uncertainty,True,2000,20260919,MLP16_seed_123,MLP16,123,pi_S,macro_f1,0.19047619047619047,0.0,0.29629629629629634,
validation,condition:0,5,True,post-hoc descriptive; fixed predictors and source constants; no source-estimation uncertainty,True,2000,20260919,MLP16_seed_456,MLP16,456,q,ce,1.028365515470505,0.823687698841095,1.3108874249458313,
validation,condition:0,5,True,post-hoc descriptive; fixed predictors and source constants; no source-estimation uncertainty,True,2000,20260919,MLP16_seed_456,MLP16,456,q,brier,0.6282544016850471,0.5083149905673224,0.7934314252058376,
validation,condition:0,5,True,post-hoc descriptive; fixed predictors and source constants; no source-estimation uncertainty,True,2000,20260919,MLP16_seed_456,MLP16,456,q,accuracy,0.4,0.0,0.8,
validation,condition:0,5,True,post-hoc descriptive; fixed predictors and source constants; no source-estimation uncertainty,True,2000,20260919,MLP16_seed_456,MLP16,456,q,macro_f1,0.3,0.0,0.5555555555555555,
validation,condition:0,5,True,post-hoc descriptive; fixed predictors and source constants; no source-estimation uncertainty,True,2000,20260919,MLP16_seed_456,MLP16,456,m_q,ce,1.0550877878370835,0.9013647096621537,1.3407206642712999,
validation,condition:0,5,True,post-hoc descriptive; fixed predictors and source constants; no source-estimation uncertainty,True,2000,20260919,MLP16_seed_456,MLP16,456,m_q,brier,0.6401234835435707,0.5493497422684983,0.8041490953614074,
validation,condition:0,5,True,post-hoc descriptive; fixed predictors and source constants; no source-estimation uncertainty,True,2000,20260919,MLP16_seed_456,MLP16,456,m_q,accuracy,0.4,0.0,0.8,
validation,condition:0,5,True,post-hoc descriptive; fixed predictors and source constants; no source-estimation uncertainty,True,2000,20260919,MLP16_seed_456,MLP16,456,m_q,macro_f1,0.19047619047619047,0.0,0.29629629629629634,
validation,condition:0,5,True,post-hoc descriptive; fixed predictors and source constants; no source-estimation uncertainty,True,2000,20260919,MLP16_seed_456,MLP16,456,pi_S,ce,1.054920167986143,0.9162907318741533,1.3321790402101226,
validation,condition:0,5,True,post-hoc descriptive; fixed predictors and source constants; no source-estimation uncertainty,True,2000,20260919,MLP16_seed_456,MLP16,456,pi_S,brier,0.6400000000000002,0.5599999999999998,0.8000000000000007,
validation,condition:0,5,True,post-hoc descriptive; fixed predictors and source constants; no source-estimation uncertainty,True,2000,20260919,MLP16_seed_456,MLP16,456,pi_S,accuracy,0.4,0.0,0.8,
validation,condition:0,5,True,post-hoc descriptive; fixed predictors and source constants; no source-estimation uncertainty,True,2000,20260919,MLP16_seed_456,MLP16,456,pi_S,macro_f1,0.19047619047619047,0.0,0.29629629629629634,
validation,condition:0,5,True,post-hoc descriptive; fixed predictors and source constants; no source-estimation uncertainty,True,2000,20260919,O_seed_42,O,42,q,ce,0.9444205228239297,0.5253420321643352,1.363499013483524,
validation,condition:0,5,True,post-hoc descriptive; fixed predictors and source constants; no source-estimation uncertainty,True,2000,20260919,O_seed_42,O,42,q,brier,0.5778756417752451,0.292995937746708,0.8627553458037822,
validation,condition:0,5,True,post-hoc descriptive; fixed predictors and source constants; no source-estimation uncertainty,True,2000,20260919,O_seed_42,O,42,q,accuracy,0.6,0.2,1.0,
validation,condition:0,5,True,post-hoc descriptive; fixed predictors and source constants; no source-estimation uncertainty,True,2000,20260919,O_seed_42,O,42,q,macro_f1,0.4333333333333333,0.1111111111111111,0.6666666666666666,
validation,condition:0,5,True,post-hoc descriptive; fixed predictors and source constants; no source-estimation uncertainty,True,2000,20260919,O_seed_42,O,42,m_q,ce,1.0588618963513305,0.8585098531888427,1.4220655270358613,
validation,condition:0,5,True,post-hoc descriptive; fixed predictors and source constants; no source-estimation uncertainty,True,2000,20260919,O_seed_42,O,42,m_q,brier,0.6418978994459497,0.5269492773254051,0.8405956164531994,
validation,condition:0,5,True,post-hoc descriptive; fixed predictors and source constants; no source-estimation uncertainty,True,2000,20260919,O_seed_42,O,42,m_q,accuracy,0.4,0.0,0.8,
validation,condition:0,5,True,post-hoc descriptive; fixed predictors and source constants; no source-estimation uncertainty,True,2000,20260919,O_seed_42,O,42,m_q,macro_f1,0.19047619047619047,0.0,0.29629629629629634,
validation,condition:0,5,True,post-hoc descriptive; fixed predictors and source constants; no source-estimation uncertainty,True,2000,20260919,O_seed_42,O,42,pi_S,ce,1.054920167986143,0.9162907318741533,1.3321790402101226,
validation,condition:0,5,True,post-hoc descriptive; fixed predictors and source constants; no source-estimation uncertainty,True,2000,20260919,O_seed_42,O,42,pi_S,brier,0.6400000000000002,0.5599999999999998,0.8000000000000007,
validation,condition:0,5,True,post-hoc descriptive; fixed predictors and source constants; no source-estimation uncertainty,True,2000,20260919,O_seed_42,O,42,pi_S,accuracy,0.4,0.0,0.8,
validation,condition:0,5,True,post-hoc descriptive; fixed predictors and source constants; no source-estimation uncertainty,True,2000,20260919,O_seed_42,O,42,pi_S,macro_f1,0.19047619047619047,0.0,0.29629629629629634,
validation,condition:0,5,True,post-hoc descriptive; fixed predictors and source constants; no source-estimation uncertainty,True,2000,20260919,O_seed_123,O,123,q,ce,0.9403129549324512,0.5905509990453719,1.2900749108195304,
validation,condition:0,5,True,post-hoc descriptive; fixed predictors and source constants; no source-estimation uncertainty,True,2000,20260919,O_seed_123,O,123,q,brier,0.5780152744890946,0.34012897060749864,0.8159015783706906,
validation,condition:0,5,True,post-hoc descriptive; fixed predictors and source constants; no source-estimation uncertainty,True,2000,20260919,O_seed_123,O,123,q,accuracy,0.6,0.2,1.0,
validation,condition:0,5,True,post-hoc descriptive; fixed predictors and source constants; no source-estimation uncertainty,True,2000,20260919,O_seed_123,O,123,q,macro_f1,0.4333333333333333,0.1111111111111111,0.6666666666666666,
validation,condition:0,5,True,post-hoc descriptive; fixed predictors and source constants; no source-estimation uncertainty,True,2000,20260919,O_seed_123,O,123,m_q,ce,1.060356113332345,0.8592804756321362,1.4437244170822998,
validation,condition:0,5,True,post-hoc descriptive; fixed predictors and source constants; no source-estimation uncertainty,True,2000,20260919,O_seed_123,O,123,m_q,brier,0.642381730411915,0.531030164061207,0.8493249944915056,
validation,condition:0,5,True,post-hoc descriptive; fixed predictors and source constants; no source-estimation uncertainty,True,2000,20260919,O_seed_123,O,123,m_q,accuracy,0.4,0.0,0.8,
validation,condition:0,5,True,post-hoc descriptive; fixed predictors and source constants; no source-estimation uncertainty,True,2000,20260919,O_seed_123,O,123,m_q,macro_f1,0.19047619047619047,0.0,0.29629629629629634,
validation,condition:0,5,True,post-hoc descriptive; fixed predictors and source constants; no source-estimation uncertainty,True,2000,20260919,O_seed_123,O,123,pi_S,ce,1.054920167986143,0.9162907318741533,1.3321790402101226,
validation,condition:0,5,True,post-hoc descriptive; fixed predictors and source constants; no source-estimation uncertainty,True,2000,20260919,O_seed_123,O,123,pi_S,brier,0.6400000000000002,0.5599999999999998,0.8000000000000007,
validation,condition:0,5,True,post-hoc descriptive; fixed predictors and source constants; no source-estimation uncertainty,True,2000,20260919,O_seed_123,O,123,pi_S,accuracy,0.4,0.0,0.8,
validation,condition:0,5,True,post-hoc descriptive; fixed predictors and source constants; no source-estimation uncertainty,True,2000,20260919,O_seed_123,O,123,pi_S,macro_f1,0.19047619047619047,0.0,0.29629629629629634,
validation,condition:0,5,True,post-hoc descriptive; fixed predictors and source constants; no source-estimation uncertainty,True,2000,20260919,O_seed_456,O,456,q,ce,0.945653548836708,0.579114589393139,1.3121925082802772,
validation,condition:0,5,True,post-hoc descriptive; fixed predictors and source constants; no source-estimation uncertainty,True,2000,20260919,O_seed_456,O,456,q,brier,0.5713641231368414,0.3218270067304646,0.8209012395432179,
validation,condition:0,5,True,post-hoc descriptive; fixed predictors and source constants; no source-estimation uncertainty,True,2000,20260919,O_seed_456,O,456,q,accuracy,0.6,0.2,1.0,
validation,condition:0,5,True,post-hoc descriptive; fixed predictors and source constants; no source-estimation uncertainty,True,2000,20260919,O_seed_456,O,456,q,macro_f1,0.4333333333333333,0.1111111111111111,0.6666666666666666,
validation,condition:0,5,True,post-hoc descriptive; fixed predictors and source constants; no source-estimation uncertainty,True,2000,20260919,O_seed_456,O,456,m_q,ce,1.0582068002887242,0.8520638018789359,1.3891391588398014,
validation,condition:0,5,True,post-hoc descriptive; fixed predictors and source constants; no source-estimation uncertainty,True,2000,20260919,O_seed_456,O,456,m_q,brier,0.6422021963328166,0.516291768029833,0.8273381877323034,
validation,condition:0,5,True,post-hoc descriptive; fixed predictors and source constants; no source-estimation uncertainty,True,2000,20260919,O_seed_456,O,456,m_q,accuracy,0.39999999999999997,0.0,0.8,
validation,condition:0,5,True,post-hoc descriptive; fixed predictors and source constants; no source-estimation uncertainty,True,2000,20260919,O_seed_456,O,456,m_q,macro_f1,0.19047619047619047,0.0,0.29629629629629634,
validation,condition:0,5,True,post-hoc descriptive; fixed predictors and source constants; no source-estimation uncertainty,True,2000,20260919,O_seed_456,O,456,pi_S,ce,1.054920167986143,0.9162907318741533,1.3321790402101226,
validation,condition:0,5,True,post-hoc descriptive; fixed predictors and source constants; no source-estimation uncertainty,True,2000,20260919,O_seed_456,O,456,pi_S,brier,0.6400000000000002,0.5599999999999998,0.8000000000000007,
validation,condition:0,5,True,post-hoc descriptive; fixed predictors and source constants; no source-estimation uncertainty,True,2000,20260919,O_seed_456,O,456,pi_S,accuracy,0.4,0.0,0.8,
validation,condition:0,5,True,post-hoc descriptive; fixed predictors and source constants; no source-estimation uncertainty,True,2000,20260919,O_seed_456,O,456,pi_S,macro_f1,0.19047619047619047,0.0,0.29629629629629634,
validation,condition:0,5,True,post-hoc descriptive; fixed predictors and source constants; no source-estimation uncertainty,True,2000,20260919,MLP16,MLP16,finite_mean_42_123_456,q,ce,1.0259791240096094,0.7974518376588821,1.3246771226326626,0.002102755697150405
validation,condition:0,5,True,post-hoc descriptive; fixed predictors and source constants; no source-estimation uncertainty,True,2000,20260919,MLP16,MLP16,finite_mean_42_123_456,q,brier,0.6255710113525268,0.489623243863603,0.8007751328024731,0.0028547904952711785
validation,condition:0,5,True,post-hoc descriptive; fixed predictors and source constants; no source-estimation uncertainty,True,2000,20260919,MLP16,MLP16,finite_mean_42_123_456,q,accuracy,0.4666666666666666,0.13333333333333333,0.8000000000000002,0.11547005383792519
validation,condition:0,5,True,post-hoc descriptive; fixed predictors and source constants; no source-estimation uncertainty,True,2000,20260919,MLP16,MLP16,finite_mean_42_123_456,q,macro_f1,0.31164021164021166,0.07407407407407407,0.48148148148148145,0.12738363082120313
validation,condition:0,5,True,post-hoc descriptive; fixed predictors and source constants; no source-estimation uncertainty,True,2000,20260919,MLP16,MLP16,finite_mean_42_123_456,m_q,ce,1.05583069489115,0.8863975681364997,1.3501162817227754,0.0008149871243659388
validation,condition:0,5,True,post-hoc descriptive; fixed predictors and source constants; no source-estimation uncertainty,True,2000,20260919,MLP16,MLP16,finite_mean_42_123_456,m_q,brier,0.6406711717675686,0.5386074942811223,0.8088736689253544,0.0006665007471576076
validation,condition:0,5,True,post-hoc descriptive; fixed predictors and source constants; no source-estimation uncertainty,True,2000,20260919,MLP16,MLP16,finite_mean_42_123_456,m_q,accuracy,0.4000000000000001,0.0,0.8000000000000002,6.798699777552591e-17
validation,condition:0,5,True,post-hoc descriptive; fixed predictors and source constants; no source-estimation uncertainty,True,2000,20260919,MLP16,MLP16,finite_mean_42_123_456,m_q,macro_f1,0.19047619047619047,0.0,0.29629629629629634,0.0
validation,condition:0,5,True,post-hoc descriptive; fixed predictors and source constants; no source-estimation uncertainty,True,2000,20260919,MLP16,MLP16,finite_mean_42_123_456,pi_S,ce,1.054920167986143,0.9162907318741533,1.3321790402101226,0.0
validation,condition:0,5,True,post-hoc descriptive; fixed predictors and source constants; no source-estimation uncertainty,True,2000,20260919,MLP16,MLP16,finite_mean_42_123_456,pi_S,brier,0.6400000000000002,0.5599999999999998,0.8000000000000007,0.0
validation,condition:0,5,True,post-hoc descriptive; fixed predictors and source constants; no source-estimation uncertainty,True,2000,20260919,MLP16,MLP16,finite_mean_42_123_456,pi_S,accuracy,0.4000000000000001,0.0,0.8000000000000002,6.798699777552591e-17
validation,condition:0,5,True,post-hoc descriptive; fixed predictors and source constants; no source-estimation uncertainty,True,2000,20260919,MLP16,MLP16,finite_mean_42_123_456,pi_S,macro_f1,0.19047619047619047,0.0,0.29629629629629634,0.0
validation,condition:0,5,True,post-hoc descriptive; fixed predictors and source constants; no source-estimation uncertainty,True,2000,20260919,O,O,finite_mean_42_123_456,q,ce,0.9434623421976963,0.5650025402009486,1.3219221441944438,0.0027962597155688695
validation,condition:0,5,True,post-hoc descriptive; fixed predictors and source constants; no source-estimation uncertainty,True,2000,20260919,O,O,finite_mean_42_123_456,q,brier,0.5757516798003938,0.31831730502822375,0.8331860545725635,0.0038003768800746623
validation,condition:0,5,True,post-hoc descriptive; fixed predictors and source constants; no source-estimation uncertainty,True,2000,20260919,O,O,finite_mean_42_123_456,q,accuracy,0.6,0.20000000000000004,1.0,0.0
validation,condition:0,5,True,post-hoc descriptive; fixed predictors and source constants; no source-estimation uncertainty,True,2000,20260919,O,O,finite_mean_42_123_456,q,macro_f1,0.4333333333333333,0.1111111111111111,0.6666666666666666,0.0
validation,condition:0,5,True,post-hoc descriptive; fixed predictors and source constants; no source-estimation uncertainty,True,2000,20260919,O,O,finite_mean_42_123_456,m_q,ce,1.0591416033241332,0.8753791859969408,1.4183097009859875,0.0011016186422012862
validation,condition:0,5,True,post-hoc descriptive; fixed predictors and source constants; no source-estimation uncertainty,True,2000,20260919,O,O,finite_mean_42_123_456,m_q,brier,0.6421606087302271,0.5404102017573701,0.8390862662256694,0.00024458178064525906
validation,condition:0,5,True,post-hoc descriptive; fixed predictors and source constants; no source-estimation uncertainty,True,2000,20260919,O,O,finite_mean_42_123_456,m_q,accuracy,0.39999999999999997,0.19999999999999998,0.6,5.551115123125783e-17
validation,condition:0,5,True,post-hoc descriptive; fixed predictors and source constants; no source-estimation uncertainty,True,2000,20260919,O,O,finite_mean_42_123_456,m_q,macro_f1,0.19047619047619047,0.08333333333333333,0.23456790123456794,0.0
validation,condition:0,5,True,post-hoc descriptive; fixed predictors and source constants; no source-estimation uncertainty,True,2000,20260919,O,O,finite_mean_42_123_456,pi_S,ce,1.054920167986143,0.9162907318741533,1.3321790402101226,0.0
validation,condition:0,5,True,post-hoc descriptive; fixed predictors and source constants; no source-estimation uncertainty,True,2000,20260919,O,O,finite_mean_42_123_456,pi_S,brier,0.6400000000000002,0.5599999999999998,0.8000000000000007,0.0
validation,condition:0,5,True,post-hoc descriptive; fixed predictors and source constants; no source-estimation uncertainty,True,2000,20260919,O,O,finite_mean_42_123_456,pi_S,accuracy,0.4000000000000001,0.0,0.8000000000000002,6.798699777552591e-17
validation,condition:0,5,True,post-hoc descriptive; fixed predictors and source constants; no source-estimation uncertainty,True,2000,20260919,O,O,finite_mean_42_123_456,pi_S,macro_f1,0.19047619047619047,0.0,0.29629629629629634,0.0
validation,condition:2,5,True,post-hoc descriptive; fixed predictors and source constants; no source-estimation uncertainty,True,2000,20260919,p0,p0,fixed/reference,q,ce,0.8872877224162222,0.36026009596884245,1.575750510543585,
validation,condition:2,5,True,post-hoc descriptive; fixed predictors and source constants; no source-estimation uncertainty,True,2000,20260919,p0,p0,fixed/reference,q,brier,0.541205499617501,0.1873783932159348,0.9176683132465598,
validation,condition:2,5,True,post-hoc descriptive; fixed predictors and source constants; no source-estimation uncertainty,True,2000,20260919,p0,p0,fixed/reference,q,accuracy,0.6,0.2,1.0,
validation,condition:2,5,True,post-hoc descriptive; fixed predictors and source constants; no source-estimation uncertainty,True,2000,20260919,p0,p0,fixed/reference,q,macro_f1,0.4333333333333333,0.1111111111111111,0.6666666666666666,
validation,condition:2,5,True,post-hoc descriptive; fixed predictors and source constants; no source-estimation uncertainty,True,2000,20260919,p0,p0,fixed/reference,m_q,ce,1.1958460527742916,0.728273950250923,2.0984910270253896,
validation,condition:2,5,True,post-hoc descriptive; fixed predictors and source constants; no source-estimation uncertainty,True,2000,20260919,p0,p0,fixed/reference,m_q,brier,0.674202370292871,0.48860295643321267,1.0145257199531348,
validation,condition:2,5,True,post-hoc descriptive; fixed predictors and source constants; no source-estimation uncertainty,True,2000,20260919,p0,p0,fixed/reference,m_q,accuracy,0.4,0.0,0.8,
validation,condition:2,5,True,post-hoc descriptive; fixed predictors and source constants; no source-estimation uncertainty,True,2000,20260919,p0,p0,fixed/reference,m_q,macro_f1,0.19047619047619047,0.0,0.29629629629629634,
validation,condition:2,5,True,post-hoc descriptive; fixed predictors and source constants; no source-estimation uncertainty,True,2000,20260919,p0,p0,fixed/reference,pi_S,ce,1.054920167986143,0.9162907318741533,1.3321790402101226,
validation,condition:2,5,True,post-hoc descriptive; fixed predictors and source constants; no source-estimation uncertainty,True,2000,20260919,p0,p0,fixed/reference,pi_S,brier,0.6400000000000002,0.5599999999999998,0.8000000000000007,
validation,condition:2,5,True,post-hoc descriptive; fixed predictors and source constants; no source-estimation uncertainty,True,2000,20260919,p0,p0,fixed/reference,pi_S,accuracy,0.4,0.0,0.8,
validation,condition:2,5,True,post-hoc descriptive; fixed predictors and source constants; no source-estimation uncertainty,True,2000,20260919,p0,p0,fixed/reference,pi_S,macro_f1,0.19047619047619047,0.0,0.29629629629629634,
validation,condition:2,5,True,post-hoc descriptive; fixed predictors and source constants; no source-estimation uncertainty,True,2000,20260919,MLP16_seed_42,MLP16,42,q,ce,1.025645850300789,0.780293766260147,1.3316002893447876,
validation,condition:2,5,True,post-hoc descriptive; fixed predictors and source constants; no source-estimation uncertainty,True,2000,20260919,MLP16_seed_42,MLP16,42,q,brier,0.6246209838332771,0.47242978018306425,0.8032762637369082,
validation,condition:2,5,True,post-hoc descriptive; fixed predictors and source constants; no source-estimation uncertainty,True,2000,20260919,MLP16_seed_42,MLP16,42,q,accuracy,0.4,0.0,0.8,
validation,condition:2,5,True,post-hoc descriptive; fixed predictors and source constants; no source-estimation uncertainty,True,2000,20260919,MLP16_seed_42,MLP16,42,q,macro_f1,0.19047619047619047,0.0,0.29629629629629634,
validation,condition:2,5,True,post-hoc descriptive; fixed predictors and source constants; no source-estimation uncertainty,True,2000,20260919,MLP16_seed_42,MLP16,42,m_q,ce,1.056702419189512,0.8729124607943064,1.3460426400806227,
validation,condition:2,5,True,post-hoc descriptive; fixed predictors and source constants; no source-estimation uncertainty,True,2000,20260919,MLP16_seed_42,MLP16,42,m_q,brier,0.6414132588217805,0.5268881977011907,0.807559968780493,
validation,condition:2,5,True,post-hoc descriptive; fixed predictors and source constants; no source-estimation uncertainty,True,2000,20260919,MLP16_seed_42,MLP16,42,m_q,accuracy,0.4,0.0,0.8,
validation,condition:2,5,True,post-hoc descriptive; fixed predictors and source constants; no source-estimation uncertainty,True,2000,20260919,MLP16_seed_42,MLP16,42,m_q,macro_f1,0.19047619047619047,0.0,0.29629629629629634,
validation,condition:2,5,True,post-hoc descriptive; fixed predictors and source constants; no source-estimation uncertainty,True,2000,20260919,MLP16_seed_42,MLP16,42,pi_S,ce,1.054920167986143,0.9162907318741533,1.3321790402101226,
validation,condition:2,5,True,post-hoc descriptive; fixed predictors and source constants; no source-estimation uncertainty,True,2000,20260919,MLP16_seed_42,MLP16,42,pi_S,brier,0.6400000000000002,0.5599999999999998,0.8000000000000007,
validation,condition:2,5,True,post-hoc descriptive; fixed predictors and source constants; no source-estimation uncertainty,True,2000,20260919,MLP16_seed_42,MLP16,42,pi_S,accuracy,0.4,0.0,0.8,
validation,condition:2,5,True,post-hoc descriptive; fixed predictors and source constants; no source-estimation uncertainty,True,2000,20260919,MLP16_seed_42,MLP16,42,pi_S,macro_f1,0.19047619047619047,0.0,0.29629629629629634,
validation,condition:2,5,True,post-hoc descriptive; fixed predictors and source constants; no source-estimation uncertainty,True,2000,20260919,MLP16_seed_123,MLP16,123,q,ce,1.023279950618744,0.8069391867518426,1.3214948749542237,
validation,condition:2,5,True,post-hoc descriptive; fixed predictors and source constants; no source-estimation uncertainty,True,2000,20260919,MLP16_seed_123,MLP16,123,q,brier,0.6266647412174423,0.4976955916930132,0.7997527327073455,
validation,condition:2,5,True,post-hoc descriptive; fixed predictors and source constants; no source-estimation uncertainty,True,2000,20260919,MLP16_seed_123,MLP16,123,q,accuracy,0.4,0.0,0.8,
validation,condition:2,5,True,post-hoc descriptive; fixed predictors and source constants; no source-estimation uncertainty,True,2000,20260919,MLP16_seed_123,MLP16,123,q,macro_f1,0.3,0.0,0.5555555555555555,
validation,condition:2,5,True,post-hoc descriptive; fixed predictors and source constants; no source-estimation uncertainty,True,2000,20260919,MLP16_seed_123,MLP16,123,m_q,ce,1.0557018776468543,0.8849155339530391,1.3635855408164033,
validation,condition:2,5,True,post-hoc descriptive; fixed predictors and source constants; no source-estimation uncertainty,True,2000,20260919,MLP16_seed_123,MLP16,123,m_q,brier,0.6404767729373547,0.5395845428736779,0.8149119426341629,
validation,condition:2,5,True,post-hoc descriptive; fixed predictors and source constants; no source-estimation uncertainty,True,2000,20260919,MLP16_seed_123,MLP16,123,m_q,accuracy,0.4,0.0,0.8,
validation,condition:2,5,True,post-hoc descriptive; fixed predictors and source constants; no source-estimation uncertainty,True,2000,20260919,MLP16_seed_123,MLP16,123,m_q,macro_f1,0.19047619047619047,0.0,0.29629629629629634,
validation,condition:2,5,True,post-hoc descriptive; fixed predictors and source constants; no source-estimation uncertainty,True,2000,20260919,MLP16_seed_123,MLP16,123,pi_S,ce,1.054920167986143,0.9162907318741533,1.3321790402101226,
validation,condition:2,5,True,post-hoc descriptive; fixed predictors and source constants; no source-estimation uncertainty,True,2000,20260919,MLP16_seed_123,MLP16,123,pi_S,brier,0.6400000000000002,0.5599999999999998,0.8000000000000007,
validation,condition:2,5,True,post-hoc descriptive; fixed predictors and source constants; no source-estimation uncertainty,True,2000,20260919,MLP16_seed_123,MLP16,123,pi_S,accuracy,0.4,0.0,0.8,
validation,condition:2,5,True,post-hoc descriptive; fixed predictors and source constants; no source-estimation uncertainty,True,2000,20260919,MLP16_seed_123,MLP16,123,pi_S,macro_f1,0.19047619047619047,0.0,0.29629629629629634,
validation,condition:2,5,True,post-hoc descriptive; fixed predictors and source constants; no source-estimation uncertainty,True,2000,20260919,MLP16_seed_456,MLP16,456,q,ce,1.0270939713716507,0.826979638800025,1.307017348408699,
validation,condition:2,5,True,post-hoc descriptive; fixed predictors and source constants; no source-estimation uncertainty,True,2000,20260919,MLP16_seed_456,MLP16,456,q,brier,0.6287532717080075,0.5102636070531661,0.7926148488129727,
validation,condition:2,5,True,post-hoc descriptive; fixed predictors and source constants; no source-estimation uncertainty,True,2000,20260919,MLP16_seed_456,MLP16,456,q,accuracy,0.4,0.0,0.8,
validation,condition:2,5,True,post-hoc descriptive; fixed predictors and source constants; no source-estimation uncertainty,True,2000,20260919,MLP16_seed_456,MLP16,456,q,macro_f1,0.3,0.0,0.5555555555555555,
validation,condition:2,5,True,post-hoc descriptive; fixed predictors and source constants; no source-estimation uncertainty,True,2000,20260919,MLP16_seed_456,MLP16,456,m_q,ce,1.0550877878370835,0.9013647096621537,1.3407206642712999,
validation,condition:2,5,True,post-hoc descriptive; fixed predictors and source constants; no source-estimation uncertainty,True,2000,20260919,MLP16_seed_456,MLP16,456,m_q,brier,0.6401234835435707,0.5493497422684983,0.8041490953614074,
validation,condition:2,5,True,post-hoc descriptive; fixed predictors and source constants; no source-estimation uncertainty,True,2000,20260919,MLP16_seed_456,MLP16,456,m_q,accuracy,0.4,0.0,0.8,
validation,condition:2,5,True,post-hoc descriptive; fixed predictors and source constants; no source-estimation uncertainty,True,2000,20260919,MLP16_seed_456,MLP16,456,m_q,macro_f1,0.19047619047619047,0.0,0.29629629629629634,
validation,condition:2,5,True,post-hoc descriptive; fixed predictors and source constants; no source-estimation uncertainty,True,2000,20260919,MLP16_seed_456,MLP16,456,pi_S,ce,1.054920167986143,0.9162907318741533,1.3321790402101226,
validation,condition:2,5,True,post-hoc descriptive; fixed predictors and source constants; no source-estimation uncertainty,True,2000,20260919,MLP16_seed_456,MLP16,456,pi_S,brier,0.6400000000000002,0.5599999999999998,0.8000000000000007,
validation,condition:2,5,True,post-hoc descriptive; fixed predictors and source constants; no source-estimation uncertainty,True,2000,20260919,MLP16_seed_456,MLP16,456,pi_S,accuracy,0.4,0.0,0.8,
validation,condition:2,5,True,post-hoc descriptive; fixed predictors and source constants; no source-estimation uncertainty,True,2000,20260919,MLP16_seed_456,MLP16,456,pi_S,macro_f1,0.19047619047619047,0.0,0.29629629629629634,
validation,condition:2,5,True,post-hoc descriptive; fixed predictors and source constants; no source-estimation uncertainty,True,2000,20260919,O_seed_42,O,42,q,ce,0.9548910392075778,0.5342356546223164,1.375546423792839,
validation,condition:2,5,True,post-hoc descriptive; fixed predictors and source constants; no source-estimation uncertainty,True,2000,20260919,O_seed_42,O,42,q,brier,0.5837218917084102,0.30500222015757067,0.8624415632592497,
validation,condition:2,5,True,post-hoc descriptive; fixed predictors and source constants; no source-estimation uncertainty,True,2000,20260919,O_seed_42,O,42,q,accuracy,0.6,0.2,1.0,
validation,condition:2,5,True,post-hoc descriptive; fixed predictors and source constants; no source-estimation uncertainty,True,2000,20260919,O_seed_42,O,42,q,macro_f1,0.4333333333333333,0.1111111111111111,0.6666666666666666,
validation,condition:2,5,True,post-hoc descriptive; fixed predictors and source constants; no source-estimation uncertainty,True,2000,20260919,O_seed_42,O,42,m_q,ce,1.0588618963513305,0.8585098531888427,1.4220655270358613,
validation,condition:2,5,True,post-hoc descriptive; fixed predictors and source constants; no source-estimation uncertainty,True,2000,20260919,O_seed_42,O,42,m_q,brier,0.6418978994459497,0.5269492773254051,0.8405956164531994,
validation,condition:2,5,True,post-hoc descriptive; fixed predictors and source constants; no source-estimation uncertainty,True,2000,20260919,O_seed_42,O,42,m_q,accuracy,0.4,0.0,0.8,
validation,condition:2,5,True,post-hoc descriptive; fixed predictors and source constants; no source-estimation uncertainty,True,2000,20260919,O_seed_42,O,42,m_q,macro_f1,0.19047619047619047,0.0,0.29629629629629634,
validation,condition:2,5,True,post-hoc descriptive; fixed predictors and source constants; no source-estimation uncertainty,True,2000,20260919,O_seed_42,O,42,pi_S,ce,1.054920167986143,0.9162907318741533,1.3321790402101226,
validation,condition:2,5,True,post-hoc descriptive; fixed predictors and source constants; no source-estimation uncertainty,True,2000,20260919,O_seed_42,O,42,pi_S,brier,0.6400000000000002,0.5599999999999998,0.8000000000000007,
validation,condition:2,5,True,post-hoc descriptive; fixed predictors and source constants; no source-estimation uncertainty,True,2000,20260919,O_seed_42,O,42,pi_S,accuracy,0.4,0.0,0.8,
validation,condition:2,5,True,post-hoc descriptive; fixed predictors and source constants; no source-estimation uncertainty,True,2000,20260919,O_seed_42,O,42,pi_S,macro_f1,0.19047619047619047,0.0,0.29629629629629634,
validation,condition:2,5,True,post-hoc descriptive; fixed predictors and source constants; no source-estimation uncertainty,True,2000,20260919,O_seed_123,O,123,q,ce,0.9434953674674034,0.5901192870736123,1.2968714478611947,
validation,condition:2,5,True,post-hoc descriptive; fixed predictors and source constants; no source-estimation uncertainty,True,2000,20260919,O_seed_123,O,123,q,brier,0.5785032593186857,0.3437014892846231,0.8133050293527482,
validation,condition:2,5,True,post-hoc descriptive; fixed predictors and source constants; no source-estimation uncertainty,True,2000,20260919,O_seed_123,O,123,q,accuracy,0.6,0.2,1.0,
validation,condition:2,5,True,post-hoc descriptive; fixed predictors and source constants; no source-estimation uncertainty,True,2000,20260919,O_seed_123,O,123,q,macro_f1,0.4333333333333333,0.1111111111111111,0.6666666666666666,
validation,condition:2,5,True,post-hoc descriptive; fixed predictors and source constants; no source-estimation uncertainty,True,2000,20260919,O_seed_123,O,123,m_q,ce,1.060356113332345,0.8592804756321362,1.4437244170822998,
validation,condition:2,5,True,post-hoc descriptive; fixed predictors and source constants; no source-estimation uncertainty,True,2000,20260919,O_seed_123,O,123,m_q,brier,0.642381730411915,0.531030164061207,0.8493249944915056,
validation,condition:2,5,True,post-hoc descriptive; fixed predictors and source constants; no source-estimation uncertainty,True,2000,20260919,O_seed_123,O,123,m_q,accuracy,0.4,0.0,0.8,
validation,condition:2,5,True,post-hoc descriptive; fixed predictors and source constants; no source-estimation uncertainty,True,2000,20260919,O_seed_123,O,123,m_q,macro_f1,0.19047619047619047,0.0,0.29629629629629634,
validation,condition:2,5,True,post-hoc descriptive; fixed predictors and source constants; no source-estimation uncertainty,True,2000,20260919,O_seed_123,O,123,pi_S,ce,1.054920167986143,0.9162907318741533,1.3321790402101226,
validation,condition:2,5,True,post-hoc descriptive; fixed predictors and source constants; no source-estimation uncertainty,True,2000,20260919,O_seed_123,O,123,pi_S,brier,0.6400000000000002,0.5599999999999998,0.8000000000000007,
validation,condition:2,5,True,post-hoc descriptive; fixed predictors and source constants; no source-estimation uncertainty,True,2000,20260919,O_seed_123,O,123,pi_S,accuracy,0.4,0.0,0.8,
validation,condition:2,5,True,post-hoc descriptive; fixed predictors and source constants; no source-estimation uncertainty,True,2000,20260919,O_seed_123,O,123,pi_S,macro_f1,0.19047619047619047,0.0,0.29629629629629634,
validation,condition:2,5,True,post-hoc descriptive; fixed predictors and source constants; no source-estimation uncertainty,True,2000,20260919,O_seed_456,O,456,q,ce,0.9490217719972133,0.5785798457264899,1.3194636982679366,
validation,condition:2,5,True,post-hoc descriptive; fixed predictors and source constants; no source-estimation uncertainty,True,2000,20260919,O_seed_456,O,456,q,brier,0.5720486158493435,0.32470193756001764,0.8193952941386694,
validation,condition:2,5,True,post-hoc descriptive; fixed predictors and source constants; no source-estimation uncertainty,True,2000,20260919,O_seed_456,O,456,q,accuracy,0.6,0.2,1.0,
validation,condition:2,5,True,post-hoc descriptive; fixed predictors and source constants; no source-estimation uncertainty,True,2000,20260919,O_seed_456,O,456,q,macro_f1,0.4333333333333333,0.1111111111111111,0.6666666666666666,
validation,condition:2,5,True,post-hoc descriptive; fixed predictors and source constants; no source-estimation uncertainty,True,2000,20260919,O_seed_456,O,456,m_q,ce,1.0582068002887242,0.8520638018789359,1.3891391588398014,
validation,condition:2,5,True,post-hoc descriptive; fixed predictors and source constants; no source-estimation uncertainty,True,2000,20260919,O_seed_456,O,456,m_q,brier,0.6422021963328166,0.516291768029833,0.8273381877323034,
validation,condition:2,5,True,post-hoc descriptive; fixed predictors and source constants; no source-estimation uncertainty,True,2000,20260919,O_seed_456,O,456,m_q,accuracy,0.39999999999999997,0.0,0.8,
validation,condition:2,5,True,post-hoc descriptive; fixed predictors and source constants; no source-estimation uncertainty,True,2000,20260919,O_seed_456,O,456,m_q,macro_f1,0.19047619047619047,0.0,0.29629629629629634,
validation,condition:2,5,True,post-hoc descriptive; fixed predictors and source constants; no source-estimation uncertainty,True,2000,20260919,O_seed_456,O,456,pi_S,ce,1.054920167986143,0.9162907318741533,1.3321790402101226,
validation,condition:2,5,True,post-hoc descriptive; fixed predictors and source constants; no source-estimation uncertainty,True,2000,20260919,O_seed_456,O,456,pi_S,brier,0.6400000000000002,0.5599999999999998,0.8000000000000007,
validation,condition:2,5,True,post-hoc descriptive; fixed predictors and source constants; no source-estimation uncertainty,True,2000,20260919,O_seed_456,O,456,pi_S,accuracy,0.4,0.0,0.8,
validation,condition:2,5,True,post-hoc descriptive; fixed predictors and source constants; no source-estimation uncertainty,True,2000,20260919,O_seed_456,O,456,pi_S,macro_f1,0.19047619047619047,0.0,0.29629629629629634,
validation,condition:2,5,True,post-hoc descriptive; fixed predictors and source constants; no source-estimation uncertainty,True,2000,20260919,MLP16,MLP16,finite_mean_42_123_456,q,ce,1.025339924097061,0.8031837584575018,1.3191032562653222,0.0019253263898612722
validation,condition:2,5,True,post-hoc descriptive; fixed predictors and source constants; no source-estimation uncertainty,True,2000,20260919,MLP16,MLP16,finite_mean_42_123_456,q,brier,0.6266796655862423,0.4908691870862343,0.7993956363231093,0.002066184363143583
validation,condition:2,5,True,post-hoc descriptive; fixed predictors and source constants; no source-estimation uncertainty,True,2000,20260919,MLP16,MLP16,finite_mean_42_123_456,q,accuracy,0.4000000000000001,0.06666666666666667,0.7333333333333334,6.798699777552591e-17
validation,condition:2,5,True,post-hoc descriptive; fixed predictors and source constants; no source-estimation uncertainty,True,2000,20260919,MLP16,MLP16,finite_mean_42_123_456,q,macro_f1,0.2634920634920635,0.037037037037037035,0.4388888888888889,0.06323360091124473
validation,condition:2,5,True,post-hoc descriptive; fixed predictors and source constants; no source-estimation uncertainty,True,2000,20260919,MLP16,MLP16,finite_mean_42_123_456,m_q,ce,1.05583069489115,0.8863975681364997,1.3501162817227754,0.0008149871243659388
validation,condition:2,5,True,post-hoc descriptive; fixed predictors and source constants; no source-estimation uncertainty,True,2000,20260919,MLP16,MLP16,finite_mean_42_123_456,m_q,brier,0.6406711717675686,0.5386074942811223,0.8088736689253544,0.0006665007471576076
validation,condition:2,5,True,post-hoc descriptive; fixed predictors and source constants; no source-estimation uncertainty,True,2000,20260919,MLP16,MLP16,finite_mean_42_123_456,m_q,accuracy,0.4000000000000001,0.0,0.8000000000000002,6.798699777552591e-17
validation,condition:2,5,True,post-hoc descriptive; fixed predictors and source constants; no source-estimation uncertainty,True,2000,20260919,MLP16,MLP16,finite_mean_42_123_456,m_q,macro_f1,0.19047619047619047,0.0,0.29629629629629634,0.0
validation,condition:2,5,True,post-hoc descriptive; fixed predictors and source constants; no source-estimation uncertainty,True,2000,20260919,MLP16,MLP16,finite_mean_42_123_456,pi_S,ce,1.054920167986143,0.9162907318741533,1.3321790402101226,0.0
validation,condition:2,5,True,post-hoc descriptive; fixed predictors and source constants; no source-estimation uncertainty,True,2000,20260919,MLP16,MLP16,finite_mean_42_123_456,pi_S,brier,0.6400000000000002,0.5599999999999998,0.8000000000000007,0.0
validation,condition:2,5,True,post-hoc descriptive; fixed predictors and source constants; no source-estimation uncertainty,True,2000,20260919,MLP16,MLP16,finite_mean_42_123_456,pi_S,accuracy,0.4000000000000001,0.0,0.8000000000000002,6.798699777552591e-17
validation,condition:2,5,True,post-hoc descriptive; fixed predictors and source constants; no source-estimation uncertainty,True,2000,20260919,MLP16,MLP16,finite_mean_42_123_456,pi_S,macro_f1,0.19047619047619047,0.0,0.29629629629629634,0.0
validation,condition:2,5,True,post-hoc descriptive; fixed predictors and source constants; no source-estimation uncertainty,True,2000,20260919,O,O,finite_mean_42_123_456,q,ce,0.9491360595573982,0.5676449291408062,1.33062718997399,0.0056986954504748034
validation,condition:2,5,True,post-hoc descriptive; fixed predictors and source constants; no source-estimation uncertainty,True,2000,20260919,O,O,finite_mean_42_123_456,q,brier,0.5780912556254799,0.3244685490007371,0.8317139622502224,0.005847533890699435
validation,condition:2,5,True,post-hoc descriptive; fixed predictors and source constants; no source-estimation uncertainty,True,2000,20260919,O,O,finite_mean_42_123_456,q,accuracy,0.6,0.20000000000000004,1.0,0.0
validation,condition:2,5,True,post-hoc descriptive; fixed predictors and source constants; no source-estimation uncertainty,True,2000,20260919,O,O,finite_mean_42_123_456,q,macro_f1,0.4333333333333333,0.1111111111111111,0.6666666666666666,0.0
validation,condition:2,5,True,post-hoc descriptive; fixed predictors and source constants; no source-estimation uncertainty,True,2000,20260919,O,O,finite_mean_42_123_456,m_q,ce,1.0591416033241332,0.8753791859969408,1.4183097009859875,0.0011016186422012862
validation,condition:2,5,True,post-hoc descriptive; fixed predictors and source constants; no source-estimation uncertainty,True,2000,20260919,O,O,finite_mean_42_123_456,m_q,brier,0.6421606087302271,0.5404102017573701,0.8390862662256694,0.00024458178064525906
validation,condition:2,5,True,post-hoc descriptive; fixed predictors and source constants; no source-estimation uncertainty,True,2000,20260919,O,O,finite_mean_42_123_456,m_q,accuracy,0.39999999999999997,0.19999999999999998,0.6,5.551115123125783e-17
validation,condition:2,5,True,post-hoc descriptive; fixed predictors and source constants; no source-estimation uncertainty,True,2000,20260919,O,O,finite_mean_42_123_456,m_q,macro_f1,0.19047619047619047,0.08333333333333333,0.23456790123456794,0.0
validation,condition:2,5,True,post-hoc descriptive; fixed predictors and source constants; no source-estimation uncertainty,True,2000,20260919,O,O,finite_mean_42_123_456,pi_S,ce,1.054920167986143,0.9162907318741533,1.3321790402101226,0.0
validation,condition:2,5,True,post-hoc descriptive; fixed predictors and source constants; no source-estimation uncertainty,True,2000,20260919,O,O,finite_mean_42_123_456,pi_S,brier,0.6400000000000002,0.5599999999999998,0.8000000000000007,0.0
validation,condition:2,5,True,post-hoc descriptive; fixed predictors and source constants; no source-estimation uncertainty,True,2000,20260919,O,O,finite_mean_42_123_456,pi_S,accuracy,0.4000000000000001,0.0,0.8000000000000002,6.798699777552591e-17
validation,condition:2,5,True,post-hoc descriptive; fixed predictors and source constants; no source-estimation uncertainty,True,2000,20260919,O,O,finite_mean_42_123_456,pi_S,macro_f1,0.19047619047619047,0.0,0.29629629629629634,0.0
validation,condition:3,5,True,post-hoc descriptive; fixed predictors and source constants; no source-estimation uncertainty,True,2000,20260919,p0,p0,fixed/reference,q,ce,0.875391955152154,0.35000094667077064,1.5240177603065967,
validation,condition:3,5,True,post-hoc descriptive; fixed predictors and source constants; no source-estimation uncertainty,True,2000,20260919,p0,p0,fixed/reference,q,brier,0.5336687588323301,0.1732529292403511,0.9020899397832111,
validation,condition:3,5,True,post-hoc descriptive; fixed predictors and source constants; no source-estimation uncertainty,True,2000,20260919,p0,p0,fixed/reference,q,accuracy,0.6,0.2,1.0,
validation,condition:3,5,True,post-hoc descriptive; fixed predictors and source constants; no source-estimation uncertainty,True,2000,20260919,p0,p0,fixed/reference,q,macro_f1,0.4333333333333333,0.1111111111111111,0.6666666666666666,
validation,condition:3,5,True,post-hoc descriptive; fixed predictors and source constants; no source-estimation uncertainty,True,2000,20260919,p0,p0,fixed/reference,m_q,ce,1.1958460527742916,0.728273950250923,2.0984910270253896,
validation,condition:3,5,True,post-hoc descriptive; fixed predictors and source constants; no source-estimation uncertainty,True,2000,20260919,p0,p0,fixed/reference,m_q,brier,0.674202370292871,0.48860295643321267,1.0145257199531348,
validation,condition:3,5,True,post-hoc descriptive; fixed predictors and source constants; no source-estimation uncertainty,True,2000,20260919,p0,p0,fixed/reference,m_q,accuracy,0.4,0.0,0.8,
validation,condition:3,5,True,post-hoc descriptive; fixed predictors and source constants; no source-estimation uncertainty,True,2000,20260919,p0,p0,fixed/reference,m_q,macro_f1,0.19047619047619047,0.0,0.29629629629629634,
validation,condition:3,5,True,post-hoc descriptive; fixed predictors and source constants; no source-estimation uncertainty,True,2000,20260919,p0,p0,fixed/reference,pi_S,ce,1.054920167986143,0.9162907318741533,1.3321790402101226,
validation,condition:3,5,True,post-hoc descriptive; fixed predictors and source constants; no source-estimation uncertainty,True,2000,20260919,p0,p0,fixed/reference,pi_S,brier,0.6400000000000002,0.5599999999999998,0.8000000000000007,
validation,condition:3,5,True,post-hoc descriptive; fixed predictors and source constants; no source-estimation uncertainty,True,2000,20260919,p0,p0,fixed/reference,pi_S,accuracy,0.4,0.0,0.8,
validation,condition:3,5,True,post-hoc descriptive; fixed predictors and source constants; no source-estimation uncertainty,True,2000,20260919,p0,p0,fixed/reference,pi_S,macro_f1,0.19047619047619047,0.0,0.29629629629629634,
validation,condition:3,5,True,post-hoc descriptive; fixed predictors and source constants; no source-estimation uncertainty,True,2000,20260919,MLP16_seed_42,MLP16,42,q,ce,1.0348060229420661,0.7945491540431977,1.3297588261961937,
validation,condition:3,5,True,post-hoc descriptive; fixed predictors and source constants; no source-estimation uncertainty,True,2000,20260919,MLP16_seed_42,MLP16,42,q,brier,0.6278524952882558,0.47980000050359894,0.8023137390468144,
validation,condition:3,5,True,post-hoc descriptive; fixed predictors and source constants; no source-estimation uncertainty,True,2000,20260919,MLP16_seed_42,MLP16,42,q,accuracy,0.4,0.0,0.8,
validation,condition:3,5,True,post-hoc descriptive; fixed predictors and source constants; no source-estimation uncertainty,True,2000,20260919,MLP16_seed_42,MLP16,42,q,macro_f1,0.19047619047619047,0.0,0.29629629629629634,
validation,condition:3,5,True,post-hoc descriptive; fixed predictors and source constants; no source-estimation uncertainty,True,2000,20260919,MLP16_seed_42,MLP16,42,m_q,ce,1.056702419189512,0.8729124607943064,1.3460426400806227,
validation,condition:3,5,True,post-hoc descriptive; fixed predictors and source constants; no source-estimation uncertainty,True,2000,20260919,MLP16_seed_42,MLP16,42,m_q,brier,0.6414132588217805,0.5268881977011907,0.807559968780493,
validation,condition:3,5,True,post-hoc descriptive; fixed predictors and source constants; no source-estimation uncertainty,True,2000,20260919,MLP16_seed_42,MLP16,42,m_q,accuracy,0.4,0.0,0.8,
validation,condition:3,5,True,post-hoc descriptive; fixed predictors and source constants; no source-estimation uncertainty,True,2000,20260919,MLP16_seed_42,MLP16,42,m_q,macro_f1,0.19047619047619047,0.0,0.29629629629629634,
validation,condition:3,5,True,post-hoc descriptive; fixed predictors and source constants; no source-estimation uncertainty,True,2000,20260919,MLP16_seed_42,MLP16,42,pi_S,ce,1.054920167986143,0.9162907318741533,1.3321790402101226,
validation,condition:3,5,True,post-hoc descriptive; fixed predictors and source constants; no source-estimation uncertainty,True,2000,20260919,MLP16_seed_42,MLP16,42,pi_S,brier,0.6400000000000002,0.5599999999999998,0.8000000000000007,
validation,condition:3,5,True,post-hoc descriptive; fixed predictors and source constants; no source-estimation uncertainty,True,2000,20260919,MLP16_seed_42,MLP16,42,pi_S,accuracy,0.4,0.0,0.8,
validation,condition:3,5,True,post-hoc descriptive; fixed predictors and source constants; no source-estimation uncertainty,True,2000,20260919,MLP16_seed_42,MLP16,42,pi_S,macro_f1,0.19047619047619047,0.0,0.29629629629629634,
validation,condition:3,5,True,post-hoc descriptive; fixed predictors and source constants; no source-estimation uncertainty,True,2000,20260919,MLP16_seed_123,MLP16,123,q,ce,1.0344977778196334,0.8240354952216148,1.3223326012492178,
validation,condition:3,5,True,post-hoc descriptive; fixed predictors and source constants; no source-estimation uncertainty,True,2000,20260919,MLP16_seed_123,MLP16,123,q,brier,0.6310602780621652,0.5067811027334228,0.7991416342345863,
validation,condition:3,5,True,post-hoc descriptive; fixed predictors and source constants; no source-estimation uncertainty,True,2000,20260919,MLP16_seed_123,MLP16,123,q,accuracy,0.4,0.0,0.8,
validation,condition:3,5,True,post-hoc descriptive; fixed predictors and source constants; no source-estimation uncertainty,True,2000,20260919,MLP16_seed_123,MLP16,123,q,macro_f1,0.3,0.0,0.5555555555555555,
validation,condition:3,5,True,post-hoc descriptive; fixed predictors and source constants; no source-estimation uncertainty,True,2000,20260919,MLP16_seed_123,MLP16,123,m_q,ce,1.0557018776468543,0.8849155339530391,1.3635855408164033,
validation,condition:3,5,True,post-hoc descriptive; fixed predictors and source constants; no source-estimation uncertainty,True,2000,20260919,MLP16_seed_123,MLP16,123,m_q,brier,0.6404767729373547,0.5395845428736779,0.8149119426341629,
validation,condition:3,5,True,post-hoc descriptive; fixed predictors and source constants; no source-estimation uncertainty,True,2000,20260919,MLP16_seed_123,MLP16,123,m_q,accuracy,0.4,0.0,0.8,
validation,condition:3,5,True,post-hoc descriptive; fixed predictors and source constants; no source-estimation uncertainty,True,2000,20260919,MLP16_seed_123,MLP16,123,m_q,macro_f1,0.19047619047619047,0.0,0.29629629629629634,
validation,condition:3,5,True,post-hoc descriptive; fixed predictors and source constants; no source-estimation uncertainty,True,2000,20260919,MLP16_seed_123,MLP16,123,pi_S,ce,1.054920167986143,0.9162907318741533,1.3321790402101226,
validation,condition:3,5,True,post-hoc descriptive; fixed predictors and source constants; no source-estimation uncertainty,True,2000,20260919,MLP16_seed_123,MLP16,123,pi_S,brier,0.6400000000000002,0.5599999999999998,0.8000000000000007,
validation,condition:3,5,True,post-hoc descriptive; fixed predictors and source constants; no source-estimation uncertainty,True,2000,20260919,MLP16_seed_123,MLP16,123,pi_S,accuracy,0.4,0.0,0.8,
validation,condition:3,5,True,post-hoc descriptive; fixed predictors and source constants; no source-estimation uncertainty,True,2000,20260919,MLP16_seed_123,MLP16,123,pi_S,macro_f1,0.19047619047619047,0.0,0.29629629629629634,
validation,condition:3,5,True,post-hoc descriptive; fixed predictors and source constants; no source-estimation uncertainty,True,2000,20260919,MLP16_seed_456,MLP16,456,q,ce,1.039413542151451,0.8427787631750107,1.3107229995727538,
validation,condition:3,5,True,post-hoc descriptive; fixed predictors and source constants; no source-estimation uncertainty,True,2000,20260919,MLP16_seed_456,MLP16,456,q,brier,0.6340818284220443,0.5186559593125697,0.7936425016338113,
validation,condition:3,5,True,post-hoc descriptive; fixed predictors and source constants; no source-estimation uncertainty,True,2000,20260919,MLP16_seed_456,MLP16,456,q,accuracy,0.4,0.0,0.8,
validation,condition:3,5,True,post-hoc descriptive; fixed predictors and source constants; no source-estimation uncertainty,True,2000,20260919,MLP16_seed_456,MLP16,456,q,macro_f1,0.3,0.0,0.5555555555555555,
validation,condition:3,5,True,post-hoc descriptive; fixed predictors and source constants; no source-estimation uncertainty,True,2000,20260919,MLP16_seed_456,MLP16,456,m_q,ce,1.0550877878370835,0.9013647096621537,1.3407206642712999,
validation,condition:3,5,True,post-hoc descriptive; fixed predictors and source constants; no source-estimation uncertainty,True,2000,20260919,MLP16_seed_456,MLP16,456,m_q,brier,0.6401234835435707,0.5493497422684983,0.8041490953614074,
validation,condition:3,5,True,post-hoc descriptive; fixed predictors and source constants; no source-estimation uncertainty,True,2000,20260919,MLP16_seed_456,MLP16,456,m_q,accuracy,0.4,0.0,0.8,
validation,condition:3,5,True,post-hoc descriptive; fixed predictors and source constants; no source-estimation uncertainty,True,2000,20260919,MLP16_seed_456,MLP16,456,m_q,macro_f1,0.19047619047619047,0.0,0.29629629629629634,
validation,condition:3,5,True,post-hoc descriptive; fixed predictors and source constants; no source-estimation uncertainty,True,2000,20260919,MLP16_seed_456,MLP16,456,pi_S,ce,1.054920167986143,0.9162907318741533,1.3321790402101226,
validation,condition:3,5,True,post-hoc descriptive; fixed predictors and source constants; no source-estimation uncertainty,True,2000,20260919,MLP16_seed_456,MLP16,456,pi_S,brier,0.6400000000000002,0.5599999999999998,0.8000000000000007,
validation,condition:3,5,True,post-hoc descriptive; fixed predictors and source constants; no source-estimation uncertainty,True,2000,20260919,MLP16_seed_456,MLP16,456,pi_S,accuracy,0.4,0.0,0.8,
validation,condition:3,5,True,post-hoc descriptive; fixed predictors and source constants; no source-estimation uncertainty,True,2000,20260919,MLP16_seed_456,MLP16,456,pi_S,macro_f1,0.19047619047619047,0.0,0.29629629629629634,
validation,condition:3,5,True,post-hoc descriptive; fixed predictors and source constants; no source-estimation uncertainty,True,2000,20260919,O_seed_42,O,42,q,ce,0.9458360236883163,0.5446419551968574,1.3470300921797753,
validation,condition:3,5,True,post-hoc descriptive; fixed predictors and source constants; no source-estimation uncertainty,True,2000,20260919,O_seed_42,O,42,q,brier,0.5679523575592972,0.301079939883412,0.8348247752351824,
validation,condition:3,5,True,post-hoc descriptive; fixed predictors and source constants; no source-estimation uncertainty,True,2000,20260919,O_seed_42,O,42,q,accuracy,0.6,0.2,1.0,
validation,condition:3,5,True,post-hoc descriptive; fixed predictors and source constants; no source-estimation uncertainty,True,2000,20260919,O_seed_42,O,42,q,macro_f1,0.4333333333333333,0.1111111111111111,0.6666666666666666,
validation,condition:3,5,True,post-hoc descriptive; fixed predictors and source constants; no source-estimation uncertainty,True,2000,20260919,O_seed_42,O,42,m_q,ce,1.0588618963513305,0.8585098531888427,1.4220655270358613,
validation,condition:3,5,True,post-hoc descriptive; fixed predictors and source constants; no source-estimation uncertainty,True,2000,20260919,O_seed_42,O,42,m_q,brier,0.6418978994459497,0.5269492773254051,0.8405956164531994,
validation,condition:3,5,True,post-hoc descriptive; fixed predictors and source constants; no source-estimation uncertainty,True,2000,20260919,O_seed_42,O,42,m_q,accuracy,0.4,0.0,0.8,
validation,condition:3,5,True,post-hoc descriptive; fixed predictors and source constants; no source-estimation uncertainty,True,2000,20260919,O_seed_42,O,42,m_q,macro_f1,0.19047619047619047,0.0,0.29629629629629634,
validation,condition:3,5,True,post-hoc descriptive; fixed predictors and source constants; no source-estimation uncertainty,True,2000,20260919,O_seed_42,O,42,pi_S,ce,1.054920167986143,0.9162907318741533,1.3321790402101226,
validation,condition:3,5,True,post-hoc descriptive; fixed predictors and source constants; no source-estimation uncertainty,True,2000,20260919,O_seed_42,O,42,pi_S,brier,0.6400000000000002,0.5599999999999998,0.8000000000000007,
validation,condition:3,5,True,post-hoc descriptive; fixed predictors and source constants; no source-estimation uncertainty,True,2000,20260919,O_seed_42,O,42,pi_S,accuracy,0.4,0.0,0.8,
validation,condition:3,5,True,post-hoc descriptive; fixed predictors and source constants; no source-estimation uncertainty,True,2000,20260919,O_seed_42,O,42,pi_S,macro_f1,0.19047619047619047,0.0,0.29629629629629634,
validation,condition:3,5,True,post-hoc descriptive; fixed predictors and source constants; no source-estimation uncertainty,True,2000,20260919,O_seed_123,O,123,q,ce,0.9447387976944446,0.6195607078075409,1.2699168875813485,
validation,condition:3,5,True,post-hoc descriptive; fixed predictors and source constants; no source-estimation uncertainty,True,2000,20260919,O_seed_123,O,123,q,brier,0.5760993552478954,0.3634223546758796,0.7887763558199111,
validation,condition:3,5,True,post-hoc descriptive; fixed predictors and source constants; no source-estimation uncertainty,True,2000,20260919,O_seed_123,O,123,q,accuracy,0.6,0.2,1.0,
validation,condition:3,5,True,post-hoc descriptive; fixed predictors and source constants; no source-estimation uncertainty,True,2000,20260919,O_seed_123,O,123,q,macro_f1,0.4333333333333333,0.1111111111111111,0.6666666666666666,
validation,condition:3,5,True,post-hoc descriptive; fixed predictors and source constants; no source-estimation uncertainty,True,2000,20260919,O_seed_123,O,123,m_q,ce,1.060356113332345,0.8592804756321362,1.4437244170822998,
validation,condition:3,5,True,post-hoc descriptive; fixed predictors and source constants; no source-estimation uncertainty,True,2000,20260919,O_seed_123,O,123,m_q,brier,0.642381730411915,0.531030164061207,0.8493249944915056,
validation,condition:3,5,True,post-hoc descriptive; fixed predictors and source constants; no source-estimation uncertainty,True,2000,20260919,O_seed_123,O,123,m_q,accuracy,0.4,0.0,0.8,
validation,condition:3,5,True,post-hoc descriptive; fixed predictors and source constants; no source-estimation uncertainty,True,2000,20260919,O_seed_123,O,123,m_q,macro_f1,0.19047619047619047,0.0,0.29629629629629634,
validation,condition:3,5,True,post-hoc descriptive; fixed predictors and source constants; no source-estimation uncertainty,True,2000,20260919,O_seed_123,O,123,pi_S,ce,1.054920167986143,0.9162907318741533,1.3321790402101226,
validation,condition:3,5,True,post-hoc descriptive; fixed predictors and source constants; no source-estimation uncertainty,True,2000,20260919,O_seed_123,O,123,pi_S,brier,0.6400000000000002,0.5599999999999998,0.8000000000000007,
validation,condition:3,5,True,post-hoc descriptive; fixed predictors and source constants; no source-estimation uncertainty,True,2000,20260919,O_seed_123,O,123,pi_S,accuracy,0.4,0.0,0.8,
validation,condition:3,5,True,post-hoc descriptive; fixed predictors and source constants; no source-estimation uncertainty,True,2000,20260919,O_seed_123,O,123,pi_S,macro_f1,0.19047619047619047,0.0,0.29629629629629634,
validation,condition:3,5,True,post-hoc descriptive; fixed predictors and source constants; no source-estimation uncertainty,True,2000,20260919,O_seed_456,O,456,q,ce,0.9549599465727805,0.6094316905736923,1.300488202571869,
validation,condition:3,5,True,post-hoc descriptive; fixed predictors and source constants; no source-estimation uncertainty,True,2000,20260919,O_seed_456,O,456,q,brier,0.5744063684437617,0.3480889159878066,0.8007238208997165,
validation,condition:3,5,True,post-hoc descriptive; fixed predictors and source constants; no source-estimation uncertainty,True,2000,20260919,O_seed_456,O,456,q,accuracy,0.6,0.2,1.0,
validation,condition:3,5,True,post-hoc descriptive; fixed predictors and source constants; no source-estimation uncertainty,True,2000,20260919,O_seed_456,O,456,q,macro_f1,0.4333333333333333,0.1111111111111111,0.6666666666666666,
validation,condition:3,5,True,post-hoc descriptive; fixed predictors and source constants; no source-estimation uncertainty,True,2000,20260919,O_seed_456,O,456,m_q,ce,1.0582068002887242,0.8520638018789359,1.3891391588398014,
validation,condition:3,5,True,post-hoc descriptive; fixed predictors and source constants; no source-estimation uncertainty,True,2000,20260919,O_seed_456,O,456,m_q,brier,0.6422021963328166,0.516291768029833,0.8273381877323034,
validation,condition:3,5,True,post-hoc descriptive; fixed predictors and source constants; no source-estimation uncertainty,True,2000,20260919,O_seed_456,O,456,m_q,accuracy,0.39999999999999997,0.0,0.8,
validation,condition:3,5,True,post-hoc descriptive; fixed predictors and source constants; no source-estimation uncertainty,True,2000,20260919,O_seed_456,O,456,m_q,macro_f1,0.19047619047619047,0.0,0.29629629629629634,
validation,condition:3,5,True,post-hoc descriptive; fixed predictors and source constants; no source-estimation uncertainty,True,2000,20260919,O_seed_456,O,456,pi_S,ce,1.054920167986143,0.9162907318741533,1.3321790402101226,
validation,condition:3,5,True,post-hoc descriptive; fixed predictors and source constants; no source-estimation uncertainty,True,2000,20260919,O_seed_456,O,456,pi_S,brier,0.6400000000000002,0.5599999999999998,0.8000000000000007,
validation,condition:3,5,True,post-hoc descriptive; fixed predictors and source constants; no source-estimation uncertainty,True,2000,20260919,O_seed_456,O,456,pi_S,accuracy,0.4,0.0,0.8,
validation,condition:3,5,True,post-hoc descriptive; fixed predictors and source constants; no source-estimation uncertainty,True,2000,20260919,O_seed_456,O,456,pi_S,macro_f1,0.19047619047619047,0.0,0.29629629629629634,
validation,condition:3,5,True,post-hoc descriptive; fixed predictors and source constants; no source-estimation uncertainty,True,2000,20260919,MLP16,MLP16,finite_mean_42_123_456,q,ce,1.0362391143043834,0.821207087536653,1.3195342368880907,0.0027534519935989528
validation,condition:3,5,True,post-hoc descriptive; fixed predictors and source constants; no source-estimation uncertainty,True,2000,20260919,MLP16,MLP16,finite_mean_42_123_456,q,brier,0.6309982005908218,0.5007737290514716,0.7983659583050707,0.003115130500037689
validation,condition:3,5,True,post-hoc descriptive; fixed predictors and source constants; no source-estimation uncertainty,True,2000,20260919,MLP16,MLP16,finite_mean_42_123_456,q,accuracy,0.4000000000000001,0.06666666666666667,0.7333333333333334,6.798699777552591e-17
validation,condition:3,5,True,post-hoc descriptive; fixed predictors and source constants; no source-estimation uncertainty,True,2000,20260919,MLP16,MLP16,finite_mean_42_123_456,q,macro_f1,0.2634920634920635,0.037037037037037035,0.4388888888888889,0.06323360091124473
validation,condition:3,5,True,post-hoc descriptive; fixed predictors and source constants; no source-estimation uncertainty,True,2000,20260919,MLP16,MLP16,finite_mean_42_123_456,m_q,ce,1.05583069489115,0.8863975681364997,1.3501162817227754,0.0008149871243659388
validation,condition:3,5,True,post-hoc descriptive; fixed predictors and source constants; no source-estimation uncertainty,True,2000,20260919,MLP16,MLP16,finite_mean_42_123_456,m_q,brier,0.6406711717675686,0.5386074942811223,0.8088736689253544,0.0006665007471576076
validation,condition:3,5,True,post-hoc descriptive; fixed predictors and source constants; no source-estimation uncertainty,True,2000,20260919,MLP16,MLP16,finite_mean_42_123_456,m_q,accuracy,0.4000000000000001,0.0,0.8000000000000002,6.798699777552591e-17
validation,condition:3,5,True,post-hoc descriptive; fixed predictors and source constants; no source-estimation uncertainty,True,2000,20260919,MLP16,MLP16,finite_mean_42_123_456,m_q,macro_f1,0.19047619047619047,0.0,0.29629629629629634,0.0
validation,condition:3,5,True,post-hoc descriptive; fixed predictors and source constants; no source-estimation uncertainty,True,2000,20260919,MLP16,MLP16,finite_mean_42_123_456,pi_S,ce,1.054920167986143,0.9162907318741533,1.3321790402101226,0.0
validation,condition:3,5,True,post-hoc descriptive; fixed predictors and source constants; no source-estimation uncertainty,True,2000,20260919,MLP16,MLP16,finite_mean_42_123_456,pi_S,brier,0.6400000000000002,0.5599999999999998,0.8000000000000007,0.0
validation,condition:3,5,True,post-hoc descriptive; fixed predictors and source constants; no source-estimation uncertainty,True,2000,20260919,MLP16,MLP16,finite_mean_42_123_456,pi_S,accuracy,0.4000000000000001,0.0,0.8000000000000002,6.798699777552591e-17
validation,condition:3,5,True,post-hoc descriptive; fixed predictors and source constants; no source-estimation uncertainty,True,2000,20260919,MLP16,MLP16,finite_mean_42_123_456,pi_S,macro_f1,0.19047619047619047,0.0,0.29629629629629634,0.0
validation,condition:3,5,True,post-hoc descriptive; fixed predictors and source constants; no source-estimation uncertainty,True,2000,20260919,O,O,finite_mean_42_123_456,q,ce,0.9485115893185139,0.5912114511926969,1.3058117274443308,0.005611324235810778
validation,condition:3,5,True,post-hoc descriptive; fixed predictors and source constants; no source-estimation uncertainty,True,2000,20260919,O,O,finite_mean_42_123_456,q,brier,0.5728193604169848,0.3375304035156994,0.80810831731827,0.00429910905796734
validation,condition:3,5,True,post-hoc descriptive; fixed predictors and source constants; no source-estimation uncertainty,True,2000,20260919,O,O,finite_mean_42_123_456,q,accuracy,0.6,0.20000000000000004,1.0,0.0
validation,condition:3,5,True,post-hoc descriptive; fixed predictors and source constants; no source-estimation uncertainty,True,2000,20260919,O,O,finite_mean_42_123_456,q,macro_f1,0.4333333333333333,0.1111111111111111,0.6666666666666666,0.0
validation,condition:3,5,True,post-hoc descriptive; fixed predictors and source constants; no source-estimation uncertainty,True,2000,20260919,O,O,finite_mean_42_123_456,m_q,ce,1.0591416033241332,0.8753791859969408,1.4183097009859875,0.0011016186422012862
validation,condition:3,5,True,post-hoc descriptive; fixed predictors and source constants; no source-estimation uncertainty,True,2000,20260919,O,O,finite_mean_42_123_456,m_q,brier,0.6421606087302271,0.5404102017573701,0.8390862662256694,0.00024458178064525906
validation,condition:3,5,True,post-hoc descriptive; fixed predictors and source constants; no source-estimation uncertainty,True,2000,20260919,O,O,finite_mean_42_123_456,m_q,accuracy,0.39999999999999997,0.19999999999999998,0.6,5.551115123125783e-17
validation,condition:3,5,True,post-hoc descriptive; fixed predictors and source constants; no source-estimation uncertainty,True,2000,20260919,O,O,finite_mean_42_123_456,m_q,macro_f1,0.19047619047619047,0.08333333333333333,0.23456790123456794,0.0
validation,condition:3,5,True,post-hoc descriptive; fixed predictors and source constants; no source-estimation uncertainty,True,2000,20260919,O,O,finite_mean_42_123_456,pi_S,ce,1.054920167986143,0.9162907318741533,1.3321790402101226,0.0
validation,condition:3,5,True,post-hoc descriptive; fixed predictors and source constants; no source-estimation uncertainty,True,2000,20260919,O,O,finite_mean_42_123_456,pi_S,brier,0.6400000000000002,0.5599999999999998,0.8000000000000007,0.0
validation,condition:3,5,True,post-hoc descriptive; fixed predictors and source constants; no source-estimation uncertainty,True,2000,20260919,O,O,finite_mean_42_123_456,pi_S,accuracy,0.4000000000000001,0.0,0.8000000000000002,6.798699777552591e-17
validation,condition:3,5,True,post-hoc descriptive; fixed predictors and source constants; no source-estimation uncertainty,True,2000,20260919,O,O,finite_mean_42_123_456,pi_S,macro_f1,0.19047619047619047,0.0,0.29629629629629634,0.0
validation,source_selection,5,True,post-hoc descriptive; fixed predictors and source constants; no source-estimation uncertainty,True,2000,20260919,p0,p0,fixed/reference,q,ce,0.8785414470235507,0.3530252686142921,1.5593317017952601,
validation,source_selection,5,True,post-hoc descriptive; fixed predictors and source constants; no source-estimation uncertainty,True,2000,20260919,p0,p0,fixed/reference,q,brier,0.5343757163005584,0.17923324671974514,0.9124221157898257,
validation,source_selection,5,True,post-hoc descriptive; fixed predictors and source constants; no source-estimation uncertainty,True,2000,20260919,p0,p0,fixed/reference,q,accuracy,0.6,0.20000000000000004,1.0,
validation,source_selection,5,True,post-hoc descriptive; fixed predictors and source constants; no source-estimation uncertainty,True,2000,20260919,p0,p0,fixed/reference,q,macro_f1,0.4333333333333333,0.1111111111111111,0.6666666666666666,
validation,source_selection,5,True,post-hoc descriptive; fixed predictors and source constants; no source-estimation uncertainty,True,2000,20260919,p0,p0,fixed/reference,m_q,ce,1.1958460527742916,0.728273950250923,2.0984910270253896,
validation,source_selection,5,True,post-hoc descriptive; fixed predictors and source constants; no source-estimation uncertainty,True,2000,20260919,p0,p0,fixed/reference,m_q,brier,0.6742023702928709,0.48860295643321267,1.0145257199531348,
validation,source_selection,5,True,post-hoc descriptive; fixed predictors and source constants; no source-estimation uncertainty,True,2000,20260919,p0,p0,fixed/reference,m_q,accuracy,0.4000000000000001,0.0,0.8000000000000002,
validation,source_selection,5,True,post-hoc descriptive; fixed predictors and source constants; no source-estimation uncertainty,True,2000,20260919,p0,p0,fixed/reference,m_q,macro_f1,0.19047619047619047,0.0,0.29629629629629634,
validation,source_selection,5,True,post-hoc descriptive; fixed predictors and source constants; no source-estimation uncertainty,True,2000,20260919,p0,p0,fixed/reference,pi_S,ce,1.054920167986143,0.9162907318741533,1.3321790402101226,
validation,source_selection,5,True,post-hoc descriptive; fixed predictors and source constants; no source-estimation uncertainty,True,2000,20260919,p0,p0,fixed/reference,pi_S,brier,0.6400000000000002,0.5599999999999998,0.8000000000000007,
validation,source_selection,5,True,post-hoc descriptive; fixed predictors and source constants; no source-estimation uncertainty,True,2000,20260919,p0,p0,fixed/reference,pi_S,accuracy,0.4000000000000001,0.0,0.8000000000000002,
validation,source_selection,5,True,post-hoc descriptive; fixed predictors and source constants; no source-estimation uncertainty,True,2000,20260919,p0,p0,fixed/reference,pi_S,macro_f1,0.19047619047619047,0.0,0.29629629629629634,
validation,source_selection,5,True,post-hoc descriptive; fixed predictors and source constants; no source-estimation uncertainty,True,2000,20260919,MLP16_seed_42,MLP16,42,q,ce,1.0285418863097828,0.7845554706454276,1.3322342881560325,
validation,source_selection,5,True,post-hoc descriptive; fixed predictors and source constants; no source-estimation uncertainty,True,2000,20260919,MLP16_seed_42,MLP16,42,q,brier,0.6250148888462859,0.4745049759200531,0.8027659761599484,
validation,source_selection,5,True,post-hoc descriptive; fixed predictors and source constants; no source-estimation uncertainty,True,2000,20260919,MLP16_seed_42,MLP16,42,q,accuracy,0.4000000000000001,0.0,0.8000000000000002,
validation,source_selection,5,True,post-hoc descriptive; fixed predictors and source constants; no source-estimation uncertainty,True,2000,20260919,MLP16_seed_42,MLP16,42,q,macro_f1,0.19047619047619047,0.0,0.29629629629629634,
validation,source_selection,5,True,post-hoc descriptive; fixed predictors and source constants; no source-estimation uncertainty,True,2000,20260919,MLP16_seed_42,MLP16,42,m_q,ce,1.056702419189512,0.8729124607943065,1.3460426400806227,
validation,source_selection,5,True,post-hoc descriptive; fixed predictors and source constants; no source-estimation uncertainty,True,2000,20260919,MLP16_seed_42,MLP16,42,m_q,brier,0.6414132588217805,0.5268881977011907,0.807559968780493,
validation,source_selection,5,True,post-hoc descriptive; fixed predictors and source constants; no source-estimation uncertainty,True,2000,20260919,MLP16_seed_42,MLP16,42,m_q,accuracy,0.4000000000000001,0.0,0.8000000000000002,
validation,source_selection,5,True,post-hoc descriptive; fixed predictors and source constants; no source-estimation uncertainty,True,2000,20260919,MLP16_seed_42,MLP16,42,m_q,macro_f1,0.19047619047619047,0.0,0.29629629629629634,
validation,source_selection,5,True,post-hoc descriptive; fixed predictors and source constants; no source-estimation uncertainty,True,2000,20260919,MLP16_seed_42,MLP16,42,pi_S,ce,1.054920167986143,0.9162907318741533,1.3321790402101226,
validation,source_selection,5,True,post-hoc descriptive; fixed predictors and source constants; no source-estimation uncertainty,True,2000,20260919,MLP16_seed_42,MLP16,42,pi_S,brier,0.6400000000000002,0.5599999999999998,0.8000000000000007,
validation,source_selection,5,True,post-hoc descriptive; fixed predictors and source constants; no source-estimation uncertainty,True,2000,20260919,MLP16_seed_42,MLP16,42,pi_S,accuracy,0.4000000000000001,0.0,0.8000000000000002,
validation,source_selection,5,True,post-hoc descriptive; fixed predictors and source constants; no source-estimation uncertainty,True,2000,20260919,MLP16_seed_42,MLP16,42,pi_S,macro_f1,0.19047619047619047,0.0,0.29629629629629634,
validation,source_selection,5,True,post-hoc descriptive; fixed predictors and source constants; no source-estimation uncertainty,True,2000,20260919,MLP16_seed_123,MLP16,123,q,ce,1.0273919331034025,0.8115517038106917,1.3230315455794335,
validation,source_selection,5,True,post-hoc descriptive; fixed predictors and source constants; no source-estimation uncertainty,True,2000,20260919,MLP16_seed_123,MLP16,123,q,brier,0.6278708214116054,0.5002906748374247,0.7995378891442025,
validation,source_selection,5,True,post-hoc descriptive; fixed predictors and source constants; no source-estimation uncertainty,True,2000,20260919,MLP16_seed_123,MLP16,123,q,accuracy,0.4666666666666666,0.06666666666666667,0.8666666666666666,
validation,source_selection,5,True,post-hoc descriptive; fixed predictors and source constants; no source-estimation uncertainty,True,2000,20260919,MLP16_seed_123,MLP16,123,q,macro_f1,0.34814814814814815,0.037037037037037035,0.5777777777777778,
validation,source_selection,5,True,post-hoc descriptive; fixed predictors and source constants; no source-estimation uncertainty,True,2000,20260919,MLP16_seed_123,MLP16,123,m_q,ce,1.0557018776468543,0.8849155339530391,1.363585540816403,
validation,source_selection,5,True,post-hoc descriptive; fixed predictors and source constants; no source-estimation uncertainty,True,2000,20260919,MLP16_seed_123,MLP16,123,m_q,brier,0.6404767729373547,0.5395845428736779,0.8149119426341628,
validation,source_selection,5,True,post-hoc descriptive; fixed predictors and source constants; no source-estimation uncertainty,True,2000,20260919,MLP16_seed_123,MLP16,123,m_q,accuracy,0.4000000000000001,0.0,0.8000000000000002,
validation,source_selection,5,True,post-hoc descriptive; fixed predictors and source constants; no source-estimation uncertainty,True,2000,20260919,MLP16_seed_123,MLP16,123,m_q,macro_f1,0.19047619047619047,0.0,0.29629629629629634,
validation,source_selection,5,True,post-hoc descriptive; fixed predictors and source constants; no source-estimation uncertainty,True,2000,20260919,MLP16_seed_123,MLP16,123,pi_S,ce,1.054920167986143,0.9162907318741533,1.3321790402101226,
validation,source_selection,5,True,post-hoc descriptive; fixed predictors and source constants; no source-estimation uncertainty,True,2000,20260919,MLP16_seed_123,MLP16,123,pi_S,brier,0.6400000000000002,0.5599999999999998,0.8000000000000007,
validation,source_selection,5,True,post-hoc descriptive; fixed predictors and source constants; no source-estimation uncertainty,True,2000,20260919,MLP16_seed_123,MLP16,123,pi_S,accuracy,0.4000000000000001,0.0,0.8000000000000002,
validation,source_selection,5,True,post-hoc descriptive; fixed predictors and source constants; no source-estimation uncertainty,True,2000,20260919,MLP16_seed_123,MLP16,123,pi_S,macro_f1,0.19047619047619047,0.0,0.29629629629629634,
validation,source_selection,5,True,post-hoc descriptive; fixed predictors and source constants; no source-estimation uncertainty,True,2000,20260919,MLP16_seed_456,MLP16,456,q,ce,1.0316243429978689,0.8311754051844279,1.3095425909757614,
validation,source_selection,5,True,post-hoc descriptive; fixed predictors and source constants; no source-estimation uncertainty,True,2000,20260919,MLP16_seed_456,MLP16,456,q,brier,0.6303631672716996,0.512411518977686,0.7932295918842073,
validation,source_selection,5,True,post-hoc descriptive; fixed predictors and source constants; no source-estimation uncertainty,True,2000,20260919,MLP16_seed_456,MLP16,456,q,accuracy,0.4000000000000001,0.0,0.8000000000000002,
validation,source_selection,5,True,post-hoc descriptive; fixed predictors and source constants; no source-estimation uncertainty,True,2000,20260919,MLP16_seed_456,MLP16,456,q,macro_f1,0.3,0.0,0.5555555555555555,
validation,source_selection,5,True,post-hoc descriptive; fixed predictors and source constants; no source-estimation uncertainty,True,2000,20260919,MLP16_seed_456,MLP16,456,m_q,ce,1.0550877878370835,0.9013647096621537,1.3407206642712997,
validation,source_selection,5,True,post-hoc descriptive; fixed predictors and source constants; no source-estimation uncertainty,True,2000,20260919,MLP16_seed_456,MLP16,456,m_q,brier,0.6401234835435707,0.5493497422684983,0.8041490953614074,
validation,source_selection,5,True,post-hoc descriptive; fixed predictors and source constants; no source-estimation uncertainty,True,2000,20260919,MLP16_seed_456,MLP16,456,m_q,accuracy,0.4000000000000001,0.0,0.8000000000000002,
validation,source_selection,5,True,post-hoc descriptive; fixed predictors and source constants; no source-estimation uncertainty,True,2000,20260919,MLP16_seed_456,MLP16,456,m_q,macro_f1,0.19047619047619047,0.0,0.29629629629629634,
validation,source_selection,5,True,post-hoc descriptive; fixed predictors and source constants; no source-estimation uncertainty,True,2000,20260919,MLP16_seed_456,MLP16,456,pi_S,ce,1.054920167986143,0.9162907318741533,1.3321790402101226,
validation,source_selection,5,True,post-hoc descriptive; fixed predictors and source constants; no source-estimation uncertainty,True,2000,20260919,MLP16_seed_456,MLP16,456,pi_S,brier,0.6400000000000002,0.5599999999999998,0.8000000000000007,
validation,source_selection,5,True,post-hoc descriptive; fixed predictors and source constants; no source-estimation uncertainty,True,2000,20260919,MLP16_seed_456,MLP16,456,pi_S,accuracy,0.4000000000000001,0.0,0.8000000000000002,
validation,source_selection,5,True,post-hoc descriptive; fixed predictors and source constants; no source-estimation uncertainty,True,2000,20260919,MLP16_seed_456,MLP16,456,pi_S,macro_f1,0.19047619047619047,0.0,0.29629629629629634,
validation,source_selection,5,True,post-hoc descriptive; fixed predictors and source constants; no source-estimation uncertainty,True,2000,20260919,O_seed_42,O,42,q,ce,0.9483825285732745,0.5347398806611697,1.3620251764853795,
validation,source_selection,5,True,post-hoc descriptive; fixed predictors and source constants; no source-estimation uncertainty,True,2000,20260919,O_seed_42,O,42,q,brier,0.5765166303476508,0.29969269926256353,0.8533405614327382,
validation,source_selection,5,True,post-hoc descriptive; fixed predictors and source constants; no source-estimation uncertainty,True,2000,20260919,O_seed_42,O,42,q,accuracy,0.6,0.20000000000000004,1.0,
validation,source_selection,5,True,post-hoc descriptive; fixed predictors and source constants; no source-estimation uncertainty,True,2000,20260919,O_seed_42,O,42,q,macro_f1,0.4333333333333333,0.1111111111111111,0.6666666666666666,
validation,source_selection,5,True,post-hoc descriptive; fixed predictors and source constants; no source-estimation uncertainty,True,2000,20260919,O_seed_42,O,42,m_q,ce,1.0588618963513305,0.8585098531888425,1.4220655270358613,
validation,source_selection,5,True,post-hoc descriptive; fixed predictors and source constants; no source-estimation uncertainty,True,2000,20260919,O_seed_42,O,42,m_q,brier,0.6418978994459497,0.5269492773254051,0.8405956164531995,
validation,source_selection,5,True,post-hoc descriptive; fixed predictors and source constants; no source-estimation uncertainty,True,2000,20260919,O_seed_42,O,42,m_q,accuracy,0.4000000000000001,0.0,0.8000000000000002,
validation,source_selection,5,True,post-hoc descriptive; fixed predictors and source constants; no source-estimation uncertainty,True,2000,20260919,O_seed_42,O,42,m_q,macro_f1,0.19047619047619047,0.0,0.29629629629629634,
validation,source_selection,5,True,post-hoc descriptive; fixed predictors and source constants; no source-estimation uncertainty,True,2000,20260919,O_seed_42,O,42,pi_S,ce,1.054920167986143,0.9162907318741533,1.3321790402101226,
validation,source_selection,5,True,post-hoc descriptive; fixed predictors and source constants; no source-estimation uncertainty,True,2000,20260919,O_seed_42,O,42,pi_S,brier,0.6400000000000002,0.5599999999999998,0.8000000000000007,
validation,source_selection,5,True,post-hoc descriptive; fixed predictors and source constants; no source-estimation uncertainty,True,2000,20260919,O_seed_42,O,42,pi_S,accuracy,0.4000000000000001,0.0,0.8000000000000002,
validation,source_selection,5,True,post-hoc descriptive; fixed predictors and source constants; no source-estimation uncertainty,True,2000,20260919,O_seed_42,O,42,pi_S,macro_f1,0.19047619047619047,0.0,0.29629629629629634,
validation,source_selection,5,True,post-hoc descriptive; fixed predictors and source constants; no source-estimation uncertainty,True,2000,20260919,O_seed_123,O,123,q,ce,0.9428490400314331,0.6000769979755084,1.285621082087358,
validation,source_selection,5,True,post-hoc descriptive; fixed predictors and source constants; no source-estimation uncertainty,True,2000,20260919,O_seed_123,O,123,q,brier,0.5775392963518918,0.34908427152266713,0.8059943211811166,
validation,source_selection,5,True,post-hoc descriptive; fixed predictors and source constants; no source-estimation uncertainty,True,2000,20260919,O_seed_123,O,123,q,accuracy,0.6,0.20000000000000004,1.0,
validation,source_selection,5,True,post-hoc descriptive; fixed predictors and source constants; no source-estimation uncertainty,True,2000,20260919,O_seed_123,O,123,q,macro_f1,0.4333333333333333,0.1111111111111111,0.6666666666666666,
validation,source_selection,5,True,post-hoc descriptive; fixed predictors and source constants; no source-estimation uncertainty,True,2000,20260919,O_seed_123,O,123,m_q,ce,1.060356113332345,0.859280475632136,1.4437244170822998,
validation,source_selection,5,True,post-hoc descriptive; fixed predictors and source constants; no source-estimation uncertainty,True,2000,20260919,O_seed_123,O,123,m_q,brier,0.642381730411915,0.531030164061207,0.8493249944915057,
validation,source_selection,5,True,post-hoc descriptive; fixed predictors and source constants; no source-estimation uncertainty,True,2000,20260919,O_seed_123,O,123,m_q,accuracy,0.4000000000000001,0.0,0.8000000000000002,
validation,source_selection,5,True,post-hoc descriptive; fixed predictors and source constants; no source-estimation uncertainty,True,2000,20260919,O_seed_123,O,123,m_q,macro_f1,0.19047619047619047,0.0,0.29629629629629634,
validation,source_selection,5,True,post-hoc descriptive; fixed predictors and source constants; no source-estimation uncertainty,True,2000,20260919,O_seed_123,O,123,pi_S,ce,1.054920167986143,0.9162907318741533,1.3321790402101226,
validation,source_selection,5,True,post-hoc descriptive; fixed predictors and source constants; no source-estimation uncertainty,True,2000,20260919,O_seed_123,O,123,pi_S,brier,0.6400000000000002,0.5599999999999998,0.8000000000000007,
validation,source_selection,5,True,post-hoc descriptive; fixed predictors and source constants; no source-estimation uncertainty,True,2000,20260919,O_seed_123,O,123,pi_S,accuracy,0.4000000000000001,0.0,0.8000000000000002,
validation,source_selection,5,True,post-hoc descriptive; fixed predictors and source constants; no source-estimation uncertainty,True,2000,20260919,O_seed_123,O,123,pi_S,macro_f1,0.19047619047619047,0.0,0.29629629629629634,
validation,source_selection,5,True,post-hoc descriptive; fixed predictors and source constants; no source-estimation uncertainty,True,2000,20260919,O_seed_456,O,456,q,ce,0.9498784224689006,0.5890420418977738,1.3107148030400275,
validation,source_selection,5,True,post-hoc descriptive; fixed predictors and source constants; no source-estimation uncertainty,True,2000,20260919,O_seed_456,O,456,q,brier,0.5726063691433155,0.3315392867594296,0.8136734515272014,
validation,source_selection,5,True,post-hoc descriptive; fixed predictors and source constants; no source-estimation uncertainty,True,2000,20260919,O_seed_456,O,456,q,accuracy,0.6,0.20000000000000004,1.0,
validation,source_selection,5,True,post-hoc descriptive; fixed predictors and source constants; no source-estimation uncertainty,True,2000,20260919,O_seed_456,O,456,q,macro_f1,0.4333333333333333,0.1111111111111111,0.6666666666666666,
validation,source_selection,5,True,post-hoc descriptive; fixed predictors and source constants; no source-estimation uncertainty,True,2000,20260919,O_seed_456,O,456,m_q,ce,1.0582068002887242,0.8520638018789359,1.3891391588398012,
validation,source_selection,5,True,post-hoc descriptive; fixed predictors and source constants; no source-estimation uncertainty,True,2000,20260919,O_seed_456,O,456,m_q,brier,0.6422021963328166,0.516291768029833,0.8273381877323033,
validation,source_selection,5,True,post-hoc descriptive; fixed predictors and source constants; no source-estimation uncertainty,True,2000,20260919,O_seed_456,O,456,m_q,accuracy,0.39999999999999997,0.0,0.8000000000000002,
validation,source_selection,5,True,post-hoc descriptive; fixed predictors and source constants; no source-estimation uncertainty,True,2000,20260919,O_seed_456,O,456,m_q,macro_f1,0.19047619047619047,0.0,0.29629629629629634,
validation,source_selection,5,True,post-hoc descriptive; fixed predictors and source constants; no source-estimation uncertainty,True,2000,20260919,O_seed_456,O,456,pi_S,ce,1.054920167986143,0.9162907318741533,1.3321790402101226,
validation,source_selection,5,True,post-hoc descriptive; fixed predictors and source constants; no source-estimation uncertainty,True,2000,20260919,O_seed_456,O,456,pi_S,brier,0.6400000000000002,0.5599999999999998,0.8000000000000007,
validation,source_selection,5,True,post-hoc descriptive; fixed predictors and source constants; no source-estimation uncertainty,True,2000,20260919,O_seed_456,O,456,pi_S,accuracy,0.4000000000000001,0.0,0.8000000000000002,
validation,source_selection,5,True,post-hoc descriptive; fixed predictors and source constants; no source-estimation uncertainty,True,2000,20260919,O_seed_456,O,456,pi_S,macro_f1,0.19047619047619047,0.0,0.29629629629629634,
validation,source_selection,5,True,post-hoc descriptive; fixed predictors and source constants; no source-estimation uncertainty,True,2000,20260919,MLP16,MLP16,finite_mean_42_123_456,q,ce,1.029186054137018,0.8079514140884081,1.320434352391296,0.002188501204232695
validation,source_selection,5,True,post-hoc descriptive; fixed predictors and source constants; no source-estimation uncertainty,True,2000,20260919,MLP16,MLP16,finite_mean_42_123_456,q,brier,0.6277496258431969,0.49346729146638113,0.799032549040791,0.002676198199552477
validation,source_selection,5,True,post-hoc descriptive; fixed predictors and source constants; no source-estimation uncertainty,True,2000,20260919,MLP16,MLP16,finite_mean_42_123_456,q,accuracy,0.4222222222222223,0.08888888888888889,0.7555555555555555,0.03849001794597498
validation,source_selection,5,True,post-hoc descriptive; fixed predictors and source constants; no source-estimation uncertainty,True,2000,20260919,MLP16,MLP16,finite_mean_42_123_456,q,macro_f1,0.2795414462081129,0.04938271604938271,0.45502645502645506,0.08080238781415161
validation,source_selection,5,True,post-hoc descriptive; fixed predictors and source constants; no source-estimation uncertainty,True,2000,20260919,MLP16,MLP16,finite_mean_42_123_456,m_q,ce,1.05583069489115,0.8863975681364997,1.350116281722775,0.0008149871243659388
validation,source_selection,5,True,post-hoc descriptive; fixed predictors and source constants; no source-estimation uncertainty,True,2000,20260919,MLP16,MLP16,finite_mean_42_123_456,m_q,brier,0.6406711717675686,0.5386074942811223,0.8088736689253544,0.0006665007471576076
validation,source_selection,5,True,post-hoc descriptive; fixed predictors and source constants; no source-estimation uncertainty,True,2000,20260919,MLP16,MLP16,finite_mean_42_123_456,m_q,accuracy,0.4000000000000001,0.0,0.8000000000000002,0.0
validation,source_selection,5,True,post-hoc descriptive; fixed predictors and source constants; no source-estimation uncertainty,True,2000,20260919,MLP16,MLP16,finite_mean_42_123_456,m_q,macro_f1,0.19047619047619047,0.0,0.29629629629629634,0.0
validation,source_selection,5,True,post-hoc descriptive; fixed predictors and source constants; no source-estimation uncertainty,True,2000,20260919,MLP16,MLP16,finite_mean_42_123_456,pi_S,ce,1.054920167986143,0.9162907318741533,1.3321790402101226,0.0
validation,source_selection,5,True,post-hoc descriptive; fixed predictors and source constants; no source-estimation uncertainty,True,2000,20260919,MLP16,MLP16,finite_mean_42_123_456,pi_S,brier,0.6400000000000002,0.5599999999999998,0.8000000000000007,0.0
validation,source_selection,5,True,post-hoc descriptive; fixed predictors and source constants; no source-estimation uncertainty,True,2000,20260919,MLP16,MLP16,finite_mean_42_123_456,pi_S,accuracy,0.4000000000000001,0.0,0.8000000000000002,0.0
validation,source_selection,5,True,post-hoc descriptive; fixed predictors and source constants; no source-estimation uncertainty,True,2000,20260919,MLP16,MLP16,finite_mean_42_123_456,pi_S,macro_f1,0.19047619047619047,0.0,0.29629629629629634,0.0
validation,source_selection,5,True,post-hoc descriptive; fixed predictors and source constants; no source-estimation uncertainty,True,2000,20260919,O,O,finite_mean_42_123_456,q,ce,0.9470366636912028,0.5746196401781506,1.3194536872042548,0.003702913525001606
validation,source_selection,5,True,post-hoc descriptive; fixed predictors and source constants; no source-estimation uncertainty,True,2000,20260919,O,O,finite_mean_42_123_456,q,brier,0.575554098614286,0.3267720858482201,0.8243361113803521,0.0026035155491332617
validation,source_selection,5,True,post-hoc descriptive; fixed predictors and source constants; no source-estimation uncertainty,True,2000,20260919,O,O,finite_mean_42_123_456,q,accuracy,0.6,0.20000000000000004,1.0,0.0
validation,source_selection,5,True,post-hoc descriptive; fixed predictors and source constants; no source-estimation uncertainty,True,2000,20260919,O,O,finite_mean_42_123_456,q,macro_f1,0.4333333333333333,0.1111111111111111,0.6666666666666666,0.0
validation,source_selection,5,True,post-hoc descriptive; fixed predictors and source constants; no source-estimation uncertainty,True,2000,20260919,O,O,finite_mean_42_123_456,m_q,ce,1.0591416033241332,0.8753791859969408,1.4183097009859873,0.0011016186422012862
validation,source_selection,5,True,post-hoc descriptive; fixed predictors and source constants; no source-estimation uncertainty,True,2000,20260919,O,O,finite_mean_42_123_456,m_q,brier,0.6421606087302271,0.5404102017573701,0.8390862662256695,0.00024458178064525906
validation,source_selection,5,True,post-hoc descriptive; fixed predictors and source constants; no source-estimation uncertainty,True,2000,20260919,O,O,finite_mean_42_123_456,m_q,accuracy,0.4000000000000001,0.19999999999999998,0.6000000000000001,7.850462293418876e-17
validation,source_selection,5,True,post-hoc descriptive; fixed predictors and source constants; no source-estimation uncertainty,True,2000,20260919,O,O,finite_mean_42_123_456,m_q,macro_f1,0.19047619047619047,0.08333333333333333,0.23456790123456794,0.0
validation,source_selection,5,True,post-hoc descriptive; fixed predictors and source constants; no source-estimation uncertainty,True,2000,20260919,O,O,finite_mean_42_123_456,pi_S,ce,1.054920167986143,0.9162907318741533,1.3321790402101226,0.0
validation,source_selection,5,True,post-hoc descriptive; fixed predictors and source constants; no source-estimation uncertainty,True,2000,20260919,O,O,finite_mean_42_123_456,pi_S,brier,0.6400000000000002,0.5599999999999998,0.8000000000000007,0.0
validation,source_selection,5,True,post-hoc descriptive; fixed predictors and source constants; no source-estimation uncertainty,True,2000,20260919,O,O,finite_mean_42_123_456,pi_S,accuracy,0.4000000000000001,0.0,0.8000000000000002,0.0
validation,source_selection,5,True,post-hoc descriptive; fixed predictors and source constants; no source-estimation uncertainty,True,2000,20260919,O,O,finite_mean_42_123_456,pi_S,macro_f1,0.19047619047619047,0.0,0.29629629629629634,0.0
test,condition:0,7,True,post-hoc descriptive; fixed predictors and source constants; no source-estimation uncertainty,False,2000,20260919,p0,p0,fixed/reference,q,ce,1.3049740940332413,1.0532921129677977,1.6669194058115995,
test,condition:0,7,True,post-hoc descriptive; fixed predictors and source constants; no source-estimation uncertainty,False,2000,20260919,p0,p0,fixed/reference,q,brier,0.8675746488113439,0.7335463316815487,1.0232858803065301,
test,condition:0,7,True,post-hoc descriptive; fixed predictors and source constants; no source-estimation uncertainty,False,2000,20260919,p0,p0,fixed/reference,q,accuracy,0.0,0.0,0.0,
test,condition:0,7,True,post-hoc descriptive; fixed predictors and source constants; no source-estimation uncertainty,False,2000,20260919,p0,p0,fixed/reference,q,macro_f1,0.0,0.0,0.0,
test,condition:0,7,True,post-hoc descriptive; fixed predictors and source constants; no source-estimation uncertainty,False,2000,20260919,p0,p0,fixed/reference,m_q,ce,1.0668967707384203,0.7329166975074427,1.7116431809177761,
test,condition:0,7,True,post-hoc descriptive; fixed predictors and source constants; no source-estimation uncertainty,False,2000,20260919,p0,p0,fixed/reference,m_q,brier,0.6255847489128333,0.4930137390130773,0.8686728558130217,
test,condition:0,7,True,post-hoc descriptive; fixed predictors and source constants; no source-estimation uncertainty,False,2000,20260919,p0,p0,fixed/reference,m_q,accuracy,0.4285714285714286,0.14285714285714285,0.8571428571428572,
test,condition:0,7,True,post-hoc descriptive; fixed predictors and source constants; no source-estimation uncertainty,False,2000,20260919,p0,p0,fixed/reference,m_q,macro_f1,0.19999999999999998,0.08333333333333333,0.3076923076923077,
test,condition:0,7,True,post-hoc descriptive; fixed predictors and source constants; no source-estimation uncertainty,False,2000,20260919,p0,p0,fixed/reference,pi_S,ce,1.0153117576684318,0.9162907318741533,1.2133538092569884,
test,condition:0,7,True,post-hoc descriptive; fixed predictors and source constants; no source-estimation uncertainty,False,2000,20260919,p0,p0,fixed/reference,pi_S,brier,0.6171428571428572,0.5599999999999998,0.731428571428572,
test,condition:0,7,True,post-hoc descriptive; fixed predictors and source constants; no source-estimation uncertainty,False,2000,20260919,p0,p0,fixed/reference,pi_S,accuracy,0.4285714285714286,0.14285714285714285,0.8571428571428572,
test,condition:0,7,True,post-hoc descriptive; fixed predictors and source constants; no source-estimation uncertainty,False,2000,20260919,p0,p0,fixed/reference,pi_S,macro_f1,0.19999999999999998,0.08333333333333333,0.3076923076923077,
test,condition:0,7,True,post-hoc descriptive; fixed predictors and source constants; no source-estimation uncertainty,False,2000,20260919,MLP16_seed_42,MLP16,42,q,ce,1.0387153203998294,0.9172867587208747,1.234603631586901,
test,condition:0,7,True,post-hoc descriptive; fixed predictors and source constants; no source-estimation uncertainty,False,2000,20260919,MLP16_seed_42,MLP16,42,q,brier,0.6321407678359251,0.5576376869509285,0.7459365866765675,
test,condition:0,7,True,post-hoc descriptive; fixed predictors and source constants; no source-estimation uncertainty,False,2000,20260919,MLP16_seed_42,MLP16,42,q,accuracy,0.4285714285714286,0.14285714285714285,0.8571428571428572,
test,condition:0,7,True,post-hoc descriptive; fixed predictors and source constants; no source-estimation uncertainty,False,2000,20260919,MLP16_seed_42,MLP16,42,q,macro_f1,0.19999999999999998,0.08333333333333333,0.3076923076923077,
test,condition:0,7,True,post-hoc descriptive; fixed predictors and source constants; no source-estimation uncertainty,False,2000,20260919,MLP16_seed_42,MLP16,42,m_q,ce,1.0153681019193534,0.8840895602084922,1.2220396882701468,
test,condition:0,7,True,post-hoc descriptive; fixed predictors and source constants; no source-estimation uncertainty,False,2000,20260919,MLP16_seed_42,MLP16,42,m_q,brier,0.6176780145419644,0.5358743994558288,0.7363542359410449,
test,condition:0,7,True,post-hoc descriptive; fixed predictors and source constants; no source-estimation uncertainty,False,2000,20260919,MLP16_seed_42,MLP16,42,m_q,accuracy,0.4285714285714286,0.14285714285714285,0.8571428571428572,
test,condition:0,7,True,post-hoc descriptive; fixed predictors and source constants; no source-estimation uncertainty,False,2000,20260919,MLP16_seed_42,MLP16,42,m_q,macro_f1,0.19999999999999998,0.08333333333333333,0.3076923076923077,
test,condition:0,7,True,post-hoc descriptive; fixed predictors and source constants; no source-estimation uncertainty,False,2000,20260919,MLP16_seed_42,MLP16,42,pi_S,ce,1.0153117576684318,0.9162907318741533,1.2133538092569884,
test,condition:0,7,True,post-hoc descriptive; fixed predictors and source constants; no source-estimation uncertainty,False,2000,20260919,MLP16_seed_42,MLP16,42,pi_S,brier,0.6171428571428572,0.5599999999999998,0.731428571428572,
test,condition:0,7,True,post-hoc descriptive; fixed predictors and source constants; no source-estimation uncertainty,False,2000,20260919,MLP16_seed_42,MLP16,42,pi_S,accuracy,0.4285714285714286,0.14285714285714285,0.8571428571428572,
test,condition:0,7,True,post-hoc descriptive; fixed predictors and source constants; no source-estimation uncertainty,False,2000,20260919,MLP16_seed_42,MLP16,42,pi_S,macro_f1,0.19999999999999998,0.08333333333333333,0.3076923076923077,
test,condition:0,7,True,post-hoc descriptive; fixed predictors and source constants; no source-estimation uncertainty,False,2000,20260919,MLP16_seed_123,MLP16,123,q,ce,1.0349285053355353,0.9116166543428387,1.2339535674027036,
test,condition:0,7,True,post-hoc descriptive; fixed predictors and source constants; no source-estimation uncertainty,False,2000,20260919,MLP16_seed_123,MLP16,123,q,brier,0.6293987475947758,0.5592363668320858,0.7446964043199762,
test,condition:0,7,True,post-hoc descriptive; fixed predictors and source constants; no source-estimation uncertainty,False,2000,20260919,MLP16_seed_123,MLP16,123,q,accuracy,0.3428571428571428,0.057142857142857134,0.6785714285714285,
test,condition:0,7,True,post-hoc descriptive; fixed predictors and source constants; no source-estimation uncertainty,False,2000,20260919,MLP16_seed_123,MLP16,123,q,macro_f1,0.24517374517374516,0.03603603603603603,0.46345682885803663,
test,condition:0,7,True,post-hoc descriptive; fixed predictors and source constants; no source-estimation uncertainty,False,2000,20260919,MLP16_seed_123,MLP16,123,m_q,ce,1.0117184971940616,0.8897282516984791,1.2316353994580251,
test,condition:0,7,True,post-hoc descriptive; fixed predictors and source constants; no source-estimation uncertainty,False,2000,20260919,MLP16_seed_123,MLP16,123,m_q,brier,0.6155574629806678,0.5434915843637558,0.7401540127641022,
test,condition:0,7,True,post-hoc descriptive; fixed predictors and source constants; no source-estimation uncertainty,False,2000,20260919,MLP16_seed_123,MLP16,123,m_q,accuracy,0.4285714285714286,0.14285714285714285,0.8571428571428572,
test,condition:0,7,True,post-hoc descriptive; fixed predictors and source constants; no source-estimation uncertainty,False,2000,20260919,MLP16_seed_123,MLP16,123,m_q,macro_f1,0.19999999999999998,0.08333333333333333,0.3076923076923077,
test,condition:0,7,True,post-hoc descriptive; fixed predictors and source constants; no source-estimation uncertainty,False,2000,20260919,MLP16_seed_123,MLP16,123,pi_S,ce,1.0153117576684318,0.9162907318741533,1.2133538092569884,
test,condition:0,7,True,post-hoc descriptive; fixed predictors and source constants; no source-estimation uncertainty,False,2000,20260919,MLP16_seed_123,MLP16,123,pi_S,brier,0.6171428571428572,0.5599999999999998,0.731428571428572,
test,condition:0,7,True,post-hoc descriptive; fixed predictors and source constants; no source-estimation uncertainty,False,2000,20260919,MLP16_seed_123,MLP16,123,pi_S,accuracy,0.4285714285714286,0.14285714285714285,0.8571428571428572,
test,condition:0,7,True,post-hoc descriptive; fixed predictors and source constants; no source-estimation uncertainty,False,2000,20260919,MLP16_seed_123,MLP16,123,pi_S,macro_f1,0.19999999999999998,0.08333333333333333,0.3076923076923077,
test,condition:0,7,True,post-hoc descriptive; fixed predictors and source constants; no source-estimation uncertainty,False,2000,20260919,MLP16_seed_456,MLP16,456,q,ce,1.0401738083788328,0.9221797945243971,1.2270970314475043,
test,condition:0,7,True,post-hoc descriptive; fixed predictors and source constants; no source-estimation uncertainty,False,2000,20260919,MLP16_seed_456,MLP16,456,q,brier,0.6322511492560502,0.5640820562487845,0.7422658549698571,
test,condition:0,7,True,post-hoc descriptive; fixed predictors and source constants; no source-estimation uncertainty,False,2000,20260919,MLP16_seed_456,MLP16,456,q,accuracy,0.2857142857142857,0.0,0.5714285714285715,
test,condition:0,7,True,post-hoc descriptive; fixed predictors and source constants; no source-estimation uncertainty,False,2000,20260919,MLP16_seed_456,MLP16,456,q,macro_f1,0.20634920634920637,0.0,0.45714285714285713,
test,condition:0,7,True,post-hoc descriptive; fixed predictors and source constants; no source-estimation uncertainty,False,2000,20260919,MLP16_seed_456,MLP16,456,m_q,ce,1.0142830912036238,0.9044808925072453,1.2183065743709214,
test,condition:0,7,True,post-hoc descriptive; fixed predictors and source constants; no source-estimation uncertainty,False,2000,20260919,MLP16_seed_456,MLP16,456,m_q,brier,0.6166912532838797,0.5518528666588282,0.7338524045823345,
test,condition:0,7,True,post-hoc descriptive; fixed predictors and source constants; no source-estimation uncertainty,False,2000,20260919,MLP16_seed_456,MLP16,456,m_q,accuracy,0.4285714285714286,0.14285714285714285,0.8571428571428572,
test,condition:0,7,True,post-hoc descriptive; fixed predictors and source constants; no source-estimation uncertainty,False,2000,20260919,MLP16_seed_456,MLP16,456,m_q,macro_f1,0.19999999999999998,0.08333333333333333,0.3076923076923077,
test,condition:0,7,True,post-hoc descriptive; fixed predictors and source constants; no source-estimation uncertainty,False,2000,20260919,MLP16_seed_456,MLP16,456,pi_S,ce,1.0153117576684318,0.9162907318741533,1.2133538092569884,
test,condition:0,7,True,post-hoc descriptive; fixed predictors and source constants; no source-estimation uncertainty,False,2000,20260919,MLP16_seed_456,MLP16,456,pi_S,brier,0.6171428571428572,0.5599999999999998,0.731428571428572,
test,condition:0,7,True,post-hoc descriptive; fixed predictors and source constants; no source-estimation uncertainty,False,2000,20260919,MLP16_seed_456,MLP16,456,pi_S,accuracy,0.4285714285714286,0.14285714285714285,0.8571428571428572,
test,condition:0,7,True,post-hoc descriptive; fixed predictors and source constants; no source-estimation uncertainty,False,2000,20260919,MLP16_seed_456,MLP16,456,pi_S,macro_f1,0.19999999999999998,0.08333333333333333,0.3076923076923077,
test,condition:0,7,True,post-hoc descriptive; fixed predictors and source constants; no source-estimation uncertainty,False,2000,20260919,O_seed_42,O,42,q,ce,1.1021022394299507,0.950849749786513,1.296068184535418,
test,condition:0,7,True,post-hoc descriptive; fixed predictors and source constants; no source-estimation uncertainty,False,2000,20260919,O_seed_42,O,42,q,brier,0.7056929488003192,0.617292099421986,0.816664951206394,
test,condition:0,7,True,post-hoc descriptive; fixed predictors and source constants; no source-estimation uncertainty,False,2000,20260919,O_seed_42,O,42,q,accuracy,0.19999999999999998,0.0,0.48571428571428577,
test,condition:0,7,True,post-hoc descriptive; fixed predictors and source constants; no source-estimation uncertainty,False,2000,20260919,O_seed_42,O,42,q,macro_f1,0.14267676767676768,0.0,0.2932425025448277,
test,condition:0,7,True,post-hoc descriptive; fixed predictors and source constants; no source-estimation uncertainty,False,2000,20260919,O_seed_42,O,42,m_q,ce,1.0069756633963975,0.8638670611374776,1.2664068281710625,
test,condition:0,7,True,post-hoc descriptive; fixed predictors and source constants; no source-estimation uncertainty,False,2000,20260919,O_seed_42,O,42,m_q,brier,0.6135125113020569,0.531406352644525,0.7554394520215207,
test,condition:0,7,True,post-hoc descriptive; fixed predictors and source constants; no source-estimation uncertainty,False,2000,20260919,O_seed_42,O,42,m_q,accuracy,0.4285714285714286,0.14285714285714285,0.8571428571428572,
test,condition:0,7,True,post-hoc descriptive; fixed predictors and source constants; no source-estimation uncertainty,False,2000,20260919,O_seed_42,O,42,m_q,macro_f1,0.19999999999999998,0.08333333333333333,0.3076923076923077,
test,condition:0,7,True,post-hoc descriptive; fixed predictors and source constants; no source-estimation uncertainty,False,2000,20260919,O_seed_42,O,42,pi_S,ce,1.0153117576684318,0.9162907318741533,1.2133538092569884,
test,condition:0,7,True,post-hoc descriptive; fixed predictors and source constants; no source-estimation uncertainty,False,2000,20260919,O_seed_42,O,42,pi_S,brier,0.6171428571428572,0.5599999999999998,0.731428571428572,
test,condition:0,7,True,post-hoc descriptive; fixed predictors and source constants; no source-estimation uncertainty,False,2000,20260919,O_seed_42,O,42,pi_S,accuracy,0.4285714285714286,0.14285714285714285,0.8571428571428572,
test,condition:0,7,True,post-hoc descriptive; fixed predictors and source constants; no source-estimation uncertainty,False,2000,20260919,O_seed_42,O,42,pi_S,macro_f1,0.19999999999999998,0.08333333333333333,0.3076923076923077,
test,condition:0,7,True,post-hoc descriptive; fixed predictors and source constants; no source-estimation uncertainty,False,2000,20260919,O_seed_123,O,123,q,ce,1.0615282920854432,0.918486799092165,1.2615294596978597,
test,condition:0,7,True,post-hoc descriptive; fixed predictors and source constants; no source-estimation uncertainty,False,2000,20260919,O_seed_123,O,123,q,brier,0.675293234419717,0.5927579889746212,0.7873956968980039,
test,condition:0,7,True,post-hoc descriptive; fixed predictors and source constants; no source-estimation uncertainty,False,2000,20260919,O_seed_123,O,123,q,accuracy,0.1285714285714286,0.0,0.38571428571428573,
test,condition:0,7,True,post-hoc descriptive; fixed predictors and source constants; no source-estimation uncertainty,False,2000,20260919,O_seed_123,O,123,q,macro_f1,0.0759493670886076,0.0,0.18556701030927833,
test,condition:0,7,True,post-hoc descriptive; fixed predictors and source constants; no source-estimation uncertainty,False,2000,20260919,O_seed_123,O,123,m_q,ce,1.005589212796637,0.861963757296488,1.2794237154751762,
test,condition:0,7,True,post-hoc descriptive; fixed predictors and source constants; no source-estimation uncertainty,False,2000,20260919,O_seed_123,O,123,m_q,brier,0.6128184069719735,0.533281573864325,0.7606350241716812,
test,condition:0,7,True,post-hoc descriptive; fixed predictors and source constants; no source-estimation uncertainty,False,2000,20260919,O_seed_123,O,123,m_q,accuracy,0.4285714285714286,0.14285714285714285,0.8571428571428572,
test,condition:0,7,True,post-hoc descriptive; fixed predictors and source constants; no source-estimation uncertainty,False,2000,20260919,O_seed_123,O,123,m_q,macro_f1,0.19999999999999998,0.08333333333333333,0.3076923076923077,
test,condition:0,7,True,post-hoc descriptive; fixed predictors and source constants; no source-estimation uncertainty,False,2000,20260919,O_seed_123,O,123,pi_S,ce,1.0153117576684318,0.9162907318741533,1.2133538092569884,
test,condition:0,7,True,post-hoc descriptive; fixed predictors and source constants; no source-estimation uncertainty,False,2000,20260919,O_seed_123,O,123,pi_S,brier,0.6171428571428572,0.5599999999999998,0.731428571428572,
test,condition:0,7,True,post-hoc descriptive; fixed predictors and source constants; no source-estimation uncertainty,False,2000,20260919,O_seed_123,O,123,pi_S,accuracy,0.4285714285714286,0.14285714285714285,0.8571428571428572,
test,condition:0,7,True,post-hoc descriptive; fixed predictors and source constants; no source-estimation uncertainty,False,2000,20260919,O_seed_123,O,123,pi_S,macro_f1,0.19999999999999998,0.08333333333333333,0.3076923076923077,
test,condition:0,7,True,post-hoc descriptive; fixed predictors and source constants; no source-estimation uncertainty,False,2000,20260919,O_seed_456,O,456,q,ce,1.0764653791274343,0.9200049309059979,1.2639722025607312,
test,condition:0,7,True,post-hoc descriptive; fixed predictors and source constants; no source-estimation uncertainty,False,2000,20260919,O_seed_456,O,456,q,brier,0.6754344427908302,0.5777477461970945,0.7893637059385066,
test,condition:0,7,True,post-hoc descriptive; fixed predictors and source constants; no source-estimation uncertainty,False,2000,20260919,O_seed_456,O,456,q,accuracy,0.2857142857142857,0.014285714285714284,0.5717857142857123,
test,condition:0,7,True,post-hoc descriptive; fixed predictors and source constants; no source-estimation uncertainty,False,2000,20260919,O_seed_456,O,456,q,macro_f1,0.16666666666666663,0.010928961748633878,0.2745098039215686,
test,condition:0,7,True,post-hoc descriptive; fixed predictors and source constants; no source-estimation uncertainty,False,2000,20260919,O_seed_456,O,456,m_q,ce,1.0109307490671418,0.8636857502030073,1.2473110051750542,
test,condition:0,7,True,post-hoc descriptive; fixed predictors and source constants; no source-estimation uncertainty,False,2000,20260919,O_seed_456,O,456,m_q,brier,0.6157541975614612,0.5258181773450444,0.7479941914182376,
test,condition:0,7,True,post-hoc descriptive; fixed predictors and source constants; no source-estimation uncertainty,False,2000,20260919,O_seed_456,O,456,m_q,accuracy,0.4285714285714286,0.14285714285714285,0.8571428571428572,
test,condition:0,7,True,post-hoc descriptive; fixed predictors and source constants; no source-estimation uncertainty,False,2000,20260919,O_seed_456,O,456,m_q,macro_f1,0.19999999999999998,0.08333333333333333,0.3076923076923077,
test,condition:0,7,True,post-hoc descriptive; fixed predictors and source constants; no source-estimation uncertainty,False,2000,20260919,O_seed_456,O,456,pi_S,ce,1.0153117576684318,0.9162907318741533,1.2133538092569884,
test,condition:0,7,True,post-hoc descriptive; fixed predictors and source constants; no source-estimation uncertainty,False,2000,20260919,O_seed_456,O,456,pi_S,brier,0.6171428571428572,0.5599999999999998,0.731428571428572,
test,condition:0,7,True,post-hoc descriptive; fixed predictors and source constants; no source-estimation uncertainty,False,2000,20260919,O_seed_456,O,456,pi_S,accuracy,0.4285714285714286,0.14285714285714285,0.8571428571428572,
test,condition:0,7,True,post-hoc descriptive; fixed predictors and source constants; no source-estimation uncertainty,False,2000,20260919,O_seed_456,O,456,pi_S,macro_f1,0.19999999999999998,0.08333333333333333,0.3076923076923077,
test,condition:0,7,True,post-hoc descriptive; fixed predictors and source constants; no source-estimation uncertainty,False,2000,20260919,MLP16,MLP16,finite_mean_42_123_456,q,ce,1.0379392113713992,0.9191440661038671,1.2323568356799939,0.0027074083404641305
test,condition:0,7,True,post-hoc descriptive; fixed predictors and source constants; no source-estimation uncertainty,False,2000,20260919,MLP16,MLP16,finite_mean_42_123_456,q,brier,0.6312635548955837,0.5598586088213413,0.7445140956904609,0.0016159132762426024
test,condition:0,7,True,post-hoc descriptive; fixed predictors and source constants; no source-estimation uncertainty,False,2000,20260919,MLP16,MLP16,finite_mean_42_123_456,q,accuracy,0.3523809523809523,0.11428571428571428,0.6309523809523808,0.0719031850978167
test,condition:0,7,True,post-hoc descriptive; fixed predictors and source constants; no source-estimation uncertainty,False,2000,20260919,MLP16,MLP16,finite_mean_42_123_456,q,macro_f1,0.21717431717431715,0.06139472806139473,0.36763841421736126,0.024455144275541792
test,condition:0,7,True,post-hoc descriptive; fixed predictors and source constants; no source-estimation uncertainty,False,2000,20260919,MLP16,MLP16,finite_mean_42_123_456,m_q,ce,1.0137898967723462,0.8927662348047388,1.2239938873663645,0.0018741222540166718
test,condition:0,7,True,post-hoc descriptive; fixed predictors and source constants; no source-estimation uncertainty,False,2000,20260919,MLP16,MLP16,finite_mean_42_123_456,m_q,brier,0.6166422436021707,0.5437396168261376,0.7367868844291605,0.0010611249656403408
test,condition:0,7,True,post-hoc descriptive; fixed predictors and source constants; no source-estimation uncertainty,False,2000,20260919,MLP16,MLP16,finite_mean_42_123_456,m_q,accuracy,0.4285714285714286,0.14285714285714285,0.8571428571428572,0.0
test,condition:0,7,True,post-hoc descriptive; fixed predictors and source constants; no source-estimation uncertainty,False,2000,20260919,MLP16,MLP16,finite_mean_42_123_456,m_q,macro_f1,0.19999999999999998,0.08333333333333333,0.3076923076923077,0.0
test,condition:0,7,True,post-hoc descriptive; fixed predictors and source constants; no source-estimation uncertainty,False,2000,20260919,MLP16,MLP16,finite_mean_42_123_456,pi_S,ce,1.0153117576684318,0.9162907318741533,1.2133538092569884,0.0
test,condition:0,7,True,post-hoc descriptive; fixed predictors and source constants; no source-estimation uncertainty,False,2000,20260919,MLP16,MLP16,finite_mean_42_123_456,pi_S,brier,0.6171428571428572,0.5599999999999998,0.7314285714285719,0.0
test,condition:0,7,True,post-hoc descriptive; fixed predictors and source constants; no source-estimation uncertainty,False,2000,20260919,MLP16,MLP16,finite_mean_42_123_456,pi_S,accuracy,0.4285714285714286,0.14285714285714285,0.8571428571428572,0.0
test,condition:0,7,True,post-hoc descriptive; fixed predictors and source constants; no source-estimation uncertainty,False,2000,20260919,MLP16,MLP16,finite_mean_42_123_456,pi_S,macro_f1,0.19999999999999998,0.08333333333333333,0.3076923076923077,0.0
test,condition:0,7,True,post-hoc descriptive; fixed predictors and source constants; no source-estimation uncertainty,False,2000,20260919,O,O,finite_mean_42_123_456,q,ce,1.080031970214276,0.9373204920973096,1.271558986533256,0.020520763381615962
test,condition:0,7,True,post-hoc descriptive; fixed predictors and source constants; no source-estimation uncertainty,False,2000,20260919,O,O,finite_mean_42_123_456,q,brier,0.6854735420036221,0.6008538749040696,0.794542587856414,0.017510662276417684
test,condition:0,7,True,post-hoc descriptive; fixed predictors and source constants; no source-estimation uncertainty,False,2000,20260919,O,O,finite_mean_42_123_456,q,accuracy,0.20476190476190478,0.042857142857142864,0.3952380952380952,0.0786795792469443
test,condition:0,7,True,post-hoc descriptive; fixed predictors and source constants; no source-estimation uncertainty,False,2000,20260919,O,O,finite_mean_42_123_456,q,macro_f1,0.12843093381068063,0.028955314009661837,0.2112981832021505,0.04700654154039565
test,condition:0,7,True,post-hoc descriptive; fixed predictors and source constants; no source-estimation uncertainty,False,2000,20260919,O,O,finite_mean_42_123_456,m_q,ce,1.0078318750867254,0.8765730055673023,1.2643805162737642,0.002771791167507026
test,condition:0,7,True,post-hoc descriptive; fixed predictors and source constants; no source-estimation uncertainty,False,2000,20260919,O,O,finite_mean_42_123_456,m_q,brier,0.6140283719451639,0.5413495098216946,0.7546895558704798,0.0015343730800105885
test,condition:0,7,True,post-hoc descriptive; fixed predictors and source constants; no source-estimation uncertainty,False,2000,20260919,O,O,finite_mean_42_123_456,m_q,accuracy,0.4285714285714286,0.2380952380952381,0.5714285714285715,0.0
test,condition:0,7,True,post-hoc descriptive; fixed predictors and source constants; no source-estimation uncertainty,False,2000,20260919,O,O,finite_mean_42_123_456,m_q,macro_f1,0.19999999999999998,0.12222222222222222,0.23456790123456786,0.0
test,condition:0,7,True,post-hoc descriptive; fixed predictors and source constants; no source-estimation uncertainty,False,2000,20260919,O,O,finite_mean_42_123_456,pi_S,ce,1.0153117576684318,0.9162907318741533,1.2133538092569884,0.0
test,condition:0,7,True,post-hoc descriptive; fixed predictors and source constants; no source-estimation uncertainty,False,2000,20260919,O,O,finite_mean_42_123_456,pi_S,brier,0.6171428571428572,0.5599999999999998,0.7314285714285719,0.0
test,condition:0,7,True,post-hoc descriptive; fixed predictors and source constants; no source-estimation uncertainty,False,2000,20260919,O,O,finite_mean_42_123_456,pi_S,accuracy,0.4285714285714286,0.14285714285714285,0.8571428571428572,0.0
test,condition:0,7,True,post-hoc descriptive; fixed predictors and source constants; no source-estimation uncertainty,False,2000,20260919,O,O,finite_mean_42_123_456,pi_S,macro_f1,0.19999999999999998,0.08333333333333333,0.3076923076923077,0.0
test,condition:1,7,True,post-hoc descriptive; fixed predictors and source constants; no source-estimation uncertainty,False,2000,20260919,p0,p0,fixed/reference,q,ce,1.4868029475212097,1.2994763721738545,1.7043814952884404,
test,condition:1,7,True,post-hoc descriptive; fixed predictors and source constants; no source-estimation uncertainty,False,2000,20260919,p0,p0,fixed/reference,q,brier,0.9636314669224201,0.8800958684221425,1.0495241440698564,
test,condition:1,7,True,post-hoc descriptive; fixed predictors and source constants; no source-estimation uncertainty,False,2000,20260919,p0,p0,fixed/reference,q,accuracy,0.0,0.0,0.0,
test,condition:1,7,True,post-hoc descriptive; fixed predictors and source constants; no source-estimation uncertainty,False,2000,20260919,p0,p0,fixed/reference,q,macro_f1,0.0,0.0,0.0,
test,condition:1,7,True,post-hoc descriptive; fixed predictors and source constants; no source-estimation uncertainty,False,2000,20260919,p0,p0,fixed/reference,m_q,ce,1.0668967707384203,0.7329166975074427,1.7116431809177761,
test,condition:1,7,True,post-hoc descriptive; fixed predictors and source constants; no source-estimation uncertainty,False,2000,20260919,p0,p0,fixed/reference,m_q,brier,0.6255847489128333,0.4930137390130773,0.8686728558130217,
test,condition:1,7,True,post-hoc descriptive; fixed predictors and source constants; no source-estimation uncertainty,False,2000,20260919,p0,p0,fixed/reference,m_q,accuracy,0.4285714285714286,0.14285714285714285,0.8571428571428572,
test,condition:1,7,True,post-hoc descriptive; fixed predictors and source constants; no source-estimation uncertainty,False,2000,20260919,p0,p0,fixed/reference,m_q,macro_f1,0.19999999999999998,0.08333333333333333,0.3076923076923077,
test,condition:1,7,True,post-hoc descriptive; fixed predictors and source constants; no source-estimation uncertainty,False,2000,20260919,p0,p0,fixed/reference,pi_S,ce,1.0153117576684318,0.9162907318741533,1.2133538092569884,
test,condition:1,7,True,post-hoc descriptive; fixed predictors and source constants; no source-estimation uncertainty,False,2000,20260919,p0,p0,fixed/reference,pi_S,brier,0.6171428571428572,0.5599999999999998,0.731428571428572,
test,condition:1,7,True,post-hoc descriptive; fixed predictors and source constants; no source-estimation uncertainty,False,2000,20260919,p0,p0,fixed/reference,pi_S,accuracy,0.4285714285714286,0.14285714285714285,0.8571428571428572,
test,condition:1,7,True,post-hoc descriptive; fixed predictors and source constants; no source-estimation uncertainty,False,2000,20260919,p0,p0,fixed/reference,pi_S,macro_f1,0.19999999999999998,0.08333333333333333,0.3076923076923077,
test,condition:1,7,True,post-hoc descriptive; fixed predictors and source constants; no source-estimation uncertainty,False,2000,20260919,MLP16_seed_42,MLP16,42,q,ce,1.0849640905857085,0.9982294352991241,1.248877946367221,
test,condition:1,7,True,post-hoc descriptive; fixed predictors and source constants; no source-estimation uncertainty,False,2000,20260919,MLP16_seed_42,MLP16,42,q,brier,0.6553422786636555,0.6041529433669184,0.7518993553299599,
test,condition:1,7,True,post-hoc descriptive; fixed predictors and source constants; no source-estimation uncertainty,False,2000,20260919,MLP16_seed_42,MLP16,42,q,accuracy,0.39285714285714285,0.10714285714285714,0.7142857142857144,
test,condition:1,7,True,post-hoc descriptive; fixed predictors and source constants; no source-estimation uncertainty,False,2000,20260919,MLP16_seed_42,MLP16,42,q,macro_f1,0.2836482110574726,0.08187134502923975,0.48328872255988087,
test,condition:1,7,True,post-hoc descriptive; fixed predictors and source constants; no source-estimation uncertainty,False,2000,20260919,MLP16_seed_42,MLP16,42,m_q,ce,1.0153681019193534,0.8840895602084922,1.2220396882701468,
test,condition:1,7,True,post-hoc descriptive; fixed predictors and source constants; no source-estimation uncertainty,False,2000,20260919,MLP16_seed_42,MLP16,42,m_q,brier,0.6176780145419644,0.5358743994558288,0.7363542359410449,
test,condition:1,7,True,post-hoc descriptive; fixed predictors and source constants; no source-estimation uncertainty,False,2000,20260919,MLP16_seed_42,MLP16,42,m_q,accuracy,0.4285714285714286,0.14285714285714285,0.8571428571428572,
test,condition:1,7,True,post-hoc descriptive; fixed predictors and source constants; no source-estimation uncertainty,False,2000,20260919,MLP16_seed_42,MLP16,42,m_q,macro_f1,0.19999999999999998,0.08333333333333333,0.3076923076923077,
test,condition:1,7,True,post-hoc descriptive; fixed predictors and source constants; no source-estimation uncertainty,False,2000,20260919,MLP16_seed_42,MLP16,42,pi_S,ce,1.0153117576684318,0.9162907318741533,1.2133538092569884,
test,condition:1,7,True,post-hoc descriptive; fixed predictors and source constants; no source-estimation uncertainty,False,2000,20260919,MLP16_seed_42,MLP16,42,pi_S,brier,0.6171428571428572,0.5599999999999998,0.731428571428572,
test,condition:1,7,True,post-hoc descriptive; fixed predictors and source constants; no source-estimation uncertainty,False,2000,20260919,MLP16_seed_42,MLP16,42,pi_S,accuracy,0.4285714285714286,0.14285714285714285,0.8571428571428572,
test,condition:1,7,True,post-hoc descriptive; fixed predictors and source constants; no source-estimation uncertainty,False,2000,20260919,MLP16_seed_42,MLP16,42,pi_S,macro_f1,0.19999999999999998,0.08333333333333333,0.3076923076923077,
test,condition:1,7,True,post-hoc descriptive; fixed predictors and source constants; no source-estimation uncertainty,False,2000,20260919,MLP16_seed_123,MLP16,123,q,ce,1.0958298678909029,1.0040477539811816,1.2601797832335746,
test,condition:1,7,True,post-hoc descriptive; fixed predictors and source constants; no source-estimation uncertainty,False,2000,20260919,MLP16_seed_123,MLP16,123,q,brier,0.6613299311257362,0.6064983539077254,0.7580117972024064,
test,condition:1,7,True,post-hoc descriptive; fixed predictors and source constants; no source-estimation uncertainty,False,2000,20260919,MLP16_seed_123,MLP16,123,q,accuracy,0.40714285714285714,0.12142857142857141,0.7714285714285715,
test,condition:1,7,True,post-hoc descriptive; fixed predictors and source constants; no source-estimation uncertainty,False,2000,20260919,MLP16_seed_123,MLP16,123,q,macro_f1,0.21468926553672318,0.0827250608272506,0.30303030303030304,
test,condition:1,7,True,post-hoc descriptive; fixed predictors and source constants; no source-estimation uncertainty,False,2000,20260919,MLP16_seed_123,MLP16,123,m_q,ce,1.0117184971940616,0.8897282516984791,1.2316353994580251,
test,condition:1,7,True,post-hoc descriptive; fixed predictors and source constants; no source-estimation uncertainty,False,2000,20260919,MLP16_seed_123,MLP16,123,m_q,brier,0.6155574629806678,0.5434915843637558,0.7401540127641022,
test,condition:1,7,True,post-hoc descriptive; fixed predictors and source constants; no source-estimation uncertainty,False,2000,20260919,MLP16_seed_123,MLP16,123,m_q,accuracy,0.4285714285714286,0.14285714285714285,0.8571428571428572,
test,condition:1,7,True,post-hoc descriptive; fixed predictors and source constants; no source-estimation uncertainty,False,2000,20260919,MLP16_seed_123,MLP16,123,m_q,macro_f1,0.19999999999999998,0.08333333333333333,0.3076923076923077,
test,condition:1,7,True,post-hoc descriptive; fixed predictors and source constants; no source-estimation uncertainty,False,2000,20260919,MLP16_seed_123,MLP16,123,pi_S,ce,1.0153117576684318,0.9162907318741533,1.2133538092569884,
test,condition:1,7,True,post-hoc descriptive; fixed predictors and source constants; no source-estimation uncertainty,False,2000,20260919,MLP16_seed_123,MLP16,123,pi_S,brier,0.6171428571428572,0.5599999999999998,0.731428571428572,
test,condition:1,7,True,post-hoc descriptive; fixed predictors and source constants; no source-estimation uncertainty,False,2000,20260919,MLP16_seed_123,MLP16,123,pi_S,accuracy,0.4285714285714286,0.14285714285714285,0.8571428571428572,
test,condition:1,7,True,post-hoc descriptive; fixed predictors and source constants; no source-estimation uncertainty,False,2000,20260919,MLP16_seed_123,MLP16,123,pi_S,macro_f1,0.19999999999999998,0.08333333333333333,0.3076923076923077,
test,condition:1,7,True,post-hoc descriptive; fixed predictors and source constants; no source-estimation uncertainty,False,2000,20260919,MLP16_seed_456,MLP16,456,q,ce,1.1042059159704618,1.0097454296797514,1.256464954513524,
test,condition:1,7,True,post-hoc descriptive; fixed predictors and source constants; no source-estimation uncertainty,False,2000,20260919,MLP16_seed_456,MLP16,456,q,brier,0.6669420616670918,0.6096046927835626,0.7570601029423284,
test,condition:1,7,True,post-hoc descriptive; fixed predictors and source constants; no source-estimation uncertainty,False,2000,20260919,MLP16_seed_456,MLP16,456,q,accuracy,0.4142857142857143,0.1285714285714286,0.8,
test,condition:1,7,True,post-hoc descriptive; fixed predictors and source constants; no source-estimation uncertainty,False,2000,20260919,MLP16_seed_456,MLP16,456,q,macro_f1,0.21722846441947566,0.08333333333333333,0.30303030303030304,
test,condition:1,7,True,post-hoc descriptive; fixed predictors and source constants; no source-estimation uncertainty,False,2000,20260919,MLP16_seed_456,MLP16,456,m_q,ce,1.0142830912036238,0.9044808925072453,1.2183065743709214,
test,condition:1,7,True,post-hoc descriptive; fixed predictors and source constants; no source-estimation uncertainty,False,2000,20260919,MLP16_seed_456,MLP16,456,m_q,brier,0.6166912532838797,0.5518528666588282,0.7338524045823345,
test,condition:1,7,True,post-hoc descriptive; fixed predictors and source constants; no source-estimation uncertainty,False,2000,20260919,MLP16_seed_456,MLP16,456,m_q,accuracy,0.4285714285714286,0.14285714285714285,0.8571428571428572,
test,condition:1,7,True,post-hoc descriptive; fixed predictors and source constants; no source-estimation uncertainty,False,2000,20260919,MLP16_seed_456,MLP16,456,m_q,macro_f1,0.19999999999999998,0.08333333333333333,0.3076923076923077,
test,condition:1,7,True,post-hoc descriptive; fixed predictors and source constants; no source-estimation uncertainty,False,2000,20260919,MLP16_seed_456,MLP16,456,pi_S,ce,1.0153117576684318,0.9162907318741533,1.2133538092569884,
test,condition:1,7,True,post-hoc descriptive; fixed predictors and source constants; no source-estimation uncertainty,False,2000,20260919,MLP16_seed_456,MLP16,456,pi_S,brier,0.6171428571428572,0.5599999999999998,0.731428571428572,
test,condition:1,7,True,post-hoc descriptive; fixed predictors and source constants; no source-estimation uncertainty,False,2000,20260919,MLP16_seed_456,MLP16,456,pi_S,accuracy,0.4285714285714286,0.14285714285714285,0.8571428571428572,
test,condition:1,7,True,post-hoc descriptive; fixed predictors and source constants; no source-estimation uncertainty,False,2000,20260919,MLP16_seed_456,MLP16,456,pi_S,macro_f1,0.19999999999999998,0.08333333333333333,0.3076923076923077,
test,condition:1,7,True,post-hoc descriptive; fixed predictors and source constants; no source-estimation uncertainty,False,2000,20260919,O_seed_42,O,42,q,ce,1.4065144281302182,1.2139898492555534,1.6364663176557843,
test,condition:1,7,True,post-hoc descriptive; fixed predictors and source constants; no source-estimation uncertainty,False,2000,20260919,O_seed_42,O,42,q,brier,0.8602451050045354,0.752871587409565,0.9763370915884789,
test,condition:1,7,True,post-hoc descriptive; fixed predictors and source constants; no source-estimation uncertainty,False,2000,20260919,O_seed_42,O,42,q,accuracy,0.057142857142857134,0.0,0.1571428571428571,
test,condition:1,7,True,post-hoc descriptive; fixed predictors and source constants; no source-estimation uncertainty,False,2000,20260919,O_seed_42,O,42,q,macro_f1,0.06265389876880982,0.0,0.14885339885339885,
test,condition:1,7,True,post-hoc descriptive; fixed predictors and source constants; no source-estimation uncertainty,False,2000,20260919,O_seed_42,O,42,m_q,ce,1.0069756633963975,0.8638670611374776,1.2664068281710625,
test,condition:1,7,True,post-hoc descriptive; fixed predictors and source constants; no source-estimation uncertainty,False,2000,20260919,O_seed_42,O,42,m_q,brier,0.6135125113020569,0.531406352644525,0.7554394520215207,
test,condition:1,7,True,post-hoc descriptive; fixed predictors and source constants; no source-estimation uncertainty,False,2000,20260919,O_seed_42,O,42,m_q,accuracy,0.4285714285714286,0.14285714285714285,0.8571428571428572,
test,condition:1,7,True,post-hoc descriptive; fixed predictors and source constants; no source-estimation uncertainty,False,2000,20260919,O_seed_42,O,42,m_q,macro_f1,0.19999999999999998,0.08333333333333333,0.3076923076923077,
test,condition:1,7,True,post-hoc descriptive; fixed predictors and source constants; no source-estimation uncertainty,False,2000,20260919,O_seed_42,O,42,pi_S,ce,1.0153117576684318,0.9162907318741533,1.2133538092569884,
test,condition:1,7,True,post-hoc descriptive; fixed predictors and source constants; no source-estimation uncertainty,False,2000,20260919,O_seed_42,O,42,pi_S,brier,0.6171428571428572,0.5599999999999998,0.731428571428572,
test,condition:1,7,True,post-hoc descriptive; fixed predictors and source constants; no source-estimation uncertainty,False,2000,20260919,O_seed_42,O,42,pi_S,accuracy,0.4285714285714286,0.14285714285714285,0.8571428571428572,
test,condition:1,7,True,post-hoc descriptive; fixed predictors and source constants; no source-estimation uncertainty,False,2000,20260919,O_seed_42,O,42,pi_S,macro_f1,0.19999999999999998,0.08333333333333333,0.3076923076923077,
test,condition:1,7,True,post-hoc descriptive; fixed predictors and source constants; no source-estimation uncertainty,False,2000,20260919,O_seed_123,O,123,q,ce,1.3023765095642634,1.171446860049452,1.4411455714170418,
test,condition:1,7,True,post-hoc descriptive; fixed predictors and source constants; no source-estimation uncertainty,False,2000,20260919,O_seed_123,O,123,q,brier,0.8005278726329131,0.7158114128262769,0.8851488677810574,
test,condition:1,7,True,post-hoc descriptive; fixed predictors and source constants; no source-estimation uncertainty,False,2000,20260919,O_seed_123,O,123,q,accuracy,0.13571428571428573,0.0,0.3928571428571428,
test,condition:1,7,True,post-hoc descriptive; fixed predictors and source constants; no source-estimation uncertainty,False,2000,20260919,O_seed_123,O,123,q,macro_f1,0.13020091757633287,0.0,0.27693393302846014,
test,condition:1,7,True,post-hoc descriptive; fixed predictors and source constants; no source-estimation uncertainty,False,2000,20260919,O_seed_123,O,123,m_q,ce,1.005589212796637,0.861963757296488,1.2794237154751762,
test,condition:1,7,True,post-hoc descriptive; fixed predictors and source constants; no source-estimation uncertainty,False,2000,20260919,O_seed_123,O,123,m_q,brier,0.6128184069719735,0.533281573864325,0.7606350241716812,
test,condition:1,7,True,post-hoc descriptive; fixed predictors and source constants; no source-estimation uncertainty,False,2000,20260919,O_seed_123,O,123,m_q,accuracy,0.4285714285714286,0.14285714285714285,0.8571428571428572,
test,condition:1,7,True,post-hoc descriptive; fixed predictors and source constants; no source-estimation uncertainty,False,2000,20260919,O_seed_123,O,123,m_q,macro_f1,0.19999999999999998,0.08333333333333333,0.3076923076923077,
test,condition:1,7,True,post-hoc descriptive; fixed predictors and source constants; no source-estimation uncertainty,False,2000,20260919,O_seed_123,O,123,pi_S,ce,1.0153117576684318,0.9162907318741533,1.2133538092569884,
test,condition:1,7,True,post-hoc descriptive; fixed predictors and source constants; no source-estimation uncertainty,False,2000,20260919,O_seed_123,O,123,pi_S,brier,0.6171428571428572,0.5599999999999998,0.731428571428572,
test,condition:1,7,True,post-hoc descriptive; fixed predictors and source constants; no source-estimation uncertainty,False,2000,20260919,O_seed_123,O,123,pi_S,accuracy,0.4285714285714286,0.14285714285714285,0.8571428571428572,
test,condition:1,7,True,post-hoc descriptive; fixed predictors and source constants; no source-estimation uncertainty,False,2000,20260919,O_seed_123,O,123,pi_S,macro_f1,0.19999999999999998,0.08333333333333333,0.3076923076923077,
test,condition:1,7,True,post-hoc descriptive; fixed predictors and source constants; no source-estimation uncertainty,False,2000,20260919,O_seed_456,O,456,q,ce,1.3003573756132807,1.132918045882668,1.491769298618393,
test,condition:1,7,True,post-hoc descriptive; fixed predictors and source constants; no source-estimation uncertainty,False,2000,20260919,O_seed_456,O,456,q,brier,0.791802051967604,0.6914668920330651,0.8975535407041286,
test,condition:1,7,True,post-hoc descriptive; fixed predictors and source constants; no source-estimation uncertainty,False,2000,20260919,O_seed_456,O,456,q,accuracy,0.15,0.0,0.4357142857142857,
test,condition:1,7,True,post-hoc descriptive; fixed predictors and source constants; no source-estimation uncertainty,False,2000,20260919,O_seed_456,O,456,q,macro_f1,0.14108527131782944,0.0,0.2939915023248354,
test,condition:1,7,True,post-hoc descriptive; fixed predictors and source constants; no source-estimation uncertainty,False,2000,20260919,O_seed_456,O,456,m_q,ce,1.0109307490671418,0.8636857502030073,1.2473110051750542,
test,condition:1,7,True,post-hoc descriptive; fixed predictors and source constants; no source-estimation uncertainty,False,2000,20260919,O_seed_456,O,456,m_q,brier,0.6157541975614612,0.5258181773450444,0.7479941914182376,
test,condition:1,7,True,post-hoc descriptive; fixed predictors and source constants; no source-estimation uncertainty,False,2000,20260919,O_seed_456,O,456,m_q,accuracy,0.4285714285714286,0.14285714285714285,0.8571428571428572,
test,condition:1,7,True,post-hoc descriptive; fixed predictors and source constants; no source-estimation uncertainty,False,2000,20260919,O_seed_456,O,456,m_q,macro_f1,0.19999999999999998,0.08333333333333333,0.3076923076923077,
test,condition:1,7,True,post-hoc descriptive; fixed predictors and source constants; no source-estimation uncertainty,False,2000,20260919,O_seed_456,O,456,pi_S,ce,1.0153117576684318,0.9162907318741533,1.2133538092569884,
test,condition:1,7,True,post-hoc descriptive; fixed predictors and source constants; no source-estimation uncertainty,False,2000,20260919,O_seed_456,O,456,pi_S,brier,0.6171428571428572,0.5599999999999998,0.731428571428572,
test,condition:1,7,True,post-hoc descriptive; fixed predictors and source constants; no source-estimation uncertainty,False,2000,20260919,O_seed_456,O,456,pi_S,accuracy,0.4285714285714286,0.14285714285714285,0.8571428571428572,
test,condition:1,7,True,post-hoc descriptive; fixed predictors and source constants; no source-estimation uncertainty,False,2000,20260919,O_seed_456,O,456,pi_S,macro_f1,0.19999999999999998,0.08333333333333333,0.3076923076923077,
test,condition:1,7,True,post-hoc descriptive; fixed predictors and source constants; no source-estimation uncertainty,False,2000,20260919,MLP16,MLP16,finite_mean_42_123_456,q,ce,1.0949999581490244,1.0050952137155191,1.255407860321658,0.009647721164559146
test,condition:1,7,True,post-hoc descriptive; fixed predictors and source constants; no source-estimation uncertainty,False,2000,20260919,MLP16,MLP16,finite_mean_42_123_456,q,brier,0.6612047571521612,0.6073063545816259,0.7558801491077707,0.0058009044833067245
test,condition:1,7,True,post-hoc descriptive; fixed predictors and source constants; no source-estimation uncertainty,False,2000,20260919,MLP16,MLP16,finite_mean_42_123_456,q,accuracy,0.4047619047619048,0.16190476190476188,0.6761904761904761,0.010910894511799635
test,condition:1,7,True,post-hoc descriptive; fixed predictors and source constants; no source-estimation uncertainty,False,2000,20260919,MLP16,MLP16,finite_mean_42_123_456,q,macro_f1,0.2385219803378905,0.10183080808080809,0.3234739906574576,0.03910107935798271
test,condition:1,7,True,post-hoc descriptive; fixed predictors and source constants; no source-estimation uncertainty,False,2000,20260919,MLP16,MLP16,finite_mean_42_123_456,m_q,ce,1.0137898967723462,0.8927662348047388,1.2239938873663645,0.0018741222540166718
test,condition:1,7,True,post-hoc descriptive; fixed predictors and source constants; no source-estimation uncertainty,False,2000,20260919,MLP16,MLP16,finite_mean_42_123_456,m_q,brier,0.6166422436021707,0.5437396168261376,0.7367868844291605,0.0010611249656403408
test,condition:1,7,True,post-hoc descriptive; fixed predictors and source constants; no source-estimation uncertainty,False,2000,20260919,MLP16,MLP16,finite_mean_42_123_456,m_q,accuracy,0.4285714285714286,0.14285714285714285,0.8571428571428572,0.0
test,condition:1,7,True,post-hoc descriptive; fixed predictors and source constants; no source-estimation uncertainty,False,2000,20260919,MLP16,MLP16,finite_mean_42_123_456,m_q,macro_f1,0.19999999999999998,0.08333333333333333,0.3076923076923077,0.0
test,condition:1,7,True,post-hoc descriptive; fixed predictors and source constants; no source-estimation uncertainty,False,2000,20260919,MLP16,MLP16,finite_mean_42_123_456,pi_S,ce,1.0153117576684318,0.9162907318741533,1.2133538092569884,0.0
test,condition:1,7,True,post-hoc descriptive; fixed predictors and source constants; no source-estimation uncertainty,False,2000,20260919,MLP16,MLP16,finite_mean_42_123_456,pi_S,brier,0.6171428571428572,0.5599999999999998,0.7314285714285719,0.0
test,condition:1,7,True,post-hoc descriptive; fixed predictors and source constants; no source-estimation uncertainty,False,2000,20260919,MLP16,MLP16,finite_mean_42_123_456,pi_S,accuracy,0.4285714285714286,0.14285714285714285,0.8571428571428572,0.0
test,condition:1,7,True,post-hoc descriptive; fixed predictors and source constants; no source-estimation uncertainty,False,2000,20260919,MLP16,MLP16,finite_mean_42_123_456,pi_S,macro_f1,0.19999999999999998,0.08333333333333333,0.3076923076923077,0.0
test,condition:1,7,True,post-hoc descriptive; fixed predictors and source constants; no source-estimation uncertainty,False,2000,20260919,O,O,finite_mean_42_123_456,q,ce,1.3364161044359208,1.1761020536933628,1.5185729314919023,0.06071532314038095
test,condition:1,7,True,post-hoc descriptive; fixed predictors and source constants; no source-estimation uncertainty,False,2000,20260919,O,O,finite_mean_42_123_456,q,brier,0.8175250098683509,0.7220549109865105,0.9176858755397252,0.0372530519944914
test,condition:1,7,True,post-hoc descriptive; fixed predictors and source constants; no source-estimation uncertainty,False,2000,20260919,O,O,finite_mean_42_123_456,q,accuracy,0.11428571428571428,0.0,0.32857142857142857,0.05
test,condition:1,7,True,post-hoc descriptive; fixed predictors and source constants; no source-estimation uncertainty,False,2000,20260919,O,O,finite_mean_42_123_456,q,macro_f1,0.11131336255432404,0.0,0.2401822621257623,0.0424902912559191
test,condition:1,7,True,post-hoc descriptive; fixed predictors and source constants; no source-estimation uncertainty,False,2000,20260919,O,O,finite_mean_42_123_456,m_q,ce,1.0078318750867254,0.8765730055673023,1.2643805162737642,0.002771791167507026
test,condition:1,7,True,post-hoc descriptive; fixed predictors and source constants; no source-estimation uncertainty,False,2000,20260919,O,O,finite_mean_42_123_456,m_q,brier,0.6140283719451639,0.5413495098216946,0.7546895558704798,0.0015343730800105885
test,condition:1,7,True,post-hoc descriptive; fixed predictors and source constants; no source-estimation uncertainty,False,2000,20260919,O,O,finite_mean_42_123_456,m_q,accuracy,0.4285714285714286,0.2380952380952381,0.5714285714285715,0.0
test,condition:1,7,True,post-hoc descriptive; fixed predictors and source constants; no source-estimation uncertainty,False,2000,20260919,O,O,finite_mean_42_123_456,m_q,macro_f1,0.19999999999999998,0.12222222222222222,0.23456790123456786,0.0
test,condition:1,7,True,post-hoc descriptive; fixed predictors and source constants; no source-estimation uncertainty,False,2000,20260919,O,O,finite_mean_42_123_456,pi_S,ce,1.0153117576684318,0.9162907318741533,1.2133538092569884,0.0
test,condition:1,7,True,post-hoc descriptive; fixed predictors and source constants; no source-estimation uncertainty,False,2000,20260919,O,O,finite_mean_42_123_456,pi_S,brier,0.6171428571428572,0.5599999999999998,0.7314285714285719,0.0
test,condition:1,7,True,post-hoc descriptive; fixed predictors and source constants; no source-estimation uncertainty,False,2000,20260919,O,O,finite_mean_42_123_456,pi_S,accuracy,0.4285714285714286,0.14285714285714285,0.8571428571428572,0.0
test,condition:1,7,True,post-hoc descriptive; fixed predictors and source constants; no source-estimation uncertainty,False,2000,20260919,O,O,finite_mean_42_123_456,pi_S,macro_f1,0.19999999999999998,0.08333333333333333,0.3076923076923077,0.0
test,condition:2,7,True,post-hoc descriptive; fixed predictors and source constants; no source-estimation uncertainty,False,2000,20260919,p0,p0,fixed/reference,q,ce,1.314101200388338,1.0222190232468502,1.7492562164153374,
test,condition:2,7,True,post-hoc descriptive; fixed predictors and source constants; no source-estimation uncertainty,False,2000,20260919,p0,p0,fixed/reference,q,brier,0.8567565830276269,0.7067109567176336,1.034079978502475,
test,condition:2,7,True,post-hoc descriptive; fixed predictors and source constants; no source-estimation uncertainty,False,2000,20260919,p0,p0,fixed/reference,q,accuracy,0.0,0.0,0.0,
test,condition:2,7,True,post-hoc descriptive; fixed predictors and source constants; no source-estimation uncertainty,False,2000,20260919,p0,p0,fixed/reference,q,macro_f1,0.0,0.0,0.0,
test,condition:2,7,True,post-hoc descriptive; fixed predictors and source constants; no source-estimation uncertainty,False,2000,20260919,p0,p0,fixed/reference,m_q,ce,1.0668967707384203,0.7329166975074427,1.7116431809177761,
test,condition:2,7,True,post-hoc descriptive; fixed predictors and source constants; no source-estimation uncertainty,False,2000,20260919,p0,p0,fixed/reference,m_q,brier,0.6255847489128333,0.4930137390130773,0.8686728558130217,
test,condition:2,7,True,post-hoc descriptive; fixed predictors and source constants; no source-estimation uncertainty,False,2000,20260919,p0,p0,fixed/reference,m_q,accuracy,0.42857142857142866,0.14285714285714285,0.8571428571428572,
test,condition:2,7,True,post-hoc descriptive; fixed predictors and source constants; no source-estimation uncertainty,False,2000,20260919,p0,p0,fixed/reference,m_q,macro_f1,0.20000000000000004,0.08333333333333333,0.3076923076923077,
test,condition:2,7,True,post-hoc descriptive; fixed predictors and source constants; no source-estimation uncertainty,False,2000,20260919,p0,p0,fixed/reference,pi_S,ce,1.0153117576684318,0.9162907318741533,1.2133538092569884,
test,condition:2,7,True,post-hoc descriptive; fixed predictors and source constants; no source-estimation uncertainty,False,2000,20260919,p0,p0,fixed/reference,pi_S,brier,0.6171428571428572,0.5599999999999998,0.731428571428572,
test,condition:2,7,True,post-hoc descriptive; fixed predictors and source constants; no source-estimation uncertainty,False,2000,20260919,p0,p0,fixed/reference,pi_S,accuracy,0.42857142857142866,0.14285714285714285,0.8571428571428572,
test,condition:2,7,True,post-hoc descriptive; fixed predictors and source constants; no source-estimation uncertainty,False,2000,20260919,p0,p0,fixed/reference,pi_S,macro_f1,0.20000000000000004,0.08333333333333333,0.3076923076923077,
test,condition:2,7,True,post-hoc descriptive; fixed predictors and source constants; no source-estimation uncertainty,False,2000,20260919,MLP16_seed_42,MLP16,42,q,ce,1.0388839686835618,0.9088932276744031,1.2444904090676987,
test,condition:2,7,True,post-hoc descriptive; fixed predictors and source constants; no source-estimation uncertainty,False,2000,20260919,MLP16_seed_42,MLP16,42,q,brier,0.6315285335992338,0.5529129077600509,0.7502998387921096,
test,condition:2,7,True,post-hoc descriptive; fixed predictors and source constants; no source-estimation uncertainty,False,2000,20260919,MLP16_seed_42,MLP16,42,q,accuracy,0.42857142857142866,0.14285714285714285,0.8571428571428572,
test,condition:2,7,True,post-hoc descriptive; fixed predictors and source constants; no source-estimation uncertainty,False,2000,20260919,MLP16_seed_42,MLP16,42,q,macro_f1,0.20000000000000004,0.08333333333333333,0.3076923076923077,
test,condition:2,7,True,post-hoc descriptive; fixed predictors and source constants; no source-estimation uncertainty,False,2000,20260919,MLP16_seed_42,MLP16,42,m_q,ce,1.0153681019193534,0.8840895602084922,1.2220396882701468,
test,condition:2,7,True,post-hoc descriptive; fixed predictors and source constants; no source-estimation uncertainty,False,2000,20260919,MLP16_seed_42,MLP16,42,m_q,brier,0.6176780145419644,0.5358743994558288,0.7363542359410449,
test,condition:2,7,True,post-hoc descriptive; fixed predictors and source constants; no source-estimation uncertainty,False,2000,20260919,MLP16_seed_42,MLP16,42,m_q,accuracy,0.42857142857142866,0.14285714285714285,0.8571428571428572,
test,condition:2,7,True,post-hoc descriptive; fixed predictors and source constants; no source-estimation uncertainty,False,2000,20260919,MLP16_seed_42,MLP16,42,m_q,macro_f1,0.20000000000000004,0.08333333333333333,0.3076923076923077,
test,condition:2,7,True,post-hoc descriptive; fixed predictors and source constants; no source-estimation uncertainty,False,2000,20260919,MLP16_seed_42,MLP16,42,pi_S,ce,1.0153117576684318,0.9162907318741533,1.2133538092569884,
test,condition:2,7,True,post-hoc descriptive; fixed predictors and source constants; no source-estimation uncertainty,False,2000,20260919,MLP16_seed_42,MLP16,42,pi_S,brier,0.6171428571428572,0.5599999999999998,0.731428571428572,
test,condition:2,7,True,post-hoc descriptive; fixed predictors and source constants; no source-estimation uncertainty,False,2000,20260919,MLP16_seed_42,MLP16,42,pi_S,accuracy,0.42857142857142866,0.14285714285714285,0.8571428571428572,
test,condition:2,7,True,post-hoc descriptive; fixed predictors and source constants; no source-estimation uncertainty,False,2000,20260919,MLP16_seed_42,MLP16,42,pi_S,macro_f1,0.20000000000000004,0.08333333333333333,0.3076923076923077,
test,condition:2,7,True,post-hoc descriptive; fixed predictors and source constants; no source-estimation uncertainty,False,2000,20260919,MLP16_seed_123,MLP16,123,q,ce,1.0359102870512726,0.9047804404582296,1.24599416530446,
test,condition:2,7,True,post-hoc descriptive; fixed predictors and source constants; no source-estimation uncertainty,False,2000,20260919,MLP16_seed_123,MLP16,123,q,brier,0.629382429245332,0.5540660664346477,0.7506156251809034,
test,condition:2,7,True,post-hoc descriptive; fixed predictors and source constants; no source-estimation uncertainty,False,2000,20260919,MLP16_seed_123,MLP16,123,q,accuracy,0.32142857142857134,0.035714285714285705,0.6571428571428569,
test,condition:2,7,True,post-hoc descriptive; fixed predictors and source constants; no source-estimation uncertainty,False,2000,20260919,MLP16_seed_123,MLP16,123,q,macro_f1,0.23088455772113936,0.022988505747126433,0.45714285714285713,
test,condition:2,7,True,post-hoc descriptive; fixed predictors and source constants; no source-estimation uncertainty,False,2000,20260919,MLP16_seed_123,MLP16,123,m_q,ce,1.0117184971940616,0.8897282516984791,1.2316353994580251,
test,condition:2,7,True,post-hoc descriptive; fixed predictors and source constants; no source-estimation uncertainty,False,2000,20260919,MLP16_seed_123,MLP16,123,m_q,brier,0.6155574629806678,0.5434915843637558,0.7401540127641022,
test,condition:2,7,True,post-hoc descriptive; fixed predictors and source constants; no source-estimation uncertainty,False,2000,20260919,MLP16_seed_123,MLP16,123,m_q,accuracy,0.42857142857142866,0.14285714285714285,0.8571428571428572,
test,condition:2,7,True,post-hoc descriptive; fixed predictors and source constants; no source-estimation uncertainty,False,2000,20260919,MLP16_seed_123,MLP16,123,m_q,macro_f1,0.20000000000000004,0.08333333333333333,0.3076923076923077,
test,condition:2,7,True,post-hoc descriptive; fixed predictors and source constants; no source-estimation uncertainty,False,2000,20260919,MLP16_seed_123,MLP16,123,pi_S,ce,1.0153117576684318,0.9162907318741533,1.2133538092569884,
test,condition:2,7,True,post-hoc descriptive; fixed predictors and source constants; no source-estimation uncertainty,False,2000,20260919,MLP16_seed_123,MLP16,123,pi_S,brier,0.6171428571428572,0.5599999999999998,0.731428571428572,
test,condition:2,7,True,post-hoc descriptive; fixed predictors and source constants; no source-estimation uncertainty,False,2000,20260919,MLP16_seed_123,MLP16,123,pi_S,accuracy,0.42857142857142866,0.14285714285714285,0.8571428571428572,
test,condition:2,7,True,post-hoc descriptive; fixed predictors and source constants; no source-estimation uncertainty,False,2000,20260919,MLP16_seed_123,MLP16,123,pi_S,macro_f1,0.20000000000000004,0.08333333333333333,0.3076923076923077,
test,condition:2,7,True,post-hoc descriptive; fixed predictors and source constants; no source-estimation uncertainty,False,2000,20260919,MLP16_seed_456,MLP16,456,q,ce,1.041361240863352,0.9172538547750031,1.2388310755363532,
test,condition:2,7,True,post-hoc descriptive; fixed predictors and source constants; no source-estimation uncertainty,False,2000,20260919,MLP16_seed_456,MLP16,456,q,brier,0.632419879456014,0.5607373823102615,0.7477285033618313,
test,condition:2,7,True,post-hoc descriptive; fixed predictors and source constants; no source-estimation uncertainty,False,2000,20260919,MLP16_seed_456,MLP16,456,q,accuracy,0.2857142857142856,0.0,0.5714285714285715,
test,condition:2,7,True,post-hoc descriptive; fixed predictors and source constants; no source-estimation uncertainty,False,2000,20260919,MLP16_seed_456,MLP16,456,q,macro_f1,0.20634920634920628,0.0,0.45714285714285713,
test,condition:2,7,True,post-hoc descriptive; fixed predictors and source constants; no source-estimation uncertainty,False,2000,20260919,MLP16_seed_456,MLP16,456,m_q,ce,1.0142830912036238,0.9044808925072453,1.2183065743709214,
test,condition:2,7,True,post-hoc descriptive; fixed predictors and source constants; no source-estimation uncertainty,False,2000,20260919,MLP16_seed_456,MLP16,456,m_q,brier,0.6166912532838797,0.5518528666588282,0.7338524045823345,
test,condition:2,7,True,post-hoc descriptive; fixed predictors and source constants; no source-estimation uncertainty,False,2000,20260919,MLP16_seed_456,MLP16,456,m_q,accuracy,0.42857142857142866,0.14285714285714285,0.8571428571428572,
test,condition:2,7,True,post-hoc descriptive; fixed predictors and source constants; no source-estimation uncertainty,False,2000,20260919,MLP16_seed_456,MLP16,456,m_q,macro_f1,0.20000000000000004,0.08333333333333333,0.3076923076923077,
test,condition:2,7,True,post-hoc descriptive; fixed predictors and source constants; no source-estimation uncertainty,False,2000,20260919,MLP16_seed_456,MLP16,456,pi_S,ce,1.0153117576684318,0.9162907318741533,1.2133538092569884,
test,condition:2,7,True,post-hoc descriptive; fixed predictors and source constants; no source-estimation uncertainty,False,2000,20260919,MLP16_seed_456,MLP16,456,pi_S,brier,0.6171428571428572,0.5599999999999998,0.731428571428572,
test,condition:2,7,True,post-hoc descriptive; fixed predictors and source constants; no source-estimation uncertainty,False,2000,20260919,MLP16_seed_456,MLP16,456,pi_S,accuracy,0.42857142857142866,0.14285714285714285,0.8571428571428572,
test,condition:2,7,True,post-hoc descriptive; fixed predictors and source constants; no source-estimation uncertainty,False,2000,20260919,MLP16_seed_456,MLP16,456,pi_S,macro_f1,0.20000000000000004,0.08333333333333333,0.3076923076923077,
test,condition:2,7,True,post-hoc descriptive; fixed predictors and source constants; no source-estimation uncertainty,False,2000,20260919,O_seed_42,O,42,q,ce,1.0926831210802372,0.9217547373552072,1.3151952567083158,
test,condition:2,7,True,post-hoc descriptive; fixed predictors and source constants; no source-estimation uncertainty,False,2000,20260919,O_seed_42,O,42,q,brier,0.6977545234729293,0.5962833696362674,0.8277196083632835,
test,condition:2,7,True,post-hoc descriptive; fixed predictors and source constants; no source-estimation uncertainty,False,2000,20260919,O_seed_42,O,42,q,accuracy,0.27857142857142847,0.0,0.5714285714285713,
test,condition:2,7,True,post-hoc descriptive; fixed predictors and source constants; no source-estimation uncertainty,False,2000,20260919,O_seed_42,O,42,q,macro_f1,0.20131993578690763,0.0,0.42632947717693476,
test,condition:2,7,True,post-hoc descriptive; fixed predictors and source constants; no source-estimation uncertainty,False,2000,20260919,O_seed_42,O,42,m_q,ce,1.0069756633963975,0.8638670611374776,1.2664068281710625,
test,condition:2,7,True,post-hoc descriptive; fixed predictors and source constants; no source-estimation uncertainty,False,2000,20260919,O_seed_42,O,42,m_q,brier,0.6135125113020569,0.531406352644525,0.7554394520215207,
test,condition:2,7,True,post-hoc descriptive; fixed predictors and source constants; no source-estimation uncertainty,False,2000,20260919,O_seed_42,O,42,m_q,accuracy,0.42857142857142866,0.14285714285714285,0.8571428571428572,
test,condition:2,7,True,post-hoc descriptive; fixed predictors and source constants; no source-estimation uncertainty,False,2000,20260919,O_seed_42,O,42,m_q,macro_f1,0.20000000000000004,0.08333333333333333,0.3076923076923077,
test,condition:2,7,True,post-hoc descriptive; fixed predictors and source constants; no source-estimation uncertainty,False,2000,20260919,O_seed_42,O,42,pi_S,ce,1.0153117576684318,0.9162907318741533,1.2133538092569884,
test,condition:2,7,True,post-hoc descriptive; fixed predictors and source constants; no source-estimation uncertainty,False,2000,20260919,O_seed_42,O,42,pi_S,brier,0.6171428571428572,0.5599999999999998,0.731428571428572,
test,condition:2,7,True,post-hoc descriptive; fixed predictors and source constants; no source-estimation uncertainty,False,2000,20260919,O_seed_42,O,42,pi_S,accuracy,0.42857142857142866,0.14285714285714285,0.8571428571428572,
test,condition:2,7,True,post-hoc descriptive; fixed predictors and source constants; no source-estimation uncertainty,False,2000,20260919,O_seed_42,O,42,pi_S,macro_f1,0.20000000000000004,0.08333333333333333,0.3076923076923077,
test,condition:2,7,True,post-hoc descriptive; fixed predictors and source constants; no source-estimation uncertainty,False,2000,20260919,O_seed_123,O,123,q,ce,1.056887762528613,0.89943476304748,1.2813257701302827,
test,condition:2,7,True,post-hoc descriptive; fixed predictors and source constants; no source-estimation uncertainty,False,2000,20260919,O_seed_123,O,123,q,brier,0.6718407788272194,0.5780339627508086,0.7972242944414438,
test,condition:2,7,True,post-hoc descriptive; fixed predictors and source constants; no source-estimation uncertainty,False,2000,20260919,O_seed_123,O,123,q,accuracy,0.14285714285714288,0.0,0.42857142857142866,
test,condition:2,7,True,post-hoc descriptive; fixed predictors and source constants; no source-estimation uncertainty,False,2000,20260919,O_seed_123,O,123,q,macro_f1,0.08333333333333336,0.0,0.20000000000000004,
test,condition:2,7,True,post-hoc descriptive; fixed predictors and source constants; no source-estimation uncertainty,False,2000,20260919,O_seed_123,O,123,m_q,ce,1.005589212796637,0.861963757296488,1.2794237154751762,
test,condition:2,7,True,post-hoc descriptive; fixed predictors and source constants; no source-estimation uncertainty,False,2000,20260919,O_seed_123,O,123,m_q,brier,0.6128184069719735,0.533281573864325,0.7606350241716812,
test,condition:2,7,True,post-hoc descriptive; fixed predictors and source constants; no source-estimation uncertainty,False,2000,20260919,O_seed_123,O,123,m_q,accuracy,0.42857142857142866,0.14285714285714285,0.8571428571428572,
test,condition:2,7,True,post-hoc descriptive; fixed predictors and source constants; no source-estimation uncertainty,False,2000,20260919,O_seed_123,O,123,m_q,macro_f1,0.20000000000000004,0.08333333333333333,0.3076923076923077,
test,condition:2,7,True,post-hoc descriptive; fixed predictors and source constants; no source-estimation uncertainty,False,2000,20260919,O_seed_123,O,123,pi_S,ce,1.0153117576684318,0.9162907318741533,1.2133538092569884,
test,condition:2,7,True,post-hoc descriptive; fixed predictors and source constants; no source-estimation uncertainty,False,2000,20260919,O_seed_123,O,123,pi_S,brier,0.6171428571428572,0.5599999999999998,0.731428571428572,
test,condition:2,7,True,post-hoc descriptive; fixed predictors and source constants; no source-estimation uncertainty,False,2000,20260919,O_seed_123,O,123,pi_S,accuracy,0.42857142857142866,0.14285714285714285,0.8571428571428572,
test,condition:2,7,True,post-hoc descriptive; fixed predictors and source constants; no source-estimation uncertainty,False,2000,20260919,O_seed_123,O,123,pi_S,macro_f1,0.20000000000000004,0.08333333333333333,0.3076923076923077,
test,condition:2,7,True,post-hoc descriptive; fixed predictors and source constants; no source-estimation uncertainty,False,2000,20260919,O_seed_456,O,456,q,ce,1.0707904654001832,0.9003982780616085,1.2782365411365946,
test,condition:2,7,True,post-hoc descriptive; fixed predictors and source constants; no source-estimation uncertainty,False,2000,20260919,O_seed_456,O,456,q,brier,0.6713385311586219,0.5657657111790646,0.7962392267777291,
test,condition:2,7,True,post-hoc descriptive; fixed predictors and source constants; no source-estimation uncertainty,False,2000,20260919,O_seed_456,O,456,q,accuracy,0.3285714285714285,0.042857142857142844,0.6571428571428571,
test,condition:2,7,True,post-hoc descriptive; fixed predictors and source constants; no source-estimation uncertainty,False,2000,20260919,O_seed_456,O,456,q,macro_f1,0.18473895582329314,0.03174603174603174,0.28726287262872624,
test,condition:2,7,True,post-hoc descriptive; fixed predictors and source constants; no source-estimation uncertainty,False,2000,20260919,O_seed_456,O,456,m_q,ce,1.0109307490671418,0.8636857502030073,1.2473110051750542,
test,condition:2,7,True,post-hoc descriptive; fixed predictors and source constants; no source-estimation uncertainty,False,2000,20260919,O_seed_456,O,456,m_q,brier,0.6157541975614612,0.5258181773450444,0.7479941914182376,
test,condition:2,7,True,post-hoc descriptive; fixed predictors and source constants; no source-estimation uncertainty,False,2000,20260919,O_seed_456,O,456,m_q,accuracy,0.4285714285714285,0.14285714285714277,0.8571428571428571,
test,condition:2,7,True,post-hoc descriptive; fixed predictors and source constants; no source-estimation uncertainty,False,2000,20260919,O_seed_456,O,456,m_q,macro_f1,0.19999999999999998,0.08333333333333327,0.30769230769230765,
test,condition:2,7,True,post-hoc descriptive; fixed predictors and source constants; no source-estimation uncertainty,False,2000,20260919,O_seed_456,O,456,pi_S,ce,1.0153117576684318,0.9162907318741533,1.2133538092569884,
test,condition:2,7,True,post-hoc descriptive; fixed predictors and source constants; no source-estimation uncertainty,False,2000,20260919,O_seed_456,O,456,pi_S,brier,0.6171428571428572,0.5599999999999998,0.731428571428572,
test,condition:2,7,True,post-hoc descriptive; fixed predictors and source constants; no source-estimation uncertainty,False,2000,20260919,O_seed_456,O,456,pi_S,accuracy,0.42857142857142866,0.14285714285714285,0.8571428571428572,
test,condition:2,7,True,post-hoc descriptive; fixed predictors and source constants; no source-estimation uncertainty,False,2000,20260919,O_seed_456,O,456,pi_S,macro_f1,0.20000000000000004,0.08333333333333333,0.3076923076923077,
test,condition:2,7,True,post-hoc descriptive; fixed predictors and source constants; no source-estimation uncertainty,False,2000,20260919,MLP16,MLP16,finite_mean_42_123_456,q,ce,1.0387184988660623,0.9122213447271359,1.2438502703394207,0.0027292415724396633
test,condition:2,7,True,post-hoc descriptive; fixed predictors and source constants; no source-estimation uncertainty,False,2000,20260919,MLP16,MLP16,finite_mean_42_123_456,q,brier,0.6311102807668599,0.5546031491382604,0.7498815601847691,0.0015613223624333502
test,condition:2,7,True,post-hoc descriptive; fixed predictors and source constants; no source-estimation uncertainty,False,2000,20260919,MLP16,MLP16,finite_mean_42_123_456,q,accuracy,0.3452380952380952,0.10714285714285714,0.6214285714285713,0.07434521426664771
test,condition:2,7,True,post-hoc descriptive; fixed predictors and source constants; no source-estimation uncertainty,False,2000,20260919,MLP16,MLP16,finite_mean_42_123_456,q,macro_f1,0.21241125469011524,0.05704555129842487,0.3643365067182413,0.016310282001646515
test,condition:2,7,True,post-hoc descriptive; fixed predictors and source constants; no source-estimation uncertainty,False,2000,20260919,MLP16,MLP16,finite_mean_42_123_456,m_q,ce,1.0137898967723462,0.8927662348047388,1.2239938873663645,0.0018741222540166718
test,condition:2,7,True,post-hoc descriptive; fixed predictors and source constants; no source-estimation uncertainty,False,2000,20260919,MLP16,MLP16,finite_mean_42_123_456,m_q,brier,0.6166422436021707,0.5437396168261376,0.7367868844291605,0.0010611249656403408
test,condition:2,7,True,post-hoc descriptive; fixed predictors and source constants; no source-estimation uncertainty,False,2000,20260919,MLP16,MLP16,finite_mean_42_123_456,m_q,accuracy,0.42857142857142866,0.14285714285714285,0.8571428571428572,0.0
test,condition:2,7,True,post-hoc descriptive; fixed predictors and source constants; no source-estimation uncertainty,False,2000,20260919,MLP16,MLP16,finite_mean_42_123_456,m_q,macro_f1,0.20000000000000004,0.08333333333333333,0.3076923076923077,0.0
test,condition:2,7,True,post-hoc descriptive; fixed predictors and source constants; no source-estimation uncertainty,False,2000,20260919,MLP16,MLP16,finite_mean_42_123_456,pi_S,ce,1.0153117576684318,0.9162907318741533,1.2133538092569884,0.0
test,condition:2,7,True,post-hoc descriptive; fixed predictors and source constants; no source-estimation uncertainty,False,2000,20260919,MLP16,MLP16,finite_mean_42_123_456,pi_S,brier,0.6171428571428572,0.5599999999999998,0.7314285714285719,0.0
test,condition:2,7,True,post-hoc descriptive; fixed predictors and source constants; no source-estimation uncertainty,False,2000,20260919,MLP16,MLP16,finite_mean_42_123_456,pi_S,accuracy,0.42857142857142866,0.14285714285714285,0.8571428571428572,0.0
test,condition:2,7,True,post-hoc descriptive; fixed predictors and source constants; no source-estimation uncertainty,False,2000,20260919,MLP16,MLP16,finite_mean_42_123_456,pi_S,macro_f1,0.20000000000000004,0.08333333333333333,0.3076923076923077,0.0
test,condition:2,7,True,post-hoc descriptive; fixed predictors and source constants; no source-estimation uncertainty,False,2000,20260919,O,O,finite_mean_42_123_456,q,ce,1.0734537830030113,0.9153159278171852,1.2881241946068023,0.018045688375619918
test,condition:2,7,True,post-hoc descriptive; fixed predictors and source constants; no source-estimation uncertainty,False,2000,20260919,O,O,finite_mean_42_123_456,q,brier,0.6803112778195902,0.5832392003227583,0.805853407095742,0.015108381030812135
test,condition:2,7,True,post-hoc descriptive; fixed predictors and source constants; no source-estimation uncertainty,False,2000,20260919,O,O,finite_mean_42_123_456,q,accuracy,0.24999999999999997,0.047619047619047616,0.4691071428571425,0.09609731462195503
test,condition:2,7,True,post-hoc descriptive; fixed predictors and source constants; no source-estimation uncertainty,False,2000,20260919,O,O,finite_mean_42_123_456,q,macro_f1,0.15646407498117804,0.034805890227576984,0.26232381986681935,0.06387340021175716
test,condition:2,7,True,post-hoc descriptive; fixed predictors and source constants; no source-estimation uncertainty,False,2000,20260919,O,O,finite_mean_42_123_456,m_q,ce,1.0078318750867254,0.8765730055673023,1.2643805162737642,0.002771791167507026
test,condition:2,7,True,post-hoc descriptive; fixed predictors and source constants; no source-estimation uncertainty,False,2000,20260919,O,O,finite_mean_42_123_456,m_q,brier,0.6140283719451639,0.5413495098216946,0.7546895558704798,0.0015343730800105885
test,condition:2,7,True,post-hoc descriptive; fixed predictors and source constants; no source-estimation uncertainty,False,2000,20260919,O,O,finite_mean_42_123_456,m_q,accuracy,0.4285714285714286,0.2380952380952381,0.5714285714285715,9.614813431917819e-17
test,condition:2,7,True,post-hoc descriptive; fixed predictors and source constants; no source-estimation uncertainty,False,2000,20260919,O,O,finite_mean_42_123_456,m_q,macro_f1,0.20000000000000004,0.12222222222222222,0.23456790123456792,3.925231146709438e-17
test,condition:2,7,True,post-hoc descriptive; fixed predictors and source constants; no source-estimation uncertainty,False,2000,20260919,O,O,finite_mean_42_123_456,pi_S,ce,1.0153117576684318,0.9162907318741533,1.2133538092569884,0.0
test,condition:2,7,True,post-hoc descriptive; fixed predictors and source constants; no source-estimation uncertainty,False,2000,20260919,O,O,finite_mean_42_123_456,pi_S,brier,0.6171428571428572,0.5599999999999998,0.7314285714285719,0.0
test,condition:2,7,True,post-hoc descriptive; fixed predictors and source constants; no source-estimation uncertainty,False,2000,20260919,O,O,finite_mean_42_123_456,pi_S,accuracy,0.42857142857142866,0.14285714285714285,0.8571428571428572,0.0
test,condition:2,7,True,post-hoc descriptive; fixed predictors and source constants; no source-estimation uncertainty,False,2000,20260919,O,O,finite_mean_42_123_456,pi_S,macro_f1,0.20000000000000004,0.08333333333333333,0.3076923076923077,0.0
test,condition:3,7,True,post-hoc descriptive; fixed predictors and source constants; no source-estimation uncertainty,False,2000,20260919,p0,p0,fixed/reference,q,ce,1.3392418697476387,1.0753919949010013,1.6869270622251287,
test,condition:3,7,True,post-hoc descriptive; fixed predictors and source constants; no source-estimation uncertainty,False,2000,20260919,p0,p0,fixed/reference,q,brier,0.8900054906391636,0.7585320607000943,1.027939288713535,
test,condition:3,7,True,post-hoc descriptive; fixed predictors and source constants; no source-estimation uncertainty,False,2000,20260919,p0,p0,fixed/reference,q,accuracy,0.0,0.0,0.0,
test,condition:3,7,True,post-hoc descriptive; fixed predictors and source constants; no source-estimation uncertainty,False,2000,20260919,p0,p0,fixed/reference,q,macro_f1,0.0,0.0,0.0,
test,condition:3,7,True,post-hoc descriptive; fixed predictors and source constants; no source-estimation uncertainty,False,2000,20260919,p0,p0,fixed/reference,m_q,ce,1.0668967707384203,0.7329166975074427,1.7116431809177761,
test,condition:3,7,True,post-hoc descriptive; fixed predictors and source constants; no source-estimation uncertainty,False,2000,20260919,p0,p0,fixed/reference,m_q,brier,0.6255847489128333,0.4930137390130773,0.8686728558130217,
test,condition:3,7,True,post-hoc descriptive; fixed predictors and source constants; no source-estimation uncertainty,False,2000,20260919,p0,p0,fixed/reference,m_q,accuracy,0.4285714285714286,0.14285714285714285,0.8571428571428572,
test,condition:3,7,True,post-hoc descriptive; fixed predictors and source constants; no source-estimation uncertainty,False,2000,20260919,p0,p0,fixed/reference,m_q,macro_f1,0.19999999999999998,0.08333333333333333,0.3076923076923077,
test,condition:3,7,True,post-hoc descriptive; fixed predictors and source constants; no source-estimation uncertainty,False,2000,20260919,p0,p0,fixed/reference,pi_S,ce,1.0153117576684318,0.9162907318741533,1.2133538092569884,
test,condition:3,7,True,post-hoc descriptive; fixed predictors and source constants; no source-estimation uncertainty,False,2000,20260919,p0,p0,fixed/reference,pi_S,brier,0.6171428571428572,0.5599999999999998,0.731428571428572,
test,condition:3,7,True,post-hoc descriptive; fixed predictors and source constants; no source-estimation uncertainty,False,2000,20260919,p0,p0,fixed/reference,pi_S,accuracy,0.4285714285714286,0.14285714285714285,0.8571428571428572,
test,condition:3,7,True,post-hoc descriptive; fixed predictors and source constants; no source-estimation uncertainty,False,2000,20260919,p0,p0,fixed/reference,pi_S,macro_f1,0.19999999999999998,0.08333333333333333,0.3076923076923077,
test,condition:3,7,True,post-hoc descriptive; fixed predictors and source constants; no source-estimation uncertainty,False,2000,20260919,MLP16_seed_42,MLP16,42,q,ce,1.0453150985496387,0.925489318370819,1.2378229945898056,
test,condition:3,7,True,post-hoc descriptive; fixed predictors and source constants; no source-estimation uncertainty,False,2000,20260919,MLP16_seed_42,MLP16,42,q,brier,0.6358902037853459,0.563913695443183,0.7483267522294819,
test,condition:3,7,True,post-hoc descriptive; fixed predictors and source constants; no source-estimation uncertainty,False,2000,20260919,MLP16_seed_42,MLP16,42,q,accuracy,0.4285714285714286,0.14285714285714285,0.8571428571428572,
test,condition:3,7,True,post-hoc descriptive; fixed predictors and source constants; no source-estimation uncertainty,False,2000,20260919,MLP16_seed_42,MLP16,42,q,macro_f1,0.19999999999999998,0.08333333333333333,0.3076923076923077,
test,condition:3,7,True,post-hoc descriptive; fixed predictors and source constants; no source-estimation uncertainty,False,2000,20260919,MLP16_seed_42,MLP16,42,m_q,ce,1.0153681019193534,0.8840895602084922,1.2220396882701468,
test,condition:3,7,True,post-hoc descriptive; fixed predictors and source constants; no source-estimation uncertainty,False,2000,20260919,MLP16_seed_42,MLP16,42,m_q,brier,0.6176780145419644,0.5358743994558288,0.7363542359410449,
test,condition:3,7,True,post-hoc descriptive; fixed predictors and source constants; no source-estimation uncertainty,False,2000,20260919,MLP16_seed_42,MLP16,42,m_q,accuracy,0.4285714285714286,0.14285714285714285,0.8571428571428572,
test,condition:3,7,True,post-hoc descriptive; fixed predictors and source constants; no source-estimation uncertainty,False,2000,20260919,MLP16_seed_42,MLP16,42,m_q,macro_f1,0.19999999999999998,0.08333333333333333,0.3076923076923077,
test,condition:3,7,True,post-hoc descriptive; fixed predictors and source constants; no source-estimation uncertainty,False,2000,20260919,MLP16_seed_42,MLP16,42,pi_S,ce,1.0153117576684318,0.9162907318741533,1.2133538092569884,
test,condition:3,7,True,post-hoc descriptive; fixed predictors and source constants; no source-estimation uncertainty,False,2000,20260919,MLP16_seed_42,MLP16,42,pi_S,brier,0.6171428571428572,0.5599999999999998,0.731428571428572,
test,condition:3,7,True,post-hoc descriptive; fixed predictors and source constants; no source-estimation uncertainty,False,2000,20260919,MLP16_seed_42,MLP16,42,pi_S,accuracy,0.4285714285714286,0.14285714285714285,0.8571428571428572,
test,condition:3,7,True,post-hoc descriptive; fixed predictors and source constants; no source-estimation uncertainty,False,2000,20260919,MLP16_seed_42,MLP16,42,pi_S,macro_f1,0.19999999999999998,0.08333333333333333,0.3076923076923077,
test,condition:3,7,True,post-hoc descriptive; fixed predictors and source constants; no source-estimation uncertainty,False,2000,20260919,MLP16_seed_123,MLP16,123,q,ce,1.0428921092833792,0.9218666113487312,1.2389403283596039,
test,condition:3,7,True,post-hoc descriptive; fixed predictors and source constants; no source-estimation uncertainty,False,2000,20260919,MLP16_seed_123,MLP16,123,q,brier,0.6338572866854663,0.5647320079468937,0.7469452971476298,
test,condition:3,7,True,post-hoc descriptive; fixed predictors and source constants; no source-estimation uncertainty,False,2000,20260919,MLP16_seed_123,MLP16,123,q,accuracy,0.2857142857142857,0.0,0.5714285714285715,
test,condition:3,7,True,post-hoc descriptive; fixed predictors and source constants; no source-estimation uncertainty,False,2000,20260919,MLP16_seed_123,MLP16,123,q,macro_f1,0.20634920634920637,0.0,0.45714285714285713,
test,condition:3,7,True,post-hoc descriptive; fixed predictors and source constants; no source-estimation uncertainty,False,2000,20260919,MLP16_seed_123,MLP16,123,m_q,ce,1.0117184971940616,0.8897282516984791,1.2316353994580251,
test,condition:3,7,True,post-hoc descriptive; fixed predictors and source constants; no source-estimation uncertainty,False,2000,20260919,MLP16_seed_123,MLP16,123,m_q,brier,0.6155574629806678,0.5434915843637558,0.7401540127641022,
test,condition:3,7,True,post-hoc descriptive; fixed predictors and source constants; no source-estimation uncertainty,False,2000,20260919,MLP16_seed_123,MLP16,123,m_q,accuracy,0.4285714285714286,0.14285714285714285,0.8571428571428572,
test,condition:3,7,True,post-hoc descriptive; fixed predictors and source constants; no source-estimation uncertainty,False,2000,20260919,MLP16_seed_123,MLP16,123,m_q,macro_f1,0.19999999999999998,0.08333333333333333,0.3076923076923077,
test,condition:3,7,True,post-hoc descriptive; fixed predictors and source constants; no source-estimation uncertainty,False,2000,20260919,MLP16_seed_123,MLP16,123,pi_S,ce,1.0153117576684318,0.9162907318741533,1.2133538092569884,
test,condition:3,7,True,post-hoc descriptive; fixed predictors and source constants; no source-estimation uncertainty,False,2000,20260919,MLP16_seed_123,MLP16,123,pi_S,brier,0.6171428571428572,0.5599999999999998,0.731428571428572,
test,condition:3,7,True,post-hoc descriptive; fixed predictors and source constants; no source-estimation uncertainty,False,2000,20260919,MLP16_seed_123,MLP16,123,pi_S,accuracy,0.4285714285714286,0.14285714285714285,0.8571428571428572,
test,condition:3,7,True,post-hoc descriptive; fixed predictors and source constants; no source-estimation uncertainty,False,2000,20260919,MLP16_seed_123,MLP16,123,pi_S,macro_f1,0.19999999999999998,0.08333333333333333,0.3076923076923077,
test,condition:3,7,True,post-hoc descriptive; fixed predictors and source constants; no source-estimation uncertainty,False,2000,20260919,MLP16_seed_456,MLP16,456,q,ce,1.0486652482833183,0.9316408416309527,1.2336438335371869,
test,condition:3,7,True,post-hoc descriptive; fixed predictors and source constants; no source-estimation uncertainty,False,2000,20260919,MLP16_seed_456,MLP16,456,q,brier,0.6371637571390364,0.5698570373801884,0.7442745063802209,
test,condition:3,7,True,post-hoc descriptive; fixed predictors and source constants; no source-estimation uncertainty,False,2000,20260919,MLP16_seed_456,MLP16,456,q,accuracy,0.2857142857142857,0.0,0.5714285714285715,
test,condition:3,7,True,post-hoc descriptive; fixed predictors and source constants; no source-estimation uncertainty,False,2000,20260919,MLP16_seed_456,MLP16,456,q,macro_f1,0.20634920634920637,0.0,0.45714285714285713,
test,condition:3,7,True,post-hoc descriptive; fixed predictors and source constants; no source-estimation uncertainty,False,2000,20260919,MLP16_seed_456,MLP16,456,m_q,ce,1.0142830912036238,0.9044808925072453,1.2183065743709214,
test,condition:3,7,True,post-hoc descriptive; fixed predictors and source constants; no source-estimation uncertainty,False,2000,20260919,MLP16_seed_456,MLP16,456,m_q,brier,0.6166912532838797,0.5518528666588282,0.7338524045823345,
test,condition:3,7,True,post-hoc descriptive; fixed predictors and source constants; no source-estimation uncertainty,False,2000,20260919,MLP16_seed_456,MLP16,456,m_q,accuracy,0.4285714285714286,0.14285714285714285,0.8571428571428572,
test,condition:3,7,True,post-hoc descriptive; fixed predictors and source constants; no source-estimation uncertainty,False,2000,20260919,MLP16_seed_456,MLP16,456,m_q,macro_f1,0.19999999999999998,0.08333333333333333,0.3076923076923077,
test,condition:3,7,True,post-hoc descriptive; fixed predictors and source constants; no source-estimation uncertainty,False,2000,20260919,MLP16_seed_456,MLP16,456,pi_S,ce,1.0153117576684318,0.9162907318741533,1.2133538092569884,
test,condition:3,7,True,post-hoc descriptive; fixed predictors and source constants; no source-estimation uncertainty,False,2000,20260919,MLP16_seed_456,MLP16,456,pi_S,brier,0.6171428571428572,0.5599999999999998,0.731428571428572,
test,condition:3,7,True,post-hoc descriptive; fixed predictors and source constants; no source-estimation uncertainty,False,2000,20260919,MLP16_seed_456,MLP16,456,pi_S,accuracy,0.4285714285714286,0.14285714285714285,0.8571428571428572,
test,condition:3,7,True,post-hoc descriptive; fixed predictors and source constants; no source-estimation uncertainty,False,2000,20260919,MLP16_seed_456,MLP16,456,pi_S,macro_f1,0.19999999999999998,0.08333333333333333,0.3076923076923077,
test,condition:3,7,True,post-hoc descriptive; fixed predictors and source constants; no source-estimation uncertainty,False,2000,20260919,O_seed_42,O,42,q,ce,1.1230715794222694,0.9404489104449749,1.3345377602747508,
test,condition:3,7,True,post-hoc descriptive; fixed predictors and source constants; no source-estimation uncertainty,False,2000,20260919,O_seed_42,O,42,q,brier,0.7117647484234279,0.599286295274736,0.83468951563458,
test,condition:3,7,True,post-hoc descriptive; fixed predictors and source constants; no source-estimation uncertainty,False,2000,20260919,O_seed_42,O,42,q,accuracy,0.25,0.035714285714285705,0.5071428571428572,
test,condition:3,7,True,post-hoc descriptive; fixed predictors and source constants; no source-estimation uncertainty,False,2000,20260919,O_seed_42,O,42,q,macro_f1,0.16742955955650493,0.022988505747126433,0.2808264245295433,
test,condition:3,7,True,post-hoc descriptive; fixed predictors and source constants; no source-estimation uncertainty,False,2000,20260919,O_seed_42,O,42,m_q,ce,1.0069756633963975,0.8638670611374776,1.2664068281710625,
test,condition:3,7,True,post-hoc descriptive; fixed predictors and source constants; no source-estimation uncertainty,False,2000,20260919,O_seed_42,O,42,m_q,brier,0.6135125113020569,0.531406352644525,0.7554394520215207,
test,condition:3,7,True,post-hoc descriptive; fixed predictors and source constants; no source-estimation uncertainty,False,2000,20260919,O_seed_42,O,42,m_q,accuracy,0.4285714285714286,0.14285714285714285,0.8571428571428572,
test,condition:3,7,True,post-hoc descriptive; fixed predictors and source constants; no source-estimation uncertainty,False,2000,20260919,O_seed_42,O,42,m_q,macro_f1,0.19999999999999998,0.08333333333333333,0.3076923076923077,
test,condition:3,7,True,post-hoc descriptive; fixed predictors and source constants; no source-estimation uncertainty,False,2000,20260919,O_seed_42,O,42,pi_S,ce,1.0153117576684318,0.9162907318741533,1.2133538092569884,
test,condition:3,7,True,post-hoc descriptive; fixed predictors and source constants; no source-estimation uncertainty,False,2000,20260919,O_seed_42,O,42,pi_S,brier,0.6171428571428572,0.5599999999999998,0.731428571428572,
test,condition:3,7,True,post-hoc descriptive; fixed predictors and source constants; no source-estimation uncertainty,False,2000,20260919,O_seed_42,O,42,pi_S,accuracy,0.4285714285714286,0.14285714285714285,0.8571428571428572,
test,condition:3,7,True,post-hoc descriptive; fixed predictors and source constants; no source-estimation uncertainty,False,2000,20260919,O_seed_42,O,42,pi_S,macro_f1,0.19999999999999998,0.08333333333333333,0.3076923076923077,
test,condition:3,7,True,post-hoc descriptive; fixed predictors and source constants; no source-estimation uncertainty,False,2000,20260919,O_seed_123,O,123,q,ce,1.0785108828118868,0.9025894656777381,1.2887377218369924,
test,condition:3,7,True,post-hoc descriptive; fixed predictors and source constants; no source-estimation uncertainty,False,2000,20260919,O_seed_123,O,123,q,brier,0.6802821590585005,0.5761205243108488,0.801966720270536,
test,condition:3,7,True,post-hoc descriptive; fixed predictors and source constants; no source-estimation uncertainty,False,2000,20260919,O_seed_123,O,123,q,accuracy,0.4285714285714286,0.14285714285714285,0.8571428571428571,
test,condition:3,7,True,post-hoc descriptive; fixed predictors and source constants; no source-estimation uncertainty,False,2000,20260919,O_seed_123,O,123,q,macro_f1,0.30158730158730157,0.08333333333333331,0.5252525252525252,
test,condition:3,7,True,post-hoc descriptive; fixed predictors and source constants; no source-estimation uncertainty,False,2000,20260919,O_seed_123,O,123,m_q,ce,1.005589212796637,0.861963757296488,1.2794237154751762,
test,condition:3,7,True,post-hoc descriptive; fixed predictors and source constants; no source-estimation uncertainty,False,2000,20260919,O_seed_123,O,123,m_q,brier,0.6128184069719735,0.533281573864325,0.7606350241716812,
test,condition:3,7,True,post-hoc descriptive; fixed predictors and source constants; no source-estimation uncertainty,False,2000,20260919,O_seed_123,O,123,m_q,accuracy,0.4285714285714286,0.14285714285714285,0.8571428571428572,
test,condition:3,7,True,post-hoc descriptive; fixed predictors and source constants; no source-estimation uncertainty,False,2000,20260919,O_seed_123,O,123,m_q,macro_f1,0.19999999999999998,0.08333333333333333,0.3076923076923077,
test,condition:3,7,True,post-hoc descriptive; fixed predictors and source constants; no source-estimation uncertainty,False,2000,20260919,O_seed_123,O,123,pi_S,ce,1.0153117576684318,0.9162907318741533,1.2133538092569884,
test,condition:3,7,True,post-hoc descriptive; fixed predictors and source constants; no source-estimation uncertainty,False,2000,20260919,O_seed_123,O,123,pi_S,brier,0.6171428571428572,0.5599999999999998,0.731428571428572,
test,condition:3,7,True,post-hoc descriptive; fixed predictors and source constants; no source-estimation uncertainty,False,2000,20260919,O_seed_123,O,123,pi_S,accuracy,0.4285714285714286,0.14285714285714285,0.8571428571428572,
test,condition:3,7,True,post-hoc descriptive; fixed predictors and source constants; no source-estimation uncertainty,False,2000,20260919,O_seed_123,O,123,pi_S,macro_f1,0.19999999999999998,0.08333333333333333,0.3076923076923077,
test,condition:3,7,True,post-hoc descriptive; fixed predictors and source constants; no source-estimation uncertainty,False,2000,20260919,O_seed_456,O,456,q,ce,1.0941397354006768,0.9089693688069073,1.293623054453305,
test,condition:3,7,True,post-hoc descriptive; fixed predictors and source constants; no source-estimation uncertainty,False,2000,20260919,O_seed_456,O,456,q,brier,0.6822376693042441,0.5576890184213541,0.8067863201871343,
test,condition:3,7,True,post-hoc descriptive; fixed predictors and source constants; no source-estimation uncertainty,False,2000,20260919,O_seed_456,O,456,q,accuracy,0.3071428571428571,0.021428571428571425,0.6142857142857142,
test,condition:3,7,True,post-hoc descriptive; fixed predictors and source constants; no source-estimation uncertainty,False,2000,20260919,O_seed_456,O,456,q,macro_f1,0.17586912065439672,0.01626016260162601,0.2826572604350378,
test,condition:3,7,True,post-hoc descriptive; fixed predictors and source constants; no source-estimation uncertainty,False,2000,20260919,O_seed_456,O,456,m_q,ce,1.0109307490671418,0.8636857502030073,1.2473110051750542,
test,condition:3,7,True,post-hoc descriptive; fixed predictors and source constants; no source-estimation uncertainty,False,2000,20260919,O_seed_456,O,456,m_q,brier,0.6157541975614612,0.5258181773450444,0.7479941914182376,
test,condition:3,7,True,post-hoc descriptive; fixed predictors and source constants; no source-estimation uncertainty,False,2000,20260919,O_seed_456,O,456,m_q,accuracy,0.4285714285714286,0.14285714285714285,0.8571428571428572,
test,condition:3,7,True,post-hoc descriptive; fixed predictors and source constants; no source-estimation uncertainty,False,2000,20260919,O_seed_456,O,456,m_q,macro_f1,0.19999999999999998,0.08333333333333333,0.3076923076923077,
test,condition:3,7,True,post-hoc descriptive; fixed predictors and source constants; no source-estimation uncertainty,False,2000,20260919,O_seed_456,O,456,pi_S,ce,1.0153117576684318,0.9162907318741533,1.2133538092569884,
test,condition:3,7,True,post-hoc descriptive; fixed predictors and source constants; no source-estimation uncertainty,False,2000,20260919,O_seed_456,O,456,pi_S,brier,0.6171428571428572,0.5599999999999998,0.731428571428572,
test,condition:3,7,True,post-hoc descriptive; fixed predictors and source constants; no source-estimation uncertainty,False,2000,20260919,O_seed_456,O,456,pi_S,accuracy,0.4285714285714286,0.14285714285714285,0.8571428571428572,
test,condition:3,7,True,post-hoc descriptive; fixed predictors and source constants; no source-estimation uncertainty,False,2000,20260919,O_seed_456,O,456,pi_S,macro_f1,0.19999999999999998,0.08333333333333333,0.3076923076923077,
test,condition:3,7,True,post-hoc descriptive; fixed predictors and source constants; no source-estimation uncertainty,False,2000,20260919,MLP16,MLP16,finite_mean_42_123_456,q,ce,1.0456241520387788,0.927378733314219,1.236329019969063,0.002898951366014409
test,condition:3,7,True,post-hoc descriptive; fixed predictors and source constants; no source-estimation uncertainty,False,2000,20260919,MLP16,MLP16,finite_mean_42_123_456,q,brier,0.6356370825366162,0.5655582514699916,0.7469003913166307,0.001667704856982174
test,condition:3,7,True,post-hoc descriptive; fixed predictors and source constants; no source-estimation uncertainty,False,2000,20260919,MLP16,MLP16,finite_mean_42_123_456,q,accuracy,0.3333333333333333,0.09523809523809523,0.6190476190476191,0.08247860988423228
test,condition:3,7,True,post-hoc descriptive; fixed predictors and source constants; no source-estimation uncertainty,False,2000,20260919,MLP16,MLP16,finite_mean_42_123_456,q,macro_f1,0.20423280423280424,0.04938271604938272,0.36419753086419754,0.003665715994854786
test,condition:3,7,True,post-hoc descriptive; fixed predictors and source constants; no source-estimation uncertainty,False,2000,20260919,MLP16,MLP16,finite_mean_42_123_456,m_q,ce,1.0137898967723462,0.8927662348047388,1.2239938873663645,0.0018741222540166718
test,condition:3,7,True,post-hoc descriptive; fixed predictors and source constants; no source-estimation uncertainty,False,2000,20260919,MLP16,MLP16,finite_mean_42_123_456,m_q,brier,0.6166422436021707,0.5437396168261376,0.7367868844291605,0.0010611249656403408
test,condition:3,7,True,post-hoc descriptive; fixed predictors and source constants; no source-estimation uncertainty,False,2000,20260919,MLP16,MLP16,finite_mean_42_123_456,m_q,accuracy,0.4285714285714286,0.14285714285714285,0.8571428571428572,0.0
test,condition:3,7,True,post-hoc descriptive; fixed predictors and source constants; no source-estimation uncertainty,False,2000,20260919,MLP16,MLP16,finite_mean_42_123_456,m_q,macro_f1,0.19999999999999998,0.08333333333333333,0.3076923076923077,0.0
test,condition:3,7,True,post-hoc descriptive; fixed predictors and source constants; no source-estimation uncertainty,False,2000,20260919,MLP16,MLP16,finite_mean_42_123_456,pi_S,ce,1.0153117576684318,0.9162907318741533,1.2133538092569884,0.0
test,condition:3,7,True,post-hoc descriptive; fixed predictors and source constants; no source-estimation uncertainty,False,2000,20260919,MLP16,MLP16,finite_mean_42_123_456,pi_S,brier,0.6171428571428572,0.5599999999999998,0.7314285714285719,0.0
test,condition:3,7,True,post-hoc descriptive; fixed predictors and source constants; no source-estimation uncertainty,False,2000,20260919,MLP16,MLP16,finite_mean_42_123_456,pi_S,accuracy,0.4285714285714286,0.14285714285714285,0.8571428571428572,0.0
test,condition:3,7,True,post-hoc descriptive; fixed predictors and source constants; no source-estimation uncertainty,False,2000,20260919,MLP16,MLP16,finite_mean_42_123_456,pi_S,macro_f1,0.19999999999999998,0.08333333333333333,0.3076923076923077,0.0
test,condition:3,7,True,post-hoc descriptive; fixed predictors and source constants; no source-estimation uncertainty,False,2000,20260919,O,O,finite_mean_42_123_456,q,ce,1.0985740658782774,0.9257001781428142,1.3086045388983827,0.022608878470394698
test,condition:3,7,True,post-hoc descriptive; fixed predictors and source constants; no source-estimation uncertainty,False,2000,20260919,O,O,finite_mean_42_123_456,q,brier,0.6914281922620575,0.5816659848047832,0.8118060293813283,0.01763909415074169
test,condition:3,7,True,post-hoc descriptive; fixed predictors and source constants; no source-estimation uncertainty,False,2000,20260919,O,O,finite_mean_42_123_456,q,accuracy,0.32857142857142857,0.059523809523809514,0.6404761904761904,0.09119389524859792
test,condition:3,7,True,post-hoc descriptive; fixed predictors and source constants; no source-estimation uncertainty,False,2000,20260919,O,O,finite_mean_42_123_456,q,macro_f1,0.2149619939327344,0.035440613026819924,0.35121982070944885,0.07513830243336331
test,condition:3,7,True,post-hoc descriptive; fixed predictors and source constants; no source-estimation uncertainty,False,2000,20260919,O,O,finite_mean_42_123_456,m_q,ce,1.0078318750867254,0.8765730055673023,1.2643805162737642,0.002771791167507026
test,condition:3,7,True,post-hoc descriptive; fixed predictors and source constants; no source-estimation uncertainty,False,2000,20260919,O,O,finite_mean_42_123_456,m_q,brier,0.6140283719451639,0.5413495098216946,0.7546895558704798,0.0015343730800105885
test,condition:3,7,True,post-hoc descriptive; fixed predictors and source constants; no source-estimation uncertainty,False,2000,20260919,O,O,finite_mean_42_123_456,m_q,accuracy,0.4285714285714286,0.2380952380952381,0.5714285714285715,0.0
test,condition:3,7,True,post-hoc descriptive; fixed predictors and source constants; no source-estimation uncertainty,False,2000,20260919,O,O,finite_mean_42_123_456,m_q,macro_f1,0.19999999999999998,0.12222222222222222,0.23456790123456786,0.0
test,condition:3,7,True,post-hoc descriptive; fixed predictors and source constants; no source-estimation uncertainty,False,2000,20260919,O,O,finite_mean_42_123_456,pi_S,ce,1.0153117576684318,0.9162907318741533,1.2133538092569884,0.0
test,condition:3,7,True,post-hoc descriptive; fixed predictors and source constants; no source-estimation uncertainty,False,2000,20260919,O,O,finite_mean_42_123_456,pi_S,brier,0.6171428571428572,0.5599999999999998,0.7314285714285719,0.0
test,condition:3,7,True,post-hoc descriptive; fixed predictors and source constants; no source-estimation uncertainty,False,2000,20260919,O,O,finite_mean_42_123_456,pi_S,accuracy,0.4285714285714286,0.14285714285714285,0.8571428571428572,0.0
test,condition:3,7,True,post-hoc descriptive; fixed predictors and source constants; no source-estimation uncertainty,False,2000,20260919,O,O,finite_mean_42_123_456,pi_S,macro_f1,0.19999999999999998,0.08333333333333333,0.3076923076923077,0.0
test,held_out_source,7,True,post-hoc descriptive; fixed predictors and source constants; no source-estimation uncertainty,False,2000,20260919,p0,p0,fixed/reference,q,ce,1.3194390547230725,1.0528378009188333,1.699840988656856,
test,held_out_source,7,True,post-hoc descriptive; fixed predictors and source constants; no source-estimation uncertainty,False,2000,20260919,p0,p0,fixed/reference,q,brier,0.8714455741593782,0.7326337334694039,1.0258866917689282,
test,held_out_source,7,True,post-hoc descriptive; fixed predictors and source constants; no source-estimation uncertainty,False,2000,20260919,p0,p0,fixed/reference,q,accuracy,0.0,0.0,0.0,
test,held_out_source,7,True,post-hoc descriptive; fixed predictors and source constants; no source-estimation uncertainty,False,2000,20260919,p0,p0,fixed/reference,q,macro_f1,0.0,0.0,0.0,
test,held_out_source,7,True,post-hoc descriptive; fixed predictors and source constants; no source-estimation uncertainty,False,2000,20260919,p0,p0,fixed/reference,m_q,ce,1.0668967707384203,0.7329166975074427,1.7116431809177761,
test,held_out_source,7,True,post-hoc descriptive; fixed predictors and source constants; no source-estimation uncertainty,False,2000,20260919,p0,p0,fixed/reference,m_q,brier,0.6255847489128333,0.4930137390130773,0.8686728558130218,
test,held_out_source,7,True,post-hoc descriptive; fixed predictors and source constants; no source-estimation uncertainty,False,2000,20260919,p0,p0,fixed/reference,m_q,accuracy,0.4285714285714286,0.14285714285714285,0.8571428571428572,
test,held_out_source,7,True,post-hoc descriptive; fixed predictors and source constants; no source-estimation uncertainty,False,2000,20260919,p0,p0,fixed/reference,m_q,macro_f1,0.19999999999999998,0.08333333333333333,0.3076923076923077,
test,held_out_source,7,True,post-hoc descriptive; fixed predictors and source constants; no source-estimation uncertainty,False,2000,20260919,p0,p0,fixed/reference,pi_S,ce,1.0153117576684318,0.9162907318741533,1.2133538092569884,
test,held_out_source,7,True,post-hoc descriptive; fixed predictors and source constants; no source-estimation uncertainty,False,2000,20260919,p0,p0,fixed/reference,pi_S,brier,0.6171428571428572,0.5599999999999998,0.7314285714285719,
test,held_out_source,7,True,post-hoc descriptive; fixed predictors and source constants; no source-estimation uncertainty,False,2000,20260919,p0,p0,fixed/reference,pi_S,accuracy,0.4285714285714286,0.14285714285714285,0.8571428571428572,
test,held_out_source,7,True,post-hoc descriptive; fixed predictors and source constants; no source-estimation uncertainty,False,2000,20260919,p0,p0,fixed/reference,pi_S,macro_f1,0.19999999999999998,0.08333333333333333,0.3076923076923077,
test,held_out_source,7,True,post-hoc descriptive; fixed predictors and source constants; no source-estimation uncertainty,False,2000,20260919,MLP16_seed_42,MLP16,42,q,ce,1.0409714625443434,0.9179649145551082,1.2393075005377743,
test,held_out_source,7,True,post-hoc descriptive; fixed predictors and source constants; no source-estimation uncertainty,False,2000,20260919,MLP16_seed_42,MLP16,42,q,brier,0.6331865017401682,0.5582687738335929,0.7484825136389756,
test,held_out_source,7,True,post-hoc descriptive; fixed predictors and source constants; no source-estimation uncertainty,False,2000,20260919,MLP16_seed_42,MLP16,42,q,accuracy,0.4285714285714286,0.14285714285714285,0.8571428571428572,
test,held_out_source,7,True,post-hoc descriptive; fixed predictors and source constants; no source-estimation uncertainty,False,2000,20260919,MLP16_seed_42,MLP16,42,q,macro_f1,0.19999999999999998,0.08333333333333333,0.3076923076923077,
test,held_out_source,7,True,post-hoc descriptive; fixed predictors and source constants; no source-estimation uncertainty,False,2000,20260919,MLP16_seed_42,MLP16,42,m_q,ce,1.0153681019193534,0.884089560208492,1.2220396882701468,
test,held_out_source,7,True,post-hoc descriptive; fixed predictors and source constants; no source-estimation uncertainty,False,2000,20260919,MLP16_seed_42,MLP16,42,m_q,brier,0.6176780145419644,0.5358743994558288,0.7363542359410449,
test,held_out_source,7,True,post-hoc descriptive; fixed predictors and source constants; no source-estimation uncertainty,False,2000,20260919,MLP16_seed_42,MLP16,42,m_q,accuracy,0.4285714285714286,0.14285714285714285,0.8571428571428572,
test,held_out_source,7,True,post-hoc descriptive; fixed predictors and source constants; no source-estimation uncertainty,False,2000,20260919,MLP16_seed_42,MLP16,42,m_q,macro_f1,0.19999999999999998,0.08333333333333333,0.3076923076923077,
test,held_out_source,7,True,post-hoc descriptive; fixed predictors and source constants; no source-estimation uncertainty,False,2000,20260919,MLP16_seed_42,MLP16,42,pi_S,ce,1.0153117576684318,0.9162907318741533,1.2133538092569884,
test,held_out_source,7,True,post-hoc descriptive; fixed predictors and source constants; no source-estimation uncertainty,False,2000,20260919,MLP16_seed_42,MLP16,42,pi_S,brier,0.6171428571428572,0.5599999999999998,0.7314285714285719,
test,held_out_source,7,True,post-hoc descriptive; fixed predictors and source constants; no source-estimation uncertainty,False,2000,20260919,MLP16_seed_42,MLP16,42,pi_S,accuracy,0.4285714285714286,0.14285714285714285,0.8571428571428572,
test,held_out_source,7,True,post-hoc descriptive; fixed predictors and source constants; no source-estimation uncertainty,False,2000,20260919,MLP16_seed_42,MLP16,42,pi_S,macro_f1,0.19999999999999998,0.08333333333333333,0.3076923076923077,
test,held_out_source,7,True,post-hoc descriptive; fixed predictors and source constants; no source-estimation uncertainty,False,2000,20260919,MLP16_seed_123,MLP16,123,q,ce,1.037910300556729,0.911960505532535,1.2387134089620602,
test,held_out_source,7,True,post-hoc descriptive; fixed predictors and source constants; no source-estimation uncertainty,False,2000,20260919,MLP16_seed_123,MLP16,123,q,brier,0.6308794878418581,0.5593440089001468,0.7472771778490752,
test,held_out_source,7,True,post-hoc descriptive; fixed predictors and source constants; no source-estimation uncertainty,False,2000,20260919,MLP16_seed_123,MLP16,123,q,accuracy,0.3166666666666666,0.030952380952380943,0.6214285714285713,
test,held_out_source,7,True,post-hoc descriptive; fixed predictors and source constants; no source-estimation uncertainty,False,2000,20260919,MLP16_seed_123,MLP16,123,q,macro_f1,0.2274691697480303,0.019674847261054156,0.45714285714285713,
test,held_out_source,7,True,post-hoc descriptive; fixed predictors and source constants; no source-estimation uncertainty,False,2000,20260919,MLP16_seed_123,MLP16,123,m_q,ce,1.0117184971940616,0.8897282516984791,1.2316353994580251,
test,held_out_source,7,True,post-hoc descriptive; fixed predictors and source constants; no source-estimation uncertainty,False,2000,20260919,MLP16_seed_123,MLP16,123,m_q,brier,0.6155574629806678,0.5434915843637558,0.7401540127641022,
test,held_out_source,7,True,post-hoc descriptive; fixed predictors and source constants; no source-estimation uncertainty,False,2000,20260919,MLP16_seed_123,MLP16,123,m_q,accuracy,0.4285714285714286,0.14285714285714285,0.8571428571428572,
test,held_out_source,7,True,post-hoc descriptive; fixed predictors and source constants; no source-estimation uncertainty,False,2000,20260919,MLP16_seed_123,MLP16,123,m_q,macro_f1,0.19999999999999998,0.08333333333333333,0.3076923076923077,
test,held_out_source,7,True,post-hoc descriptive; fixed predictors and source constants; no source-estimation uncertainty,False,2000,20260919,MLP16_seed_123,MLP16,123,pi_S,ce,1.0153117576684318,0.9162907318741533,1.2133538092569884,
test,held_out_source,7,True,post-hoc descriptive; fixed predictors and source constants; no source-estimation uncertainty,False,2000,20260919,MLP16_seed_123,MLP16,123,pi_S,brier,0.6171428571428572,0.5599999999999998,0.7314285714285719,
test,held_out_source,7,True,post-hoc descriptive; fixed predictors and source constants; no source-estimation uncertainty,False,2000,20260919,MLP16_seed_123,MLP16,123,pi_S,accuracy,0.4285714285714286,0.14285714285714285,0.8571428571428572,
test,held_out_source,7,True,post-hoc descriptive; fixed predictors and source constants; no source-estimation uncertainty,False,2000,20260919,MLP16_seed_123,MLP16,123,pi_S,macro_f1,0.19999999999999998,0.08333333333333333,0.3076923076923077,
test,held_out_source,7,True,post-hoc descriptive; fixed predictors and source constants; no source-estimation uncertainty,False,2000,20260919,MLP16_seed_456,MLP16,456,q,ce,1.0434000991751677,0.9240860230230112,1.2333333696637834,
test,held_out_source,7,True,post-hoc descriptive; fixed predictors and source constants; no source-estimation uncertainty,False,2000,20260919,MLP16_seed_456,MLP16,456,q,brier,0.6339449286170336,0.5646765198257555,0.7447184352883065,
test,held_out_source,7,True,post-hoc descriptive; fixed predictors and source constants; no source-estimation uncertainty,False,2000,20260919,MLP16_seed_456,MLP16,456,q,accuracy,0.28571428571428564,0.0,0.5714285714285715,
test,held_out_source,7,True,post-hoc descriptive; fixed predictors and source constants; no source-estimation uncertainty,False,2000,20260919,MLP16_seed_456,MLP16,456,q,macro_f1,0.20634920634920637,0.0,0.45714285714285713,
test,held_out_source,7,True,post-hoc descriptive; fixed predictors and source constants; no source-estimation uncertainty,False,2000,20260919,MLP16_seed_456,MLP16,456,m_q,ce,1.0142830912036238,0.9044808925072453,1.2183065743709214,
test,held_out_source,7,True,post-hoc descriptive; fixed predictors and source constants; no source-estimation uncertainty,False,2000,20260919,MLP16_seed_456,MLP16,456,m_q,brier,0.6166912532838797,0.5518528666588282,0.7338524045823345,
test,held_out_source,7,True,post-hoc descriptive; fixed predictors and source constants; no source-estimation uncertainty,False,2000,20260919,MLP16_seed_456,MLP16,456,m_q,accuracy,0.4285714285714286,0.14285714285714285,0.8571428571428572,
test,held_out_source,7,True,post-hoc descriptive; fixed predictors and source constants; no source-estimation uncertainty,False,2000,20260919,MLP16_seed_456,MLP16,456,m_q,macro_f1,0.19999999999999998,0.08333333333333333,0.3076923076923077,
test,held_out_source,7,True,post-hoc descriptive; fixed predictors and source constants; no source-estimation uncertainty,False,2000,20260919,MLP16_seed_456,MLP16,456,pi_S,ce,1.0153117576684318,0.9162907318741533,1.2133538092569884,
test,held_out_source,7,True,post-hoc descriptive; fixed predictors and source constants; no source-estimation uncertainty,False,2000,20260919,MLP16_seed_456,MLP16,456,pi_S,brier,0.6171428571428572,0.5599999999999998,0.7314285714285719,
test,held_out_source,7,True,post-hoc descriptive; fixed predictors and source constants; no source-estimation uncertainty,False,2000,20260919,MLP16_seed_456,MLP16,456,pi_S,accuracy,0.4285714285714286,0.14285714285714285,0.8571428571428572,
test,held_out_source,7,True,post-hoc descriptive; fixed predictors and source constants; no source-estimation uncertainty,False,2000,20260919,MLP16_seed_456,MLP16,456,pi_S,macro_f1,0.19999999999999998,0.08333333333333333,0.3076923076923077,
test,held_out_source,7,True,post-hoc descriptive; fixed predictors and source constants; no source-estimation uncertainty,False,2000,20260919,O_seed_42,O,42,q,ce,1.1059523133108191,0.9397592909016966,1.3172845598487628,
test,held_out_source,7,True,post-hoc descriptive; fixed predictors and source constants; no source-estimation uncertainty,False,2000,20260919,O_seed_42,O,42,q,brier,0.7050707402322254,0.6081979569916028,0.8257853047344401,
test,held_out_source,7,True,post-hoc descriptive; fixed predictors and source constants; no source-estimation uncertainty,False,2000,20260919,O_seed_42,O,42,q,accuracy,0.2428571428571428,0.028571428571428564,0.519047619047619,
test,held_out_source,7,True,post-hoc descriptive; fixed predictors and source constants; no source-estimation uncertainty,False,2000,20260919,O_seed_42,O,42,q,macro_f1,0.17047542100672675,0.017543859649122803,0.33122084174334165,
test,held_out_source,7,True,post-hoc descriptive; fixed predictors and source constants; no source-estimation uncertainty,False,2000,20260919,O_seed_42,O,42,m_q,ce,1.0069756633963975,0.8638670611374776,1.2664068281710625,
test,held_out_source,7,True,post-hoc descriptive; fixed predictors and source constants; no source-estimation uncertainty,False,2000,20260919,O_seed_42,O,42,m_q,brier,0.6135125113020569,0.531406352644525,0.7554394520215207,
test,held_out_source,7,True,post-hoc descriptive; fixed predictors and source constants; no source-estimation uncertainty,False,2000,20260919,O_seed_42,O,42,m_q,accuracy,0.4285714285714286,0.14285714285714285,0.8571428571428572,
test,held_out_source,7,True,post-hoc descriptive; fixed predictors and source constants; no source-estimation uncertainty,False,2000,20260919,O_seed_42,O,42,m_q,macro_f1,0.19999999999999998,0.08333333333333333,0.3076923076923077,
test,held_out_source,7,True,post-hoc descriptive; fixed predictors and source constants; no source-estimation uncertainty,False,2000,20260919,O_seed_42,O,42,pi_S,ce,1.0153117576684318,0.9162907318741533,1.2133538092569884,
test,held_out_source,7,True,post-hoc descriptive; fixed predictors and source constants; no source-estimation uncertainty,False,2000,20260919,O_seed_42,O,42,pi_S,brier,0.6171428571428572,0.5599999999999998,0.7314285714285719,
test,held_out_source,7,True,post-hoc descriptive; fixed predictors and source constants; no source-estimation uncertainty,False,2000,20260919,O_seed_42,O,42,pi_S,accuracy,0.4285714285714286,0.14285714285714285,0.8571428571428572,
test,held_out_source,7,True,post-hoc descriptive; fixed predictors and source constants; no source-estimation uncertainty,False,2000,20260919,O_seed_42,O,42,pi_S,macro_f1,0.19999999999999998,0.08333333333333333,0.3076923076923077,
test,held_out_source,7,True,post-hoc descriptive; fixed predictors and source constants; no source-estimation uncertainty,False,2000,20260919,O_seed_123,O,123,q,ce,1.0656423124753143,0.9111929121128,1.2741260264919405,
test,held_out_source,7,True,post-hoc descriptive; fixed predictors and source constants; no source-estimation uncertainty,False,2000,20260919,O_seed_123,O,123,q,brier,0.675805390768479,0.5831667164296455,0.7931989543953648,
test,held_out_source,7,True,post-hoc descriptive; fixed predictors and source constants; no source-estimation uncertainty,False,2000,20260919,O_seed_123,O,123,q,accuracy,0.23333333333333336,0.047619047619047616,0.5095238095238096,
test,held_out_source,7,True,post-hoc descriptive; fixed predictors and source constants; no source-estimation uncertainty,False,2000,20260919,O_seed_123,O,123,q,macro_f1,0.15362333400308084,0.027777777777777776,0.2861524321103347,
test,held_out_source,7,True,post-hoc descriptive; fixed predictors and source constants; no source-estimation uncertainty,False,2000,20260919,O_seed_123,O,123,m_q,ce,1.005589212796637,0.861963757296488,1.2794237154751762,
test,held_out_source,7,True,post-hoc descriptive; fixed predictors and source constants; no source-estimation uncertainty,False,2000,20260919,O_seed_123,O,123,m_q,brier,0.6128184069719735,0.533281573864325,0.7606350241716812,
test,held_out_source,7,True,post-hoc descriptive; fixed predictors and source constants; no source-estimation uncertainty,False,2000,20260919,O_seed_123,O,123,m_q,accuracy,0.4285714285714286,0.14285714285714285,0.8571428571428572,
test,held_out_source,7,True,post-hoc descriptive; fixed predictors and source constants; no source-estimation uncertainty,False,2000,20260919,O_seed_123,O,123,m_q,macro_f1,0.19999999999999998,0.08333333333333333,0.3076923076923077,
test,held_out_source,7,True,post-hoc descriptive; fixed predictors and source constants; no source-estimation uncertainty,False,2000,20260919,O_seed_123,O,123,pi_S,ce,1.0153117576684318,0.9162907318741533,1.2133538092569884,
test,held_out_source,7,True,post-hoc descriptive; fixed predictors and source constants; no source-estimation uncertainty,False,2000,20260919,O_seed_123,O,123,pi_S,brier,0.6171428571428572,0.5599999999999998,0.7314285714285719,
test,held_out_source,7,True,post-hoc descriptive; fixed predictors and source constants; no source-estimation uncertainty,False,2000,20260919,O_seed_123,O,123,pi_S,accuracy,0.4285714285714286,0.14285714285714285,0.8571428571428572,
test,held_out_source,7,True,post-hoc descriptive; fixed predictors and source constants; no source-estimation uncertainty,False,2000,20260919,O_seed_123,O,123,pi_S,macro_f1,0.19999999999999998,0.08333333333333333,0.3076923076923077,
test,held_out_source,7,True,post-hoc descriptive; fixed predictors and source constants; no source-estimation uncertainty,False,2000,20260919,O_seed_456,O,456,q,ce,1.0804651933094316,0.9094569050132257,1.2800544624527297,
test,held_out_source,7,True,post-hoc descriptive; fixed predictors and source constants; no source-estimation uncertainty,False,2000,20260919,O_seed_456,O,456,q,brier,0.6763368810845654,0.5667355825982459,0.7982381950113372,
test,held_out_source,7,True,post-hoc descriptive; fixed predictors and source constants; no source-estimation uncertainty,False,2000,20260919,O_seed_456,O,456,q,accuracy,0.3071428571428571,0.026190476190476184,0.6142857142857143,
test,held_out_source,7,True,post-hoc descriptive; fixed predictors and source constants; no source-estimation uncertainty,False,2000,20260919,O_seed_456,O,456,q,macro_f1,0.17575824771478551,0.01964505203209721,0.281463740770824,
test,held_out_source,7,True,post-hoc descriptive; fixed predictors and source constants; no source-estimation uncertainty,False,2000,20260919,O_seed_456,O,456,m_q,ce,1.0109307490671418,0.8636857502030072,1.2473110051750542,
test,held_out_source,7,True,post-hoc descriptive; fixed predictors and source constants; no source-estimation uncertainty,False,2000,20260919,O_seed_456,O,456,m_q,brier,0.6157541975614612,0.5258181773450444,0.7479941914182376,
test,held_out_source,7,True,post-hoc descriptive; fixed predictors and source constants; no source-estimation uncertainty,False,2000,20260919,O_seed_456,O,456,m_q,accuracy,0.42857142857142855,0.14285714285714282,0.8571428571428572,
test,held_out_source,7,True,post-hoc descriptive; fixed predictors and source constants; no source-estimation uncertainty,False,2000,20260919,O_seed_456,O,456,m_q,macro_f1,0.19999999999999998,0.08333333333333331,0.3076923076923077,
test,held_out_source,7,True,post-hoc descriptive; fixed predictors and source constants; no source-estimation uncertainty,False,2000,20260919,O_seed_456,O,456,pi_S,ce,1.0153117576684318,0.9162907318741533,1.2133538092569884,
test,held_out_source,7,True,post-hoc descriptive; fixed predictors and source constants; no source-estimation uncertainty,False,2000,20260919,O_seed_456,O,456,pi_S,brier,0.6171428571428572,0.5599999999999998,0.7314285714285719,
test,held_out_source,7,True,post-hoc descriptive; fixed predictors and source constants; no source-estimation uncertainty,False,2000,20260919,O_seed_456,O,456,pi_S,accuracy,0.4285714285714286,0.14285714285714285,0.8571428571428572,
test,held_out_source,7,True,post-hoc descriptive; fixed predictors and source constants; no source-estimation uncertainty,False,2000,20260919,O_seed_456,O,456,pi_S,macro_f1,0.19999999999999998,0.08333333333333333,0.3076923076923077,
test,held_out_source,7,True,post-hoc descriptive; fixed predictors and source constants; no source-estimation uncertainty,False,2000,20260919,MLP16,MLP16,finite_mean_42_123_456,q,ce,1.0407606207587465,0.9196458918159967,1.2373917932000476,0.0027509658143401766
test,held_out_source,7,True,post-hoc descriptive; fixed predictors and source constants; no source-estimation uncertainty,False,2000,20260919,MLP16,MLP16,finite_mean_42_123_456,q,brier,0.6326703060663533,0.5603170795941037,0.7472895417147177,0.0015965823708083487
test,held_out_source,7,True,post-hoc descriptive; fixed predictors and source constants; no source-estimation uncertainty,False,2000,20260919,MLP16,MLP16,finite_mean_42_123_456,q,accuracy,0.3436507936507936,0.10555555555555556,0.6238095238095239,0.0751541625470483
test,held_out_source,7,True,post-hoc descriptive; fixed predictors and source constants; no source-estimation uncertainty,False,2000,20260919,MLP16,MLP16,finite_mean_42_123_456,q,macro_f1,0.21127279203241223,0.055940998469734105,0.36419753086419754,0.014381241032902142
test,held_out_source,7,True,post-hoc descriptive; fixed predictors and source constants; no source-estimation uncertainty,False,2000,20260919,MLP16,MLP16,finite_mean_42_123_456,m_q,ce,1.0137898967723462,0.8927662348047388,1.2239938873663645,0.0018741222540166718
test,held_out_source,7,True,post-hoc descriptive; fixed predictors and source constants; no source-estimation uncertainty,False,2000,20260919,MLP16,MLP16,finite_mean_42_123_456,m_q,brier,0.6166422436021707,0.5437396168261376,0.7367868844291605,0.0010611249656403408
test,held_out_source,7,True,post-hoc descriptive; fixed predictors and source constants; no source-estimation uncertainty,False,2000,20260919,MLP16,MLP16,finite_mean_42_123_456,m_q,accuracy,0.4285714285714286,0.14285714285714285,0.8571428571428572,0.0
test,held_out_source,7,True,post-hoc descriptive; fixed predictors and source constants; no source-estimation uncertainty,False,2000,20260919,MLP16,MLP16,finite_mean_42_123_456,m_q,macro_f1,0.19999999999999998,0.08333333333333333,0.3076923076923077,0.0
test,held_out_source,7,True,post-hoc descriptive; fixed predictors and source constants; no source-estimation uncertainty,False,2000,20260919,MLP16,MLP16,finite_mean_42_123_456,pi_S,ce,1.0153117576684318,0.9162907318741533,1.2133538092569884,0.0
test,held_out_source,7,True,post-hoc descriptive; fixed predictors and source constants; no source-estimation uncertainty,False,2000,20260919,MLP16,MLP16,finite_mean_42_123_456,pi_S,brier,0.6171428571428572,0.5599999999999998,0.7314285714285719,0.0
test,held_out_source,7,True,post-hoc descriptive; fixed predictors and source constants; no source-estimation uncertainty,False,2000,20260919,MLP16,MLP16,finite_mean_42_123_456,pi_S,accuracy,0.4285714285714286,0.14285714285714285,0.8571428571428572,0.0
test,held_out_source,7,True,post-hoc descriptive; fixed predictors and source constants; no source-estimation uncertainty,False,2000,20260919,MLP16,MLP16,finite_mean_42_123_456,pi_S,macro_f1,0.19999999999999998,0.08333333333333333,0.3076923076923077,0.0
test,held_out_source,7,True,post-hoc descriptive; fixed predictors and source constants; no source-estimation uncertainty,False,2000,20260919,O,O,finite_mean_42_123_456,q,ce,1.0840199396985215,0.926580188059269,1.289046310974081,0.02038875200343714
test,held_out_source,7,True,post-hoc descriptive; fixed predictors and source constants; no source-estimation uncertainty,False,2000,20260919,O,O,finite_mean_42_123_456,q,brier,0.6857376706950898,0.590379826322931,0.802240976052109,0.016745038184035586
test,held_out_source,7,True,post-hoc descriptive; fixed predictors and source constants; no source-estimation uncertainty,False,2000,20260919,O,O,finite_mean_42_123_456,q,accuracy,0.26111111111111107,0.07142857142857144,0.48015873015873006,0.040148063079180105
test,held_out_source,7,True,post-hoc descriptive; fixed predictors and source constants; no source-estimation uncertainty,False,2000,20260919,O,O,finite_mean_42_123_456,q,macro_f1,0.1666190009081977,0.04236723841878274,0.2710713024378351,0.011560388541844385
test,held_out_source,7,True,post-hoc descriptive; fixed predictors and source constants; no source-estimation uncertainty,False,2000,20260919,O,O,finite_mean_42_123_456,m_q,ce,1.0078318750867254,0.8765730055673022,1.2643805162737642,0.002771791167507026
test,held_out_source,7,True,post-hoc descriptive; fixed predictors and source constants; no source-estimation uncertainty,False,2000,20260919,O,O,finite_mean_42_123_456,m_q,brier,0.6140283719451639,0.5413495098216946,0.7546895558704798,0.0015343730800105885
test,held_out_source,7,True,post-hoc descriptive; fixed predictors and source constants; no source-estimation uncertainty,False,2000,20260919,O,O,finite_mean_42_123_456,m_q,accuracy,0.4285714285714286,0.2380952380952381,0.5714285714285715,3.925231146709438e-17
test,held_out_source,7,True,post-hoc descriptive; fixed predictors and source constants; no source-estimation uncertainty,False,2000,20260919,O,O,finite_mean_42_123_456,m_q,macro_f1,0.19999999999999998,0.12222222222222222,0.23456790123456786,0.0
test,held_out_source,7,True,post-hoc descriptive; fixed predictors and source constants; no source-estimation uncertainty,False,2000,20260919,O,O,finite_mean_42_123_456,pi_S,ce,1.0153117576684318,0.9162907318741533,1.2133538092569884,0.0
test,held_out_source,7,True,post-hoc descriptive; fixed predictors and source constants; no source-estimation uncertainty,False,2000,20260919,O,O,finite_mean_42_123_456,pi_S,brier,0.6171428571428572,0.5599999999999998,0.7314285714285719,0.0
test,held_out_source,7,True,post-hoc descriptive; fixed predictors and source constants; no source-estimation uncertainty,False,2000,20260919,O,O,finite_mean_42_123_456,pi_S,accuracy,0.4285714285714286,0.14285714285714285,0.8571428571428572,0.0
test,held_out_source,7,True,post-hoc descriptive; fixed predictors and source constants; no source-estimation uncertainty,False,2000,20260919,O,O,finite_mean_42_123_456,pi_S,macro_f1,0.19999999999999998,0.08333333333333333,0.3076923076923077,0.0
test,unseen,7,True,post-hoc descriptive; fixed predictors and source constants; no source-estimation uncertainty,False,2000,20260919,p0,p0,fixed/reference,q,ce,1.4868029475212097,1.2994763721738545,1.7043814952884404,
test,unseen,7,True,post-hoc descriptive; fixed predictors and source constants; no source-estimation uncertainty,False,2000,20260919,p0,p0,fixed/reference,q,brier,0.9636314669224201,0.8800958684221425,1.0495241440698564,
test,unseen,7,True,post-hoc descriptive; fixed predictors and source constants; no source-estimation uncertainty,False,2000,20260919,p0,p0,fixed/reference,q,accuracy,0.0,0.0,0.0,
test,unseen,7,True,post-hoc descriptive; fixed predictors and source constants; no source-estimation uncertainty,False,2000,20260919,p0,p0,fixed/reference,q,macro_f1,0.0,0.0,0.0,
test,unseen,7,True,post-hoc descriptive; fixed predictors and source constants; no source-estimation uncertainty,False,2000,20260919,p0,p0,fixed/reference,m_q,ce,1.0668967707384203,0.7329166975074427,1.7116431809177761,
test,unseen,7,True,post-hoc descriptive; fixed predictors and source constants; no source-estimation uncertainty,False,2000,20260919,p0,p0,fixed/reference,m_q,brier,0.6255847489128333,0.4930137390130773,0.8686728558130217,
test,unseen,7,True,post-hoc descriptive; fixed predictors and source constants; no source-estimation uncertainty,False,2000,20260919,p0,p0,fixed/reference,m_q,accuracy,0.4285714285714286,0.14285714285714285,0.8571428571428572,
test,unseen,7,True,post-hoc descriptive; fixed predictors and source constants; no source-estimation uncertainty,False,2000,20260919,p0,p0,fixed/reference,m_q,macro_f1,0.19999999999999998,0.08333333333333333,0.3076923076923077,
test,unseen,7,True,post-hoc descriptive; fixed predictors and source constants; no source-estimation uncertainty,False,2000,20260919,p0,p0,fixed/reference,pi_S,ce,1.0153117576684318,0.9162907318741533,1.2133538092569884,
test,unseen,7,True,post-hoc descriptive; fixed predictors and source constants; no source-estimation uncertainty,False,2000,20260919,p0,p0,fixed/reference,pi_S,brier,0.6171428571428572,0.5599999999999998,0.731428571428572,
test,unseen,7,True,post-hoc descriptive; fixed predictors and source constants; no source-estimation uncertainty,False,2000,20260919,p0,p0,fixed/reference,pi_S,accuracy,0.4285714285714286,0.14285714285714285,0.8571428571428572,
test,unseen,7,True,post-hoc descriptive; fixed predictors and source constants; no source-estimation uncertainty,False,2000,20260919,p0,p0,fixed/reference,pi_S,macro_f1,0.19999999999999998,0.08333333333333333,0.3076923076923077,
test,unseen,7,True,post-hoc descriptive; fixed predictors and source constants; no source-estimation uncertainty,False,2000,20260919,MLP16_seed_42,MLP16,42,q,ce,1.0849640905857085,0.9982294352991241,1.248877946367221,
test,unseen,7,True,post-hoc descriptive; fixed predictors and source constants; no source-estimation uncertainty,False,2000,20260919,MLP16_seed_42,MLP16,42,q,brier,0.6553422786636555,0.6041529433669184,0.7518993553299599,
test,unseen,7,True,post-hoc descriptive; fixed predictors and source constants; no source-estimation uncertainty,False,2000,20260919,MLP16_seed_42,MLP16,42,q,accuracy,0.39285714285714285,0.10714285714285714,0.7142857142857144,
test,unseen,7,True,post-hoc descriptive; fixed predictors and source constants; no source-estimation uncertainty,False,2000,20260919,MLP16_seed_42,MLP16,42,q,macro_f1,0.2836482110574726,0.08187134502923975,0.48328872255988087,
test,unseen,7,True,post-hoc descriptive; fixed predictors and source constants; no source-estimation uncertainty,False,2000,20260919,MLP16_seed_42,MLP16,42,m_q,ce,1.0153681019193534,0.8840895602084922,1.2220396882701468,
test,unseen,7,True,post-hoc descriptive; fixed predictors and source constants; no source-estimation uncertainty,False,2000,20260919,MLP16_seed_42,MLP16,42,m_q,brier,0.6176780145419644,0.5358743994558288,0.7363542359410449,
test,unseen,7,True,post-hoc descriptive; fixed predictors and source constants; no source-estimation uncertainty,False,2000,20260919,MLP16_seed_42,MLP16,42,m_q,accuracy,0.4285714285714286,0.14285714285714285,0.8571428571428572,
test,unseen,7,True,post-hoc descriptive; fixed predictors and source constants; no source-estimation uncertainty,False,2000,20260919,MLP16_seed_42,MLP16,42,m_q,macro_f1,0.19999999999999998,0.08333333333333333,0.3076923076923077,
test,unseen,7,True,post-hoc descriptive; fixed predictors and source constants; no source-estimation uncertainty,False,2000,20260919,MLP16_seed_42,MLP16,42,pi_S,ce,1.0153117576684318,0.9162907318741533,1.2133538092569884,
test,unseen,7,True,post-hoc descriptive; fixed predictors and source constants; no source-estimation uncertainty,False,2000,20260919,MLP16_seed_42,MLP16,42,pi_S,brier,0.6171428571428572,0.5599999999999998,0.731428571428572,
test,unseen,7,True,post-hoc descriptive; fixed predictors and source constants; no source-estimation uncertainty,False,2000,20260919,MLP16_seed_42,MLP16,42,pi_S,accuracy,0.4285714285714286,0.14285714285714285,0.8571428571428572,
test,unseen,7,True,post-hoc descriptive; fixed predictors and source constants; no source-estimation uncertainty,False,2000,20260919,MLP16_seed_42,MLP16,42,pi_S,macro_f1,0.19999999999999998,0.08333333333333333,0.3076923076923077,
test,unseen,7,True,post-hoc descriptive; fixed predictors and source constants; no source-estimation uncertainty,False,2000,20260919,MLP16_seed_123,MLP16,123,q,ce,1.0958298678909029,1.0040477539811816,1.2601797832335746,
test,unseen,7,True,post-hoc descriptive; fixed predictors and source constants; no source-estimation uncertainty,False,2000,20260919,MLP16_seed_123,MLP16,123,q,brier,0.6613299311257362,0.6064983539077254,0.7580117972024064,
test,unseen,7,True,post-hoc descriptive; fixed predictors and source constants; no source-estimation uncertainty,False,2000,20260919,MLP16_seed_123,MLP16,123,q,accuracy,0.40714285714285714,0.12142857142857141,0.7714285714285715,
test,unseen,7,True,post-hoc descriptive; fixed predictors and source constants; no source-estimation uncertainty,False,2000,20260919,MLP16_seed_123,MLP16,123,q,macro_f1,0.21468926553672318,0.0827250608272506,0.30303030303030304,
test,unseen,7,True,post-hoc descriptive; fixed predictors and source constants; no source-estimation uncertainty,False,2000,20260919,MLP16_seed_123,MLP16,123,m_q,ce,1.0117184971940616,0.8897282516984791,1.2316353994580251,
test,unseen,7,True,post-hoc descriptive; fixed predictors and source constants; no source-estimation uncertainty,False,2000,20260919,MLP16_seed_123,MLP16,123,m_q,brier,0.6155574629806678,0.5434915843637558,0.7401540127641022,
test,unseen,7,True,post-hoc descriptive; fixed predictors and source constants; no source-estimation uncertainty,False,2000,20260919,MLP16_seed_123,MLP16,123,m_q,accuracy,0.4285714285714286,0.14285714285714285,0.8571428571428572,
test,unseen,7,True,post-hoc descriptive; fixed predictors and source constants; no source-estimation uncertainty,False,2000,20260919,MLP16_seed_123,MLP16,123,m_q,macro_f1,0.19999999999999998,0.08333333333333333,0.3076923076923077,
test,unseen,7,True,post-hoc descriptive; fixed predictors and source constants; no source-estimation uncertainty,False,2000,20260919,MLP16_seed_123,MLP16,123,pi_S,ce,1.0153117576684318,0.9162907318741533,1.2133538092569884,
test,unseen,7,True,post-hoc descriptive; fixed predictors and source constants; no source-estimation uncertainty,False,2000,20260919,MLP16_seed_123,MLP16,123,pi_S,brier,0.6171428571428572,0.5599999999999998,0.731428571428572,
test,unseen,7,True,post-hoc descriptive; fixed predictors and source constants; no source-estimation uncertainty,False,2000,20260919,MLP16_seed_123,MLP16,123,pi_S,accuracy,0.4285714285714286,0.14285714285714285,0.8571428571428572,
test,unseen,7,True,post-hoc descriptive; fixed predictors and source constants; no source-estimation uncertainty,False,2000,20260919,MLP16_seed_123,MLP16,123,pi_S,macro_f1,0.19999999999999998,0.08333333333333333,0.3076923076923077,
test,unseen,7,True,post-hoc descriptive; fixed predictors and source constants; no source-estimation uncertainty,False,2000,20260919,MLP16_seed_456,MLP16,456,q,ce,1.1042059159704618,1.0097454296797514,1.256464954513524,
test,unseen,7,True,post-hoc descriptive; fixed predictors and source constants; no source-estimation uncertainty,False,2000,20260919,MLP16_seed_456,MLP16,456,q,brier,0.6669420616670918,0.6096046927835626,0.7570601029423284,
test,unseen,7,True,post-hoc descriptive; fixed predictors and source constants; no source-estimation uncertainty,False,2000,20260919,MLP16_seed_456,MLP16,456,q,accuracy,0.4142857142857143,0.1285714285714286,0.8,
test,unseen,7,True,post-hoc descriptive; fixed predictors and source constants; no source-estimation uncertainty,False,2000,20260919,MLP16_seed_456,MLP16,456,q,macro_f1,0.21722846441947566,0.08333333333333333,0.30303030303030304,
test,unseen,7,True,post-hoc descriptive; fixed predictors and source constants; no source-estimation uncertainty,False,2000,20260919,MLP16_seed_456,MLP16,456,m_q,ce,1.0142830912036238,0.9044808925072453,1.2183065743709214,
test,unseen,7,True,post-hoc descriptive; fixed predictors and source constants; no source-estimation uncertainty,False,2000,20260919,MLP16_seed_456,MLP16,456,m_q,brier,0.6166912532838797,0.5518528666588282,0.7338524045823345,
test,unseen,7,True,post-hoc descriptive; fixed predictors and source constants; no source-estimation uncertainty,False,2000,20260919,MLP16_seed_456,MLP16,456,m_q,accuracy,0.4285714285714286,0.14285714285714285,0.8571428571428572,
test,unseen,7,True,post-hoc descriptive; fixed predictors and source constants; no source-estimation uncertainty,False,2000,20260919,MLP16_seed_456,MLP16,456,m_q,macro_f1,0.19999999999999998,0.08333333333333333,0.3076923076923077,
test,unseen,7,True,post-hoc descriptive; fixed predictors and source constants; no source-estimation uncertainty,False,2000,20260919,MLP16_seed_456,MLP16,456,pi_S,ce,1.0153117576684318,0.9162907318741533,1.2133538092569884,
test,unseen,7,True,post-hoc descriptive; fixed predictors and source constants; no source-estimation uncertainty,False,2000,20260919,MLP16_seed_456,MLP16,456,pi_S,brier,0.6171428571428572,0.5599999999999998,0.731428571428572,
test,unseen,7,True,post-hoc descriptive; fixed predictors and source constants; no source-estimation uncertainty,False,2000,20260919,MLP16_seed_456,MLP16,456,pi_S,accuracy,0.4285714285714286,0.14285714285714285,0.8571428571428572,
test,unseen,7,True,post-hoc descriptive; fixed predictors and source constants; no source-estimation uncertainty,False,2000,20260919,MLP16_seed_456,MLP16,456,pi_S,macro_f1,0.19999999999999998,0.08333333333333333,0.3076923076923077,
test,unseen,7,True,post-hoc descriptive; fixed predictors and source constants; no source-estimation uncertainty,False,2000,20260919,O_seed_42,O,42,q,ce,1.4065144281302182,1.2139898492555534,1.6364663176557843,
test,unseen,7,True,post-hoc descriptive; fixed predictors and source constants; no source-estimation uncertainty,False,2000,20260919,O_seed_42,O,42,q,brier,0.8602451050045354,0.752871587409565,0.9763370915884789,
test,unseen,7,True,post-hoc descriptive; fixed predictors and source constants; no source-estimation uncertainty,False,2000,20260919,O_seed_42,O,42,q,accuracy,0.057142857142857134,0.0,0.1571428571428571,
test,unseen,7,True,post-hoc descriptive; fixed predictors and source constants; no source-estimation uncertainty,False,2000,20260919,O_seed_42,O,42,q,macro_f1,0.06265389876880982,0.0,0.14885339885339885,
test,unseen,7,True,post-hoc descriptive; fixed predictors and source constants; no source-estimation uncertainty,False,2000,20260919,O_seed_42,O,42,m_q,ce,1.0069756633963975,0.8638670611374776,1.2664068281710625,
test,unseen,7,True,post-hoc descriptive; fixed predictors and source constants; no source-estimation uncertainty,False,2000,20260919,O_seed_42,O,42,m_q,brier,0.6135125113020569,0.531406352644525,0.7554394520215207,
test,unseen,7,True,post-hoc descriptive; fixed predictors and source constants; no source-estimation uncertainty,False,2000,20260919,O_seed_42,O,42,m_q,accuracy,0.4285714285714286,0.14285714285714285,0.8571428571428572,
test,unseen,7,True,post-hoc descriptive; fixed predictors and source constants; no source-estimation uncertainty,False,2000,20260919,O_seed_42,O,42,m_q,macro_f1,0.19999999999999998,0.08333333333333333,0.3076923076923077,
test,unseen,7,True,post-hoc descriptive; fixed predictors and source constants; no source-estimation uncertainty,False,2000,20260919,O_seed_42,O,42,pi_S,ce,1.0153117576684318,0.9162907318741533,1.2133538092569884,
test,unseen,7,True,post-hoc descriptive; fixed predictors and source constants; no source-estimation uncertainty,False,2000,20260919,O_seed_42,O,42,pi_S,brier,0.6171428571428572,0.5599999999999998,0.731428571428572,
test,unseen,7,True,post-hoc descriptive; fixed predictors and source constants; no source-estimation uncertainty,False,2000,20260919,O_seed_42,O,42,pi_S,accuracy,0.4285714285714286,0.14285714285714285,0.8571428571428572,
test,unseen,7,True,post-hoc descriptive; fixed predictors and source constants; no source-estimation uncertainty,False,2000,20260919,O_seed_42,O,42,pi_S,macro_f1,0.19999999999999998,0.08333333333333333,0.3076923076923077,
test,unseen,7,True,post-hoc descriptive; fixed predictors and source constants; no source-estimation uncertainty,False,2000,20260919,O_seed_123,O,123,q,ce,1.3023765095642634,1.171446860049452,1.4411455714170418,
test,unseen,7,True,post-hoc descriptive; fixed predictors and source constants; no source-estimation uncertainty,False,2000,20260919,O_seed_123,O,123,q,brier,0.8005278726329131,0.7158114128262769,0.8851488677810574,
test,unseen,7,True,post-hoc descriptive; fixed predictors and source constants; no source-estimation uncertainty,False,2000,20260919,O_seed_123,O,123,q,accuracy,0.13571428571428573,0.0,0.3928571428571428,
test,unseen,7,True,post-hoc descriptive; fixed predictors and source constants; no source-estimation uncertainty,False,2000,20260919,O_seed_123,O,123,q,macro_f1,0.13020091757633287,0.0,0.27693393302846014,
test,unseen,7,True,post-hoc descriptive; fixed predictors and source constants; no source-estimation uncertainty,False,2000,20260919,O_seed_123,O,123,m_q,ce,1.005589212796637,0.861963757296488,1.2794237154751762,
test,unseen,7,True,post-hoc descriptive; fixed predictors and source constants; no source-estimation uncertainty,False,2000,20260919,O_seed_123,O,123,m_q,brier,0.6128184069719735,0.533281573864325,0.7606350241716812,
test,unseen,7,True,post-hoc descriptive; fixed predictors and source constants; no source-estimation uncertainty,False,2000,20260919,O_seed_123,O,123,m_q,accuracy,0.4285714285714286,0.14285714285714285,0.8571428571428572,
test,unseen,7,True,post-hoc descriptive; fixed predictors and source constants; no source-estimation uncertainty,False,2000,20260919,O_seed_123,O,123,m_q,macro_f1,0.19999999999999998,0.08333333333333333,0.3076923076923077,
test,unseen,7,True,post-hoc descriptive; fixed predictors and source constants; no source-estimation uncertainty,False,2000,20260919,O_seed_123,O,123,pi_S,ce,1.0153117576684318,0.9162907318741533,1.2133538092569884,
test,unseen,7,True,post-hoc descriptive; fixed predictors and source constants; no source-estimation uncertainty,False,2000,20260919,O_seed_123,O,123,pi_S,brier,0.6171428571428572,0.5599999999999998,0.731428571428572,
test,unseen,7,True,post-hoc descriptive; fixed predictors and source constants; no source-estimation uncertainty,False,2000,20260919,O_seed_123,O,123,pi_S,accuracy,0.4285714285714286,0.14285714285714285,0.8571428571428572,
test,unseen,7,True,post-hoc descriptive; fixed predictors and source constants; no source-estimation uncertainty,False,2000,20260919,O_seed_123,O,123,pi_S,macro_f1,0.19999999999999998,0.08333333333333333,0.3076923076923077,
test,unseen,7,True,post-hoc descriptive; fixed predictors and source constants; no source-estimation uncertainty,False,2000,20260919,O_seed_456,O,456,q,ce,1.3003573756132807,1.132918045882668,1.491769298618393,
test,unseen,7,True,post-hoc descriptive; fixed predictors and source constants; no source-estimation uncertainty,False,2000,20260919,O_seed_456,O,456,q,brier,0.791802051967604,0.6914668920330651,0.8975535407041286,
test,unseen,7,True,post-hoc descriptive; fixed predictors and source constants; no source-estimation uncertainty,False,2000,20260919,O_seed_456,O,456,q,accuracy,0.15,0.0,0.4357142857142857,
test,unseen,7,True,post-hoc descriptive; fixed predictors and source constants; no source-estimation uncertainty,False,2000,20260919,O_seed_456,O,456,q,macro_f1,0.14108527131782944,0.0,0.2939915023248354,
test,unseen,7,True,post-hoc descriptive; fixed predictors and source constants; no source-estimation uncertainty,False,2000,20260919,O_seed_456,O,456,m_q,ce,1.0109307490671418,0.8636857502030073,1.2473110051750542,
test,unseen,7,True,post-hoc descriptive; fixed predictors and source constants; no source-estimation uncertainty,False,2000,20260919,O_seed_456,O,456,m_q,brier,0.6157541975614612,0.5258181773450444,0.7479941914182376,
test,unseen,7,True,post-hoc descriptive; fixed predictors and source constants; no source-estimation uncertainty,False,2000,20260919,O_seed_456,O,456,m_q,accuracy,0.4285714285714286,0.14285714285714285,0.8571428571428572,
test,unseen,7,True,post-hoc descriptive; fixed predictors and source constants; no source-estimation uncertainty,False,2000,20260919,O_seed_456,O,456,m_q,macro_f1,0.19999999999999998,0.08333333333333333,0.3076923076923077,
test,unseen,7,True,post-hoc descriptive; fixed predictors and source constants; no source-estimation uncertainty,False,2000,20260919,O_seed_456,O,456,pi_S,ce,1.0153117576684318,0.9162907318741533,1.2133538092569884,
test,unseen,7,True,post-hoc descriptive; fixed predictors and source constants; no source-estimation uncertainty,False,2000,20260919,O_seed_456,O,456,pi_S,brier,0.6171428571428572,0.5599999999999998,0.731428571428572,
test,unseen,7,True,post-hoc descriptive; fixed predictors and source constants; no source-estimation uncertainty,False,2000,20260919,O_seed_456,O,456,pi_S,accuracy,0.4285714285714286,0.14285714285714285,0.8571428571428572,
test,unseen,7,True,post-hoc descriptive; fixed predictors and source constants; no source-estimation uncertainty,False,2000,20260919,O_seed_456,O,456,pi_S,macro_f1,0.19999999999999998,0.08333333333333333,0.3076923076923077,
test,unseen,7,True,post-hoc descriptive; fixed predictors and source constants; no source-estimation uncertainty,False,2000,20260919,MLP16,MLP16,finite_mean_42_123_456,q,ce,1.0949999581490244,1.0050952137155191,1.255407860321658,0.009647721164559146
test,unseen,7,True,post-hoc descriptive; fixed predictors and source constants; no source-estimation uncertainty,False,2000,20260919,MLP16,MLP16,finite_mean_42_123_456,q,brier,0.6612047571521612,0.6073063545816259,0.7558801491077707,0.0058009044833067245
test,unseen,7,True,post-hoc descriptive; fixed predictors and source constants; no source-estimation uncertainty,False,2000,20260919,MLP16,MLP16,finite_mean_42_123_456,q,accuracy,0.4047619047619048,0.16190476190476188,0.6761904761904761,0.010910894511799635
test,unseen,7,True,post-hoc descriptive; fixed predictors and source constants; no source-estimation uncertainty,False,2000,20260919,MLP16,MLP16,finite_mean_42_123_456,q,macro_f1,0.2385219803378905,0.10183080808080809,0.3234739906574576,0.03910107935798271
test,unseen,7,True,post-hoc descriptive; fixed predictors and source constants; no source-estimation uncertainty,False,2000,20260919,MLP16,MLP16,finite_mean_42_123_456,m_q,ce,1.0137898967723462,0.8927662348047388,1.2239938873663645,0.0018741222540166718
test,unseen,7,True,post-hoc descriptive; fixed predictors and source constants; no source-estimation uncertainty,False,2000,20260919,MLP16,MLP16,finite_mean_42_123_456,m_q,brier,0.6166422436021707,0.5437396168261376,0.7367868844291605,0.0010611249656403408
test,unseen,7,True,post-hoc descriptive; fixed predictors and source constants; no source-estimation uncertainty,False,2000,20260919,MLP16,MLP16,finite_mean_42_123_456,m_q,accuracy,0.4285714285714286,0.14285714285714285,0.8571428571428572,0.0
test,unseen,7,True,post-hoc descriptive; fixed predictors and source constants; no source-estimation uncertainty,False,2000,20260919,MLP16,MLP16,finite_mean_42_123_456,m_q,macro_f1,0.19999999999999998,0.08333333333333333,0.3076923076923077,0.0
test,unseen,7,True,post-hoc descriptive; fixed predictors and source constants; no source-estimation uncertainty,False,2000,20260919,MLP16,MLP16,finite_mean_42_123_456,pi_S,ce,1.0153117576684318,0.9162907318741533,1.2133538092569884,0.0
test,unseen,7,True,post-hoc descriptive; fixed predictors and source constants; no source-estimation uncertainty,False,2000,20260919,MLP16,MLP16,finite_mean_42_123_456,pi_S,brier,0.6171428571428572,0.5599999999999998,0.7314285714285719,0.0
test,unseen,7,True,post-hoc descriptive; fixed predictors and source constants; no source-estimation uncertainty,False,2000,20260919,MLP16,MLP16,finite_mean_42_123_456,pi_S,accuracy,0.4285714285714286,0.14285714285714285,0.8571428571428572,0.0
test,unseen,7,True,post-hoc descriptive; fixed predictors and source constants; no source-estimation uncertainty,False,2000,20260919,MLP16,MLP16,finite_mean_42_123_456,pi_S,macro_f1,0.19999999999999998,0.08333333333333333,0.3076923076923077,0.0
test,unseen,7,True,post-hoc descriptive; fixed predictors and source constants; no source-estimation uncertainty,False,2000,20260919,O,O,finite_mean_42_123_456,q,ce,1.3364161044359208,1.1761020536933628,1.5185729314919023,0.06071532314038095
test,unseen,7,True,post-hoc descriptive; fixed predictors and source constants; no source-estimation uncertainty,False,2000,20260919,O,O,finite_mean_42_123_456,q,brier,0.8175250098683509,0.7220549109865105,0.9176858755397252,0.0372530519944914
test,unseen,7,True,post-hoc descriptive; fixed predictors and source constants; no source-estimation uncertainty,False,2000,20260919,O,O,finite_mean_42_123_456,q,accuracy,0.11428571428571428,0.0,0.32857142857142857,0.05
test,unseen,7,True,post-hoc descriptive; fixed predictors and source constants; no source-estimation uncertainty,False,2000,20260919,O,O,finite_mean_42_123_456,q,macro_f1,0.11131336255432404,0.0,0.2401822621257623,0.0424902912559191
test,unseen,7,True,post-hoc descriptive; fixed predictors and source constants; no source-estimation uncertainty,False,2000,20260919,O,O,finite_mean_42_123_456,m_q,ce,1.0078318750867254,0.8765730055673023,1.2643805162737642,0.002771791167507026
test,unseen,7,True,post-hoc descriptive; fixed predictors and source constants; no source-estimation uncertainty,False,2000,20260919,O,O,finite_mean_42_123_456,m_q,brier,0.6140283719451639,0.5413495098216946,0.7546895558704798,0.0015343730800105885
test,unseen,7,True,post-hoc descriptive; fixed predictors and source constants; no source-estimation uncertainty,False,2000,20260919,O,O,finite_mean_42_123_456,m_q,accuracy,0.4285714285714286,0.2380952380952381,0.5714285714285715,0.0
test,unseen,7,True,post-hoc descriptive; fixed predictors and source constants; no source-estimation uncertainty,False,2000,20260919,O,O,finite_mean_42_123_456,m_q,macro_f1,0.19999999999999998,0.12222222222222222,0.23456790123456786,0.0
test,unseen,7,True,post-hoc descriptive; fixed predictors and source constants; no source-estimation uncertainty,False,2000,20260919,O,O,finite_mean_42_123_456,pi_S,ce,1.0153117576684318,0.9162907318741533,1.2133538092569884,0.0
test,unseen,7,True,post-hoc descriptive; fixed predictors and source constants; no source-estimation uncertainty,False,2000,20260919,O,O,finite_mean_42_123_456,pi_S,brier,0.6171428571428572,0.5599999999999998,0.7314285714285719,0.0
test,unseen,7,True,post-hoc descriptive; fixed predictors and source constants; no source-estimation uncertainty,False,2000,20260919,O,O,finite_mean_42_123_456,pi_S,accuracy,0.4285714285714286,0.14285714285714285,0.8571428571428572,0.0
test,unseen,7,True,post-hoc descriptive; fixed predictors and source constants; no source-estimation uncertainty,False,2000,20260919,O,O,finite_mean_42_123_456,pi_S,macro_f1,0.19999999999999998,0.08333333333333333,0.3076923076923077,0.0
