split,scope,groups,post_hoc,interval_scope,source_in_sample,bootstrap_repeats,analysis_seed,name,arm,seed,contrast,metric,value,lower,upper,seed_sd,summary
validation,condition:0,5,True,post-hoc descriptive; fixed predictors and source constants; no source-estimation uncertainty,True,2000,20260919,p0,p0,fixed/reference,Delta_input,ce,-0.3229013892720155,-0.6594698742686251,0.06674601903024688,,fixed_reference
validation,condition:0,5,True,post-hoc descriptive; fixed predictors and source constants; no source-estimation uncertainty,True,2000,20260919,p0,p0,fixed/reference,Delta_input,brier,-0.1459494798410269,-0.3368208148103922,0.11866526550277712,,fixed_reference
validation,condition:0,5,True,post-hoc descriptive; fixed predictors and source constants; no source-estimation uncertainty,True,2000,20260919,p0,p0,fixed/reference,Delta_input,accuracy,0.19999999999999996,-0.4000000000000001,0.8,,fixed_reference
validation,condition:0,5,True,post-hoc descriptive; fixed predictors and source constants; no source-estimation uncertainty,True,2000,20260919,p0,p0,fixed/reference,Delta_input,macro_f1,0.24285714285714283,-0.13888888888888887,0.5555555555555555,,fixed_reference
validation,condition:0,5,True,post-hoc descriptive; fixed predictors and source constants; no source-estimation uncertainty,True,2000,20260919,p0,p0,fixed/reference,Delta_pi,ce,-0.181975504483867,-0.56747596867089,0.2460477943254762,,fixed_reference
validation,condition:0,5,True,post-hoc descriptive; fixed predictors and source constants; no source-estimation uncertainty,True,2000,20260919,p0,p0,fixed/reference,Delta_pi,brier,-0.11174710954815614,-0.3829315822970503,0.1594373632007381,,fixed_reference
validation,condition:0,5,True,post-hoc descriptive; fixed predictors and source constants; no source-estimation uncertainty,True,2000,20260919,p0,p0,fixed/reference,Delta_pi,accuracy,0.19999999999999996,-0.4000000000000001,0.8,,fixed_reference
validation,condition:0,5,True,post-hoc descriptive; fixed predictors and source constants; no source-estimation uncertainty,True,2000,20260919,p0,p0,fixed/reference,Delta_pi,macro_f1,0.24285714285714283,-0.13888888888888887,0.5555555555555555,,fixed_reference
validation,condition:0,5,True,post-hoc descriptive; fixed predictors and source constants; no source-estimation uncertainty,True,2000,20260919,MLP16_seed_42,MLP16,42,Delta_input,ce,-0.031528633503019154,-0.11883012869734977,0.05077571576304063,,individual_seed
validation,condition:0,5,True,post-hoc descriptive; fixed predictors and source constants; no source-estimation uncertainty,True,2000,20260919,MLP16_seed_42,MLP16,42,Delta_input,brier,-0.018842071404455818,-0.07485365418142981,0.032396625283470204,,individual_seed
validation,condition:0,5,True,post-hoc descriptive; fixed predictors and source constants; no source-estimation uncertainty,True,2000,20260919,MLP16_seed_42,MLP16,42,Delta_input,accuracy,0.0,0.0,0.0,,individual_seed
validation,condition:0,5,True,post-hoc descriptive; fixed predictors and source constants; no source-estimation uncertainty,True,2000,20260919,MLP16_seed_42,MLP16,42,Delta_input,macro_f1,0.0,0.0,0.0,,individual_seed
validation,condition:0,5,True,post-hoc descriptive; fixed predictors and source constants; no source-estimation uncertainty,True,2000,20260919,MLP16_seed_42,MLP16,42,Delta_pi,ce,-0.02974638229965021,-0.15913994974254397,0.05636645809109475,,individual_seed
validation,condition:0,5,True,post-hoc descriptive; fixed predictors and source constants; no source-estimation uncertainty,True,2000,20260919,MLP16_seed_42,MLP16,42,Delta_pi,brier,-0.01742881258267559,-0.10082899597066697,0.04076755536903176,,individual_seed
validation,condition:0,5,True,post-hoc descriptive; fixed predictors and source constants; no source-estimation uncertainty,True,2000,20260919,MLP16_seed_42,MLP16,42,Delta_pi,accuracy,0.0,0.0,0.0,,individual_seed
validation,condition:0,5,True,post-hoc descriptive; fixed predictors and source constants; no source-estimation uncertainty,True,2000,20260919,MLP16_seed_42,MLP16,42,Delta_pi,macro_f1,0.0,0.0,0.0,,individual_seed
validation,condition:0,5,True,post-hoc descriptive; fixed predictors and source constants; no source-estimation uncertainty,True,2000,20260919,MLP16_seed_123,MLP16,123,Delta_input,ce,-0.0313038067750242,-0.1118351589877603,0.049162837427290995,,individual_seed
validation,condition:0,5,True,post-hoc descriptive; fixed predictors and source constants; no source-estimation uncertainty,True,2000,20260919,MLP16_seed_123,MLP16,123,Delta_input,brier,-0.014589327982146072,-0.055448488270362264,0.029239169944341725,,individual_seed
validation,condition:0,5,True,post-hoc descriptive; fixed predictors and source constants; no source-estimation uncertainty,True,2000,20260919,MLP16_seed_123,MLP16,123,Delta_input,accuracy,0.20000000000000007,0.0,0.6,,individual_seed
validation,condition:0,5,True,post-hoc descriptive; fixed predictors and source constants; no source-estimation uncertainty,True,2000,20260919,MLP16_seed_123,MLP16,123,Delta_input,macro_f1,0.25396825396825395,0.0,0.44444444444444436,,individual_seed
validation,condition:0,5,True,post-hoc descriptive; fixed predictors and source constants; no source-estimation uncertainty,True,2000,20260919,MLP16_seed_123,MLP16,123,Delta_pi,ce,-0.030522097114312974,-0.12853646850942413,0.04251633399368493,,individual_seed
validation,condition:0,5,True,post-hoc descriptive; fixed predictors and source constants; no source-estimation uncertainty,True,2000,20260919,MLP16_seed_123,MLP16,123,Delta_pi,brier,-0.014112555044791586,-0.07234997587951408,0.023994097224600885,,individual_seed
validation,condition:0,5,True,post-hoc descriptive; fixed predictors and source constants; no source-estimation uncertainty,True,2000,20260919,MLP16_seed_123,MLP16,123,Delta_pi,accuracy,0.20000000000000007,0.0,0.6,,individual_seed
validation,condition:0,5,True,post-hoc descriptive; fixed predictors and source constants; no source-estimation uncertainty,True,2000,20260919,MLP16_seed_123,MLP16,123,Delta_pi,macro_f1,0.25396825396825395,0.0,0.44444444444444436,,individual_seed
validation,condition:0,5,True,post-hoc descriptive; fixed predictors and source constants; no source-estimation uncertainty,True,2000,20260919,MLP16_seed_456,MLP16,456,Delta_input,ce,-0.026722272366578537,-0.10390662622513971,0.05030861171157919,,individual_seed
validation,condition:0,5,True,post-hoc descriptive; fixed predictors and source constants; no source-estimation uncertainty,True,2000,20260919,MLP16_seed_456,MLP16,456,Delta_input,brier,-0.011869081858523645,-0.05249045589097476,0.031153622061924624,,individual_seed
validation,condition:0,5,True,post-hoc descriptive; fixed predictors and source constants; no source-estimation uncertainty,True,2000,20260919,MLP16_seed_456,MLP16,456,Delta_input,accuracy,0.0,-0.6000000000000001,0.5999999999999999,,individual_seed
validation,condition:0,5,True,post-hoc descriptive; fixed predictors and source constants; no source-estimation uncertainty,True,2000,20260919,MLP16_seed_456,MLP16,456,Delta_input,macro_f1,0.10952380952380952,-0.19047619047619047,0.3968253968253968,,individual_seed
validation,condition:0,5,True,post-hoc descriptive; fixed predictors and source constants; no source-estimation uncertainty,True,2000,20260919,MLP16_seed_456,MLP16,456,Delta_pi,ce,-0.026554652515638155,-0.11601503467916296,0.04992477611000812,,individual_seed
validation,condition:0,5,True,post-hoc descriptive; fixed predictors and source constants; no source-estimation uncertainty,True,2000,20260919,MLP16_seed_456,MLP16,456,Delta_pi,brier,-0.011745598314953143,-0.06283183202697717,0.02853549230167507,,individual_seed
validation,condition:0,5,True,post-hoc descriptive; fixed predictors and source constants; no source-estimation uncertainty,True,2000,20260919,MLP16_seed_456,MLP16,456,Delta_pi,accuracy,0.0,-0.6000000000000001,0.5999999999999999,,individual_seed
validation,condition:0,5,True,post-hoc descriptive; fixed predictors and source constants; no source-estimation uncertainty,True,2000,20260919,MLP16_seed_456,MLP16,456,Delta_pi,macro_f1,0.10952380952380952,-0.19047619047619047,0.3968253968253968,,individual_seed
validation,condition:0,5,True,post-hoc descriptive; fixed predictors and source constants; no source-estimation uncertainty,True,2000,20260919,O_seed_42,O,42,Delta_input,ce,-0.1144413735274008,-0.41972768857358855,0.26256121939086285,,individual_seed
validation,condition:0,5,True,post-hoc descriptive; fixed predictors and source constants; no source-estimation uncertainty,True,2000,20260919,O_seed_42,O,42,Delta_input,brier,-0.06402225767070457,-0.28666860665065563,0.21882361175521592,,individual_seed
validation,condition:0,5,True,post-hoc descriptive; fixed predictors and source constants; no source-estimation uncertainty,True,2000,20260919,O_seed_42,O,42,Delta_input,accuracy,0.19999999999999996,-0.4000000000000001,0.8,,individual_seed
validation,condition:0,5,True,post-hoc descriptive; fixed predictors and source constants; no source-estimation uncertainty,True,2000,20260919,O_seed_42,O,42,Delta_input,macro_f1,0.24285714285714283,-0.13888888888888887,0.5555555555555555,,individual_seed
validation,condition:0,5,True,post-hoc descriptive; fixed predictors and source constants; no source-estimation uncertainty,True,2000,20260919,O_seed_42,O,42,Delta_pi,ce,-0.11049964516221333,-0.4282861120885493,0.26160171613390704,,individual_seed
validation,condition:0,5,True,post-hoc descriptive; fixed predictors and source constants; no source-estimation uncertainty,True,2000,20260919,O_seed_42,O,42,Delta_pi,brier,-0.06212435822475515,-0.2951705496159861,0.20406311150839507,,individual_seed
validation,condition:0,5,True,post-hoc descriptive; fixed predictors and source constants; no source-estimation uncertainty,True,2000,20260919,O_seed_42,O,42,Delta_pi,accuracy,0.19999999999999996,-0.4000000000000001,0.8,,individual_seed
validation,condition:0,5,True,post-hoc descriptive; fixed predictors and source constants; no source-estimation uncertainty,True,2000,20260919,O_seed_42,O,42,Delta_pi,macro_f1,0.24285714285714283,-0.13888888888888887,0.5555555555555555,,individual_seed
validation,condition:0,5,True,post-hoc descriptive; fixed predictors and source constants; no source-estimation uncertainty,True,2000,20260919,O_seed_123,O,123,Delta_input,ce,-0.12004315839989377,-0.3661071741141727,0.1885589229505733,,individual_seed
validation,condition:0,5,True,post-hoc descriptive; fixed predictors and source constants; no source-estimation uncertainty,True,2000,20260919,O_seed_123,O,123,Delta_input,brier,-0.06436645592282042,-0.2289212342079346,0.13766325082610886,,individual_seed
validation,condition:0,5,True,post-hoc descriptive; fixed predictors and source constants; no source-estimation uncertainty,True,2000,20260919,O_seed_123,O,123,Delta_input,accuracy,0.19999999999999996,-0.4000000000000001,0.8,,individual_seed
validation,condition:0,5,True,post-hoc descriptive; fixed predictors and source constants; no source-estimation uncertainty,True,2000,20260919,O_seed_123,O,123,Delta_input,macro_f1,0.24285714285714283,-0.13888888888888887,0.5555555555555555,,individual_seed
validation,condition:0,5,True,post-hoc descriptive; fixed predictors and source constants; no source-estimation uncertainty,True,2000,20260919,O_seed_123,O,123,Delta_pi,ce,-0.11460721305369193,-0.3537107650906297,0.15507247492964527,,individual_seed
validation,condition:0,5,True,post-hoc descriptive; fixed predictors and source constants; no source-estimation uncertainty,True,2000,20260919,O_seed_123,O,123,Delta_pi,brier,-0.061984725510905614,-0.23563176811940278,0.13201216556352102,,individual_seed
validation,condition:0,5,True,post-hoc descriptive; fixed predictors and source constants; no source-estimation uncertainty,True,2000,20260919,O_seed_123,O,123,Delta_pi,accuracy,0.19999999999999996,-0.4000000000000001,0.8,,individual_seed
validation,condition:0,5,True,post-hoc descriptive; fixed predictors and source constants; no source-estimation uncertainty,True,2000,20260919,O_seed_123,O,123,Delta_pi,macro_f1,0.24285714285714283,-0.13888888888888887,0.5555555555555555,,individual_seed
validation,condition:0,5,True,post-hoc descriptive; fixed predictors and source constants; no source-estimation uncertainty,True,2000,20260919,O_seed_456,O,456,Delta_input,ce,-0.11255325145201611,-0.3646674452294487,0.19417493608934033,,individual_seed
validation,condition:0,5,True,post-hoc descriptive; fixed predictors and source constants; no source-estimation uncertainty,True,2000,20260919,O_seed_456,O,456,Delta_input,brier,-0.07083807319597524,-0.24578147621776342,0.13920596700510401,,individual_seed
validation,condition:0,5,True,post-hoc descriptive; fixed predictors and source constants; no source-estimation uncertainty,True,2000,20260919,O_seed_456,O,456,Delta_input,accuracy,0.2,0.0,0.6000000000000001,,individual_seed
validation,condition:0,5,True,post-hoc descriptive; fixed predictors and source constants; no source-estimation uncertainty,True,2000,20260919,O_seed_456,O,456,Delta_input,macro_f1,0.24285714285714283,0.0,0.47619047619047616,,individual_seed
validation,condition:0,5,True,post-hoc descriptive; fixed predictors and source constants; no source-estimation uncertainty,True,2000,20260919,O_seed_456,O,456,Delta_pi,ce,-0.10926661914943503,-0.3613595227867814,0.2161615379184032,,individual_seed
validation,condition:0,5,True,post-hoc descriptive; fixed predictors and source constants; no source-estimation uncertainty,True,2000,20260919,O_seed_456,O,456,Delta_pi,brier,-0.06863587686315886,-0.254346915854361,0.15527666025004627,,individual_seed
validation,condition:0,5,True,post-hoc descriptive; fixed predictors and source constants; no source-estimation uncertainty,True,2000,20260919,O_seed_456,O,456,Delta_pi,accuracy,0.19999999999999996,-0.4000000000000001,0.8,,individual_seed
validation,condition:0,5,True,post-hoc descriptive; fixed predictors and source constants; no source-estimation uncertainty,True,2000,20260919,O_seed_456,O,456,Delta_pi,macro_f1,0.24285714285714283,-0.13888888888888887,0.5555555555555555,,individual_seed
validation,condition:0,5,True,post-hoc descriptive; fixed predictors and source constants; no source-estimation uncertainty,True,2000,20260919,MLP16,MLP16,finite_mean_42_123_456,Delta_input,ce,-0.02985157088154063,-0.10780378628561554,0.048424882221591505,0.0027123824695667836,finite_seed_mean
validation,condition:0,5,True,post-hoc descriptive; fixed predictors and source constants; no source-estimation uncertainty,True,2000,20260919,MLP16,MLP16,finite_mean_42_123_456,Delta_input,brier,-0.015100160415041844,-0.06073667990947749,0.028572483051351183,0.0035144499047210084,finite_seed_mean
validation,condition:0,5,True,post-hoc descriptive; fixed predictors and source constants; no source-estimation uncertainty,True,2000,20260919,MLP16,MLP16,finite_mean_42_123_456,Delta_input,accuracy,0.0666666666666667,-0.20000000000000004,0.3999999999999999,0.11547005383792519,finite_seed_mean
validation,condition:0,5,True,post-hoc descriptive; fixed predictors and source constants; no source-estimation uncertainty,True,2000,20260919,MLP16,MLP16,finite_mean_42_123_456,Delta_input,macro_f1,0.12116402116402115,-0.06349206349206349,0.26455026455026454,0.12738363082120313,finite_seed_mean
validation,condition:0,5,True,post-hoc descriptive; fixed predictors and source constants; no source-estimation uncertainty,True,2000,20260919,MLP16,MLP16,finite_mean_42_123_456,Delta_pi,ce,-0.02894104397653378,-0.135762680732795,0.04764721130624879,0.002102755697150405,finite_seed_mean
validation,condition:0,5,True,post-hoc descriptive; fixed predictors and source constants; no source-estimation uncertainty,True,2000,20260919,MLP16,MLP16,finite_mean_42_123_456,Delta_pi,brier,-0.01442898864747344,-0.08075289976397333,0.02818428591000277,0.0028547904952711785,finite_seed_mean
validation,condition:0,5,True,post-hoc descriptive; fixed predictors and source constants; no source-estimation uncertainty,True,2000,20260919,MLP16,MLP16,finite_mean_42_123_456,Delta_pi,accuracy,0.0666666666666667,-0.20000000000000004,0.3999999999999999,0.11547005383792519,finite_seed_mean
validation,condition:0,5,True,post-hoc descriptive; fixed predictors and source constants; no source-estimation uncertainty,True,2000,20260919,MLP16,MLP16,finite_mean_42_123_456,Delta_pi,macro_f1,0.12116402116402115,-0.06349206349206349,0.26455026455026454,0.12738363082120313,finite_seed_mean
validation,condition:0,5,True,post-hoc descriptive; fixed predictors and source constants; no source-estimation uncertainty,True,2000,20260919,O,O,finite_mean_42_123_456,Delta_input,ce,-0.1156792611264369,-0.3791323983893469,0.200982248332035,0.00389537556634171,finite_seed_mean
validation,condition:0,5,True,post-hoc descriptive; fixed predictors and source constants; no source-estimation uncertainty,True,2000,20260919,O,O,finite_mean_42_123_456,Delta_input,brier,-0.06640892892983341,-0.25379043902545123,0.1687030975837949,0.0038396103066473644,finite_seed_mean
validation,condition:0,5,True,post-hoc descriptive; fixed predictors and source constants; no source-estimation uncertainty,True,2000,20260919,O,O,finite_mean_42_123_456,Delta_input,accuracy,0.19999999999999996,-0.2666666666666667,0.6,3.925231146709438e-17,finite_seed_mean
validation,condition:0,5,True,post-hoc descriptive; fixed predictors and source constants; no source-estimation uncertainty,True,2000,20260919,O,O,finite_mean_42_123_456,Delta_input,macro_f1,0.2428571428571428,-0.07046296296296296,0.4938271604938271,3.3993498887762956e-17,finite_seed_mean
validation,condition:0,5,True,post-hoc descriptive; fixed predictors and source constants; no source-estimation uncertainty,True,2000,20260919,O,O,finite_mean_42_123_456,Delta_pi,ce,-0.11145782578844676,-0.36853006235121516,0.21094524299398518,0.0027962597155688695,finite_seed_mean
validation,condition:0,5,True,post-hoc descriptive; fixed predictors and source constants; no source-estimation uncertainty,True,2000,20260919,O,O,finite_mean_42_123_456,Delta_pi,brier,-0.06424832019960654,-0.24943811147846717,0.16218632318615692,0.0038003768800746623,finite_seed_mean
validation,condition:0,5,True,post-hoc descriptive; fixed predictors and source constants; no source-estimation uncertainty,True,2000,20260919,O,O,finite_mean_42_123_456,Delta_pi,accuracy,0.19999999999999996,-0.4000000000000001,0.8000000000000002,0.0,finite_seed_mean
validation,condition:0,5,True,post-hoc descriptive; fixed predictors and source constants; no source-estimation uncertainty,True,2000,20260919,O,O,finite_mean_42_123_456,Delta_pi,macro_f1,0.2428571428571428,-0.13888888888888887,0.5555555555555555,3.3993498887762956e-17,finite_seed_mean
validation,condition:2,5,True,post-hoc descriptive; fixed predictors and source constants; no source-estimation uncertainty,True,2000,20260919,p0,p0,fixed/reference,Delta_input,ce,-0.30855833035806934,-0.67015492445812,0.10124501283678898,,fixed_reference
validation,condition:2,5,True,post-hoc descriptive; fixed predictors and source constants; no source-estimation uncertainty,True,2000,20260919,p0,p0,fixed/reference,Delta_input,brier,-0.13299687067537003,-0.3364961600211636,0.14454481174921105,,fixed_reference
validation,condition:2,5,True,post-hoc descriptive; fixed predictors and source constants; no source-estimation uncertainty,True,2000,20260919,p0,p0,fixed/reference,Delta_input,accuracy,0.19999999999999996,-0.4000000000000001,0.8,,fixed_reference
validation,condition:2,5,True,post-hoc descriptive; fixed predictors and source constants; no source-estimation uncertainty,True,2000,20260919,p0,p0,fixed/reference,Delta_input,macro_f1,0.24285714285714283,-0.13888888888888887,0.5555555555555555,,fixed_reference
validation,condition:2,5,True,post-hoc descriptive; fixed predictors and source constants; no source-estimation uncertainty,True,2000,20260919,p0,p0,fixed/reference,Delta_pi,ce,-0.16763244556992085,-0.5560306359053109,0.24357147033346238,,fixed_reference
validation,condition:2,5,True,post-hoc descriptive; fixed predictors and source constants; no source-estimation uncertainty,True,2000,20260919,p0,p0,fixed/reference,Delta_pi,brier,-0.09879450038249926,-0.37262160678406503,0.17503260601906678,,fixed_reference
validation,condition:2,5,True,post-hoc descriptive; fixed predictors and source constants; no source-estimation uncertainty,True,2000,20260919,p0,p0,fixed/reference,Delta_pi,accuracy,0.19999999999999996,-0.4000000000000001,0.8,,fixed_reference
validation,condition:2,5,True,post-hoc descriptive; fixed predictors and source constants; no source-estimation uncertainty,True,2000,20260919,p0,p0,fixed/reference,Delta_pi,macro_f1,0.24285714285714283,-0.13888888888888887,0.5555555555555555,,fixed_reference
validation,condition:2,5,True,post-hoc descriptive; fixed predictors and source constants; no source-estimation uncertainty,True,2000,20260919,MLP16_seed_42,MLP16,42,Delta_input,ce,-0.03105656888872299,-0.11795370200616638,0.055098064432182126,,individual_seed
validation,condition:2,5,True,post-hoc descriptive; fixed predictors and source constants; no source-estimation uncertainty,True,2000,20260919,MLP16_seed_42,MLP16,42,Delta_input,brier,-0.01679227498850333,-0.07269405843489996,0.03658262955411118,,individual_seed
validation,condition:2,5,True,post-hoc descriptive; fixed predictors and source constants; no source-estimation uncertainty,True,2000,20260919,MLP16_seed_42,MLP16,42,Delta_input,accuracy,0.0,0.0,0.0,,individual_seed
validation,condition:2,5,True,post-hoc descriptive; fixed predictors and source constants; no source-estimation uncertainty,True,2000,20260919,MLP16_seed_42,MLP16,42,Delta_input,macro_f1,0.0,0.0,0.0,,individual_seed
validation,condition:2,5,True,post-hoc descriptive; fixed predictors and source constants; no source-estimation uncertainty,True,2000,20260919,MLP16_seed_42,MLP16,42,Delta_pi,ce,-0.029274317685354045,-0.1592307246363046,0.05571073559852968,,individual_seed
validation,condition:2,5,True,post-hoc descriptive; fixed predictors and source constants; no source-estimation uncertainty,True,2000,20260919,MLP16_seed_42,MLP16,42,Delta_pi,brier,-0.015379016166723103,-0.0990909696652626,0.043917282504022936,,individual_seed
validation,condition:2,5,True,post-hoc descriptive; fixed predictors and source constants; no source-estimation uncertainty,True,2000,20260919,MLP16_seed_42,MLP16,42,Delta_pi,accuracy,0.0,0.0,0.0,,individual_seed
validation,condition:2,5,True,post-hoc descriptive; fixed predictors and source constants; no source-estimation uncertainty,True,2000,20260919,MLP16_seed_42,MLP16,42,Delta_pi,macro_f1,0.0,0.0,0.0,,individual_seed
validation,condition:2,5,True,post-hoc descriptive; fixed predictors and source constants; no source-estimation uncertainty,True,2000,20260919,MLP16_seed_123,MLP16,123,Delta_input,ce,-0.03242192702811031,-0.11530200055028383,0.05045814649406333,,individual_seed
validation,condition:2,5,True,post-hoc descriptive; fixed predictors and source constants; no source-estimation uncertainty,True,2000,20260919,MLP16_seed_123,MLP16,123,Delta_input,brier,-0.01381203171991241,-0.056024800090373805,0.03241255888293404,,individual_seed
validation,condition:2,5,True,post-hoc descriptive; fixed predictors and source constants; no source-estimation uncertainty,True,2000,20260919,MLP16_seed_123,MLP16,123,Delta_input,accuracy,0.0,-0.6000000000000001,0.5999999999999999,,individual_seed
validation,condition:2,5,True,post-hoc descriptive; fixed predictors and source constants; no source-estimation uncertainty,True,2000,20260919,MLP16_seed_123,MLP16,123,Delta_input,macro_f1,0.10952380952380952,-0.19047619047619047,0.3968253968253968,,individual_seed
validation,condition:2,5,True,post-hoc descriptive; fixed predictors and source constants; no source-estimation uncertainty,True,2000,20260919,MLP16_seed_123,MLP16,123,Delta_pi,ce,-0.03164021736739908,-0.12628368145583901,0.04246745580078315,,individual_seed
validation,condition:2,5,True,post-hoc descriptive; fixed predictors and source constants; no source-estimation uncertainty,True,2000,20260919,MLP16_seed_123,MLP16,123,Delta_pi,brier,-0.013335258782557924,-0.07095630794606278,0.026161430973394406,,individual_seed
validation,condition:2,5,True,post-hoc descriptive; fixed predictors and source constants; no source-estimation uncertainty,True,2000,20260919,MLP16_seed_123,MLP16,123,Delta_pi,accuracy,0.0,-0.6000000000000001,0.5999999999999999,,individual_seed
validation,condition:2,5,True,post-hoc descriptive; fixed predictors and source constants; no source-estimation uncertainty,True,2000,20260919,MLP16_seed_123,MLP16,123,Delta_pi,macro_f1,0.10952380952380952,-0.19047619047619047,0.3968253968253968,,individual_seed
validation,condition:2,5,True,post-hoc descriptive; fixed predictors and source constants; no source-estimation uncertainty,True,2000,20260919,MLP16_seed_456,MLP16,456,Delta_input,ce,-0.027993816465432753,-0.10790989899697491,0.054793871786166015,,individual_seed
validation,condition:2,5,True,post-hoc descriptive; fixed predictors and source constants; no source-estimation uncertainty,True,2000,20260919,MLP16_seed_456,MLP16,456,Delta_input,brier,-0.011370211835563193,-0.0525410845447182,0.03383515557308858,,individual_seed
validation,condition:2,5,True,post-hoc descriptive; fixed predictors and source constants; no source-estimation uncertainty,True,2000,20260919,MLP16_seed_456,MLP16,456,Delta_input,accuracy,0.0,-0.6000000000000001,0.5999999999999999,,individual_seed
validation,condition:2,5,True,post-hoc descriptive; fixed predictors and source constants; no source-estimation uncertainty,True,2000,20260919,MLP16_seed_456,MLP16,456,Delta_input,macro_f1,0.10952380952380952,-0.19047619047619047,0.3968253968253968,,individual_seed
validation,condition:2,5,True,post-hoc descriptive; fixed predictors and source constants; no source-estimation uncertainty,True,2000,20260919,MLP16_seed_456,MLP16,456,Delta_pi,ce,-0.02782619661449237,-0.1136160638848102,0.05148362592156186,,individual_seed
validation,condition:2,5,True,post-hoc descriptive; fixed predictors and source constants; no source-estimation uncertainty,True,2000,20260919,MLP16_seed_456,MLP16,456,Delta_pi,brier,-0.011246728291992691,-0.06136980884955656,0.030732407733202627,,individual_seed
validation,condition:2,5,True,post-hoc descriptive; fixed predictors and source constants; no source-estimation uncertainty,True,2000,20260919,MLP16_seed_456,MLP16,456,Delta_pi,accuracy,0.0,-0.6000000000000001,0.5999999999999999,,individual_seed
validation,condition:2,5,True,post-hoc descriptive; fixed predictors and source constants; no source-estimation uncertainty,True,2000,20260919,MLP16_seed_456,MLP16,456,Delta_pi,macro_f1,0.10952380952380952,-0.19047619047619047,0.3968253968253968,,individual_seed
validation,condition:2,5,True,post-hoc descriptive; fixed predictors and source constants; no source-estimation uncertainty,True,2000,20260919,O_seed_42,O,42,Delta_input,ce,-0.10397085714375276,-0.4119991017806427,0.27588730460070954,,individual_seed
validation,condition:2,5,True,post-hoc descriptive; fixed predictors and source constants; no source-estimation uncertainty,True,2000,20260919,O_seed_42,O,42,Delta_input,brier,-0.058176007737539503,-0.28242977318492185,0.2142353847949945,,individual_seed
validation,condition:2,5,True,post-hoc descriptive; fixed predictors and source constants; no source-estimation uncertainty,True,2000,20260919,O_seed_42,O,42,Delta_input,accuracy,0.19999999999999996,-0.4000000000000001,0.8,,individual_seed
validation,condition:2,5,True,post-hoc descriptive; fixed predictors and source constants; no source-estimation uncertainty,True,2000,20260919,O_seed_42,O,42,Delta_input,macro_f1,0.24285714285714283,-0.13888888888888887,0.5555555555555555,,individual_seed
validation,condition:2,5,True,post-hoc descriptive; fixed predictors and source constants; no source-estimation uncertainty,True,2000,20260919,O_seed_42,O,42,Delta_pi,ce,-0.10002912877856529,-0.4205575252956034,0.26572588190729873,,individual_seed
validation,condition:2,5,True,post-hoc descriptive; fixed predictors and source constants; no source-estimation uncertainty,True,2000,20260919,O_seed_42,O,42,Delta_pi,brier,-0.05627810829159008,-0.2909317161502523,0.203828169286975,,individual_seed
validation,condition:2,5,True,post-hoc descriptive; fixed predictors and source constants; no source-estimation uncertainty,True,2000,20260919,O_seed_42,O,42,Delta_pi,accuracy,0.19999999999999996,-0.4000000000000001,0.8,,individual_seed
validation,condition:2,5,True,post-hoc descriptive; fixed predictors and source constants; no source-estimation uncertainty,True,2000,20260919,O_seed_42,O,42,Delta_pi,macro_f1,0.24285714285714283,-0.13888888888888887,0.5555555555555555,,individual_seed
validation,condition:2,5,True,post-hoc descriptive; fixed predictors and source constants; no source-estimation uncertainty,True,2000,20260919,O_seed_123,O,123,Delta_input,ce,-0.11686074586494155,-0.35799439636847885,0.18195720607454335,,individual_seed
validation,condition:2,5,True,post-hoc descriptive; fixed predictors and source constants; no source-estimation uncertainty,True,2000,20260919,O_seed_123,O,123,Delta_input,brier,-0.0638784710932293,-0.2257377986080233,0.13096114073590814,,individual_seed
validation,condition:2,5,True,post-hoc descriptive; fixed predictors and source constants; no source-estimation uncertainty,True,2000,20260919,O_seed_123,O,123,Delta_input,accuracy,0.19999999999999996,-0.4000000000000001,0.8,,individual_seed
validation,condition:2,5,True,post-hoc descriptive; fixed predictors and source constants; no source-estimation uncertainty,True,2000,20260919,O_seed_123,O,123,Delta_input,macro_f1,0.24285714285714283,-0.13888888888888887,0.5555555555555555,,individual_seed
validation,condition:2,5,True,post-hoc descriptive; fixed predictors and source constants; no source-estimation uncertainty,True,2000,20260919,O_seed_123,O,123,Delta_pi,ce,-0.11142480051873971,-0.35127453056984315,0.14759591445620313,,individual_seed
validation,condition:2,5,True,post-hoc descriptive; fixed predictors and source constants; no source-estimation uncertainty,True,2000,20260919,O_seed_123,O,123,Delta_pi,brier,-0.0614967406813145,-0.2286385040287261,0.12001963610312905,,individual_seed
validation,condition:2,5,True,post-hoc descriptive; fixed predictors and source constants; no source-estimation uncertainty,True,2000,20260919,O_seed_123,O,123,Delta_pi,accuracy,0.19999999999999996,-0.4000000000000001,0.8,,individual_seed
validation,condition:2,5,True,post-hoc descriptive; fixed predictors and source constants; no source-estimation uncertainty,True,2000,20260919,O_seed_123,O,123,Delta_pi,macro_f1,0.24285714285714283,-0.13888888888888887,0.5555555555555555,,individual_seed
validation,condition:2,5,True,post-hoc descriptive; fixed predictors and source constants; no source-estimation uncertainty,True,2000,20260919,O_seed_456,O,456,Delta_input,ce,-0.10918502829151089,-0.3554454509087075,0.19191900965911501,,individual_seed
validation,condition:2,5,True,post-hoc descriptive; fixed predictors and source constants; no source-estimation uncertainty,True,2000,20260919,O_seed_456,O,456,Delta_input,brier,-0.07015358048347309,-0.24117866177536407,0.13536966159733832,,individual_seed
validation,condition:2,5,True,post-hoc descriptive; fixed predictors and source constants; no source-estimation uncertainty,True,2000,20260919,O_seed_456,O,456,Delta_input,accuracy,0.2,0.0,0.6000000000000001,,individual_seed
validation,condition:2,5,True,post-hoc descriptive; fixed predictors and source constants; no source-estimation uncertainty,True,2000,20260919,O_seed_456,O,456,Delta_input,macro_f1,0.24285714285714283,0.0,0.47619047619047616,,individual_seed
validation,condition:2,5,True,post-hoc descriptive; fixed predictors and source constants; no source-estimation uncertainty,True,2000,20260919,O_seed_456,O,456,Delta_pi,ce,-0.1058983959889298,-0.3596906837791656,0.21367029264862802,,individual_seed
validation,condition:2,5,True,post-hoc descriptive; fixed predictors and source constants; no source-estimation uncertainty,True,2000,20260919,O_seed_456,O,456,Delta_pi,brier,-0.06795138415065671,-0.2494057781979787,0.1489063010147077,,individual_seed
validation,condition:2,5,True,post-hoc descriptive; fixed predictors and source constants; no source-estimation uncertainty,True,2000,20260919,O_seed_456,O,456,Delta_pi,accuracy,0.19999999999999996,-0.4000000000000001,0.8,,individual_seed
validation,condition:2,5,True,post-hoc descriptive; fixed predictors and source constants; no source-estimation uncertainty,True,2000,20260919,O_seed_456,O,456,Delta_pi,macro_f1,0.24285714285714283,-0.13888888888888887,0.5555555555555555,,individual_seed
validation,condition:2,5,True,post-hoc descriptive; fixed predictors and source constants; no source-estimation uncertainty,True,2000,20260919,MLP16,MLP16,finite_mean_42_123_456,Delta_input,ce,-0.030490770794088684,-0.11084221739338825,0.053315749494604235,0.002267627924008477,finite_seed_mean
validation,condition:2,5,True,post-hoc descriptive; fixed predictors and source constants; no source-estimation uncertainty,True,2000,20260919,MLP16,MLP16,finite_mean_42_123_456,Delta_input,brier,-0.01399150618132631,-0.05975884400955797,0.03177645587649203,0.0027154834781936425,finite_seed_mean
validation,condition:2,5,True,post-hoc descriptive; fixed predictors and source constants; no source-estimation uncertainty,True,2000,20260919,MLP16,MLP16,finite_mean_42_123_456,Delta_input,accuracy,0.0,-0.4000000000000001,0.3999999999999999,0.0,finite_seed_mean
validation,condition:2,5,True,post-hoc descriptive; fixed predictors and source constants; no source-estimation uncertainty,True,2000,20260919,MLP16,MLP16,finite_mean_42_123_456,Delta_input,macro_f1,0.07301587301587302,-0.12698412698412698,0.26455026455026454,0.06323360091124473,finite_seed_mean
validation,condition:2,5,True,post-hoc descriptive; fixed predictors and source constants; no source-estimation uncertainty,True,2000,20260919,MLP16,MLP16,finite_mean_42_123_456,Delta_pi,ce,-0.02958024388908183,-0.1332874706025803,0.049522869440868145,0.0019253263898612722,finite_seed_mean
validation,condition:2,5,True,post-hoc descriptive; fixed predictors and source constants; no source-estimation uncertainty,True,2000,20260919,MLP16,MLP16,finite_mean_42_123_456,Delta_pi,brier,-0.013320334413757906,-0.07943099891109877,0.03077286103635805,0.002066184363143583,finite_seed_mean
validation,condition:2,5,True,post-hoc descriptive; fixed predictors and source constants; no source-estimation uncertainty,True,2000,20260919,MLP16,MLP16,finite_mean_42_123_456,Delta_pi,accuracy,0.0,-0.4000000000000001,0.3999999999999999,0.0,finite_seed_mean
validation,condition:2,5,True,post-hoc descriptive; fixed predictors and source constants; no source-estimation uncertainty,True,2000,20260919,MLP16,MLP16,finite_mean_42_123_456,Delta_pi,macro_f1,0.07301587301587302,-0.12698412698412698,0.26455026455026454,0.06323360091124473,finite_seed_mean
validation,condition:2,5,True,post-hoc descriptive; fixed predictors and source constants; no source-estimation uncertainty,True,2000,20260919,O,O,finite_mean_42_123_456,Delta_input,ce,-0.11000554376673506,-0.3658457239693081,0.1973000748415108,0.006483998923887115,finite_seed_mean
validation,condition:2,5,True,post-hoc descriptive; fixed predictors and source constants; no source-estimation uncertainty,True,2000,20260919,O,O,finite_mean_42_123_456,Delta_input,brier,-0.0640693531047473,-0.24978207785610307,0.16430755859340462,0.0059910674489421015,finite_seed_mean
validation,condition:2,5,True,post-hoc descriptive; fixed predictors and source constants; no source-estimation uncertainty,True,2000,20260919,O,O,finite_mean_42_123_456,Delta_input,accuracy,0.19999999999999996,-0.2666666666666667,0.6,3.925231146709438e-17,finite_seed_mean
validation,condition:2,5,True,post-hoc descriptive; fixed predictors and source constants; no source-estimation uncertainty,True,2000,20260919,O,O,finite_mean_42_123_456,Delta_input,macro_f1,0.2428571428571428,-0.07046296296296296,0.4938271604938271,3.3993498887762956e-17,finite_seed_mean
validation,condition:2,5,True,post-hoc descriptive; fixed predictors and source constants; no source-estimation uncertainty,True,2000,20260919,O,O,finite_mean_42_123_456,Delta_pi,ce,-0.10578410842874493,-0.35969406377632235,0.20899736300404329,0.005698695450474803,finite_seed_mean
validation,condition:2,5,True,post-hoc descriptive; fixed predictors and source constants; no source-estimation uncertainty,True,2000,20260919,O,O,finite_mean_42_123_456,Delta_pi,brier,-0.06190874437452043,-0.24542975030911904,0.1575749867042675,0.005847533890699434,finite_seed_mean
validation,condition:2,5,True,post-hoc descriptive; fixed predictors and source constants; no source-estimation uncertainty,True,2000,20260919,O,O,finite_mean_42_123_456,Delta_pi,accuracy,0.19999999999999996,-0.4000000000000001,0.8000000000000002,0.0,finite_seed_mean
validation,condition:2,5,True,post-hoc descriptive; fixed predictors and source constants; no source-estimation uncertainty,True,2000,20260919,O,O,finite_mean_42_123_456,Delta_pi,macro_f1,0.2428571428571428,-0.13888888888888887,0.5555555555555555,3.3993498887762956e-17,finite_seed_mean
validation,condition:3,5,True,post-hoc descriptive; fixed predictors and source constants; no source-estimation uncertainty,True,2000,20260919,p0,p0,fixed/reference,Delta_input,ce,-0.3204540976221376,-0.738045683297237,0.15946609794839942,,fixed_reference
validation,condition:3,5,True,post-hoc descriptive; fixed predictors and source constants; no source-estimation uncertainty,True,2000,20260919,p0,p0,fixed/reference,Delta_input,brier,-0.14053361146054089,-0.3485320306198098,0.1702857530160864,,fixed_reference
validation,condition:3,5,True,post-hoc descriptive; fixed predictors and source constants; no source-estimation uncertainty,True,2000,20260919,p0,p0,fixed/reference,Delta_input,accuracy,0.19999999999999996,-0.4000000000000001,0.8,,fixed_reference
validation,condition:3,5,True,post-hoc descriptive; fixed predictors and source constants; no source-estimation uncertainty,True,2000,20260919,p0,p0,fixed/reference,Delta_input,macro_f1,0.24285714285714283,-0.13888888888888887,0.5555555555555555,,fixed_reference
validation,condition:3,5,True,post-hoc descriptive; fixed predictors and source constants; no source-estimation uncertainty,True,2000,20260919,p0,p0,fixed/reference,Delta_pi,ce,-0.17952821283398912,-0.5662897852033827,0.20723335953540456,,fixed_reference
validation,condition:3,5,True,post-hoc descriptive; fixed predictors and source constants; no source-estimation uncertainty,True,2000,20260919,p0,p0,fixed/reference,Delta_pi,brier,-0.10633124116767012,-0.38674707075964876,0.18141961823570185,,fixed_reference
validation,condition:3,5,True,post-hoc descriptive; fixed predictors and source constants; no source-estimation uncertainty,True,2000,20260919,p0,p0,fixed/reference,Delta_pi,accuracy,0.19999999999999996,-0.4000000000000001,0.8,,fixed_reference
validation,condition:3,5,True,post-hoc descriptive; fixed predictors and source constants; no source-estimation uncertainty,True,2000,20260919,p0,p0,fixed/reference,Delta_pi,macro_f1,0.24285714285714283,-0.13888888888888887,0.5555555555555555,,fixed_reference
validation,condition:3,5,True,post-hoc descriptive; fixed predictors and source constants; no source-estimation uncertainty,True,2000,20260919,MLP16_seed_42,MLP16,42,Delta_input,ce,-0.021896396247445882,-0.10460494454730952,0.0683243728534172,,individual_seed
validation,condition:3,5,True,post-hoc descriptive; fixed predictors and source constants; no source-estimation uncertainty,True,2000,20260919,MLP16_seed_42,MLP16,42,Delta_input,brier,-0.013560763533524645,-0.06699621790777749,0.04342125285191611,,individual_seed
validation,condition:3,5,True,post-hoc descriptive; fixed predictors and source constants; no source-estimation uncertainty,True,2000,20260919,MLP16_seed_42,MLP16,42,Delta_input,accuracy,0.0,0.0,0.0,,individual_seed
validation,condition:3,5,True,post-hoc descriptive; fixed predictors and source constants; no source-estimation uncertainty,True,2000,20260919,MLP16_seed_42,MLP16,42,Delta_input,macro_f1,0.0,0.0,0.0,,individual_seed
validation,condition:3,5,True,post-hoc descriptive; fixed predictors and source constants; no source-estimation uncertainty,True,2000,20260919,MLP16_seed_42,MLP16,42,Delta_pi,ce,-0.020114145044076936,-0.1457753009235745,0.06803107306654721,,individual_seed
validation,condition:3,5,True,post-hoc descriptive; fixed predictors and source constants; no source-estimation uncertainty,True,2000,20260919,MLP16_seed_42,MLP16,42,Delta_pi,brier,-0.012147504711744417,-0.09280224920534674,0.044359621709531116,,individual_seed
validation,condition:3,5,True,post-hoc descriptive; fixed predictors and source constants; no source-estimation uncertainty,True,2000,20260919,MLP16_seed_42,MLP16,42,Delta_pi,accuracy,0.0,0.0,0.0,,individual_seed
validation,condition:3,5,True,post-hoc descriptive; fixed predictors and source constants; no source-estimation uncertainty,True,2000,20260919,MLP16_seed_42,MLP16,42,Delta_pi,macro_f1,0.0,0.0,0.0,,individual_seed
validation,condition:3,5,True,post-hoc descriptive; fixed predictors and source constants; no source-estimation uncertainty,True,2000,20260919,MLP16_seed_123,MLP16,123,Delta_input,ce,-0.021204099827220935,-0.10962957551862207,0.06722137586418064,,individual_seed
validation,condition:3,5,True,post-hoc descriptive; fixed predictors and source constants; no source-estimation uncertainty,True,2000,20260919,MLP16_seed_123,MLP16,123,Delta_input,brier,-0.009416494875189474,-0.054781075431350246,0.040603157231736256,,individual_seed
validation,condition:3,5,True,post-hoc descriptive; fixed predictors and source constants; no source-estimation uncertainty,True,2000,20260919,MLP16_seed_123,MLP16,123,Delta_input,accuracy,0.0,-0.6000000000000001,0.5999999999999999,,individual_seed
validation,condition:3,5,True,post-hoc descriptive; fixed predictors and source constants; no source-estimation uncertainty,True,2000,20260919,MLP16_seed_123,MLP16,123,Delta_input,macro_f1,0.10952380952380952,-0.19047619047619047,0.3968253968253968,,individual_seed
validation,condition:3,5,True,post-hoc descriptive; fixed predictors and source constants; no source-estimation uncertainty,True,2000,20260919,MLP16_seed_123,MLP16,123,Delta_pi,ce,-0.020422390166509707,-0.11424766517041984,0.058305527421787184,,individual_seed
validation,condition:3,5,True,post-hoc descriptive; fixed predictors and source constants; no source-estimation uncertainty,True,2000,20260919,MLP16_seed_123,MLP16,123,Delta_pi,brier,-0.008939721937834988,-0.064132698497955,0.0337654888416794,,individual_seed
validation,condition:3,5,True,post-hoc descriptive; fixed predictors and source constants; no source-estimation uncertainty,True,2000,20260919,MLP16_seed_123,MLP16,123,Delta_pi,accuracy,0.0,-0.6000000000000001,0.5999999999999999,,individual_seed
validation,condition:3,5,True,post-hoc descriptive; fixed predictors and source constants; no source-estimation uncertainty,True,2000,20260919,MLP16_seed_123,MLP16,123,Delta_pi,macro_f1,0.10952380952380952,-0.19047619047619047,0.3968253968253968,,individual_seed
validation,condition:3,5,True,post-hoc descriptive; fixed predictors and source constants; no source-estimation uncertainty,True,2000,20260919,MLP16_seed_456,MLP16,456,Delta_input,ce,-0.01567424568563247,-0.10182053782672496,0.07224648346203744,,individual_seed
validation,condition:3,5,True,post-hoc descriptive; fixed predictors and source constants; no source-estimation uncertainty,True,2000,20260919,MLP16_seed_456,MLP16,456,Delta_input,brier,-0.006041655121526435,-0.05099674906494189,0.04284832708817899,,individual_seed
validation,condition:3,5,True,post-hoc descriptive; fixed predictors and source constants; no source-estimation uncertainty,True,2000,20260919,MLP16_seed_456,MLP16,456,Delta_input,accuracy,0.0,-0.6000000000000001,0.5999999999999999,,individual_seed
validation,condition:3,5,True,post-hoc descriptive; fixed predictors and source constants; no source-estimation uncertainty,True,2000,20260919,MLP16_seed_456,MLP16,456,Delta_input,macro_f1,0.10952380952380952,-0.19047619047619047,0.3968253968253968,,individual_seed
validation,condition:3,5,True,post-hoc descriptive; fixed predictors and source constants; no source-estimation uncertainty,True,2000,20260919,MLP16_seed_456,MLP16,456,Delta_pi,ce,-0.01550662583469209,-0.1015207554083812,0.07008821085388939,,individual_seed
validation,condition:3,5,True,post-hoc descriptive; fixed predictors and source constants; no source-estimation uncertainty,True,2000,20260919,MLP16_seed_456,MLP16,456,Delta_pi,brier,-0.005918171577955933,-0.054739594474786706,0.04224669607769471,,individual_seed
validation,condition:3,5,True,post-hoc descriptive; fixed predictors and source constants; no source-estimation uncertainty,True,2000,20260919,MLP16_seed_456,MLP16,456,Delta_pi,accuracy,0.0,-0.6000000000000001,0.5999999999999999,,individual_seed
validation,condition:3,5,True,post-hoc descriptive; fixed predictors and source constants; no source-estimation uncertainty,True,2000,20260919,MLP16_seed_456,MLP16,456,Delta_pi,macro_f1,0.10952380952380952,-0.19047619047619047,0.3968253968253968,,individual_seed
validation,condition:3,5,True,post-hoc descriptive; fixed predictors and source constants; no source-estimation uncertainty,True,2000,20260919,O_seed_42,O,42,Delta_input,ce,-0.11302587266301423,-0.3933984541449478,0.2818015855504572,,individual_seed
validation,condition:3,5,True,post-hoc descriptive; fixed predictors and source constants; no source-estimation uncertainty,True,2000,20260919,O_seed_42,O,42,Delta_input,brier,-0.07394554188665248,-0.26024133973291647,0.1881396479869456,,individual_seed
validation,condition:3,5,True,post-hoc descriptive; fixed predictors and source constants; no source-estimation uncertainty,True,2000,20260919,O_seed_42,O,42,Delta_input,accuracy,0.19999999999999996,-0.4000000000000001,0.8,,individual_seed
validation,condition:3,5,True,post-hoc descriptive; fixed predictors and source constants; no source-estimation uncertainty,True,2000,20260919,O_seed_42,O,42,Delta_input,macro_f1,0.24285714285714283,-0.13888888888888887,0.5555555555555555,,individual_seed
validation,condition:3,5,True,post-hoc descriptive; fixed predictors and source constants; no source-estimation uncertainty,True,2000,20260919,O_seed_42,O,42,Delta_pi,ce,-0.10908414429782676,-0.3894567257797601,0.26356379941399366,,individual_seed
validation,condition:3,5,True,post-hoc descriptive; fixed predictors and source constants; no source-estimation uncertainty,True,2000,20260919,O_seed_42,O,42,Delta_pi,brier,-0.07204764244070305,-0.26209253517367176,0.16799104614859117,,individual_seed
validation,condition:3,5,True,post-hoc descriptive; fixed predictors and source constants; no source-estimation uncertainty,True,2000,20260919,O_seed_42,O,42,Delta_pi,accuracy,0.19999999999999996,-0.4000000000000001,0.8,,individual_seed
validation,condition:3,5,True,post-hoc descriptive; fixed predictors and source constants; no source-estimation uncertainty,True,2000,20260919,O_seed_42,O,42,Delta_pi,macro_f1,0.24285714285714283,-0.13888888888888887,0.5555555555555555,,individual_seed
validation,condition:3,5,True,post-hoc descriptive; fixed predictors and source constants; no source-estimation uncertainty,True,2000,20260919,O_seed_123,O,123,Delta_input,ce,-0.11561731563790034,-0.3468560877241842,0.1824230012617507,,individual_seed
validation,condition:3,5,True,post-hoc descriptive; fixed predictors and source constants; no source-estimation uncertainty,True,2000,20260919,O_seed_123,O,123,Delta_input,brier,-0.06628237516401969,-0.20583465789274863,0.12366373247696671,,individual_seed
validation,condition:3,5,True,post-hoc descriptive; fixed predictors and source constants; no source-estimation uncertainty,True,2000,20260919,O_seed_123,O,123,Delta_input,accuracy,0.19999999999999996,-0.4000000000000001,0.8,,individual_seed
validation,condition:3,5,True,post-hoc descriptive; fixed predictors and source constants; no source-estimation uncertainty,True,2000,20260919,O_seed_123,O,123,Delta_input,macro_f1,0.24285714285714283,-0.13888888888888887,0.5555555555555555,,individual_seed
validation,condition:3,5,True,post-hoc descriptive; fixed predictors and source constants; no source-estimation uncertainty,True,2000,20260919,O_seed_123,O,123,Delta_pi,ce,-0.1101813702916985,-0.32660413480161454,0.14648974314625507,,individual_seed
validation,condition:3,5,True,post-hoc descriptive; fixed predictors and source constants; no source-estimation uncertainty,True,2000,20260919,O_seed_123,O,123,Delta_pi,brier,-0.06390064475210488,-0.2034529274808336,0.10022741642709643,,individual_seed
validation,condition:3,5,True,post-hoc descriptive; fixed predictors and source constants; no source-estimation uncertainty,True,2000,20260919,O_seed_123,O,123,Delta_pi,accuracy,0.19999999999999996,-0.4000000000000001,0.8,,individual_seed
validation,condition:3,5,True,post-hoc descriptive; fixed predictors and source constants; no source-estimation uncertainty,True,2000,20260919,O_seed_123,O,123,Delta_pi,macro_f1,0.24285714285714283,-0.13888888888888887,0.5555555555555555,,individual_seed
validation,condition:3,5,True,post-hoc descriptive; fixed predictors and source constants; no source-estimation uncertainty,True,2000,20260919,O_seed_456,O,456,Delta_input,ce,-0.10324685371594367,-0.3348447347350588,0.2057456644463188,,individual_seed
validation,condition:3,5,True,post-hoc descriptive; fixed predictors and source constants; no source-estimation uncertainty,True,2000,20260919,O_seed_456,O,456,Delta_input,brier,-0.06779582788905492,-0.21807176798227346,0.12112584852018582,,individual_seed
validation,condition:3,5,True,post-hoc descriptive; fixed predictors and source constants; no source-estimation uncertainty,True,2000,20260919,O_seed_456,O,456,Delta_input,accuracy,0.2,0.0,0.6000000000000001,,individual_seed
validation,condition:3,5,True,post-hoc descriptive; fixed predictors and source constants; no source-estimation uncertainty,True,2000,20260919,O_seed_456,O,456,Delta_input,macro_f1,0.24285714285714283,0.0,0.47619047619047616,,individual_seed
validation,condition:3,5,True,post-hoc descriptive; fixed predictors and source constants; no source-estimation uncertainty,True,2000,20260919,O_seed_456,O,456,Delta_pi,ce,-0.09996022141336258,-0.33155810243247774,0.22287237271960048,,individual_seed
validation,condition:3,5,True,post-hoc descriptive; fixed predictors and source constants; no source-estimation uncertainty,True,2000,20260919,O_seed_456,O,456,Delta_pi,brier,-0.06559363155623854,-0.22217008537723626,0.14410248175649898,,individual_seed
validation,condition:3,5,True,post-hoc descriptive; fixed predictors and source constants; no source-estimation uncertainty,True,2000,20260919,O_seed_456,O,456,Delta_pi,accuracy,0.19999999999999996,-0.4000000000000001,0.8,,individual_seed
validation,condition:3,5,True,post-hoc descriptive; fixed predictors and source constants; no source-estimation uncertainty,True,2000,20260919,O_seed_456,O,456,Delta_pi,macro_f1,0.24285714285714283,-0.13888888888888887,0.5555555555555555,,individual_seed
validation,condition:3,5,True,post-hoc descriptive; fixed predictors and source constants; no source-estimation uncertainty,True,2000,20260919,MLP16,MLP16,finite_mean_42_123_456,Delta_input,ce,-0.019591580586766428,-0.10485050826447036,0.07074134535039127,0.0034101250899484198,finite_seed_mean
validation,condition:3,5,True,post-hoc descriptive; fixed predictors and source constants; no source-estimation uncertainty,True,2000,20260919,MLP16,MLP16,finite_mean_42_123_456,Delta_input,brier,-0.00967297117674685,-0.05486074042675938,0.04095186746148218,0.0037661097830242515,finite_seed_mean
validation,condition:3,5,True,post-hoc descriptive; fixed predictors and source constants; no source-estimation uncertainty,True,2000,20260919,MLP16,MLP16,finite_mean_42_123_456,Delta_input,accuracy,0.0,-0.4000000000000001,0.3999999999999999,0.0,finite_seed_mean
validation,condition:3,5,True,post-hoc descriptive; fixed predictors and source constants; no source-estimation uncertainty,True,2000,20260919,MLP16,MLP16,finite_mean_42_123_456,Delta_input,macro_f1,0.07301587301587302,-0.12698412698412698,0.26455026455026454,0.06323360091124473,finite_seed_mean
validation,condition:3,5,True,post-hoc descriptive; fixed predictors and source constants; no source-estimation uncertainty,True,2000,20260919,MLP16,MLP16,finite_mean_42_123_456,Delta_pi,ce,-0.01868105368175958,-0.12045303827880671,0.0654749371140746,0.0027534519935989523,finite_seed_mean
validation,condition:3,5,True,post-hoc descriptive; fixed predictors and source constants; no source-estimation uncertainty,True,2000,20260919,MLP16,MLP16,finite_mean_42_123_456,Delta_pi,brier,-0.009001799409178446,-0.07187955913801274,0.03803129333910782,0.003115130500037689,finite_seed_mean
validation,condition:3,5,True,post-hoc descriptive; fixed predictors and source constants; no source-estimation uncertainty,True,2000,20260919,MLP16,MLP16,finite_mean_42_123_456,Delta_pi,accuracy,0.0,-0.4000000000000001,0.3999999999999999,0.0,finite_seed_mean
validation,condition:3,5,True,post-hoc descriptive; fixed predictors and source constants; no source-estimation uncertainty,True,2000,20260919,MLP16,MLP16,finite_mean_42_123_456,Delta_pi,macro_f1,0.07301587301587302,-0.12698412698412698,0.26455026455026454,0.06323360091124473,finite_seed_mean
validation,condition:3,5,True,post-hoc descriptive; fixed predictors and source constants; no source-estimation uncertainty,True,2000,20260919,O,O,finite_mean_42_123_456,Delta_input,ce,-0.1106300140056194,-0.35597584526686776,0.22664856466926786,0.0065239701156815,finite_seed_mean
validation,condition:3,5,True,post-hoc descriptive; fixed predictors and source constants; no source-estimation uncertainty,True,2000,20260919,O,O,finite_mean_42_123_456,Delta_input,brier,-0.06934124831324236,-0.22740736900419956,0.14046065986555056,0.00405860496603678,finite_seed_mean
validation,condition:3,5,True,post-hoc descriptive; fixed predictors and source constants; no source-estimation uncertainty,True,2000,20260919,O,O,finite_mean_42_123_456,Delta_input,accuracy,0.19999999999999996,-0.2666666666666667,0.6,3.925231146709438e-17,finite_seed_mean
validation,condition:3,5,True,post-hoc descriptive; fixed predictors and source constants; no source-estimation uncertainty,True,2000,20260919,O,O,finite_mean_42_123_456,Delta_input,macro_f1,0.2428571428571428,-0.07046296296296296,0.4938271604938271,3.3993498887762956e-17,finite_seed_mean
validation,condition:3,5,True,post-hoc descriptive; fixed predictors and source constants; no source-estimation uncertainty,True,2000,20260919,O,O,finite_mean_42_123_456,Delta_pi,ce,-0.10640857866762927,-0.34920632100461746,0.2092242866287178,0.005611324235810778,finite_seed_mean
validation,condition:3,5,True,post-hoc descriptive; fixed predictors and source constants; no source-estimation uncertainty,True,2000,20260919,O,O,finite_mean_42_123_456,Delta_pi,brier,-0.0671806395830155,-0.2308594371176793,0.13321954224437157,0.00429910905796734,finite_seed_mean
validation,condition:3,5,True,post-hoc descriptive; fixed predictors and source constants; no source-estimation uncertainty,True,2000,20260919,O,O,finite_mean_42_123_456,Delta_pi,accuracy,0.19999999999999996,-0.4000000000000001,0.8000000000000002,0.0,finite_seed_mean
validation,condition:3,5,True,post-hoc descriptive; fixed predictors and source constants; no source-estimation uncertainty,True,2000,20260919,O,O,finite_mean_42_123_456,Delta_pi,macro_f1,0.2428571428571428,-0.13888888888888887,0.5555555555555555,3.3993498887762956e-17,finite_seed_mean
validation,source_selection,5,True,post-hoc descriptive; fixed predictors and source constants; no source-estimation uncertainty,True,2000,20260919,p0,p0,fixed/reference,Delta_input,ce,-0.3173046057507408,-0.6921531736511526,0.10915237660514512,,fixed_reference
validation,source_selection,5,True,post-hoc descriptive; fixed predictors and source constants; no source-estimation uncertainty,True,2000,20260919,p0,p0,fixed/reference,Delta_input,brier,-0.13982665399231253,-0.3406163351504551,0.14449861008935821,,fixed_reference
validation,source_selection,5,True,post-hoc descriptive; fixed predictors and source constants; no source-estimation uncertainty,True,2000,20260919,p0,p0,fixed/reference,Delta_input,accuracy,0.1999999999999999,-0.4000000000000001,0.8000000000000002,,fixed_reference
validation,source_selection,5,True,post-hoc descriptive; fixed predictors and source constants; no source-estimation uncertainty,True,2000,20260919,p0,p0,fixed/reference,Delta_input,macro_f1,0.24285714285714283,-0.13888888888888887,0.5555555555555555,,fixed_reference
validation,source_selection,5,True,post-hoc descriptive; fixed predictors and source constants; no source-estimation uncertainty,True,2000,20260919,p0,p0,fixed/reference,Delta_pi,ce,-0.17637872096259233,-0.5632654632598613,0.22715266158513758,,fixed_reference
validation,source_selection,5,True,post-hoc descriptive; fixed predictors and source constants; no source-estimation uncertainty,True,2000,20260919,p0,p0,fixed/reference,Delta_pi,brier,-0.10562428369944188,-0.38076675328025467,0.16951818588137124,,fixed_reference
validation,source_selection,5,True,post-hoc descriptive; fixed predictors and source constants; no source-estimation uncertainty,True,2000,20260919,p0,p0,fixed/reference,Delta_pi,accuracy,0.1999999999999999,-0.4000000000000001,0.8000000000000002,,fixed_reference
validation,source_selection,5,True,post-hoc descriptive; fixed predictors and source constants; no source-estimation uncertainty,True,2000,20260919,p0,p0,fixed/reference,Delta_pi,macro_f1,0.24285714285714283,-0.13888888888888887,0.5555555555555555,,fixed_reference
validation,source_selection,5,True,post-hoc descriptive; fixed predictors and source constants; no source-estimation uncertainty,True,2000,20260919,MLP16_seed_42,MLP16,42,Delta_input,ce,-0.028160532879729194,-0.11381619658909745,0.057950846741237516,,individual_seed
validation,source_selection,5,True,post-hoc descriptive; fixed predictors and source constants; no source-estimation uncertainty,True,2000,20260919,MLP16_seed_42,MLP16,42,Delta_input,brier,-0.016398369975494598,-0.07151464350803577,0.0374466181840829,,individual_seed
validation,source_selection,5,True,post-hoc descriptive; fixed predictors and source constants; no source-estimation uncertainty,True,2000,20260919,MLP16_seed_42,MLP16,42,Delta_input,accuracy,0.0,0.0,0.0,,individual_seed
validation,source_selection,5,True,post-hoc descriptive; fixed predictors and source constants; no source-estimation uncertainty,True,2000,20260919,MLP16_seed_42,MLP16,42,Delta_input,macro_f1,0.0,0.0,0.0,,individual_seed
validation,source_selection,5,True,post-hoc descriptive; fixed predictors and source constants; no source-estimation uncertainty,True,2000,20260919,MLP16_seed_42,MLP16,42,Delta_pi,ce,-0.02637828167636025,-0.155467941824186,0.05879865035708203,,individual_seed
validation,source_selection,5,True,post-hoc descriptive; fixed predictors and source constants; no source-estimation uncertainty,True,2000,20260919,MLP16_seed_42,MLP16,42,Delta_pi,brier,-0.01498511115371437,-0.09646279549057468,0.043014819860861975,,individual_seed
validation,source_selection,5,True,post-hoc descriptive; fixed predictors and source constants; no source-estimation uncertainty,True,2000,20260919,MLP16_seed_42,MLP16,42,Delta_pi,accuracy,0.0,0.0,0.0,,individual_seed
validation,source_selection,5,True,post-hoc descriptive; fixed predictors and source constants; no source-estimation uncertainty,True,2000,20260919,MLP16_seed_42,MLP16,42,Delta_pi,macro_f1,0.0,0.0,0.0,,individual_seed
validation,source_selection,5,True,post-hoc descriptive; fixed predictors and source constants; no source-estimation uncertainty,True,2000,20260919,MLP16_seed_123,MLP16,123,Delta_input,ce,-0.028309944543451815,-0.11223400901541503,0.05561411992851151,,individual_seed
validation,source_selection,5,True,post-hoc descriptive; fixed predictors and source constants; no source-estimation uncertainty,True,2000,20260919,MLP16_seed_123,MLP16,123,Delta_input,brier,-0.012605951525749282,-0.05540371399057742,0.034470817645769314,,individual_seed
validation,source_selection,5,True,post-hoc descriptive; fixed predictors and source constants; no source-estimation uncertainty,True,2000,20260919,MLP16_seed_123,MLP16,123,Delta_input,accuracy,0.06666666666666654,-0.4,0.5999999999999999,,individual_seed
validation,source_selection,5,True,post-hoc descriptive; fixed predictors and source constants; no source-estimation uncertainty,True,2000,20260919,MLP16_seed_123,MLP16,123,Delta_input,macro_f1,0.15767195767195769,-0.12698412698412698,0.3968253968253968,,individual_seed
validation,source_selection,5,True,post-hoc descriptive; fixed predictors and source constants; no source-estimation uncertainty,True,2000,20260919,MLP16_seed_123,MLP16,123,Delta_pi,ce,-0.027528234882740588,-0.12302260504522766,0.04669827148611816,,individual_seed
validation,source_selection,5,True,post-hoc descriptive; fixed predictors and source constants; no source-estimation uncertainty,True,2000,20260919,MLP16_seed_123,MLP16,123,Delta_pi,brier,-0.012129178588394796,-0.06914632744117732,0.02797367234655823,,individual_seed
validation,source_selection,5,True,post-hoc descriptive; fixed predictors and source constants; no source-estimation uncertainty,True,2000,20260919,MLP16_seed_123,MLP16,123,Delta_pi,accuracy,0.06666666666666654,-0.4,0.5999999999999999,,individual_seed
validation,source_selection,5,True,post-hoc descriptive; fixed predictors and source constants; no source-estimation uncertainty,True,2000,20260919,MLP16_seed_123,MLP16,123,Delta_pi,macro_f1,0.15767195767195769,-0.12698412698412698,0.3968253968253968,,individual_seed
validation,source_selection,5,True,post-hoc descriptive; fixed predictors and source constants; no source-estimation uncertainty,True,2000,20260919,MLP16_seed_456,MLP16,456,Delta_input,ce,-0.023463444839214587,-0.10454971975647022,0.05837059611675022,,individual_seed
validation,source_selection,5,True,post-hoc descriptive; fixed predictors and source constants; no source-estimation uncertainty,True,2000,20260919,MLP16_seed_456,MLP16,456,Delta_input,brier,-0.009760316271871128,-0.0516300762754221,0.035985256342191185,,individual_seed
validation,source_selection,5,True,post-hoc descriptive; fixed predictors and source constants; no source-estimation uncertainty,True,2000,20260919,MLP16_seed_456,MLP16,456,Delta_input,accuracy,0.0,-0.6000000000000001,0.5999999999999999,,individual_seed
validation,source_selection,5,True,post-hoc descriptive; fixed predictors and source constants; no source-estimation uncertainty,True,2000,20260919,MLP16_seed_456,MLP16,456,Delta_input,macro_f1,0.10952380952380952,-0.19047619047619047,0.3968253968253968,,individual_seed
validation,source_selection,5,True,post-hoc descriptive; fixed predictors and source constants; no source-estimation uncertainty,True,2000,20260919,MLP16_seed_456,MLP16,456,Delta_pi,ce,-0.023295824988274205,-0.11040356973003898,0.05716553762848642,,individual_seed
validation,source_selection,5,True,post-hoc descriptive; fixed predictors and source constants; no source-estimation uncertainty,True,2000,20260919,MLP16_seed_456,MLP16,456,Delta_pi,brier,-0.009636832728300626,-0.05964323726937437,0.03307077609337916,,individual_seed
validation,source_selection,5,True,post-hoc descriptive; fixed predictors and source constants; no source-estimation uncertainty,True,2000,20260919,MLP16_seed_456,MLP16,456,Delta_pi,accuracy,0.0,-0.6000000000000001,0.5999999999999999,,individual_seed
validation,source_selection,5,True,post-hoc descriptive; fixed predictors and source constants; no source-estimation uncertainty,True,2000,20260919,MLP16_seed_456,MLP16,456,Delta_pi,macro_f1,0.10952380952380952,-0.19047619047619047,0.3968253968253968,,individual_seed
validation,source_selection,5,True,post-hoc descriptive; fixed predictors and source constants; no source-estimation uncertainty,True,2000,20260919,O_seed_42,O,42,Delta_input,ce,-0.110479367778056,-0.39890471996644106,0.2645621902313171,,individual_seed
validation,source_selection,5,True,post-hoc descriptive; fixed predictors and source constants; no source-estimation uncertainty,True,2000,20260919,O_seed_42,O,42,Delta_input,brier,-0.06538126909829889,-0.2712805811682634,0.20706621484571863,,individual_seed
validation,source_selection,5,True,post-hoc descriptive; fixed predictors and source constants; no source-estimation uncertainty,True,2000,20260919,O_seed_42,O,42,Delta_input,accuracy,0.1999999999999999,-0.4000000000000001,0.8000000000000002,,individual_seed
validation,source_selection,5,True,post-hoc descriptive; fixed predictors and source constants; no source-estimation uncertainty,True,2000,20260919,O_seed_42,O,42,Delta_input,macro_f1,0.24285714285714283,-0.13888888888888887,0.5555555555555555,,individual_seed
validation,source_selection,5,True,post-hoc descriptive; fixed predictors and source constants; no source-estimation uncertainty,True,2000,20260919,O_seed_42,O,42,Delta_pi,ce,-0.10653763941286853,-0.4074631434814018,0.26363046581839966,,individual_seed
validation,source_selection,5,True,post-hoc descriptive; fixed predictors and source constants; no source-estimation uncertainty,True,2000,20260919,O_seed_42,O,42,Delta_pi,brier,-0.06348336965234946,-0.2797825241335939,0.19196077564798708,,individual_seed
validation,source_selection,5,True,post-hoc descriptive; fixed predictors and source constants; no source-estimation uncertainty,True,2000,20260919,O_seed_42,O,42,Delta_pi,accuracy,0.1999999999999999,-0.4000000000000001,0.8000000000000002,,individual_seed
validation,source_selection,5,True,post-hoc descriptive; fixed predictors and source constants; no source-estimation uncertainty,True,2000,20260919,O_seed_42,O,42,Delta_pi,macro_f1,0.24285714285714283,-0.13888888888888887,0.5555555555555555,,individual_seed
validation,source_selection,5,True,post-hoc descriptive; fixed predictors and source constants; no source-estimation uncertainty,True,2000,20260919,O_seed_123,O,123,Delta_input,ce,-0.11750707330091181,-0.3547620664574811,0.1837066363733486,,individual_seed
validation,source_selection,5,True,post-hoc descriptive; fixed predictors and source constants; no source-estimation uncertainty,True,2000,20260919,O_seed_123,O,123,Delta_input,brier,-0.06484243406002321,-0.21687859329974685,0.12530019035007967,,individual_seed
validation,source_selection,5,True,post-hoc descriptive; fixed predictors and source constants; no source-estimation uncertainty,True,2000,20260919,O_seed_123,O,123,Delta_input,accuracy,0.1999999999999999,-0.4000000000000001,0.8000000000000002,,individual_seed
validation,source_selection,5,True,post-hoc descriptive; fixed predictors and source constants; no source-estimation uncertainty,True,2000,20260919,O_seed_123,O,123,Delta_input,macro_f1,0.24285714285714283,-0.13888888888888887,0.5555555555555555,,individual_seed
validation,source_selection,5,True,post-hoc descriptive; fixed predictors and source constants; no source-estimation uncertainty,True,2000,20260919,O_seed_123,O,123,Delta_pi,ce,-0.11207112795470997,-0.34042732024892697,0.1497193775107013,,individual_seed
validation,source_selection,5,True,post-hoc descriptive; fixed predictors and source constants; no source-estimation uncertainty,True,2000,20260919,O_seed_123,O,123,Delta_pi,brier,-0.06246070364810841,-0.21520731038924712,0.11741973936458217,,individual_seed
validation,source_selection,5,True,post-hoc descriptive; fixed predictors and source constants; no source-estimation uncertainty,True,2000,20260919,O_seed_123,O,123,Delta_pi,accuracy,0.1999999999999999,-0.4000000000000001,0.8000000000000002,,individual_seed
validation,source_selection,5,True,post-hoc descriptive; fixed predictors and source constants; no source-estimation uncertainty,True,2000,20260919,O_seed_123,O,123,Delta_pi,macro_f1,0.24285714285714283,-0.13888888888888887,0.5555555555555555,,individual_seed
validation,source_selection,5,True,post-hoc descriptive; fixed predictors and source constants; no source-estimation uncertainty,True,2000,20260919,O_seed_456,O,456,Delta_input,ce,-0.10832837781982352,-0.35374437104360057,0.19317990568620302,,individual_seed
validation,source_selection,5,True,post-hoc descriptive; fixed predictors and source constants; no source-estimation uncertainty,True,2000,20260919,O_seed_456,O,456,Delta_input,brier,-0.06959582718950108,-0.2316609417591005,0.13028886074252166,,individual_seed
validation,source_selection,5,True,post-hoc descriptive; fixed predictors and source constants; no source-estimation uncertainty,True,2000,20260919,O_seed_456,O,456,Delta_input,accuracy,0.2,0.0,0.6000000000000001,,individual_seed
validation,source_selection,5,True,post-hoc descriptive; fixed predictors and source constants; no source-estimation uncertainty,True,2000,20260919,O_seed_456,O,456,Delta_input,macro_f1,0.24285714285714283,0.0,0.47619047619047616,,individual_seed
validation,source_selection,5,True,post-hoc descriptive; fixed predictors and source constants; no source-estimation uncertainty,True,2000,20260919,O_seed_456,O,456,Delta_pi,ce,-0.10504174551724244,-0.3467015180623414,0.21581704929764522,,individual_seed
validation,source_selection,5,True,post-hoc descriptive; fixed predictors and source constants; no source-estimation uncertainty,True,2000,20260919,O_seed_456,O,456,Delta_pi,brier,-0.0673936308566847,-0.23580737431708682,0.1454023399287675,,individual_seed
validation,source_selection,5,True,post-hoc descriptive; fixed predictors and source constants; no source-estimation uncertainty,True,2000,20260919,O_seed_456,O,456,Delta_pi,accuracy,0.1999999999999999,-0.4000000000000001,0.8000000000000002,,individual_seed
validation,source_selection,5,True,post-hoc descriptive; fixed predictors and source constants; no source-estimation uncertainty,True,2000,20260919,O_seed_456,O,456,Delta_pi,macro_f1,0.24285714285714283,-0.13888888888888887,0.5555555555555555,,individual_seed
validation,source_selection,5,True,post-hoc descriptive; fixed predictors and source constants; no source-estimation uncertainty,True,2000,20260919,MLP16,MLP16,finite_mean_42_123_456,Delta_input,ce,-0.026644640754131865,-0.10784533767170709,0.05652850690322316,0.002756009170545134,finite_seed_mean
validation,source_selection,5,True,post-hoc descriptive; fixed predictors and source constants; no source-estimation uncertainty,True,2000,20260919,MLP16,MLP16,finite_mean_42_123_456,Delta_input,brier,-0.012921545924371669,-0.058183920105721924,0.03373570127937279,0.00333026111759704,finite_seed_mean
validation,source_selection,5,True,post-hoc descriptive; fixed predictors and source constants; no source-estimation uncertainty,True,2000,20260919,MLP16,MLP16,finite_mean_42_123_456,Delta_input,accuracy,0.02222222222222218,-0.3333333333333333,0.3999999999999999,0.03849001794597497,finite_seed_mean
validation,source_selection,5,True,post-hoc descriptive; fixed predictors and source constants; no source-estimation uncertainty,True,2000,20260919,MLP16,MLP16,finite_mean_42_123_456,Delta_input,macro_f1,0.08906525573192241,-0.10582010582010581,0.26455026455026454,0.08080238781415162,finite_seed_mean
validation,source_selection,5,True,post-hoc descriptive; fixed predictors and source constants; no source-estimation uncertainty,True,2000,20260919,MLP16,MLP16,finite_mean_42_123_456,Delta_pi,ce,-0.025734113849125013,-0.1298343965380607,0.05421500595373049,0.002188501204232695,finite_seed_mean
validation,source_selection,5,True,post-hoc descriptive; fixed predictors and source constants; no source-estimation uncertainty,True,2000,20260919,MLP16,MLP16,finite_mean_42_123_456,Delta_pi,brier,-0.012250374156803264,-0.07744328265679656,0.032327260177178685,0.002676198199552477,finite_seed_mean
validation,source_selection,5,True,post-hoc descriptive; fixed predictors and source constants; no source-estimation uncertainty,True,2000,20260919,MLP16,MLP16,finite_mean_42_123_456,Delta_pi,accuracy,0.02222222222222218,-0.3333333333333333,0.3999999999999999,0.03849001794597497,finite_seed_mean
validation,source_selection,5,True,post-hoc descriptive; fixed predictors and source constants; no source-estimation uncertainty,True,2000,20260919,MLP16,MLP16,finite_mean_42_123_456,Delta_pi,macro_f1,0.08906525573192241,-0.10582010582010581,0.26455026455026454,0.08080238781415162,finite_seed_mean
validation,source_selection,5,True,post-hoc descriptive; fixed predictors and source constants; no source-estimation uncertainty,True,2000,20260919,O,O,finite_mean_42_123_456,Delta_input,ce,-0.11210493963293044,-0.36840909276329903,0.20421741497130183,0.004800414104549483,finite_seed_mean
validation,source_selection,5,True,post-hoc descriptive; fixed predictors and source constants; no source-estimation uncertainty,True,2000,20260919,O,O,finite_mean_42_123_456,Delta_input,brier,-0.06660651011594106,-0.23495166147742763,0.1578237720142501,0.002602805836847318,finite_seed_mean
validation,source_selection,5,True,post-hoc descriptive; fixed predictors and source constants; no source-estimation uncertainty,True,2000,20260919,O,O,finite_mean_42_123_456,Delta_input,accuracy,0.19999999999999996,-0.26666666666666666,0.6,6.798699777552591e-17,finite_seed_mean
validation,source_selection,5,True,post-hoc descriptive; fixed predictors and source constants; no source-estimation uncertainty,True,2000,20260919,O,O,finite_mean_42_123_456,Delta_input,macro_f1,0.2428571428571428,-0.07046296296296296,0.4938271604938271,3.3993498887762956e-17,finite_seed_mean
validation,source_selection,5,True,post-hoc descriptive; fixed predictors and source constants; no source-estimation uncertainty,True,2000,20260919,O,O,finite_mean_42_123_456,Delta_pi,ce,-0.10788350429494031,-0.35914348237738497,0.20972229754224872,0.003702913525001606,finite_seed_mean
validation,source_selection,5,True,post-hoc descriptive; fixed predictors and source constants; no source-estimation uncertainty,True,2000,20260919,O,O,finite_mean_42_123_456,Delta_pi,brier,-0.0644459013857142,-0.2348677362166591,0.1500678961150412,0.0026035155491332617,finite_seed_mean
validation,source_selection,5,True,post-hoc descriptive; fixed predictors and source constants; no source-estimation uncertainty,True,2000,20260919,O,O,finite_mean_42_123_456,Delta_pi,accuracy,0.19999999999999987,-0.4000000000000001,0.8000000000000002,3.3993498887762956e-17,finite_seed_mean
validation,source_selection,5,True,post-hoc descriptive; fixed predictors and source constants; no source-estimation uncertainty,True,2000,20260919,O,O,finite_mean_42_123_456,Delta_pi,macro_f1,0.2428571428571428,-0.13888888888888887,0.5555555555555555,3.3993498887762956e-17,finite_seed_mean
test,condition:0,7,True,post-hoc descriptive; fixed predictors and source constants; no source-estimation uncertainty,False,2000,20260919,p0,p0,fixed/reference,Delta_input,ce,0.238077323294821,-0.08135734557751657,0.46354784177941266,,fixed_reference
test,condition:0,7,True,post-hoc descriptive; fixed predictors and source constants; no source-estimation uncertainty,False,2000,20260919,p0,p0,fixed/reference,Delta_input,brier,0.2419898998985106,0.10966209339278919,0.37954757983268,,fixed_reference
test,condition:0,7,True,post-hoc descriptive; fixed predictors and source constants; no source-estimation uncertainty,False,2000,20260919,p0,p0,fixed/reference,Delta_input,accuracy,-0.4285714285714286,-0.8571428571428572,-0.14285714285714285,,fixed_reference
test,condition:0,7,True,post-hoc descriptive; fixed predictors and source constants; no source-estimation uncertainty,False,2000,20260919,p0,p0,fixed/reference,Delta_input,macro_f1,-0.19999999999999998,-0.3076923076923077,-0.08333333333333333,,fixed_reference
test,condition:0,7,True,post-hoc descriptive; fixed predictors and source constants; no source-estimation uncertainty,False,2000,20260919,p0,p0,fixed/reference,Delta_pi,ce,0.2896623363648094,0.13654017838277754,0.4555162014063676,,fixed_reference
test,condition:0,7,True,post-hoc descriptive; fixed predictors and source constants; no source-estimation uncertainty,False,2000,20260919,p0,p0,fixed/reference,Delta_pi,brier,0.2504317916684867,0.16812235315567126,0.3557739418635605,,fixed_reference
test,condition:0,7,True,post-hoc descriptive; fixed predictors and source constants; no source-estimation uncertainty,False,2000,20260919,p0,p0,fixed/reference,Delta_pi,accuracy,-0.4285714285714286,-0.8571428571428572,-0.14285714285714285,,fixed_reference
test,condition:0,7,True,post-hoc descriptive; fixed predictors and source constants; no source-estimation uncertainty,False,2000,20260919,p0,p0,fixed/reference,Delta_pi,macro_f1,-0.19999999999999998,-0.3076923076923077,-0.08333333333333333,,fixed_reference
test,condition:0,7,True,post-hoc descriptive; fixed predictors and source constants; no source-estimation uncertainty,False,2000,20260919,MLP16_seed_42,MLP16,42,Delta_input,ce,0.02334721848047594,-0.011373869897759086,0.06232774378606949,,individual_seed
test,condition:0,7,True,post-hoc descriptive; fixed predictors and source constants; no source-estimation uncertainty,False,2000,20260919,MLP16_seed_42,MLP16,42,Delta_input,brier,0.01446275329396074,-0.007888905996886963,0.038512546922902735,,individual_seed
test,condition:0,7,True,post-hoc descriptive; fixed predictors and source constants; no source-estimation uncertainty,False,2000,20260919,MLP16_seed_42,MLP16,42,Delta_input,accuracy,0.0,0.0,0.0,,individual_seed
test,condition:0,7,True,post-hoc descriptive; fixed predictors and source constants; no source-estimation uncertainty,False,2000,20260919,MLP16_seed_42,MLP16,42,Delta_input,macro_f1,0.0,0.0,0.0,,individual_seed
test,condition:0,7,True,post-hoc descriptive; fixed predictors and source constants; no source-estimation uncertainty,False,2000,20260919,MLP16_seed_42,MLP16,42,Delta_pi,ce,0.023403562731397543,-0.012810376463835298,0.05480227758603198,,individual_seed
test,condition:0,7,True,post-hoc descriptive; fixed predictors and source constants; no source-estimation uncertainty,False,2000,20260919,MLP16_seed_42,MLP16,42,Delta_pi,brier,0.014997910693067884,-0.011960612613780402,0.03808104339143803,,individual_seed
test,condition:0,7,True,post-hoc descriptive; fixed predictors and source constants; no source-estimation uncertainty,False,2000,20260919,MLP16_seed_42,MLP16,42,Delta_pi,accuracy,0.0,0.0,0.0,,individual_seed
test,condition:0,7,True,post-hoc descriptive; fixed predictors and source constants; no source-estimation uncertainty,False,2000,20260919,MLP16_seed_42,MLP16,42,Delta_pi,macro_f1,0.0,0.0,0.0,,individual_seed
test,condition:0,7,True,post-hoc descriptive; fixed predictors and source constants; no source-estimation uncertainty,False,2000,20260919,MLP16_seed_123,MLP16,123,Delta_input,ce,0.02321000814147367,-0.017665091577977025,0.0667363614789569,,individual_seed
test,condition:0,7,True,post-hoc descriptive; fixed predictors and source constants; no source-estimation uncertainty,False,2000,20260919,MLP16_seed_123,MLP16,123,Delta_input,brier,0.01384128461410794,-0.007524355474453737,0.03746962779760954,,individual_seed
test,condition:0,7,True,post-hoc descriptive; fixed predictors and source constants; no source-estimation uncertainty,False,2000,20260919,MLP16_seed_123,MLP16,123,Delta_input,accuracy,-0.0857142857142858,-0.47142857142857136,0.32142857142857145,,individual_seed
test,condition:0,7,True,post-hoc descriptive; fixed predictors and source constants; no source-estimation uncertainty,False,2000,20260919,MLP16_seed_123,MLP16,123,Delta_input,macro_f1,0.04517374517374517,-0.1537467700258398,0.2754402270123917,,individual_seed
test,condition:0,7,True,post-hoc descriptive; fixed predictors and source constants; no source-estimation uncertainty,False,2000,20260919,MLP16_seed_123,MLP16,123,Delta_pi,ce,0.019616747667103418,-0.011990574940617948,0.048195077545683085,,individual_seed
test,condition:0,7,True,post-hoc descriptive; fixed predictors and source constants; no source-estimation uncertainty,False,2000,20260919,MLP16_seed_123,MLP16,123,Delta_pi,brier,0.01225589045191855,-0.005973495894550429,0.026077380817185185,,individual_seed
test,condition:0,7,True,post-hoc descriptive; fixed predictors and source constants; no source-estimation uncertainty,False,2000,20260919,MLP16_seed_123,MLP16,123,Delta_pi,accuracy,-0.0857142857142858,-0.47142857142857136,0.32142857142857145,,individual_seed
test,condition:0,7,True,post-hoc descriptive; fixed predictors and source constants; no source-estimation uncertainty,False,2000,20260919,MLP16_seed_123,MLP16,123,Delta_pi,macro_f1,0.04517374517374517,-0.1537467700258398,0.2754402270123917,,individual_seed
test,condition:0,7,True,post-hoc descriptive; fixed predictors and source constants; no source-estimation uncertainty,False,2000,20260919,MLP16_seed_456,MLP16,456,Delta_input,ce,0.025890717175208966,-0.013542015760862142,0.068338455220722,,individual_seed
test,condition:0,7,True,post-hoc descriptive; fixed predictors and source constants; no source-estimation uncertainty,False,2000,20260919,MLP16_seed_456,MLP16,456,Delta_input,brier,0.015559895972170446,-0.005685596434628626,0.03847055547198712,,individual_seed
test,condition:0,7,True,post-hoc descriptive; fixed predictors and source constants; no source-estimation uncertainty,False,2000,20260919,MLP16_seed_456,MLP16,456,Delta_input,accuracy,-0.1428571428571429,-0.5714285714285714,0.2857142857142858,,individual_seed
test,condition:0,7,True,post-hoc descriptive; fixed predictors and source constants; no source-estimation uncertainty,False,2000,20260919,MLP16_seed_456,MLP16,456,Delta_input,macro_f1,0.006349206349206382,-0.2243589743589744,0.27222222222222214,,individual_seed
test,condition:0,7,True,post-hoc descriptive; fixed predictors and source constants; no source-estimation uncertainty,False,2000,20260919,MLP16_seed_456,MLP16,456,Delta_pi,ce,0.02486205071040093,-0.010355698853542183,0.058852468982759865,,individual_seed
test,condition:0,7,True,post-hoc descriptive; fixed predictors and source constants; no source-estimation uncertainty,False,2000,20260919,MLP16_seed_456,MLP16,456,Delta_pi,brier,0.015108292113192978,-0.0049495836613481226,0.0329682436777915,,individual_seed
test,condition:0,7,True,post-hoc descriptive; fixed predictors and source constants; no source-estimation uncertainty,False,2000,20260919,MLP16_seed_456,MLP16,456,Delta_pi,accuracy,-0.1428571428571429,-0.5714285714285714,0.2857142857142858,,individual_seed
test,condition:0,7,True,post-hoc descriptive; fixed predictors and source constants; no source-estimation uncertainty,False,2000,20260919,MLP16_seed_456,MLP16,456,Delta_pi,macro_f1,0.006349206349206382,-0.2243589743589744,0.27222222222222214,,individual_seed
test,condition:0,7,True,post-hoc descriptive; fixed predictors and source constants; no source-estimation uncertainty,False,2000,20260919,O_seed_42,O,42,Delta_input,ce,0.09512657603355312,-0.0201735945232412,0.23765001568682556,,individual_seed
test,condition:0,7,True,post-hoc descriptive; fixed predictors and source constants; no source-estimation uncertainty,False,2000,20260919,O_seed_42,O,42,Delta_input,brier,0.09218043749826232,0.024024909930148528,0.18059267956620395,,individual_seed
test,condition:0,7,True,post-hoc descriptive; fixed predictors and source constants; no source-estimation uncertainty,False,2000,20260919,O_seed_42,O,42,Delta_input,accuracy,-0.22857142857142862,-0.7142857142857142,0.2857142857142857,,individual_seed
test,condition:0,7,True,post-hoc descriptive; fixed predictors and source constants; no source-estimation uncertainty,False,2000,20260919,O_seed_42,O,42,Delta_input,macro_f1,-0.057323232323232304,-0.2424242424242424,0.16666666666666669,,individual_seed
test,condition:0,7,True,post-hoc descriptive; fixed predictors and source constants; no source-estimation uncertainty,False,2000,20260919,O_seed_42,O,42,Delta_pi,ce,0.08679048176151882,0.01937270041532459,0.19169343147788265,,individual_seed
test,condition:0,7,True,post-hoc descriptive; fixed predictors and source constants; no source-estimation uncertainty,False,2000,20260919,O_seed_42,O,42,Delta_pi,brier,0.08855009165746197,0.0422385070714143,0.15713281803316653,,individual_seed
test,condition:0,7,True,post-hoc descriptive; fixed predictors and source constants; no source-estimation uncertainty,False,2000,20260919,O_seed_42,O,42,Delta_pi,accuracy,-0.22857142857142862,-0.7142857142857142,0.2857142857142857,,individual_seed
test,condition:0,7,True,post-hoc descriptive; fixed predictors and source constants; no source-estimation uncertainty,False,2000,20260919,O_seed_42,O,42,Delta_pi,macro_f1,-0.057323232323232304,-0.2424242424242424,0.16666666666666669,,individual_seed
test,condition:0,7,True,post-hoc descriptive; fixed predictors and source constants; no source-estimation uncertainty,False,2000,20260919,O_seed_123,O,123,Delta_input,ce,0.05593907928880615,-0.053020465036349496,0.15928084652472152,,individual_seed
test,condition:0,7,True,post-hoc descriptive; fixed predictors and source constants; no source-estimation uncertainty,False,2000,20260919,O_seed_123,O,123,Delta_input,brier,0.062474827447743464,0.00347356319935786,0.12239917793614749,,individual_seed
test,condition:0,7,True,post-hoc descriptive; fixed predictors and source constants; no source-estimation uncertainty,False,2000,20260919,O_seed_123,O,123,Delta_input,accuracy,-0.30000000000000004,-0.7142857142857142,-0.014285714285714263,,individual_seed
test,condition:0,7,True,post-hoc descriptive; fixed predictors and source constants; no source-estimation uncertainty,False,2000,20260919,O_seed_123,O,123,Delta_input,macro_f1,-0.12405063291139239,-0.2424242424242424,-0.0073839662447257315,,individual_seed
test,condition:0,7,True,post-hoc descriptive; fixed predictors and source constants; no source-estimation uncertainty,False,2000,20260919,O_seed_123,O,123,Delta_pi,ce,0.046216534417011346,-0.015197804116509376,0.12101717195397989,,individual_seed
test,condition:0,7,True,post-hoc descriptive; fixed predictors and source constants; no source-estimation uncertainty,False,2000,20260919,O_seed_123,O,123,Delta_pi,brier,0.05815037727685979,0.01880731143774472,0.10340019261663343,,individual_seed
test,condition:0,7,True,post-hoc descriptive; fixed predictors and source constants; no source-estimation uncertainty,False,2000,20260919,O_seed_123,O,123,Delta_pi,accuracy,-0.30000000000000004,-0.7142857142857142,-0.014285714285714263,,individual_seed
test,condition:0,7,True,post-hoc descriptive; fixed predictors and source constants; no source-estimation uncertainty,False,2000,20260919,O_seed_123,O,123,Delta_pi,macro_f1,-0.12405063291139239,-0.2424242424242424,-0.0073839662447257315,,individual_seed
test,condition:0,7,True,post-hoc descriptive; fixed predictors and source constants; no source-estimation uncertainty,False,2000,20260919,O_seed_456,O,456,Delta_input,ce,0.06553463006029259,-0.03652964247081636,0.17545330103782553,,individual_seed
test,condition:0,7,True,post-hoc descriptive; fixed predictors and source constants; no source-estimation uncertainty,False,2000,20260919,O_seed_456,O,456,Delta_input,brier,0.05968024522936899,-2.9270958892491095e-05,0.12493626710485355,,individual_seed
test,condition:0,7,True,post-hoc descriptive; fixed predictors and source constants; no source-estimation uncertainty,False,2000,20260919,O_seed_456,O,456,Delta_input,accuracy,-0.1428571428571429,-0.39999999999999997,0.0,,individual_seed
test,condition:0,7,True,post-hoc descriptive; fixed predictors and source constants; no source-estimation uncertainty,False,2000,20260919,O_seed_456,O,456,Delta_input,macro_f1,-0.033333333333333354,-0.13800657174151146,0.04999999999999999,,individual_seed
test,condition:0,7,True,post-hoc descriptive; fixed predictors and source constants; no source-estimation uncertainty,False,2000,20260919,O_seed_456,O,456,Delta_pi,ce,0.061153621459002494,-0.037404863837012456,0.18097922093927604,,individual_seed
test,condition:0,7,True,post-hoc descriptive; fixed predictors and source constants; no source-estimation uncertainty,False,2000,20260919,O_seed_456,O,456,Delta_pi,brier,0.05829158564797299,-0.009589808506229813,0.14276513472766983,,individual_seed
test,condition:0,7,True,post-hoc descriptive; fixed predictors and source constants; no source-estimation uncertainty,False,2000,20260919,O_seed_456,O,456,Delta_pi,accuracy,-0.1428571428571429,-0.7142857142857144,0.42857142857142855,,individual_seed
test,condition:0,7,True,post-hoc descriptive; fixed predictors and source constants; no source-estimation uncertainty,False,2000,20260919,O_seed_456,O,456,Delta_pi,macro_f1,-0.033333333333333354,-0.2668488160291439,0.20024630541871893,,individual_seed
test,condition:0,7,True,post-hoc descriptive; fixed predictors and source constants; no source-estimation uncertainty,False,2000,20260919,MLP16,MLP16,finite_mean_42_123_456,Delta_input,ce,0.024149314599052858,-0.013924390613710994,0.06526070812722076,0.0015096585271062541,finite_seed_mean
test,condition:0,7,True,post-hoc descriptive; fixed predictors and source constants; no source-estimation uncertainty,False,2000,20260919,MLP16,MLP16,finite_mean_42_123_456,Delta_input,brier,0.014621311293413042,-0.006044049152326242,0.037512518202646415,0.0008702078656321714,finite_seed_mean
test,condition:0,7,True,post-hoc descriptive; fixed predictors and source constants; no source-estimation uncertainty,False,2000,20260919,MLP16,MLP16,finite_mean_42_123_456,Delta_input,accuracy,-0.07619047619047624,-0.34761904761904755,0.2023809523809524,0.0719031850978167,finite_seed_mean
test,condition:0,7,True,post-hoc descriptive; fixed predictors and source constants; no source-estimation uncertainty,False,2000,20260919,MLP16,MLP16,finite_mean_42_123_456,Delta_input,macro_f1,0.017174317174317184,-0.1233423208833045,0.1814814814814815,0.024455144275541796,finite_seed_mean
test,condition:0,7,True,post-hoc descriptive; fixed predictors and source constants; no source-estimation uncertainty,False,2000,20260919,MLP16,MLP16,finite_mean_42_123_456,Delta_pi,ce,0.022627453702967298,-0.009868787552269165,0.05198883817138644,0.0027074083404641305,finite_seed_mean
test,condition:0,7,True,post-hoc descriptive; fixed predictors and source constants; no source-estimation uncertainty,False,2000,20260919,MLP16,MLP16,finite_mean_42_123_456,Delta_pi,brier,0.014120697752726471,-0.006230114053877338,0.02962922782613205,0.0016159132762426024,finite_seed_mean
test,condition:0,7,True,post-hoc descriptive; fixed predictors and source constants; no source-estimation uncertainty,False,2000,20260919,MLP16,MLP16,finite_mean_42_123_456,Delta_pi,accuracy,-0.07619047619047624,-0.34761904761904755,0.2023809523809524,0.0719031850978167,finite_seed_mean
test,condition:0,7,True,post-hoc descriptive; fixed predictors and source constants; no source-estimation uncertainty,False,2000,20260919,MLP16,MLP16,finite_mean_42_123_456,Delta_pi,macro_f1,0.017174317174317184,-0.1233423208833045,0.1814814814814815,0.024455144275541796,finite_seed_mean
test,condition:0,7,True,post-hoc descriptive; fixed predictors and source constants; no source-estimation uncertainty,False,2000,20260919,O,O,finite_mean_42_123_456,Delta_input,ce,0.07220009512755061,-0.03394298726314101,0.19073630484840806,0.02042636271346459,finite_seed_mean
test,condition:0,7,True,post-hoc descriptive; fixed predictors and source constants; no source-estimation uncertainty,False,2000,20260919,O,O,finite_mean_42_123_456,Delta_input,brier,0.07144517005845825,0.010585383271995387,0.14277639030945688,0.018011549330747834,finite_seed_mean
test,condition:0,7,True,post-hoc descriptive; fixed predictors and source constants; no source-estimation uncertainty,False,2000,20260919,O,O,finite_mean_42_123_456,Delta_input,accuracy,-0.22380952380952387,-0.4761904761904761,0.019166666666665996,0.07867957924694431,finite_seed_mean
test,condition:0,7,True,post-hoc descriptive; fixed predictors and source constants; no source-estimation uncertainty,False,2000,20260919,O,O,finite_mean_42_123_456,Delta_input,macro_f1,-0.07156906618931934,-0.17929257800044318,0.04834653019686527,0.04700654154039565,finite_seed_mean
test,condition:0,7,True,post-hoc descriptive; fixed predictors and source constants; no source-estimation uncertainty,False,2000,20260919,O,O,finite_mean_42_123_456,Delta_pi,ce,0.06472021254584422,-0.004376979251605697,0.15910687038622207,0.02052076338161596,finite_seed_mean
test,condition:0,7,True,post-hoc descriptive; fixed predictors and source constants; no source-estimation uncertainty,False,2000,20260919,O,O,finite_mean_42_123_456,Delta_pi,brier,0.06833068486076492,0.02416587140796481,0.13051488909227746,0.017510662276417687,finite_seed_mean
test,condition:0,7,True,post-hoc descriptive; fixed predictors and source constants; no source-estimation uncertainty,False,2000,20260919,O,O,finite_mean_42_123_456,Delta_pi,accuracy,-0.22380952380952387,-0.7000000000000001,0.1952380952380952,0.07867957924694431,finite_seed_mean
test,condition:0,7,True,post-hoc descriptive; fixed predictors and source constants; no source-estimation uncertainty,False,2000,20260919,O,O,finite_mean_42_123_456,Delta_pi,macro_f1,-0.07156906618931934,-0.23806694394929687,0.10493827160493828,0.04700654154039565,finite_seed_mean
test,condition:1,7,True,post-hoc descriptive; fixed predictors and source constants; no source-estimation uncertainty,False,2000,20260919,p0,p0,fixed/reference,Delta_input,ce,0.4199061767827894,-0.061793209484578664,0.7550133676713952,,fixed_reference
test,condition:1,7,True,post-hoc descriptive; fixed predictors and source constants; no source-estimation uncertainty,False,2000,20260919,p0,p0,fixed/reference,Delta_input,brier,0.33804671800958674,0.14115722603070568,0.5009368647936383,,fixed_reference
test,condition:1,7,True,post-hoc descriptive; fixed predictors and source constants; no source-estimation uncertainty,False,2000,20260919,p0,p0,fixed/reference,Delta_input,accuracy,-0.4285714285714286,-0.8571428571428572,-0.14285714285714285,,fixed_reference
test,condition:1,7,True,post-hoc descriptive; fixed predictors and source constants; no source-estimation uncertainty,False,2000,20260919,p0,p0,fixed/reference,Delta_input,macro_f1,-0.19999999999999998,-0.3076923076923077,-0.08333333333333333,,fixed_reference
test,condition:1,7,True,post-hoc descriptive; fixed predictors and source constants; no source-estimation uncertainty,False,2000,20260919,p0,p0,fixed/reference,Delta_pi,ce,0.4714911898527778,0.3727625264256742,0.5992838881679898,,fixed_reference
test,condition:1,7,True,post-hoc descriptive; fixed predictors and source constants; no source-estimation uncertainty,False,2000,20260919,p0,p0,fixed/reference,Delta_pi,brier,0.34648860977956286,0.2664015228331984,0.4336872343987941,,fixed_reference
test,condition:1,7,True,post-hoc descriptive; fixed predictors and source constants; no source-estimation uncertainty,False,2000,20260919,p0,p0,fixed/reference,Delta_pi,accuracy,-0.4285714285714286,-0.8571428571428572,-0.14285714285714285,,fixed_reference
test,condition:1,7,True,post-hoc descriptive; fixed predictors and source constants; no source-estimation uncertainty,False,2000,20260919,p0,p0,fixed/reference,Delta_pi,macro_f1,-0.19999999999999998,-0.3076923076923077,-0.08333333333333333,,fixed_reference
test,condition:1,7,True,post-hoc descriptive; fixed predictors and source constants; no source-estimation uncertainty,False,2000,20260919,MLP16_seed_42,MLP16,42,Delta_input,ce,0.06959598866635508,0.0074474071784143,0.1327444072994844,,individual_seed
test,condition:1,7,True,post-hoc descriptive; fixed predictors and source constants; no source-estimation uncertainty,False,2000,20260919,MLP16_seed_42,MLP16,42,Delta_input,brier,0.037664264121691104,-0.0019484078271098935,0.08290806750644675,,individual_seed
test,condition:1,7,True,post-hoc descriptive; fixed predictors and source constants; no source-estimation uncertainty,False,2000,20260919,MLP16_seed_42,MLP16,42,Delta_input,accuracy,-0.035714285714285754,-0.4642857142857143,0.3857142857142858,,individual_seed
test,condition:1,7,True,post-hoc descriptive; fixed predictors and source constants; no source-estimation uncertainty,False,2000,20260919,MLP16_seed_42,MLP16,42,Delta_input,macro_f1,0.08364821105747264,-0.14150036954914996,0.30793650793650795,,individual_seed
test,condition:1,7,True,post-hoc descriptive; fixed predictors and source constants; no source-estimation uncertainty,False,2000,20260919,MLP16_seed_42,MLP16,42,Delta_pi,ce,0.06965233291727668,0.03120489719687969,0.09421132479688701,,individual_seed
test,condition:1,7,True,post-hoc descriptive; fixed predictors and source constants; no source-estimation uncertainty,False,2000,20260919,MLP16_seed_42,MLP16,42,Delta_pi,brier,0.03819942152079825,0.01795925264948106,0.051802428985516014,,individual_seed
test,condition:1,7,True,post-hoc descriptive; fixed predictors and source constants; no source-estimation uncertainty,False,2000,20260919,MLP16_seed_42,MLP16,42,Delta_pi,accuracy,-0.035714285714285754,-0.4642857142857143,0.3857142857142858,,individual_seed
test,condition:1,7,True,post-hoc descriptive; fixed predictors and source constants; no source-estimation uncertainty,False,2000,20260919,MLP16_seed_42,MLP16,42,Delta_pi,macro_f1,0.08364821105747264,-0.14150036954914996,0.30793650793650795,,individual_seed
test,condition:1,7,True,post-hoc descriptive; fixed predictors and source constants; no source-estimation uncertainty,False,2000,20260919,MLP16_seed_123,MLP16,123,Delta_input,ce,0.08411137069684127,0.019753564135166997,0.14019912634292464,,individual_seed
test,condition:1,7,True,post-hoc descriptive; fixed predictors and source constants; no source-estimation uncertainty,False,2000,20260919,MLP16_seed_123,MLP16,123,Delta_input,brier,0.04577246814506841,0.006888293333482398,0.08095082987398154,,individual_seed
test,condition:1,7,True,post-hoc descriptive; fixed predictors and source constants; no source-estimation uncertainty,False,2000,20260919,MLP16_seed_123,MLP16,123,Delta_input,accuracy,-0.021428571428571463,-0.7142857142857144,0.6714285714285714,,individual_seed
test,condition:1,7,True,post-hoc descriptive; fixed predictors and source constants; no source-estimation uncertainty,False,2000,20260919,MLP16_seed_123,MLP16,123,Delta_input,macro_f1,0.0146892655367232,-0.2243589743589744,0.21969696969696972,,individual_seed
test,condition:1,7,True,post-hoc descriptive; fixed predictors and source constants; no source-estimation uncertainty,False,2000,20260919,MLP16_seed_123,MLP16,123,Delta_pi,ce,0.08051811022247102,0.04064813545737046,0.11182378281733585,,individual_seed
test,condition:1,7,True,post-hoc descriptive; fixed predictors and source constants; no source-estimation uncertainty,False,2000,20260919,MLP16_seed_123,MLP16,123,Delta_pi,brier,0.04418707398287902,0.02233149489565811,0.06256542565474876,,individual_seed
test,condition:1,7,True,post-hoc descriptive; fixed predictors and source constants; no source-estimation uncertainty,False,2000,20260919,MLP16_seed_123,MLP16,123,Delta_pi,accuracy,-0.021428571428571463,-0.7142857142857144,0.6714285714285714,,individual_seed
test,condition:1,7,True,post-hoc descriptive; fixed predictors and source constants; no source-estimation uncertainty,False,2000,20260919,MLP16_seed_123,MLP16,123,Delta_pi,macro_f1,0.0146892655367232,-0.2243589743589744,0.21969696969696972,,individual_seed
test,condition:1,7,True,post-hoc descriptive; fixed predictors and source constants; no source-estimation uncertainty,False,2000,20260919,MLP16_seed_456,MLP16,456,Delta_input,ce,0.089922824766838,0.023546331315920172,0.1474390973660105,,individual_seed
test,condition:1,7,True,post-hoc descriptive; fixed predictors and source constants; no source-estimation uncertainty,False,2000,20260919,MLP16_seed_456,MLP16,456,Delta_input,brier,0.05025080838321205,0.011104688675844377,0.08761828495652127,,individual_seed
test,condition:1,7,True,post-hoc descriptive; fixed predictors and source constants; no source-estimation uncertainty,False,2000,20260919,MLP16_seed_456,MLP16,456,Delta_input,accuracy,-0.01428571428571429,-0.7142857142857144,0.6857142857142857,,individual_seed
test,condition:1,7,True,post-hoc descriptive; fixed predictors and source constants; no source-estimation uncertainty,False,2000,20260919,MLP16_seed_456,MLP16,456,Delta_input,macro_f1,0.017228464419475675,-0.2243589743589744,0.21969696969696972,,individual_seed
test,condition:1,7,True,post-hoc descriptive; fixed predictors and source constants; no source-estimation uncertainty,False,2000,20260919,MLP16_seed_456,MLP16,456,Delta_pi,ce,0.08889415830202996,0.034161550902545024,0.13540036429545466,,individual_seed
test,condition:1,7,True,post-hoc descriptive; fixed predictors and source constants; no source-estimation uncertainty,False,2000,20260919,MLP16_seed_456,MLP16,456,Delta_pi,brier,0.049799204524234586,0.018869080821459626,0.0774533802154469,,individual_seed
test,condition:1,7,True,post-hoc descriptive; fixed predictors and source constants; no source-estimation uncertainty,False,2000,20260919,MLP16_seed_456,MLP16,456,Delta_pi,accuracy,-0.01428571428571429,-0.7142857142857144,0.6857142857142857,,individual_seed
test,condition:1,7,True,post-hoc descriptive; fixed predictors and source constants; no source-estimation uncertainty,False,2000,20260919,MLP16_seed_456,MLP16,456,Delta_pi,macro_f1,0.017228464419475675,-0.2243589743589744,0.21969696969696972,,individual_seed
test,condition:1,7,True,post-hoc descriptive; fixed predictors and source constants; no source-estimation uncertainty,False,2000,20260919,O_seed_42,O,42,Delta_input,ce,0.39953876473382066,0.07822113696417121,0.7241706375286009,,individual_seed
test,condition:1,7,True,post-hoc descriptive; fixed predictors and source constants; no source-estimation uncertainty,False,2000,20260919,O_seed_42,O,42,Delta_input,brier,0.24673259370247858,0.07435021795610686,0.4226031120474639,,individual_seed
test,condition:1,7,True,post-hoc descriptive; fixed predictors and source constants; no source-estimation uncertainty,False,2000,20260919,O_seed_42,O,42,Delta_input,accuracy,-0.37142857142857144,-0.8,0.00714285714285709,,individual_seed
test,condition:1,7,True,post-hoc descriptive; fixed predictors and source constants; no source-estimation uncertainty,False,2000,20260919,O_seed_42,O,42,Delta_input,macro_f1,-0.13734610123119018,-0.2777777777777778,0.031292018090697926,,individual_seed
test,condition:1,7,True,post-hoc descriptive; fixed predictors and source constants; no source-estimation uncertainty,False,2000,20260919,O_seed_42,O,42,Delta_pi,ce,0.39120267046178636,0.13117780211065558,0.6766399777177804,,individual_seed
test,condition:1,7,True,post-hoc descriptive; fixed predictors and source constants; no source-estimation uncertainty,False,2000,20260919,O_seed_42,O,42,Delta_pi,brier,0.24310224786167822,0.09836109854905573,0.39302333949747703,,individual_seed
test,condition:1,7,True,post-hoc descriptive; fixed predictors and source constants; no source-estimation uncertainty,False,2000,20260919,O_seed_42,O,42,Delta_pi,accuracy,-0.37142857142857144,-0.8,0.00714285714285709,,individual_seed
test,condition:1,7,True,post-hoc descriptive; fixed predictors and source constants; no source-estimation uncertainty,False,2000,20260919,O_seed_42,O,42,Delta_pi,macro_f1,-0.13734610123119018,-0.2777777777777778,0.031292018090697926,,individual_seed
test,condition:1,7,True,post-hoc descriptive; fixed predictors and source constants; no source-estimation uncertainty,False,2000,20260919,O_seed_123,O,123,Delta_input,ce,0.2967872967676264,0.04485010007012272,0.5225638402036107,,individual_seed
test,condition:1,7,True,post-hoc descriptive; fixed predictors and source constants; no source-estimation uncertainty,False,2000,20260919,O_seed_123,O,123,Delta_input,brier,0.1877094656609396,0.05069974650986242,0.31612686743959395,,individual_seed
test,condition:1,7,True,post-hoc descriptive; fixed predictors and source constants; no source-estimation uncertainty,False,2000,20260919,O_seed_123,O,123,Delta_input,accuracy,-0.29285714285714287,-0.7214285714285715,0.2358928571428562,,individual_seed
test,condition:1,7,True,post-hoc descriptive; fixed predictors and source constants; no source-estimation uncertainty,False,2000,20260919,O_seed_123,O,123,Delta_input,macro_f1,-0.06979908242366711,-0.2777777777777778,0.13453896654504316,,individual_seed
test,condition:1,7,True,post-hoc descriptive; fixed predictors and source constants; no source-estimation uncertainty,False,2000,20260919,O_seed_123,O,123,Delta_pi,ce,0.2870647518958316,0.10133552588103324,0.47466022634373983,,individual_seed
test,condition:1,7,True,post-hoc descriptive; fixed predictors and source constants; no source-estimation uncertainty,False,2000,20260919,O_seed_123,O,123,Delta_pi,brier,0.18338501549005592,0.07427964300465184,0.29122770805871623,,individual_seed
test,condition:1,7,True,post-hoc descriptive; fixed predictors and source constants; no source-estimation uncertainty,False,2000,20260919,O_seed_123,O,123,Delta_pi,accuracy,-0.29285714285714287,-0.7214285714285715,0.2358928571428562,,individual_seed
test,condition:1,7,True,post-hoc descriptive; fixed predictors and source constants; no source-estimation uncertainty,False,2000,20260919,O_seed_123,O,123,Delta_pi,macro_f1,-0.06979908242366711,-0.2777777777777778,0.13453896654504316,,individual_seed
test,condition:1,7,True,post-hoc descriptive; fixed predictors and source constants; no source-estimation uncertainty,False,2000,20260919,O_seed_456,O,456,Delta_input,ce,0.28942662654613893,0.05351461381046897,0.5153114514518985,,individual_seed
test,condition:1,7,True,post-hoc descriptive; fixed predictors and source constants; no source-estimation uncertainty,False,2000,20260919,O_seed_456,O,456,Delta_input,brier,0.1760478544061428,0.0501830737033105,0.2932323435333801,,individual_seed
test,condition:1,7,True,post-hoc descriptive; fixed predictors and source constants; no source-estimation uncertainty,False,2000,20260919,O_seed_456,O,456,Delta_input,accuracy,-0.2785714285714286,-0.5714285714285716,0.01428571428571429,,individual_seed
test,condition:1,7,True,post-hoc descriptive; fixed predictors and source constants; no source-estimation uncertainty,False,2000,20260919,O_seed_456,O,456,Delta_input,macro_f1,-0.05891472868217054,-0.2424242424242424,0.13159041394335505,,individual_seed
test,condition:1,7,True,post-hoc descriptive; fixed predictors and source constants; no source-estimation uncertainty,False,2000,20260919,O_seed_456,O,456,Delta_pi,ce,0.28504561794484884,0.05794694637498525,0.5246272345342353,,individual_seed
test,condition:1,7,True,post-hoc descriptive; fixed predictors and source constants; no source-estimation uncertainty,False,2000,20260919,O_seed_456,O,456,Delta_pi,brier,0.1746591948247468,0.04252114637056614,0.3090238335028104,,individual_seed
test,condition:1,7,True,post-hoc descriptive; fixed predictors and source constants; no source-estimation uncertainty,False,2000,20260919,O_seed_456,O,456,Delta_pi,accuracy,-0.2785714285714286,-0.7142857142857144,0.2857142857142857,,individual_seed
test,condition:1,7,True,post-hoc descriptive; fixed predictors and source constants; no source-estimation uncertainty,False,2000,20260919,O_seed_456,O,456,Delta_pi,macro_f1,-0.05891472868217054,-0.2777777777777778,0.1498178506375228,,individual_seed
test,condition:1,7,True,post-hoc descriptive; fixed predictors and source constants; no source-estimation uncertainty,False,2000,20260919,MLP16,MLP16,finite_mean_42_123_456,Delta_input,ce,0.08121006137667812,0.015059881124027421,0.13924223440798147,0.010469396510421366,finite_seed_mean
test,condition:1,7,True,post-hoc descriptive; fixed predictors and source constants; no source-estimation uncertainty,False,2000,20260919,MLP16,MLP16,finite_mean_42_123_456,Delta_input,brier,0.04456251354999052,0.00614253302321416,0.08360387459815154,0.006379911183035314,finite_seed_mean
test,condition:1,7,True,post-hoc descriptive; fixed predictors and source constants; no source-estimation uncertainty,False,2000,20260919,MLP16,MLP16,finite_mean_42_123_456,Delta_input,accuracy,-0.023809523809523836,-0.5953571428571429,0.5333333333333333,0.010910894511799635,finite_seed_mean
test,condition:1,7,True,post-hoc descriptive; fixed predictors and source constants; no source-estimation uncertainty,False,2000,20260919,MLP16,MLP16,finite_mean_42_123_456,Delta_input,macro_f1,0.038521980337890505,-0.17948717948717952,0.23289452818342493,0.03910107935798271,finite_seed_mean
test,condition:1,7,True,post-hoc descriptive; fixed predictors and source constants; no source-estimation uncertainty,False,2000,20260919,MLP16,MLP16,finite_mean_42_123_456,Delta_pi,ce,0.07968820048059255,0.03568444402764754,0.11351573828723927,0.009647721164559146,finite_seed_mean
test,condition:1,7,True,post-hoc descriptive; fixed predictors and source constants; no source-estimation uncertainty,False,2000,20260919,MLP16,MLP16,finite_mean_42_123_456,Delta_pi,brier,0.044061900009303955,0.020140823767616743,0.06376168023284627,0.0058009044833067245,finite_seed_mean
test,condition:1,7,True,post-hoc descriptive; fixed predictors and source constants; no source-estimation uncertainty,False,2000,20260919,MLP16,MLP16,finite_mean_42_123_456,Delta_pi,accuracy,-0.023809523809523836,-0.5953571428571429,0.5333333333333333,0.010910894511799635,finite_seed_mean
test,condition:1,7,True,post-hoc descriptive; fixed predictors and source constants; no source-estimation uncertainty,False,2000,20260919,MLP16,MLP16,finite_mean_42_123_456,Delta_pi,macro_f1,0.038521980337890505,-0.17948717948717952,0.23289452818342493,0.03910107935798271,finite_seed_mean
test,condition:1,7,True,post-hoc descriptive; fixed predictors and source constants; no source-estimation uncertainty,False,2000,20260919,O,O,finite_mean_42_123_456,Delta_input,ce,0.32858422934919534,0.06160229380882565,0.5859187606762001,0.06155854477863661,finite_seed_mean
test,condition:1,7,True,post-hoc descriptive; fixed predictors and source constants; no source-estimation uncertainty,False,2000,20260919,O,O,finite_mean_42_123_456,Delta_input,brier,0.20349663792318698,0.05784337295577769,0.3434552260314645,0.037894712010729734,finite_seed_mean
test,condition:1,7,True,post-hoc descriptive; fixed predictors and source constants; no source-estimation uncertainty,False,2000,20260919,O,O,finite_mean_42_123_456,Delta_input,accuracy,-0.31428571428571433,-0.5642857142857144,-0.044702380952383845,0.05,finite_seed_mean
test,condition:1,7,True,post-hoc descriptive; fixed predictors and source constants; no source-estimation uncertainty,False,2000,20260919,O,O,finite_mean_42_123_456,Delta_input,macro_f1,-0.08868663744567595,-0.22266313932980597,0.06509232810045817,0.04249029125591911,finite_seed_mean
test,condition:1,7,True,post-hoc descriptive; fixed predictors and source constants; no source-estimation uncertainty,False,2000,20260919,O,O,finite_mean_42_123_456,Delta_pi,ce,0.32110434676748895,0.0968384559102262,0.5608202042282597,0.06071532314038095,finite_seed_mean
test,condition:1,7,True,post-hoc descriptive; fixed predictors and source constants; no source-estimation uncertainty,False,2000,20260919,O,O,finite_mean_42_123_456,Delta_pi,brier,0.20038215272549365,0.07126135519082841,0.3295154238937534,0.0372530519944914,finite_seed_mean
test,condition:1,7,True,post-hoc descriptive; fixed predictors and source constants; no source-estimation uncertainty,False,2000,20260919,O,O,finite_mean_42_123_456,Delta_pi,accuracy,-0.31428571428571433,-0.7428571428571429,0.15017857142857044,0.05,finite_seed_mean
test,condition:1,7,True,post-hoc descriptive; fixed predictors and source constants; no source-estimation uncertainty,False,2000,20260919,O,O,finite_mean_42_123_456,Delta_pi,macro_f1,-0.08868663744567595,-0.2777777777777778,0.10373214644470193,0.04249029125591911,finite_seed_mean
test,condition:2,7,True,post-hoc descriptive; fixed predictors and source constants; no source-estimation uncertainty,False,2000,20260919,p0,p0,fixed/reference,Delta_input,ce,0.24720442964991785,-0.001066490935003328,0.43985142485578593,,fixed_reference
test,condition:2,7,True,post-hoc descriptive; fixed predictors and source constants; no source-estimation uncertainty,False,2000,20260919,p0,p0,fixed/reference,Delta_input,brier,0.23117183411479358,0.11558432835234411,0.36226903277135236,,fixed_reference
test,condition:2,7,True,post-hoc descriptive; fixed predictors and source constants; no source-estimation uncertainty,False,2000,20260919,p0,p0,fixed/reference,Delta_input,accuracy,-0.42857142857142866,-0.8571428571428572,-0.14285714285714285,,fixed_reference
test,condition:2,7,True,post-hoc descriptive; fixed predictors and source constants; no source-estimation uncertainty,False,2000,20260919,p0,p0,fixed/reference,Delta_input,macro_f1,-0.20000000000000004,-0.3076923076923077,-0.08333333333333333,,fixed_reference
test,condition:2,7,True,post-hoc descriptive; fixed predictors and source constants; no source-estimation uncertainty,False,2000,20260919,p0,p0,fixed/reference,Delta_pi,ce,0.29878944271990626,0.10592829137269691,0.5359024071583489,,fixed_reference
test,condition:2,7,True,post-hoc descriptive; fixed predictors and source constants; no source-estimation uncertainty,False,2000,20260919,p0,p0,fixed/reference,Delta_pi,brier,0.2396137258847697,0.14634507836872035,0.3500146229310711,,fixed_reference
test,condition:2,7,True,post-hoc descriptive; fixed predictors and source constants; no source-estimation uncertainty,False,2000,20260919,p0,p0,fixed/reference,Delta_pi,accuracy,-0.42857142857142866,-0.8571428571428572,-0.14285714285714285,,fixed_reference
test,condition:2,7,True,post-hoc descriptive; fixed predictors and source constants; no source-estimation uncertainty,False,2000,20260919,p0,p0,fixed/reference,Delta_pi,macro_f1,-0.20000000000000004,-0.3076923076923077,-0.08333333333333333,,fixed_reference
test,condition:2,7,True,post-hoc descriptive; fixed predictors and source constants; no source-estimation uncertainty,False,2000,20260919,MLP16_seed_42,MLP16,42,Delta_input,ce,0.02351586676420836,-0.011242372155934932,0.06261481982027123,,individual_seed
test,condition:2,7,True,post-hoc descriptive; fixed predictors and source constants; no source-estimation uncertainty,False,2000,20260919,MLP16_seed_42,MLP16,42,Delta_input,brier,0.013850519057269417,-0.0076298498200221415,0.036844650050647604,,individual_seed
test,condition:2,7,True,post-hoc descriptive; fixed predictors and source constants; no source-estimation uncertainty,False,2000,20260919,MLP16_seed_42,MLP16,42,Delta_input,accuracy,0.0,0.0,0.0,,individual_seed
test,condition:2,7,True,post-hoc descriptive; fixed predictors and source constants; no source-estimation uncertainty,False,2000,20260919,MLP16_seed_42,MLP16,42,Delta_input,macro_f1,0.0,0.0,0.0,,individual_seed
test,condition:2,7,True,post-hoc descriptive; fixed predictors and source constants; no source-estimation uncertainty,False,2000,20260919,MLP16_seed_42,MLP16,42,Delta_pi,ce,0.023572211015129962,-0.018450429695621696,0.05485452319403783,,individual_seed
test,condition:2,7,True,post-hoc descriptive; fixed predictors and source constants; no source-estimation uncertainty,False,2000,20260919,MLP16_seed_42,MLP16,42,Delta_pi,brier,0.014385676456376562,-0.016638414712724304,0.03844130490470776,,individual_seed
test,condition:2,7,True,post-hoc descriptive; fixed predictors and source constants; no source-estimation uncertainty,False,2000,20260919,MLP16_seed_42,MLP16,42,Delta_pi,accuracy,0.0,0.0,0.0,,individual_seed
test,condition:2,7,True,post-hoc descriptive; fixed predictors and source constants; no source-estimation uncertainty,False,2000,20260919,MLP16_seed_42,MLP16,42,Delta_pi,macro_f1,0.0,0.0,0.0,,individual_seed
test,condition:2,7,True,post-hoc descriptive; fixed predictors and source constants; no source-estimation uncertainty,False,2000,20260919,MLP16_seed_123,MLP16,123,Delta_input,ce,0.024191789857211043,-0.01258890657620294,0.06543309168009112,,individual_seed
test,condition:2,7,True,post-hoc descriptive; fixed predictors and source constants; no source-estimation uncertainty,False,2000,20260919,MLP16_seed_123,MLP16,123,Delta_input,brier,0.013824966264664229,-0.007097528551669785,0.03621342030455749,,individual_seed
test,condition:2,7,True,post-hoc descriptive; fixed predictors and source constants; no source-estimation uncertainty,False,2000,20260919,MLP16_seed_123,MLP16,123,Delta_input,accuracy,-0.10714285714285732,-0.5214285714285714,0.31428571428571406,,individual_seed
test,condition:2,7,True,post-hoc descriptive; fixed predictors and source constants; no source-estimation uncertainty,False,2000,20260919,MLP16_seed_123,MLP16,123,Delta_input,macro_f1,0.030884557721139322,-0.18578522784405138,0.27747539719666636,,individual_seed
test,condition:2,7,True,post-hoc descriptive; fixed predictors and source constants; no source-estimation uncertainty,False,2000,20260919,MLP16_seed_123,MLP16,123,Delta_pi,ce,0.02059852938284079,-0.01810893371011721,0.05048719622772243,,individual_seed
test,condition:2,7,True,post-hoc descriptive; fixed predictors and source constants; no source-estimation uncertainty,False,2000,20260919,MLP16_seed_123,MLP16,123,Delta_pi,brier,0.012239572102474838,-0.009167344238995179,0.026528321936479027,,individual_seed
test,condition:2,7,True,post-hoc descriptive; fixed predictors and source constants; no source-estimation uncertainty,False,2000,20260919,MLP16_seed_123,MLP16,123,Delta_pi,accuracy,-0.10714285714285732,-0.5214285714285714,0.31428571428571406,,individual_seed
test,condition:2,7,True,post-hoc descriptive; fixed predictors and source constants; no source-estimation uncertainty,False,2000,20260919,MLP16_seed_123,MLP16,123,Delta_pi,macro_f1,0.030884557721139322,-0.18578522784405138,0.27747539719666636,,individual_seed
test,condition:2,7,True,post-hoc descriptive; fixed predictors and source constants; no source-estimation uncertainty,False,2000,20260919,MLP16_seed_456,MLP16,456,Delta_input,ce,0.0270781496597281,-0.011151233126677429,0.06719611953784921,,individual_seed
test,condition:2,7,True,post-hoc descriptive; fixed predictors and source constants; no source-estimation uncertainty,False,2000,20260919,MLP16_seed_456,MLP16,456,Delta_input,brier,0.01572862617213422,-0.00530398645814778,0.03797505864711001,,individual_seed
test,condition:2,7,True,post-hoc descriptive; fixed predictors and source constants; no source-estimation uncertainty,False,2000,20260919,MLP16_seed_456,MLP16,456,Delta_input,accuracy,-0.14285714285714307,-0.5714285714285715,0.2857142857142856,,individual_seed
test,condition:2,7,True,post-hoc descriptive; fixed predictors and source constants; no source-estimation uncertainty,False,2000,20260919,MLP16_seed_456,MLP16,456,Delta_input,macro_f1,0.006349206349206243,-0.2243589743589744,0.2722222222222221,,individual_seed
test,condition:2,7,True,post-hoc descriptive; fixed predictors and source constants; no source-estimation uncertainty,False,2000,20260919,MLP16_seed_456,MLP16,456,Delta_pi,ce,0.026049483194920064,-0.011403388965154049,0.05939870236588962,,individual_seed
test,condition:2,7,True,post-hoc descriptive; fixed predictors and source constants; no source-estimation uncertainty,False,2000,20260919,MLP16_seed_456,MLP16,456,Delta_pi,brier,0.015277022313156752,-0.0061476947442983265,0.032787262893301916,,individual_seed
test,condition:2,7,True,post-hoc descriptive; fixed predictors and source constants; no source-estimation uncertainty,False,2000,20260919,MLP16_seed_456,MLP16,456,Delta_pi,accuracy,-0.14285714285714307,-0.5714285714285715,0.2857142857142856,,individual_seed
test,condition:2,7,True,post-hoc descriptive; fixed predictors and source constants; no source-estimation uncertainty,False,2000,20260919,MLP16_seed_456,MLP16,456,Delta_pi,macro_f1,0.006349206349206243,-0.2243589743589744,0.2722222222222221,,individual_seed
test,condition:2,7,True,post-hoc descriptive; fixed predictors and source constants; no source-estimation uncertainty,False,2000,20260919,O_seed_42,O,42,Delta_input,ce,0.0857074576838397,-0.010079988570066978,0.22388607843185815,,individual_seed
test,condition:2,7,True,post-hoc descriptive; fixed predictors and source constants; no source-estimation uncertainty,False,2000,20260919,O_seed_42,O,42,Delta_input,brier,0.08424201217087246,0.02481129740401421,0.17270139713515797,,individual_seed
test,condition:2,7,True,post-hoc descriptive; fixed predictors and source constants; no source-estimation uncertainty,False,2000,20260919,O_seed_42,O,42,Delta_input,accuracy,-0.1500000000000002,-0.5857142857142857,0.2857142857142855,,individual_seed
test,condition:2,7,True,post-hoc descriptive; fixed predictors and source constants; no source-estimation uncertainty,False,2000,20260919,O_seed_42,O,42,Delta_input,macro_f1,0.001319935786907589,-0.22802773746169974,0.25400596605158254,,individual_seed
test,condition:2,7,True,post-hoc descriptive; fixed predictors and source constants; no source-estimation uncertainty,False,2000,20260919,O_seed_42,O,42,Delta_pi,ce,0.0773713634118054,0.005253204190127517,0.19016337721024645,,individual_seed
test,condition:2,7,True,post-hoc descriptive; fixed predictors and source constants; no source-estimation uncertainty,False,2000,20260919,O_seed_42,O,42,Delta_pi,brier,0.08061166633007211,0.029350995478934272,0.15533180850970438,,individual_seed
test,condition:2,7,True,post-hoc descriptive; fixed predictors and source constants; no source-estimation uncertainty,False,2000,20260919,O_seed_42,O,42,Delta_pi,accuracy,-0.1500000000000002,-0.5857142857142857,0.2857142857142855,,individual_seed
test,condition:2,7,True,post-hoc descriptive; fixed predictors and source constants; no source-estimation uncertainty,False,2000,20260919,O_seed_42,O,42,Delta_pi,macro_f1,0.001319935786907589,-0.22802773746169974,0.25400596605158254,,individual_seed
test,condition:2,7,True,post-hoc descriptive; fixed predictors and source constants; no source-estimation uncertainty,False,2000,20260919,O_seed_123,O,123,Delta_input,ce,0.051298549731976006,-0.03808931808541291,0.14992063311764386,,individual_seed
test,condition:2,7,True,post-hoc descriptive; fixed predictors and source constants; no source-estimation uncertainty,False,2000,20260919,O_seed_123,O,123,Delta_input,brier,0.059022371855245837,0.004917269098432953,0.12127022321285798,,individual_seed
test,condition:2,7,True,post-hoc descriptive; fixed predictors and source constants; no source-estimation uncertainty,False,2000,20260919,O_seed_123,O,123,Delta_input,accuracy,-0.2857142857142858,-0.7142857142857142,0.0,,individual_seed
test,condition:2,7,True,post-hoc descriptive; fixed predictors and source constants; no source-estimation uncertainty,False,2000,20260919,O_seed_123,O,123,Delta_input,macro_f1,-0.11666666666666668,-0.24242424242424243,0.0,,individual_seed
test,condition:2,7,True,post-hoc descriptive; fixed predictors and source constants; no source-estimation uncertainty,False,2000,20260919,O_seed_123,O,123,Delta_pi,ce,0.041576004860181204,-0.024824287722796656,0.11856676735781611,,individual_seed
test,condition:2,7,True,post-hoc descriptive; fixed predictors and source constants; no source-estimation uncertainty,False,2000,20260919,O_seed_123,O,123,Delta_pi,brier,0.05469792168436216,0.009816789089420883,0.10373354500161236,,individual_seed
test,condition:2,7,True,post-hoc descriptive; fixed predictors and source constants; no source-estimation uncertainty,False,2000,20260919,O_seed_123,O,123,Delta_pi,accuracy,-0.2857142857142858,-0.7142857142857142,0.0,,individual_seed
test,condition:2,7,True,post-hoc descriptive; fixed predictors and source constants; no source-estimation uncertainty,False,2000,20260919,O_seed_123,O,123,Delta_pi,macro_f1,-0.11666666666666668,-0.24242424242424243,0.0,,individual_seed
test,condition:2,7,True,post-hoc descriptive; fixed predictors and source constants; no source-estimation uncertainty,False,2000,20260919,O_seed_456,O,456,Delta_input,ce,0.059859716333041435,-0.029600422447440877,0.16552250859812456,,individual_seed
test,condition:2,7,True,post-hoc descriptive; fixed predictors and source constants; no source-estimation uncertainty,False,2000,20260919,O_seed_456,O,456,Delta_input,brier,0.05558433359716064,-0.000998657633201283,0.12227523870556849,,individual_seed
test,condition:2,7,True,post-hoc descriptive; fixed predictors and source constants; no source-estimation uncertainty,False,2000,20260919,O_seed_456,O,456,Delta_input,accuracy,-0.09999999999999998,-0.30000000000000004,0.0,,individual_seed
test,condition:2,7,True,post-hoc descriptive; fixed predictors and source constants; no source-estimation uncertainty,False,2000,20260919,O_seed_456,O,456,Delta_input,macro_f1,-0.015261044176706845,-0.0983050847457627,0.05387205387205393,,individual_seed
test,condition:2,7,True,post-hoc descriptive; fixed predictors and source constants; no source-estimation uncertainty,False,2000,20260919,O_seed_456,O,456,Delta_pi,ce,0.05547870773175134,-0.03968172017067484,0.17630694204084363,,individual_seed
test,condition:2,7,True,post-hoc descriptive; fixed predictors and source constants; no source-estimation uncertainty,False,2000,20260919,O_seed_456,O,456,Delta_pi,brier,0.05419567401576464,-0.014188481498300948,0.13989669527193882,,individual_seed
test,condition:2,7,True,post-hoc descriptive; fixed predictors and source constants; no source-estimation uncertainty,False,2000,20260919,O_seed_456,O,456,Delta_pi,accuracy,-0.10000000000000014,-0.7142857142857144,0.5142857142857142,,individual_seed
test,condition:2,7,True,post-hoc descriptive; fixed predictors and source constants; no source-estimation uncertainty,False,2000,20260919,O_seed_456,O,456,Delta_pi,macro_f1,-0.0152610441767069,-0.24603174603174605,0.2129629629629629,,individual_seed
test,condition:2,7,True,post-hoc descriptive; fixed predictors and source constants; no source-estimation uncertainty,False,2000,20260919,MLP16,MLP16,finite_mean_42_123_456,Delta_input,ce,0.024928602093715835,-0.011804718317825787,0.06425282541761186,0.0018919920879394616,finite_seed_mean
test,condition:2,7,True,post-hoc descriptive; fixed predictors and source constants; no source-estimation uncertainty,False,2000,20260919,MLP16,MLP16,finite_mean_42_123_456,Delta_input,brier,0.014468037164689288,-0.0065601835090068,0.03716658820008473,0.0010917768639107203,finite_seed_mean
test,condition:2,7,True,post-hoc descriptive; fixed predictors and source constants; no source-estimation uncertainty,False,2000,20260919,MLP16,MLP16,finite_mean_42_123_456,Delta_input,accuracy,-0.08333333333333347,-0.36428571428571427,0.19999999999999984,0.07434521426664771,finite_seed_mean
test,condition:2,7,True,post-hoc descriptive; fixed predictors and source constants; no source-estimation uncertainty,False,2000,20260919,MLP16,MLP16,finite_mean_42_123_456,Delta_input,macro_f1,0.012411254690115189,-0.13097295695191663,0.18148148148148138,0.016310282001646515,finite_seed_mean
test,condition:2,7,True,post-hoc descriptive; fixed predictors and source constants; no source-estimation uncertainty,False,2000,20260919,MLP16,MLP16,finite_mean_42_123_456,Delta_pi,ce,0.02340674119763027,-0.014215921744812754,0.0520089717134122,0.0027292415724396633,finite_seed_mean
test,condition:2,7,True,post-hoc descriptive; fixed predictors and source constants; no source-estimation uncertainty,False,2000,20260919,MLP16,MLP16,finite_mean_42_123_456,Delta_pi,brier,0.013967423624002717,-0.009396564543268196,0.02917545230461297,0.0015613223624333502,finite_seed_mean
test,condition:2,7,True,post-hoc descriptive; fixed predictors and source constants; no source-estimation uncertainty,False,2000,20260919,MLP16,MLP16,finite_mean_42_123_456,Delta_pi,accuracy,-0.08333333333333347,-0.36428571428571427,0.19999999999999984,0.07434521426664771,finite_seed_mean
test,condition:2,7,True,post-hoc descriptive; fixed predictors and source constants; no source-estimation uncertainty,False,2000,20260919,MLP16,MLP16,finite_mean_42_123_456,Delta_pi,macro_f1,0.012411254690115189,-0.13097295695191663,0.18148148148148138,0.016310282001646515,finite_seed_mean
test,condition:2,7,True,post-hoc descriptive; fixed predictors and source constants; no source-estimation uncertainty,False,2000,20260919,O,O,finite_mean_42_123_456,Delta_input,ce,0.06562190791628571,-0.025312878430760757,0.17941698475016923,0.01791355284390747,finite_seed_mean
test,condition:2,7,True,post-hoc descriptive; fixed predictors and source constants; no source-estimation uncertainty,False,2000,20260919,O,O,finite_mean_42_123_456,Delta_input,brier,0.06628290587442631,0.011098789363162775,0.13658884595381718,0.015647752266421625,finite_seed_mean
test,condition:2,7,True,post-hoc descriptive; fixed predictors and source constants; no source-estimation uncertainty,False,2000,20260919,O,O,finite_mean_42_123_456,Delta_input,accuracy,-0.1785714285714287,-0.43095238095238103,0.05720238095238057,0.0960973146219551,finite_seed_mean
test,condition:2,7,True,post-hoc descriptive; fixed predictors and source constants; no source-estimation uncertainty,False,2000,20260919,O,O,finite_mean_42_123_456,Delta_input,macro_f1,-0.043535925018821975,-0.17101449275362315,0.08676012351012387,0.06387340021175718,finite_seed_mean
test,condition:2,7,True,post-hoc descriptive; fixed predictors and source constants; no source-estimation uncertainty,False,2000,20260919,O,O,finite_mean_42_123_456,Delta_pi,ce,0.058142025334579316,-0.010546512543684697,0.15654094677719985,0.018045688375619914,finite_seed_mean
test,condition:2,7,True,post-hoc descriptive; fixed predictors and source constants; no source-estimation uncertainty,False,2000,20260919,O,O,finite_mean_42_123_456,Delta_pi,brier,0.06316842067673296,0.016851350541399513,0.12796593896562647,0.015108381030812135,finite_seed_mean
test,condition:2,7,True,post-hoc descriptive; fixed predictors and source constants; no source-estimation uncertainty,False,2000,20260919,O,O,finite_mean_42_123_456,Delta_pi,accuracy,-0.17857142857142871,-0.6571428571428571,0.21934523809523646,0.09609731462195503,finite_seed_mean
test,condition:2,7,True,post-hoc descriptive; fixed predictors and source constants; no source-estimation uncertainty,False,2000,20260919,O,O,finite_mean_42_123_456,Delta_pi,macro_f1,-0.043535925018821996,-0.21519410977242304,0.13290549714249628,0.06387340021175716,finite_seed_mean
test,condition:3,7,True,post-hoc descriptive; fixed predictors and source constants; no source-estimation uncertainty,False,2000,20260919,p0,p0,fixed/reference,Delta_input,ce,0.27234509900921844,-0.06752175745656169,0.5253672021275692,,fixed_reference
test,condition:3,7,True,post-hoc descriptive; fixed predictors and source constants; no source-estimation uncertainty,False,2000,20260919,p0,p0,fixed/reference,Delta_input,brier,0.26442074172633023,0.11965515223150491,0.3941637208555234,,fixed_reference
test,condition:3,7,True,post-hoc descriptive; fixed predictors and source constants; no source-estimation uncertainty,False,2000,20260919,p0,p0,fixed/reference,Delta_input,accuracy,-0.4285714285714286,-0.8571428571428572,-0.14285714285714285,,fixed_reference
test,condition:3,7,True,post-hoc descriptive; fixed predictors and source constants; no source-estimation uncertainty,False,2000,20260919,p0,p0,fixed/reference,Delta_input,macro_f1,-0.19999999999999998,-0.3076923076923077,-0.08333333333333333,,fixed_reference
test,condition:3,7,True,post-hoc descriptive; fixed predictors and source constants; no source-estimation uncertainty,False,2000,20260919,p0,p0,fixed/reference,Delta_pi,ce,0.32393011207920686,0.15539627449682314,0.48874334186732593,,fixed_reference
test,condition:3,7,True,post-hoc descriptive; fixed predictors and source constants; no source-estimation uncertainty,False,2000,20260919,p0,p0,fixed/reference,Delta_pi,brier,0.27286263349630635,0.19047913679362005,0.3591579312882489,,fixed_reference
test,condition:3,7,True,post-hoc descriptive; fixed predictors and source constants; no source-estimation uncertainty,False,2000,20260919,p0,p0,fixed/reference,Delta_pi,accuracy,-0.4285714285714286,-0.8571428571428572,-0.14285714285714285,,fixed_reference
test,condition:3,7,True,post-hoc descriptive; fixed predictors and source constants; no source-estimation uncertainty,False,2000,20260919,p0,p0,fixed/reference,Delta_pi,macro_f1,-0.19999999999999998,-0.3076923076923077,-0.08333333333333333,,fixed_reference
test,condition:3,7,True,post-hoc descriptive; fixed predictors and source constants; no source-estimation uncertainty,False,2000,20260919,MLP16_seed_42,MLP16,42,Delta_input,ce,0.029946996630285216,-0.008754213005821541,0.07365475974133906,,individual_seed
test,condition:3,7,True,post-hoc descriptive; fixed predictors and source constants; no source-estimation uncertainty,False,2000,20260919,MLP16_seed_42,MLP16,42,Delta_input,brier,0.018212189243381527,-0.006724389782650775,0.045025329619200506,,individual_seed
test,condition:3,7,True,post-hoc descriptive; fixed predictors and source constants; no source-estimation uncertainty,False,2000,20260919,MLP16_seed_42,MLP16,42,Delta_input,accuracy,0.0,0.0,0.0,,individual_seed
test,condition:3,7,True,post-hoc descriptive; fixed predictors and source constants; no source-estimation uncertainty,False,2000,20260919,MLP16_seed_42,MLP16,42,Delta_input,macro_f1,0.0,0.0,0.0,,individual_seed
test,condition:3,7,True,post-hoc descriptive; fixed predictors and source constants; no source-estimation uncertainty,False,2000,20260919,MLP16_seed_42,MLP16,42,Delta_pi,ce,0.03000334088120682,-0.005401239652297734,0.05968661033974978,,individual_seed
test,condition:3,7,True,post-hoc descriptive; fixed predictors and source constants; no source-estimation uncertainty,False,2000,20260919,MLP16_seed_42,MLP16,42,Delta_pi,brier,0.01874734664248867,-0.006781320609824948,0.04029988875847512,,individual_seed
test,condition:3,7,True,post-hoc descriptive; fixed predictors and source constants; no source-estimation uncertainty,False,2000,20260919,MLP16_seed_42,MLP16,42,Delta_pi,accuracy,0.0,0.0,0.0,,individual_seed
test,condition:3,7,True,post-hoc descriptive; fixed predictors and source constants; no source-estimation uncertainty,False,2000,20260919,MLP16_seed_42,MLP16,42,Delta_pi,macro_f1,0.0,0.0,0.0,,individual_seed
test,condition:3,7,True,post-hoc descriptive; fixed predictors and source constants; no source-estimation uncertainty,False,2000,20260919,MLP16_seed_123,MLP16,123,Delta_input,ce,0.03117361208931757,-0.013324099248951178,0.07820002030666973,,individual_seed
test,condition:3,7,True,post-hoc descriptive; fixed predictors and source constants; no source-estimation uncertainty,False,2000,20260919,MLP16_seed_123,MLP16,123,Delta_input,brier,0.018299823704798435,-0.005218198342711644,0.044512766201183135,,individual_seed
test,condition:3,7,True,post-hoc descriptive; fixed predictors and source constants; no source-estimation uncertainty,False,2000,20260919,MLP16_seed_123,MLP16,123,Delta_input,accuracy,-0.1428571428571429,-0.5714285714285714,0.2857142857142858,,individual_seed
test,condition:3,7,True,post-hoc descriptive; fixed predictors and source constants; no source-estimation uncertainty,False,2000,20260919,MLP16_seed_123,MLP16,123,Delta_input,macro_f1,0.006349206349206382,-0.2243589743589744,0.27222222222222214,,individual_seed
test,condition:3,7,True,post-hoc descriptive; fixed predictors and source constants; no source-estimation uncertainty,False,2000,20260919,MLP16_seed_123,MLP16,123,Delta_pi,ce,0.027580351614947318,-0.005662191793287086,0.05838361304014683,,individual_seed
test,condition:3,7,True,post-hoc descriptive; fixed predictors and source constants; no source-estimation uncertainty,False,2000,20260919,MLP16_seed_123,MLP16,123,Delta_pi,brier,0.016714429542609044,-0.0013840548437720477,0.0322327077254243,,individual_seed
test,condition:3,7,True,post-hoc descriptive; fixed predictors and source constants; no source-estimation uncertainty,False,2000,20260919,MLP16_seed_123,MLP16,123,Delta_pi,accuracy,-0.1428571428571429,-0.5714285714285714,0.2857142857142858,,individual_seed
test,condition:3,7,True,post-hoc descriptive; fixed predictors and source constants; no source-estimation uncertainty,False,2000,20260919,MLP16_seed_123,MLP16,123,Delta_pi,macro_f1,0.006349206349206382,-0.2243589743589744,0.27222222222222214,,individual_seed
test,condition:3,7,True,post-hoc descriptive; fixed predictors and source constants; no source-estimation uncertainty,False,2000,20260919,MLP16_seed_456,MLP16,456,Delta_input,ce,0.0343821570796945,-0.0084754493927723,0.080838431490167,,individual_seed
test,condition:3,7,True,post-hoc descriptive; fixed predictors and source constants; no source-estimation uncertainty,False,2000,20260919,MLP16_seed_456,MLP16,456,Delta_input,brier,0.020472503855156643,-0.003063742068776315,0.04612233952917764,,individual_seed
test,condition:3,7,True,post-hoc descriptive; fixed predictors and source constants; no source-estimation uncertainty,False,2000,20260919,MLP16_seed_456,MLP16,456,Delta_input,accuracy,-0.1428571428571429,-0.5714285714285714,0.2857142857142858,,individual_seed
test,condition:3,7,True,post-hoc descriptive; fixed predictors and source constants; no source-estimation uncertainty,False,2000,20260919,MLP16_seed_456,MLP16,456,Delta_input,macro_f1,0.006349206349206382,-0.2243589743589744,0.27222222222222214,,individual_seed
test,condition:3,7,True,post-hoc descriptive; fixed predictors and source constants; no source-estimation uncertainty,False,2000,20260919,MLP16_seed_456,MLP16,456,Delta_pi,ce,0.03335349061488646,-0.00538319680342556,0.07141087061886042,,individual_seed
test,condition:3,7,True,post-hoc descriptive; fixed predictors and source constants; no source-estimation uncertainty,False,2000,20260919,MLP16_seed_456,MLP16,456,Delta_pi,brier,0.020020899996179176,-0.0011933869363100977,0.0404241873718606,,individual_seed
test,condition:3,7,True,post-hoc descriptive; fixed predictors and source constants; no source-estimation uncertainty,False,2000,20260919,MLP16_seed_456,MLP16,456,Delta_pi,accuracy,-0.1428571428571429,-0.5714285714285714,0.2857142857142858,,individual_seed
test,condition:3,7,True,post-hoc descriptive; fixed predictors and source constants; no source-estimation uncertainty,False,2000,20260919,MLP16_seed_456,MLP16,456,Delta_pi,macro_f1,0.006349206349206382,-0.2243589743589744,0.27222222222222214,,individual_seed
test,condition:3,7,True,post-hoc descriptive; fixed predictors and source constants; no source-estimation uncertainty,False,2000,20260919,O_seed_42,O,42,Delta_input,ce,0.11609591602587188,-0.026953795566767802,0.2872620035111032,,individual_seed
test,condition:3,7,True,post-hoc descriptive; fixed predictors and source constants; no source-estimation uncertainty,False,2000,20260919,O_seed_42,O,42,Delta_input,brier,0.09825223712137099,0.007811415482551265,0.21302833745358027,,individual_seed
test,condition:3,7,True,post-hoc descriptive; fixed predictors and source constants; no source-estimation uncertainty,False,2000,20260919,O_seed_42,O,42,Delta_input,accuracy,-0.1785714285714286,-0.7000000000000001,0.3285714285714286,,individual_seed
test,condition:3,7,True,post-hoc descriptive; fixed predictors and source constants; no source-estimation uncertainty,False,2000,20260919,O_seed_42,O,42,Delta_input,macro_f1,-0.03257044044349505,-0.2547892720306513,0.17929292929292934,,individual_seed
test,condition:3,7,True,post-hoc descriptive; fixed predictors and source constants; no source-estimation uncertainty,False,2000,20260919,O_seed_42,O,42,Delta_pi,ce,0.10775982175383758,-0.007116425599444553,0.25627275356053847,,individual_seed
test,condition:3,7,True,post-hoc descriptive; fixed predictors and source constants; no source-estimation uncertainty,False,2000,20260919,O_seed_42,O,42,Delta_pi,brier,0.09462189128057064,0.02232809861412498,0.19289071488499807,,individual_seed
test,condition:3,7,True,post-hoc descriptive; fixed predictors and source constants; no source-estimation uncertainty,False,2000,20260919,O_seed_42,O,42,Delta_pi,accuracy,-0.1785714285714286,-0.7000000000000001,0.3285714285714286,,individual_seed
test,condition:3,7,True,post-hoc descriptive; fixed predictors and source constants; no source-estimation uncertainty,False,2000,20260919,O_seed_42,O,42,Delta_pi,macro_f1,-0.03257044044349505,-0.2547892720306513,0.17929292929292934,,individual_seed
test,condition:3,7,True,post-hoc descriptive; fixed predictors and source constants; no source-estimation uncertainty,False,2000,20260919,O_seed_123,O,123,Delta_input,ce,0.07292167001524974,-0.05719515050603485,0.20050622749049318,,individual_seed
test,condition:3,7,True,post-hoc descriptive; fixed predictors and source constants; no source-estimation uncertainty,False,2000,20260919,O_seed_123,O,123,Delta_input,brier,0.067463752086527,-0.009623311306853951,0.15570846972323313,,individual_seed
test,condition:3,7,True,post-hoc descriptive; fixed predictors and source constants; no source-estimation uncertainty,False,2000,20260919,O_seed_123,O,123,Delta_input,accuracy,0.0,-0.5714285714285715,0.5714285714285714,,individual_seed
test,condition:3,7,True,post-hoc descriptive; fixed predictors and source constants; no source-estimation uncertainty,False,2000,20260919,O_seed_123,O,123,Delta_input,macro_f1,0.10158730158730159,-0.19444444444444448,0.37153439153439105,,individual_seed
test,condition:3,7,True,post-hoc descriptive; fixed predictors and source constants; no source-estimation uncertainty,False,2000,20260919,O_seed_123,O,123,Delta_pi,ce,0.06319912514345494,-0.03498551541992127,0.1740582517623851,,individual_seed
test,condition:3,7,True,post-hoc descriptive; fixed predictors and source constants; no source-estimation uncertainty,False,2000,20260919,O_seed_123,O,123,Delta_pi,brier,0.06313930191564332,-0.0030000227560804727,0.13918000228317837,,individual_seed
test,condition:3,7,True,post-hoc descriptive; fixed predictors and source constants; no source-estimation uncertainty,False,2000,20260919,O_seed_123,O,123,Delta_pi,accuracy,0.0,-0.5714285714285715,0.5714285714285714,,individual_seed
test,condition:3,7,True,post-hoc descriptive; fixed predictors and source constants; no source-estimation uncertainty,False,2000,20260919,O_seed_123,O,123,Delta_pi,macro_f1,0.10158730158730159,-0.19444444444444448,0.37153439153439105,,individual_seed
test,condition:3,7,True,post-hoc descriptive; fixed predictors and source constants; no source-estimation uncertainty,False,2000,20260919,O_seed_456,O,456,Delta_input,ce,0.08320898633353502,-0.037516945277357924,0.20605074301772486,,individual_seed
test,condition:3,7,True,post-hoc descriptive; fixed predictors and source constants; no source-estimation uncertainty,False,2000,20260919,O_seed_456,O,456,Delta_input,brier,0.06648347174278291,-0.010568702932507446,0.1513043280888502,,individual_seed
test,condition:3,7,True,post-hoc descriptive; fixed predictors and source constants; no source-estimation uncertainty,False,2000,20260919,O_seed_456,O,456,Delta_input,accuracy,-0.1214285714285715,-0.3642857142857143,0.0,,individual_seed
test,condition:3,7,True,post-hoc descriptive; fixed predictors and source constants; no source-estimation uncertainty,False,2000,20260919,O_seed_456,O,456,Delta_input,macro_f1,-0.024130879345603262,-0.12802582033351265,0.05387205387205393,,individual_seed
test,condition:3,7,True,post-hoc descriptive; fixed predictors and source constants; no source-estimation uncertainty,False,2000,20260919,O_seed_456,O,456,Delta_pi,ce,0.07882797773224492,-0.0517113812817042,0.22787960966012055,,individual_seed
test,condition:3,7,True,post-hoc descriptive; fixed predictors and source constants; no source-estimation uncertainty,False,2000,20260919,O_seed_456,O,456,Delta_pi,brier,0.0650948121613869,-0.026762543566604388,0.17096984047901304,,individual_seed
test,condition:3,7,True,post-hoc descriptive; fixed predictors and source constants; no source-estimation uncertainty,False,2000,20260919,O_seed_456,O,456,Delta_pi,accuracy,-0.1214285714285715,-0.7142857142857144,0.47142857142857136,,individual_seed
test,condition:3,7,True,post-hoc descriptive; fixed predictors and source constants; no source-estimation uncertainty,False,2000,20260919,O_seed_456,O,456,Delta_pi,macro_f1,-0.024130879345603262,-0.2615176151761518,0.21296296296296302,,individual_seed
test,condition:3,7,True,post-hoc descriptive; fixed predictors and source constants; no source-estimation uncertainty,False,2000,20260919,MLP16,MLP16,finite_mean_42_123_456,Delta_input,ce,0.03183425526643243,-0.009330991862113761,0.07745762123699214,0.00229019630350815,finite_seed_mean
test,condition:3,7,True,post-hoc descriptive; fixed predictors and source constants; no source-estimation uncertainty,False,2000,20260919,MLP16,MLP16,finite_mean_42_123_456,Delta_input,brier,0.018994838934445535,-0.004425714790430339,0.04451066897375589,0.001280445298766051,finite_seed_mean
test,condition:3,7,True,post-hoc descriptive; fixed predictors and source constants; no source-estimation uncertainty,False,2000,20260919,MLP16,MLP16,finite_mean_42_123_456,Delta_input,accuracy,-0.09523809523809527,-0.38095238095238093,0.19047619047619055,0.08247860988423228,finite_seed_mean
test,condition:3,7,True,post-hoc descriptive; fixed predictors and source constants; no source-estimation uncertainty,False,2000,20260919,MLP16,MLP16,finite_mean_42_123_456,Delta_input,macro_f1,0.004232804232804255,-0.1495726495726496,0.18148148148148144,0.003665715994854786,finite_seed_mean
test,condition:3,7,True,post-hoc descriptive; fixed predictors and source constants; no source-estimation uncertainty,False,2000,20260919,MLP16,MLP16,finite_mean_42_123_456,Delta_pi,ce,0.030312394370346867,-0.0034811682109786857,0.06100490199252014,0.002898951366014409,finite_seed_mean
test,condition:3,7,True,post-hoc descriptive; fixed predictors and source constants; no source-estimation uncertainty,False,2000,20260919,MLP16,MLP16,finite_mean_42_123_456,Delta_pi,brier,0.018494225393758962,-0.0015250005500513683,0.03474756779712003,0.001667704856982174,finite_seed_mean
test,condition:3,7,True,post-hoc descriptive; fixed predictors and source constants; no source-estimation uncertainty,False,2000,20260919,MLP16,MLP16,finite_mean_42_123_456,Delta_pi,accuracy,-0.09523809523809527,-0.38095238095238093,0.19047619047619055,0.08247860988423228,finite_seed_mean
test,condition:3,7,True,post-hoc descriptive; fixed predictors and source constants; no source-estimation uncertainty,False,2000,20260919,MLP16,MLP16,finite_mean_42_123_456,Delta_pi,macro_f1,0.004232804232804255,-0.1495726495726496,0.18148148148148144,0.003665715994854786,finite_seed_mean
test,condition:3,7,True,post-hoc descriptive; fixed predictors and source constants; no source-estimation uncertainty,False,2000,20260919,O,O,finite_mean_42_123_456,Delta_input,ce,0.09074219079155221,-0.03822384773967733,0.22768417392689289,0.02255140254399154,finite_seed_mean
test,condition:3,7,True,post-hoc descriptive; fixed predictors and source constants; no source-estimation uncertainty,False,2000,20260919,O,O,finite_mean_42_123_456,Delta_input,brier,0.07739982031689363,-0.003262706961843044,0.17256340088733121,0.01806537301936553,finite_seed_mean
test,condition:3,7,True,post-hoc descriptive; fixed predictors and source constants; no source-estimation uncertainty,False,2000,20260919,O,O,finite_mean_42_123_456,Delta_input,accuracy,-0.10000000000000003,-0.4525,0.25255952380952285,0.09119389524859792,finite_seed_mean
test,condition:3,7,True,post-hoc descriptive; fixed predictors and source constants; no source-estimation uncertainty,False,2000,20260919,O,O,finite_mean_42_123_456,Delta_input,macro_f1,0.014961993932734424,-0.16969171850753242,0.17598094397868488,0.07513830243336331,finite_seed_mean
test,condition:3,7,True,post-hoc descriptive; fixed predictors and source constants; no source-estimation uncertainty,False,2000,20260919,O,O,finite_mean_42_123_456,Delta_pi,ce,0.08326230820984581,-0.0283484712213729,0.21790154326358965,0.022608878470394698,finite_seed_mean
test,condition:3,7,True,post-hoc descriptive; fixed predictors and source constants; no source-estimation uncertainty,False,2000,20260919,O,O,finite_mean_42_123_456,Delta_pi,brier,0.07428533511920028,-0.0002354067422576899,0.16594394407158575,0.01763909415074169,finite_seed_mean
test,condition:3,7,True,post-hoc descriptive; fixed predictors and source constants; no source-estimation uncertainty,False,2000,20260919,O,O,finite_mean_42_123_456,Delta_pi,accuracy,-0.10000000000000003,-0.6595238095238096,0.4333928571428568,0.09119389524859792,finite_seed_mean
test,condition:3,7,True,post-hoc descriptive; fixed predictors and source constants; no source-estimation uncertainty,False,2000,20260919,O,O,finite_mean_42_123_456,Delta_pi,macro_f1,0.014961993932734424,-0.23597588451574625,0.22425830661201435,0.07513830243336331,finite_seed_mean
test,held_out_source,7,True,post-hoc descriptive; fixed predictors and source constants; no source-estimation uncertainty,False,2000,20260919,p0,p0,fixed/reference,Delta_input,ce,0.2525422839846523,-0.052173422765043886,0.47472055240366784,,fixed_reference
test,held_out_source,7,True,post-hoc descriptive; fixed predictors and source constants; no source-estimation uncertainty,False,2000,20260919,p0,p0,fixed/reference,Delta_input,brier,0.24586082524654485,0.11593729497142315,0.3788121699031213,,fixed_reference
test,held_out_source,7,True,post-hoc descriptive; fixed predictors and source constants; no source-estimation uncertainty,False,2000,20260919,p0,p0,fixed/reference,Delta_input,accuracy,-0.4285714285714286,-0.8571428571428572,-0.14285714285714285,,fixed_reference
test,held_out_source,7,True,post-hoc descriptive; fixed predictors and source constants; no source-estimation uncertainty,False,2000,20260919,p0,p0,fixed/reference,Delta_input,macro_f1,-0.19999999999999998,-0.3076923076923077,-0.08333333333333333,,fixed_reference
test,held_out_source,7,True,post-hoc descriptive; fixed predictors and source constants; no source-estimation uncertainty,False,2000,20260919,p0,p0,fixed/reference,Delta_pi,ce,0.3041272970546407,0.13612468968259342,0.48936832514017375,,fixed_reference
test,held_out_source,7,True,post-hoc descriptive; fixed predictors and source constants; no source-estimation uncertainty,False,2000,20260919,p0,p0,fixed/reference,Delta_pi,brier,0.25430271701652096,0.17010043961026733,0.35453130078808004,,fixed_reference
test,held_out_source,7,True,post-hoc descriptive; fixed predictors and source constants; no source-estimation uncertainty,False,2000,20260919,p0,p0,fixed/reference,Delta_pi,accuracy,-0.4285714285714286,-0.8571428571428572,-0.14285714285714285,,fixed_reference
test,held_out_source,7,True,post-hoc descriptive; fixed predictors and source constants; no source-estimation uncertainty,False,2000,20260919,p0,p0,fixed/reference,Delta_pi,macro_f1,-0.19999999999999998,-0.3076923076923077,-0.08333333333333333,,fixed_reference
test,held_out_source,7,True,post-hoc descriptive; fixed predictors and source constants; no source-estimation uncertainty,False,2000,20260919,MLP16_seed_42,MLP16,42,Delta_input,ce,0.025603360624989913,-0.010088769409026638,0.06590154295478308,,individual_seed
test,held_out_source,7,True,post-hoc descriptive; fixed predictors and source constants; no source-estimation uncertainty,False,2000,20260919,MLP16_seed_42,MLP16,42,Delta_input,brier,0.015508487198203857,-0.006808838914535914,0.03972225140607022,,individual_seed
test,held_out_source,7,True,post-hoc descriptive; fixed predictors and source constants; no source-estimation uncertainty,False,2000,20260919,MLP16_seed_42,MLP16,42,Delta_input,accuracy,0.0,0.0,0.0,,individual_seed
test,held_out_source,7,True,post-hoc descriptive; fixed predictors and source constants; no source-estimation uncertainty,False,2000,20260919,MLP16_seed_42,MLP16,42,Delta_input,macro_f1,0.0,0.0,0.0,,individual_seed
test,held_out_source,7,True,post-hoc descriptive; fixed predictors and source constants; no source-estimation uncertainty,False,2000,20260919,MLP16_seed_42,MLP16,42,Delta_pi,ce,0.025659704875911515,-0.01122034946344111,0.05643345530576116,,individual_seed
test,held_out_source,7,True,post-hoc descriptive; fixed predictors and source constants; no source-estimation uncertainty,False,2000,20260919,MLP16_seed_42,MLP16,42,Delta_pi,brier,0.016043644597311002,-0.011583138501823034,0.03855553904279441,,individual_seed
test,held_out_source,7,True,post-hoc descriptive; fixed predictors and source constants; no source-estimation uncertainty,False,2000,20260919,MLP16_seed_42,MLP16,42,Delta_pi,accuracy,0.0,0.0,0.0,,individual_seed
test,held_out_source,7,True,post-hoc descriptive; fixed predictors and source constants; no source-estimation uncertainty,False,2000,20260919,MLP16_seed_42,MLP16,42,Delta_pi,macro_f1,0.0,0.0,0.0,,individual_seed
test,held_out_source,7,True,post-hoc descriptive; fixed predictors and source constants; no source-estimation uncertainty,False,2000,20260919,MLP16_seed_123,MLP16,123,Delta_input,ce,0.026191803362667354,-0.014654795820616962,0.0700434044164866,,individual_seed
test,held_out_source,7,True,post-hoc descriptive; fixed predictors and source constants; no source-estimation uncertainty,False,2000,20260919,MLP16_seed_123,MLP16,123,Delta_input,brier,0.015322024861190275,-0.006320650804846306,0.03927061679646526,,individual_seed
test,held_out_source,7,True,post-hoc descriptive; fixed predictors and source constants; no source-estimation uncertainty,False,2000,20260919,MLP16_seed_123,MLP16,123,Delta_input,accuracy,-0.111904761904762,-0.5119047619047619,0.3023809523809523,,individual_seed
test,held_out_source,7,True,post-hoc descriptive; fixed predictors and source constants; no source-estimation uncertainty,False,2000,20260919,MLP16_seed_123,MLP16,123,Delta_input,macro_f1,0.02746916974803032,-0.18703472913905575,0.27222222222222225,,individual_seed
test,held_out_source,7,True,post-hoc descriptive; fixed predictors and source constants; no source-estimation uncertainty,False,2000,20260919,MLP16_seed_123,MLP16,123,Delta_pi,ce,0.022598542888297102,-0.010777739949011397,0.051959252405778165,,individual_seed
test,held_out_source,7,True,post-hoc descriptive; fixed predictors and source constants; no source-estimation uncertainty,False,2000,20260919,MLP16_seed_123,MLP16,123,Delta_pi,brier,0.013736630699000885,-0.005749858560914256,0.02835493128803568,,individual_seed
test,held_out_source,7,True,post-hoc descriptive; fixed predictors and source constants; no source-estimation uncertainty,False,2000,20260919,MLP16_seed_123,MLP16,123,Delta_pi,accuracy,-0.111904761904762,-0.5119047619047619,0.3023809523809523,,individual_seed
test,held_out_source,7,True,post-hoc descriptive; fixed predictors and source constants; no source-estimation uncertainty,False,2000,20260919,MLP16_seed_123,MLP16,123,Delta_pi,macro_f1,0.02746916974803032,-0.18703472913905575,0.27222222222222225,,individual_seed
test,held_out_source,7,True,post-hoc descriptive; fixed predictors and source constants; no source-estimation uncertainty,False,2000,20260919,MLP16_seed_456,MLP16,456,Delta_input,ce,0.02911700797154393,-0.010635806808680901,0.07216647927843722,,individual_seed
test,held_out_source,7,True,post-hoc descriptive; fixed predictors and source constants; no source-estimation uncertainty,False,2000,20260919,MLP16_seed_456,MLP16,456,Delta_input,brier,0.017253675333153806,-0.004631947314225576,0.04060848950985926,,individual_seed
test,held_out_source,7,True,post-hoc descriptive; fixed predictors and source constants; no source-estimation uncertainty,False,2000,20260919,MLP16_seed_456,MLP16,456,Delta_input,accuracy,-0.14285714285714296,-0.5714285714285714,0.28571428571428575,,individual_seed
test,held_out_source,7,True,post-hoc descriptive; fixed predictors and source constants; no source-estimation uncertainty,False,2000,20260919,MLP16_seed_456,MLP16,456,Delta_input,macro_f1,0.006349206349206382,-0.2243589743589744,0.27222222222222214,,individual_seed
test,held_out_source,7,True,post-hoc descriptive; fixed predictors and source constants; no source-estimation uncertainty,False,2000,20260919,MLP16_seed_456,MLP16,456,Delta_pi,ce,0.028088341506735892,-0.008099605017053646,0.06286208397187736,,individual_seed
test,held_out_source,7,True,post-hoc descriptive; fixed predictors and source constants; no source-estimation uncertainty,False,2000,20260919,MLP16_seed_456,MLP16,456,Delta_pi,brier,0.01680207147417634,-0.003886126862436168,0.035119068861923966,,individual_seed
test,held_out_source,7,True,post-hoc descriptive; fixed predictors and source constants; no source-estimation uncertainty,False,2000,20260919,MLP16_seed_456,MLP16,456,Delta_pi,accuracy,-0.14285714285714296,-0.5714285714285714,0.28571428571428575,,individual_seed
test,held_out_source,7,True,post-hoc descriptive; fixed predictors and source constants; no source-estimation uncertainty,False,2000,20260919,MLP16_seed_456,MLP16,456,Delta_pi,macro_f1,0.006349206349206382,-0.2243589743589744,0.27222222222222214,,individual_seed
test,held_out_source,7,True,post-hoc descriptive; fixed predictors and source constants; no source-estimation uncertainty,False,2000,20260919,O_seed_42,O,42,Delta_input,ce,0.09897664991442157,-0.015848513553529953,0.2499929300764031,,individual_seed
test,held_out_source,7,True,post-hoc descriptive; fixed predictors and source constants; no source-estimation uncertainty,False,2000,20260919,O_seed_42,O,42,Delta_input,brier,0.09155822893016852,0.021522081143566935,0.1858757876519384,,individual_seed
test,held_out_source,7,True,post-hoc descriptive; fixed predictors and source constants; no source-estimation uncertainty,False,2000,20260919,O_seed_42,O,42,Delta_input,accuracy,-0.1857142857142858,-0.6764285714285715,0.29999999999999993,,individual_seed
test,held_out_source,7,True,post-hoc descriptive; fixed predictors and source constants; no source-estimation uncertainty,False,2000,20260919,O_seed_42,O,42,Delta_input,macro_f1,-0.029524578993273237,-0.23154807377318765,0.19059333554551358,,individual_seed
test,held_out_source,7,True,post-hoc descriptive; fixed predictors and source constants; no source-estimation uncertainty,False,2000,20260919,O_seed_42,O,42,Delta_pi,ce,0.09064055564238727,0.012332237523890132,0.2102138655772765,,individual_seed
test,held_out_source,7,True,post-hoc descriptive; fixed predictors and source constants; no source-estimation uncertainty,False,2000,20260919,O_seed_42,O,42,Delta_pi,brier,0.08792788308936816,0.03875107680061808,0.16470356599671265,,individual_seed
test,held_out_source,7,True,post-hoc descriptive; fixed predictors and source constants; no source-estimation uncertainty,False,2000,20260919,O_seed_42,O,42,Delta_pi,accuracy,-0.1857142857142858,-0.6764285714285715,0.29999999999999993,,individual_seed
test,held_out_source,7,True,post-hoc descriptive; fixed predictors and source constants; no source-estimation uncertainty,False,2000,20260919,O_seed_42,O,42,Delta_pi,macro_f1,-0.029524578993273237,-0.23154807377318765,0.19059333554551358,,individual_seed
test,held_out_source,7,True,post-hoc descriptive; fixed predictors and source constants; no source-estimation uncertainty,False,2000,20260919,O_seed_123,O,123,Delta_input,ce,0.060053099678677224,-0.04951922250859271,0.17124578212598118,,individual_seed
test,held_out_source,7,True,post-hoc descriptive; fixed predictors and source constants; no source-estimation uncertainty,False,2000,20260919,O_seed_123,O,123,Delta_input,brier,0.06298698379650547,0.0011378626677400814,0.13288853252996535,,individual_seed
test,held_out_source,7,True,post-hoc descriptive; fixed predictors and source constants; no source-estimation uncertainty,False,2000,20260919,O_seed_123,O,123,Delta_input,accuracy,-0.19523809523809524,-0.6190476190476188,0.13821428571428507,,individual_seed
test,held_out_source,7,True,post-hoc descriptive; fixed predictors and source constants; no source-estimation uncertainty,False,2000,20260919,O_seed_123,O,123,Delta_input,macro_f1,-0.04637666599691914,-0.2106782106782107,0.11600128266794932,,individual_seed
test,held_out_source,7,True,post-hoc descriptive; fixed predictors and source constants; no source-estimation uncertainty,False,2000,20260919,O_seed_123,O,123,Delta_pi,ce,0.05033055480688242,-0.019950018671441465,0.13555184736424977,,individual_seed
test,held_out_source,7,True,post-hoc descriptive; fixed predictors and source constants; no source-estimation uncertainty,False,2000,20260919,O_seed_123,O,123,Delta_pi,brier,0.05866253362562179,0.013093906647316697,0.11419836101931927,,individual_seed
test,held_out_source,7,True,post-hoc descriptive; fixed predictors and source constants; no source-estimation uncertainty,False,2000,20260919,O_seed_123,O,123,Delta_pi,accuracy,-0.19523809523809524,-0.6190476190476188,0.13821428571428507,,individual_seed
test,held_out_source,7,True,post-hoc descriptive; fixed predictors and source constants; no source-estimation uncertainty,False,2000,20260919,O_seed_123,O,123,Delta_pi,macro_f1,-0.04637666599691914,-0.2106782106782107,0.11600128266794932,,individual_seed
test,held_out_source,7,True,post-hoc descriptive; fixed predictors and source constants; no source-estimation uncertainty,False,2000,20260919,O_seed_456,O,456,Delta_input,ce,0.06953444424228983,-0.0346235172710625,0.18230003734211941,,individual_seed
test,held_out_source,7,True,post-hoc descriptive; fixed predictors and source constants; no source-estimation uncertainty,False,2000,20260919,O_seed_456,O,456,Delta_input,brier,0.06058268352310414,-0.0030305016055166803,0.13240989279792795,,individual_seed
test,held_out_source,7,True,post-hoc descriptive; fixed predictors and source constants; no source-estimation uncertainty,False,2000,20260919,O_seed_456,O,456,Delta_input,accuracy,-0.12142857142857144,-0.3547619047619047,0.0,,individual_seed
test,held_out_source,7,True,post-hoc descriptive; fixed predictors and source constants; no source-estimation uncertainty,False,2000,20260919,O_seed_456,O,456,Delta_input,macro_f1,-0.02424175228521447,-0.12204484570699649,0.052128273675920184,,individual_seed
test,held_out_source,7,True,post-hoc descriptive; fixed predictors and source constants; no source-estimation uncertainty,False,2000,20260919,O_seed_456,O,456,Delta_pi,ce,0.06515343564099974,-0.04140599340827474,0.19564393873150812,,individual_seed
test,held_out_source,7,True,post-hoc descriptive; fixed predictors and source constants; no source-estimation uncertainty,False,2000,20260919,O_seed_456,O,456,Delta_pi,brier,0.05919402394170814,-0.015232097145687962,0.14977863879216033,,individual_seed
test,held_out_source,7,True,post-hoc descriptive; fixed predictors and source constants; no source-estimation uncertainty,False,2000,20260919,O_seed_456,O,456,Delta_pi,accuracy,-0.1214285714285715,-0.7142857142857144,0.4714285714285715,,individual_seed
test,held_out_source,7,True,post-hoc descriptive; fixed predictors and source constants; no source-estimation uncertainty,False,2000,20260919,O_seed_456,O,456,Delta_pi,macro_f1,-0.02424175228521447,-0.2581327257456806,0.20870583226905065,,individual_seed
test,held_out_source,7,True,post-hoc descriptive; fixed predictors and source constants; no source-estimation uncertainty,False,2000,20260919,MLP16,MLP16,finite_mean_42_123_456,Delta_input,ce,0.026970723986400397,-0.011132406038754926,0.06891286082419094,0.0018818786949599132,finite_seed_mean
test,held_out_source,7,True,post-hoc descriptive; fixed predictors and source constants; no source-estimation uncertainty,False,2000,20260919,MLP16,MLP16,finite_mean_42_123_456,Delta_input,brier,0.016028062464182646,-0.005086194288211491,0.03952554690792196,0.001065498582458902,finite_seed_mean
test,held_out_source,7,True,post-hoc descriptive; fixed predictors and source constants; no source-estimation uncertainty,False,2000,20260919,MLP16,MLP16,finite_mean_42_123_456,Delta_input,accuracy,-0.084920634920635,-0.3611111111111111,0.196031746031746,0.0751541625470483,finite_seed_mean
test,held_out_source,7,True,post-hoc descriptive; fixed predictors and source constants; no source-estimation uncertainty,False,2000,20260919,MLP16,MLP16,finite_mean_42_123_456,Delta_input,macro_f1,0.011272792032412235,-0.13713123449934336,0.1814814814814815,0.01438124103290214,finite_seed_mean
test,held_out_source,7,True,post-hoc descriptive; fixed predictors and source constants; no source-estimation uncertainty,False,2000,20260919,MLP16,MLP16,finite_mean_42_123_456,Delta_pi,ce,0.025448863090314838,-0.008030058466914772,0.054977020092673134,0.0027509658143401766,finite_seed_mean
test,held_out_source,7,True,post-hoc descriptive; fixed predictors and source constants; no source-estimation uncertainty,False,2000,20260919,MLP16,MLP16,finite_mean_42_123_456,Delta_pi,brier,0.015527448923496076,-0.005406538098389942,0.030943299127898616,0.0015965823708083487,finite_seed_mean
test,held_out_source,7,True,post-hoc descriptive; fixed predictors and source constants; no source-estimation uncertainty,False,2000,20260919,MLP16,MLP16,finite_mean_42_123_456,Delta_pi,accuracy,-0.084920634920635,-0.3611111111111111,0.196031746031746,0.0751541625470483,finite_seed_mean
test,held_out_source,7,True,post-hoc descriptive; fixed predictors and source constants; no source-estimation uncertainty,False,2000,20260919,MLP16,MLP16,finite_mean_42_123_456,Delta_pi,macro_f1,0.011272792032412235,-0.13713123449934336,0.1814814814814815,0.01438124103290214,finite_seed_mean
test,held_out_source,7,True,post-hoc descriptive; fixed predictors and source constants; no source-estimation uncertainty,False,2000,20260919,O,O,finite_mean_42_123_456,Delta_input,ce,0.07618806461179621,-0.030690447376573997,0.19985576888809875,0.02029688864714888,finite_seed_mean
test,held_out_source,7,True,post-hoc descriptive; fixed predictors and source constants; no source-estimation uncertainty,False,2000,20260919,O,O,finite_mean_42_123_456,Delta_input,brier,0.07170929874992604,0.007060882949620188,0.15011608754705524,0.017231662337867316,finite_seed_mean
test,held_out_source,7,True,post-hoc descriptive; fixed predictors and source constants; no source-estimation uncertainty,False,2000,20260919,O,O,finite_mean_42_123_456,Delta_input,accuracy,-0.1674603174603175,-0.45240079365079366,0.10952380952380952,0.04014806307918014,finite_seed_mean
test,held_out_source,7,True,post-hoc descriptive; fixed predictors and source constants; no source-estimation uncertainty,False,2000,20260919,O,O,finite_mean_42_123_456,Delta_input,macro_f1,-0.03338099909180228,-0.16485504648778446,0.09876245965728107,0.011560388541844385,finite_seed_mean
test,held_out_source,7,True,post-hoc descriptive; fixed predictors and source constants; no source-estimation uncertainty,False,2000,20260919,O,O,finite_mean_42_123_456,Delta_pi,ce,0.06870818203008981,-0.01259059133313835,0.17812405210717,0.02038875200343714,finite_seed_mean
test,held_out_source,7,True,post-hoc descriptive; fixed predictors and source constants; no source-estimation uncertainty,False,2000,20260919,O,O,finite_mean_42_123_456,Delta_pi,brier,0.0685948135522327,0.017459882733699243,0.14059865185542186,0.016745038184035586,finite_seed_mean
test,held_out_source,7,True,post-hoc descriptive; fixed predictors and source constants; no source-estimation uncertainty,False,2000,20260919,O,O,finite_mean_42_123_456,Delta_pi,accuracy,-0.16746031746031753,-0.6761904761904763,0.2904761904761905,0.040148063079180105,finite_seed_mean
test,held_out_source,7,True,post-hoc descriptive; fixed predictors and source constants; no source-estimation uncertainty,False,2000,20260919,O,O,finite_mean_42_123_456,Delta_pi,macro_f1,-0.03338099909180228,-0.22886218868162933,0.15921582090923286,0.011560388541844385,finite_seed_mean
test,unseen,7,True,post-hoc descriptive; fixed predictors and source constants; no source-estimation uncertainty,False,2000,20260919,p0,p0,fixed/reference,Delta_input,ce,0.4199061767827894,-0.061793209484578664,0.7550133676713952,,fixed_reference
test,unseen,7,True,post-hoc descriptive; fixed predictors and source constants; no source-estimation uncertainty,False,2000,20260919,p0,p0,fixed/reference,Delta_input,brier,0.33804671800958674,0.14115722603070568,0.5009368647936383,,fixed_reference
test,unseen,7,True,post-hoc descriptive; fixed predictors and source constants; no source-estimation uncertainty,False,2000,20260919,p0,p0,fixed/reference,Delta_input,accuracy,-0.4285714285714286,-0.8571428571428572,-0.14285714285714285,,fixed_reference
test,unseen,7,True,post-hoc descriptive; fixed predictors and source constants; no source-estimation uncertainty,False,2000,20260919,p0,p0,fixed/reference,Delta_input,macro_f1,-0.19999999999999998,-0.3076923076923077,-0.08333333333333333,,fixed_reference
test,unseen,7,True,post-hoc descriptive; fixed predictors and source constants; no source-estimation uncertainty,False,2000,20260919,p0,p0,fixed/reference,Delta_pi,ce,0.4714911898527778,0.3727625264256742,0.5992838881679898,,fixed_reference
test,unseen,7,True,post-hoc descriptive; fixed predictors and source constants; no source-estimation uncertainty,False,2000,20260919,p0,p0,fixed/reference,Delta_pi,brier,0.34648860977956286,0.2664015228331984,0.4336872343987941,,fixed_reference
test,unseen,7,True,post-hoc descriptive; fixed predictors and source constants; no source-estimation uncertainty,False,2000,20260919,p0,p0,fixed/reference,Delta_pi,accuracy,-0.4285714285714286,-0.8571428571428572,-0.14285714285714285,,fixed_reference
test,unseen,7,True,post-hoc descriptive; fixed predictors and source constants; no source-estimation uncertainty,False,2000,20260919,p0,p0,fixed/reference,Delta_pi,macro_f1,-0.19999999999999998,-0.3076923076923077,-0.08333333333333333,,fixed_reference
test,unseen,7,True,post-hoc descriptive; fixed predictors and source constants; no source-estimation uncertainty,False,2000,20260919,MLP16_seed_42,MLP16,42,Delta_input,ce,0.06959598866635508,0.0074474071784143,0.1327444072994844,,individual_seed
test,unseen,7,True,post-hoc descriptive; fixed predictors and source constants; no source-estimation uncertainty,False,2000,20260919,MLP16_seed_42,MLP16,42,Delta_input,brier,0.037664264121691104,-0.0019484078271098935,0.08290806750644675,,individual_seed
test,unseen,7,True,post-hoc descriptive; fixed predictors and source constants; no source-estimation uncertainty,False,2000,20260919,MLP16_seed_42,MLP16,42,Delta_input,accuracy,-0.035714285714285754,-0.4642857142857143,0.3857142857142858,,individual_seed
test,unseen,7,True,post-hoc descriptive; fixed predictors and source constants; no source-estimation uncertainty,False,2000,20260919,MLP16_seed_42,MLP16,42,Delta_input,macro_f1,0.08364821105747264,-0.14150036954914996,0.30793650793650795,,individual_seed
test,unseen,7,True,post-hoc descriptive; fixed predictors and source constants; no source-estimation uncertainty,False,2000,20260919,MLP16_seed_42,MLP16,42,Delta_pi,ce,0.06965233291727668,0.03120489719687969,0.09421132479688701,,individual_seed
test,unseen,7,True,post-hoc descriptive; fixed predictors and source constants; no source-estimation uncertainty,False,2000,20260919,MLP16_seed_42,MLP16,42,Delta_pi,brier,0.03819942152079825,0.01795925264948106,0.051802428985516014,,individual_seed
test,unseen,7,True,post-hoc descriptive; fixed predictors and source constants; no source-estimation uncertainty,False,2000,20260919,MLP16_seed_42,MLP16,42,Delta_pi,accuracy,-0.035714285714285754,-0.4642857142857143,0.3857142857142858,,individual_seed
test,unseen,7,True,post-hoc descriptive; fixed predictors and source constants; no source-estimation uncertainty,False,2000,20260919,MLP16_seed_42,MLP16,42,Delta_pi,macro_f1,0.08364821105747264,-0.14150036954914996,0.30793650793650795,,individual_seed
test,unseen,7,True,post-hoc descriptive; fixed predictors and source constants; no source-estimation uncertainty,False,2000,20260919,MLP16_seed_123,MLP16,123,Delta_input,ce,0.08411137069684127,0.019753564135166997,0.14019912634292464,,individual_seed
test,unseen,7,True,post-hoc descriptive; fixed predictors and source constants; no source-estimation uncertainty,False,2000,20260919,MLP16_seed_123,MLP16,123,Delta_input,brier,0.04577246814506841,0.006888293333482398,0.08095082987398154,,individual_seed
test,unseen,7,True,post-hoc descriptive; fixed predictors and source constants; no source-estimation uncertainty,False,2000,20260919,MLP16_seed_123,MLP16,123,Delta_input,accuracy,-0.021428571428571463,-0.7142857142857144,0.6714285714285714,,individual_seed
test,unseen,7,True,post-hoc descriptive; fixed predictors and source constants; no source-estimation uncertainty,False,2000,20260919,MLP16_seed_123,MLP16,123,Delta_input,macro_f1,0.0146892655367232,-0.2243589743589744,0.21969696969696972,,individual_seed
test,unseen,7,True,post-hoc descriptive; fixed predictors and source constants; no source-estimation uncertainty,False,2000,20260919,MLP16_seed_123,MLP16,123,Delta_pi,ce,0.08051811022247102,0.04064813545737046,0.11182378281733585,,individual_seed
test,unseen,7,True,post-hoc descriptive; fixed predictors and source constants; no source-estimation uncertainty,False,2000,20260919,MLP16_seed_123,MLP16,123,Delta_pi,brier,0.04418707398287902,0.02233149489565811,0.06256542565474876,,individual_seed
test,unseen,7,True,post-hoc descriptive; fixed predictors and source constants; no source-estimation uncertainty,False,2000,20260919,MLP16_seed_123,MLP16,123,Delta_pi,accuracy,-0.021428571428571463,-0.7142857142857144,0.6714285714285714,,individual_seed
test,unseen,7,True,post-hoc descriptive; fixed predictors and source constants; no source-estimation uncertainty,False,2000,20260919,MLP16_seed_123,MLP16,123,Delta_pi,macro_f1,0.0146892655367232,-0.2243589743589744,0.21969696969696972,,individual_seed
test,unseen,7,True,post-hoc descriptive; fixed predictors and source constants; no source-estimation uncertainty,False,2000,20260919,MLP16_seed_456,MLP16,456,Delta_input,ce,0.089922824766838,0.023546331315920172,0.1474390973660105,,individual_seed
test,unseen,7,True,post-hoc descriptive; fixed predictors and source constants; no source-estimation uncertainty,False,2000,20260919,MLP16_seed_456,MLP16,456,Delta_input,brier,0.05025080838321205,0.011104688675844377,0.08761828495652127,,individual_seed
test,unseen,7,True,post-hoc descriptive; fixed predictors and source constants; no source-estimation uncertainty,False,2000,20260919,MLP16_seed_456,MLP16,456,Delta_input,accuracy,-0.01428571428571429,-0.7142857142857144,0.6857142857142857,,individual_seed
test,unseen,7,True,post-hoc descriptive; fixed predictors and source constants; no source-estimation uncertainty,False,2000,20260919,MLP16_seed_456,MLP16,456,Delta_input,macro_f1,0.017228464419475675,-0.2243589743589744,0.21969696969696972,,individual_seed
test,unseen,7,True,post-hoc descriptive; fixed predictors and source constants; no source-estimation uncertainty,False,2000,20260919,MLP16_seed_456,MLP16,456,Delta_pi,ce,0.08889415830202996,0.034161550902545024,0.13540036429545466,,individual_seed
test,unseen,7,True,post-hoc descriptive; fixed predictors and source constants; no source-estimation uncertainty,False,2000,20260919,MLP16_seed_456,MLP16,456,Delta_pi,brier,0.049799204524234586,0.018869080821459626,0.0774533802154469,,individual_seed
test,unseen,7,True,post-hoc descriptive; fixed predictors and source constants; no source-estimation uncertainty,False,2000,20260919,MLP16_seed_456,MLP16,456,Delta_pi,accuracy,-0.01428571428571429,-0.7142857142857144,0.6857142857142857,,individual_seed
test,unseen,7,True,post-hoc descriptive; fixed predictors and source constants; no source-estimation uncertainty,False,2000,20260919,MLP16_seed_456,MLP16,456,Delta_pi,macro_f1,0.017228464419475675,-0.2243589743589744,0.21969696969696972,,individual_seed
test,unseen,7,True,post-hoc descriptive; fixed predictors and source constants; no source-estimation uncertainty,False,2000,20260919,O_seed_42,O,42,Delta_input,ce,0.39953876473382066,0.07822113696417121,0.7241706375286009,,individual_seed
test,unseen,7,True,post-hoc descriptive; fixed predictors and source constants; no source-estimation uncertainty,False,2000,20260919,O_seed_42,O,42,Delta_input,brier,0.24673259370247858,0.07435021795610686,0.4226031120474639,,individual_seed
test,unseen,7,True,post-hoc descriptive; fixed predictors and source constants; no source-estimation uncertainty,False,2000,20260919,O_seed_42,O,42,Delta_input,accuracy,-0.37142857142857144,-0.8,0.00714285714285709,,individual_seed
test,unseen,7,True,post-hoc descriptive; fixed predictors and source constants; no source-estimation uncertainty,False,2000,20260919,O_seed_42,O,42,Delta_input,macro_f1,-0.13734610123119018,-0.2777777777777778,0.031292018090697926,,individual_seed
test,unseen,7,True,post-hoc descriptive; fixed predictors and source constants; no source-estimation uncertainty,False,2000,20260919,O_seed_42,O,42,Delta_pi,ce,0.39120267046178636,0.13117780211065558,0.6766399777177804,,individual_seed
test,unseen,7,True,post-hoc descriptive; fixed predictors and source constants; no source-estimation uncertainty,False,2000,20260919,O_seed_42,O,42,Delta_pi,brier,0.24310224786167822,0.09836109854905573,0.39302333949747703,,individual_seed
test,unseen,7,True,post-hoc descriptive; fixed predictors and source constants; no source-estimation uncertainty,False,2000,20260919,O_seed_42,O,42,Delta_pi,accuracy,-0.37142857142857144,-0.8,0.00714285714285709,,individual_seed
test,unseen,7,True,post-hoc descriptive; fixed predictors and source constants; no source-estimation uncertainty,False,2000,20260919,O_seed_42,O,42,Delta_pi,macro_f1,-0.13734610123119018,-0.2777777777777778,0.031292018090697926,,individual_seed
test,unseen,7,True,post-hoc descriptive; fixed predictors and source constants; no source-estimation uncertainty,False,2000,20260919,O_seed_123,O,123,Delta_input,ce,0.2967872967676264,0.04485010007012272,0.5225638402036107,,individual_seed
test,unseen,7,True,post-hoc descriptive; fixed predictors and source constants; no source-estimation uncertainty,False,2000,20260919,O_seed_123,O,123,Delta_input,brier,0.1877094656609396,0.05069974650986242,0.31612686743959395,,individual_seed
test,unseen,7,True,post-hoc descriptive; fixed predictors and source constants; no source-estimation uncertainty,False,2000,20260919,O_seed_123,O,123,Delta_input,accuracy,-0.29285714285714287,-0.7214285714285715,0.2358928571428562,,individual_seed
test,unseen,7,True,post-hoc descriptive; fixed predictors and source constants; no source-estimation uncertainty,False,2000,20260919,O_seed_123,O,123,Delta_input,macro_f1,-0.06979908242366711,-0.2777777777777778,0.13453896654504316,,individual_seed
test,unseen,7,True,post-hoc descriptive; fixed predictors and source constants; no source-estimation uncertainty,False,2000,20260919,O_seed_123,O,123,Delta_pi,ce,0.2870647518958316,0.10133552588103324,0.47466022634373983,,individual_seed
test,unseen,7,True,post-hoc descriptive; fixed predictors and source constants; no source-estimation uncertainty,False,2000,20260919,O_seed_123,O,123,Delta_pi,brier,0.18338501549005592,0.07427964300465184,0.29122770805871623,,individual_seed
test,unseen,7,True,post-hoc descriptive; fixed predictors and source constants; no source-estimation uncertainty,False,2000,20260919,O_seed_123,O,123,Delta_pi,accuracy,-0.29285714285714287,-0.7214285714285715,0.2358928571428562,,individual_seed
test,unseen,7,True,post-hoc descriptive; fixed predictors and source constants; no source-estimation uncertainty,False,2000,20260919,O_seed_123,O,123,Delta_pi,macro_f1,-0.06979908242366711,-0.2777777777777778,0.13453896654504316,,individual_seed
test,unseen,7,True,post-hoc descriptive; fixed predictors and source constants; no source-estimation uncertainty,False,2000,20260919,O_seed_456,O,456,Delta_input,ce,0.28942662654613893,0.05351461381046897,0.5153114514518985,,individual_seed
test,unseen,7,True,post-hoc descriptive; fixed predictors and source constants; no source-estimation uncertainty,False,2000,20260919,O_seed_456,O,456,Delta_input,brier,0.1760478544061428,0.0501830737033105,0.2932323435333801,,individual_seed
test,unseen,7,True,post-hoc descriptive; fixed predictors and source constants; no source-estimation uncertainty,False,2000,20260919,O_seed_456,O,456,Delta_input,accuracy,-0.2785714285714286,-0.5714285714285716,0.01428571428571429,,individual_seed
test,unseen,7,True,post-hoc descriptive; fixed predictors and source constants; no source-estimation uncertainty,False,2000,20260919,O_seed_456,O,456,Delta_input,macro_f1,-0.05891472868217054,-0.2424242424242424,0.13159041394335505,,individual_seed
test,unseen,7,True,post-hoc descriptive; fixed predictors and source constants; no source-estimation uncertainty,False,2000,20260919,O_seed_456,O,456,Delta_pi,ce,0.28504561794484884,0.05794694637498525,0.5246272345342353,,individual_seed
test,unseen,7,True,post-hoc descriptive; fixed predictors and source constants; no source-estimation uncertainty,False,2000,20260919,O_seed_456,O,456,Delta_pi,brier,0.1746591948247468,0.04252114637056614,0.3090238335028104,,individual_seed
test,unseen,7,True,post-hoc descriptive; fixed predictors and source constants; no source-estimation uncertainty,False,2000,20260919,O_seed_456,O,456,Delta_pi,accuracy,-0.2785714285714286,-0.7142857142857144,0.2857142857142857,,individual_seed
test,unseen,7,True,post-hoc descriptive; fixed predictors and source constants; no source-estimation uncertainty,False,2000,20260919,O_seed_456,O,456,Delta_pi,macro_f1,-0.05891472868217054,-0.2777777777777778,0.1498178506375228,,individual_seed
test,unseen,7,True,post-hoc descriptive; fixed predictors and source constants; no source-estimation uncertainty,False,2000,20260919,MLP16,MLP16,finite_mean_42_123_456,Delta_input,ce,0.08121006137667812,0.015059881124027421,0.13924223440798147,0.010469396510421366,finite_seed_mean
test,unseen,7,True,post-hoc descriptive; fixed predictors and source constants; no source-estimation uncertainty,False,2000,20260919,MLP16,MLP16,finite_mean_42_123_456,Delta_input,brier,0.04456251354999052,0.00614253302321416,0.08360387459815154,0.006379911183035314,finite_seed_mean
test,unseen,7,True,post-hoc descriptive; fixed predictors and source constants; no source-estimation uncertainty,False,2000,20260919,MLP16,MLP16,finite_mean_42_123_456,Delta_input,accuracy,-0.023809523809523836,-0.5953571428571429,0.5333333333333333,0.010910894511799635,finite_seed_mean
test,unseen,7,True,post-hoc descriptive; fixed predictors and source constants; no source-estimation uncertainty,False,2000,20260919,MLP16,MLP16,finite_mean_42_123_456,Delta_input,macro_f1,0.038521980337890505,-0.17948717948717952,0.23289452818342493,0.03910107935798271,finite_seed_mean
test,unseen,7,True,post-hoc descriptive; fixed predictors and source constants; no source-estimation uncertainty,False,2000,20260919,MLP16,MLP16,finite_mean_42_123_456,Delta_pi,ce,0.07968820048059255,0.03568444402764754,0.11351573828723927,0.009647721164559146,finite_seed_mean
test,unseen,7,True,post-hoc descriptive; fixed predictors and source constants; no source-estimation uncertainty,False,2000,20260919,MLP16,MLP16,finite_mean_42_123_456,Delta_pi,brier,0.044061900009303955,0.020140823767616743,0.06376168023284627,0.0058009044833067245,finite_seed_mean
test,unseen,7,True,post-hoc descriptive; fixed predictors and source constants; no source-estimation uncertainty,False,2000,20260919,MLP16,MLP16,finite_mean_42_123_456,Delta_pi,accuracy,-0.023809523809523836,-0.5953571428571429,0.5333333333333333,0.010910894511799635,finite_seed_mean
test,unseen,7,True,post-hoc descriptive; fixed predictors and source constants; no source-estimation uncertainty,False,2000,20260919,MLP16,MLP16,finite_mean_42_123_456,Delta_pi,macro_f1,0.038521980337890505,-0.17948717948717952,0.23289452818342493,0.03910107935798271,finite_seed_mean
test,unseen,7,True,post-hoc descriptive; fixed predictors and source constants; no source-estimation uncertainty,False,2000,20260919,O,O,finite_mean_42_123_456,Delta_input,ce,0.32858422934919534,0.06160229380882565,0.5859187606762001,0.06155854477863661,finite_seed_mean
test,unseen,7,True,post-hoc descriptive; fixed predictors and source constants; no source-estimation uncertainty,False,2000,20260919,O,O,finite_mean_42_123_456,Delta_input,brier,0.20349663792318698,0.05784337295577769,0.3434552260314645,0.037894712010729734,finite_seed_mean
test,unseen,7,True,post-hoc descriptive; fixed predictors and source constants; no source-estimation uncertainty,False,2000,20260919,O,O,finite_mean_42_123_456,Delta_input,accuracy,-0.31428571428571433,-0.5642857142857144,-0.044702380952383845,0.05,finite_seed_mean
test,unseen,7,True,post-hoc descriptive; fixed predictors and source constants; no source-estimation uncertainty,False,2000,20260919,O,O,finite_mean_42_123_456,Delta_input,macro_f1,-0.08868663744567595,-0.22266313932980597,0.06509232810045817,0.04249029125591911,finite_seed_mean
test,unseen,7,True,post-hoc descriptive; fixed predictors and source constants; no source-estimation uncertainty,False,2000,20260919,O,O,finite_mean_42_123_456,Delta_pi,ce,0.32110434676748895,0.0968384559102262,0.5608202042282597,0.06071532314038095,finite_seed_mean
test,unseen,7,True,post-hoc descriptive; fixed predictors and source constants; no source-estimation uncertainty,False,2000,20260919,O,O,finite_mean_42_123_456,Delta_pi,brier,0.20038215272549365,0.07126135519082841,0.3295154238937534,0.0372530519944914,finite_seed_mean
test,unseen,7,True,post-hoc descriptive; fixed predictors and source constants; no source-estimation uncertainty,False,2000,20260919,O,O,finite_mean_42_123_456,Delta_pi,accuracy,-0.31428571428571433,-0.7428571428571429,0.15017857142857044,0.05,finite_seed_mean
test,unseen,7,True,post-hoc descriptive; fixed predictors and source constants; no source-estimation uncertainty,False,2000,20260919,O,O,finite_mean_42_123_456,Delta_pi,macro_f1,-0.08868663744567595,-0.2777777777777778,0.10373214644470193,0.04249029125591911,finite_seed_mean
