Id,Dataset_id,Name,File,Original_Label,Protocol_Label,Label,Domain_id,Sample_rate,Protocol_Group,Protocol_Fold,Protocol_Split
1,1,RM_001_CWRU,97.mat,0,0,0,0,12000,CWRU/97.mat,-1,train
2,1,RM_001_CWRU,98.mat,0,0,0,1,12000,CWRU/98.mat,-1,train
3,1,RM_001_CWRU,99.mat,0,0,0,2,12000,CWRU/99.mat,-1,validation
4,1,RM_001_CWRU,100.mat,0,0,0,3,12000,CWRU/100.mat,-1,test
5,1,RM_001_CWRU,105.mat,1,1,1,0,12000,CWRU/105.mat,-1,validation
6,1,RM_001_CWRU,106.mat,1,1,1,1,12000,CWRU/106.mat,-1,train
7,1,RM_001_CWRU,107.mat,1,1,1,2,12000,CWRU/107.mat,-1,train
8,1,RM_001_CWRU,108.mat,1,1,1,3,12000,CWRU/108.mat,-1,test
13,1,RM_001_CWRU,118.mat,2,2,2,0,12000,CWRU/118.mat,-1,train
14,1,RM_001_CWRU,119.mat,2,2,2,1,12000,CWRU/119.mat,-1,train
15,1,RM_001_CWRU,120.mat,2,2,2,2,12000,CWRU/120.mat,-1,train
16,1,RM_001_CWRU,121.mat,2,2,2,3,12000,CWRU/121.mat,-1,test
21,1,RM_001_CWRU,130.mat,3,3,3,0,12000,CWRU/130.mat,-1,validation
22,1,RM_001_CWRU,131.mat,3,3,3,1,12000,CWRU/131.mat,-1,train
23,1,RM_001_CWRU,132.mat,3,3,3,2,12000,CWRU/132.mat,-1,validation
24,1,RM_001_CWRU,133.mat,3,3,3,3,12000,CWRU/133.mat,-1,test
29,1,RM_001_CWRU,144.mat,3,3,3,0,12000,CWRU/144.mat,-1,train
30,1,RM_001_CWRU,145.mat,3,3,3,1,12000,CWRU/145.mat,-1,train
31,1,RM_001_CWRU,146.mat,3,3,3,2,12000,CWRU/146.mat,-1,train
32,1,RM_001_CWRU,147.mat,3,3,3,3,12000,CWRU/147.mat,-1,test
37,1,RM_001_CWRU,156.mat,3,3,3,0,12000,CWRU/156.mat,-1,train
38,1,RM_001_CWRU,158.mat,3,3,3,1,12000,CWRU/158.mat,-1,train
39,1,RM_001_CWRU,159.mat,3,3,3,2,12000,CWRU/159.mat,-1,train
40,1,RM_001_CWRU,160.mat,3,3,3,3,12000,CWRU/160.mat,-1,test
45,1,RM_001_CWRU,169.mat,1,1,1,0,12000,CWRU/169.mat,-1,train
46,1,RM_001_CWRU,170.mat,1,1,1,1,12000,CWRU/170.mat,-1,validation
47,1,RM_001_CWRU,171.mat,1,1,1,2,12000,CWRU/171.mat,-1,validation
48,1,RM_001_CWRU,172.mat,1,1,1,3,12000,CWRU/172.mat,-1,test
53,1,RM_001_CWRU,185.mat,2,2,2,0,12000,CWRU/185.mat,-1,validation
54,1,RM_001_CWRU,186.mat,2,2,2,1,12000,CWRU/186.mat,-1,train
55,1,RM_001_CWRU,187.mat,2,2,2,2,12000,CWRU/187.mat,-1,train
56,1,RM_001_CWRU,188.mat,2,2,2,3,12000,CWRU/188.mat,-1,test
61,1,RM_001_CWRU,197.mat,3,3,3,0,12000,CWRU/197.mat,-1,validation
62,1,RM_001_CWRU,198.mat,3,3,3,1,12000,CWRU/198.mat,-1,train
63,1,RM_001_CWRU,199.mat,3,3,3,2,12000,CWRU/199.mat,-1,train
64,1,RM_001_CWRU,200.mat,3,3,3,3,12000,CWRU/200.mat,-1,test
69,1,RM_001_CWRU,209.mat,1,1,1,0,12000,CWRU/209.mat,-1,train
70,1,RM_001_CWRU,210.mat,1,1,1,1,12000,CWRU/210.mat,-1,train
71,1,RM_001_CWRU,211.mat,1,1,1,2,12000,CWRU/211.mat,-1,train
72,1,RM_001_CWRU,212.mat,1,1,1,3,12000,CWRU/212.mat,-1,test
77,1,RM_001_CWRU,222.mat,2,2,2,0,12000,CWRU/222.mat,-1,train
78,1,RM_001_CWRU,223.mat,2,2,2,1,12000,CWRU/223.mat,-1,train
79,1,RM_001_CWRU,224.mat,2,2,2,2,12000,CWRU/224.mat,-1,train
80,1,RM_001_CWRU,225.mat,2,2,2,3,12000,CWRU/225.mat,-1,test
85,1,RM_001_CWRU,234.mat,3,3,3,0,12000,CWRU/234.mat,-1,train
86,1,RM_001_CWRU,235.mat,3,3,3,1,12000,CWRU/235.mat,-1,train
87,1,RM_001_CWRU,236.mat,3,3,3,2,12000,CWRU/236.mat,-1,train
88,1,RM_001_CWRU,237.mat,3,3,3,3,12000,CWRU/237.mat,-1,test
93,1,RM_001_CWRU,246.mat,3,3,3,0,12000,CWRU/246.mat,-1,validation
94,1,RM_001_CWRU,247.mat,3,3,3,1,12000,CWRU/247.mat,-1,train
95,1,RM_001_CWRU,248.mat,3,3,3,2,12000,CWRU/248.mat,-1,train
96,1,RM_001_CWRU,249.mat,3,3,3,3,12000,CWRU/249.mat,-1,test
101,1,RM_001_CWRU,258.mat,2,2,2,0,12000,CWRU/258.mat,-1,train
102,1,RM_001_CWRU,259.mat,2,2,2,1,12000,CWRU/259.mat,-1,validation
103,1,RM_001_CWRU,260.mat,2,2,2,2,12000,CWRU/260.mat,-1,validation
104,1,RM_001_CWRU,261.mat,2,2,2,3,12000,CWRU/261.mat,-1,test
109,1,RM_001_CWRU,270.mat,1,1,1,0,12000,CWRU/270.mat,-1,train
110,1,RM_001_CWRU,271.mat,1,1,1,1,12000,CWRU/271.mat,-1,validation
111,1,RM_001_CWRU,272.mat,1,1,1,2,12000,CWRU/272.mat,-1,train
112,1,RM_001_CWRU,273.mat,1,1,1,3,12000,CWRU/273.mat,-1,test
113,1,RM_001_CWRU,274.mat,1,1,1,0,12000,CWRU/274.mat,-1,validation
114,1,RM_001_CWRU,275.mat,1,1,1,1,12000,CWRU/275.mat,-1,train
115,1,RM_001_CWRU,276.mat,1,1,1,2,12000,CWRU/276.mat,-1,train
116,1,RM_001_CWRU,277.mat,1,1,1,3,12000,CWRU/277.mat,-1,test
117,1,RM_001_CWRU,278.mat,1,1,1,0,12000,CWRU/278.mat,-1,train
118,1,RM_001_CWRU,279.mat,1,1,1,1,12000,CWRU/279.mat,-1,train
119,1,RM_001_CWRU,280.mat,1,1,1,2,12000,CWRU/280.mat,-1,train
120,1,RM_001_CWRU,281.mat,1,1,1,3,12000,CWRU/281.mat,-1,test
121,1,RM_001_CWRU,282.mat,2,2,2,0,12000,CWRU/282.mat,-1,train
122,1,RM_001_CWRU,283.mat,2,2,2,1,12000,CWRU/283.mat,-1,train
123,1,RM_001_CWRU,284.mat,2,2,2,2,12000,CWRU/284.mat,-1,train
124,1,RM_001_CWRU,285.mat,2,2,2,3,12000,CWRU/285.mat,-1,test
125,1,RM_001_CWRU,286.mat,2,2,2,0,12000,CWRU/286.mat,-1,train
126,1,RM_001_CWRU,287.mat,2,2,2,1,12000,CWRU/287.mat,-1,train
127,1,RM_001_CWRU,288.mat,2,2,2,2,12000,CWRU/288.mat,-1,validation
128,1,RM_001_CWRU,289.mat,2,2,2,3,12000,CWRU/289.mat,-1,test
129,1,RM_001_CWRU,290.mat,2,2,2,0,12000,CWRU/290.mat,-1,validation
130,1,RM_001_CWRU,291.mat,2,2,2,1,12000,CWRU/291.mat,-1,train
131,1,RM_001_CWRU,292.mat,2,2,2,2,12000,CWRU/292.mat,-1,train
132,1,RM_001_CWRU,293.mat,2,2,2,3,12000,CWRU/293.mat,-1,test
133,1,RM_001_CWRU,294.mat,3,3,3,0,12000,CWRU/294.mat,-1,train
134,1,RM_001_CWRU,295.mat,3,3,3,1,12000,CWRU/295.mat,-1,train
135,1,RM_001_CWRU,296.mat,3,3,3,2,12000,CWRU/296.mat,-1,train
136,1,RM_001_CWRU,297.mat,3,3,3,3,12000,CWRU/297.mat,-1,test
137,1,RM_001_CWRU,298.mat,3,3,3,0,12000,CWRU/298.mat,-1,train
138,1,RM_001_CWRU,299.mat,3,3,3,1,12000,CWRU/299.mat,-1,validation
139,1,RM_001_CWRU,300.mat,3,3,3,2,12000,CWRU/300.mat,-1,train
140,1,RM_001_CWRU,301.mat,3,3,3,3,12000,CWRU/301.mat,-1,test
141,1,RM_001_CWRU,302.mat,3,3,3,0,12000,CWRU/302.mat,-1,train
146,1,RM_001_CWRU,309.mat,3,3,3,0,12000,CWRU/309.mat,-1,train
147,1,RM_001_CWRU,310.mat,3,3,3,1,12000,CWRU/310.mat,-1,train
148,1,RM_001_CWRU,311.mat,3,3,3,2,12000,CWRU/311.mat,-1,train
149,1,RM_001_CWRU,312.mat,3,3,3,2,12000,CWRU/312.mat,-1,train
150,1,RM_001_CWRU,313.mat,3,3,3,2,12000,CWRU/313.mat,-1,train
152,1,RM_001_CWRU,315.mat,3,3,3,0,12000,CWRU/315.mat,-1,validation
153,1,RM_001_CWRU,316.mat,3,3,3,1,12000,CWRU/316.mat,-1,validation
154,1,RM_001_CWRU,317.mat,3,3,3,2,12000,CWRU/317.mat,-1,validation
155,1,RM_001_CWRU,318.mat,3,3,3,3,12000,CWRU/318.mat,-1,test
164,2,RM_002_XJTU,35Hz12kN/Bearing1_1/1.csv,0,0,0,0,25600,XJTU/35Hz12kN/Bearing1_1,-1,train
165,2,RM_002_XJTU,35Hz12kN/Bearing1_1/2.csv,0,0,0,0,25600,XJTU/35Hz12kN/Bearing1_1,-1,train
166,2,RM_002_XJTU,35Hz12kN/Bearing1_1/3.csv,0,0,0,0,25600,XJTU/35Hz12kN/Bearing1_1,-1,train
167,2,RM_002_XJTU,35Hz12kN/Bearing1_1/4.csv,0,0,0,0,25600,XJTU/35Hz12kN/Bearing1_1,-1,train
168,2,RM_002_XJTU,35Hz12kN/Bearing1_1/5.csv,0,0,0,0,25600,XJTU/35Hz12kN/Bearing1_1,-1,train
169,2,RM_002_XJTU,35Hz12kN/Bearing1_1/6.csv,0,0,0,0,25600,XJTU/35Hz12kN/Bearing1_1,-1,train
170,2,RM_002_XJTU,35Hz12kN/Bearing1_1/7.csv,0,0,0,0,25600,XJTU/35Hz12kN/Bearing1_1,-1,train
171,2,RM_002_XJTU,35Hz12kN/Bearing1_1/8.csv,0,0,0,0,25600,XJTU/35Hz12kN/Bearing1_1,-1,train
172,2,RM_002_XJTU,35Hz12kN/Bearing1_1/9.csv,0,0,0,0,25600,XJTU/35Hz12kN/Bearing1_1,-1,train
173,2,RM_002_XJTU,35Hz12kN/Bearing1_1/10.csv,0,0,0,0,25600,XJTU/35Hz12kN/Bearing1_1,-1,train
174,2,RM_002_XJTU,35Hz12kN/Bearing1_1/11.csv,0,0,0,0,25600,XJTU/35Hz12kN/Bearing1_1,-1,train
175,2,RM_002_XJTU,35Hz12kN/Bearing1_1/12.csv,0,0,0,0,25600,XJTU/35Hz12kN/Bearing1_1,-1,train
176,2,RM_002_XJTU,35Hz12kN/Bearing1_1/13.csv,0,0,0,0,25600,XJTU/35Hz12kN/Bearing1_1,-1,train
177,2,RM_002_XJTU,35Hz12kN/Bearing1_1/14.csv,0,0,0,0,25600,XJTU/35Hz12kN/Bearing1_1,-1,train
178,2,RM_002_XJTU,35Hz12kN/Bearing1_1/15.csv,0,0,0,0,25600,XJTU/35Hz12kN/Bearing1_1,-1,train
179,2,RM_002_XJTU,35Hz12kN/Bearing1_1/16.csv,0,0,0,0,25600,XJTU/35Hz12kN/Bearing1_1,-1,train
180,2,RM_002_XJTU,35Hz12kN/Bearing1_1/17.csv,0,0,0,0,25600,XJTU/35Hz12kN/Bearing1_1,-1,train
181,2,RM_002_XJTU,35Hz12kN/Bearing1_1/18.csv,0,0,0,0,25600,XJTU/35Hz12kN/Bearing1_1,-1,train
182,2,RM_002_XJTU,35Hz12kN/Bearing1_1/19.csv,0,0,0,0,25600,XJTU/35Hz12kN/Bearing1_1,-1,train
183,2,RM_002_XJTU,35Hz12kN/Bearing1_1/20.csv,0,0,0,0,25600,XJTU/35Hz12kN/Bearing1_1,-1,train
184,2,RM_002_XJTU,35Hz12kN/Bearing1_1/21.csv,0,0,0,0,25600,XJTU/35Hz12kN/Bearing1_1,-1,train
185,2,RM_002_XJTU,35Hz12kN/Bearing1_1/22.csv,0,0,0,0,25600,XJTU/35Hz12kN/Bearing1_1,-1,train
186,2,RM_002_XJTU,35Hz12kN/Bearing1_1/23.csv,0,0,0,0,25600,XJTU/35Hz12kN/Bearing1_1,-1,train
187,2,RM_002_XJTU,35Hz12kN/Bearing1_1/24.csv,0,0,0,0,25600,XJTU/35Hz12kN/Bearing1_1,-1,train
188,2,RM_002_XJTU,35Hz12kN/Bearing1_1/25.csv,0,0,0,0,25600,XJTU/35Hz12kN/Bearing1_1,-1,train
189,2,RM_002_XJTU,35Hz12kN/Bearing1_1/26.csv,0,0,0,0,25600,XJTU/35Hz12kN/Bearing1_1,-1,train
190,2,RM_002_XJTU,35Hz12kN/Bearing1_1/27.csv,0,0,0,0,25600,XJTU/35Hz12kN/Bearing1_1,-1,train
191,2,RM_002_XJTU,35Hz12kN/Bearing1_1/28.csv,0,0,0,0,25600,XJTU/35Hz12kN/Bearing1_1,-1,train
192,2,RM_002_XJTU,35Hz12kN/Bearing1_1/29.csv,0,0,0,0,25600,XJTU/35Hz12kN/Bearing1_1,-1,train
193,2,RM_002_XJTU,35Hz12kN/Bearing1_1/30.csv,0,0,0,0,25600,XJTU/35Hz12kN/Bearing1_1,-1,train
194,2,RM_002_XJTU,35Hz12kN/Bearing1_1/31.csv,0,0,0,0,25600,XJTU/35Hz12kN/Bearing1_1,-1,train
195,2,RM_002_XJTU,35Hz12kN/Bearing1_1/32.csv,0,0,0,0,25600,XJTU/35Hz12kN/Bearing1_1,-1,train
196,2,RM_002_XJTU,35Hz12kN/Bearing1_1/33.csv,0,0,0,0,25600,XJTU/35Hz12kN/Bearing1_1,-1,train
197,2,RM_002_XJTU,35Hz12kN/Bearing1_1/34.csv,0,0,0,0,25600,XJTU/35Hz12kN/Bearing1_1,-1,train
198,2,RM_002_XJTU,35Hz12kN/Bearing1_1/35.csv,0,0,0,0,25600,XJTU/35Hz12kN/Bearing1_1,-1,train
199,2,RM_002_XJTU,35Hz12kN/Bearing1_1/36.csv,0,0,0,0,25600,XJTU/35Hz12kN/Bearing1_1,-1,train
200,2,RM_002_XJTU,35Hz12kN/Bearing1_1/37.csv,0,0,0,0,25600,XJTU/35Hz12kN/Bearing1_1,-1,train
201,2,RM_002_XJTU,35Hz12kN/Bearing1_1/38.csv,0,0,0,0,25600,XJTU/35Hz12kN/Bearing1_1,-1,train
202,2,RM_002_XJTU,35Hz12kN/Bearing1_1/39.csv,0,0,0,0,25600,XJTU/35Hz12kN/Bearing1_1,-1,train
203,2,RM_002_XJTU,35Hz12kN/Bearing1_1/40.csv,0,0,0,0,25600,XJTU/35Hz12kN/Bearing1_1,-1,train
204,2,RM_002_XJTU,35Hz12kN/Bearing1_1/41.csv,0,0,0,0,25600,XJTU/35Hz12kN/Bearing1_1,-1,train
205,2,RM_002_XJTU,35Hz12kN/Bearing1_1/42.csv,0,0,0,0,25600,XJTU/35Hz12kN/Bearing1_1,-1,train
206,2,RM_002_XJTU,35Hz12kN/Bearing1_1/43.csv,0,0,0,0,25600,XJTU/35Hz12kN/Bearing1_1,-1,train
207,2,RM_002_XJTU,35Hz12kN/Bearing1_1/44.csv,0,0,0,0,25600,XJTU/35Hz12kN/Bearing1_1,-1,train
208,2,RM_002_XJTU,35Hz12kN/Bearing1_1/45.csv,0,0,0,0,25600,XJTU/35Hz12kN/Bearing1_1,-1,train
209,2,RM_002_XJTU,35Hz12kN/Bearing1_1/46.csv,0,0,0,0,25600,XJTU/35Hz12kN/Bearing1_1,-1,train
210,2,RM_002_XJTU,35Hz12kN/Bearing1_1/47.csv,0,0,0,0,25600,XJTU/35Hz12kN/Bearing1_1,-1,train
211,2,RM_002_XJTU,35Hz12kN/Bearing1_1/48.csv,0,0,0,0,25600,XJTU/35Hz12kN/Bearing1_1,-1,train
212,2,RM_002_XJTU,35Hz12kN/Bearing1_1/49.csv,0,0,0,0,25600,XJTU/35Hz12kN/Bearing1_1,-1,train
213,2,RM_002_XJTU,35Hz12kN/Bearing1_1/50.csv,0,0,0,0,25600,XJTU/35Hz12kN/Bearing1_1,-1,train
214,2,RM_002_XJTU,35Hz12kN/Bearing1_1/51.csv,0,0,0,0,25600,XJTU/35Hz12kN/Bearing1_1,-1,train
215,2,RM_002_XJTU,35Hz12kN/Bearing1_1/52.csv,0,0,0,0,25600,XJTU/35Hz12kN/Bearing1_1,-1,train
216,2,RM_002_XJTU,35Hz12kN/Bearing1_1/53.csv,0,0,0,0,25600,XJTU/35Hz12kN/Bearing1_1,-1,train
217,2,RM_002_XJTU,35Hz12kN/Bearing1_1/54.csv,0,0,0,0,25600,XJTU/35Hz12kN/Bearing1_1,-1,train
218,2,RM_002_XJTU,35Hz12kN/Bearing1_1/55.csv,0,0,0,0,25600,XJTU/35Hz12kN/Bearing1_1,-1,train
219,2,RM_002_XJTU,35Hz12kN/Bearing1_1/56.csv,0,0,0,0,25600,XJTU/35Hz12kN/Bearing1_1,-1,train
220,2,RM_002_XJTU,35Hz12kN/Bearing1_1/57.csv,0,0,0,0,25600,XJTU/35Hz12kN/Bearing1_1,-1,train
221,2,RM_002_XJTU,35Hz12kN/Bearing1_1/58.csv,0,0,0,0,25600,XJTU/35Hz12kN/Bearing1_1,-1,train
222,2,RM_002_XJTU,35Hz12kN/Bearing1_1/59.csv,0,0,0,0,25600,XJTU/35Hz12kN/Bearing1_1,-1,train
223,2,RM_002_XJTU,35Hz12kN/Bearing1_1/60.csv,0,0,0,0,25600,XJTU/35Hz12kN/Bearing1_1,-1,train
224,2,RM_002_XJTU,35Hz12kN/Bearing1_1/61.csv,0,0,0,0,25600,XJTU/35Hz12kN/Bearing1_1,-1,train
225,2,RM_002_XJTU,35Hz12kN/Bearing1_1/62.csv,0,0,0,0,25600,XJTU/35Hz12kN/Bearing1_1,-1,train
226,2,RM_002_XJTU,35Hz12kN/Bearing1_1/63.csv,0,0,0,0,25600,XJTU/35Hz12kN/Bearing1_1,-1,train
227,2,RM_002_XJTU,35Hz12kN/Bearing1_1/64.csv,0,0,0,0,25600,XJTU/35Hz12kN/Bearing1_1,-1,train
228,2,RM_002_XJTU,35Hz12kN/Bearing1_1/65.csv,0,0,0,0,25600,XJTU/35Hz12kN/Bearing1_1,-1,train
229,2,RM_002_XJTU,35Hz12kN/Bearing1_1/66.csv,0,0,0,0,25600,XJTU/35Hz12kN/Bearing1_1,-1,train
230,2,RM_002_XJTU,35Hz12kN/Bearing1_1/67.csv,0,0,0,0,25600,XJTU/35Hz12kN/Bearing1_1,-1,train
231,2,RM_002_XJTU,35Hz12kN/Bearing1_1/68.csv,0,0,0,0,25600,XJTU/35Hz12kN/Bearing1_1,-1,train
232,2,RM_002_XJTU,35Hz12kN/Bearing1_1/69.csv,0,0,0,0,25600,XJTU/35Hz12kN/Bearing1_1,-1,train
233,2,RM_002_XJTU,35Hz12kN/Bearing1_1/70.csv,0,0,0,0,25600,XJTU/35Hz12kN/Bearing1_1,-1,train
234,2,RM_002_XJTU,35Hz12kN/Bearing1_1/71.csv,0,0,0,0,25600,XJTU/35Hz12kN/Bearing1_1,-1,train
235,2,RM_002_XJTU,35Hz12kN/Bearing1_1/72.csv,0,0,0,0,25600,XJTU/35Hz12kN/Bearing1_1,-1,train
236,2,RM_002_XJTU,35Hz12kN/Bearing1_1/73.csv,0,0,0,0,25600,XJTU/35Hz12kN/Bearing1_1,-1,train
237,2,RM_002_XJTU,35Hz12kN/Bearing1_1/74.csv,0,0,0,0,25600,XJTU/35Hz12kN/Bearing1_1,-1,train
263,2,RM_002_XJTU,35Hz12kN/Bearing1_1/100.csv,1,1,1,0,25600,XJTU/35Hz12kN/Bearing1_1,-1,train
264,2,RM_002_XJTU,35Hz12kN/Bearing1_1/101.csv,1,1,1,0,25600,XJTU/35Hz12kN/Bearing1_1,-1,train
265,2,RM_002_XJTU,35Hz12kN/Bearing1_1/102.csv,1,1,1,0,25600,XJTU/35Hz12kN/Bearing1_1,-1,train
266,2,RM_002_XJTU,35Hz12kN/Bearing1_1/103.csv,1,1,1,0,25600,XJTU/35Hz12kN/Bearing1_1,-1,train
267,2,RM_002_XJTU,35Hz12kN/Bearing1_1/104.csv,1,1,1,0,25600,XJTU/35Hz12kN/Bearing1_1,-1,train
268,2,RM_002_XJTU,35Hz12kN/Bearing1_1/105.csv,1,1,1,0,25600,XJTU/35Hz12kN/Bearing1_1,-1,train
269,2,RM_002_XJTU,35Hz12kN/Bearing1_1/106.csv,1,1,1,0,25600,XJTU/35Hz12kN/Bearing1_1,-1,train
270,2,RM_002_XJTU,35Hz12kN/Bearing1_1/107.csv,1,1,1,0,25600,XJTU/35Hz12kN/Bearing1_1,-1,train
271,2,RM_002_XJTU,35Hz12kN/Bearing1_1/108.csv,1,1,1,0,25600,XJTU/35Hz12kN/Bearing1_1,-1,train
272,2,RM_002_XJTU,35Hz12kN/Bearing1_1/109.csv,1,1,1,0,25600,XJTU/35Hz12kN/Bearing1_1,-1,train
273,2,RM_002_XJTU,35Hz12kN/Bearing1_1/110.csv,1,1,1,0,25600,XJTU/35Hz12kN/Bearing1_1,-1,train
274,2,RM_002_XJTU,35Hz12kN/Bearing1_1/111.csv,1,1,1,0,25600,XJTU/35Hz12kN/Bearing1_1,-1,train
275,2,RM_002_XJTU,35Hz12kN/Bearing1_1/112.csv,1,1,1,0,25600,XJTU/35Hz12kN/Bearing1_1,-1,train
276,2,RM_002_XJTU,35Hz12kN/Bearing1_1/113.csv,1,1,1,0,25600,XJTU/35Hz12kN/Bearing1_1,-1,train
277,2,RM_002_XJTU,35Hz12kN/Bearing1_1/114.csv,1,1,1,0,25600,XJTU/35Hz12kN/Bearing1_1,-1,train
278,2,RM_002_XJTU,35Hz12kN/Bearing1_1/115.csv,1,1,1,0,25600,XJTU/35Hz12kN/Bearing1_1,-1,train
279,2,RM_002_XJTU,35Hz12kN/Bearing1_1/116.csv,1,1,1,0,25600,XJTU/35Hz12kN/Bearing1_1,-1,train
280,2,RM_002_XJTU,35Hz12kN/Bearing1_1/117.csv,1,1,1,0,25600,XJTU/35Hz12kN/Bearing1_1,-1,train
281,2,RM_002_XJTU,35Hz12kN/Bearing1_1/118.csv,1,1,1,0,25600,XJTU/35Hz12kN/Bearing1_1,-1,train
282,2,RM_002_XJTU,35Hz12kN/Bearing1_1/119.csv,1,1,1,0,25600,XJTU/35Hz12kN/Bearing1_1,-1,train
283,2,RM_002_XJTU,35Hz12kN/Bearing1_1/120.csv,1,1,1,0,25600,XJTU/35Hz12kN/Bearing1_1,-1,train
284,2,RM_002_XJTU,35Hz12kN/Bearing1_1/121.csv,1,1,1,0,25600,XJTU/35Hz12kN/Bearing1_1,-1,train
285,2,RM_002_XJTU,35Hz12kN/Bearing1_1/122.csv,1,1,1,0,25600,XJTU/35Hz12kN/Bearing1_1,-1,train
286,2,RM_002_XJTU,35Hz12kN/Bearing1_1/123.csv,1,1,1,0,25600,XJTU/35Hz12kN/Bearing1_1,-1,train
287,2,RM_002_XJTU,35Hz12kN/Bearing1_2/1.csv,0,0,0,0,25600,XJTU/35Hz12kN/Bearing1_2,-1,train
288,2,RM_002_XJTU,35Hz12kN/Bearing1_2/2.csv,0,0,0,0,25600,XJTU/35Hz12kN/Bearing1_2,-1,train
289,2,RM_002_XJTU,35Hz12kN/Bearing1_2/3.csv,0,0,0,0,25600,XJTU/35Hz12kN/Bearing1_2,-1,train
290,2,RM_002_XJTU,35Hz12kN/Bearing1_2/4.csv,0,0,0,0,25600,XJTU/35Hz12kN/Bearing1_2,-1,train
291,2,RM_002_XJTU,35Hz12kN/Bearing1_2/5.csv,0,0,0,0,25600,XJTU/35Hz12kN/Bearing1_2,-1,train
292,2,RM_002_XJTU,35Hz12kN/Bearing1_2/6.csv,0,0,0,0,25600,XJTU/35Hz12kN/Bearing1_2,-1,train
293,2,RM_002_XJTU,35Hz12kN/Bearing1_2/7.csv,0,0,0,0,25600,XJTU/35Hz12kN/Bearing1_2,-1,train
294,2,RM_002_XJTU,35Hz12kN/Bearing1_2/8.csv,0,0,0,0,25600,XJTU/35Hz12kN/Bearing1_2,-1,train
295,2,RM_002_XJTU,35Hz12kN/Bearing1_2/9.csv,0,0,0,0,25600,XJTU/35Hz12kN/Bearing1_2,-1,train
296,2,RM_002_XJTU,35Hz12kN/Bearing1_2/10.csv,0,0,0,0,25600,XJTU/35Hz12kN/Bearing1_2,-1,train
297,2,RM_002_XJTU,35Hz12kN/Bearing1_2/11.csv,0,0,0,0,25600,XJTU/35Hz12kN/Bearing1_2,-1,train
298,2,RM_002_XJTU,35Hz12kN/Bearing1_2/12.csv,0,0,0,0,25600,XJTU/35Hz12kN/Bearing1_2,-1,train
299,2,RM_002_XJTU,35Hz12kN/Bearing1_2/13.csv,0,0,0,0,25600,XJTU/35Hz12kN/Bearing1_2,-1,train
300,2,RM_002_XJTU,35Hz12kN/Bearing1_2/14.csv,0,0,0,0,25600,XJTU/35Hz12kN/Bearing1_2,-1,train
301,2,RM_002_XJTU,35Hz12kN/Bearing1_2/15.csv,0,0,0,0,25600,XJTU/35Hz12kN/Bearing1_2,-1,train
302,2,RM_002_XJTU,35Hz12kN/Bearing1_2/16.csv,0,0,0,0,25600,XJTU/35Hz12kN/Bearing1_2,-1,train
303,2,RM_002_XJTU,35Hz12kN/Bearing1_2/17.csv,0,0,0,0,25600,XJTU/35Hz12kN/Bearing1_2,-1,train
304,2,RM_002_XJTU,35Hz12kN/Bearing1_2/18.csv,0,0,0,0,25600,XJTU/35Hz12kN/Bearing1_2,-1,train
305,2,RM_002_XJTU,35Hz12kN/Bearing1_2/19.csv,0,0,0,0,25600,XJTU/35Hz12kN/Bearing1_2,-1,train
306,2,RM_002_XJTU,35Hz12kN/Bearing1_2/20.csv,0,0,0,0,25600,XJTU/35Hz12kN/Bearing1_2,-1,train
307,2,RM_002_XJTU,35Hz12kN/Bearing1_2/21.csv,0,0,0,0,25600,XJTU/35Hz12kN/Bearing1_2,-1,train
308,2,RM_002_XJTU,35Hz12kN/Bearing1_2/22.csv,0,0,0,0,25600,XJTU/35Hz12kN/Bearing1_2,-1,train
309,2,RM_002_XJTU,35Hz12kN/Bearing1_2/23.csv,0,0,0,0,25600,XJTU/35Hz12kN/Bearing1_2,-1,train
310,2,RM_002_XJTU,35Hz12kN/Bearing1_2/24.csv,0,0,0,0,25600,XJTU/35Hz12kN/Bearing1_2,-1,train
311,2,RM_002_XJTU,35Hz12kN/Bearing1_2/25.csv,0,0,0,0,25600,XJTU/35Hz12kN/Bearing1_2,-1,train
312,2,RM_002_XJTU,35Hz12kN/Bearing1_2/26.csv,0,0,0,0,25600,XJTU/35Hz12kN/Bearing1_2,-1,train
313,2,RM_002_XJTU,35Hz12kN/Bearing1_2/27.csv,0,0,0,0,25600,XJTU/35Hz12kN/Bearing1_2,-1,train
314,2,RM_002_XJTU,35Hz12kN/Bearing1_2/28.csv,0,0,0,0,25600,XJTU/35Hz12kN/Bearing1_2,-1,train
315,2,RM_002_XJTU,35Hz12kN/Bearing1_2/29.csv,0,0,0,0,25600,XJTU/35Hz12kN/Bearing1_2,-1,train
316,2,RM_002_XJTU,35Hz12kN/Bearing1_2/30.csv,0,0,0,0,25600,XJTU/35Hz12kN/Bearing1_2,-1,train
317,2,RM_002_XJTU,35Hz12kN/Bearing1_2/31.csv,0,0,0,0,25600,XJTU/35Hz12kN/Bearing1_2,-1,train
318,2,RM_002_XJTU,35Hz12kN/Bearing1_2/32.csv,0,0,0,0,25600,XJTU/35Hz12kN/Bearing1_2,-1,train
319,2,RM_002_XJTU,35Hz12kN/Bearing1_2/33.csv,0,0,0,0,25600,XJTU/35Hz12kN/Bearing1_2,-1,train
320,2,RM_002_XJTU,35Hz12kN/Bearing1_2/34.csv,0,0,0,0,25600,XJTU/35Hz12kN/Bearing1_2,-1,train
321,2,RM_002_XJTU,35Hz12kN/Bearing1_2/35.csv,0,0,0,0,25600,XJTU/35Hz12kN/Bearing1_2,-1,train
322,2,RM_002_XJTU,35Hz12kN/Bearing1_2/36.csv,0,0,0,0,25600,XJTU/35Hz12kN/Bearing1_2,-1,train
323,2,RM_002_XJTU,35Hz12kN/Bearing1_2/37.csv,0,0,0,0,25600,XJTU/35Hz12kN/Bearing1_2,-1,train
324,2,RM_002_XJTU,35Hz12kN/Bearing1_2/38.csv,0,0,0,0,25600,XJTU/35Hz12kN/Bearing1_2,-1,train
325,2,RM_002_XJTU,35Hz12kN/Bearing1_2/39.csv,0,0,0,0,25600,XJTU/35Hz12kN/Bearing1_2,-1,train
326,2,RM_002_XJTU,35Hz12kN/Bearing1_2/40.csv,0,0,0,0,25600,XJTU/35Hz12kN/Bearing1_2,-1,train
327,2,RM_002_XJTU,35Hz12kN/Bearing1_2/41.csv,0,0,0,0,25600,XJTU/35Hz12kN/Bearing1_2,-1,train
328,2,RM_002_XJTU,35Hz12kN/Bearing1_2/42.csv,0,0,0,0,25600,XJTU/35Hz12kN/Bearing1_2,-1,train
329,2,RM_002_XJTU,35Hz12kN/Bearing1_2/43.csv,0,0,0,0,25600,XJTU/35Hz12kN/Bearing1_2,-1,train
330,2,RM_002_XJTU,35Hz12kN/Bearing1_2/44.csv,0,0,0,0,25600,XJTU/35Hz12kN/Bearing1_2,-1,train
331,2,RM_002_XJTU,35Hz12kN/Bearing1_2/45.csv,0,0,0,0,25600,XJTU/35Hz12kN/Bearing1_2,-1,train
332,2,RM_002_XJTU,35Hz12kN/Bearing1_2/46.csv,0,0,0,0,25600,XJTU/35Hz12kN/Bearing1_2,-1,train
333,2,RM_002_XJTU,35Hz12kN/Bearing1_2/47.csv,0,0,0,0,25600,XJTU/35Hz12kN/Bearing1_2,-1,train
334,2,RM_002_XJTU,35Hz12kN/Bearing1_2/48.csv,0,0,0,0,25600,XJTU/35Hz12kN/Bearing1_2,-1,train
335,2,RM_002_XJTU,35Hz12kN/Bearing1_2/49.csv,0,0,0,0,25600,XJTU/35Hz12kN/Bearing1_2,-1,train
336,2,RM_002_XJTU,35Hz12kN/Bearing1_2/50.csv,0,0,0,0,25600,XJTU/35Hz12kN/Bearing1_2,-1,train
337,2,RM_002_XJTU,35Hz12kN/Bearing1_2/51.csv,0,0,0,0,25600,XJTU/35Hz12kN/Bearing1_2,-1,train
338,2,RM_002_XJTU,35Hz12kN/Bearing1_2/52.csv,0,0,0,0,25600,XJTU/35Hz12kN/Bearing1_2,-1,train
339,2,RM_002_XJTU,35Hz12kN/Bearing1_2/53.csv,0,0,0,0,25600,XJTU/35Hz12kN/Bearing1_2,-1,train
340,2,RM_002_XJTU,35Hz12kN/Bearing1_2/54.csv,0,0,0,0,25600,XJTU/35Hz12kN/Bearing1_2,-1,train
341,2,RM_002_XJTU,35Hz12kN/Bearing1_2/55.csv,0,0,0,0,25600,XJTU/35Hz12kN/Bearing1_2,-1,train
342,2,RM_002_XJTU,35Hz12kN/Bearing1_2/56.csv,0,0,0,0,25600,XJTU/35Hz12kN/Bearing1_2,-1,train
343,2,RM_002_XJTU,35Hz12kN/Bearing1_2/57.csv,0,0,0,0,25600,XJTU/35Hz12kN/Bearing1_2,-1,train
416,2,RM_002_XJTU,35Hz12kN/Bearing1_2/130.csv,2,1,1,0,25600,XJTU/35Hz12kN/Bearing1_2,-1,train
417,2,RM_002_XJTU,35Hz12kN/Bearing1_2/131.csv,2,1,1,0,25600,XJTU/35Hz12kN/Bearing1_2,-1,train
418,2,RM_002_XJTU,35Hz12kN/Bearing1_2/132.csv,2,1,1,0,25600,XJTU/35Hz12kN/Bearing1_2,-1,train
419,2,RM_002_XJTU,35Hz12kN/Bearing1_2/133.csv,2,1,1,0,25600,XJTU/35Hz12kN/Bearing1_2,-1,train
420,2,RM_002_XJTU,35Hz12kN/Bearing1_2/134.csv,2,1,1,0,25600,XJTU/35Hz12kN/Bearing1_2,-1,train
421,2,RM_002_XJTU,35Hz12kN/Bearing1_2/135.csv,2,1,1,0,25600,XJTU/35Hz12kN/Bearing1_2,-1,train
422,2,RM_002_XJTU,35Hz12kN/Bearing1_2/136.csv,2,1,1,0,25600,XJTU/35Hz12kN/Bearing1_2,-1,train
423,2,RM_002_XJTU,35Hz12kN/Bearing1_2/137.csv,2,1,1,0,25600,XJTU/35Hz12kN/Bearing1_2,-1,train
424,2,RM_002_XJTU,35Hz12kN/Bearing1_2/138.csv,2,1,1,0,25600,XJTU/35Hz12kN/Bearing1_2,-1,train
425,2,RM_002_XJTU,35Hz12kN/Bearing1_2/139.csv,2,1,1,0,25600,XJTU/35Hz12kN/Bearing1_2,-1,train
426,2,RM_002_XJTU,35Hz12kN/Bearing1_2/140.csv,2,1,1,0,25600,XJTU/35Hz12kN/Bearing1_2,-1,train
427,2,RM_002_XJTU,35Hz12kN/Bearing1_2/141.csv,2,1,1,0,25600,XJTU/35Hz12kN/Bearing1_2,-1,train
428,2,RM_002_XJTU,35Hz12kN/Bearing1_2/142.csv,2,1,1,0,25600,XJTU/35Hz12kN/Bearing1_2,-1,train
429,2,RM_002_XJTU,35Hz12kN/Bearing1_2/143.csv,2,1,1,0,25600,XJTU/35Hz12kN/Bearing1_2,-1,train
430,2,RM_002_XJTU,35Hz12kN/Bearing1_2/144.csv,2,1,1,0,25600,XJTU/35Hz12kN/Bearing1_2,-1,train
431,2,RM_002_XJTU,35Hz12kN/Bearing1_2/145.csv,2,1,1,0,25600,XJTU/35Hz12kN/Bearing1_2,-1,train
432,2,RM_002_XJTU,35Hz12kN/Bearing1_2/146.csv,2,1,1,0,25600,XJTU/35Hz12kN/Bearing1_2,-1,train
433,2,RM_002_XJTU,35Hz12kN/Bearing1_2/147.csv,2,1,1,0,25600,XJTU/35Hz12kN/Bearing1_2,-1,train
434,2,RM_002_XJTU,35Hz12kN/Bearing1_2/148.csv,2,1,1,0,25600,XJTU/35Hz12kN/Bearing1_2,-1,train
435,2,RM_002_XJTU,35Hz12kN/Bearing1_2/149.csv,2,1,1,0,25600,XJTU/35Hz12kN/Bearing1_2,-1,train
436,2,RM_002_XJTU,35Hz12kN/Bearing1_2/150.csv,2,1,1,0,25600,XJTU/35Hz12kN/Bearing1_2,-1,train
437,2,RM_002_XJTU,35Hz12kN/Bearing1_2/151.csv,2,1,1,0,25600,XJTU/35Hz12kN/Bearing1_2,-1,train
438,2,RM_002_XJTU,35Hz12kN/Bearing1_2/152.csv,2,1,1,0,25600,XJTU/35Hz12kN/Bearing1_2,-1,train
439,2,RM_002_XJTU,35Hz12kN/Bearing1_2/153.csv,2,1,1,0,25600,XJTU/35Hz12kN/Bearing1_2,-1,train
440,2,RM_002_XJTU,35Hz12kN/Bearing1_2/154.csv,2,1,1,0,25600,XJTU/35Hz12kN/Bearing1_2,-1,train
441,2,RM_002_XJTU,35Hz12kN/Bearing1_2/155.csv,2,1,1,0,25600,XJTU/35Hz12kN/Bearing1_2,-1,train
442,2,RM_002_XJTU,35Hz12kN/Bearing1_2/156.csv,2,1,1,0,25600,XJTU/35Hz12kN/Bearing1_2,-1,train
443,2,RM_002_XJTU,35Hz12kN/Bearing1_2/157.csv,2,1,1,0,25600,XJTU/35Hz12kN/Bearing1_2,-1,train
444,2,RM_002_XJTU,35Hz12kN/Bearing1_2/158.csv,2,1,1,0,25600,XJTU/35Hz12kN/Bearing1_2,-1,train
445,2,RM_002_XJTU,35Hz12kN/Bearing1_2/159.csv,2,1,1,0,25600,XJTU/35Hz12kN/Bearing1_2,-1,train
446,2,RM_002_XJTU,35Hz12kN/Bearing1_2/160.csv,2,1,1,0,25600,XJTU/35Hz12kN/Bearing1_2,-1,train
447,2,RM_002_XJTU,35Hz12kN/Bearing1_2/161.csv,2,1,1,0,25600,XJTU/35Hz12kN/Bearing1_2,-1,train
448,2,RM_002_XJTU,35Hz12kN/Bearing1_3/1.csv,0,0,0,0,25600,XJTU/35Hz12kN/Bearing1_3,-1,train
449,2,RM_002_XJTU,35Hz12kN/Bearing1_3/2.csv,0,0,0,0,25600,XJTU/35Hz12kN/Bearing1_3,-1,train
450,2,RM_002_XJTU,35Hz12kN/Bearing1_3/3.csv,0,0,0,0,25600,XJTU/35Hz12kN/Bearing1_3,-1,train
451,2,RM_002_XJTU,35Hz12kN/Bearing1_3/4.csv,0,0,0,0,25600,XJTU/35Hz12kN/Bearing1_3,-1,train
452,2,RM_002_XJTU,35Hz12kN/Bearing1_3/5.csv,0,0,0,0,25600,XJTU/35Hz12kN/Bearing1_3,-1,train
453,2,RM_002_XJTU,35Hz12kN/Bearing1_3/6.csv,0,0,0,0,25600,XJTU/35Hz12kN/Bearing1_3,-1,train
454,2,RM_002_XJTU,35Hz12kN/Bearing1_3/7.csv,0,0,0,0,25600,XJTU/35Hz12kN/Bearing1_3,-1,train
455,2,RM_002_XJTU,35Hz12kN/Bearing1_3/8.csv,0,0,0,0,25600,XJTU/35Hz12kN/Bearing1_3,-1,train
456,2,RM_002_XJTU,35Hz12kN/Bearing1_3/9.csv,0,0,0,0,25600,XJTU/35Hz12kN/Bearing1_3,-1,train
457,2,RM_002_XJTU,35Hz12kN/Bearing1_3/10.csv,0,0,0,0,25600,XJTU/35Hz12kN/Bearing1_3,-1,train
458,2,RM_002_XJTU,35Hz12kN/Bearing1_3/11.csv,0,0,0,0,25600,XJTU/35Hz12kN/Bearing1_3,-1,train
459,2,RM_002_XJTU,35Hz12kN/Bearing1_3/12.csv,0,0,0,0,25600,XJTU/35Hz12kN/Bearing1_3,-1,train
460,2,RM_002_XJTU,35Hz12kN/Bearing1_3/13.csv,0,0,0,0,25600,XJTU/35Hz12kN/Bearing1_3,-1,train
461,2,RM_002_XJTU,35Hz12kN/Bearing1_3/14.csv,0,0,0,0,25600,XJTU/35Hz12kN/Bearing1_3,-1,train
462,2,RM_002_XJTU,35Hz12kN/Bearing1_3/15.csv,0,0,0,0,25600,XJTU/35Hz12kN/Bearing1_3,-1,train
463,2,RM_002_XJTU,35Hz12kN/Bearing1_3/16.csv,0,0,0,0,25600,XJTU/35Hz12kN/Bearing1_3,-1,train
464,2,RM_002_XJTU,35Hz12kN/Bearing1_3/17.csv,0,0,0,0,25600,XJTU/35Hz12kN/Bearing1_3,-1,train
465,2,RM_002_XJTU,35Hz12kN/Bearing1_3/18.csv,0,0,0,0,25600,XJTU/35Hz12kN/Bearing1_3,-1,train
466,2,RM_002_XJTU,35Hz12kN/Bearing1_3/19.csv,0,0,0,0,25600,XJTU/35Hz12kN/Bearing1_3,-1,train
467,2,RM_002_XJTU,35Hz12kN/Bearing1_3/20.csv,0,0,0,0,25600,XJTU/35Hz12kN/Bearing1_3,-1,train
468,2,RM_002_XJTU,35Hz12kN/Bearing1_3/21.csv,0,0,0,0,25600,XJTU/35Hz12kN/Bearing1_3,-1,train
469,2,RM_002_XJTU,35Hz12kN/Bearing1_3/22.csv,0,0,0,0,25600,XJTU/35Hz12kN/Bearing1_3,-1,train
470,2,RM_002_XJTU,35Hz12kN/Bearing1_3/23.csv,0,0,0,0,25600,XJTU/35Hz12kN/Bearing1_3,-1,train
471,2,RM_002_XJTU,35Hz12kN/Bearing1_3/24.csv,0,0,0,0,25600,XJTU/35Hz12kN/Bearing1_3,-1,train
472,2,RM_002_XJTU,35Hz12kN/Bearing1_3/25.csv,0,0,0,0,25600,XJTU/35Hz12kN/Bearing1_3,-1,train
473,2,RM_002_XJTU,35Hz12kN/Bearing1_3/26.csv,0,0,0,0,25600,XJTU/35Hz12kN/Bearing1_3,-1,train
474,2,RM_002_XJTU,35Hz12kN/Bearing1_3/27.csv,0,0,0,0,25600,XJTU/35Hz12kN/Bearing1_3,-1,train
475,2,RM_002_XJTU,35Hz12kN/Bearing1_3/28.csv,0,0,0,0,25600,XJTU/35Hz12kN/Bearing1_3,-1,train
476,2,RM_002_XJTU,35Hz12kN/Bearing1_3/29.csv,0,0,0,0,25600,XJTU/35Hz12kN/Bearing1_3,-1,train
477,2,RM_002_XJTU,35Hz12kN/Bearing1_3/30.csv,0,0,0,0,25600,XJTU/35Hz12kN/Bearing1_3,-1,train
478,2,RM_002_XJTU,35Hz12kN/Bearing1_3/31.csv,0,0,0,0,25600,XJTU/35Hz12kN/Bearing1_3,-1,train
479,2,RM_002_XJTU,35Hz12kN/Bearing1_3/32.csv,0,0,0,0,25600,XJTU/35Hz12kN/Bearing1_3,-1,train
480,2,RM_002_XJTU,35Hz12kN/Bearing1_3/33.csv,0,0,0,0,25600,XJTU/35Hz12kN/Bearing1_3,-1,train
481,2,RM_002_XJTU,35Hz12kN/Bearing1_3/34.csv,0,0,0,0,25600,XJTU/35Hz12kN/Bearing1_3,-1,train
482,2,RM_002_XJTU,35Hz12kN/Bearing1_3/35.csv,0,0,0,0,25600,XJTU/35Hz12kN/Bearing1_3,-1,train
483,2,RM_002_XJTU,35Hz12kN/Bearing1_3/36.csv,0,0,0,0,25600,XJTU/35Hz12kN/Bearing1_3,-1,train
484,2,RM_002_XJTU,35Hz12kN/Bearing1_3/37.csv,0,0,0,0,25600,XJTU/35Hz12kN/Bearing1_3,-1,train
485,2,RM_002_XJTU,35Hz12kN/Bearing1_3/38.csv,0,0,0,0,25600,XJTU/35Hz12kN/Bearing1_3,-1,train
486,2,RM_002_XJTU,35Hz12kN/Bearing1_3/39.csv,0,0,0,0,25600,XJTU/35Hz12kN/Bearing1_3,-1,train
487,2,RM_002_XJTU,35Hz12kN/Bearing1_3/40.csv,0,0,0,0,25600,XJTU/35Hz12kN/Bearing1_3,-1,train
488,2,RM_002_XJTU,35Hz12kN/Bearing1_3/41.csv,0,0,0,0,25600,XJTU/35Hz12kN/Bearing1_3,-1,train
489,2,RM_002_XJTU,35Hz12kN/Bearing1_3/42.csv,0,0,0,0,25600,XJTU/35Hz12kN/Bearing1_3,-1,train
490,2,RM_002_XJTU,35Hz12kN/Bearing1_3/43.csv,0,0,0,0,25600,XJTU/35Hz12kN/Bearing1_3,-1,train
491,2,RM_002_XJTU,35Hz12kN/Bearing1_3/44.csv,0,0,0,0,25600,XJTU/35Hz12kN/Bearing1_3,-1,train
492,2,RM_002_XJTU,35Hz12kN/Bearing1_3/45.csv,0,0,0,0,25600,XJTU/35Hz12kN/Bearing1_3,-1,train
493,2,RM_002_XJTU,35Hz12kN/Bearing1_3/46.csv,0,0,0,0,25600,XJTU/35Hz12kN/Bearing1_3,-1,train
494,2,RM_002_XJTU,35Hz12kN/Bearing1_3/47.csv,0,0,0,0,25600,XJTU/35Hz12kN/Bearing1_3,-1,train
495,2,RM_002_XJTU,35Hz12kN/Bearing1_3/48.csv,0,0,0,0,25600,XJTU/35Hz12kN/Bearing1_3,-1,train
496,2,RM_002_XJTU,35Hz12kN/Bearing1_3/49.csv,0,0,0,0,25600,XJTU/35Hz12kN/Bearing1_3,-1,train
497,2,RM_002_XJTU,35Hz12kN/Bearing1_3/50.csv,0,0,0,0,25600,XJTU/35Hz12kN/Bearing1_3,-1,train
498,2,RM_002_XJTU,35Hz12kN/Bearing1_3/51.csv,0,0,0,0,25600,XJTU/35Hz12kN/Bearing1_3,-1,train
499,2,RM_002_XJTU,35Hz12kN/Bearing1_3/52.csv,0,0,0,0,25600,XJTU/35Hz12kN/Bearing1_3,-1,train
500,2,RM_002_XJTU,35Hz12kN/Bearing1_3/53.csv,0,0,0,0,25600,XJTU/35Hz12kN/Bearing1_3,-1,train
501,2,RM_002_XJTU,35Hz12kN/Bearing1_3/54.csv,0,0,0,0,25600,XJTU/35Hz12kN/Bearing1_3,-1,train
502,2,RM_002_XJTU,35Hz12kN/Bearing1_3/55.csv,0,0,0,0,25600,XJTU/35Hz12kN/Bearing1_3,-1,train
503,2,RM_002_XJTU,35Hz12kN/Bearing1_3/56.csv,0,0,0,0,25600,XJTU/35Hz12kN/Bearing1_3,-1,train
597,2,RM_002_XJTU,35Hz12kN/Bearing1_3/150.csv,3,1,1,0,25600,XJTU/35Hz12kN/Bearing1_3,-1,train
598,2,RM_002_XJTU,35Hz12kN/Bearing1_3/151.csv,3,1,1,0,25600,XJTU/35Hz12kN/Bearing1_3,-1,train
599,2,RM_002_XJTU,35Hz12kN/Bearing1_3/152.csv,3,1,1,0,25600,XJTU/35Hz12kN/Bearing1_3,-1,train
600,2,RM_002_XJTU,35Hz12kN/Bearing1_3/153.csv,3,1,1,0,25600,XJTU/35Hz12kN/Bearing1_3,-1,train
601,2,RM_002_XJTU,35Hz12kN/Bearing1_3/154.csv,3,1,1,0,25600,XJTU/35Hz12kN/Bearing1_3,-1,train
602,2,RM_002_XJTU,35Hz12kN/Bearing1_3/155.csv,3,1,1,0,25600,XJTU/35Hz12kN/Bearing1_3,-1,train
603,2,RM_002_XJTU,35Hz12kN/Bearing1_3/156.csv,3,1,1,0,25600,XJTU/35Hz12kN/Bearing1_3,-1,train
604,2,RM_002_XJTU,35Hz12kN/Bearing1_3/157.csv,3,1,1,0,25600,XJTU/35Hz12kN/Bearing1_3,-1,train
605,2,RM_002_XJTU,35Hz12kN/Bearing1_3/158.csv,3,1,1,0,25600,XJTU/35Hz12kN/Bearing1_3,-1,train
606,2,RM_002_XJTU,35Hz12kN/Bearing1_4/1.csv,0,0,0,0,25600,XJTU/35Hz12kN/Bearing1_4,-1,train
607,2,RM_002_XJTU,35Hz12kN/Bearing1_4/2.csv,0,0,0,0,25600,XJTU/35Hz12kN/Bearing1_4,-1,train
608,2,RM_002_XJTU,35Hz12kN/Bearing1_4/3.csv,0,0,0,0,25600,XJTU/35Hz12kN/Bearing1_4,-1,train
609,2,RM_002_XJTU,35Hz12kN/Bearing1_4/4.csv,0,0,0,0,25600,XJTU/35Hz12kN/Bearing1_4,-1,train
610,2,RM_002_XJTU,35Hz12kN/Bearing1_4/5.csv,0,0,0,0,25600,XJTU/35Hz12kN/Bearing1_4,-1,train
611,2,RM_002_XJTU,35Hz12kN/Bearing1_4/6.csv,0,0,0,0,25600,XJTU/35Hz12kN/Bearing1_4,-1,train
612,2,RM_002_XJTU,35Hz12kN/Bearing1_4/7.csv,0,0,0,0,25600,XJTU/35Hz12kN/Bearing1_4,-1,train
613,2,RM_002_XJTU,35Hz12kN/Bearing1_4/8.csv,0,0,0,0,25600,XJTU/35Hz12kN/Bearing1_4,-1,train
614,2,RM_002_XJTU,35Hz12kN/Bearing1_4/9.csv,0,0,0,0,25600,XJTU/35Hz12kN/Bearing1_4,-1,train
615,2,RM_002_XJTU,35Hz12kN/Bearing1_4/10.csv,0,0,0,0,25600,XJTU/35Hz12kN/Bearing1_4,-1,train
616,2,RM_002_XJTU,35Hz12kN/Bearing1_4/11.csv,0,0,0,0,25600,XJTU/35Hz12kN/Bearing1_4,-1,train
617,2,RM_002_XJTU,35Hz12kN/Bearing1_4/12.csv,0,0,0,0,25600,XJTU/35Hz12kN/Bearing1_4,-1,train
618,2,RM_002_XJTU,35Hz12kN/Bearing1_4/13.csv,0,0,0,0,25600,XJTU/35Hz12kN/Bearing1_4,-1,train
619,2,RM_002_XJTU,35Hz12kN/Bearing1_4/14.csv,0,0,0,0,25600,XJTU/35Hz12kN/Bearing1_4,-1,train
620,2,RM_002_XJTU,35Hz12kN/Bearing1_4/15.csv,0,0,0,0,25600,XJTU/35Hz12kN/Bearing1_4,-1,train
621,2,RM_002_XJTU,35Hz12kN/Bearing1_4/16.csv,0,0,0,0,25600,XJTU/35Hz12kN/Bearing1_4,-1,train
622,2,RM_002_XJTU,35Hz12kN/Bearing1_4/17.csv,0,0,0,0,25600,XJTU/35Hz12kN/Bearing1_4,-1,train
623,2,RM_002_XJTU,35Hz12kN/Bearing1_4/18.csv,0,0,0,0,25600,XJTU/35Hz12kN/Bearing1_4,-1,train
624,2,RM_002_XJTU,35Hz12kN/Bearing1_4/19.csv,0,0,0,0,25600,XJTU/35Hz12kN/Bearing1_4,-1,train
625,2,RM_002_XJTU,35Hz12kN/Bearing1_4/20.csv,0,0,0,0,25600,XJTU/35Hz12kN/Bearing1_4,-1,train
626,2,RM_002_XJTU,35Hz12kN/Bearing1_4/21.csv,0,0,0,0,25600,XJTU/35Hz12kN/Bearing1_4,-1,train
627,2,RM_002_XJTU,35Hz12kN/Bearing1_4/22.csv,0,0,0,0,25600,XJTU/35Hz12kN/Bearing1_4,-1,train
628,2,RM_002_XJTU,35Hz12kN/Bearing1_4/23.csv,0,0,0,0,25600,XJTU/35Hz12kN/Bearing1_4,-1,train
629,2,RM_002_XJTU,35Hz12kN/Bearing1_4/24.csv,0,0,0,0,25600,XJTU/35Hz12kN/Bearing1_4,-1,train
630,2,RM_002_XJTU,35Hz12kN/Bearing1_4/25.csv,0,0,0,0,25600,XJTU/35Hz12kN/Bearing1_4,-1,train
631,2,RM_002_XJTU,35Hz12kN/Bearing1_4/26.csv,0,0,0,0,25600,XJTU/35Hz12kN/Bearing1_4,-1,train
632,2,RM_002_XJTU,35Hz12kN/Bearing1_4/27.csv,0,0,0,0,25600,XJTU/35Hz12kN/Bearing1_4,-1,train
633,2,RM_002_XJTU,35Hz12kN/Bearing1_4/28.csv,0,0,0,0,25600,XJTU/35Hz12kN/Bearing1_4,-1,train
634,2,RM_002_XJTU,35Hz12kN/Bearing1_4/29.csv,0,0,0,0,25600,XJTU/35Hz12kN/Bearing1_4,-1,train
635,2,RM_002_XJTU,35Hz12kN/Bearing1_4/30.csv,0,0,0,0,25600,XJTU/35Hz12kN/Bearing1_4,-1,train
636,2,RM_002_XJTU,35Hz12kN/Bearing1_4/31.csv,0,0,0,0,25600,XJTU/35Hz12kN/Bearing1_4,-1,train
637,2,RM_002_XJTU,35Hz12kN/Bearing1_4/32.csv,0,0,0,0,25600,XJTU/35Hz12kN/Bearing1_4,-1,train
638,2,RM_002_XJTU,35Hz12kN/Bearing1_4/33.csv,0,0,0,0,25600,XJTU/35Hz12kN/Bearing1_4,-1,train
639,2,RM_002_XJTU,35Hz12kN/Bearing1_4/34.csv,0,0,0,0,25600,XJTU/35Hz12kN/Bearing1_4,-1,train
640,2,RM_002_XJTU,35Hz12kN/Bearing1_4/35.csv,0,0,0,0,25600,XJTU/35Hz12kN/Bearing1_4,-1,train
641,2,RM_002_XJTU,35Hz12kN/Bearing1_4/36.csv,0,0,0,0,25600,XJTU/35Hz12kN/Bearing1_4,-1,train
642,2,RM_002_XJTU,35Hz12kN/Bearing1_4/37.csv,0,0,0,0,25600,XJTU/35Hz12kN/Bearing1_4,-1,train
643,2,RM_002_XJTU,35Hz12kN/Bearing1_4/38.csv,0,0,0,0,25600,XJTU/35Hz12kN/Bearing1_4,-1,train
644,2,RM_002_XJTU,35Hz12kN/Bearing1_4/39.csv,0,0,0,0,25600,XJTU/35Hz12kN/Bearing1_4,-1,train
645,2,RM_002_XJTU,35Hz12kN/Bearing1_4/40.csv,0,0,0,0,25600,XJTU/35Hz12kN/Bearing1_4,-1,train
646,2,RM_002_XJTU,35Hz12kN/Bearing1_4/41.csv,0,0,0,0,25600,XJTU/35Hz12kN/Bearing1_4,-1,train
647,2,RM_002_XJTU,35Hz12kN/Bearing1_4/42.csv,0,0,0,0,25600,XJTU/35Hz12kN/Bearing1_4,-1,train
648,2,RM_002_XJTU,35Hz12kN/Bearing1_4/43.csv,0,0,0,0,25600,XJTU/35Hz12kN/Bearing1_4,-1,train
649,2,RM_002_XJTU,35Hz12kN/Bearing1_4/44.csv,0,0,0,0,25600,XJTU/35Hz12kN/Bearing1_4,-1,train
650,2,RM_002_XJTU,35Hz12kN/Bearing1_4/45.csv,0,0,0,0,25600,XJTU/35Hz12kN/Bearing1_4,-1,train
651,2,RM_002_XJTU,35Hz12kN/Bearing1_4/46.csv,0,0,0,0,25600,XJTU/35Hz12kN/Bearing1_4,-1,train
652,2,RM_002_XJTU,35Hz12kN/Bearing1_4/47.csv,0,0,0,0,25600,XJTU/35Hz12kN/Bearing1_4,-1,train
653,2,RM_002_XJTU,35Hz12kN/Bearing1_4/48.csv,0,0,0,0,25600,XJTU/35Hz12kN/Bearing1_4,-1,train
654,2,RM_002_XJTU,35Hz12kN/Bearing1_4/49.csv,0,0,0,0,25600,XJTU/35Hz12kN/Bearing1_4,-1,train
655,2,RM_002_XJTU,35Hz12kN/Bearing1_4/50.csv,0,0,0,0,25600,XJTU/35Hz12kN/Bearing1_4,-1,train
656,2,RM_002_XJTU,35Hz12kN/Bearing1_4/51.csv,0,0,0,0,25600,XJTU/35Hz12kN/Bearing1_4,-1,train
657,2,RM_002_XJTU,35Hz12kN/Bearing1_4/52.csv,0,0,0,0,25600,XJTU/35Hz12kN/Bearing1_4,-1,train
658,2,RM_002_XJTU,35Hz12kN/Bearing1_4/53.csv,0,0,0,0,25600,XJTU/35Hz12kN/Bearing1_4,-1,train
659,2,RM_002_XJTU,35Hz12kN/Bearing1_4/54.csv,0,0,0,0,25600,XJTU/35Hz12kN/Bearing1_4,-1,train
660,2,RM_002_XJTU,35Hz12kN/Bearing1_4/55.csv,0,0,0,0,25600,XJTU/35Hz12kN/Bearing1_4,-1,train
661,2,RM_002_XJTU,35Hz12kN/Bearing1_4/56.csv,0,0,0,0,25600,XJTU/35Hz12kN/Bearing1_4,-1,train
662,2,RM_002_XJTU,35Hz12kN/Bearing1_4/57.csv,0,0,0,0,25600,XJTU/35Hz12kN/Bearing1_4,-1,train
663,2,RM_002_XJTU,35Hz12kN/Bearing1_4/58.csv,0,0,0,0,25600,XJTU/35Hz12kN/Bearing1_4,-1,train
664,2,RM_002_XJTU,35Hz12kN/Bearing1_4/59.csv,0,0,0,0,25600,XJTU/35Hz12kN/Bearing1_4,-1,train
665,2,RM_002_XJTU,35Hz12kN/Bearing1_4/60.csv,0,0,0,0,25600,XJTU/35Hz12kN/Bearing1_4,-1,train
666,2,RM_002_XJTU,35Hz12kN/Bearing1_4/61.csv,0,0,0,0,25600,XJTU/35Hz12kN/Bearing1_4,-1,train
667,2,RM_002_XJTU,35Hz12kN/Bearing1_4/62.csv,0,0,0,0,25600,XJTU/35Hz12kN/Bearing1_4,-1,train
668,2,RM_002_XJTU,35Hz12kN/Bearing1_4/63.csv,0,0,0,0,25600,XJTU/35Hz12kN/Bearing1_4,-1,train
669,2,RM_002_XJTU,35Hz12kN/Bearing1_4/64.csv,0,0,0,0,25600,XJTU/35Hz12kN/Bearing1_4,-1,train
670,2,RM_002_XJTU,35Hz12kN/Bearing1_4/65.csv,0,0,0,0,25600,XJTU/35Hz12kN/Bearing1_4,-1,train
671,2,RM_002_XJTU,35Hz12kN/Bearing1_4/66.csv,0,0,0,0,25600,XJTU/35Hz12kN/Bearing1_4,-1,train
672,2,RM_002_XJTU,35Hz12kN/Bearing1_4/67.csv,0,0,0,0,25600,XJTU/35Hz12kN/Bearing1_4,-1,train
673,2,RM_002_XJTU,35Hz12kN/Bearing1_4/68.csv,0,0,0,0,25600,XJTU/35Hz12kN/Bearing1_4,-1,train
674,2,RM_002_XJTU,35Hz12kN/Bearing1_4/69.csv,0,0,0,0,25600,XJTU/35Hz12kN/Bearing1_4,-1,train
675,2,RM_002_XJTU,35Hz12kN/Bearing1_4/70.csv,0,0,0,0,25600,XJTU/35Hz12kN/Bearing1_4,-1,train
676,2,RM_002_XJTU,35Hz12kN/Bearing1_4/71.csv,0,0,0,0,25600,XJTU/35Hz12kN/Bearing1_4,-1,train
677,2,RM_002_XJTU,35Hz12kN/Bearing1_4/72.csv,0,0,0,0,25600,XJTU/35Hz12kN/Bearing1_4,-1,train
678,2,RM_002_XJTU,35Hz12kN/Bearing1_4/73.csv,0,0,0,0,25600,XJTU/35Hz12kN/Bearing1_4,-1,train
679,2,RM_002_XJTU,35Hz12kN/Bearing1_4/74.csv,0,0,0,0,25600,XJTU/35Hz12kN/Bearing1_4,-1,train
680,2,RM_002_XJTU,35Hz12kN/Bearing1_4/75.csv,0,0,0,0,25600,XJTU/35Hz12kN/Bearing1_4,-1,train
681,2,RM_002_XJTU,35Hz12kN/Bearing1_4/76.csv,0,0,0,0,25600,XJTU/35Hz12kN/Bearing1_4,-1,train
682,2,RM_002_XJTU,35Hz12kN/Bearing1_4/77.csv,0,0,0,0,25600,XJTU/35Hz12kN/Bearing1_4,-1,train
683,2,RM_002_XJTU,35Hz12kN/Bearing1_4/78.csv,0,0,0,0,25600,XJTU/35Hz12kN/Bearing1_4,-1,train
684,2,RM_002_XJTU,35Hz12kN/Bearing1_4/79.csv,0,0,0,0,25600,XJTU/35Hz12kN/Bearing1_4,-1,train
685,2,RM_002_XJTU,35Hz12kN/Bearing1_4/80.csv,0,0,0,0,25600,XJTU/35Hz12kN/Bearing1_4,-1,train
686,2,RM_002_XJTU,35Hz12kN/Bearing1_4/81.csv,0,0,0,0,25600,XJTU/35Hz12kN/Bearing1_4,-1,train
687,2,RM_002_XJTU,35Hz12kN/Bearing1_4/82.csv,0,0,0,0,25600,XJTU/35Hz12kN/Bearing1_4,-1,train
688,2,RM_002_XJTU,35Hz12kN/Bearing1_4/83.csv,0,0,0,0,25600,XJTU/35Hz12kN/Bearing1_4,-1,train
689,2,RM_002_XJTU,35Hz12kN/Bearing1_4/84.csv,0,0,0,0,25600,XJTU/35Hz12kN/Bearing1_4,-1,train
690,2,RM_002_XJTU,35Hz12kN/Bearing1_4/85.csv,0,0,0,0,25600,XJTU/35Hz12kN/Bearing1_4,-1,train
691,2,RM_002_XJTU,35Hz12kN/Bearing1_4/86.csv,0,0,0,0,25600,XJTU/35Hz12kN/Bearing1_4,-1,train
692,2,RM_002_XJTU,35Hz12kN/Bearing1_4/87.csv,0,0,0,0,25600,XJTU/35Hz12kN/Bearing1_4,-1,train
693,2,RM_002_XJTU,35Hz12kN/Bearing1_4/88.csv,0,0,0,0,25600,XJTU/35Hz12kN/Bearing1_4,-1,train
694,2,RM_002_XJTU,35Hz12kN/Bearing1_4/89.csv,0,0,0,0,25600,XJTU/35Hz12kN/Bearing1_4,-1,train
695,2,RM_002_XJTU,35Hz12kN/Bearing1_4/90.csv,0,0,0,0,25600,XJTU/35Hz12kN/Bearing1_4,-1,train
696,2,RM_002_XJTU,35Hz12kN/Bearing1_4/91.csv,0,0,0,0,25600,XJTU/35Hz12kN/Bearing1_4,-1,train
697,2,RM_002_XJTU,35Hz12kN/Bearing1_4/92.csv,0,0,0,0,25600,XJTU/35Hz12kN/Bearing1_4,-1,train
698,2,RM_002_XJTU,35Hz12kN/Bearing1_4/93.csv,0,0,0,0,25600,XJTU/35Hz12kN/Bearing1_4,-1,train
699,2,RM_002_XJTU,35Hz12kN/Bearing1_4/94.csv,0,0,0,0,25600,XJTU/35Hz12kN/Bearing1_4,-1,train
700,2,RM_002_XJTU,35Hz12kN/Bearing1_4/95.csv,0,0,0,0,25600,XJTU/35Hz12kN/Bearing1_4,-1,train
701,2,RM_002_XJTU,35Hz12kN/Bearing1_4/96.csv,0,0,0,0,25600,XJTU/35Hz12kN/Bearing1_4,-1,train
702,2,RM_002_XJTU,35Hz12kN/Bearing1_4/97.csv,0,0,0,0,25600,XJTU/35Hz12kN/Bearing1_4,-1,train
703,2,RM_002_XJTU,35Hz12kN/Bearing1_4/98.csv,0,0,0,0,25600,XJTU/35Hz12kN/Bearing1_4,-1,train
704,2,RM_002_XJTU,35Hz12kN/Bearing1_4/99.csv,0,0,0,0,25600,XJTU/35Hz12kN/Bearing1_4,-1,train
705,2,RM_002_XJTU,35Hz12kN/Bearing1_4/100.csv,0,0,0,0,25600,XJTU/35Hz12kN/Bearing1_4,-1,train
706,2,RM_002_XJTU,35Hz12kN/Bearing1_4/101.csv,0,0,0,0,25600,XJTU/35Hz12kN/Bearing1_4,-1,train
707,2,RM_002_XJTU,35Hz12kN/Bearing1_4/102.csv,0,0,0,0,25600,XJTU/35Hz12kN/Bearing1_4,-1,train
708,2,RM_002_XJTU,35Hz12kN/Bearing1_4/103.csv,0,0,0,0,25600,XJTU/35Hz12kN/Bearing1_4,-1,train
709,2,RM_002_XJTU,35Hz12kN/Bearing1_4/104.csv,0,0,0,0,25600,XJTU/35Hz12kN/Bearing1_4,-1,train
710,2,RM_002_XJTU,35Hz12kN/Bearing1_4/105.csv,0,0,0,0,25600,XJTU/35Hz12kN/Bearing1_4,-1,train
711,2,RM_002_XJTU,35Hz12kN/Bearing1_4/106.csv,0,0,0,0,25600,XJTU/35Hz12kN/Bearing1_4,-1,train
712,2,RM_002_XJTU,35Hz12kN/Bearing1_4/107.csv,0,0,0,0,25600,XJTU/35Hz12kN/Bearing1_4,-1,train
713,2,RM_002_XJTU,35Hz12kN/Bearing1_4/108.csv,0,0,0,0,25600,XJTU/35Hz12kN/Bearing1_4,-1,train
714,2,RM_002_XJTU,35Hz12kN/Bearing1_4/109.csv,0,0,0,0,25600,XJTU/35Hz12kN/Bearing1_4,-1,train
715,2,RM_002_XJTU,35Hz12kN/Bearing1_4/110.csv,0,0,0,0,25600,XJTU/35Hz12kN/Bearing1_4,-1,train
716,2,RM_002_XJTU,35Hz12kN/Bearing1_4/111.csv,0,0,0,0,25600,XJTU/35Hz12kN/Bearing1_4,-1,train
717,2,RM_002_XJTU,35Hz12kN/Bearing1_4/112.csv,0,0,0,0,25600,XJTU/35Hz12kN/Bearing1_4,-1,train
718,2,RM_002_XJTU,35Hz12kN/Bearing1_4/113.csv,0,0,0,0,25600,XJTU/35Hz12kN/Bearing1_4,-1,train
719,2,RM_002_XJTU,35Hz12kN/Bearing1_4/114.csv,0,0,0,0,25600,XJTU/35Hz12kN/Bearing1_4,-1,train
720,2,RM_002_XJTU,35Hz12kN/Bearing1_4/115.csv,0,0,0,0,25600,XJTU/35Hz12kN/Bearing1_4,-1,train
721,2,RM_002_XJTU,35Hz12kN/Bearing1_4/116.csv,0,0,0,0,25600,XJTU/35Hz12kN/Bearing1_4,-1,train
722,2,RM_002_XJTU,35Hz12kN/Bearing1_4/117.csv,0,0,0,0,25600,XJTU/35Hz12kN/Bearing1_4,-1,train
723,2,RM_002_XJTU,35Hz12kN/Bearing1_4/118.csv,0,0,0,0,25600,XJTU/35Hz12kN/Bearing1_4,-1,train
726,2,RM_002_XJTU,35Hz12kN/Bearing1_4/121.csv,4,1,1,0,25600,XJTU/35Hz12kN/Bearing1_4,-1,train
727,2,RM_002_XJTU,35Hz12kN/Bearing1_4/122.csv,4,1,1,0,25600,XJTU/35Hz12kN/Bearing1_4,-1,train
728,2,RM_002_XJTU,35Hz12kN/Bearing1_5/1.csv,0,0,0,0,25600,XJTU/35Hz12kN/Bearing1_5,-1,train
729,2,RM_002_XJTU,35Hz12kN/Bearing1_5/2.csv,0,0,0,0,25600,XJTU/35Hz12kN/Bearing1_5,-1,train
730,2,RM_002_XJTU,35Hz12kN/Bearing1_5/3.csv,0,0,0,0,25600,XJTU/35Hz12kN/Bearing1_5,-1,train
731,2,RM_002_XJTU,35Hz12kN/Bearing1_5/4.csv,0,0,0,0,25600,XJTU/35Hz12kN/Bearing1_5,-1,train
732,2,RM_002_XJTU,35Hz12kN/Bearing1_5/5.csv,0,0,0,0,25600,XJTU/35Hz12kN/Bearing1_5,-1,train
733,2,RM_002_XJTU,35Hz12kN/Bearing1_5/6.csv,0,0,0,0,25600,XJTU/35Hz12kN/Bearing1_5,-1,train
734,2,RM_002_XJTU,35Hz12kN/Bearing1_5/7.csv,0,0,0,0,25600,XJTU/35Hz12kN/Bearing1_5,-1,train
735,2,RM_002_XJTU,35Hz12kN/Bearing1_5/8.csv,0,0,0,0,25600,XJTU/35Hz12kN/Bearing1_5,-1,train
736,2,RM_002_XJTU,35Hz12kN/Bearing1_5/9.csv,0,0,0,0,25600,XJTU/35Hz12kN/Bearing1_5,-1,train
737,2,RM_002_XJTU,35Hz12kN/Bearing1_5/10.csv,0,0,0,0,25600,XJTU/35Hz12kN/Bearing1_5,-1,train
738,2,RM_002_XJTU,35Hz12kN/Bearing1_5/11.csv,0,0,0,0,25600,XJTU/35Hz12kN/Bearing1_5,-1,train
739,2,RM_002_XJTU,35Hz12kN/Bearing1_5/12.csv,0,0,0,0,25600,XJTU/35Hz12kN/Bearing1_5,-1,train
740,2,RM_002_XJTU,35Hz12kN/Bearing1_5/13.csv,0,0,0,0,25600,XJTU/35Hz12kN/Bearing1_5,-1,train
741,2,RM_002_XJTU,35Hz12kN/Bearing1_5/14.csv,0,0,0,0,25600,XJTU/35Hz12kN/Bearing1_5,-1,train
742,2,RM_002_XJTU,35Hz12kN/Bearing1_5/15.csv,0,0,0,0,25600,XJTU/35Hz12kN/Bearing1_5,-1,train
743,2,RM_002_XJTU,35Hz12kN/Bearing1_5/16.csv,0,0,0,0,25600,XJTU/35Hz12kN/Bearing1_5,-1,train
744,2,RM_002_XJTU,35Hz12kN/Bearing1_5/17.csv,0,0,0,0,25600,XJTU/35Hz12kN/Bearing1_5,-1,train
745,2,RM_002_XJTU,35Hz12kN/Bearing1_5/18.csv,0,0,0,0,25600,XJTU/35Hz12kN/Bearing1_5,-1,train
746,2,RM_002_XJTU,35Hz12kN/Bearing1_5/19.csv,0,0,0,0,25600,XJTU/35Hz12kN/Bearing1_5,-1,train
747,2,RM_002_XJTU,35Hz12kN/Bearing1_5/20.csv,0,0,0,0,25600,XJTU/35Hz12kN/Bearing1_5,-1,train
748,2,RM_002_XJTU,35Hz12kN/Bearing1_5/21.csv,0,0,0,0,25600,XJTU/35Hz12kN/Bearing1_5,-1,train
749,2,RM_002_XJTU,35Hz12kN/Bearing1_5/22.csv,0,0,0,0,25600,XJTU/35Hz12kN/Bearing1_5,-1,train
750,2,RM_002_XJTU,35Hz12kN/Bearing1_5/23.csv,0,0,0,0,25600,XJTU/35Hz12kN/Bearing1_5,-1,train
751,2,RM_002_XJTU,35Hz12kN/Bearing1_5/24.csv,0,0,0,0,25600,XJTU/35Hz12kN/Bearing1_5,-1,train
752,2,RM_002_XJTU,35Hz12kN/Bearing1_5/25.csv,0,0,0,0,25600,XJTU/35Hz12kN/Bearing1_5,-1,train
753,2,RM_002_XJTU,35Hz12kN/Bearing1_5/26.csv,0,0,0,0,25600,XJTU/35Hz12kN/Bearing1_5,-1,train
754,2,RM_002_XJTU,35Hz12kN/Bearing1_5/27.csv,0,0,0,0,25600,XJTU/35Hz12kN/Bearing1_5,-1,train
755,2,RM_002_XJTU,35Hz12kN/Bearing1_5/28.csv,0,0,0,0,25600,XJTU/35Hz12kN/Bearing1_5,-1,train
756,2,RM_002_XJTU,35Hz12kN/Bearing1_5/29.csv,0,0,0,0,25600,XJTU/35Hz12kN/Bearing1_5,-1,train
757,2,RM_002_XJTU,35Hz12kN/Bearing1_5/30.csv,0,0,0,0,25600,XJTU/35Hz12kN/Bearing1_5,-1,train
758,2,RM_002_XJTU,35Hz12kN/Bearing1_5/31.csv,0,0,0,0,25600,XJTU/35Hz12kN/Bearing1_5,-1,train
759,2,RM_002_XJTU,35Hz12kN/Bearing1_5/32.csv,0,0,0,0,25600,XJTU/35Hz12kN/Bearing1_5,-1,train
775,2,RM_002_XJTU,35Hz12kN/Bearing1_5/48.csv,5,1,1,0,25600,XJTU/35Hz12kN/Bearing1_5,-1,train
776,2,RM_002_XJTU,35Hz12kN/Bearing1_5/49.csv,5,1,1,0,25600,XJTU/35Hz12kN/Bearing1_5,-1,train
777,2,RM_002_XJTU,35Hz12kN/Bearing1_5/50.csv,5,1,1,0,25600,XJTU/35Hz12kN/Bearing1_5,-1,train
778,2,RM_002_XJTU,35Hz12kN/Bearing1_5/51.csv,5,1,1,0,25600,XJTU/35Hz12kN/Bearing1_5,-1,train
779,2,RM_002_XJTU,35Hz12kN/Bearing1_5/52.csv,5,1,1,0,25600,XJTU/35Hz12kN/Bearing1_5,-1,train
780,2,RM_002_XJTU,37.5Hz11kN/Bearing2_1/1.csv,0,0,0,1,25600,XJTU/37.5Hz11kN/Bearing2_1,-1,validation
781,2,RM_002_XJTU,37.5Hz11kN/Bearing2_1/2.csv,0,0,0,1,25600,XJTU/37.5Hz11kN/Bearing2_1,-1,validation
782,2,RM_002_XJTU,37.5Hz11kN/Bearing2_1/3.csv,0,0,0,1,25600,XJTU/37.5Hz11kN/Bearing2_1,-1,validation
783,2,RM_002_XJTU,37.5Hz11kN/Bearing2_1/4.csv,0,0,0,1,25600,XJTU/37.5Hz11kN/Bearing2_1,-1,validation
784,2,RM_002_XJTU,37.5Hz11kN/Bearing2_1/5.csv,0,0,0,1,25600,XJTU/37.5Hz11kN/Bearing2_1,-1,validation
785,2,RM_002_XJTU,37.5Hz11kN/Bearing2_1/6.csv,0,0,0,1,25600,XJTU/37.5Hz11kN/Bearing2_1,-1,validation
786,2,RM_002_XJTU,37.5Hz11kN/Bearing2_1/7.csv,0,0,0,1,25600,XJTU/37.5Hz11kN/Bearing2_1,-1,validation
787,2,RM_002_XJTU,37.5Hz11kN/Bearing2_1/8.csv,0,0,0,1,25600,XJTU/37.5Hz11kN/Bearing2_1,-1,validation
788,2,RM_002_XJTU,37.5Hz11kN/Bearing2_1/9.csv,0,0,0,1,25600,XJTU/37.5Hz11kN/Bearing2_1,-1,validation
789,2,RM_002_XJTU,37.5Hz11kN/Bearing2_1/10.csv,0,0,0,1,25600,XJTU/37.5Hz11kN/Bearing2_1,-1,validation
790,2,RM_002_XJTU,37.5Hz11kN/Bearing2_1/11.csv,0,0,0,1,25600,XJTU/37.5Hz11kN/Bearing2_1,-1,validation
791,2,RM_002_XJTU,37.5Hz11kN/Bearing2_1/12.csv,0,0,0,1,25600,XJTU/37.5Hz11kN/Bearing2_1,-1,validation
792,2,RM_002_XJTU,37.5Hz11kN/Bearing2_1/13.csv,0,0,0,1,25600,XJTU/37.5Hz11kN/Bearing2_1,-1,validation
793,2,RM_002_XJTU,37.5Hz11kN/Bearing2_1/14.csv,0,0,0,1,25600,XJTU/37.5Hz11kN/Bearing2_1,-1,validation
794,2,RM_002_XJTU,37.5Hz11kN/Bearing2_1/15.csv,0,0,0,1,25600,XJTU/37.5Hz11kN/Bearing2_1,-1,validation
795,2,RM_002_XJTU,37.5Hz11kN/Bearing2_1/16.csv,0,0,0,1,25600,XJTU/37.5Hz11kN/Bearing2_1,-1,validation
796,2,RM_002_XJTU,37.5Hz11kN/Bearing2_1/17.csv,0,0,0,1,25600,XJTU/37.5Hz11kN/Bearing2_1,-1,validation
797,2,RM_002_XJTU,37.5Hz11kN/Bearing2_1/18.csv,0,0,0,1,25600,XJTU/37.5Hz11kN/Bearing2_1,-1,validation
798,2,RM_002_XJTU,37.5Hz11kN/Bearing2_1/19.csv,0,0,0,1,25600,XJTU/37.5Hz11kN/Bearing2_1,-1,validation
799,2,RM_002_XJTU,37.5Hz11kN/Bearing2_1/20.csv,0,0,0,1,25600,XJTU/37.5Hz11kN/Bearing2_1,-1,validation
800,2,RM_002_XJTU,37.5Hz11kN/Bearing2_1/21.csv,0,0,0,1,25600,XJTU/37.5Hz11kN/Bearing2_1,-1,validation
801,2,RM_002_XJTU,37.5Hz11kN/Bearing2_1/22.csv,0,0,0,1,25600,XJTU/37.5Hz11kN/Bearing2_1,-1,validation
802,2,RM_002_XJTU,37.5Hz11kN/Bearing2_1/23.csv,0,0,0,1,25600,XJTU/37.5Hz11kN/Bearing2_1,-1,validation
803,2,RM_002_XJTU,37.5Hz11kN/Bearing2_1/24.csv,0,0,0,1,25600,XJTU/37.5Hz11kN/Bearing2_1,-1,validation
804,2,RM_002_XJTU,37.5Hz11kN/Bearing2_1/25.csv,0,0,0,1,25600,XJTU/37.5Hz11kN/Bearing2_1,-1,validation
805,2,RM_002_XJTU,37.5Hz11kN/Bearing2_1/26.csv,0,0,0,1,25600,XJTU/37.5Hz11kN/Bearing2_1,-1,validation
806,2,RM_002_XJTU,37.5Hz11kN/Bearing2_1/27.csv,0,0,0,1,25600,XJTU/37.5Hz11kN/Bearing2_1,-1,validation
807,2,RM_002_XJTU,37.5Hz11kN/Bearing2_1/28.csv,0,0,0,1,25600,XJTU/37.5Hz11kN/Bearing2_1,-1,validation
808,2,RM_002_XJTU,37.5Hz11kN/Bearing2_1/29.csv,0,0,0,1,25600,XJTU/37.5Hz11kN/Bearing2_1,-1,validation
809,2,RM_002_XJTU,37.5Hz11kN/Bearing2_1/30.csv,0,0,0,1,25600,XJTU/37.5Hz11kN/Bearing2_1,-1,validation
810,2,RM_002_XJTU,37.5Hz11kN/Bearing2_1/31.csv,0,0,0,1,25600,XJTU/37.5Hz11kN/Bearing2_1,-1,validation
811,2,RM_002_XJTU,37.5Hz11kN/Bearing2_1/32.csv,0,0,0,1,25600,XJTU/37.5Hz11kN/Bearing2_1,-1,validation
812,2,RM_002_XJTU,37.5Hz11kN/Bearing2_1/33.csv,0,0,0,1,25600,XJTU/37.5Hz11kN/Bearing2_1,-1,validation
813,2,RM_002_XJTU,37.5Hz11kN/Bearing2_1/34.csv,0,0,0,1,25600,XJTU/37.5Hz11kN/Bearing2_1,-1,validation
814,2,RM_002_XJTU,37.5Hz11kN/Bearing2_1/35.csv,0,0,0,1,25600,XJTU/37.5Hz11kN/Bearing2_1,-1,validation
815,2,RM_002_XJTU,37.5Hz11kN/Bearing2_1/36.csv,0,0,0,1,25600,XJTU/37.5Hz11kN/Bearing2_1,-1,validation
816,2,RM_002_XJTU,37.5Hz11kN/Bearing2_1/37.csv,0,0,0,1,25600,XJTU/37.5Hz11kN/Bearing2_1,-1,validation
817,2,RM_002_XJTU,37.5Hz11kN/Bearing2_1/38.csv,0,0,0,1,25600,XJTU/37.5Hz11kN/Bearing2_1,-1,validation
818,2,RM_002_XJTU,37.5Hz11kN/Bearing2_1/39.csv,0,0,0,1,25600,XJTU/37.5Hz11kN/Bearing2_1,-1,validation
819,2,RM_002_XJTU,37.5Hz11kN/Bearing2_1/40.csv,0,0,0,1,25600,XJTU/37.5Hz11kN/Bearing2_1,-1,validation
820,2,RM_002_XJTU,37.5Hz11kN/Bearing2_1/41.csv,0,0,0,1,25600,XJTU/37.5Hz11kN/Bearing2_1,-1,validation
821,2,RM_002_XJTU,37.5Hz11kN/Bearing2_1/42.csv,0,0,0,1,25600,XJTU/37.5Hz11kN/Bearing2_1,-1,validation
822,2,RM_002_XJTU,37.5Hz11kN/Bearing2_1/43.csv,0,0,0,1,25600,XJTU/37.5Hz11kN/Bearing2_1,-1,validation
823,2,RM_002_XJTU,37.5Hz11kN/Bearing2_1/44.csv,0,0,0,1,25600,XJTU/37.5Hz11kN/Bearing2_1,-1,validation
824,2,RM_002_XJTU,37.5Hz11kN/Bearing2_1/45.csv,0,0,0,1,25600,XJTU/37.5Hz11kN/Bearing2_1,-1,validation
825,2,RM_002_XJTU,37.5Hz11kN/Bearing2_1/46.csv,0,0,0,1,25600,XJTU/37.5Hz11kN/Bearing2_1,-1,validation
826,2,RM_002_XJTU,37.5Hz11kN/Bearing2_1/47.csv,0,0,0,1,25600,XJTU/37.5Hz11kN/Bearing2_1,-1,validation
827,2,RM_002_XJTU,37.5Hz11kN/Bearing2_1/48.csv,0,0,0,1,25600,XJTU/37.5Hz11kN/Bearing2_1,-1,validation
828,2,RM_002_XJTU,37.5Hz11kN/Bearing2_1/49.csv,0,0,0,1,25600,XJTU/37.5Hz11kN/Bearing2_1,-1,validation
829,2,RM_002_XJTU,37.5Hz11kN/Bearing2_1/50.csv,0,0,0,1,25600,XJTU/37.5Hz11kN/Bearing2_1,-1,validation
830,2,RM_002_XJTU,37.5Hz11kN/Bearing2_1/51.csv,0,0,0,1,25600,XJTU/37.5Hz11kN/Bearing2_1,-1,validation
831,2,RM_002_XJTU,37.5Hz11kN/Bearing2_1/52.csv,0,0,0,1,25600,XJTU/37.5Hz11kN/Bearing2_1,-1,validation
832,2,RM_002_XJTU,37.5Hz11kN/Bearing2_1/53.csv,0,0,0,1,25600,XJTU/37.5Hz11kN/Bearing2_1,-1,validation
833,2,RM_002_XJTU,37.5Hz11kN/Bearing2_1/54.csv,0,0,0,1,25600,XJTU/37.5Hz11kN/Bearing2_1,-1,validation
834,2,RM_002_XJTU,37.5Hz11kN/Bearing2_1/55.csv,0,0,0,1,25600,XJTU/37.5Hz11kN/Bearing2_1,-1,validation
835,2,RM_002_XJTU,37.5Hz11kN/Bearing2_1/56.csv,0,0,0,1,25600,XJTU/37.5Hz11kN/Bearing2_1,-1,validation
836,2,RM_002_XJTU,37.5Hz11kN/Bearing2_1/57.csv,0,0,0,1,25600,XJTU/37.5Hz11kN/Bearing2_1,-1,validation
837,2,RM_002_XJTU,37.5Hz11kN/Bearing2_1/58.csv,0,0,0,1,25600,XJTU/37.5Hz11kN/Bearing2_1,-1,validation
838,2,RM_002_XJTU,37.5Hz11kN/Bearing2_1/59.csv,0,0,0,1,25600,XJTU/37.5Hz11kN/Bearing2_1,-1,validation
839,2,RM_002_XJTU,37.5Hz11kN/Bearing2_1/60.csv,0,0,0,1,25600,XJTU/37.5Hz11kN/Bearing2_1,-1,validation
840,2,RM_002_XJTU,37.5Hz11kN/Bearing2_1/61.csv,0,0,0,1,25600,XJTU/37.5Hz11kN/Bearing2_1,-1,validation
841,2,RM_002_XJTU,37.5Hz11kN/Bearing2_1/62.csv,0,0,0,1,25600,XJTU/37.5Hz11kN/Bearing2_1,-1,validation
842,2,RM_002_XJTU,37.5Hz11kN/Bearing2_1/63.csv,0,0,0,1,25600,XJTU/37.5Hz11kN/Bearing2_1,-1,validation
843,2,RM_002_XJTU,37.5Hz11kN/Bearing2_1/64.csv,0,0,0,1,25600,XJTU/37.5Hz11kN/Bearing2_1,-1,validation
844,2,RM_002_XJTU,37.5Hz11kN/Bearing2_1/65.csv,0,0,0,1,25600,XJTU/37.5Hz11kN/Bearing2_1,-1,validation
845,2,RM_002_XJTU,37.5Hz11kN/Bearing2_1/66.csv,0,0,0,1,25600,XJTU/37.5Hz11kN/Bearing2_1,-1,validation
846,2,RM_002_XJTU,37.5Hz11kN/Bearing2_1/67.csv,0,0,0,1,25600,XJTU/37.5Hz11kN/Bearing2_1,-1,validation
847,2,RM_002_XJTU,37.5Hz11kN/Bearing2_1/68.csv,0,0,0,1,25600,XJTU/37.5Hz11kN/Bearing2_1,-1,validation
848,2,RM_002_XJTU,37.5Hz11kN/Bearing2_1/69.csv,0,0,0,1,25600,XJTU/37.5Hz11kN/Bearing2_1,-1,validation
849,2,RM_002_XJTU,37.5Hz11kN/Bearing2_1/70.csv,0,0,0,1,25600,XJTU/37.5Hz11kN/Bearing2_1,-1,validation
850,2,RM_002_XJTU,37.5Hz11kN/Bearing2_1/71.csv,0,0,0,1,25600,XJTU/37.5Hz11kN/Bearing2_1,-1,validation
851,2,RM_002_XJTU,37.5Hz11kN/Bearing2_1/72.csv,0,0,0,1,25600,XJTU/37.5Hz11kN/Bearing2_1,-1,validation
852,2,RM_002_XJTU,37.5Hz11kN/Bearing2_1/73.csv,0,0,0,1,25600,XJTU/37.5Hz11kN/Bearing2_1,-1,validation
853,2,RM_002_XJTU,37.5Hz11kN/Bearing2_1/74.csv,0,0,0,1,25600,XJTU/37.5Hz11kN/Bearing2_1,-1,validation
854,2,RM_002_XJTU,37.5Hz11kN/Bearing2_1/75.csv,0,0,0,1,25600,XJTU/37.5Hz11kN/Bearing2_1,-1,validation
855,2,RM_002_XJTU,37.5Hz11kN/Bearing2_1/76.csv,0,0,0,1,25600,XJTU/37.5Hz11kN/Bearing2_1,-1,validation
856,2,RM_002_XJTU,37.5Hz11kN/Bearing2_1/77.csv,0,0,0,1,25600,XJTU/37.5Hz11kN/Bearing2_1,-1,validation
857,2,RM_002_XJTU,37.5Hz11kN/Bearing2_1/78.csv,0,0,0,1,25600,XJTU/37.5Hz11kN/Bearing2_1,-1,validation
858,2,RM_002_XJTU,37.5Hz11kN/Bearing2_1/79.csv,0,0,0,1,25600,XJTU/37.5Hz11kN/Bearing2_1,-1,validation
859,2,RM_002_XJTU,37.5Hz11kN/Bearing2_1/80.csv,0,0,0,1,25600,XJTU/37.5Hz11kN/Bearing2_1,-1,validation
860,2,RM_002_XJTU,37.5Hz11kN/Bearing2_1/81.csv,0,0,0,1,25600,XJTU/37.5Hz11kN/Bearing2_1,-1,validation
861,2,RM_002_XJTU,37.5Hz11kN/Bearing2_1/82.csv,0,0,0,1,25600,XJTU/37.5Hz11kN/Bearing2_1,-1,validation
862,2,RM_002_XJTU,37.5Hz11kN/Bearing2_1/83.csv,0,0,0,1,25600,XJTU/37.5Hz11kN/Bearing2_1,-1,validation
863,2,RM_002_XJTU,37.5Hz11kN/Bearing2_1/84.csv,0,0,0,1,25600,XJTU/37.5Hz11kN/Bearing2_1,-1,validation
864,2,RM_002_XJTU,37.5Hz11kN/Bearing2_1/85.csv,0,0,0,1,25600,XJTU/37.5Hz11kN/Bearing2_1,-1,validation
865,2,RM_002_XJTU,37.5Hz11kN/Bearing2_1/86.csv,0,0,0,1,25600,XJTU/37.5Hz11kN/Bearing2_1,-1,validation
866,2,RM_002_XJTU,37.5Hz11kN/Bearing2_1/87.csv,0,0,0,1,25600,XJTU/37.5Hz11kN/Bearing2_1,-1,validation
867,2,RM_002_XJTU,37.5Hz11kN/Bearing2_1/88.csv,0,0,0,1,25600,XJTU/37.5Hz11kN/Bearing2_1,-1,validation
868,2,RM_002_XJTU,37.5Hz11kN/Bearing2_1/89.csv,0,0,0,1,25600,XJTU/37.5Hz11kN/Bearing2_1,-1,validation
869,2,RM_002_XJTU,37.5Hz11kN/Bearing2_1/90.csv,0,0,0,1,25600,XJTU/37.5Hz11kN/Bearing2_1,-1,validation
870,2,RM_002_XJTU,37.5Hz11kN/Bearing2_1/91.csv,0,0,0,1,25600,XJTU/37.5Hz11kN/Bearing2_1,-1,validation
871,2,RM_002_XJTU,37.5Hz11kN/Bearing2_1/92.csv,0,0,0,1,25600,XJTU/37.5Hz11kN/Bearing2_1,-1,validation
872,2,RM_002_XJTU,37.5Hz11kN/Bearing2_1/93.csv,0,0,0,1,25600,XJTU/37.5Hz11kN/Bearing2_1,-1,validation
873,2,RM_002_XJTU,37.5Hz11kN/Bearing2_1/94.csv,0,0,0,1,25600,XJTU/37.5Hz11kN/Bearing2_1,-1,validation
874,2,RM_002_XJTU,37.5Hz11kN/Bearing2_1/95.csv,0,0,0,1,25600,XJTU/37.5Hz11kN/Bearing2_1,-1,validation
875,2,RM_002_XJTU,37.5Hz11kN/Bearing2_1/96.csv,0,0,0,1,25600,XJTU/37.5Hz11kN/Bearing2_1,-1,validation
876,2,RM_002_XJTU,37.5Hz11kN/Bearing2_1/97.csv,0,0,0,1,25600,XJTU/37.5Hz11kN/Bearing2_1,-1,validation
877,2,RM_002_XJTU,37.5Hz11kN/Bearing2_1/98.csv,0,0,0,1,25600,XJTU/37.5Hz11kN/Bearing2_1,-1,validation
878,2,RM_002_XJTU,37.5Hz11kN/Bearing2_1/99.csv,0,0,0,1,25600,XJTU/37.5Hz11kN/Bearing2_1,-1,validation
879,2,RM_002_XJTU,37.5Hz11kN/Bearing2_1/100.csv,0,0,0,1,25600,XJTU/37.5Hz11kN/Bearing2_1,-1,validation
880,2,RM_002_XJTU,37.5Hz11kN/Bearing2_1/101.csv,0,0,0,1,25600,XJTU/37.5Hz11kN/Bearing2_1,-1,validation
881,2,RM_002_XJTU,37.5Hz11kN/Bearing2_1/102.csv,0,0,0,1,25600,XJTU/37.5Hz11kN/Bearing2_1,-1,validation
882,2,RM_002_XJTU,37.5Hz11kN/Bearing2_1/103.csv,0,0,0,1,25600,XJTU/37.5Hz11kN/Bearing2_1,-1,validation
883,2,RM_002_XJTU,37.5Hz11kN/Bearing2_1/104.csv,0,0,0,1,25600,XJTU/37.5Hz11kN/Bearing2_1,-1,validation
884,2,RM_002_XJTU,37.5Hz11kN/Bearing2_1/105.csv,0,0,0,1,25600,XJTU/37.5Hz11kN/Bearing2_1,-1,validation
885,2,RM_002_XJTU,37.5Hz11kN/Bearing2_1/106.csv,0,0,0,1,25600,XJTU/37.5Hz11kN/Bearing2_1,-1,validation
886,2,RM_002_XJTU,37.5Hz11kN/Bearing2_1/107.csv,0,0,0,1,25600,XJTU/37.5Hz11kN/Bearing2_1,-1,validation
887,2,RM_002_XJTU,37.5Hz11kN/Bearing2_1/108.csv,0,0,0,1,25600,XJTU/37.5Hz11kN/Bearing2_1,-1,validation
888,2,RM_002_XJTU,37.5Hz11kN/Bearing2_1/109.csv,0,0,0,1,25600,XJTU/37.5Hz11kN/Bearing2_1,-1,validation
889,2,RM_002_XJTU,37.5Hz11kN/Bearing2_1/110.csv,0,0,0,1,25600,XJTU/37.5Hz11kN/Bearing2_1,-1,validation
890,2,RM_002_XJTU,37.5Hz11kN/Bearing2_1/111.csv,0,0,0,1,25600,XJTU/37.5Hz11kN/Bearing2_1,-1,validation
891,2,RM_002_XJTU,37.5Hz11kN/Bearing2_1/112.csv,0,0,0,1,25600,XJTU/37.5Hz11kN/Bearing2_1,-1,validation
892,2,RM_002_XJTU,37.5Hz11kN/Bearing2_1/113.csv,0,0,0,1,25600,XJTU/37.5Hz11kN/Bearing2_1,-1,validation
893,2,RM_002_XJTU,37.5Hz11kN/Bearing2_1/114.csv,0,0,0,1,25600,XJTU/37.5Hz11kN/Bearing2_1,-1,validation
894,2,RM_002_XJTU,37.5Hz11kN/Bearing2_1/115.csv,0,0,0,1,25600,XJTU/37.5Hz11kN/Bearing2_1,-1,validation
895,2,RM_002_XJTU,37.5Hz11kN/Bearing2_1/116.csv,0,0,0,1,25600,XJTU/37.5Hz11kN/Bearing2_1,-1,validation
896,2,RM_002_XJTU,37.5Hz11kN/Bearing2_1/117.csv,0,0,0,1,25600,XJTU/37.5Hz11kN/Bearing2_1,-1,validation
897,2,RM_002_XJTU,37.5Hz11kN/Bearing2_1/118.csv,0,0,0,1,25600,XJTU/37.5Hz11kN/Bearing2_1,-1,validation
898,2,RM_002_XJTU,37.5Hz11kN/Bearing2_1/119.csv,0,0,0,1,25600,XJTU/37.5Hz11kN/Bearing2_1,-1,validation
899,2,RM_002_XJTU,37.5Hz11kN/Bearing2_1/120.csv,0,0,0,1,25600,XJTU/37.5Hz11kN/Bearing2_1,-1,validation
900,2,RM_002_XJTU,37.5Hz11kN/Bearing2_1/121.csv,0,0,0,1,25600,XJTU/37.5Hz11kN/Bearing2_1,-1,validation
901,2,RM_002_XJTU,37.5Hz11kN/Bearing2_1/122.csv,0,0,0,1,25600,XJTU/37.5Hz11kN/Bearing2_1,-1,validation
902,2,RM_002_XJTU,37.5Hz11kN/Bearing2_1/123.csv,0,0,0,1,25600,XJTU/37.5Hz11kN/Bearing2_1,-1,validation
903,2,RM_002_XJTU,37.5Hz11kN/Bearing2_1/124.csv,0,0,0,1,25600,XJTU/37.5Hz11kN/Bearing2_1,-1,validation
904,2,RM_002_XJTU,37.5Hz11kN/Bearing2_1/125.csv,0,0,0,1,25600,XJTU/37.5Hz11kN/Bearing2_1,-1,validation
905,2,RM_002_XJTU,37.5Hz11kN/Bearing2_1/126.csv,0,0,0,1,25600,XJTU/37.5Hz11kN/Bearing2_1,-1,validation
906,2,RM_002_XJTU,37.5Hz11kN/Bearing2_1/127.csv,0,0,0,1,25600,XJTU/37.5Hz11kN/Bearing2_1,-1,validation
907,2,RM_002_XJTU,37.5Hz11kN/Bearing2_1/128.csv,0,0,0,1,25600,XJTU/37.5Hz11kN/Bearing2_1,-1,validation
908,2,RM_002_XJTU,37.5Hz11kN/Bearing2_1/129.csv,0,0,0,1,25600,XJTU/37.5Hz11kN/Bearing2_1,-1,validation
909,2,RM_002_XJTU,37.5Hz11kN/Bearing2_1/130.csv,0,0,0,1,25600,XJTU/37.5Hz11kN/Bearing2_1,-1,validation
910,2,RM_002_XJTU,37.5Hz11kN/Bearing2_1/131.csv,0,0,0,1,25600,XJTU/37.5Hz11kN/Bearing2_1,-1,validation
911,2,RM_002_XJTU,37.5Hz11kN/Bearing2_1/132.csv,0,0,0,1,25600,XJTU/37.5Hz11kN/Bearing2_1,-1,validation
912,2,RM_002_XJTU,37.5Hz11kN/Bearing2_1/133.csv,0,0,0,1,25600,XJTU/37.5Hz11kN/Bearing2_1,-1,validation
913,2,RM_002_XJTU,37.5Hz11kN/Bearing2_1/134.csv,0,0,0,1,25600,XJTU/37.5Hz11kN/Bearing2_1,-1,validation
914,2,RM_002_XJTU,37.5Hz11kN/Bearing2_1/135.csv,0,0,0,1,25600,XJTU/37.5Hz11kN/Bearing2_1,-1,validation
915,2,RM_002_XJTU,37.5Hz11kN/Bearing2_1/136.csv,0,0,0,1,25600,XJTU/37.5Hz11kN/Bearing2_1,-1,validation
916,2,RM_002_XJTU,37.5Hz11kN/Bearing2_1/137.csv,0,0,0,1,25600,XJTU/37.5Hz11kN/Bearing2_1,-1,validation
917,2,RM_002_XJTU,37.5Hz11kN/Bearing2_1/138.csv,0,0,0,1,25600,XJTU/37.5Hz11kN/Bearing2_1,-1,validation
918,2,RM_002_XJTU,37.5Hz11kN/Bearing2_1/139.csv,0,0,0,1,25600,XJTU/37.5Hz11kN/Bearing2_1,-1,validation
919,2,RM_002_XJTU,37.5Hz11kN/Bearing2_1/140.csv,0,0,0,1,25600,XJTU/37.5Hz11kN/Bearing2_1,-1,validation
920,2,RM_002_XJTU,37.5Hz11kN/Bearing2_1/141.csv,0,0,0,1,25600,XJTU/37.5Hz11kN/Bearing2_1,-1,validation
921,2,RM_002_XJTU,37.5Hz11kN/Bearing2_1/142.csv,0,0,0,1,25600,XJTU/37.5Hz11kN/Bearing2_1,-1,validation
922,2,RM_002_XJTU,37.5Hz11kN/Bearing2_1/143.csv,0,0,0,1,25600,XJTU/37.5Hz11kN/Bearing2_1,-1,validation
923,2,RM_002_XJTU,37.5Hz11kN/Bearing2_1/144.csv,0,0,0,1,25600,XJTU/37.5Hz11kN/Bearing2_1,-1,validation
924,2,RM_002_XJTU,37.5Hz11kN/Bearing2_1/145.csv,0,0,0,1,25600,XJTU/37.5Hz11kN/Bearing2_1,-1,validation
925,2,RM_002_XJTU,37.5Hz11kN/Bearing2_1/146.csv,0,0,0,1,25600,XJTU/37.5Hz11kN/Bearing2_1,-1,validation
926,2,RM_002_XJTU,37.5Hz11kN/Bearing2_1/147.csv,0,0,0,1,25600,XJTU/37.5Hz11kN/Bearing2_1,-1,validation
927,2,RM_002_XJTU,37.5Hz11kN/Bearing2_1/148.csv,0,0,0,1,25600,XJTU/37.5Hz11kN/Bearing2_1,-1,validation
928,2,RM_002_XJTU,37.5Hz11kN/Bearing2_1/149.csv,0,0,0,1,25600,XJTU/37.5Hz11kN/Bearing2_1,-1,validation
929,2,RM_002_XJTU,37.5Hz11kN/Bearing2_1/150.csv,0,0,0,1,25600,XJTU/37.5Hz11kN/Bearing2_1,-1,validation
930,2,RM_002_XJTU,37.5Hz11kN/Bearing2_1/151.csv,0,0,0,1,25600,XJTU/37.5Hz11kN/Bearing2_1,-1,validation
931,2,RM_002_XJTU,37.5Hz11kN/Bearing2_1/152.csv,0,0,0,1,25600,XJTU/37.5Hz11kN/Bearing2_1,-1,validation
932,2,RM_002_XJTU,37.5Hz11kN/Bearing2_1/153.csv,0,0,0,1,25600,XJTU/37.5Hz11kN/Bearing2_1,-1,validation
933,2,RM_002_XJTU,37.5Hz11kN/Bearing2_1/154.csv,0,0,0,1,25600,XJTU/37.5Hz11kN/Bearing2_1,-1,validation
934,2,RM_002_XJTU,37.5Hz11kN/Bearing2_1/155.csv,0,0,0,1,25600,XJTU/37.5Hz11kN/Bearing2_1,-1,validation
935,2,RM_002_XJTU,37.5Hz11kN/Bearing2_1/156.csv,0,0,0,1,25600,XJTU/37.5Hz11kN/Bearing2_1,-1,validation
936,2,RM_002_XJTU,37.5Hz11kN/Bearing2_1/157.csv,0,0,0,1,25600,XJTU/37.5Hz11kN/Bearing2_1,-1,validation
937,2,RM_002_XJTU,37.5Hz11kN/Bearing2_1/158.csv,0,0,0,1,25600,XJTU/37.5Hz11kN/Bearing2_1,-1,validation
938,2,RM_002_XJTU,37.5Hz11kN/Bearing2_1/159.csv,0,0,0,1,25600,XJTU/37.5Hz11kN/Bearing2_1,-1,validation
939,2,RM_002_XJTU,37.5Hz11kN/Bearing2_1/160.csv,0,0,0,1,25600,XJTU/37.5Hz11kN/Bearing2_1,-1,validation
940,2,RM_002_XJTU,37.5Hz11kN/Bearing2_1/161.csv,0,0,0,1,25600,XJTU/37.5Hz11kN/Bearing2_1,-1,validation
941,2,RM_002_XJTU,37.5Hz11kN/Bearing2_1/162.csv,0,0,0,1,25600,XJTU/37.5Hz11kN/Bearing2_1,-1,validation
942,2,RM_002_XJTU,37.5Hz11kN/Bearing2_1/163.csv,0,0,0,1,25600,XJTU/37.5Hz11kN/Bearing2_1,-1,validation
943,2,RM_002_XJTU,37.5Hz11kN/Bearing2_1/164.csv,0,0,0,1,25600,XJTU/37.5Hz11kN/Bearing2_1,-1,validation
944,2,RM_002_XJTU,37.5Hz11kN/Bearing2_1/165.csv,0,0,0,1,25600,XJTU/37.5Hz11kN/Bearing2_1,-1,validation
945,2,RM_002_XJTU,37.5Hz11kN/Bearing2_1/166.csv,0,0,0,1,25600,XJTU/37.5Hz11kN/Bearing2_1,-1,validation
946,2,RM_002_XJTU,37.5Hz11kN/Bearing2_1/167.csv,0,0,0,1,25600,XJTU/37.5Hz11kN/Bearing2_1,-1,validation
947,2,RM_002_XJTU,37.5Hz11kN/Bearing2_1/168.csv,0,0,0,1,25600,XJTU/37.5Hz11kN/Bearing2_1,-1,validation
948,2,RM_002_XJTU,37.5Hz11kN/Bearing2_1/169.csv,0,0,0,1,25600,XJTU/37.5Hz11kN/Bearing2_1,-1,validation
949,2,RM_002_XJTU,37.5Hz11kN/Bearing2_1/170.csv,0,0,0,1,25600,XJTU/37.5Hz11kN/Bearing2_1,-1,validation
950,2,RM_002_XJTU,37.5Hz11kN/Bearing2_1/171.csv,0,0,0,1,25600,XJTU/37.5Hz11kN/Bearing2_1,-1,validation
951,2,RM_002_XJTU,37.5Hz11kN/Bearing2_1/172.csv,0,0,0,1,25600,XJTU/37.5Hz11kN/Bearing2_1,-1,validation
952,2,RM_002_XJTU,37.5Hz11kN/Bearing2_1/173.csv,0,0,0,1,25600,XJTU/37.5Hz11kN/Bearing2_1,-1,validation
953,2,RM_002_XJTU,37.5Hz11kN/Bearing2_1/174.csv,0,0,0,1,25600,XJTU/37.5Hz11kN/Bearing2_1,-1,validation
954,2,RM_002_XJTU,37.5Hz11kN/Bearing2_1/175.csv,0,0,0,1,25600,XJTU/37.5Hz11kN/Bearing2_1,-1,validation
955,2,RM_002_XJTU,37.5Hz11kN/Bearing2_1/176.csv,0,0,0,1,25600,XJTU/37.5Hz11kN/Bearing2_1,-1,validation
956,2,RM_002_XJTU,37.5Hz11kN/Bearing2_1/177.csv,0,0,0,1,25600,XJTU/37.5Hz11kN/Bearing2_1,-1,validation
957,2,RM_002_XJTU,37.5Hz11kN/Bearing2_1/178.csv,0,0,0,1,25600,XJTU/37.5Hz11kN/Bearing2_1,-1,validation
958,2,RM_002_XJTU,37.5Hz11kN/Bearing2_1/179.csv,0,0,0,1,25600,XJTU/37.5Hz11kN/Bearing2_1,-1,validation
959,2,RM_002_XJTU,37.5Hz11kN/Bearing2_1/180.csv,0,0,0,1,25600,XJTU/37.5Hz11kN/Bearing2_1,-1,validation
960,2,RM_002_XJTU,37.5Hz11kN/Bearing2_1/181.csv,0,0,0,1,25600,XJTU/37.5Hz11kN/Bearing2_1,-1,validation
961,2,RM_002_XJTU,37.5Hz11kN/Bearing2_1/182.csv,0,0,0,1,25600,XJTU/37.5Hz11kN/Bearing2_1,-1,validation
962,2,RM_002_XJTU,37.5Hz11kN/Bearing2_1/183.csv,0,0,0,1,25600,XJTU/37.5Hz11kN/Bearing2_1,-1,validation
963,2,RM_002_XJTU,37.5Hz11kN/Bearing2_1/184.csv,0,0,0,1,25600,XJTU/37.5Hz11kN/Bearing2_1,-1,validation
964,2,RM_002_XJTU,37.5Hz11kN/Bearing2_1/185.csv,0,0,0,1,25600,XJTU/37.5Hz11kN/Bearing2_1,-1,validation
965,2,RM_002_XJTU,37.5Hz11kN/Bearing2_1/186.csv,0,0,0,1,25600,XJTU/37.5Hz11kN/Bearing2_1,-1,validation
966,2,RM_002_XJTU,37.5Hz11kN/Bearing2_1/187.csv,0,0,0,1,25600,XJTU/37.5Hz11kN/Bearing2_1,-1,validation
967,2,RM_002_XJTU,37.5Hz11kN/Bearing2_1/188.csv,0,0,0,1,25600,XJTU/37.5Hz11kN/Bearing2_1,-1,validation
968,2,RM_002_XJTU,37.5Hz11kN/Bearing2_1/189.csv,0,0,0,1,25600,XJTU/37.5Hz11kN/Bearing2_1,-1,validation
969,2,RM_002_XJTU,37.5Hz11kN/Bearing2_1/190.csv,0,0,0,1,25600,XJTU/37.5Hz11kN/Bearing2_1,-1,validation
970,2,RM_002_XJTU,37.5Hz11kN/Bearing2_1/191.csv,0,0,0,1,25600,XJTU/37.5Hz11kN/Bearing2_1,-1,validation
971,2,RM_002_XJTU,37.5Hz11kN/Bearing2_1/192.csv,0,0,0,1,25600,XJTU/37.5Hz11kN/Bearing2_1,-1,validation
972,2,RM_002_XJTU,37.5Hz11kN/Bearing2_1/193.csv,0,0,0,1,25600,XJTU/37.5Hz11kN/Bearing2_1,-1,validation
973,2,RM_002_XJTU,37.5Hz11kN/Bearing2_1/194.csv,0,0,0,1,25600,XJTU/37.5Hz11kN/Bearing2_1,-1,validation
974,2,RM_002_XJTU,37.5Hz11kN/Bearing2_1/195.csv,0,0,0,1,25600,XJTU/37.5Hz11kN/Bearing2_1,-1,validation
975,2,RM_002_XJTU,37.5Hz11kN/Bearing2_1/196.csv,0,0,0,1,25600,XJTU/37.5Hz11kN/Bearing2_1,-1,validation
976,2,RM_002_XJTU,37.5Hz11kN/Bearing2_1/197.csv,0,0,0,1,25600,XJTU/37.5Hz11kN/Bearing2_1,-1,validation
977,2,RM_002_XJTU,37.5Hz11kN/Bearing2_1/198.csv,0,0,0,1,25600,XJTU/37.5Hz11kN/Bearing2_1,-1,validation
978,2,RM_002_XJTU,37.5Hz11kN/Bearing2_1/199.csv,0,0,0,1,25600,XJTU/37.5Hz11kN/Bearing2_1,-1,validation
979,2,RM_002_XJTU,37.5Hz11kN/Bearing2_1/200.csv,0,0,0,1,25600,XJTU/37.5Hz11kN/Bearing2_1,-1,validation
980,2,RM_002_XJTU,37.5Hz11kN/Bearing2_1/201.csv,0,0,0,1,25600,XJTU/37.5Hz11kN/Bearing2_1,-1,validation
981,2,RM_002_XJTU,37.5Hz11kN/Bearing2_1/202.csv,0,0,0,1,25600,XJTU/37.5Hz11kN/Bearing2_1,-1,validation
982,2,RM_002_XJTU,37.5Hz11kN/Bearing2_1/203.csv,0,0,0,1,25600,XJTU/37.5Hz11kN/Bearing2_1,-1,validation
983,2,RM_002_XJTU,37.5Hz11kN/Bearing2_1/204.csv,0,0,0,1,25600,XJTU/37.5Hz11kN/Bearing2_1,-1,validation
984,2,RM_002_XJTU,37.5Hz11kN/Bearing2_1/205.csv,0,0,0,1,25600,XJTU/37.5Hz11kN/Bearing2_1,-1,validation
985,2,RM_002_XJTU,37.5Hz11kN/Bearing2_1/206.csv,0,0,0,1,25600,XJTU/37.5Hz11kN/Bearing2_1,-1,validation
986,2,RM_002_XJTU,37.5Hz11kN/Bearing2_1/207.csv,0,0,0,1,25600,XJTU/37.5Hz11kN/Bearing2_1,-1,validation
987,2,RM_002_XJTU,37.5Hz11kN/Bearing2_1/208.csv,0,0,0,1,25600,XJTU/37.5Hz11kN/Bearing2_1,-1,validation
988,2,RM_002_XJTU,37.5Hz11kN/Bearing2_1/209.csv,0,0,0,1,25600,XJTU/37.5Hz11kN/Bearing2_1,-1,validation
989,2,RM_002_XJTU,37.5Hz11kN/Bearing2_1/210.csv,0,0,0,1,25600,XJTU/37.5Hz11kN/Bearing2_1,-1,validation
990,2,RM_002_XJTU,37.5Hz11kN/Bearing2_1/211.csv,0,0,0,1,25600,XJTU/37.5Hz11kN/Bearing2_1,-1,validation
991,2,RM_002_XJTU,37.5Hz11kN/Bearing2_1/212.csv,0,0,0,1,25600,XJTU/37.5Hz11kN/Bearing2_1,-1,validation
992,2,RM_002_XJTU,37.5Hz11kN/Bearing2_1/213.csv,0,0,0,1,25600,XJTU/37.5Hz11kN/Bearing2_1,-1,validation
993,2,RM_002_XJTU,37.5Hz11kN/Bearing2_1/214.csv,0,0,0,1,25600,XJTU/37.5Hz11kN/Bearing2_1,-1,validation
994,2,RM_002_XJTU,37.5Hz11kN/Bearing2_1/215.csv,0,0,0,1,25600,XJTU/37.5Hz11kN/Bearing2_1,-1,validation
995,2,RM_002_XJTU,37.5Hz11kN/Bearing2_1/216.csv,0,0,0,1,25600,XJTU/37.5Hz11kN/Bearing2_1,-1,validation
996,2,RM_002_XJTU,37.5Hz11kN/Bearing2_1/217.csv,0,0,0,1,25600,XJTU/37.5Hz11kN/Bearing2_1,-1,validation
997,2,RM_002_XJTU,37.5Hz11kN/Bearing2_1/218.csv,0,0,0,1,25600,XJTU/37.5Hz11kN/Bearing2_1,-1,validation
998,2,RM_002_XJTU,37.5Hz11kN/Bearing2_1/219.csv,0,0,0,1,25600,XJTU/37.5Hz11kN/Bearing2_1,-1,validation
999,2,RM_002_XJTU,37.5Hz11kN/Bearing2_1/220.csv,0,0,0,1,25600,XJTU/37.5Hz11kN/Bearing2_1,-1,validation
1000,2,RM_002_XJTU,37.5Hz11kN/Bearing2_1/221.csv,0,0,0,1,25600,XJTU/37.5Hz11kN/Bearing2_1,-1,validation
1001,2,RM_002_XJTU,37.5Hz11kN/Bearing2_1/222.csv,0,0,0,1,25600,XJTU/37.5Hz11kN/Bearing2_1,-1,validation
1002,2,RM_002_XJTU,37.5Hz11kN/Bearing2_1/223.csv,0,0,0,1,25600,XJTU/37.5Hz11kN/Bearing2_1,-1,validation
1003,2,RM_002_XJTU,37.5Hz11kN/Bearing2_1/224.csv,0,0,0,1,25600,XJTU/37.5Hz11kN/Bearing2_1,-1,validation
1004,2,RM_002_XJTU,37.5Hz11kN/Bearing2_1/225.csv,0,0,0,1,25600,XJTU/37.5Hz11kN/Bearing2_1,-1,validation
1005,2,RM_002_XJTU,37.5Hz11kN/Bearing2_1/226.csv,0,0,0,1,25600,XJTU/37.5Hz11kN/Bearing2_1,-1,validation
1006,2,RM_002_XJTU,37.5Hz11kN/Bearing2_1/227.csv,0,0,0,1,25600,XJTU/37.5Hz11kN/Bearing2_1,-1,validation
1007,2,RM_002_XJTU,37.5Hz11kN/Bearing2_1/228.csv,0,0,0,1,25600,XJTU/37.5Hz11kN/Bearing2_1,-1,validation
1008,2,RM_002_XJTU,37.5Hz11kN/Bearing2_1/229.csv,0,0,0,1,25600,XJTU/37.5Hz11kN/Bearing2_1,-1,validation
1009,2,RM_002_XJTU,37.5Hz11kN/Bearing2_1/230.csv,0,0,0,1,25600,XJTU/37.5Hz11kN/Bearing2_1,-1,validation
1010,2,RM_002_XJTU,37.5Hz11kN/Bearing2_1/231.csv,0,0,0,1,25600,XJTU/37.5Hz11kN/Bearing2_1,-1,validation
1011,2,RM_002_XJTU,37.5Hz11kN/Bearing2_1/232.csv,0,0,0,1,25600,XJTU/37.5Hz11kN/Bearing2_1,-1,validation
1012,2,RM_002_XJTU,37.5Hz11kN/Bearing2_1/233.csv,0,0,0,1,25600,XJTU/37.5Hz11kN/Bearing2_1,-1,validation
1013,2,RM_002_XJTU,37.5Hz11kN/Bearing2_1/234.csv,0,0,0,1,25600,XJTU/37.5Hz11kN/Bearing2_1,-1,validation
1014,2,RM_002_XJTU,37.5Hz11kN/Bearing2_1/235.csv,0,0,0,1,25600,XJTU/37.5Hz11kN/Bearing2_1,-1,validation
1015,2,RM_002_XJTU,37.5Hz11kN/Bearing2_1/236.csv,0,0,0,1,25600,XJTU/37.5Hz11kN/Bearing2_1,-1,validation
1016,2,RM_002_XJTU,37.5Hz11kN/Bearing2_1/237.csv,0,0,0,1,25600,XJTU/37.5Hz11kN/Bearing2_1,-1,validation
1017,2,RM_002_XJTU,37.5Hz11kN/Bearing2_1/238.csv,0,0,0,1,25600,XJTU/37.5Hz11kN/Bearing2_1,-1,validation
1018,2,RM_002_XJTU,37.5Hz11kN/Bearing2_1/239.csv,0,0,0,1,25600,XJTU/37.5Hz11kN/Bearing2_1,-1,validation
1019,2,RM_002_XJTU,37.5Hz11kN/Bearing2_1/240.csv,0,0,0,1,25600,XJTU/37.5Hz11kN/Bearing2_1,-1,validation
1020,2,RM_002_XJTU,37.5Hz11kN/Bearing2_1/241.csv,0,0,0,1,25600,XJTU/37.5Hz11kN/Bearing2_1,-1,validation
1021,2,RM_002_XJTU,37.5Hz11kN/Bearing2_1/242.csv,0,0,0,1,25600,XJTU/37.5Hz11kN/Bearing2_1,-1,validation
1022,2,RM_002_XJTU,37.5Hz11kN/Bearing2_1/243.csv,0,0,0,1,25600,XJTU/37.5Hz11kN/Bearing2_1,-1,validation
1023,2,RM_002_XJTU,37.5Hz11kN/Bearing2_1/244.csv,0,0,0,1,25600,XJTU/37.5Hz11kN/Bearing2_1,-1,validation
1024,2,RM_002_XJTU,37.5Hz11kN/Bearing2_1/245.csv,0,0,0,1,25600,XJTU/37.5Hz11kN/Bearing2_1,-1,validation
1025,2,RM_002_XJTU,37.5Hz11kN/Bearing2_1/246.csv,0,0,0,1,25600,XJTU/37.5Hz11kN/Bearing2_1,-1,validation
1026,2,RM_002_XJTU,37.5Hz11kN/Bearing2_1/247.csv,0,0,0,1,25600,XJTU/37.5Hz11kN/Bearing2_1,-1,validation
1027,2,RM_002_XJTU,37.5Hz11kN/Bearing2_1/248.csv,0,0,0,1,25600,XJTU/37.5Hz11kN/Bearing2_1,-1,validation
1028,2,RM_002_XJTU,37.5Hz11kN/Bearing2_1/249.csv,0,0,0,1,25600,XJTU/37.5Hz11kN/Bearing2_1,-1,validation
1029,2,RM_002_XJTU,37.5Hz11kN/Bearing2_1/250.csv,0,0,0,1,25600,XJTU/37.5Hz11kN/Bearing2_1,-1,validation
1030,2,RM_002_XJTU,37.5Hz11kN/Bearing2_1/251.csv,0,0,0,1,25600,XJTU/37.5Hz11kN/Bearing2_1,-1,validation
1031,2,RM_002_XJTU,37.5Hz11kN/Bearing2_1/252.csv,0,0,0,1,25600,XJTU/37.5Hz11kN/Bearing2_1,-1,validation
1032,2,RM_002_XJTU,37.5Hz11kN/Bearing2_1/253.csv,0,0,0,1,25600,XJTU/37.5Hz11kN/Bearing2_1,-1,validation
1033,2,RM_002_XJTU,37.5Hz11kN/Bearing2_1/254.csv,0,0,0,1,25600,XJTU/37.5Hz11kN/Bearing2_1,-1,validation
1034,2,RM_002_XJTU,37.5Hz11kN/Bearing2_1/255.csv,0,0,0,1,25600,XJTU/37.5Hz11kN/Bearing2_1,-1,validation
1035,2,RM_002_XJTU,37.5Hz11kN/Bearing2_1/256.csv,0,0,0,1,25600,XJTU/37.5Hz11kN/Bearing2_1,-1,validation
1036,2,RM_002_XJTU,37.5Hz11kN/Bearing2_1/257.csv,0,0,0,1,25600,XJTU/37.5Hz11kN/Bearing2_1,-1,validation
1037,2,RM_002_XJTU,37.5Hz11kN/Bearing2_1/258.csv,0,0,0,1,25600,XJTU/37.5Hz11kN/Bearing2_1,-1,validation
1038,2,RM_002_XJTU,37.5Hz11kN/Bearing2_1/259.csv,0,0,0,1,25600,XJTU/37.5Hz11kN/Bearing2_1,-1,validation
1039,2,RM_002_XJTU,37.5Hz11kN/Bearing2_1/260.csv,0,0,0,1,25600,XJTU/37.5Hz11kN/Bearing2_1,-1,validation
1040,2,RM_002_XJTU,37.5Hz11kN/Bearing2_1/261.csv,0,0,0,1,25600,XJTU/37.5Hz11kN/Bearing2_1,-1,validation
1041,2,RM_002_XJTU,37.5Hz11kN/Bearing2_1/262.csv,0,0,0,1,25600,XJTU/37.5Hz11kN/Bearing2_1,-1,validation
1042,2,RM_002_XJTU,37.5Hz11kN/Bearing2_1/263.csv,0,0,0,1,25600,XJTU/37.5Hz11kN/Bearing2_1,-1,validation
1043,2,RM_002_XJTU,37.5Hz11kN/Bearing2_1/264.csv,0,0,0,1,25600,XJTU/37.5Hz11kN/Bearing2_1,-1,validation
1044,2,RM_002_XJTU,37.5Hz11kN/Bearing2_1/265.csv,0,0,0,1,25600,XJTU/37.5Hz11kN/Bearing2_1,-1,validation
1045,2,RM_002_XJTU,37.5Hz11kN/Bearing2_1/266.csv,0,0,0,1,25600,XJTU/37.5Hz11kN/Bearing2_1,-1,validation
1046,2,RM_002_XJTU,37.5Hz11kN/Bearing2_1/267.csv,0,0,0,1,25600,XJTU/37.5Hz11kN/Bearing2_1,-1,validation
1047,2,RM_002_XJTU,37.5Hz11kN/Bearing2_1/268.csv,0,0,0,1,25600,XJTU/37.5Hz11kN/Bearing2_1,-1,validation
1048,2,RM_002_XJTU,37.5Hz11kN/Bearing2_1/269.csv,0,0,0,1,25600,XJTU/37.5Hz11kN/Bearing2_1,-1,validation
1049,2,RM_002_XJTU,37.5Hz11kN/Bearing2_1/270.csv,0,0,0,1,25600,XJTU/37.5Hz11kN/Bearing2_1,-1,validation
1050,2,RM_002_XJTU,37.5Hz11kN/Bearing2_1/271.csv,0,0,0,1,25600,XJTU/37.5Hz11kN/Bearing2_1,-1,validation
1051,2,RM_002_XJTU,37.5Hz11kN/Bearing2_1/272.csv,0,0,0,1,25600,XJTU/37.5Hz11kN/Bearing2_1,-1,validation
1052,2,RM_002_XJTU,37.5Hz11kN/Bearing2_1/273.csv,0,0,0,1,25600,XJTU/37.5Hz11kN/Bearing2_1,-1,validation
1053,2,RM_002_XJTU,37.5Hz11kN/Bearing2_1/274.csv,0,0,0,1,25600,XJTU/37.5Hz11kN/Bearing2_1,-1,validation
1054,2,RM_002_XJTU,37.5Hz11kN/Bearing2_1/275.csv,0,0,0,1,25600,XJTU/37.5Hz11kN/Bearing2_1,-1,validation
1055,2,RM_002_XJTU,37.5Hz11kN/Bearing2_1/276.csv,0,0,0,1,25600,XJTU/37.5Hz11kN/Bearing2_1,-1,validation
1056,2,RM_002_XJTU,37.5Hz11kN/Bearing2_1/277.csv,0,0,0,1,25600,XJTU/37.5Hz11kN/Bearing2_1,-1,validation
1057,2,RM_002_XJTU,37.5Hz11kN/Bearing2_1/278.csv,0,0,0,1,25600,XJTU/37.5Hz11kN/Bearing2_1,-1,validation
1058,2,RM_002_XJTU,37.5Hz11kN/Bearing2_1/279.csv,0,0,0,1,25600,XJTU/37.5Hz11kN/Bearing2_1,-1,validation
1059,2,RM_002_XJTU,37.5Hz11kN/Bearing2_1/280.csv,0,0,0,1,25600,XJTU/37.5Hz11kN/Bearing2_1,-1,validation
1060,2,RM_002_XJTU,37.5Hz11kN/Bearing2_1/281.csv,0,0,0,1,25600,XJTU/37.5Hz11kN/Bearing2_1,-1,validation
1061,2,RM_002_XJTU,37.5Hz11kN/Bearing2_1/282.csv,0,0,0,1,25600,XJTU/37.5Hz11kN/Bearing2_1,-1,validation
1062,2,RM_002_XJTU,37.5Hz11kN/Bearing2_1/283.csv,0,0,0,1,25600,XJTU/37.5Hz11kN/Bearing2_1,-1,validation
1063,2,RM_002_XJTU,37.5Hz11kN/Bearing2_1/284.csv,0,0,0,1,25600,XJTU/37.5Hz11kN/Bearing2_1,-1,validation
1064,2,RM_002_XJTU,37.5Hz11kN/Bearing2_1/285.csv,0,0,0,1,25600,XJTU/37.5Hz11kN/Bearing2_1,-1,validation
1065,2,RM_002_XJTU,37.5Hz11kN/Bearing2_1/286.csv,0,0,0,1,25600,XJTU/37.5Hz11kN/Bearing2_1,-1,validation
1066,2,RM_002_XJTU,37.5Hz11kN/Bearing2_1/287.csv,0,0,0,1,25600,XJTU/37.5Hz11kN/Bearing2_1,-1,validation
1067,2,RM_002_XJTU,37.5Hz11kN/Bearing2_1/288.csv,0,0,0,1,25600,XJTU/37.5Hz11kN/Bearing2_1,-1,validation
1068,2,RM_002_XJTU,37.5Hz11kN/Bearing2_1/289.csv,0,0,0,1,25600,XJTU/37.5Hz11kN/Bearing2_1,-1,validation
1069,2,RM_002_XJTU,37.5Hz11kN/Bearing2_1/290.csv,0,0,0,1,25600,XJTU/37.5Hz11kN/Bearing2_1,-1,validation
1070,2,RM_002_XJTU,37.5Hz11kN/Bearing2_1/291.csv,0,0,0,1,25600,XJTU/37.5Hz11kN/Bearing2_1,-1,validation
1071,2,RM_002_XJTU,37.5Hz11kN/Bearing2_1/292.csv,0,0,0,1,25600,XJTU/37.5Hz11kN/Bearing2_1,-1,validation
1072,2,RM_002_XJTU,37.5Hz11kN/Bearing2_1/293.csv,0,0,0,1,25600,XJTU/37.5Hz11kN/Bearing2_1,-1,validation
1073,2,RM_002_XJTU,37.5Hz11kN/Bearing2_1/294.csv,0,0,0,1,25600,XJTU/37.5Hz11kN/Bearing2_1,-1,validation
1074,2,RM_002_XJTU,37.5Hz11kN/Bearing2_1/295.csv,0,0,0,1,25600,XJTU/37.5Hz11kN/Bearing2_1,-1,validation
1075,2,RM_002_XJTU,37.5Hz11kN/Bearing2_1/296.csv,0,0,0,1,25600,XJTU/37.5Hz11kN/Bearing2_1,-1,validation
1076,2,RM_002_XJTU,37.5Hz11kN/Bearing2_1/297.csv,0,0,0,1,25600,XJTU/37.5Hz11kN/Bearing2_1,-1,validation
1077,2,RM_002_XJTU,37.5Hz11kN/Bearing2_1/298.csv,0,0,0,1,25600,XJTU/37.5Hz11kN/Bearing2_1,-1,validation
1078,2,RM_002_XJTU,37.5Hz11kN/Bearing2_1/299.csv,0,0,0,1,25600,XJTU/37.5Hz11kN/Bearing2_1,-1,validation
1079,2,RM_002_XJTU,37.5Hz11kN/Bearing2_1/300.csv,0,0,0,1,25600,XJTU/37.5Hz11kN/Bearing2_1,-1,validation
1080,2,RM_002_XJTU,37.5Hz11kN/Bearing2_1/301.csv,0,0,0,1,25600,XJTU/37.5Hz11kN/Bearing2_1,-1,validation
1081,2,RM_002_XJTU,37.5Hz11kN/Bearing2_1/302.csv,0,0,0,1,25600,XJTU/37.5Hz11kN/Bearing2_1,-1,validation
1082,2,RM_002_XJTU,37.5Hz11kN/Bearing2_1/303.csv,0,0,0,1,25600,XJTU/37.5Hz11kN/Bearing2_1,-1,validation
1083,2,RM_002_XJTU,37.5Hz11kN/Bearing2_1/304.csv,0,0,0,1,25600,XJTU/37.5Hz11kN/Bearing2_1,-1,validation
1084,2,RM_002_XJTU,37.5Hz11kN/Bearing2_1/305.csv,0,0,0,1,25600,XJTU/37.5Hz11kN/Bearing2_1,-1,validation
1085,2,RM_002_XJTU,37.5Hz11kN/Bearing2_1/306.csv,0,0,0,1,25600,XJTU/37.5Hz11kN/Bearing2_1,-1,validation
1086,2,RM_002_XJTU,37.5Hz11kN/Bearing2_1/307.csv,0,0,0,1,25600,XJTU/37.5Hz11kN/Bearing2_1,-1,validation
1087,2,RM_002_XJTU,37.5Hz11kN/Bearing2_1/308.csv,0,0,0,1,25600,XJTU/37.5Hz11kN/Bearing2_1,-1,validation
1088,2,RM_002_XJTU,37.5Hz11kN/Bearing2_1/309.csv,0,0,0,1,25600,XJTU/37.5Hz11kN/Bearing2_1,-1,validation
1089,2,RM_002_XJTU,37.5Hz11kN/Bearing2_1/310.csv,0,0,0,1,25600,XJTU/37.5Hz11kN/Bearing2_1,-1,validation
1090,2,RM_002_XJTU,37.5Hz11kN/Bearing2_1/311.csv,0,0,0,1,25600,XJTU/37.5Hz11kN/Bearing2_1,-1,validation
1091,2,RM_002_XJTU,37.5Hz11kN/Bearing2_1/312.csv,0,0,0,1,25600,XJTU/37.5Hz11kN/Bearing2_1,-1,validation
1092,2,RM_002_XJTU,37.5Hz11kN/Bearing2_1/313.csv,0,0,0,1,25600,XJTU/37.5Hz11kN/Bearing2_1,-1,validation
1093,2,RM_002_XJTU,37.5Hz11kN/Bearing2_1/314.csv,0,0,0,1,25600,XJTU/37.5Hz11kN/Bearing2_1,-1,validation
1094,2,RM_002_XJTU,37.5Hz11kN/Bearing2_1/315.csv,0,0,0,1,25600,XJTU/37.5Hz11kN/Bearing2_1,-1,validation
1095,2,RM_002_XJTU,37.5Hz11kN/Bearing2_1/316.csv,0,0,0,1,25600,XJTU/37.5Hz11kN/Bearing2_1,-1,validation
1096,2,RM_002_XJTU,37.5Hz11kN/Bearing2_1/317.csv,0,0,0,1,25600,XJTU/37.5Hz11kN/Bearing2_1,-1,validation
1097,2,RM_002_XJTU,37.5Hz11kN/Bearing2_1/318.csv,0,0,0,1,25600,XJTU/37.5Hz11kN/Bearing2_1,-1,validation
1098,2,RM_002_XJTU,37.5Hz11kN/Bearing2_1/319.csv,0,0,0,1,25600,XJTU/37.5Hz11kN/Bearing2_1,-1,validation
1099,2,RM_002_XJTU,37.5Hz11kN/Bearing2_1/320.csv,0,0,0,1,25600,XJTU/37.5Hz11kN/Bearing2_1,-1,validation
1100,2,RM_002_XJTU,37.5Hz11kN/Bearing2_1/321.csv,0,0,0,1,25600,XJTU/37.5Hz11kN/Bearing2_1,-1,validation
1101,2,RM_002_XJTU,37.5Hz11kN/Bearing2_1/322.csv,0,0,0,1,25600,XJTU/37.5Hz11kN/Bearing2_1,-1,validation
1102,2,RM_002_XJTU,37.5Hz11kN/Bearing2_1/323.csv,0,0,0,1,25600,XJTU/37.5Hz11kN/Bearing2_1,-1,validation
1103,2,RM_002_XJTU,37.5Hz11kN/Bearing2_1/324.csv,0,0,0,1,25600,XJTU/37.5Hz11kN/Bearing2_1,-1,validation
1104,2,RM_002_XJTU,37.5Hz11kN/Bearing2_1/325.csv,0,0,0,1,25600,XJTU/37.5Hz11kN/Bearing2_1,-1,validation
1105,2,RM_002_XJTU,37.5Hz11kN/Bearing2_1/326.csv,0,0,0,1,25600,XJTU/37.5Hz11kN/Bearing2_1,-1,validation
1106,2,RM_002_XJTU,37.5Hz11kN/Bearing2_1/327.csv,0,0,0,1,25600,XJTU/37.5Hz11kN/Bearing2_1,-1,validation
1107,2,RM_002_XJTU,37.5Hz11kN/Bearing2_1/328.csv,0,0,0,1,25600,XJTU/37.5Hz11kN/Bearing2_1,-1,validation
1108,2,RM_002_XJTU,37.5Hz11kN/Bearing2_1/329.csv,0,0,0,1,25600,XJTU/37.5Hz11kN/Bearing2_1,-1,validation
1109,2,RM_002_XJTU,37.5Hz11kN/Bearing2_1/330.csv,0,0,0,1,25600,XJTU/37.5Hz11kN/Bearing2_1,-1,validation
1110,2,RM_002_XJTU,37.5Hz11kN/Bearing2_1/331.csv,0,0,0,1,25600,XJTU/37.5Hz11kN/Bearing2_1,-1,validation
1111,2,RM_002_XJTU,37.5Hz11kN/Bearing2_1/332.csv,0,0,0,1,25600,XJTU/37.5Hz11kN/Bearing2_1,-1,validation
1112,2,RM_002_XJTU,37.5Hz11kN/Bearing2_1/333.csv,0,0,0,1,25600,XJTU/37.5Hz11kN/Bearing2_1,-1,validation
1113,2,RM_002_XJTU,37.5Hz11kN/Bearing2_1/334.csv,0,0,0,1,25600,XJTU/37.5Hz11kN/Bearing2_1,-1,validation
1114,2,RM_002_XJTU,37.5Hz11kN/Bearing2_1/335.csv,0,0,0,1,25600,XJTU/37.5Hz11kN/Bearing2_1,-1,validation
1115,2,RM_002_XJTU,37.5Hz11kN/Bearing2_1/336.csv,0,0,0,1,25600,XJTU/37.5Hz11kN/Bearing2_1,-1,validation
1116,2,RM_002_XJTU,37.5Hz11kN/Bearing2_1/337.csv,0,0,0,1,25600,XJTU/37.5Hz11kN/Bearing2_1,-1,validation
1117,2,RM_002_XJTU,37.5Hz11kN/Bearing2_1/338.csv,0,0,0,1,25600,XJTU/37.5Hz11kN/Bearing2_1,-1,validation
1118,2,RM_002_XJTU,37.5Hz11kN/Bearing2_1/339.csv,0,0,0,1,25600,XJTU/37.5Hz11kN/Bearing2_1,-1,validation
1119,2,RM_002_XJTU,37.5Hz11kN/Bearing2_1/340.csv,0,0,0,1,25600,XJTU/37.5Hz11kN/Bearing2_1,-1,validation
1120,2,RM_002_XJTU,37.5Hz11kN/Bearing2_1/341.csv,0,0,0,1,25600,XJTU/37.5Hz11kN/Bearing2_1,-1,validation
1121,2,RM_002_XJTU,37.5Hz11kN/Bearing2_1/342.csv,0,0,0,1,25600,XJTU/37.5Hz11kN/Bearing2_1,-1,validation
1122,2,RM_002_XJTU,37.5Hz11kN/Bearing2_1/343.csv,0,0,0,1,25600,XJTU/37.5Hz11kN/Bearing2_1,-1,validation
1123,2,RM_002_XJTU,37.5Hz11kN/Bearing2_1/344.csv,0,0,0,1,25600,XJTU/37.5Hz11kN/Bearing2_1,-1,validation
1124,2,RM_002_XJTU,37.5Hz11kN/Bearing2_1/345.csv,0,0,0,1,25600,XJTU/37.5Hz11kN/Bearing2_1,-1,validation
1125,2,RM_002_XJTU,37.5Hz11kN/Bearing2_1/346.csv,0,0,0,1,25600,XJTU/37.5Hz11kN/Bearing2_1,-1,validation
1126,2,RM_002_XJTU,37.5Hz11kN/Bearing2_1/347.csv,0,0,0,1,25600,XJTU/37.5Hz11kN/Bearing2_1,-1,validation
1127,2,RM_002_XJTU,37.5Hz11kN/Bearing2_1/348.csv,0,0,0,1,25600,XJTU/37.5Hz11kN/Bearing2_1,-1,validation
1128,2,RM_002_XJTU,37.5Hz11kN/Bearing2_1/349.csv,0,0,0,1,25600,XJTU/37.5Hz11kN/Bearing2_1,-1,validation
1129,2,RM_002_XJTU,37.5Hz11kN/Bearing2_1/350.csv,0,0,0,1,25600,XJTU/37.5Hz11kN/Bearing2_1,-1,validation
1130,2,RM_002_XJTU,37.5Hz11kN/Bearing2_1/351.csv,0,0,0,1,25600,XJTU/37.5Hz11kN/Bearing2_1,-1,validation
1131,2,RM_002_XJTU,37.5Hz11kN/Bearing2_1/352.csv,0,0,0,1,25600,XJTU/37.5Hz11kN/Bearing2_1,-1,validation
1132,2,RM_002_XJTU,37.5Hz11kN/Bearing2_1/353.csv,0,0,0,1,25600,XJTU/37.5Hz11kN/Bearing2_1,-1,validation
1133,2,RM_002_XJTU,37.5Hz11kN/Bearing2_1/354.csv,0,0,0,1,25600,XJTU/37.5Hz11kN/Bearing2_1,-1,validation
1134,2,RM_002_XJTU,37.5Hz11kN/Bearing2_1/355.csv,0,0,0,1,25600,XJTU/37.5Hz11kN/Bearing2_1,-1,validation
1135,2,RM_002_XJTU,37.5Hz11kN/Bearing2_1/356.csv,0,0,0,1,25600,XJTU/37.5Hz11kN/Bearing2_1,-1,validation
1136,2,RM_002_XJTU,37.5Hz11kN/Bearing2_1/357.csv,0,0,0,1,25600,XJTU/37.5Hz11kN/Bearing2_1,-1,validation
1137,2,RM_002_XJTU,37.5Hz11kN/Bearing2_1/358.csv,0,0,0,1,25600,XJTU/37.5Hz11kN/Bearing2_1,-1,validation
1138,2,RM_002_XJTU,37.5Hz11kN/Bearing2_1/359.csv,0,0,0,1,25600,XJTU/37.5Hz11kN/Bearing2_1,-1,validation
1139,2,RM_002_XJTU,37.5Hz11kN/Bearing2_1/360.csv,0,0,0,1,25600,XJTU/37.5Hz11kN/Bearing2_1,-1,validation
1140,2,RM_002_XJTU,37.5Hz11kN/Bearing2_1/361.csv,0,0,0,1,25600,XJTU/37.5Hz11kN/Bearing2_1,-1,validation
1141,2,RM_002_XJTU,37.5Hz11kN/Bearing2_1/362.csv,0,0,0,1,25600,XJTU/37.5Hz11kN/Bearing2_1,-1,validation
1142,2,RM_002_XJTU,37.5Hz11kN/Bearing2_1/363.csv,0,0,0,1,25600,XJTU/37.5Hz11kN/Bearing2_1,-1,validation
1143,2,RM_002_XJTU,37.5Hz11kN/Bearing2_1/364.csv,0,0,0,1,25600,XJTU/37.5Hz11kN/Bearing2_1,-1,validation
1144,2,RM_002_XJTU,37.5Hz11kN/Bearing2_1/365.csv,0,0,0,1,25600,XJTU/37.5Hz11kN/Bearing2_1,-1,validation
1145,2,RM_002_XJTU,37.5Hz11kN/Bearing2_1/366.csv,0,0,0,1,25600,XJTU/37.5Hz11kN/Bearing2_1,-1,validation
1146,2,RM_002_XJTU,37.5Hz11kN/Bearing2_1/367.csv,0,0,0,1,25600,XJTU/37.5Hz11kN/Bearing2_1,-1,validation
1147,2,RM_002_XJTU,37.5Hz11kN/Bearing2_1/368.csv,0,0,0,1,25600,XJTU/37.5Hz11kN/Bearing2_1,-1,validation
1148,2,RM_002_XJTU,37.5Hz11kN/Bearing2_1/369.csv,0,0,0,1,25600,XJTU/37.5Hz11kN/Bearing2_1,-1,validation
1149,2,RM_002_XJTU,37.5Hz11kN/Bearing2_1/370.csv,0,0,0,1,25600,XJTU/37.5Hz11kN/Bearing2_1,-1,validation
1150,2,RM_002_XJTU,37.5Hz11kN/Bearing2_1/371.csv,0,0,0,1,25600,XJTU/37.5Hz11kN/Bearing2_1,-1,validation
1151,2,RM_002_XJTU,37.5Hz11kN/Bearing2_1/372.csv,0,0,0,1,25600,XJTU/37.5Hz11kN/Bearing2_1,-1,validation
1152,2,RM_002_XJTU,37.5Hz11kN/Bearing2_1/373.csv,0,0,0,1,25600,XJTU/37.5Hz11kN/Bearing2_1,-1,validation
1153,2,RM_002_XJTU,37.5Hz11kN/Bearing2_1/374.csv,0,0,0,1,25600,XJTU/37.5Hz11kN/Bearing2_1,-1,validation
1154,2,RM_002_XJTU,37.5Hz11kN/Bearing2_1/375.csv,0,0,0,1,25600,XJTU/37.5Hz11kN/Bearing2_1,-1,validation
1155,2,RM_002_XJTU,37.5Hz11kN/Bearing2_1/376.csv,0,0,0,1,25600,XJTU/37.5Hz11kN/Bearing2_1,-1,validation
1156,2,RM_002_XJTU,37.5Hz11kN/Bearing2_1/377.csv,0,0,0,1,25600,XJTU/37.5Hz11kN/Bearing2_1,-1,validation
1157,2,RM_002_XJTU,37.5Hz11kN/Bearing2_1/378.csv,0,0,0,1,25600,XJTU/37.5Hz11kN/Bearing2_1,-1,validation
1158,2,RM_002_XJTU,37.5Hz11kN/Bearing2_1/379.csv,0,0,0,1,25600,XJTU/37.5Hz11kN/Bearing2_1,-1,validation
1159,2,RM_002_XJTU,37.5Hz11kN/Bearing2_1/380.csv,0,0,0,1,25600,XJTU/37.5Hz11kN/Bearing2_1,-1,validation
1160,2,RM_002_XJTU,37.5Hz11kN/Bearing2_1/381.csv,0,0,0,1,25600,XJTU/37.5Hz11kN/Bearing2_1,-1,validation
1161,2,RM_002_XJTU,37.5Hz11kN/Bearing2_1/382.csv,0,0,0,1,25600,XJTU/37.5Hz11kN/Bearing2_1,-1,validation
1162,2,RM_002_XJTU,37.5Hz11kN/Bearing2_1/383.csv,0,0,0,1,25600,XJTU/37.5Hz11kN/Bearing2_1,-1,validation
1163,2,RM_002_XJTU,37.5Hz11kN/Bearing2_1/384.csv,0,0,0,1,25600,XJTU/37.5Hz11kN/Bearing2_1,-1,validation
1164,2,RM_002_XJTU,37.5Hz11kN/Bearing2_1/385.csv,0,0,0,1,25600,XJTU/37.5Hz11kN/Bearing2_1,-1,validation
1165,2,RM_002_XJTU,37.5Hz11kN/Bearing2_1/386.csv,0,0,0,1,25600,XJTU/37.5Hz11kN/Bearing2_1,-1,validation
1166,2,RM_002_XJTU,37.5Hz11kN/Bearing2_1/387.csv,0,0,0,1,25600,XJTU/37.5Hz11kN/Bearing2_1,-1,validation
1167,2,RM_002_XJTU,37.5Hz11kN/Bearing2_1/388.csv,0,0,0,1,25600,XJTU/37.5Hz11kN/Bearing2_1,-1,validation
1168,2,RM_002_XJTU,37.5Hz11kN/Bearing2_1/389.csv,0,0,0,1,25600,XJTU/37.5Hz11kN/Bearing2_1,-1,validation
1169,2,RM_002_XJTU,37.5Hz11kN/Bearing2_1/390.csv,0,0,0,1,25600,XJTU/37.5Hz11kN/Bearing2_1,-1,validation
1170,2,RM_002_XJTU,37.5Hz11kN/Bearing2_1/391.csv,0,0,0,1,25600,XJTU/37.5Hz11kN/Bearing2_1,-1,validation
1171,2,RM_002_XJTU,37.5Hz11kN/Bearing2_1/392.csv,0,0,0,1,25600,XJTU/37.5Hz11kN/Bearing2_1,-1,validation
1172,2,RM_002_XJTU,37.5Hz11kN/Bearing2_1/393.csv,0,0,0,1,25600,XJTU/37.5Hz11kN/Bearing2_1,-1,validation
1173,2,RM_002_XJTU,37.5Hz11kN/Bearing2_1/394.csv,0,0,0,1,25600,XJTU/37.5Hz11kN/Bearing2_1,-1,validation
1174,2,RM_002_XJTU,37.5Hz11kN/Bearing2_1/395.csv,0,0,0,1,25600,XJTU/37.5Hz11kN/Bearing2_1,-1,validation
1175,2,RM_002_XJTU,37.5Hz11kN/Bearing2_1/396.csv,0,0,0,1,25600,XJTU/37.5Hz11kN/Bearing2_1,-1,validation
1176,2,RM_002_XJTU,37.5Hz11kN/Bearing2_1/397.csv,0,0,0,1,25600,XJTU/37.5Hz11kN/Bearing2_1,-1,validation
1177,2,RM_002_XJTU,37.5Hz11kN/Bearing2_1/398.csv,0,0,0,1,25600,XJTU/37.5Hz11kN/Bearing2_1,-1,validation
1178,2,RM_002_XJTU,37.5Hz11kN/Bearing2_1/399.csv,0,0,0,1,25600,XJTU/37.5Hz11kN/Bearing2_1,-1,validation
1179,2,RM_002_XJTU,37.5Hz11kN/Bearing2_1/400.csv,0,0,0,1,25600,XJTU/37.5Hz11kN/Bearing2_1,-1,validation
1180,2,RM_002_XJTU,37.5Hz11kN/Bearing2_1/401.csv,0,0,0,1,25600,XJTU/37.5Hz11kN/Bearing2_1,-1,validation
1181,2,RM_002_XJTU,37.5Hz11kN/Bearing2_1/402.csv,0,0,0,1,25600,XJTU/37.5Hz11kN/Bearing2_1,-1,validation
1182,2,RM_002_XJTU,37.5Hz11kN/Bearing2_1/403.csv,0,0,0,1,25600,XJTU/37.5Hz11kN/Bearing2_1,-1,validation
1183,2,RM_002_XJTU,37.5Hz11kN/Bearing2_1/404.csv,0,0,0,1,25600,XJTU/37.5Hz11kN/Bearing2_1,-1,validation
1184,2,RM_002_XJTU,37.5Hz11kN/Bearing2_1/405.csv,0,0,0,1,25600,XJTU/37.5Hz11kN/Bearing2_1,-1,validation
1185,2,RM_002_XJTU,37.5Hz11kN/Bearing2_1/406.csv,0,0,0,1,25600,XJTU/37.5Hz11kN/Bearing2_1,-1,validation
1186,2,RM_002_XJTU,37.5Hz11kN/Bearing2_1/407.csv,0,0,0,1,25600,XJTU/37.5Hz11kN/Bearing2_1,-1,validation
1187,2,RM_002_XJTU,37.5Hz11kN/Bearing2_1/408.csv,0,0,0,1,25600,XJTU/37.5Hz11kN/Bearing2_1,-1,validation
1188,2,RM_002_XJTU,37.5Hz11kN/Bearing2_1/409.csv,0,0,0,1,25600,XJTU/37.5Hz11kN/Bearing2_1,-1,validation
1189,2,RM_002_XJTU,37.5Hz11kN/Bearing2_1/410.csv,0,0,0,1,25600,XJTU/37.5Hz11kN/Bearing2_1,-1,validation
1190,2,RM_002_XJTU,37.5Hz11kN/Bearing2_1/411.csv,0,0,0,1,25600,XJTU/37.5Hz11kN/Bearing2_1,-1,validation
1191,2,RM_002_XJTU,37.5Hz11kN/Bearing2_1/412.csv,0,0,0,1,25600,XJTU/37.5Hz11kN/Bearing2_1,-1,validation
1192,2,RM_002_XJTU,37.5Hz11kN/Bearing2_1/413.csv,0,0,0,1,25600,XJTU/37.5Hz11kN/Bearing2_1,-1,validation
1193,2,RM_002_XJTU,37.5Hz11kN/Bearing2_1/414.csv,0,0,0,1,25600,XJTU/37.5Hz11kN/Bearing2_1,-1,validation
1194,2,RM_002_XJTU,37.5Hz11kN/Bearing2_1/415.csv,0,0,0,1,25600,XJTU/37.5Hz11kN/Bearing2_1,-1,validation
1195,2,RM_002_XJTU,37.5Hz11kN/Bearing2_1/416.csv,0,0,0,1,25600,XJTU/37.5Hz11kN/Bearing2_1,-1,validation
1196,2,RM_002_XJTU,37.5Hz11kN/Bearing2_1/417.csv,0,0,0,1,25600,XJTU/37.5Hz11kN/Bearing2_1,-1,validation
1197,2,RM_002_XJTU,37.5Hz11kN/Bearing2_1/418.csv,0,0,0,1,25600,XJTU/37.5Hz11kN/Bearing2_1,-1,validation
1198,2,RM_002_XJTU,37.5Hz11kN/Bearing2_1/419.csv,0,0,0,1,25600,XJTU/37.5Hz11kN/Bearing2_1,-1,validation
1199,2,RM_002_XJTU,37.5Hz11kN/Bearing2_1/420.csv,0,0,0,1,25600,XJTU/37.5Hz11kN/Bearing2_1,-1,validation
1200,2,RM_002_XJTU,37.5Hz11kN/Bearing2_1/421.csv,0,0,0,1,25600,XJTU/37.5Hz11kN/Bearing2_1,-1,validation
1201,2,RM_002_XJTU,37.5Hz11kN/Bearing2_1/422.csv,0,0,0,1,25600,XJTU/37.5Hz11kN/Bearing2_1,-1,validation
1202,2,RM_002_XJTU,37.5Hz11kN/Bearing2_1/423.csv,0,0,0,1,25600,XJTU/37.5Hz11kN/Bearing2_1,-1,validation
1203,2,RM_002_XJTU,37.5Hz11kN/Bearing2_1/424.csv,0,0,0,1,25600,XJTU/37.5Hz11kN/Bearing2_1,-1,validation
1204,2,RM_002_XJTU,37.5Hz11kN/Bearing2_1/425.csv,0,0,0,1,25600,XJTU/37.5Hz11kN/Bearing2_1,-1,validation
1205,2,RM_002_XJTU,37.5Hz11kN/Bearing2_1/426.csv,0,0,0,1,25600,XJTU/37.5Hz11kN/Bearing2_1,-1,validation
1206,2,RM_002_XJTU,37.5Hz11kN/Bearing2_1/427.csv,0,0,0,1,25600,XJTU/37.5Hz11kN/Bearing2_1,-1,validation
1207,2,RM_002_XJTU,37.5Hz11kN/Bearing2_1/428.csv,0,0,0,1,25600,XJTU/37.5Hz11kN/Bearing2_1,-1,validation
1208,2,RM_002_XJTU,37.5Hz11kN/Bearing2_1/429.csv,0,0,0,1,25600,XJTU/37.5Hz11kN/Bearing2_1,-1,validation
1209,2,RM_002_XJTU,37.5Hz11kN/Bearing2_1/430.csv,0,0,0,1,25600,XJTU/37.5Hz11kN/Bearing2_1,-1,validation
1210,2,RM_002_XJTU,37.5Hz11kN/Bearing2_1/431.csv,0,0,0,1,25600,XJTU/37.5Hz11kN/Bearing2_1,-1,validation
1211,2,RM_002_XJTU,37.5Hz11kN/Bearing2_1/432.csv,0,0,0,1,25600,XJTU/37.5Hz11kN/Bearing2_1,-1,validation
1212,2,RM_002_XJTU,37.5Hz11kN/Bearing2_1/433.csv,0,0,0,1,25600,XJTU/37.5Hz11kN/Bearing2_1,-1,validation
1213,2,RM_002_XJTU,37.5Hz11kN/Bearing2_1/434.csv,0,0,0,1,25600,XJTU/37.5Hz11kN/Bearing2_1,-1,validation
1214,2,RM_002_XJTU,37.5Hz11kN/Bearing2_1/435.csv,0,0,0,1,25600,XJTU/37.5Hz11kN/Bearing2_1,-1,validation
1215,2,RM_002_XJTU,37.5Hz11kN/Bearing2_1/436.csv,0,0,0,1,25600,XJTU/37.5Hz11kN/Bearing2_1,-1,validation
1216,2,RM_002_XJTU,37.5Hz11kN/Bearing2_1/437.csv,0,0,0,1,25600,XJTU/37.5Hz11kN/Bearing2_1,-1,validation
1217,2,RM_002_XJTU,37.5Hz11kN/Bearing2_1/438.csv,0,0,0,1,25600,XJTU/37.5Hz11kN/Bearing2_1,-1,validation
1218,2,RM_002_XJTU,37.5Hz11kN/Bearing2_1/439.csv,0,0,0,1,25600,XJTU/37.5Hz11kN/Bearing2_1,-1,validation
1219,2,RM_002_XJTU,37.5Hz11kN/Bearing2_1/440.csv,0,0,0,1,25600,XJTU/37.5Hz11kN/Bearing2_1,-1,validation
1220,2,RM_002_XJTU,37.5Hz11kN/Bearing2_1/441.csv,0,0,0,1,25600,XJTU/37.5Hz11kN/Bearing2_1,-1,validation
1221,2,RM_002_XJTU,37.5Hz11kN/Bearing2_1/442.csv,0,0,0,1,25600,XJTU/37.5Hz11kN/Bearing2_1,-1,validation
1247,2,RM_002_XJTU,37.5Hz11kN/Bearing2_1/468.csv,6,1,1,1,25600,XJTU/37.5Hz11kN/Bearing2_1,-1,validation
1248,2,RM_002_XJTU,37.5Hz11kN/Bearing2_1/469.csv,6,1,1,1,25600,XJTU/37.5Hz11kN/Bearing2_1,-1,validation
1249,2,RM_002_XJTU,37.5Hz11kN/Bearing2_1/470.csv,6,1,1,1,25600,XJTU/37.5Hz11kN/Bearing2_1,-1,validation
1250,2,RM_002_XJTU,37.5Hz11kN/Bearing2_1/471.csv,6,1,1,1,25600,XJTU/37.5Hz11kN/Bearing2_1,-1,validation
1251,2,RM_002_XJTU,37.5Hz11kN/Bearing2_1/472.csv,6,1,1,1,25600,XJTU/37.5Hz11kN/Bearing2_1,-1,validation
1252,2,RM_002_XJTU,37.5Hz11kN/Bearing2_1/473.csv,6,1,1,1,25600,XJTU/37.5Hz11kN/Bearing2_1,-1,validation
1253,2,RM_002_XJTU,37.5Hz11kN/Bearing2_1/474.csv,6,1,1,1,25600,XJTU/37.5Hz11kN/Bearing2_1,-1,validation
1254,2,RM_002_XJTU,37.5Hz11kN/Bearing2_1/475.csv,6,1,1,1,25600,XJTU/37.5Hz11kN/Bearing2_1,-1,validation
1255,2,RM_002_XJTU,37.5Hz11kN/Bearing2_1/476.csv,6,1,1,1,25600,XJTU/37.5Hz11kN/Bearing2_1,-1,validation
1256,2,RM_002_XJTU,37.5Hz11kN/Bearing2_1/477.csv,6,1,1,1,25600,XJTU/37.5Hz11kN/Bearing2_1,-1,validation
1257,2,RM_002_XJTU,37.5Hz11kN/Bearing2_1/478.csv,6,1,1,1,25600,XJTU/37.5Hz11kN/Bearing2_1,-1,validation
1258,2,RM_002_XJTU,37.5Hz11kN/Bearing2_1/479.csv,6,1,1,1,25600,XJTU/37.5Hz11kN/Bearing2_1,-1,validation
1259,2,RM_002_XJTU,37.5Hz11kN/Bearing2_1/480.csv,6,1,1,1,25600,XJTU/37.5Hz11kN/Bearing2_1,-1,validation
1260,2,RM_002_XJTU,37.5Hz11kN/Bearing2_1/481.csv,6,1,1,1,25600,XJTU/37.5Hz11kN/Bearing2_1,-1,validation
1261,2,RM_002_XJTU,37.5Hz11kN/Bearing2_1/482.csv,6,1,1,1,25600,XJTU/37.5Hz11kN/Bearing2_1,-1,validation
1262,2,RM_002_XJTU,37.5Hz11kN/Bearing2_1/483.csv,6,1,1,1,25600,XJTU/37.5Hz11kN/Bearing2_1,-1,validation
1263,2,RM_002_XJTU,37.5Hz11kN/Bearing2_1/484.csv,6,1,1,1,25600,XJTU/37.5Hz11kN/Bearing2_1,-1,validation
1264,2,RM_002_XJTU,37.5Hz11kN/Bearing2_1/485.csv,6,1,1,1,25600,XJTU/37.5Hz11kN/Bearing2_1,-1,validation
1265,2,RM_002_XJTU,37.5Hz11kN/Bearing2_1/486.csv,6,1,1,1,25600,XJTU/37.5Hz11kN/Bearing2_1,-1,validation
1266,2,RM_002_XJTU,37.5Hz11kN/Bearing2_1/487.csv,6,1,1,1,25600,XJTU/37.5Hz11kN/Bearing2_1,-1,validation
1267,2,RM_002_XJTU,37.5Hz11kN/Bearing2_1/488.csv,6,1,1,1,25600,XJTU/37.5Hz11kN/Bearing2_1,-1,validation
1268,2,RM_002_XJTU,37.5Hz11kN/Bearing2_1/489.csv,6,1,1,1,25600,XJTU/37.5Hz11kN/Bearing2_1,-1,validation
1269,2,RM_002_XJTU,37.5Hz11kN/Bearing2_1/490.csv,6,1,1,1,25600,XJTU/37.5Hz11kN/Bearing2_1,-1,validation
1270,2,RM_002_XJTU,37.5Hz11kN/Bearing2_1/491.csv,6,1,1,1,25600,XJTU/37.5Hz11kN/Bearing2_1,-1,validation
1271,2,RM_002_XJTU,37.5Hz11kN/Bearing2_2/1.csv,0,0,0,1,25600,XJTU/37.5Hz11kN/Bearing2_2,-1,validation
1272,2,RM_002_XJTU,37.5Hz11kN/Bearing2_2/2.csv,0,0,0,1,25600,XJTU/37.5Hz11kN/Bearing2_2,-1,validation
1273,2,RM_002_XJTU,37.5Hz11kN/Bearing2_2/3.csv,0,0,0,1,25600,XJTU/37.5Hz11kN/Bearing2_2,-1,validation
1274,2,RM_002_XJTU,37.5Hz11kN/Bearing2_2/4.csv,0,0,0,1,25600,XJTU/37.5Hz11kN/Bearing2_2,-1,validation
1275,2,RM_002_XJTU,37.5Hz11kN/Bearing2_2/5.csv,0,0,0,1,25600,XJTU/37.5Hz11kN/Bearing2_2,-1,validation
1276,2,RM_002_XJTU,37.5Hz11kN/Bearing2_2/6.csv,0,0,0,1,25600,XJTU/37.5Hz11kN/Bearing2_2,-1,validation
1277,2,RM_002_XJTU,37.5Hz11kN/Bearing2_2/7.csv,0,0,0,1,25600,XJTU/37.5Hz11kN/Bearing2_2,-1,validation
1278,2,RM_002_XJTU,37.5Hz11kN/Bearing2_2/8.csv,0,0,0,1,25600,XJTU/37.5Hz11kN/Bearing2_2,-1,validation
1279,2,RM_002_XJTU,37.5Hz11kN/Bearing2_2/9.csv,0,0,0,1,25600,XJTU/37.5Hz11kN/Bearing2_2,-1,validation
1280,2,RM_002_XJTU,37.5Hz11kN/Bearing2_2/10.csv,0,0,0,1,25600,XJTU/37.5Hz11kN/Bearing2_2,-1,validation
1281,2,RM_002_XJTU,37.5Hz11kN/Bearing2_2/11.csv,0,0,0,1,25600,XJTU/37.5Hz11kN/Bearing2_2,-1,validation
1282,2,RM_002_XJTU,37.5Hz11kN/Bearing2_2/12.csv,0,0,0,1,25600,XJTU/37.5Hz11kN/Bearing2_2,-1,validation
1283,2,RM_002_XJTU,37.5Hz11kN/Bearing2_2/13.csv,0,0,0,1,25600,XJTU/37.5Hz11kN/Bearing2_2,-1,validation
1284,2,RM_002_XJTU,37.5Hz11kN/Bearing2_2/14.csv,0,0,0,1,25600,XJTU/37.5Hz11kN/Bearing2_2,-1,validation
1285,2,RM_002_XJTU,37.5Hz11kN/Bearing2_2/15.csv,0,0,0,1,25600,XJTU/37.5Hz11kN/Bearing2_2,-1,validation
1286,2,RM_002_XJTU,37.5Hz11kN/Bearing2_2/16.csv,0,0,0,1,25600,XJTU/37.5Hz11kN/Bearing2_2,-1,validation
1287,2,RM_002_XJTU,37.5Hz11kN/Bearing2_2/17.csv,0,0,0,1,25600,XJTU/37.5Hz11kN/Bearing2_2,-1,validation
1288,2,RM_002_XJTU,37.5Hz11kN/Bearing2_2/18.csv,0,0,0,1,25600,XJTU/37.5Hz11kN/Bearing2_2,-1,validation
1289,2,RM_002_XJTU,37.5Hz11kN/Bearing2_2/19.csv,0,0,0,1,25600,XJTU/37.5Hz11kN/Bearing2_2,-1,validation
1290,2,RM_002_XJTU,37.5Hz11kN/Bearing2_2/20.csv,0,0,0,1,25600,XJTU/37.5Hz11kN/Bearing2_2,-1,validation
1291,2,RM_002_XJTU,37.5Hz11kN/Bearing2_2/21.csv,0,0,0,1,25600,XJTU/37.5Hz11kN/Bearing2_2,-1,validation
1292,2,RM_002_XJTU,37.5Hz11kN/Bearing2_2/22.csv,0,0,0,1,25600,XJTU/37.5Hz11kN/Bearing2_2,-1,validation
1293,2,RM_002_XJTU,37.5Hz11kN/Bearing2_2/23.csv,0,0,0,1,25600,XJTU/37.5Hz11kN/Bearing2_2,-1,validation
1294,2,RM_002_XJTU,37.5Hz11kN/Bearing2_2/24.csv,0,0,0,1,25600,XJTU/37.5Hz11kN/Bearing2_2,-1,validation
1295,2,RM_002_XJTU,37.5Hz11kN/Bearing2_2/25.csv,0,0,0,1,25600,XJTU/37.5Hz11kN/Bearing2_2,-1,validation
1296,2,RM_002_XJTU,37.5Hz11kN/Bearing2_2/26.csv,0,0,0,1,25600,XJTU/37.5Hz11kN/Bearing2_2,-1,validation
1297,2,RM_002_XJTU,37.5Hz11kN/Bearing2_2/27.csv,0,0,0,1,25600,XJTU/37.5Hz11kN/Bearing2_2,-1,validation
1298,2,RM_002_XJTU,37.5Hz11kN/Bearing2_2/28.csv,0,0,0,1,25600,XJTU/37.5Hz11kN/Bearing2_2,-1,validation
1299,2,RM_002_XJTU,37.5Hz11kN/Bearing2_2/29.csv,0,0,0,1,25600,XJTU/37.5Hz11kN/Bearing2_2,-1,validation
1300,2,RM_002_XJTU,37.5Hz11kN/Bearing2_2/30.csv,0,0,0,1,25600,XJTU/37.5Hz11kN/Bearing2_2,-1,validation
1301,2,RM_002_XJTU,37.5Hz11kN/Bearing2_2/31.csv,0,0,0,1,25600,XJTU/37.5Hz11kN/Bearing2_2,-1,validation
1302,2,RM_002_XJTU,37.5Hz11kN/Bearing2_2/32.csv,0,0,0,1,25600,XJTU/37.5Hz11kN/Bearing2_2,-1,validation
1303,2,RM_002_XJTU,37.5Hz11kN/Bearing2_2/33.csv,0,0,0,1,25600,XJTU/37.5Hz11kN/Bearing2_2,-1,validation
1304,2,RM_002_XJTU,37.5Hz11kN/Bearing2_2/34.csv,0,0,0,1,25600,XJTU/37.5Hz11kN/Bearing2_2,-1,validation
1305,2,RM_002_XJTU,37.5Hz11kN/Bearing2_2/35.csv,0,0,0,1,25600,XJTU/37.5Hz11kN/Bearing2_2,-1,validation
1306,2,RM_002_XJTU,37.5Hz11kN/Bearing2_2/36.csv,0,0,0,1,25600,XJTU/37.5Hz11kN/Bearing2_2,-1,validation
1307,2,RM_002_XJTU,37.5Hz11kN/Bearing2_2/37.csv,0,0,0,1,25600,XJTU/37.5Hz11kN/Bearing2_2,-1,validation
1308,2,RM_002_XJTU,37.5Hz11kN/Bearing2_2/38.csv,0,0,0,1,25600,XJTU/37.5Hz11kN/Bearing2_2,-1,validation
1309,2,RM_002_XJTU,37.5Hz11kN/Bearing2_2/39.csv,0,0,0,1,25600,XJTU/37.5Hz11kN/Bearing2_2,-1,validation
1310,2,RM_002_XJTU,37.5Hz11kN/Bearing2_2/40.csv,0,0,0,1,25600,XJTU/37.5Hz11kN/Bearing2_2,-1,validation
1311,2,RM_002_XJTU,37.5Hz11kN/Bearing2_2/41.csv,0,0,0,1,25600,XJTU/37.5Hz11kN/Bearing2_2,-1,validation
1312,2,RM_002_XJTU,37.5Hz11kN/Bearing2_2/42.csv,0,0,0,1,25600,XJTU/37.5Hz11kN/Bearing2_2,-1,validation
1313,2,RM_002_XJTU,37.5Hz11kN/Bearing2_2/43.csv,0,0,0,1,25600,XJTU/37.5Hz11kN/Bearing2_2,-1,validation
1314,2,RM_002_XJTU,37.5Hz11kN/Bearing2_2/44.csv,0,0,0,1,25600,XJTU/37.5Hz11kN/Bearing2_2,-1,validation
1315,2,RM_002_XJTU,37.5Hz11kN/Bearing2_2/45.csv,0,0,0,1,25600,XJTU/37.5Hz11kN/Bearing2_2,-1,validation
1316,2,RM_002_XJTU,37.5Hz11kN/Bearing2_2/46.csv,0,0,0,1,25600,XJTU/37.5Hz11kN/Bearing2_2,-1,validation
1317,2,RM_002_XJTU,37.5Hz11kN/Bearing2_2/47.csv,0,0,0,1,25600,XJTU/37.5Hz11kN/Bearing2_2,-1,validation
1318,2,RM_002_XJTU,37.5Hz11kN/Bearing2_2/48.csv,0,0,0,1,25600,XJTU/37.5Hz11kN/Bearing2_2,-1,validation
1319,2,RM_002_XJTU,37.5Hz11kN/Bearing2_2/49.csv,0,0,0,1,25600,XJTU/37.5Hz11kN/Bearing2_2,-1,validation
1320,2,RM_002_XJTU,37.5Hz11kN/Bearing2_2/50.csv,0,0,0,1,25600,XJTU/37.5Hz11kN/Bearing2_2,-1,validation
1321,2,RM_002_XJTU,37.5Hz11kN/Bearing2_2/51.csv,0,0,0,1,25600,XJTU/37.5Hz11kN/Bearing2_2,-1,validation
1322,2,RM_002_XJTU,37.5Hz11kN/Bearing2_2/52.csv,0,0,0,1,25600,XJTU/37.5Hz11kN/Bearing2_2,-1,validation
1323,2,RM_002_XJTU,37.5Hz11kN/Bearing2_2/53.csv,0,0,0,1,25600,XJTU/37.5Hz11kN/Bearing2_2,-1,validation
1324,2,RM_002_XJTU,37.5Hz11kN/Bearing2_2/54.csv,0,0,0,1,25600,XJTU/37.5Hz11kN/Bearing2_2,-1,validation
1325,2,RM_002_XJTU,37.5Hz11kN/Bearing2_2/55.csv,0,0,0,1,25600,XJTU/37.5Hz11kN/Bearing2_2,-1,validation
1326,2,RM_002_XJTU,37.5Hz11kN/Bearing2_2/56.csv,0,0,0,1,25600,XJTU/37.5Hz11kN/Bearing2_2,-1,validation
1327,2,RM_002_XJTU,37.5Hz11kN/Bearing2_2/57.csv,0,0,0,1,25600,XJTU/37.5Hz11kN/Bearing2_2,-1,validation
1328,2,RM_002_XJTU,37.5Hz11kN/Bearing2_2/58.csv,0,0,0,1,25600,XJTU/37.5Hz11kN/Bearing2_2,-1,validation
1329,2,RM_002_XJTU,37.5Hz11kN/Bearing2_2/59.csv,0,0,0,1,25600,XJTU/37.5Hz11kN/Bearing2_2,-1,validation
1330,2,RM_002_XJTU,37.5Hz11kN/Bearing2_2/60.csv,0,0,0,1,25600,XJTU/37.5Hz11kN/Bearing2_2,-1,validation
1331,2,RM_002_XJTU,37.5Hz11kN/Bearing2_2/61.csv,0,0,0,1,25600,XJTU/37.5Hz11kN/Bearing2_2,-1,validation
1332,2,RM_002_XJTU,37.5Hz11kN/Bearing2_2/62.csv,0,0,0,1,25600,XJTU/37.5Hz11kN/Bearing2_2,-1,validation
1333,2,RM_002_XJTU,37.5Hz11kN/Bearing2_2/63.csv,0,0,0,1,25600,XJTU/37.5Hz11kN/Bearing2_2,-1,validation
1334,2,RM_002_XJTU,37.5Hz11kN/Bearing2_2/64.csv,0,0,0,1,25600,XJTU/37.5Hz11kN/Bearing2_2,-1,validation
1335,2,RM_002_XJTU,37.5Hz11kN/Bearing2_2/65.csv,0,0,0,1,25600,XJTU/37.5Hz11kN/Bearing2_2,-1,validation
1336,2,RM_002_XJTU,37.5Hz11kN/Bearing2_2/66.csv,0,0,0,1,25600,XJTU/37.5Hz11kN/Bearing2_2,-1,validation
1337,2,RM_002_XJTU,37.5Hz11kN/Bearing2_2/67.csv,0,0,0,1,25600,XJTU/37.5Hz11kN/Bearing2_2,-1,validation
1338,2,RM_002_XJTU,37.5Hz11kN/Bearing2_2/68.csv,0,0,0,1,25600,XJTU/37.5Hz11kN/Bearing2_2,-1,validation
1339,2,RM_002_XJTU,37.5Hz11kN/Bearing2_2/69.csv,0,0,0,1,25600,XJTU/37.5Hz11kN/Bearing2_2,-1,validation
1340,2,RM_002_XJTU,37.5Hz11kN/Bearing2_2/70.csv,0,0,0,1,25600,XJTU/37.5Hz11kN/Bearing2_2,-1,validation
1341,2,RM_002_XJTU,37.5Hz11kN/Bearing2_2/71.csv,0,0,0,1,25600,XJTU/37.5Hz11kN/Bearing2_2,-1,validation
1342,2,RM_002_XJTU,37.5Hz11kN/Bearing2_2/72.csv,0,0,0,1,25600,XJTU/37.5Hz11kN/Bearing2_2,-1,validation
1343,2,RM_002_XJTU,37.5Hz11kN/Bearing2_2/73.csv,0,0,0,1,25600,XJTU/37.5Hz11kN/Bearing2_2,-1,validation
1344,2,RM_002_XJTU,37.5Hz11kN/Bearing2_2/74.csv,0,0,0,1,25600,XJTU/37.5Hz11kN/Bearing2_2,-1,validation
1345,2,RM_002_XJTU,37.5Hz11kN/Bearing2_2/75.csv,0,0,0,1,25600,XJTU/37.5Hz11kN/Bearing2_2,-1,validation
1346,2,RM_002_XJTU,37.5Hz11kN/Bearing2_2/76.csv,0,0,0,1,25600,XJTU/37.5Hz11kN/Bearing2_2,-1,validation
1347,2,RM_002_XJTU,37.5Hz11kN/Bearing2_2/77.csv,0,0,0,1,25600,XJTU/37.5Hz11kN/Bearing2_2,-1,validation
1348,2,RM_002_XJTU,37.5Hz11kN/Bearing2_2/78.csv,0,0,0,1,25600,XJTU/37.5Hz11kN/Bearing2_2,-1,validation
1349,2,RM_002_XJTU,37.5Hz11kN/Bearing2_2/79.csv,0,0,0,1,25600,XJTU/37.5Hz11kN/Bearing2_2,-1,validation
1350,2,RM_002_XJTU,37.5Hz11kN/Bearing2_2/80.csv,0,0,0,1,25600,XJTU/37.5Hz11kN/Bearing2_2,-1,validation
1351,2,RM_002_XJTU,37.5Hz11kN/Bearing2_2/81.csv,0,0,0,1,25600,XJTU/37.5Hz11kN/Bearing2_2,-1,validation
1416,2,RM_002_XJTU,37.5Hz11kN/Bearing2_2/146.csv,7,1,1,1,25600,XJTU/37.5Hz11kN/Bearing2_2,-1,validation
1417,2,RM_002_XJTU,37.5Hz11kN/Bearing2_2/147.csv,7,1,1,1,25600,XJTU/37.5Hz11kN/Bearing2_2,-1,validation
1418,2,RM_002_XJTU,37.5Hz11kN/Bearing2_2/148.csv,7,1,1,1,25600,XJTU/37.5Hz11kN/Bearing2_2,-1,validation
1419,2,RM_002_XJTU,37.5Hz11kN/Bearing2_2/149.csv,7,1,1,1,25600,XJTU/37.5Hz11kN/Bearing2_2,-1,validation
1420,2,RM_002_XJTU,37.5Hz11kN/Bearing2_2/150.csv,7,1,1,1,25600,XJTU/37.5Hz11kN/Bearing2_2,-1,validation
1421,2,RM_002_XJTU,37.5Hz11kN/Bearing2_2/151.csv,7,1,1,1,25600,XJTU/37.5Hz11kN/Bearing2_2,-1,validation
1422,2,RM_002_XJTU,37.5Hz11kN/Bearing2_2/152.csv,7,1,1,1,25600,XJTU/37.5Hz11kN/Bearing2_2,-1,validation
1423,2,RM_002_XJTU,37.5Hz11kN/Bearing2_2/153.csv,7,1,1,1,25600,XJTU/37.5Hz11kN/Bearing2_2,-1,validation
1424,2,RM_002_XJTU,37.5Hz11kN/Bearing2_2/154.csv,7,1,1,1,25600,XJTU/37.5Hz11kN/Bearing2_2,-1,validation
1425,2,RM_002_XJTU,37.5Hz11kN/Bearing2_2/155.csv,7,1,1,1,25600,XJTU/37.5Hz11kN/Bearing2_2,-1,validation
1426,2,RM_002_XJTU,37.5Hz11kN/Bearing2_2/156.csv,7,1,1,1,25600,XJTU/37.5Hz11kN/Bearing2_2,-1,validation
1427,2,RM_002_XJTU,37.5Hz11kN/Bearing2_2/157.csv,7,1,1,1,25600,XJTU/37.5Hz11kN/Bearing2_2,-1,validation
1428,2,RM_002_XJTU,37.5Hz11kN/Bearing2_2/158.csv,7,1,1,1,25600,XJTU/37.5Hz11kN/Bearing2_2,-1,validation
1429,2,RM_002_XJTU,37.5Hz11kN/Bearing2_2/159.csv,7,1,1,1,25600,XJTU/37.5Hz11kN/Bearing2_2,-1,validation
1430,2,RM_002_XJTU,37.5Hz11kN/Bearing2_2/160.csv,7,1,1,1,25600,XJTU/37.5Hz11kN/Bearing2_2,-1,validation
1431,2,RM_002_XJTU,37.5Hz11kN/Bearing2_2/161.csv,7,1,1,1,25600,XJTU/37.5Hz11kN/Bearing2_2,-1,validation
1432,2,RM_002_XJTU,37.5Hz11kN/Bearing2_3/1.csv,0,0,0,1,25600,XJTU/37.5Hz11kN/Bearing2_3,-1,validation
1433,2,RM_002_XJTU,37.5Hz11kN/Bearing2_3/2.csv,0,0,0,1,25600,XJTU/37.5Hz11kN/Bearing2_3,-1,validation
1434,2,RM_002_XJTU,37.5Hz11kN/Bearing2_3/3.csv,0,0,0,1,25600,XJTU/37.5Hz11kN/Bearing2_3,-1,validation
1435,2,RM_002_XJTU,37.5Hz11kN/Bearing2_3/4.csv,0,0,0,1,25600,XJTU/37.5Hz11kN/Bearing2_3,-1,validation
1436,2,RM_002_XJTU,37.5Hz11kN/Bearing2_3/5.csv,0,0,0,1,25600,XJTU/37.5Hz11kN/Bearing2_3,-1,validation
1437,2,RM_002_XJTU,37.5Hz11kN/Bearing2_3/6.csv,0,0,0,1,25600,XJTU/37.5Hz11kN/Bearing2_3,-1,validation
1438,2,RM_002_XJTU,37.5Hz11kN/Bearing2_3/7.csv,0,0,0,1,25600,XJTU/37.5Hz11kN/Bearing2_3,-1,validation
1439,2,RM_002_XJTU,37.5Hz11kN/Bearing2_3/8.csv,0,0,0,1,25600,XJTU/37.5Hz11kN/Bearing2_3,-1,validation
1440,2,RM_002_XJTU,37.5Hz11kN/Bearing2_3/9.csv,0,0,0,1,25600,XJTU/37.5Hz11kN/Bearing2_3,-1,validation
1441,2,RM_002_XJTU,37.5Hz11kN/Bearing2_3/10.csv,0,0,0,1,25600,XJTU/37.5Hz11kN/Bearing2_3,-1,validation
1442,2,RM_002_XJTU,37.5Hz11kN/Bearing2_3/11.csv,0,0,0,1,25600,XJTU/37.5Hz11kN/Bearing2_3,-1,validation
1443,2,RM_002_XJTU,37.5Hz11kN/Bearing2_3/12.csv,0,0,0,1,25600,XJTU/37.5Hz11kN/Bearing2_3,-1,validation
1444,2,RM_002_XJTU,37.5Hz11kN/Bearing2_3/13.csv,0,0,0,1,25600,XJTU/37.5Hz11kN/Bearing2_3,-1,validation
1445,2,RM_002_XJTU,37.5Hz11kN/Bearing2_3/14.csv,0,0,0,1,25600,XJTU/37.5Hz11kN/Bearing2_3,-1,validation
1446,2,RM_002_XJTU,37.5Hz11kN/Bearing2_3/15.csv,0,0,0,1,25600,XJTU/37.5Hz11kN/Bearing2_3,-1,validation
1447,2,RM_002_XJTU,37.5Hz11kN/Bearing2_3/16.csv,0,0,0,1,25600,XJTU/37.5Hz11kN/Bearing2_3,-1,validation
1448,2,RM_002_XJTU,37.5Hz11kN/Bearing2_3/17.csv,0,0,0,1,25600,XJTU/37.5Hz11kN/Bearing2_3,-1,validation
1449,2,RM_002_XJTU,37.5Hz11kN/Bearing2_3/18.csv,0,0,0,1,25600,XJTU/37.5Hz11kN/Bearing2_3,-1,validation
1450,2,RM_002_XJTU,37.5Hz11kN/Bearing2_3/19.csv,0,0,0,1,25600,XJTU/37.5Hz11kN/Bearing2_3,-1,validation
1451,2,RM_002_XJTU,37.5Hz11kN/Bearing2_3/20.csv,0,0,0,1,25600,XJTU/37.5Hz11kN/Bearing2_3,-1,validation
1452,2,RM_002_XJTU,37.5Hz11kN/Bearing2_3/21.csv,0,0,0,1,25600,XJTU/37.5Hz11kN/Bearing2_3,-1,validation
1453,2,RM_002_XJTU,37.5Hz11kN/Bearing2_3/22.csv,0,0,0,1,25600,XJTU/37.5Hz11kN/Bearing2_3,-1,validation
1454,2,RM_002_XJTU,37.5Hz11kN/Bearing2_3/23.csv,0,0,0,1,25600,XJTU/37.5Hz11kN/Bearing2_3,-1,validation
1455,2,RM_002_XJTU,37.5Hz11kN/Bearing2_3/24.csv,0,0,0,1,25600,XJTU/37.5Hz11kN/Bearing2_3,-1,validation
1456,2,RM_002_XJTU,37.5Hz11kN/Bearing2_3/25.csv,0,0,0,1,25600,XJTU/37.5Hz11kN/Bearing2_3,-1,validation
1457,2,RM_002_XJTU,37.5Hz11kN/Bearing2_3/26.csv,0,0,0,1,25600,XJTU/37.5Hz11kN/Bearing2_3,-1,validation
1458,2,RM_002_XJTU,37.5Hz11kN/Bearing2_3/27.csv,0,0,0,1,25600,XJTU/37.5Hz11kN/Bearing2_3,-1,validation
1459,2,RM_002_XJTU,37.5Hz11kN/Bearing2_3/28.csv,0,0,0,1,25600,XJTU/37.5Hz11kN/Bearing2_3,-1,validation
1460,2,RM_002_XJTU,37.5Hz11kN/Bearing2_3/29.csv,0,0,0,1,25600,XJTU/37.5Hz11kN/Bearing2_3,-1,validation
1461,2,RM_002_XJTU,37.5Hz11kN/Bearing2_3/30.csv,0,0,0,1,25600,XJTU/37.5Hz11kN/Bearing2_3,-1,validation
1462,2,RM_002_XJTU,37.5Hz11kN/Bearing2_3/31.csv,0,0,0,1,25600,XJTU/37.5Hz11kN/Bearing2_3,-1,validation
1463,2,RM_002_XJTU,37.5Hz11kN/Bearing2_3/32.csv,0,0,0,1,25600,XJTU/37.5Hz11kN/Bearing2_3,-1,validation
1464,2,RM_002_XJTU,37.5Hz11kN/Bearing2_3/33.csv,0,0,0,1,25600,XJTU/37.5Hz11kN/Bearing2_3,-1,validation
1465,2,RM_002_XJTU,37.5Hz11kN/Bearing2_3/34.csv,0,0,0,1,25600,XJTU/37.5Hz11kN/Bearing2_3,-1,validation
1466,2,RM_002_XJTU,37.5Hz11kN/Bearing2_3/35.csv,0,0,0,1,25600,XJTU/37.5Hz11kN/Bearing2_3,-1,validation
1467,2,RM_002_XJTU,37.5Hz11kN/Bearing2_3/36.csv,0,0,0,1,25600,XJTU/37.5Hz11kN/Bearing2_3,-1,validation
1468,2,RM_002_XJTU,37.5Hz11kN/Bearing2_3/37.csv,0,0,0,1,25600,XJTU/37.5Hz11kN/Bearing2_3,-1,validation
1469,2,RM_002_XJTU,37.5Hz11kN/Bearing2_3/38.csv,0,0,0,1,25600,XJTU/37.5Hz11kN/Bearing2_3,-1,validation
1470,2,RM_002_XJTU,37.5Hz11kN/Bearing2_3/39.csv,0,0,0,1,25600,XJTU/37.5Hz11kN/Bearing2_3,-1,validation
1471,2,RM_002_XJTU,37.5Hz11kN/Bearing2_3/40.csv,0,0,0,1,25600,XJTU/37.5Hz11kN/Bearing2_3,-1,validation
1472,2,RM_002_XJTU,37.5Hz11kN/Bearing2_3/41.csv,0,0,0,1,25600,XJTU/37.5Hz11kN/Bearing2_3,-1,validation
1473,2,RM_002_XJTU,37.5Hz11kN/Bearing2_3/42.csv,0,0,0,1,25600,XJTU/37.5Hz11kN/Bearing2_3,-1,validation
1474,2,RM_002_XJTU,37.5Hz11kN/Bearing2_3/43.csv,0,0,0,1,25600,XJTU/37.5Hz11kN/Bearing2_3,-1,validation
1475,2,RM_002_XJTU,37.5Hz11kN/Bearing2_3/44.csv,0,0,0,1,25600,XJTU/37.5Hz11kN/Bearing2_3,-1,validation
1476,2,RM_002_XJTU,37.5Hz11kN/Bearing2_3/45.csv,0,0,0,1,25600,XJTU/37.5Hz11kN/Bearing2_3,-1,validation
1477,2,RM_002_XJTU,37.5Hz11kN/Bearing2_3/46.csv,0,0,0,1,25600,XJTU/37.5Hz11kN/Bearing2_3,-1,validation
1478,2,RM_002_XJTU,37.5Hz11kN/Bearing2_3/47.csv,0,0,0,1,25600,XJTU/37.5Hz11kN/Bearing2_3,-1,validation
1479,2,RM_002_XJTU,37.5Hz11kN/Bearing2_3/48.csv,0,0,0,1,25600,XJTU/37.5Hz11kN/Bearing2_3,-1,validation
1480,2,RM_002_XJTU,37.5Hz11kN/Bearing2_3/49.csv,0,0,0,1,25600,XJTU/37.5Hz11kN/Bearing2_3,-1,validation
1481,2,RM_002_XJTU,37.5Hz11kN/Bearing2_3/50.csv,0,0,0,1,25600,XJTU/37.5Hz11kN/Bearing2_3,-1,validation
1482,2,RM_002_XJTU,37.5Hz11kN/Bearing2_3/51.csv,0,0,0,1,25600,XJTU/37.5Hz11kN/Bearing2_3,-1,validation
1483,2,RM_002_XJTU,37.5Hz11kN/Bearing2_3/52.csv,0,0,0,1,25600,XJTU/37.5Hz11kN/Bearing2_3,-1,validation
1484,2,RM_002_XJTU,37.5Hz11kN/Bearing2_3/53.csv,0,0,0,1,25600,XJTU/37.5Hz11kN/Bearing2_3,-1,validation
1485,2,RM_002_XJTU,37.5Hz11kN/Bearing2_3/54.csv,0,0,0,1,25600,XJTU/37.5Hz11kN/Bearing2_3,-1,validation
1486,2,RM_002_XJTU,37.5Hz11kN/Bearing2_3/55.csv,0,0,0,1,25600,XJTU/37.5Hz11kN/Bearing2_3,-1,validation
1487,2,RM_002_XJTU,37.5Hz11kN/Bearing2_3/56.csv,0,0,0,1,25600,XJTU/37.5Hz11kN/Bearing2_3,-1,validation
1488,2,RM_002_XJTU,37.5Hz11kN/Bearing2_3/57.csv,0,0,0,1,25600,XJTU/37.5Hz11kN/Bearing2_3,-1,validation
1489,2,RM_002_XJTU,37.5Hz11kN/Bearing2_3/58.csv,0,0,0,1,25600,XJTU/37.5Hz11kN/Bearing2_3,-1,validation
1490,2,RM_002_XJTU,37.5Hz11kN/Bearing2_3/59.csv,0,0,0,1,25600,XJTU/37.5Hz11kN/Bearing2_3,-1,validation
1491,2,RM_002_XJTU,37.5Hz11kN/Bearing2_3/60.csv,0,0,0,1,25600,XJTU/37.5Hz11kN/Bearing2_3,-1,validation
1492,2,RM_002_XJTU,37.5Hz11kN/Bearing2_3/61.csv,0,0,0,1,25600,XJTU/37.5Hz11kN/Bearing2_3,-1,validation
1493,2,RM_002_XJTU,37.5Hz11kN/Bearing2_3/62.csv,0,0,0,1,25600,XJTU/37.5Hz11kN/Bearing2_3,-1,validation
1494,2,RM_002_XJTU,37.5Hz11kN/Bearing2_3/63.csv,0,0,0,1,25600,XJTU/37.5Hz11kN/Bearing2_3,-1,validation
1495,2,RM_002_XJTU,37.5Hz11kN/Bearing2_3/64.csv,0,0,0,1,25600,XJTU/37.5Hz11kN/Bearing2_3,-1,validation
1496,2,RM_002_XJTU,37.5Hz11kN/Bearing2_3/65.csv,0,0,0,1,25600,XJTU/37.5Hz11kN/Bearing2_3,-1,validation
1497,2,RM_002_XJTU,37.5Hz11kN/Bearing2_3/66.csv,0,0,0,1,25600,XJTU/37.5Hz11kN/Bearing2_3,-1,validation
1498,2,RM_002_XJTU,37.5Hz11kN/Bearing2_3/67.csv,0,0,0,1,25600,XJTU/37.5Hz11kN/Bearing2_3,-1,validation
1499,2,RM_002_XJTU,37.5Hz11kN/Bearing2_3/68.csv,0,0,0,1,25600,XJTU/37.5Hz11kN/Bearing2_3,-1,validation
1500,2,RM_002_XJTU,37.5Hz11kN/Bearing2_3/69.csv,0,0,0,1,25600,XJTU/37.5Hz11kN/Bearing2_3,-1,validation
1501,2,RM_002_XJTU,37.5Hz11kN/Bearing2_3/70.csv,0,0,0,1,25600,XJTU/37.5Hz11kN/Bearing2_3,-1,validation
1502,2,RM_002_XJTU,37.5Hz11kN/Bearing2_3/71.csv,0,0,0,1,25600,XJTU/37.5Hz11kN/Bearing2_3,-1,validation
1503,2,RM_002_XJTU,37.5Hz11kN/Bearing2_3/72.csv,0,0,0,1,25600,XJTU/37.5Hz11kN/Bearing2_3,-1,validation
1504,2,RM_002_XJTU,37.5Hz11kN/Bearing2_3/73.csv,0,0,0,1,25600,XJTU/37.5Hz11kN/Bearing2_3,-1,validation
1505,2,RM_002_XJTU,37.5Hz11kN/Bearing2_3/74.csv,0,0,0,1,25600,XJTU/37.5Hz11kN/Bearing2_3,-1,validation
1506,2,RM_002_XJTU,37.5Hz11kN/Bearing2_3/75.csv,0,0,0,1,25600,XJTU/37.5Hz11kN/Bearing2_3,-1,validation
1507,2,RM_002_XJTU,37.5Hz11kN/Bearing2_3/76.csv,0,0,0,1,25600,XJTU/37.5Hz11kN/Bearing2_3,-1,validation
1508,2,RM_002_XJTU,37.5Hz11kN/Bearing2_3/77.csv,0,0,0,1,25600,XJTU/37.5Hz11kN/Bearing2_3,-1,validation
1509,2,RM_002_XJTU,37.5Hz11kN/Bearing2_3/78.csv,0,0,0,1,25600,XJTU/37.5Hz11kN/Bearing2_3,-1,validation
1510,2,RM_002_XJTU,37.5Hz11kN/Bearing2_3/79.csv,0,0,0,1,25600,XJTU/37.5Hz11kN/Bearing2_3,-1,validation
1511,2,RM_002_XJTU,37.5Hz11kN/Bearing2_3/80.csv,0,0,0,1,25600,XJTU/37.5Hz11kN/Bearing2_3,-1,validation
1512,2,RM_002_XJTU,37.5Hz11kN/Bearing2_3/81.csv,0,0,0,1,25600,XJTU/37.5Hz11kN/Bearing2_3,-1,validation
1513,2,RM_002_XJTU,37.5Hz11kN/Bearing2_3/82.csv,0,0,0,1,25600,XJTU/37.5Hz11kN/Bearing2_3,-1,validation
1514,2,RM_002_XJTU,37.5Hz11kN/Bearing2_3/83.csv,0,0,0,1,25600,XJTU/37.5Hz11kN/Bearing2_3,-1,validation
1515,2,RM_002_XJTU,37.5Hz11kN/Bearing2_3/84.csv,0,0,0,1,25600,XJTU/37.5Hz11kN/Bearing2_3,-1,validation
1516,2,RM_002_XJTU,37.5Hz11kN/Bearing2_3/85.csv,0,0,0,1,25600,XJTU/37.5Hz11kN/Bearing2_3,-1,validation
1517,2,RM_002_XJTU,37.5Hz11kN/Bearing2_3/86.csv,0,0,0,1,25600,XJTU/37.5Hz11kN/Bearing2_3,-1,validation
1518,2,RM_002_XJTU,37.5Hz11kN/Bearing2_3/87.csv,0,0,0,1,25600,XJTU/37.5Hz11kN/Bearing2_3,-1,validation
1519,2,RM_002_XJTU,37.5Hz11kN/Bearing2_3/88.csv,0,0,0,1,25600,XJTU/37.5Hz11kN/Bearing2_3,-1,validation
1520,2,RM_002_XJTU,37.5Hz11kN/Bearing2_3/89.csv,0,0,0,1,25600,XJTU/37.5Hz11kN/Bearing2_3,-1,validation
1521,2,RM_002_XJTU,37.5Hz11kN/Bearing2_3/90.csv,0,0,0,1,25600,XJTU/37.5Hz11kN/Bearing2_3,-1,validation
1522,2,RM_002_XJTU,37.5Hz11kN/Bearing2_3/91.csv,0,0,0,1,25600,XJTU/37.5Hz11kN/Bearing2_3,-1,validation
1523,2,RM_002_XJTU,37.5Hz11kN/Bearing2_3/92.csv,0,0,0,1,25600,XJTU/37.5Hz11kN/Bearing2_3,-1,validation
1524,2,RM_002_XJTU,37.5Hz11kN/Bearing2_3/93.csv,0,0,0,1,25600,XJTU/37.5Hz11kN/Bearing2_3,-1,validation
1525,2,RM_002_XJTU,37.5Hz11kN/Bearing2_3/94.csv,0,0,0,1,25600,XJTU/37.5Hz11kN/Bearing2_3,-1,validation
1526,2,RM_002_XJTU,37.5Hz11kN/Bearing2_3/95.csv,0,0,0,1,25600,XJTU/37.5Hz11kN/Bearing2_3,-1,validation
1527,2,RM_002_XJTU,37.5Hz11kN/Bearing2_3/96.csv,0,0,0,1,25600,XJTU/37.5Hz11kN/Bearing2_3,-1,validation
1528,2,RM_002_XJTU,37.5Hz11kN/Bearing2_3/97.csv,0,0,0,1,25600,XJTU/37.5Hz11kN/Bearing2_3,-1,validation
1529,2,RM_002_XJTU,37.5Hz11kN/Bearing2_3/98.csv,0,0,0,1,25600,XJTU/37.5Hz11kN/Bearing2_3,-1,validation
1530,2,RM_002_XJTU,37.5Hz11kN/Bearing2_3/99.csv,0,0,0,1,25600,XJTU/37.5Hz11kN/Bearing2_3,-1,validation
1531,2,RM_002_XJTU,37.5Hz11kN/Bearing2_3/100.csv,0,0,0,1,25600,XJTU/37.5Hz11kN/Bearing2_3,-1,validation
1532,2,RM_002_XJTU,37.5Hz11kN/Bearing2_3/101.csv,0,0,0,1,25600,XJTU/37.5Hz11kN/Bearing2_3,-1,validation
1533,2,RM_002_XJTU,37.5Hz11kN/Bearing2_3/102.csv,0,0,0,1,25600,XJTU/37.5Hz11kN/Bearing2_3,-1,validation
1534,2,RM_002_XJTU,37.5Hz11kN/Bearing2_3/103.csv,0,0,0,1,25600,XJTU/37.5Hz11kN/Bearing2_3,-1,validation
1535,2,RM_002_XJTU,37.5Hz11kN/Bearing2_3/104.csv,0,0,0,1,25600,XJTU/37.5Hz11kN/Bearing2_3,-1,validation
1536,2,RM_002_XJTU,37.5Hz11kN/Bearing2_3/105.csv,0,0,0,1,25600,XJTU/37.5Hz11kN/Bearing2_3,-1,validation
1537,2,RM_002_XJTU,37.5Hz11kN/Bearing2_3/106.csv,0,0,0,1,25600,XJTU/37.5Hz11kN/Bearing2_3,-1,validation
1538,2,RM_002_XJTU,37.5Hz11kN/Bearing2_3/107.csv,0,0,0,1,25600,XJTU/37.5Hz11kN/Bearing2_3,-1,validation
1539,2,RM_002_XJTU,37.5Hz11kN/Bearing2_3/108.csv,0,0,0,1,25600,XJTU/37.5Hz11kN/Bearing2_3,-1,validation
1540,2,RM_002_XJTU,37.5Hz11kN/Bearing2_3/109.csv,0,0,0,1,25600,XJTU/37.5Hz11kN/Bearing2_3,-1,validation
1541,2,RM_002_XJTU,37.5Hz11kN/Bearing2_3/110.csv,0,0,0,1,25600,XJTU/37.5Hz11kN/Bearing2_3,-1,validation
1542,2,RM_002_XJTU,37.5Hz11kN/Bearing2_3/111.csv,0,0,0,1,25600,XJTU/37.5Hz11kN/Bearing2_3,-1,validation
1543,2,RM_002_XJTU,37.5Hz11kN/Bearing2_3/112.csv,0,0,0,1,25600,XJTU/37.5Hz11kN/Bearing2_3,-1,validation
1544,2,RM_002_XJTU,37.5Hz11kN/Bearing2_3/113.csv,0,0,0,1,25600,XJTU/37.5Hz11kN/Bearing2_3,-1,validation
1545,2,RM_002_XJTU,37.5Hz11kN/Bearing2_3/114.csv,0,0,0,1,25600,XJTU/37.5Hz11kN/Bearing2_3,-1,validation
1546,2,RM_002_XJTU,37.5Hz11kN/Bearing2_3/115.csv,0,0,0,1,25600,XJTU/37.5Hz11kN/Bearing2_3,-1,validation
1547,2,RM_002_XJTU,37.5Hz11kN/Bearing2_3/116.csv,0,0,0,1,25600,XJTU/37.5Hz11kN/Bearing2_3,-1,validation
1548,2,RM_002_XJTU,37.5Hz11kN/Bearing2_3/117.csv,0,0,0,1,25600,XJTU/37.5Hz11kN/Bearing2_3,-1,validation
1549,2,RM_002_XJTU,37.5Hz11kN/Bearing2_3/118.csv,0,0,0,1,25600,XJTU/37.5Hz11kN/Bearing2_3,-1,validation
1550,2,RM_002_XJTU,37.5Hz11kN/Bearing2_3/119.csv,0,0,0,1,25600,XJTU/37.5Hz11kN/Bearing2_3,-1,validation
1551,2,RM_002_XJTU,37.5Hz11kN/Bearing2_3/120.csv,0,0,0,1,25600,XJTU/37.5Hz11kN/Bearing2_3,-1,validation
1552,2,RM_002_XJTU,37.5Hz11kN/Bearing2_3/121.csv,0,0,0,1,25600,XJTU/37.5Hz11kN/Bearing2_3,-1,validation
1553,2,RM_002_XJTU,37.5Hz11kN/Bearing2_3/122.csv,0,0,0,1,25600,XJTU/37.5Hz11kN/Bearing2_3,-1,validation
1554,2,RM_002_XJTU,37.5Hz11kN/Bearing2_3/123.csv,0,0,0,1,25600,XJTU/37.5Hz11kN/Bearing2_3,-1,validation
1555,2,RM_002_XJTU,37.5Hz11kN/Bearing2_3/124.csv,0,0,0,1,25600,XJTU/37.5Hz11kN/Bearing2_3,-1,validation
1556,2,RM_002_XJTU,37.5Hz11kN/Bearing2_3/125.csv,0,0,0,1,25600,XJTU/37.5Hz11kN/Bearing2_3,-1,validation
1557,2,RM_002_XJTU,37.5Hz11kN/Bearing2_3/126.csv,0,0,0,1,25600,XJTU/37.5Hz11kN/Bearing2_3,-1,validation
1558,2,RM_002_XJTU,37.5Hz11kN/Bearing2_3/127.csv,0,0,0,1,25600,XJTU/37.5Hz11kN/Bearing2_3,-1,validation
1559,2,RM_002_XJTU,37.5Hz11kN/Bearing2_3/128.csv,0,0,0,1,25600,XJTU/37.5Hz11kN/Bearing2_3,-1,validation
1560,2,RM_002_XJTU,37.5Hz11kN/Bearing2_3/129.csv,0,0,0,1,25600,XJTU/37.5Hz11kN/Bearing2_3,-1,validation
1561,2,RM_002_XJTU,37.5Hz11kN/Bearing2_3/130.csv,0,0,0,1,25600,XJTU/37.5Hz11kN/Bearing2_3,-1,validation
1562,2,RM_002_XJTU,37.5Hz11kN/Bearing2_3/131.csv,0,0,0,1,25600,XJTU/37.5Hz11kN/Bearing2_3,-1,validation
1563,2,RM_002_XJTU,37.5Hz11kN/Bearing2_3/132.csv,0,0,0,1,25600,XJTU/37.5Hz11kN/Bearing2_3,-1,validation
1564,2,RM_002_XJTU,37.5Hz11kN/Bearing2_3/133.csv,0,0,0,1,25600,XJTU/37.5Hz11kN/Bearing2_3,-1,validation
1565,2,RM_002_XJTU,37.5Hz11kN/Bearing2_3/134.csv,0,0,0,1,25600,XJTU/37.5Hz11kN/Bearing2_3,-1,validation
1566,2,RM_002_XJTU,37.5Hz11kN/Bearing2_3/135.csv,0,0,0,1,25600,XJTU/37.5Hz11kN/Bearing2_3,-1,validation
1567,2,RM_002_XJTU,37.5Hz11kN/Bearing2_3/136.csv,0,0,0,1,25600,XJTU/37.5Hz11kN/Bearing2_3,-1,validation
1568,2,RM_002_XJTU,37.5Hz11kN/Bearing2_3/137.csv,0,0,0,1,25600,XJTU/37.5Hz11kN/Bearing2_3,-1,validation
1569,2,RM_002_XJTU,37.5Hz11kN/Bearing2_3/138.csv,0,0,0,1,25600,XJTU/37.5Hz11kN/Bearing2_3,-1,validation
1570,2,RM_002_XJTU,37.5Hz11kN/Bearing2_3/139.csv,0,0,0,1,25600,XJTU/37.5Hz11kN/Bearing2_3,-1,validation
1571,2,RM_002_XJTU,37.5Hz11kN/Bearing2_3/140.csv,0,0,0,1,25600,XJTU/37.5Hz11kN/Bearing2_3,-1,validation
1572,2,RM_002_XJTU,37.5Hz11kN/Bearing2_3/141.csv,0,0,0,1,25600,XJTU/37.5Hz11kN/Bearing2_3,-1,validation
1573,2,RM_002_XJTU,37.5Hz11kN/Bearing2_3/142.csv,0,0,0,1,25600,XJTU/37.5Hz11kN/Bearing2_3,-1,validation
1574,2,RM_002_XJTU,37.5Hz11kN/Bearing2_3/143.csv,0,0,0,1,25600,XJTU/37.5Hz11kN/Bearing2_3,-1,validation
1575,2,RM_002_XJTU,37.5Hz11kN/Bearing2_3/144.csv,0,0,0,1,25600,XJTU/37.5Hz11kN/Bearing2_3,-1,validation
1576,2,RM_002_XJTU,37.5Hz11kN/Bearing2_3/145.csv,0,0,0,1,25600,XJTU/37.5Hz11kN/Bearing2_3,-1,validation
1577,2,RM_002_XJTU,37.5Hz11kN/Bearing2_3/146.csv,0,0,0,1,25600,XJTU/37.5Hz11kN/Bearing2_3,-1,validation
1578,2,RM_002_XJTU,37.5Hz11kN/Bearing2_3/147.csv,0,0,0,1,25600,XJTU/37.5Hz11kN/Bearing2_3,-1,validation
1579,2,RM_002_XJTU,37.5Hz11kN/Bearing2_3/148.csv,0,0,0,1,25600,XJTU/37.5Hz11kN/Bearing2_3,-1,validation
1580,2,RM_002_XJTU,37.5Hz11kN/Bearing2_3/149.csv,0,0,0,1,25600,XJTU/37.5Hz11kN/Bearing2_3,-1,validation
1581,2,RM_002_XJTU,37.5Hz11kN/Bearing2_3/150.csv,0,0,0,1,25600,XJTU/37.5Hz11kN/Bearing2_3,-1,validation
1582,2,RM_002_XJTU,37.5Hz11kN/Bearing2_3/151.csv,0,0,0,1,25600,XJTU/37.5Hz11kN/Bearing2_3,-1,validation
1583,2,RM_002_XJTU,37.5Hz11kN/Bearing2_3/152.csv,0,0,0,1,25600,XJTU/37.5Hz11kN/Bearing2_3,-1,validation
1584,2,RM_002_XJTU,37.5Hz11kN/Bearing2_3/153.csv,0,0,0,1,25600,XJTU/37.5Hz11kN/Bearing2_3,-1,validation
1585,2,RM_002_XJTU,37.5Hz11kN/Bearing2_3/154.csv,0,0,0,1,25600,XJTU/37.5Hz11kN/Bearing2_3,-1,validation
1586,2,RM_002_XJTU,37.5Hz11kN/Bearing2_3/155.csv,0,0,0,1,25600,XJTU/37.5Hz11kN/Bearing2_3,-1,validation
1587,2,RM_002_XJTU,37.5Hz11kN/Bearing2_3/156.csv,0,0,0,1,25600,XJTU/37.5Hz11kN/Bearing2_3,-1,validation
1588,2,RM_002_XJTU,37.5Hz11kN/Bearing2_3/157.csv,0,0,0,1,25600,XJTU/37.5Hz11kN/Bearing2_3,-1,validation
1589,2,RM_002_XJTU,37.5Hz11kN/Bearing2_3/158.csv,0,0,0,1,25600,XJTU/37.5Hz11kN/Bearing2_3,-1,validation
1590,2,RM_002_XJTU,37.5Hz11kN/Bearing2_3/159.csv,0,0,0,1,25600,XJTU/37.5Hz11kN/Bearing2_3,-1,validation
1591,2,RM_002_XJTU,37.5Hz11kN/Bearing2_3/160.csv,0,0,0,1,25600,XJTU/37.5Hz11kN/Bearing2_3,-1,validation
1592,2,RM_002_XJTU,37.5Hz11kN/Bearing2_3/161.csv,0,0,0,1,25600,XJTU/37.5Hz11kN/Bearing2_3,-1,validation
1593,2,RM_002_XJTU,37.5Hz11kN/Bearing2_3/162.csv,0,0,0,1,25600,XJTU/37.5Hz11kN/Bearing2_3,-1,validation
1594,2,RM_002_XJTU,37.5Hz11kN/Bearing2_3/163.csv,0,0,0,1,25600,XJTU/37.5Hz11kN/Bearing2_3,-1,validation
1595,2,RM_002_XJTU,37.5Hz11kN/Bearing2_3/164.csv,0,0,0,1,25600,XJTU/37.5Hz11kN/Bearing2_3,-1,validation
1596,2,RM_002_XJTU,37.5Hz11kN/Bearing2_3/165.csv,0,0,0,1,25600,XJTU/37.5Hz11kN/Bearing2_3,-1,validation
1597,2,RM_002_XJTU,37.5Hz11kN/Bearing2_3/166.csv,0,0,0,1,25600,XJTU/37.5Hz11kN/Bearing2_3,-1,validation
1598,2,RM_002_XJTU,37.5Hz11kN/Bearing2_3/167.csv,0,0,0,1,25600,XJTU/37.5Hz11kN/Bearing2_3,-1,validation
1599,2,RM_002_XJTU,37.5Hz11kN/Bearing2_3/168.csv,0,0,0,1,25600,XJTU/37.5Hz11kN/Bearing2_3,-1,validation
1600,2,RM_002_XJTU,37.5Hz11kN/Bearing2_3/169.csv,0,0,0,1,25600,XJTU/37.5Hz11kN/Bearing2_3,-1,validation
1601,2,RM_002_XJTU,37.5Hz11kN/Bearing2_3/170.csv,0,0,0,1,25600,XJTU/37.5Hz11kN/Bearing2_3,-1,validation
1602,2,RM_002_XJTU,37.5Hz11kN/Bearing2_3/171.csv,0,0,0,1,25600,XJTU/37.5Hz11kN/Bearing2_3,-1,validation
1603,2,RM_002_XJTU,37.5Hz11kN/Bearing2_3/172.csv,0,0,0,1,25600,XJTU/37.5Hz11kN/Bearing2_3,-1,validation
1604,2,RM_002_XJTU,37.5Hz11kN/Bearing2_3/173.csv,0,0,0,1,25600,XJTU/37.5Hz11kN/Bearing2_3,-1,validation
1605,2,RM_002_XJTU,37.5Hz11kN/Bearing2_3/174.csv,0,0,0,1,25600,XJTU/37.5Hz11kN/Bearing2_3,-1,validation
1606,2,RM_002_XJTU,37.5Hz11kN/Bearing2_3/175.csv,0,0,0,1,25600,XJTU/37.5Hz11kN/Bearing2_3,-1,validation
1607,2,RM_002_XJTU,37.5Hz11kN/Bearing2_3/176.csv,0,0,0,1,25600,XJTU/37.5Hz11kN/Bearing2_3,-1,validation
1608,2,RM_002_XJTU,37.5Hz11kN/Bearing2_3/177.csv,0,0,0,1,25600,XJTU/37.5Hz11kN/Bearing2_3,-1,validation
1609,2,RM_002_XJTU,37.5Hz11kN/Bearing2_3/178.csv,0,0,0,1,25600,XJTU/37.5Hz11kN/Bearing2_3,-1,validation
1610,2,RM_002_XJTU,37.5Hz11kN/Bearing2_3/179.csv,0,0,0,1,25600,XJTU/37.5Hz11kN/Bearing2_3,-1,validation
1611,2,RM_002_XJTU,37.5Hz11kN/Bearing2_3/180.csv,0,0,0,1,25600,XJTU/37.5Hz11kN/Bearing2_3,-1,validation
1612,2,RM_002_XJTU,37.5Hz11kN/Bearing2_3/181.csv,0,0,0,1,25600,XJTU/37.5Hz11kN/Bearing2_3,-1,validation
1613,2,RM_002_XJTU,37.5Hz11kN/Bearing2_3/182.csv,0,0,0,1,25600,XJTU/37.5Hz11kN/Bearing2_3,-1,validation
1614,2,RM_002_XJTU,37.5Hz11kN/Bearing2_3/183.csv,0,0,0,1,25600,XJTU/37.5Hz11kN/Bearing2_3,-1,validation
1615,2,RM_002_XJTU,37.5Hz11kN/Bearing2_3/184.csv,0,0,0,1,25600,XJTU/37.5Hz11kN/Bearing2_3,-1,validation
1616,2,RM_002_XJTU,37.5Hz11kN/Bearing2_3/185.csv,0,0,0,1,25600,XJTU/37.5Hz11kN/Bearing2_3,-1,validation
1617,2,RM_002_XJTU,37.5Hz11kN/Bearing2_3/186.csv,0,0,0,1,25600,XJTU/37.5Hz11kN/Bearing2_3,-1,validation
1618,2,RM_002_XJTU,37.5Hz11kN/Bearing2_3/187.csv,0,0,0,1,25600,XJTU/37.5Hz11kN/Bearing2_3,-1,validation
1619,2,RM_002_XJTU,37.5Hz11kN/Bearing2_3/188.csv,0,0,0,1,25600,XJTU/37.5Hz11kN/Bearing2_3,-1,validation
1620,2,RM_002_XJTU,37.5Hz11kN/Bearing2_3/189.csv,0,0,0,1,25600,XJTU/37.5Hz11kN/Bearing2_3,-1,validation
1621,2,RM_002_XJTU,37.5Hz11kN/Bearing2_3/190.csv,0,0,0,1,25600,XJTU/37.5Hz11kN/Bearing2_3,-1,validation
1622,2,RM_002_XJTU,37.5Hz11kN/Bearing2_3/191.csv,0,0,0,1,25600,XJTU/37.5Hz11kN/Bearing2_3,-1,validation
1623,2,RM_002_XJTU,37.5Hz11kN/Bearing2_3/192.csv,0,0,0,1,25600,XJTU/37.5Hz11kN/Bearing2_3,-1,validation
1624,2,RM_002_XJTU,37.5Hz11kN/Bearing2_3/193.csv,0,0,0,1,25600,XJTU/37.5Hz11kN/Bearing2_3,-1,validation
1625,2,RM_002_XJTU,37.5Hz11kN/Bearing2_3/194.csv,0,0,0,1,25600,XJTU/37.5Hz11kN/Bearing2_3,-1,validation
1626,2,RM_002_XJTU,37.5Hz11kN/Bearing2_3/195.csv,0,0,0,1,25600,XJTU/37.5Hz11kN/Bearing2_3,-1,validation
1627,2,RM_002_XJTU,37.5Hz11kN/Bearing2_3/196.csv,0,0,0,1,25600,XJTU/37.5Hz11kN/Bearing2_3,-1,validation
1628,2,RM_002_XJTU,37.5Hz11kN/Bearing2_3/197.csv,0,0,0,1,25600,XJTU/37.5Hz11kN/Bearing2_3,-1,validation
1629,2,RM_002_XJTU,37.5Hz11kN/Bearing2_3/198.csv,0,0,0,1,25600,XJTU/37.5Hz11kN/Bearing2_3,-1,validation
1630,2,RM_002_XJTU,37.5Hz11kN/Bearing2_3/199.csv,0,0,0,1,25600,XJTU/37.5Hz11kN/Bearing2_3,-1,validation
1631,2,RM_002_XJTU,37.5Hz11kN/Bearing2_3/200.csv,0,0,0,1,25600,XJTU/37.5Hz11kN/Bearing2_3,-1,validation
1632,2,RM_002_XJTU,37.5Hz11kN/Bearing2_3/201.csv,0,0,0,1,25600,XJTU/37.5Hz11kN/Bearing2_3,-1,validation
1633,2,RM_002_XJTU,37.5Hz11kN/Bearing2_3/202.csv,0,0,0,1,25600,XJTU/37.5Hz11kN/Bearing2_3,-1,validation
1634,2,RM_002_XJTU,37.5Hz11kN/Bearing2_3/203.csv,0,0,0,1,25600,XJTU/37.5Hz11kN/Bearing2_3,-1,validation
1635,2,RM_002_XJTU,37.5Hz11kN/Bearing2_3/204.csv,0,0,0,1,25600,XJTU/37.5Hz11kN/Bearing2_3,-1,validation
1636,2,RM_002_XJTU,37.5Hz11kN/Bearing2_3/205.csv,0,0,0,1,25600,XJTU/37.5Hz11kN/Bearing2_3,-1,validation
1637,2,RM_002_XJTU,37.5Hz11kN/Bearing2_3/206.csv,0,0,0,1,25600,XJTU/37.5Hz11kN/Bearing2_3,-1,validation
1638,2,RM_002_XJTU,37.5Hz11kN/Bearing2_3/207.csv,0,0,0,1,25600,XJTU/37.5Hz11kN/Bearing2_3,-1,validation
1639,2,RM_002_XJTU,37.5Hz11kN/Bearing2_3/208.csv,0,0,0,1,25600,XJTU/37.5Hz11kN/Bearing2_3,-1,validation
1640,2,RM_002_XJTU,37.5Hz11kN/Bearing2_3/209.csv,0,0,0,1,25600,XJTU/37.5Hz11kN/Bearing2_3,-1,validation
1641,2,RM_002_XJTU,37.5Hz11kN/Bearing2_3/210.csv,0,0,0,1,25600,XJTU/37.5Hz11kN/Bearing2_3,-1,validation
1642,2,RM_002_XJTU,37.5Hz11kN/Bearing2_3/211.csv,0,0,0,1,25600,XJTU/37.5Hz11kN/Bearing2_3,-1,validation
1643,2,RM_002_XJTU,37.5Hz11kN/Bearing2_3/212.csv,0,0,0,1,25600,XJTU/37.5Hz11kN/Bearing2_3,-1,validation
1644,2,RM_002_XJTU,37.5Hz11kN/Bearing2_3/213.csv,0,0,0,1,25600,XJTU/37.5Hz11kN/Bearing2_3,-1,validation
1645,2,RM_002_XJTU,37.5Hz11kN/Bearing2_3/214.csv,0,0,0,1,25600,XJTU/37.5Hz11kN/Bearing2_3,-1,validation
1646,2,RM_002_XJTU,37.5Hz11kN/Bearing2_3/215.csv,0,0,0,1,25600,XJTU/37.5Hz11kN/Bearing2_3,-1,validation
1647,2,RM_002_XJTU,37.5Hz11kN/Bearing2_3/216.csv,0,0,0,1,25600,XJTU/37.5Hz11kN/Bearing2_3,-1,validation
1648,2,RM_002_XJTU,37.5Hz11kN/Bearing2_3/217.csv,0,0,0,1,25600,XJTU/37.5Hz11kN/Bearing2_3,-1,validation
1649,2,RM_002_XJTU,37.5Hz11kN/Bearing2_3/218.csv,0,0,0,1,25600,XJTU/37.5Hz11kN/Bearing2_3,-1,validation
1650,2,RM_002_XJTU,37.5Hz11kN/Bearing2_3/219.csv,0,0,0,1,25600,XJTU/37.5Hz11kN/Bearing2_3,-1,validation
1651,2,RM_002_XJTU,37.5Hz11kN/Bearing2_3/220.csv,0,0,0,1,25600,XJTU/37.5Hz11kN/Bearing2_3,-1,validation
1652,2,RM_002_XJTU,37.5Hz11kN/Bearing2_3/221.csv,0,0,0,1,25600,XJTU/37.5Hz11kN/Bearing2_3,-1,validation
1653,2,RM_002_XJTU,37.5Hz11kN/Bearing2_3/222.csv,0,0,0,1,25600,XJTU/37.5Hz11kN/Bearing2_3,-1,validation
1654,2,RM_002_XJTU,37.5Hz11kN/Bearing2_3/223.csv,0,0,0,1,25600,XJTU/37.5Hz11kN/Bearing2_3,-1,validation
1655,2,RM_002_XJTU,37.5Hz11kN/Bearing2_3/224.csv,0,0,0,1,25600,XJTU/37.5Hz11kN/Bearing2_3,-1,validation
1656,2,RM_002_XJTU,37.5Hz11kN/Bearing2_3/225.csv,0,0,0,1,25600,XJTU/37.5Hz11kN/Bearing2_3,-1,validation
1657,2,RM_002_XJTU,37.5Hz11kN/Bearing2_3/226.csv,0,0,0,1,25600,XJTU/37.5Hz11kN/Bearing2_3,-1,validation
1658,2,RM_002_XJTU,37.5Hz11kN/Bearing2_3/227.csv,0,0,0,1,25600,XJTU/37.5Hz11kN/Bearing2_3,-1,validation
1659,2,RM_002_XJTU,37.5Hz11kN/Bearing2_3/228.csv,0,0,0,1,25600,XJTU/37.5Hz11kN/Bearing2_3,-1,validation
1660,2,RM_002_XJTU,37.5Hz11kN/Bearing2_3/229.csv,0,0,0,1,25600,XJTU/37.5Hz11kN/Bearing2_3,-1,validation
1661,2,RM_002_XJTU,37.5Hz11kN/Bearing2_3/230.csv,0,0,0,1,25600,XJTU/37.5Hz11kN/Bearing2_3,-1,validation
1662,2,RM_002_XJTU,37.5Hz11kN/Bearing2_3/231.csv,0,0,0,1,25600,XJTU/37.5Hz11kN/Bearing2_3,-1,validation
1663,2,RM_002_XJTU,37.5Hz11kN/Bearing2_3/232.csv,0,0,0,1,25600,XJTU/37.5Hz11kN/Bearing2_3,-1,validation
1664,2,RM_002_XJTU,37.5Hz11kN/Bearing2_3/233.csv,0,0,0,1,25600,XJTU/37.5Hz11kN/Bearing2_3,-1,validation
1665,2,RM_002_XJTU,37.5Hz11kN/Bearing2_3/234.csv,0,0,0,1,25600,XJTU/37.5Hz11kN/Bearing2_3,-1,validation
1666,2,RM_002_XJTU,37.5Hz11kN/Bearing2_3/235.csv,0,0,0,1,25600,XJTU/37.5Hz11kN/Bearing2_3,-1,validation
1667,2,RM_002_XJTU,37.5Hz11kN/Bearing2_3/236.csv,0,0,0,1,25600,XJTU/37.5Hz11kN/Bearing2_3,-1,validation
1668,2,RM_002_XJTU,37.5Hz11kN/Bearing2_3/237.csv,0,0,0,1,25600,XJTU/37.5Hz11kN/Bearing2_3,-1,validation
1669,2,RM_002_XJTU,37.5Hz11kN/Bearing2_3/238.csv,0,0,0,1,25600,XJTU/37.5Hz11kN/Bearing2_3,-1,validation
1670,2,RM_002_XJTU,37.5Hz11kN/Bearing2_3/239.csv,0,0,0,1,25600,XJTU/37.5Hz11kN/Bearing2_3,-1,validation
1671,2,RM_002_XJTU,37.5Hz11kN/Bearing2_3/240.csv,0,0,0,1,25600,XJTU/37.5Hz11kN/Bearing2_3,-1,validation
1672,2,RM_002_XJTU,37.5Hz11kN/Bearing2_3/241.csv,0,0,0,1,25600,XJTU/37.5Hz11kN/Bearing2_3,-1,validation
1673,2,RM_002_XJTU,37.5Hz11kN/Bearing2_3/242.csv,0,0,0,1,25600,XJTU/37.5Hz11kN/Bearing2_3,-1,validation
1674,2,RM_002_XJTU,37.5Hz11kN/Bearing2_3/243.csv,0,0,0,1,25600,XJTU/37.5Hz11kN/Bearing2_3,-1,validation
1675,2,RM_002_XJTU,37.5Hz11kN/Bearing2_3/244.csv,0,0,0,1,25600,XJTU/37.5Hz11kN/Bearing2_3,-1,validation
1676,2,RM_002_XJTU,37.5Hz11kN/Bearing2_3/245.csv,0,0,0,1,25600,XJTU/37.5Hz11kN/Bearing2_3,-1,validation
1677,2,RM_002_XJTU,37.5Hz11kN/Bearing2_3/246.csv,0,0,0,1,25600,XJTU/37.5Hz11kN/Bearing2_3,-1,validation
1678,2,RM_002_XJTU,37.5Hz11kN/Bearing2_3/247.csv,0,0,0,1,25600,XJTU/37.5Hz11kN/Bearing2_3,-1,validation
1679,2,RM_002_XJTU,37.5Hz11kN/Bearing2_3/248.csv,0,0,0,1,25600,XJTU/37.5Hz11kN/Bearing2_3,-1,validation
1680,2,RM_002_XJTU,37.5Hz11kN/Bearing2_3/249.csv,0,0,0,1,25600,XJTU/37.5Hz11kN/Bearing2_3,-1,validation
1681,2,RM_002_XJTU,37.5Hz11kN/Bearing2_3/250.csv,0,0,0,1,25600,XJTU/37.5Hz11kN/Bearing2_3,-1,validation
1682,2,RM_002_XJTU,37.5Hz11kN/Bearing2_3/251.csv,0,0,0,1,25600,XJTU/37.5Hz11kN/Bearing2_3,-1,validation
1683,2,RM_002_XJTU,37.5Hz11kN/Bearing2_3/252.csv,0,0,0,1,25600,XJTU/37.5Hz11kN/Bearing2_3,-1,validation
1684,2,RM_002_XJTU,37.5Hz11kN/Bearing2_3/253.csv,0,0,0,1,25600,XJTU/37.5Hz11kN/Bearing2_3,-1,validation
1685,2,RM_002_XJTU,37.5Hz11kN/Bearing2_3/254.csv,0,0,0,1,25600,XJTU/37.5Hz11kN/Bearing2_3,-1,validation
1686,2,RM_002_XJTU,37.5Hz11kN/Bearing2_3/255.csv,0,0,0,1,25600,XJTU/37.5Hz11kN/Bearing2_3,-1,validation
1687,2,RM_002_XJTU,37.5Hz11kN/Bearing2_3/256.csv,0,0,0,1,25600,XJTU/37.5Hz11kN/Bearing2_3,-1,validation
1688,2,RM_002_XJTU,37.5Hz11kN/Bearing2_3/257.csv,0,0,0,1,25600,XJTU/37.5Hz11kN/Bearing2_3,-1,validation
1689,2,RM_002_XJTU,37.5Hz11kN/Bearing2_3/258.csv,0,0,0,1,25600,XJTU/37.5Hz11kN/Bearing2_3,-1,validation
1690,2,RM_002_XJTU,37.5Hz11kN/Bearing2_3/259.csv,0,0,0,1,25600,XJTU/37.5Hz11kN/Bearing2_3,-1,validation
1691,2,RM_002_XJTU,37.5Hz11kN/Bearing2_3/260.csv,0,0,0,1,25600,XJTU/37.5Hz11kN/Bearing2_3,-1,validation
1692,2,RM_002_XJTU,37.5Hz11kN/Bearing2_3/261.csv,0,0,0,1,25600,XJTU/37.5Hz11kN/Bearing2_3,-1,validation
1693,2,RM_002_XJTU,37.5Hz11kN/Bearing2_3/262.csv,0,0,0,1,25600,XJTU/37.5Hz11kN/Bearing2_3,-1,validation
1694,2,RM_002_XJTU,37.5Hz11kN/Bearing2_3/263.csv,0,0,0,1,25600,XJTU/37.5Hz11kN/Bearing2_3,-1,validation
1695,2,RM_002_XJTU,37.5Hz11kN/Bearing2_3/264.csv,0,0,0,1,25600,XJTU/37.5Hz11kN/Bearing2_3,-1,validation
1696,2,RM_002_XJTU,37.5Hz11kN/Bearing2_3/265.csv,0,0,0,1,25600,XJTU/37.5Hz11kN/Bearing2_3,-1,validation
1697,2,RM_002_XJTU,37.5Hz11kN/Bearing2_3/266.csv,0,0,0,1,25600,XJTU/37.5Hz11kN/Bearing2_3,-1,validation
1698,2,RM_002_XJTU,37.5Hz11kN/Bearing2_3/267.csv,0,0,0,1,25600,XJTU/37.5Hz11kN/Bearing2_3,-1,validation
1699,2,RM_002_XJTU,37.5Hz11kN/Bearing2_3/268.csv,0,0,0,1,25600,XJTU/37.5Hz11kN/Bearing2_3,-1,validation
1700,2,RM_002_XJTU,37.5Hz11kN/Bearing2_3/269.csv,0,0,0,1,25600,XJTU/37.5Hz11kN/Bearing2_3,-1,validation
1701,2,RM_002_XJTU,37.5Hz11kN/Bearing2_3/270.csv,0,0,0,1,25600,XJTU/37.5Hz11kN/Bearing2_3,-1,validation
1702,2,RM_002_XJTU,37.5Hz11kN/Bearing2_3/271.csv,0,0,0,1,25600,XJTU/37.5Hz11kN/Bearing2_3,-1,validation
1703,2,RM_002_XJTU,37.5Hz11kN/Bearing2_3/272.csv,0,0,0,1,25600,XJTU/37.5Hz11kN/Bearing2_3,-1,validation
1704,2,RM_002_XJTU,37.5Hz11kN/Bearing2_3/273.csv,0,0,0,1,25600,XJTU/37.5Hz11kN/Bearing2_3,-1,validation
1705,2,RM_002_XJTU,37.5Hz11kN/Bearing2_3/274.csv,0,0,0,1,25600,XJTU/37.5Hz11kN/Bearing2_3,-1,validation
1706,2,RM_002_XJTU,37.5Hz11kN/Bearing2_3/275.csv,0,0,0,1,25600,XJTU/37.5Hz11kN/Bearing2_3,-1,validation
1707,2,RM_002_XJTU,37.5Hz11kN/Bearing2_3/276.csv,0,0,0,1,25600,XJTU/37.5Hz11kN/Bearing2_3,-1,validation
1708,2,RM_002_XJTU,37.5Hz11kN/Bearing2_3/277.csv,0,0,0,1,25600,XJTU/37.5Hz11kN/Bearing2_3,-1,validation
1709,2,RM_002_XJTU,37.5Hz11kN/Bearing2_3/278.csv,0,0,0,1,25600,XJTU/37.5Hz11kN/Bearing2_3,-1,validation
1710,2,RM_002_XJTU,37.5Hz11kN/Bearing2_3/279.csv,0,0,0,1,25600,XJTU/37.5Hz11kN/Bearing2_3,-1,validation
1711,2,RM_002_XJTU,37.5Hz11kN/Bearing2_3/280.csv,0,0,0,1,25600,XJTU/37.5Hz11kN/Bearing2_3,-1,validation
1712,2,RM_002_XJTU,37.5Hz11kN/Bearing2_3/281.csv,0,0,0,1,25600,XJTU/37.5Hz11kN/Bearing2_3,-1,validation
1713,2,RM_002_XJTU,37.5Hz11kN/Bearing2_3/282.csv,0,0,0,1,25600,XJTU/37.5Hz11kN/Bearing2_3,-1,validation
1714,2,RM_002_XJTU,37.5Hz11kN/Bearing2_3/283.csv,0,0,0,1,25600,XJTU/37.5Hz11kN/Bearing2_3,-1,validation
1715,2,RM_002_XJTU,37.5Hz11kN/Bearing2_3/284.csv,0,0,0,1,25600,XJTU/37.5Hz11kN/Bearing2_3,-1,validation
1716,2,RM_002_XJTU,37.5Hz11kN/Bearing2_3/285.csv,0,0,0,1,25600,XJTU/37.5Hz11kN/Bearing2_3,-1,validation
1717,2,RM_002_XJTU,37.5Hz11kN/Bearing2_3/286.csv,0,0,0,1,25600,XJTU/37.5Hz11kN/Bearing2_3,-1,validation
1718,2,RM_002_XJTU,37.5Hz11kN/Bearing2_3/287.csv,0,0,0,1,25600,XJTU/37.5Hz11kN/Bearing2_3,-1,validation
1719,2,RM_002_XJTU,37.5Hz11kN/Bearing2_3/288.csv,0,0,0,1,25600,XJTU/37.5Hz11kN/Bearing2_3,-1,validation
1720,2,RM_002_XJTU,37.5Hz11kN/Bearing2_3/289.csv,0,0,0,1,25600,XJTU/37.5Hz11kN/Bearing2_3,-1,validation
1721,2,RM_002_XJTU,37.5Hz11kN/Bearing2_3/290.csv,0,0,0,1,25600,XJTU/37.5Hz11kN/Bearing2_3,-1,validation
1722,2,RM_002_XJTU,37.5Hz11kN/Bearing2_3/291.csv,0,0,0,1,25600,XJTU/37.5Hz11kN/Bearing2_3,-1,validation
1723,2,RM_002_XJTU,37.5Hz11kN/Bearing2_3/292.csv,0,0,0,1,25600,XJTU/37.5Hz11kN/Bearing2_3,-1,validation
1724,2,RM_002_XJTU,37.5Hz11kN/Bearing2_3/293.csv,0,0,0,1,25600,XJTU/37.5Hz11kN/Bearing2_3,-1,validation
1725,2,RM_002_XJTU,37.5Hz11kN/Bearing2_3/294.csv,0,0,0,1,25600,XJTU/37.5Hz11kN/Bearing2_3,-1,validation
1726,2,RM_002_XJTU,37.5Hz11kN/Bearing2_3/295.csv,0,0,0,1,25600,XJTU/37.5Hz11kN/Bearing2_3,-1,validation
1727,2,RM_002_XJTU,37.5Hz11kN/Bearing2_3/296.csv,0,0,0,1,25600,XJTU/37.5Hz11kN/Bearing2_3,-1,validation
1728,2,RM_002_XJTU,37.5Hz11kN/Bearing2_3/297.csv,0,0,0,1,25600,XJTU/37.5Hz11kN/Bearing2_3,-1,validation
1729,2,RM_002_XJTU,37.5Hz11kN/Bearing2_3/298.csv,0,0,0,1,25600,XJTU/37.5Hz11kN/Bearing2_3,-1,validation
1730,2,RM_002_XJTU,37.5Hz11kN/Bearing2_3/299.csv,0,0,0,1,25600,XJTU/37.5Hz11kN/Bearing2_3,-1,validation
1731,2,RM_002_XJTU,37.5Hz11kN/Bearing2_3/300.csv,0,0,0,1,25600,XJTU/37.5Hz11kN/Bearing2_3,-1,validation
1732,2,RM_002_XJTU,37.5Hz11kN/Bearing2_3/301.csv,0,0,0,1,25600,XJTU/37.5Hz11kN/Bearing2_3,-1,validation
1733,2,RM_002_XJTU,37.5Hz11kN/Bearing2_3/302.csv,0,0,0,1,25600,XJTU/37.5Hz11kN/Bearing2_3,-1,validation
1734,2,RM_002_XJTU,37.5Hz11kN/Bearing2_3/303.csv,0,0,0,1,25600,XJTU/37.5Hz11kN/Bearing2_3,-1,validation
1735,2,RM_002_XJTU,37.5Hz11kN/Bearing2_3/304.csv,0,0,0,1,25600,XJTU/37.5Hz11kN/Bearing2_3,-1,validation
1736,2,RM_002_XJTU,37.5Hz11kN/Bearing2_3/305.csv,0,0,0,1,25600,XJTU/37.5Hz11kN/Bearing2_3,-1,validation
1737,2,RM_002_XJTU,37.5Hz11kN/Bearing2_3/306.csv,0,0,0,1,25600,XJTU/37.5Hz11kN/Bearing2_3,-1,validation
1738,2,RM_002_XJTU,37.5Hz11kN/Bearing2_3/307.csv,0,0,0,1,25600,XJTU/37.5Hz11kN/Bearing2_3,-1,validation
1739,2,RM_002_XJTU,37.5Hz11kN/Bearing2_3/308.csv,0,0,0,1,25600,XJTU/37.5Hz11kN/Bearing2_3,-1,validation
1740,2,RM_002_XJTU,37.5Hz11kN/Bearing2_3/309.csv,0,0,0,1,25600,XJTU/37.5Hz11kN/Bearing2_3,-1,validation
1741,2,RM_002_XJTU,37.5Hz11kN/Bearing2_3/310.csv,0,0,0,1,25600,XJTU/37.5Hz11kN/Bearing2_3,-1,validation
1742,2,RM_002_XJTU,37.5Hz11kN/Bearing2_3/311.csv,0,0,0,1,25600,XJTU/37.5Hz11kN/Bearing2_3,-1,validation
1743,2,RM_002_XJTU,37.5Hz11kN/Bearing2_3/312.csv,0,0,0,1,25600,XJTU/37.5Hz11kN/Bearing2_3,-1,validation
1744,2,RM_002_XJTU,37.5Hz11kN/Bearing2_3/313.csv,0,0,0,1,25600,XJTU/37.5Hz11kN/Bearing2_3,-1,validation
1745,2,RM_002_XJTU,37.5Hz11kN/Bearing2_3/314.csv,0,0,0,1,25600,XJTU/37.5Hz11kN/Bearing2_3,-1,validation
1746,2,RM_002_XJTU,37.5Hz11kN/Bearing2_3/315.csv,0,0,0,1,25600,XJTU/37.5Hz11kN/Bearing2_3,-1,validation
1747,2,RM_002_XJTU,37.5Hz11kN/Bearing2_3/316.csv,0,0,0,1,25600,XJTU/37.5Hz11kN/Bearing2_3,-1,validation
1748,2,RM_002_XJTU,37.5Hz11kN/Bearing2_3/317.csv,0,0,0,1,25600,XJTU/37.5Hz11kN/Bearing2_3,-1,validation
1749,2,RM_002_XJTU,37.5Hz11kN/Bearing2_3/318.csv,0,0,0,1,25600,XJTU/37.5Hz11kN/Bearing2_3,-1,validation
1750,2,RM_002_XJTU,37.5Hz11kN/Bearing2_3/319.csv,0,0,0,1,25600,XJTU/37.5Hz11kN/Bearing2_3,-1,validation
1751,2,RM_002_XJTU,37.5Hz11kN/Bearing2_3/320.csv,0,0,0,1,25600,XJTU/37.5Hz11kN/Bearing2_3,-1,validation
1752,2,RM_002_XJTU,37.5Hz11kN/Bearing2_3/321.csv,0,0,0,1,25600,XJTU/37.5Hz11kN/Bearing2_3,-1,validation
1753,2,RM_002_XJTU,37.5Hz11kN/Bearing2_3/322.csv,0,0,0,1,25600,XJTU/37.5Hz11kN/Bearing2_3,-1,validation
1754,2,RM_002_XJTU,37.5Hz11kN/Bearing2_3/323.csv,0,0,0,1,25600,XJTU/37.5Hz11kN/Bearing2_3,-1,validation
1755,2,RM_002_XJTU,37.5Hz11kN/Bearing2_3/324.csv,0,0,0,1,25600,XJTU/37.5Hz11kN/Bearing2_3,-1,validation
1756,2,RM_002_XJTU,37.5Hz11kN/Bearing2_3/325.csv,0,0,0,1,25600,XJTU/37.5Hz11kN/Bearing2_3,-1,validation
1757,2,RM_002_XJTU,37.5Hz11kN/Bearing2_3/326.csv,0,0,0,1,25600,XJTU/37.5Hz11kN/Bearing2_3,-1,validation
1758,2,RM_002_XJTU,37.5Hz11kN/Bearing2_3/327.csv,0,0,0,1,25600,XJTU/37.5Hz11kN/Bearing2_3,-1,validation
1759,2,RM_002_XJTU,37.5Hz11kN/Bearing2_3/328.csv,0,0,0,1,25600,XJTU/37.5Hz11kN/Bearing2_3,-1,validation
1760,2,RM_002_XJTU,37.5Hz11kN/Bearing2_3/329.csv,0,0,0,1,25600,XJTU/37.5Hz11kN/Bearing2_3,-1,validation
1761,2,RM_002_XJTU,37.5Hz11kN/Bearing2_3/330.csv,0,0,0,1,25600,XJTU/37.5Hz11kN/Bearing2_3,-1,validation
1762,2,RM_002_XJTU,37.5Hz11kN/Bearing2_3/331.csv,0,0,0,1,25600,XJTU/37.5Hz11kN/Bearing2_3,-1,validation
1763,2,RM_002_XJTU,37.5Hz11kN/Bearing2_3/332.csv,0,0,0,1,25600,XJTU/37.5Hz11kN/Bearing2_3,-1,validation
1764,2,RM_002_XJTU,37.5Hz11kN/Bearing2_3/333.csv,0,0,0,1,25600,XJTU/37.5Hz11kN/Bearing2_3,-1,validation
1765,2,RM_002_XJTU,37.5Hz11kN/Bearing2_3/334.csv,0,0,0,1,25600,XJTU/37.5Hz11kN/Bearing2_3,-1,validation
1766,2,RM_002_XJTU,37.5Hz11kN/Bearing2_3/335.csv,0,0,0,1,25600,XJTU/37.5Hz11kN/Bearing2_3,-1,validation
1767,2,RM_002_XJTU,37.5Hz11kN/Bearing2_3/336.csv,0,0,0,1,25600,XJTU/37.5Hz11kN/Bearing2_3,-1,validation
1768,2,RM_002_XJTU,37.5Hz11kN/Bearing2_3/337.csv,0,0,0,1,25600,XJTU/37.5Hz11kN/Bearing2_3,-1,validation
1769,2,RM_002_XJTU,37.5Hz11kN/Bearing2_3/338.csv,0,0,0,1,25600,XJTU/37.5Hz11kN/Bearing2_3,-1,validation
1770,2,RM_002_XJTU,37.5Hz11kN/Bearing2_3/339.csv,0,0,0,1,25600,XJTU/37.5Hz11kN/Bearing2_3,-1,validation
1771,2,RM_002_XJTU,37.5Hz11kN/Bearing2_3/340.csv,0,0,0,1,25600,XJTU/37.5Hz11kN/Bearing2_3,-1,validation
1772,2,RM_002_XJTU,37.5Hz11kN/Bearing2_3/341.csv,0,0,0,1,25600,XJTU/37.5Hz11kN/Bearing2_3,-1,validation
1773,2,RM_002_XJTU,37.5Hz11kN/Bearing2_3/342.csv,0,0,0,1,25600,XJTU/37.5Hz11kN/Bearing2_3,-1,validation
1774,2,RM_002_XJTU,37.5Hz11kN/Bearing2_3/343.csv,0,0,0,1,25600,XJTU/37.5Hz11kN/Bearing2_3,-1,validation
1775,2,RM_002_XJTU,37.5Hz11kN/Bearing2_3/344.csv,0,0,0,1,25600,XJTU/37.5Hz11kN/Bearing2_3,-1,validation
1776,2,RM_002_XJTU,37.5Hz11kN/Bearing2_3/345.csv,0,0,0,1,25600,XJTU/37.5Hz11kN/Bearing2_3,-1,validation
1777,2,RM_002_XJTU,37.5Hz11kN/Bearing2_3/346.csv,0,0,0,1,25600,XJTU/37.5Hz11kN/Bearing2_3,-1,validation
1778,2,RM_002_XJTU,37.5Hz11kN/Bearing2_3/347.csv,0,0,0,1,25600,XJTU/37.5Hz11kN/Bearing2_3,-1,validation
1902,2,RM_002_XJTU,37.5Hz11kN/Bearing2_3/471.csv,8,1,1,1,25600,XJTU/37.5Hz11kN/Bearing2_3,-1,validation
1903,2,RM_002_XJTU,37.5Hz11kN/Bearing2_3/472.csv,8,1,1,1,25600,XJTU/37.5Hz11kN/Bearing2_3,-1,validation
1904,2,RM_002_XJTU,37.5Hz11kN/Bearing2_3/473.csv,8,1,1,1,25600,XJTU/37.5Hz11kN/Bearing2_3,-1,validation
1905,2,RM_002_XJTU,37.5Hz11kN/Bearing2_3/474.csv,8,1,1,1,25600,XJTU/37.5Hz11kN/Bearing2_3,-1,validation
1906,2,RM_002_XJTU,37.5Hz11kN/Bearing2_3/475.csv,8,1,1,1,25600,XJTU/37.5Hz11kN/Bearing2_3,-1,validation
1907,2,RM_002_XJTU,37.5Hz11kN/Bearing2_3/476.csv,8,1,1,1,25600,XJTU/37.5Hz11kN/Bearing2_3,-1,validation
1908,2,RM_002_XJTU,37.5Hz11kN/Bearing2_3/477.csv,8,1,1,1,25600,XJTU/37.5Hz11kN/Bearing2_3,-1,validation
1909,2,RM_002_XJTU,37.5Hz11kN/Bearing2_3/478.csv,8,1,1,1,25600,XJTU/37.5Hz11kN/Bearing2_3,-1,validation
1910,2,RM_002_XJTU,37.5Hz11kN/Bearing2_3/479.csv,8,1,1,1,25600,XJTU/37.5Hz11kN/Bearing2_3,-1,validation
1911,2,RM_002_XJTU,37.5Hz11kN/Bearing2_3/480.csv,8,1,1,1,25600,XJTU/37.5Hz11kN/Bearing2_3,-1,validation
1912,2,RM_002_XJTU,37.5Hz11kN/Bearing2_3/481.csv,8,1,1,1,25600,XJTU/37.5Hz11kN/Bearing2_3,-1,validation
1913,2,RM_002_XJTU,37.5Hz11kN/Bearing2_3/482.csv,8,1,1,1,25600,XJTU/37.5Hz11kN/Bearing2_3,-1,validation
1914,2,RM_002_XJTU,37.5Hz11kN/Bearing2_3/483.csv,8,1,1,1,25600,XJTU/37.5Hz11kN/Bearing2_3,-1,validation
1915,2,RM_002_XJTU,37.5Hz11kN/Bearing2_3/484.csv,8,1,1,1,25600,XJTU/37.5Hz11kN/Bearing2_3,-1,validation
1916,2,RM_002_XJTU,37.5Hz11kN/Bearing2_3/485.csv,8,1,1,1,25600,XJTU/37.5Hz11kN/Bearing2_3,-1,validation
1917,2,RM_002_XJTU,37.5Hz11kN/Bearing2_3/486.csv,8,1,1,1,25600,XJTU/37.5Hz11kN/Bearing2_3,-1,validation
1918,2,RM_002_XJTU,37.5Hz11kN/Bearing2_3/487.csv,8,1,1,1,25600,XJTU/37.5Hz11kN/Bearing2_3,-1,validation
1919,2,RM_002_XJTU,37.5Hz11kN/Bearing2_3/488.csv,8,1,1,1,25600,XJTU/37.5Hz11kN/Bearing2_3,-1,validation
1920,2,RM_002_XJTU,37.5Hz11kN/Bearing2_3/489.csv,8,1,1,1,25600,XJTU/37.5Hz11kN/Bearing2_3,-1,validation
1921,2,RM_002_XJTU,37.5Hz11kN/Bearing2_3/490.csv,8,1,1,1,25600,XJTU/37.5Hz11kN/Bearing2_3,-1,validation
1922,2,RM_002_XJTU,37.5Hz11kN/Bearing2_3/491.csv,8,1,1,1,25600,XJTU/37.5Hz11kN/Bearing2_3,-1,validation
1923,2,RM_002_XJTU,37.5Hz11kN/Bearing2_3/492.csv,8,1,1,1,25600,XJTU/37.5Hz11kN/Bearing2_3,-1,validation
1924,2,RM_002_XJTU,37.5Hz11kN/Bearing2_3/493.csv,8,1,1,1,25600,XJTU/37.5Hz11kN/Bearing2_3,-1,validation
1925,2,RM_002_XJTU,37.5Hz11kN/Bearing2_3/494.csv,8,1,1,1,25600,XJTU/37.5Hz11kN/Bearing2_3,-1,validation
1926,2,RM_002_XJTU,37.5Hz11kN/Bearing2_3/495.csv,8,1,1,1,25600,XJTU/37.5Hz11kN/Bearing2_3,-1,validation
1927,2,RM_002_XJTU,37.5Hz11kN/Bearing2_3/496.csv,8,1,1,1,25600,XJTU/37.5Hz11kN/Bearing2_3,-1,validation
1928,2,RM_002_XJTU,37.5Hz11kN/Bearing2_3/497.csv,8,1,1,1,25600,XJTU/37.5Hz11kN/Bearing2_3,-1,validation
1929,2,RM_002_XJTU,37.5Hz11kN/Bearing2_3/498.csv,8,1,1,1,25600,XJTU/37.5Hz11kN/Bearing2_3,-1,validation
1930,2,RM_002_XJTU,37.5Hz11kN/Bearing2_3/499.csv,8,1,1,1,25600,XJTU/37.5Hz11kN/Bearing2_3,-1,validation
1931,2,RM_002_XJTU,37.5Hz11kN/Bearing2_3/500.csv,8,1,1,1,25600,XJTU/37.5Hz11kN/Bearing2_3,-1,validation
1932,2,RM_002_XJTU,37.5Hz11kN/Bearing2_3/501.csv,8,1,1,1,25600,XJTU/37.5Hz11kN/Bearing2_3,-1,validation
1933,2,RM_002_XJTU,37.5Hz11kN/Bearing2_3/502.csv,8,1,1,1,25600,XJTU/37.5Hz11kN/Bearing2_3,-1,validation
1934,2,RM_002_XJTU,37.5Hz11kN/Bearing2_3/503.csv,8,1,1,1,25600,XJTU/37.5Hz11kN/Bearing2_3,-1,validation
1935,2,RM_002_XJTU,37.5Hz11kN/Bearing2_3/504.csv,8,1,1,1,25600,XJTU/37.5Hz11kN/Bearing2_3,-1,validation
1936,2,RM_002_XJTU,37.5Hz11kN/Bearing2_3/505.csv,8,1,1,1,25600,XJTU/37.5Hz11kN/Bearing2_3,-1,validation
1937,2,RM_002_XJTU,37.5Hz11kN/Bearing2_3/506.csv,8,1,1,1,25600,XJTU/37.5Hz11kN/Bearing2_3,-1,validation
1938,2,RM_002_XJTU,37.5Hz11kN/Bearing2_3/507.csv,8,1,1,1,25600,XJTU/37.5Hz11kN/Bearing2_3,-1,validation
1939,2,RM_002_XJTU,37.5Hz11kN/Bearing2_3/508.csv,8,1,1,1,25600,XJTU/37.5Hz11kN/Bearing2_3,-1,validation
1940,2,RM_002_XJTU,37.5Hz11kN/Bearing2_3/509.csv,8,1,1,1,25600,XJTU/37.5Hz11kN/Bearing2_3,-1,validation
1941,2,RM_002_XJTU,37.5Hz11kN/Bearing2_3/510.csv,8,1,1,1,25600,XJTU/37.5Hz11kN/Bearing2_3,-1,validation
1942,2,RM_002_XJTU,37.5Hz11kN/Bearing2_3/511.csv,8,1,1,1,25600,XJTU/37.5Hz11kN/Bearing2_3,-1,validation
1943,2,RM_002_XJTU,37.5Hz11kN/Bearing2_3/512.csv,8,1,1,1,25600,XJTU/37.5Hz11kN/Bearing2_3,-1,validation
1944,2,RM_002_XJTU,37.5Hz11kN/Bearing2_3/513.csv,8,1,1,1,25600,XJTU/37.5Hz11kN/Bearing2_3,-1,validation
1945,2,RM_002_XJTU,37.5Hz11kN/Bearing2_3/514.csv,8,1,1,1,25600,XJTU/37.5Hz11kN/Bearing2_3,-1,validation
1946,2,RM_002_XJTU,37.5Hz11kN/Bearing2_3/515.csv,8,1,1,1,25600,XJTU/37.5Hz11kN/Bearing2_3,-1,validation
1947,2,RM_002_XJTU,37.5Hz11kN/Bearing2_3/516.csv,8,1,1,1,25600,XJTU/37.5Hz11kN/Bearing2_3,-1,validation
1948,2,RM_002_XJTU,37.5Hz11kN/Bearing2_3/517.csv,8,1,1,1,25600,XJTU/37.5Hz11kN/Bearing2_3,-1,validation
1949,2,RM_002_XJTU,37.5Hz11kN/Bearing2_3/518.csv,8,1,1,1,25600,XJTU/37.5Hz11kN/Bearing2_3,-1,validation
1950,2,RM_002_XJTU,37.5Hz11kN/Bearing2_3/519.csv,8,1,1,1,25600,XJTU/37.5Hz11kN/Bearing2_3,-1,validation
1951,2,RM_002_XJTU,37.5Hz11kN/Bearing2_3/520.csv,8,1,1,1,25600,XJTU/37.5Hz11kN/Bearing2_3,-1,validation
1952,2,RM_002_XJTU,37.5Hz11kN/Bearing2_3/521.csv,8,1,1,1,25600,XJTU/37.5Hz11kN/Bearing2_3,-1,validation
1953,2,RM_002_XJTU,37.5Hz11kN/Bearing2_3/522.csv,8,1,1,1,25600,XJTU/37.5Hz11kN/Bearing2_3,-1,validation
1954,2,RM_002_XJTU,37.5Hz11kN/Bearing2_3/523.csv,8,1,1,1,25600,XJTU/37.5Hz11kN/Bearing2_3,-1,validation
1955,2,RM_002_XJTU,37.5Hz11kN/Bearing2_3/524.csv,8,1,1,1,25600,XJTU/37.5Hz11kN/Bearing2_3,-1,validation
1956,2,RM_002_XJTU,37.5Hz11kN/Bearing2_3/525.csv,8,1,1,1,25600,XJTU/37.5Hz11kN/Bearing2_3,-1,validation
1957,2,RM_002_XJTU,37.5Hz11kN/Bearing2_3/526.csv,8,1,1,1,25600,XJTU/37.5Hz11kN/Bearing2_3,-1,validation
1958,2,RM_002_XJTU,37.5Hz11kN/Bearing2_3/527.csv,8,1,1,1,25600,XJTU/37.5Hz11kN/Bearing2_3,-1,validation
1959,2,RM_002_XJTU,37.5Hz11kN/Bearing2_3/528.csv,8,1,1,1,25600,XJTU/37.5Hz11kN/Bearing2_3,-1,validation
1960,2,RM_002_XJTU,37.5Hz11kN/Bearing2_3/529.csv,8,1,1,1,25600,XJTU/37.5Hz11kN/Bearing2_3,-1,validation
1961,2,RM_002_XJTU,37.5Hz11kN/Bearing2_3/530.csv,8,1,1,1,25600,XJTU/37.5Hz11kN/Bearing2_3,-1,validation
1962,2,RM_002_XJTU,37.5Hz11kN/Bearing2_3/531.csv,8,1,1,1,25600,XJTU/37.5Hz11kN/Bearing2_3,-1,validation
1963,2,RM_002_XJTU,37.5Hz11kN/Bearing2_3/532.csv,8,1,1,1,25600,XJTU/37.5Hz11kN/Bearing2_3,-1,validation
1964,2,RM_002_XJTU,37.5Hz11kN/Bearing2_3/533.csv,8,1,1,1,25600,XJTU/37.5Hz11kN/Bearing2_3,-1,validation
1965,2,RM_002_XJTU,37.5Hz11kN/Bearing2_4/1.csv,0,0,0,1,25600,XJTU/37.5Hz11kN/Bearing2_4,-1,validation
1966,2,RM_002_XJTU,37.5Hz11kN/Bearing2_4/2.csv,0,0,0,1,25600,XJTU/37.5Hz11kN/Bearing2_4,-1,validation
1967,2,RM_002_XJTU,37.5Hz11kN/Bearing2_4/3.csv,0,0,0,1,25600,XJTU/37.5Hz11kN/Bearing2_4,-1,validation
1968,2,RM_002_XJTU,37.5Hz11kN/Bearing2_4/4.csv,0,0,0,1,25600,XJTU/37.5Hz11kN/Bearing2_4,-1,validation
1969,2,RM_002_XJTU,37.5Hz11kN/Bearing2_4/5.csv,0,0,0,1,25600,XJTU/37.5Hz11kN/Bearing2_4,-1,validation
1970,2,RM_002_XJTU,37.5Hz11kN/Bearing2_4/6.csv,0,0,0,1,25600,XJTU/37.5Hz11kN/Bearing2_4,-1,validation
1971,2,RM_002_XJTU,37.5Hz11kN/Bearing2_4/7.csv,0,0,0,1,25600,XJTU/37.5Hz11kN/Bearing2_4,-1,validation
1972,2,RM_002_XJTU,37.5Hz11kN/Bearing2_4/8.csv,0,0,0,1,25600,XJTU/37.5Hz11kN/Bearing2_4,-1,validation
1973,2,RM_002_XJTU,37.5Hz11kN/Bearing2_4/9.csv,0,0,0,1,25600,XJTU/37.5Hz11kN/Bearing2_4,-1,validation
1974,2,RM_002_XJTU,37.5Hz11kN/Bearing2_4/10.csv,0,0,0,1,25600,XJTU/37.5Hz11kN/Bearing2_4,-1,validation
1975,2,RM_002_XJTU,37.5Hz11kN/Bearing2_4/11.csv,0,0,0,1,25600,XJTU/37.5Hz11kN/Bearing2_4,-1,validation
1976,2,RM_002_XJTU,37.5Hz11kN/Bearing2_4/12.csv,0,0,0,1,25600,XJTU/37.5Hz11kN/Bearing2_4,-1,validation
1977,2,RM_002_XJTU,37.5Hz11kN/Bearing2_4/13.csv,0,0,0,1,25600,XJTU/37.5Hz11kN/Bearing2_4,-1,validation
1978,2,RM_002_XJTU,37.5Hz11kN/Bearing2_4/14.csv,0,0,0,1,25600,XJTU/37.5Hz11kN/Bearing2_4,-1,validation
1979,2,RM_002_XJTU,37.5Hz11kN/Bearing2_4/15.csv,0,0,0,1,25600,XJTU/37.5Hz11kN/Bearing2_4,-1,validation
1980,2,RM_002_XJTU,37.5Hz11kN/Bearing2_4/16.csv,0,0,0,1,25600,XJTU/37.5Hz11kN/Bearing2_4,-1,validation
1981,2,RM_002_XJTU,37.5Hz11kN/Bearing2_4/17.csv,0,0,0,1,25600,XJTU/37.5Hz11kN/Bearing2_4,-1,validation
1982,2,RM_002_XJTU,37.5Hz11kN/Bearing2_4/18.csv,0,0,0,1,25600,XJTU/37.5Hz11kN/Bearing2_4,-1,validation
1983,2,RM_002_XJTU,37.5Hz11kN/Bearing2_4/19.csv,0,0,0,1,25600,XJTU/37.5Hz11kN/Bearing2_4,-1,validation
1984,2,RM_002_XJTU,37.5Hz11kN/Bearing2_4/20.csv,0,0,0,1,25600,XJTU/37.5Hz11kN/Bearing2_4,-1,validation
1985,2,RM_002_XJTU,37.5Hz11kN/Bearing2_4/21.csv,0,0,0,1,25600,XJTU/37.5Hz11kN/Bearing2_4,-1,validation
1986,2,RM_002_XJTU,37.5Hz11kN/Bearing2_4/22.csv,0,0,0,1,25600,XJTU/37.5Hz11kN/Bearing2_4,-1,validation
1987,2,RM_002_XJTU,37.5Hz11kN/Bearing2_4/23.csv,0,0,0,1,25600,XJTU/37.5Hz11kN/Bearing2_4,-1,validation
1988,2,RM_002_XJTU,37.5Hz11kN/Bearing2_4/24.csv,0,0,0,1,25600,XJTU/37.5Hz11kN/Bearing2_4,-1,validation
1989,2,RM_002_XJTU,37.5Hz11kN/Bearing2_4/25.csv,0,0,0,1,25600,XJTU/37.5Hz11kN/Bearing2_4,-1,validation
1990,2,RM_002_XJTU,37.5Hz11kN/Bearing2_4/26.csv,0,0,0,1,25600,XJTU/37.5Hz11kN/Bearing2_4,-1,validation
1991,2,RM_002_XJTU,37.5Hz11kN/Bearing2_4/27.csv,0,0,0,1,25600,XJTU/37.5Hz11kN/Bearing2_4,-1,validation
1992,2,RM_002_XJTU,37.5Hz11kN/Bearing2_4/28.csv,0,0,0,1,25600,XJTU/37.5Hz11kN/Bearing2_4,-1,validation
1993,2,RM_002_XJTU,37.5Hz11kN/Bearing2_4/29.csv,0,0,0,1,25600,XJTU/37.5Hz11kN/Bearing2_4,-1,validation
1994,2,RM_002_XJTU,37.5Hz11kN/Bearing2_4/30.csv,0,0,0,1,25600,XJTU/37.5Hz11kN/Bearing2_4,-1,validation
1995,2,RM_002_XJTU,37.5Hz11kN/Bearing2_4/31.csv,0,0,0,1,25600,XJTU/37.5Hz11kN/Bearing2_4,-1,validation
1999,2,RM_002_XJTU,37.5Hz11kN/Bearing2_4/35.csv,9,1,1,1,25600,XJTU/37.5Hz11kN/Bearing2_4,-1,validation
2000,2,RM_002_XJTU,37.5Hz11kN/Bearing2_4/36.csv,9,1,1,1,25600,XJTU/37.5Hz11kN/Bearing2_4,-1,validation
2001,2,RM_002_XJTU,37.5Hz11kN/Bearing2_4/37.csv,9,1,1,1,25600,XJTU/37.5Hz11kN/Bearing2_4,-1,validation
2002,2,RM_002_XJTU,37.5Hz11kN/Bearing2_4/38.csv,9,1,1,1,25600,XJTU/37.5Hz11kN/Bearing2_4,-1,validation
2003,2,RM_002_XJTU,37.5Hz11kN/Bearing2_4/39.csv,9,1,1,1,25600,XJTU/37.5Hz11kN/Bearing2_4,-1,validation
2004,2,RM_002_XJTU,37.5Hz11kN/Bearing2_4/40.csv,9,1,1,1,25600,XJTU/37.5Hz11kN/Bearing2_4,-1,validation
2005,2,RM_002_XJTU,37.5Hz11kN/Bearing2_4/41.csv,9,1,1,1,25600,XJTU/37.5Hz11kN/Bearing2_4,-1,validation
2006,2,RM_002_XJTU,37.5Hz11kN/Bearing2_4/42.csv,9,1,1,1,25600,XJTU/37.5Hz11kN/Bearing2_4,-1,validation
2007,2,RM_002_XJTU,37.5Hz11kN/Bearing2_5/1.csv,0,0,0,1,25600,XJTU/37.5Hz11kN/Bearing2_5,-1,validation
2008,2,RM_002_XJTU,37.5Hz11kN/Bearing2_5/2.csv,0,0,0,1,25600,XJTU/37.5Hz11kN/Bearing2_5,-1,validation
2009,2,RM_002_XJTU,37.5Hz11kN/Bearing2_5/3.csv,0,0,0,1,25600,XJTU/37.5Hz11kN/Bearing2_5,-1,validation
2010,2,RM_002_XJTU,37.5Hz11kN/Bearing2_5/4.csv,0,0,0,1,25600,XJTU/37.5Hz11kN/Bearing2_5,-1,validation
2011,2,RM_002_XJTU,37.5Hz11kN/Bearing2_5/5.csv,0,0,0,1,25600,XJTU/37.5Hz11kN/Bearing2_5,-1,validation
2012,2,RM_002_XJTU,37.5Hz11kN/Bearing2_5/6.csv,0,0,0,1,25600,XJTU/37.5Hz11kN/Bearing2_5,-1,validation
2013,2,RM_002_XJTU,37.5Hz11kN/Bearing2_5/7.csv,0,0,0,1,25600,XJTU/37.5Hz11kN/Bearing2_5,-1,validation
2014,2,RM_002_XJTU,37.5Hz11kN/Bearing2_5/8.csv,0,0,0,1,25600,XJTU/37.5Hz11kN/Bearing2_5,-1,validation
2015,2,RM_002_XJTU,37.5Hz11kN/Bearing2_5/9.csv,0,0,0,1,25600,XJTU/37.5Hz11kN/Bearing2_5,-1,validation
2016,2,RM_002_XJTU,37.5Hz11kN/Bearing2_5/10.csv,0,0,0,1,25600,XJTU/37.5Hz11kN/Bearing2_5,-1,validation
2017,2,RM_002_XJTU,37.5Hz11kN/Bearing2_5/11.csv,0,0,0,1,25600,XJTU/37.5Hz11kN/Bearing2_5,-1,validation
2018,2,RM_002_XJTU,37.5Hz11kN/Bearing2_5/12.csv,0,0,0,1,25600,XJTU/37.5Hz11kN/Bearing2_5,-1,validation
2019,2,RM_002_XJTU,37.5Hz11kN/Bearing2_5/13.csv,0,0,0,1,25600,XJTU/37.5Hz11kN/Bearing2_5,-1,validation
2020,2,RM_002_XJTU,37.5Hz11kN/Bearing2_5/14.csv,0,0,0,1,25600,XJTU/37.5Hz11kN/Bearing2_5,-1,validation
2021,2,RM_002_XJTU,37.5Hz11kN/Bearing2_5/15.csv,0,0,0,1,25600,XJTU/37.5Hz11kN/Bearing2_5,-1,validation
2022,2,RM_002_XJTU,37.5Hz11kN/Bearing2_5/16.csv,0,0,0,1,25600,XJTU/37.5Hz11kN/Bearing2_5,-1,validation
2023,2,RM_002_XJTU,37.5Hz11kN/Bearing2_5/17.csv,0,0,0,1,25600,XJTU/37.5Hz11kN/Bearing2_5,-1,validation
2024,2,RM_002_XJTU,37.5Hz11kN/Bearing2_5/18.csv,0,0,0,1,25600,XJTU/37.5Hz11kN/Bearing2_5,-1,validation
2025,2,RM_002_XJTU,37.5Hz11kN/Bearing2_5/19.csv,0,0,0,1,25600,XJTU/37.5Hz11kN/Bearing2_5,-1,validation
2026,2,RM_002_XJTU,37.5Hz11kN/Bearing2_5/20.csv,0,0,0,1,25600,XJTU/37.5Hz11kN/Bearing2_5,-1,validation
2027,2,RM_002_XJTU,37.5Hz11kN/Bearing2_5/21.csv,0,0,0,1,25600,XJTU/37.5Hz11kN/Bearing2_5,-1,validation
2028,2,RM_002_XJTU,37.5Hz11kN/Bearing2_5/22.csv,0,0,0,1,25600,XJTU/37.5Hz11kN/Bearing2_5,-1,validation
2029,2,RM_002_XJTU,37.5Hz11kN/Bearing2_5/23.csv,0,0,0,1,25600,XJTU/37.5Hz11kN/Bearing2_5,-1,validation
2030,2,RM_002_XJTU,37.5Hz11kN/Bearing2_5/24.csv,0,0,0,1,25600,XJTU/37.5Hz11kN/Bearing2_5,-1,validation
2031,2,RM_002_XJTU,37.5Hz11kN/Bearing2_5/25.csv,0,0,0,1,25600,XJTU/37.5Hz11kN/Bearing2_5,-1,validation
2032,2,RM_002_XJTU,37.5Hz11kN/Bearing2_5/26.csv,0,0,0,1,25600,XJTU/37.5Hz11kN/Bearing2_5,-1,validation
2033,2,RM_002_XJTU,37.5Hz11kN/Bearing2_5/27.csv,0,0,0,1,25600,XJTU/37.5Hz11kN/Bearing2_5,-1,validation
2034,2,RM_002_XJTU,37.5Hz11kN/Bearing2_5/28.csv,0,0,0,1,25600,XJTU/37.5Hz11kN/Bearing2_5,-1,validation
2035,2,RM_002_XJTU,37.5Hz11kN/Bearing2_5/29.csv,0,0,0,1,25600,XJTU/37.5Hz11kN/Bearing2_5,-1,validation
2036,2,RM_002_XJTU,37.5Hz11kN/Bearing2_5/30.csv,0,0,0,1,25600,XJTU/37.5Hz11kN/Bearing2_5,-1,validation
2037,2,RM_002_XJTU,37.5Hz11kN/Bearing2_5/31.csv,0,0,0,1,25600,XJTU/37.5Hz11kN/Bearing2_5,-1,validation
2038,2,RM_002_XJTU,37.5Hz11kN/Bearing2_5/32.csv,0,0,0,1,25600,XJTU/37.5Hz11kN/Bearing2_5,-1,validation
2039,2,RM_002_XJTU,37.5Hz11kN/Bearing2_5/33.csv,0,0,0,1,25600,XJTU/37.5Hz11kN/Bearing2_5,-1,validation
2040,2,RM_002_XJTU,37.5Hz11kN/Bearing2_5/34.csv,0,0,0,1,25600,XJTU/37.5Hz11kN/Bearing2_5,-1,validation
2041,2,RM_002_XJTU,37.5Hz11kN/Bearing2_5/35.csv,0,0,0,1,25600,XJTU/37.5Hz11kN/Bearing2_5,-1,validation
2042,2,RM_002_XJTU,37.5Hz11kN/Bearing2_5/36.csv,0,0,0,1,25600,XJTU/37.5Hz11kN/Bearing2_5,-1,validation
2043,2,RM_002_XJTU,37.5Hz11kN/Bearing2_5/37.csv,0,0,0,1,25600,XJTU/37.5Hz11kN/Bearing2_5,-1,validation
2044,2,RM_002_XJTU,37.5Hz11kN/Bearing2_5/38.csv,0,0,0,1,25600,XJTU/37.5Hz11kN/Bearing2_5,-1,validation
2045,2,RM_002_XJTU,37.5Hz11kN/Bearing2_5/39.csv,0,0,0,1,25600,XJTU/37.5Hz11kN/Bearing2_5,-1,validation
2046,2,RM_002_XJTU,37.5Hz11kN/Bearing2_5/40.csv,0,0,0,1,25600,XJTU/37.5Hz11kN/Bearing2_5,-1,validation
2047,2,RM_002_XJTU,37.5Hz11kN/Bearing2_5/41.csv,0,0,0,1,25600,XJTU/37.5Hz11kN/Bearing2_5,-1,validation
2048,2,RM_002_XJTU,37.5Hz11kN/Bearing2_5/42.csv,0,0,0,1,25600,XJTU/37.5Hz11kN/Bearing2_5,-1,validation
2049,2,RM_002_XJTU,37.5Hz11kN/Bearing2_5/43.csv,0,0,0,1,25600,XJTU/37.5Hz11kN/Bearing2_5,-1,validation
2050,2,RM_002_XJTU,37.5Hz11kN/Bearing2_5/44.csv,0,0,0,1,25600,XJTU/37.5Hz11kN/Bearing2_5,-1,validation
2051,2,RM_002_XJTU,37.5Hz11kN/Bearing2_5/45.csv,0,0,0,1,25600,XJTU/37.5Hz11kN/Bearing2_5,-1,validation
2052,2,RM_002_XJTU,37.5Hz11kN/Bearing2_5/46.csv,0,0,0,1,25600,XJTU/37.5Hz11kN/Bearing2_5,-1,validation
2053,2,RM_002_XJTU,37.5Hz11kN/Bearing2_5/47.csv,0,0,0,1,25600,XJTU/37.5Hz11kN/Bearing2_5,-1,validation
2054,2,RM_002_XJTU,37.5Hz11kN/Bearing2_5/48.csv,0,0,0,1,25600,XJTU/37.5Hz11kN/Bearing2_5,-1,validation
2055,2,RM_002_XJTU,37.5Hz11kN/Bearing2_5/49.csv,0,0,0,1,25600,XJTU/37.5Hz11kN/Bearing2_5,-1,validation
2056,2,RM_002_XJTU,37.5Hz11kN/Bearing2_5/50.csv,0,0,0,1,25600,XJTU/37.5Hz11kN/Bearing2_5,-1,validation
2057,2,RM_002_XJTU,37.5Hz11kN/Bearing2_5/51.csv,0,0,0,1,25600,XJTU/37.5Hz11kN/Bearing2_5,-1,validation
2058,2,RM_002_XJTU,37.5Hz11kN/Bearing2_5/52.csv,0,0,0,1,25600,XJTU/37.5Hz11kN/Bearing2_5,-1,validation
2059,2,RM_002_XJTU,37.5Hz11kN/Bearing2_5/53.csv,0,0,0,1,25600,XJTU/37.5Hz11kN/Bearing2_5,-1,validation
2060,2,RM_002_XJTU,37.5Hz11kN/Bearing2_5/54.csv,0,0,0,1,25600,XJTU/37.5Hz11kN/Bearing2_5,-1,validation
2061,2,RM_002_XJTU,37.5Hz11kN/Bearing2_5/55.csv,0,0,0,1,25600,XJTU/37.5Hz11kN/Bearing2_5,-1,validation
2062,2,RM_002_XJTU,37.5Hz11kN/Bearing2_5/56.csv,0,0,0,1,25600,XJTU/37.5Hz11kN/Bearing2_5,-1,validation
2063,2,RM_002_XJTU,37.5Hz11kN/Bearing2_5/57.csv,0,0,0,1,25600,XJTU/37.5Hz11kN/Bearing2_5,-1,validation
2064,2,RM_002_XJTU,37.5Hz11kN/Bearing2_5/58.csv,0,0,0,1,25600,XJTU/37.5Hz11kN/Bearing2_5,-1,validation
2065,2,RM_002_XJTU,37.5Hz11kN/Bearing2_5/59.csv,0,0,0,1,25600,XJTU/37.5Hz11kN/Bearing2_5,-1,validation
2066,2,RM_002_XJTU,37.5Hz11kN/Bearing2_5/60.csv,0,0,0,1,25600,XJTU/37.5Hz11kN/Bearing2_5,-1,validation
2067,2,RM_002_XJTU,37.5Hz11kN/Bearing2_5/61.csv,0,0,0,1,25600,XJTU/37.5Hz11kN/Bearing2_5,-1,validation
2068,2,RM_002_XJTU,37.5Hz11kN/Bearing2_5/62.csv,0,0,0,1,25600,XJTU/37.5Hz11kN/Bearing2_5,-1,validation
2069,2,RM_002_XJTU,37.5Hz11kN/Bearing2_5/63.csv,0,0,0,1,25600,XJTU/37.5Hz11kN/Bearing2_5,-1,validation
2070,2,RM_002_XJTU,37.5Hz11kN/Bearing2_5/64.csv,0,0,0,1,25600,XJTU/37.5Hz11kN/Bearing2_5,-1,validation
2071,2,RM_002_XJTU,37.5Hz11kN/Bearing2_5/65.csv,0,0,0,1,25600,XJTU/37.5Hz11kN/Bearing2_5,-1,validation
2072,2,RM_002_XJTU,37.5Hz11kN/Bearing2_5/66.csv,0,0,0,1,25600,XJTU/37.5Hz11kN/Bearing2_5,-1,validation
2073,2,RM_002_XJTU,37.5Hz11kN/Bearing2_5/67.csv,0,0,0,1,25600,XJTU/37.5Hz11kN/Bearing2_5,-1,validation
2074,2,RM_002_XJTU,37.5Hz11kN/Bearing2_5/68.csv,0,0,0,1,25600,XJTU/37.5Hz11kN/Bearing2_5,-1,validation
2075,2,RM_002_XJTU,37.5Hz11kN/Bearing2_5/69.csv,0,0,0,1,25600,XJTU/37.5Hz11kN/Bearing2_5,-1,validation
2076,2,RM_002_XJTU,37.5Hz11kN/Bearing2_5/70.csv,0,0,0,1,25600,XJTU/37.5Hz11kN/Bearing2_5,-1,validation
2077,2,RM_002_XJTU,37.5Hz11kN/Bearing2_5/71.csv,0,0,0,1,25600,XJTU/37.5Hz11kN/Bearing2_5,-1,validation
2078,2,RM_002_XJTU,37.5Hz11kN/Bearing2_5/72.csv,0,0,0,1,25600,XJTU/37.5Hz11kN/Bearing2_5,-1,validation
2079,2,RM_002_XJTU,37.5Hz11kN/Bearing2_5/73.csv,0,0,0,1,25600,XJTU/37.5Hz11kN/Bearing2_5,-1,validation
2080,2,RM_002_XJTU,37.5Hz11kN/Bearing2_5/74.csv,0,0,0,1,25600,XJTU/37.5Hz11kN/Bearing2_5,-1,validation
2081,2,RM_002_XJTU,37.5Hz11kN/Bearing2_5/75.csv,0,0,0,1,25600,XJTU/37.5Hz11kN/Bearing2_5,-1,validation
2082,2,RM_002_XJTU,37.5Hz11kN/Bearing2_5/76.csv,0,0,0,1,25600,XJTU/37.5Hz11kN/Bearing2_5,-1,validation
2083,2,RM_002_XJTU,37.5Hz11kN/Bearing2_5/77.csv,0,0,0,1,25600,XJTU/37.5Hz11kN/Bearing2_5,-1,validation
2084,2,RM_002_XJTU,37.5Hz11kN/Bearing2_5/78.csv,0,0,0,1,25600,XJTU/37.5Hz11kN/Bearing2_5,-1,validation
2085,2,RM_002_XJTU,37.5Hz11kN/Bearing2_5/79.csv,0,0,0,1,25600,XJTU/37.5Hz11kN/Bearing2_5,-1,validation
2086,2,RM_002_XJTU,37.5Hz11kN/Bearing2_5/80.csv,0,0,0,1,25600,XJTU/37.5Hz11kN/Bearing2_5,-1,validation
2087,2,RM_002_XJTU,37.5Hz11kN/Bearing2_5/81.csv,0,0,0,1,25600,XJTU/37.5Hz11kN/Bearing2_5,-1,validation
2088,2,RM_002_XJTU,37.5Hz11kN/Bearing2_5/82.csv,0,0,0,1,25600,XJTU/37.5Hz11kN/Bearing2_5,-1,validation
2089,2,RM_002_XJTU,37.5Hz11kN/Bearing2_5/83.csv,0,0,0,1,25600,XJTU/37.5Hz11kN/Bearing2_5,-1,validation
2090,2,RM_002_XJTU,37.5Hz11kN/Bearing2_5/84.csv,0,0,0,1,25600,XJTU/37.5Hz11kN/Bearing2_5,-1,validation
2091,2,RM_002_XJTU,37.5Hz11kN/Bearing2_5/85.csv,0,0,0,1,25600,XJTU/37.5Hz11kN/Bearing2_5,-1,validation
2092,2,RM_002_XJTU,37.5Hz11kN/Bearing2_5/86.csv,0,0,0,1,25600,XJTU/37.5Hz11kN/Bearing2_5,-1,validation
2093,2,RM_002_XJTU,37.5Hz11kN/Bearing2_5/87.csv,0,0,0,1,25600,XJTU/37.5Hz11kN/Bearing2_5,-1,validation
2094,2,RM_002_XJTU,37.5Hz11kN/Bearing2_5/88.csv,0,0,0,1,25600,XJTU/37.5Hz11kN/Bearing2_5,-1,validation
2095,2,RM_002_XJTU,37.5Hz11kN/Bearing2_5/89.csv,0,0,0,1,25600,XJTU/37.5Hz11kN/Bearing2_5,-1,validation
2096,2,RM_002_XJTU,37.5Hz11kN/Bearing2_5/90.csv,0,0,0,1,25600,XJTU/37.5Hz11kN/Bearing2_5,-1,validation
2097,2,RM_002_XJTU,37.5Hz11kN/Bearing2_5/91.csv,0,0,0,1,25600,XJTU/37.5Hz11kN/Bearing2_5,-1,validation
2098,2,RM_002_XJTU,37.5Hz11kN/Bearing2_5/92.csv,0,0,0,1,25600,XJTU/37.5Hz11kN/Bearing2_5,-1,validation
2099,2,RM_002_XJTU,37.5Hz11kN/Bearing2_5/93.csv,0,0,0,1,25600,XJTU/37.5Hz11kN/Bearing2_5,-1,validation
2100,2,RM_002_XJTU,37.5Hz11kN/Bearing2_5/94.csv,0,0,0,1,25600,XJTU/37.5Hz11kN/Bearing2_5,-1,validation
2101,2,RM_002_XJTU,37.5Hz11kN/Bearing2_5/95.csv,0,0,0,1,25600,XJTU/37.5Hz11kN/Bearing2_5,-1,validation
2102,2,RM_002_XJTU,37.5Hz11kN/Bearing2_5/96.csv,0,0,0,1,25600,XJTU/37.5Hz11kN/Bearing2_5,-1,validation
2103,2,RM_002_XJTU,37.5Hz11kN/Bearing2_5/97.csv,0,0,0,1,25600,XJTU/37.5Hz11kN/Bearing2_5,-1,validation
2104,2,RM_002_XJTU,37.5Hz11kN/Bearing2_5/98.csv,0,0,0,1,25600,XJTU/37.5Hz11kN/Bearing2_5,-1,validation
2105,2,RM_002_XJTU,37.5Hz11kN/Bearing2_5/99.csv,0,0,0,1,25600,XJTU/37.5Hz11kN/Bearing2_5,-1,validation
2106,2,RM_002_XJTU,37.5Hz11kN/Bearing2_5/100.csv,0,0,0,1,25600,XJTU/37.5Hz11kN/Bearing2_5,-1,validation
2107,2,RM_002_XJTU,37.5Hz11kN/Bearing2_5/101.csv,0,0,0,1,25600,XJTU/37.5Hz11kN/Bearing2_5,-1,validation
2108,2,RM_002_XJTU,37.5Hz11kN/Bearing2_5/102.csv,0,0,0,1,25600,XJTU/37.5Hz11kN/Bearing2_5,-1,validation
2109,2,RM_002_XJTU,37.5Hz11kN/Bearing2_5/103.csv,0,0,0,1,25600,XJTU/37.5Hz11kN/Bearing2_5,-1,validation
2110,2,RM_002_XJTU,37.5Hz11kN/Bearing2_5/104.csv,0,0,0,1,25600,XJTU/37.5Hz11kN/Bearing2_5,-1,validation
2111,2,RM_002_XJTU,37.5Hz11kN/Bearing2_5/105.csv,0,0,0,1,25600,XJTU/37.5Hz11kN/Bearing2_5,-1,validation
2112,2,RM_002_XJTU,37.5Hz11kN/Bearing2_5/106.csv,0,0,0,1,25600,XJTU/37.5Hz11kN/Bearing2_5,-1,validation
2113,2,RM_002_XJTU,37.5Hz11kN/Bearing2_5/107.csv,0,0,0,1,25600,XJTU/37.5Hz11kN/Bearing2_5,-1,validation
2114,2,RM_002_XJTU,37.5Hz11kN/Bearing2_5/108.csv,0,0,0,1,25600,XJTU/37.5Hz11kN/Bearing2_5,-1,validation
2115,2,RM_002_XJTU,37.5Hz11kN/Bearing2_5/109.csv,0,0,0,1,25600,XJTU/37.5Hz11kN/Bearing2_5,-1,validation
2116,2,RM_002_XJTU,37.5Hz11kN/Bearing2_5/110.csv,0,0,0,1,25600,XJTU/37.5Hz11kN/Bearing2_5,-1,validation
2117,2,RM_002_XJTU,37.5Hz11kN/Bearing2_5/111.csv,0,0,0,1,25600,XJTU/37.5Hz11kN/Bearing2_5,-1,validation
2118,2,RM_002_XJTU,37.5Hz11kN/Bearing2_5/112.csv,0,0,0,1,25600,XJTU/37.5Hz11kN/Bearing2_5,-1,validation
2119,2,RM_002_XJTU,37.5Hz11kN/Bearing2_5/113.csv,0,0,0,1,25600,XJTU/37.5Hz11kN/Bearing2_5,-1,validation
2120,2,RM_002_XJTU,37.5Hz11kN/Bearing2_5/114.csv,0,0,0,1,25600,XJTU/37.5Hz11kN/Bearing2_5,-1,validation
2121,2,RM_002_XJTU,37.5Hz11kN/Bearing2_5/115.csv,0,0,0,1,25600,XJTU/37.5Hz11kN/Bearing2_5,-1,validation
2122,2,RM_002_XJTU,37.5Hz11kN/Bearing2_5/116.csv,0,0,0,1,25600,XJTU/37.5Hz11kN/Bearing2_5,-1,validation
2123,2,RM_002_XJTU,37.5Hz11kN/Bearing2_5/117.csv,0,0,0,1,25600,XJTU/37.5Hz11kN/Bearing2_5,-1,validation
2124,2,RM_002_XJTU,37.5Hz11kN/Bearing2_5/118.csv,0,0,0,1,25600,XJTU/37.5Hz11kN/Bearing2_5,-1,validation
2125,2,RM_002_XJTU,37.5Hz11kN/Bearing2_5/119.csv,0,0,0,1,25600,XJTU/37.5Hz11kN/Bearing2_5,-1,validation
2126,2,RM_002_XJTU,37.5Hz11kN/Bearing2_5/120.csv,0,0,0,1,25600,XJTU/37.5Hz11kN/Bearing2_5,-1,validation
2127,2,RM_002_XJTU,37.5Hz11kN/Bearing2_5/121.csv,0,0,0,1,25600,XJTU/37.5Hz11kN/Bearing2_5,-1,validation
2128,2,RM_002_XJTU,37.5Hz11kN/Bearing2_5/122.csv,0,0,0,1,25600,XJTU/37.5Hz11kN/Bearing2_5,-1,validation
2129,2,RM_002_XJTU,37.5Hz11kN/Bearing2_5/123.csv,0,0,0,1,25600,XJTU/37.5Hz11kN/Bearing2_5,-1,validation
2130,2,RM_002_XJTU,37.5Hz11kN/Bearing2_5/124.csv,0,0,0,1,25600,XJTU/37.5Hz11kN/Bearing2_5,-1,validation
2131,2,RM_002_XJTU,37.5Hz11kN/Bearing2_5/125.csv,0,0,0,1,25600,XJTU/37.5Hz11kN/Bearing2_5,-1,validation
2132,2,RM_002_XJTU,37.5Hz11kN/Bearing2_5/126.csv,0,0,0,1,25600,XJTU/37.5Hz11kN/Bearing2_5,-1,validation
2133,2,RM_002_XJTU,37.5Hz11kN/Bearing2_5/127.csv,0,0,0,1,25600,XJTU/37.5Hz11kN/Bearing2_5,-1,validation
2134,2,RM_002_XJTU,37.5Hz11kN/Bearing2_5/128.csv,0,0,0,1,25600,XJTU/37.5Hz11kN/Bearing2_5,-1,validation
2135,2,RM_002_XJTU,37.5Hz11kN/Bearing2_5/129.csv,0,0,0,1,25600,XJTU/37.5Hz11kN/Bearing2_5,-1,validation
2136,2,RM_002_XJTU,37.5Hz11kN/Bearing2_5/130.csv,0,0,0,1,25600,XJTU/37.5Hz11kN/Bearing2_5,-1,validation
2137,2,RM_002_XJTU,37.5Hz11kN/Bearing2_5/131.csv,0,0,0,1,25600,XJTU/37.5Hz11kN/Bearing2_5,-1,validation
2138,2,RM_002_XJTU,37.5Hz11kN/Bearing2_5/132.csv,0,0,0,1,25600,XJTU/37.5Hz11kN/Bearing2_5,-1,validation
2139,2,RM_002_XJTU,37.5Hz11kN/Bearing2_5/133.csv,0,0,0,1,25600,XJTU/37.5Hz11kN/Bearing2_5,-1,validation
2140,2,RM_002_XJTU,37.5Hz11kN/Bearing2_5/134.csv,0,0,0,1,25600,XJTU/37.5Hz11kN/Bearing2_5,-1,validation
2141,2,RM_002_XJTU,37.5Hz11kN/Bearing2_5/135.csv,0,0,0,1,25600,XJTU/37.5Hz11kN/Bearing2_5,-1,validation
2142,2,RM_002_XJTU,37.5Hz11kN/Bearing2_5/136.csv,0,0,0,1,25600,XJTU/37.5Hz11kN/Bearing2_5,-1,validation
2143,2,RM_002_XJTU,37.5Hz11kN/Bearing2_5/137.csv,0,0,0,1,25600,XJTU/37.5Hz11kN/Bearing2_5,-1,validation
2144,2,RM_002_XJTU,37.5Hz11kN/Bearing2_5/138.csv,0,0,0,1,25600,XJTU/37.5Hz11kN/Bearing2_5,-1,validation
2145,2,RM_002_XJTU,37.5Hz11kN/Bearing2_5/139.csv,0,0,0,1,25600,XJTU/37.5Hz11kN/Bearing2_5,-1,validation
2146,2,RM_002_XJTU,37.5Hz11kN/Bearing2_5/140.csv,0,0,0,1,25600,XJTU/37.5Hz11kN/Bearing2_5,-1,validation
2147,2,RM_002_XJTU,37.5Hz11kN/Bearing2_5/141.csv,0,0,0,1,25600,XJTU/37.5Hz11kN/Bearing2_5,-1,validation
2148,2,RM_002_XJTU,37.5Hz11kN/Bearing2_5/142.csv,0,0,0,1,25600,XJTU/37.5Hz11kN/Bearing2_5,-1,validation
2149,2,RM_002_XJTU,37.5Hz11kN/Bearing2_5/143.csv,0,0,0,1,25600,XJTU/37.5Hz11kN/Bearing2_5,-1,validation
2150,2,RM_002_XJTU,37.5Hz11kN/Bearing2_5/144.csv,0,0,0,1,25600,XJTU/37.5Hz11kN/Bearing2_5,-1,validation
2151,2,RM_002_XJTU,37.5Hz11kN/Bearing2_5/145.csv,0,0,0,1,25600,XJTU/37.5Hz11kN/Bearing2_5,-1,validation
2152,2,RM_002_XJTU,37.5Hz11kN/Bearing2_5/146.csv,0,0,0,1,25600,XJTU/37.5Hz11kN/Bearing2_5,-1,validation
2153,2,RM_002_XJTU,37.5Hz11kN/Bearing2_5/147.csv,0,0,0,1,25600,XJTU/37.5Hz11kN/Bearing2_5,-1,validation
2154,2,RM_002_XJTU,37.5Hz11kN/Bearing2_5/148.csv,0,0,0,1,25600,XJTU/37.5Hz11kN/Bearing2_5,-1,validation
2155,2,RM_002_XJTU,37.5Hz11kN/Bearing2_5/149.csv,0,0,0,1,25600,XJTU/37.5Hz11kN/Bearing2_5,-1,validation
2156,2,RM_002_XJTU,37.5Hz11kN/Bearing2_5/150.csv,0,0,0,1,25600,XJTU/37.5Hz11kN/Bearing2_5,-1,validation
2157,2,RM_002_XJTU,37.5Hz11kN/Bearing2_5/151.csv,0,0,0,1,25600,XJTU/37.5Hz11kN/Bearing2_5,-1,validation
2158,2,RM_002_XJTU,37.5Hz11kN/Bearing2_5/152.csv,0,0,0,1,25600,XJTU/37.5Hz11kN/Bearing2_5,-1,validation
2159,2,RM_002_XJTU,37.5Hz11kN/Bearing2_5/153.csv,0,0,0,1,25600,XJTU/37.5Hz11kN/Bearing2_5,-1,validation
2160,2,RM_002_XJTU,37.5Hz11kN/Bearing2_5/154.csv,0,0,0,1,25600,XJTU/37.5Hz11kN/Bearing2_5,-1,validation
2161,2,RM_002_XJTU,37.5Hz11kN/Bearing2_5/155.csv,0,0,0,1,25600,XJTU/37.5Hz11kN/Bearing2_5,-1,validation
2162,2,RM_002_XJTU,37.5Hz11kN/Bearing2_5/156.csv,0,0,0,1,25600,XJTU/37.5Hz11kN/Bearing2_5,-1,validation
2163,2,RM_002_XJTU,37.5Hz11kN/Bearing2_5/157.csv,0,0,0,1,25600,XJTU/37.5Hz11kN/Bearing2_5,-1,validation
2164,2,RM_002_XJTU,37.5Hz11kN/Bearing2_5/158.csv,0,0,0,1,25600,XJTU/37.5Hz11kN/Bearing2_5,-1,validation
2165,2,RM_002_XJTU,37.5Hz11kN/Bearing2_5/159.csv,0,0,0,1,25600,XJTU/37.5Hz11kN/Bearing2_5,-1,validation
2166,2,RM_002_XJTU,37.5Hz11kN/Bearing2_5/160.csv,0,0,0,1,25600,XJTU/37.5Hz11kN/Bearing2_5,-1,validation
2167,2,RM_002_XJTU,37.5Hz11kN/Bearing2_5/161.csv,0,0,0,1,25600,XJTU/37.5Hz11kN/Bearing2_5,-1,validation
2168,2,RM_002_XJTU,37.5Hz11kN/Bearing2_5/162.csv,0,0,0,1,25600,XJTU/37.5Hz11kN/Bearing2_5,-1,validation
2169,2,RM_002_XJTU,37.5Hz11kN/Bearing2_5/163.csv,0,0,0,1,25600,XJTU/37.5Hz11kN/Bearing2_5,-1,validation
2170,2,RM_002_XJTU,37.5Hz11kN/Bearing2_5/164.csv,0,0,0,1,25600,XJTU/37.5Hz11kN/Bearing2_5,-1,validation
2171,2,RM_002_XJTU,37.5Hz11kN/Bearing2_5/165.csv,0,0,0,1,25600,XJTU/37.5Hz11kN/Bearing2_5,-1,validation
2172,2,RM_002_XJTU,37.5Hz11kN/Bearing2_5/166.csv,0,0,0,1,25600,XJTU/37.5Hz11kN/Bearing2_5,-1,validation
2173,2,RM_002_XJTU,37.5Hz11kN/Bearing2_5/167.csv,0,0,0,1,25600,XJTU/37.5Hz11kN/Bearing2_5,-1,validation
2174,2,RM_002_XJTU,37.5Hz11kN/Bearing2_5/168.csv,0,0,0,1,25600,XJTU/37.5Hz11kN/Bearing2_5,-1,validation
2175,2,RM_002_XJTU,37.5Hz11kN/Bearing2_5/169.csv,0,0,0,1,25600,XJTU/37.5Hz11kN/Bearing2_5,-1,validation
2176,2,RM_002_XJTU,37.5Hz11kN/Bearing2_5/170.csv,0,0,0,1,25600,XJTU/37.5Hz11kN/Bearing2_5,-1,validation
2211,2,RM_002_XJTU,37.5Hz11kN/Bearing2_5/205.csv,10,1,1,1,25600,XJTU/37.5Hz11kN/Bearing2_5,-1,validation
2212,2,RM_002_XJTU,37.5Hz11kN/Bearing2_5/206.csv,10,1,1,1,25600,XJTU/37.5Hz11kN/Bearing2_5,-1,validation
2213,2,RM_002_XJTU,37.5Hz11kN/Bearing2_5/207.csv,10,1,1,1,25600,XJTU/37.5Hz11kN/Bearing2_5,-1,validation
2214,2,RM_002_XJTU,37.5Hz11kN/Bearing2_5/208.csv,10,1,1,1,25600,XJTU/37.5Hz11kN/Bearing2_5,-1,validation
2215,2,RM_002_XJTU,37.5Hz11kN/Bearing2_5/209.csv,10,1,1,1,25600,XJTU/37.5Hz11kN/Bearing2_5,-1,validation
2216,2,RM_002_XJTU,37.5Hz11kN/Bearing2_5/210.csv,10,1,1,1,25600,XJTU/37.5Hz11kN/Bearing2_5,-1,validation
2217,2,RM_002_XJTU,37.5Hz11kN/Bearing2_5/211.csv,10,1,1,1,25600,XJTU/37.5Hz11kN/Bearing2_5,-1,validation
2218,2,RM_002_XJTU,37.5Hz11kN/Bearing2_5/212.csv,10,1,1,1,25600,XJTU/37.5Hz11kN/Bearing2_5,-1,validation
2219,2,RM_002_XJTU,37.5Hz11kN/Bearing2_5/213.csv,10,1,1,1,25600,XJTU/37.5Hz11kN/Bearing2_5,-1,validation
2220,2,RM_002_XJTU,37.5Hz11kN/Bearing2_5/214.csv,10,1,1,1,25600,XJTU/37.5Hz11kN/Bearing2_5,-1,validation
2221,2,RM_002_XJTU,37.5Hz11kN/Bearing2_5/215.csv,10,1,1,1,25600,XJTU/37.5Hz11kN/Bearing2_5,-1,validation
2222,2,RM_002_XJTU,37.5Hz11kN/Bearing2_5/216.csv,10,1,1,1,25600,XJTU/37.5Hz11kN/Bearing2_5,-1,validation
2223,2,RM_002_XJTU,37.5Hz11kN/Bearing2_5/217.csv,10,1,1,1,25600,XJTU/37.5Hz11kN/Bearing2_5,-1,validation
2224,2,RM_002_XJTU,37.5Hz11kN/Bearing2_5/218.csv,10,1,1,1,25600,XJTU/37.5Hz11kN/Bearing2_5,-1,validation
2225,2,RM_002_XJTU,37.5Hz11kN/Bearing2_5/219.csv,10,1,1,1,25600,XJTU/37.5Hz11kN/Bearing2_5,-1,validation
2226,2,RM_002_XJTU,37.5Hz11kN/Bearing2_5/220.csv,10,1,1,1,25600,XJTU/37.5Hz11kN/Bearing2_5,-1,validation
2227,2,RM_002_XJTU,37.5Hz11kN/Bearing2_5/221.csv,10,1,1,1,25600,XJTU/37.5Hz11kN/Bearing2_5,-1,validation
2228,2,RM_002_XJTU,37.5Hz11kN/Bearing2_5/222.csv,10,1,1,1,25600,XJTU/37.5Hz11kN/Bearing2_5,-1,validation
2229,2,RM_002_XJTU,37.5Hz11kN/Bearing2_5/223.csv,10,1,1,1,25600,XJTU/37.5Hz11kN/Bearing2_5,-1,validation
2230,2,RM_002_XJTU,37.5Hz11kN/Bearing2_5/224.csv,10,1,1,1,25600,XJTU/37.5Hz11kN/Bearing2_5,-1,validation
2231,2,RM_002_XJTU,37.5Hz11kN/Bearing2_5/225.csv,10,1,1,1,25600,XJTU/37.5Hz11kN/Bearing2_5,-1,validation
2232,2,RM_002_XJTU,37.5Hz11kN/Bearing2_5/226.csv,10,1,1,1,25600,XJTU/37.5Hz11kN/Bearing2_5,-1,validation
2233,2,RM_002_XJTU,37.5Hz11kN/Bearing2_5/227.csv,10,1,1,1,25600,XJTU/37.5Hz11kN/Bearing2_5,-1,validation
2234,2,RM_002_XJTU,37.5Hz11kN/Bearing2_5/228.csv,10,1,1,1,25600,XJTU/37.5Hz11kN/Bearing2_5,-1,validation
2235,2,RM_002_XJTU,37.5Hz11kN/Bearing2_5/229.csv,10,1,1,1,25600,XJTU/37.5Hz11kN/Bearing2_5,-1,validation
2236,2,RM_002_XJTU,37.5Hz11kN/Bearing2_5/230.csv,10,1,1,1,25600,XJTU/37.5Hz11kN/Bearing2_5,-1,validation
2237,2,RM_002_XJTU,37.5Hz11kN/Bearing2_5/231.csv,10,1,1,1,25600,XJTU/37.5Hz11kN/Bearing2_5,-1,validation
2238,2,RM_002_XJTU,37.5Hz11kN/Bearing2_5/232.csv,10,1,1,1,25600,XJTU/37.5Hz11kN/Bearing2_5,-1,validation
2239,2,RM_002_XJTU,37.5Hz11kN/Bearing2_5/233.csv,10,1,1,1,25600,XJTU/37.5Hz11kN/Bearing2_5,-1,validation
2240,2,RM_002_XJTU,37.5Hz11kN/Bearing2_5/234.csv,10,1,1,1,25600,XJTU/37.5Hz11kN/Bearing2_5,-1,validation
2241,2,RM_002_XJTU,37.5Hz11kN/Bearing2_5/235.csv,10,1,1,1,25600,XJTU/37.5Hz11kN/Bearing2_5,-1,validation
2242,2,RM_002_XJTU,37.5Hz11kN/Bearing2_5/236.csv,10,1,1,1,25600,XJTU/37.5Hz11kN/Bearing2_5,-1,validation
2243,2,RM_002_XJTU,37.5Hz11kN/Bearing2_5/237.csv,10,1,1,1,25600,XJTU/37.5Hz11kN/Bearing2_5,-1,validation
2244,2,RM_002_XJTU,37.5Hz11kN/Bearing2_5/238.csv,10,1,1,1,25600,XJTU/37.5Hz11kN/Bearing2_5,-1,validation
2245,2,RM_002_XJTU,37.5Hz11kN/Bearing2_5/239.csv,10,1,1,1,25600,XJTU/37.5Hz11kN/Bearing2_5,-1,validation
2246,2,RM_002_XJTU,37.5Hz11kN/Bearing2_5/240.csv,10,1,1,1,25600,XJTU/37.5Hz11kN/Bearing2_5,-1,validation
2247,2,RM_002_XJTU,37.5Hz11kN/Bearing2_5/241.csv,10,1,1,1,25600,XJTU/37.5Hz11kN/Bearing2_5,-1,validation
2248,2,RM_002_XJTU,37.5Hz11kN/Bearing2_5/242.csv,10,1,1,1,25600,XJTU/37.5Hz11kN/Bearing2_5,-1,validation
2249,2,RM_002_XJTU,37.5Hz11kN/Bearing2_5/243.csv,10,1,1,1,25600,XJTU/37.5Hz11kN/Bearing2_5,-1,validation
2250,2,RM_002_XJTU,37.5Hz11kN/Bearing2_5/244.csv,10,1,1,1,25600,XJTU/37.5Hz11kN/Bearing2_5,-1,validation
2251,2,RM_002_XJTU,37.5Hz11kN/Bearing2_5/245.csv,10,1,1,1,25600,XJTU/37.5Hz11kN/Bearing2_5,-1,validation
2252,2,RM_002_XJTU,37.5Hz11kN/Bearing2_5/246.csv,10,1,1,1,25600,XJTU/37.5Hz11kN/Bearing2_5,-1,validation
2253,2,RM_002_XJTU,37.5Hz11kN/Bearing2_5/247.csv,10,1,1,1,25600,XJTU/37.5Hz11kN/Bearing2_5,-1,validation
2254,2,RM_002_XJTU,37.5Hz11kN/Bearing2_5/248.csv,10,1,1,1,25600,XJTU/37.5Hz11kN/Bearing2_5,-1,validation
2255,2,RM_002_XJTU,37.5Hz11kN/Bearing2_5/249.csv,10,1,1,1,25600,XJTU/37.5Hz11kN/Bearing2_5,-1,validation
2256,2,RM_002_XJTU,37.5Hz11kN/Bearing2_5/250.csv,10,1,1,1,25600,XJTU/37.5Hz11kN/Bearing2_5,-1,validation
2257,2,RM_002_XJTU,37.5Hz11kN/Bearing2_5/251.csv,10,1,1,1,25600,XJTU/37.5Hz11kN/Bearing2_5,-1,validation
2258,2,RM_002_XJTU,37.5Hz11kN/Bearing2_5/252.csv,10,1,1,1,25600,XJTU/37.5Hz11kN/Bearing2_5,-1,validation
2259,2,RM_002_XJTU,37.5Hz11kN/Bearing2_5/253.csv,10,1,1,1,25600,XJTU/37.5Hz11kN/Bearing2_5,-1,validation
2260,2,RM_002_XJTU,37.5Hz11kN/Bearing2_5/254.csv,10,1,1,1,25600,XJTU/37.5Hz11kN/Bearing2_5,-1,validation
2261,2,RM_002_XJTU,37.5Hz11kN/Bearing2_5/255.csv,10,1,1,1,25600,XJTU/37.5Hz11kN/Bearing2_5,-1,validation
2262,2,RM_002_XJTU,37.5Hz11kN/Bearing2_5/256.csv,10,1,1,1,25600,XJTU/37.5Hz11kN/Bearing2_5,-1,validation
2263,2,RM_002_XJTU,37.5Hz11kN/Bearing2_5/257.csv,10,1,1,1,25600,XJTU/37.5Hz11kN/Bearing2_5,-1,validation
2264,2,RM_002_XJTU,37.5Hz11kN/Bearing2_5/258.csv,10,1,1,1,25600,XJTU/37.5Hz11kN/Bearing2_5,-1,validation
2265,2,RM_002_XJTU,37.5Hz11kN/Bearing2_5/259.csv,10,1,1,1,25600,XJTU/37.5Hz11kN/Bearing2_5,-1,validation
2266,2,RM_002_XJTU,37.5Hz11kN/Bearing2_5/260.csv,10,1,1,1,25600,XJTU/37.5Hz11kN/Bearing2_5,-1,validation
2267,2,RM_002_XJTU,37.5Hz11kN/Bearing2_5/261.csv,10,1,1,1,25600,XJTU/37.5Hz11kN/Bearing2_5,-1,validation
2268,2,RM_002_XJTU,37.5Hz11kN/Bearing2_5/262.csv,10,1,1,1,25600,XJTU/37.5Hz11kN/Bearing2_5,-1,validation
2269,2,RM_002_XJTU,37.5Hz11kN/Bearing2_5/263.csv,10,1,1,1,25600,XJTU/37.5Hz11kN/Bearing2_5,-1,validation
2270,2,RM_002_XJTU,37.5Hz11kN/Bearing2_5/264.csv,10,1,1,1,25600,XJTU/37.5Hz11kN/Bearing2_5,-1,validation
2271,2,RM_002_XJTU,37.5Hz11kN/Bearing2_5/265.csv,10,1,1,1,25600,XJTU/37.5Hz11kN/Bearing2_5,-1,validation
2272,2,RM_002_XJTU,37.5Hz11kN/Bearing2_5/266.csv,10,1,1,1,25600,XJTU/37.5Hz11kN/Bearing2_5,-1,validation
2273,2,RM_002_XJTU,37.5Hz11kN/Bearing2_5/267.csv,10,1,1,1,25600,XJTU/37.5Hz11kN/Bearing2_5,-1,validation
2274,2,RM_002_XJTU,37.5Hz11kN/Bearing2_5/268.csv,10,1,1,1,25600,XJTU/37.5Hz11kN/Bearing2_5,-1,validation
2275,2,RM_002_XJTU,37.5Hz11kN/Bearing2_5/269.csv,10,1,1,1,25600,XJTU/37.5Hz11kN/Bearing2_5,-1,validation
2276,2,RM_002_XJTU,37.5Hz11kN/Bearing2_5/270.csv,10,1,1,1,25600,XJTU/37.5Hz11kN/Bearing2_5,-1,validation
2277,2,RM_002_XJTU,37.5Hz11kN/Bearing2_5/271.csv,10,1,1,1,25600,XJTU/37.5Hz11kN/Bearing2_5,-1,validation
2278,2,RM_002_XJTU,37.5Hz11kN/Bearing2_5/272.csv,10,1,1,1,25600,XJTU/37.5Hz11kN/Bearing2_5,-1,validation
2279,2,RM_002_XJTU,37.5Hz11kN/Bearing2_5/273.csv,10,1,1,1,25600,XJTU/37.5Hz11kN/Bearing2_5,-1,validation
2280,2,RM_002_XJTU,37.5Hz11kN/Bearing2_5/274.csv,10,1,1,1,25600,XJTU/37.5Hz11kN/Bearing2_5,-1,validation
2281,2,RM_002_XJTU,37.5Hz11kN/Bearing2_5/275.csv,10,1,1,1,25600,XJTU/37.5Hz11kN/Bearing2_5,-1,validation
2282,2,RM_002_XJTU,37.5Hz11kN/Bearing2_5/276.csv,10,1,1,1,25600,XJTU/37.5Hz11kN/Bearing2_5,-1,validation
2283,2,RM_002_XJTU,37.5Hz11kN/Bearing2_5/277.csv,10,1,1,1,25600,XJTU/37.5Hz11kN/Bearing2_5,-1,validation
2284,2,RM_002_XJTU,37.5Hz11kN/Bearing2_5/278.csv,10,1,1,1,25600,XJTU/37.5Hz11kN/Bearing2_5,-1,validation
2285,2,RM_002_XJTU,37.5Hz11kN/Bearing2_5/279.csv,10,1,1,1,25600,XJTU/37.5Hz11kN/Bearing2_5,-1,validation
2286,2,RM_002_XJTU,37.5Hz11kN/Bearing2_5/280.csv,10,1,1,1,25600,XJTU/37.5Hz11kN/Bearing2_5,-1,validation
2287,2,RM_002_XJTU,37.5Hz11kN/Bearing2_5/281.csv,10,1,1,1,25600,XJTU/37.5Hz11kN/Bearing2_5,-1,validation
2288,2,RM_002_XJTU,37.5Hz11kN/Bearing2_5/282.csv,10,1,1,1,25600,XJTU/37.5Hz11kN/Bearing2_5,-1,validation
2289,2,RM_002_XJTU,37.5Hz11kN/Bearing2_5/283.csv,10,1,1,1,25600,XJTU/37.5Hz11kN/Bearing2_5,-1,validation
2290,2,RM_002_XJTU,37.5Hz11kN/Bearing2_5/284.csv,10,1,1,1,25600,XJTU/37.5Hz11kN/Bearing2_5,-1,validation
2291,2,RM_002_XJTU,37.5Hz11kN/Bearing2_5/285.csv,10,1,1,1,25600,XJTU/37.5Hz11kN/Bearing2_5,-1,validation
2292,2,RM_002_XJTU,37.5Hz11kN/Bearing2_5/286.csv,10,1,1,1,25600,XJTU/37.5Hz11kN/Bearing2_5,-1,validation
2293,2,RM_002_XJTU,37.5Hz11kN/Bearing2_5/287.csv,10,1,1,1,25600,XJTU/37.5Hz11kN/Bearing2_5,-1,validation
2294,2,RM_002_XJTU,37.5Hz11kN/Bearing2_5/288.csv,10,1,1,1,25600,XJTU/37.5Hz11kN/Bearing2_5,-1,validation
2295,2,RM_002_XJTU,37.5Hz11kN/Bearing2_5/289.csv,10,1,1,1,25600,XJTU/37.5Hz11kN/Bearing2_5,-1,validation
2296,2,RM_002_XJTU,37.5Hz11kN/Bearing2_5/290.csv,10,1,1,1,25600,XJTU/37.5Hz11kN/Bearing2_5,-1,validation
2297,2,RM_002_XJTU,37.5Hz11kN/Bearing2_5/291.csv,10,1,1,1,25600,XJTU/37.5Hz11kN/Bearing2_5,-1,validation
2298,2,RM_002_XJTU,37.5Hz11kN/Bearing2_5/292.csv,10,1,1,1,25600,XJTU/37.5Hz11kN/Bearing2_5,-1,validation
2299,2,RM_002_XJTU,37.5Hz11kN/Bearing2_5/293.csv,10,1,1,1,25600,XJTU/37.5Hz11kN/Bearing2_5,-1,validation
2300,2,RM_002_XJTU,37.5Hz11kN/Bearing2_5/294.csv,10,1,1,1,25600,XJTU/37.5Hz11kN/Bearing2_5,-1,validation
2301,2,RM_002_XJTU,37.5Hz11kN/Bearing2_5/295.csv,10,1,1,1,25600,XJTU/37.5Hz11kN/Bearing2_5,-1,validation
2302,2,RM_002_XJTU,37.5Hz11kN/Bearing2_5/296.csv,10,1,1,1,25600,XJTU/37.5Hz11kN/Bearing2_5,-1,validation
2303,2,RM_002_XJTU,37.5Hz11kN/Bearing2_5/297.csv,10,1,1,1,25600,XJTU/37.5Hz11kN/Bearing2_5,-1,validation
2304,2,RM_002_XJTU,37.5Hz11kN/Bearing2_5/298.csv,10,1,1,1,25600,XJTU/37.5Hz11kN/Bearing2_5,-1,validation
2305,2,RM_002_XJTU,37.5Hz11kN/Bearing2_5/299.csv,10,1,1,1,25600,XJTU/37.5Hz11kN/Bearing2_5,-1,validation
2306,2,RM_002_XJTU,37.5Hz11kN/Bearing2_5/300.csv,10,1,1,1,25600,XJTU/37.5Hz11kN/Bearing2_5,-1,validation
2307,2,RM_002_XJTU,37.5Hz11kN/Bearing2_5/301.csv,10,1,1,1,25600,XJTU/37.5Hz11kN/Bearing2_5,-1,validation
2308,2,RM_002_XJTU,37.5Hz11kN/Bearing2_5/302.csv,10,1,1,1,25600,XJTU/37.5Hz11kN/Bearing2_5,-1,validation
2309,2,RM_002_XJTU,37.5Hz11kN/Bearing2_5/303.csv,10,1,1,1,25600,XJTU/37.5Hz11kN/Bearing2_5,-1,validation
2310,2,RM_002_XJTU,37.5Hz11kN/Bearing2_5/304.csv,10,1,1,1,25600,XJTU/37.5Hz11kN/Bearing2_5,-1,validation
2311,2,RM_002_XJTU,37.5Hz11kN/Bearing2_5/305.csv,10,1,1,1,25600,XJTU/37.5Hz11kN/Bearing2_5,-1,validation
2312,2,RM_002_XJTU,37.5Hz11kN/Bearing2_5/306.csv,10,1,1,1,25600,XJTU/37.5Hz11kN/Bearing2_5,-1,validation
2313,2,RM_002_XJTU,37.5Hz11kN/Bearing2_5/307.csv,10,1,1,1,25600,XJTU/37.5Hz11kN/Bearing2_5,-1,validation
2314,2,RM_002_XJTU,37.5Hz11kN/Bearing2_5/308.csv,10,1,1,1,25600,XJTU/37.5Hz11kN/Bearing2_5,-1,validation
2315,2,RM_002_XJTU,37.5Hz11kN/Bearing2_5/309.csv,10,1,1,1,25600,XJTU/37.5Hz11kN/Bearing2_5,-1,validation
2316,2,RM_002_XJTU,37.5Hz11kN/Bearing2_5/310.csv,10,1,1,1,25600,XJTU/37.5Hz11kN/Bearing2_5,-1,validation
2317,2,RM_002_XJTU,37.5Hz11kN/Bearing2_5/311.csv,10,1,1,1,25600,XJTU/37.5Hz11kN/Bearing2_5,-1,validation
2318,2,RM_002_XJTU,37.5Hz11kN/Bearing2_5/312.csv,10,1,1,1,25600,XJTU/37.5Hz11kN/Bearing2_5,-1,validation
2319,2,RM_002_XJTU,37.5Hz11kN/Bearing2_5/313.csv,10,1,1,1,25600,XJTU/37.5Hz11kN/Bearing2_5,-1,validation
2320,2,RM_002_XJTU,37.5Hz11kN/Bearing2_5/314.csv,10,1,1,1,25600,XJTU/37.5Hz11kN/Bearing2_5,-1,validation
2321,2,RM_002_XJTU,37.5Hz11kN/Bearing2_5/315.csv,10,1,1,1,25600,XJTU/37.5Hz11kN/Bearing2_5,-1,validation
2322,2,RM_002_XJTU,37.5Hz11kN/Bearing2_5/316.csv,10,1,1,1,25600,XJTU/37.5Hz11kN/Bearing2_5,-1,validation
2323,2,RM_002_XJTU,37.5Hz11kN/Bearing2_5/317.csv,10,1,1,1,25600,XJTU/37.5Hz11kN/Bearing2_5,-1,validation
2324,2,RM_002_XJTU,37.5Hz11kN/Bearing2_5/318.csv,10,1,1,1,25600,XJTU/37.5Hz11kN/Bearing2_5,-1,validation
2325,2,RM_002_XJTU,37.5Hz11kN/Bearing2_5/319.csv,10,1,1,1,25600,XJTU/37.5Hz11kN/Bearing2_5,-1,validation
2326,2,RM_002_XJTU,37.5Hz11kN/Bearing2_5/320.csv,10,1,1,1,25600,XJTU/37.5Hz11kN/Bearing2_5,-1,validation
2327,2,RM_002_XJTU,37.5Hz11kN/Bearing2_5/321.csv,10,1,1,1,25600,XJTU/37.5Hz11kN/Bearing2_5,-1,validation
2328,2,RM_002_XJTU,37.5Hz11kN/Bearing2_5/322.csv,10,1,1,1,25600,XJTU/37.5Hz11kN/Bearing2_5,-1,validation
2329,2,RM_002_XJTU,37.5Hz11kN/Bearing2_5/323.csv,10,1,1,1,25600,XJTU/37.5Hz11kN/Bearing2_5,-1,validation
2330,2,RM_002_XJTU,37.5Hz11kN/Bearing2_5/324.csv,10,1,1,1,25600,XJTU/37.5Hz11kN/Bearing2_5,-1,validation
2331,2,RM_002_XJTU,37.5Hz11kN/Bearing2_5/325.csv,10,1,1,1,25600,XJTU/37.5Hz11kN/Bearing2_5,-1,validation
2332,2,RM_002_XJTU,37.5Hz11kN/Bearing2_5/326.csv,10,1,1,1,25600,XJTU/37.5Hz11kN/Bearing2_5,-1,validation
2333,2,RM_002_XJTU,37.5Hz11kN/Bearing2_5/327.csv,10,1,1,1,25600,XJTU/37.5Hz11kN/Bearing2_5,-1,validation
2334,2,RM_002_XJTU,37.5Hz11kN/Bearing2_5/328.csv,10,1,1,1,25600,XJTU/37.5Hz11kN/Bearing2_5,-1,validation
2335,2,RM_002_XJTU,37.5Hz11kN/Bearing2_5/329.csv,10,1,1,1,25600,XJTU/37.5Hz11kN/Bearing2_5,-1,validation
2336,2,RM_002_XJTU,37.5Hz11kN/Bearing2_5/330.csv,10,1,1,1,25600,XJTU/37.5Hz11kN/Bearing2_5,-1,validation
2337,2,RM_002_XJTU,37.5Hz11kN/Bearing2_5/331.csv,10,1,1,1,25600,XJTU/37.5Hz11kN/Bearing2_5,-1,validation
2338,2,RM_002_XJTU,37.5Hz11kN/Bearing2_5/332.csv,10,1,1,1,25600,XJTU/37.5Hz11kN/Bearing2_5,-1,validation
2339,2,RM_002_XJTU,37.5Hz11kN/Bearing2_5/333.csv,10,1,1,1,25600,XJTU/37.5Hz11kN/Bearing2_5,-1,validation
2340,2,RM_002_XJTU,37.5Hz11kN/Bearing2_5/334.csv,10,1,1,1,25600,XJTU/37.5Hz11kN/Bearing2_5,-1,validation
2341,2,RM_002_XJTU,37.5Hz11kN/Bearing2_5/335.csv,10,1,1,1,25600,XJTU/37.5Hz11kN/Bearing2_5,-1,validation
2342,2,RM_002_XJTU,37.5Hz11kN/Bearing2_5/336.csv,10,1,1,1,25600,XJTU/37.5Hz11kN/Bearing2_5,-1,validation
2343,2,RM_002_XJTU,37.5Hz11kN/Bearing2_5/337.csv,10,1,1,1,25600,XJTU/37.5Hz11kN/Bearing2_5,-1,validation
2344,2,RM_002_XJTU,37.5Hz11kN/Bearing2_5/338.csv,10,1,1,1,25600,XJTU/37.5Hz11kN/Bearing2_5,-1,validation
2345,2,RM_002_XJTU,37.5Hz11kN/Bearing2_5/339.csv,10,1,1,1,25600,XJTU/37.5Hz11kN/Bearing2_5,-1,validation
2347,2,RM_002_XJTU,40Hz10kN/Bearing3_1/1.csv,0,0,0,2,25600,XJTU/40Hz10kN/Bearing3_1,-1,test
2348,2,RM_002_XJTU,40Hz10kN/Bearing3_1/2.csv,0,0,0,2,25600,XJTU/40Hz10kN/Bearing3_1,-1,test
2349,2,RM_002_XJTU,40Hz10kN/Bearing3_1/3.csv,0,0,0,2,25600,XJTU/40Hz10kN/Bearing3_1,-1,test
2350,2,RM_002_XJTU,40Hz10kN/Bearing3_1/4.csv,0,0,0,2,25600,XJTU/40Hz10kN/Bearing3_1,-1,test
2351,2,RM_002_XJTU,40Hz10kN/Bearing3_1/5.csv,0,0,0,2,25600,XJTU/40Hz10kN/Bearing3_1,-1,test
2352,2,RM_002_XJTU,40Hz10kN/Bearing3_1/6.csv,0,0,0,2,25600,XJTU/40Hz10kN/Bearing3_1,-1,test
2353,2,RM_002_XJTU,40Hz10kN/Bearing3_1/7.csv,0,0,0,2,25600,XJTU/40Hz10kN/Bearing3_1,-1,test
2354,2,RM_002_XJTU,40Hz10kN/Bearing3_1/8.csv,0,0,0,2,25600,XJTU/40Hz10kN/Bearing3_1,-1,test
2355,2,RM_002_XJTU,40Hz10kN/Bearing3_1/9.csv,0,0,0,2,25600,XJTU/40Hz10kN/Bearing3_1,-1,test
2356,2,RM_002_XJTU,40Hz10kN/Bearing3_1/10.csv,0,0,0,2,25600,XJTU/40Hz10kN/Bearing3_1,-1,test
2357,2,RM_002_XJTU,40Hz10kN/Bearing3_1/11.csv,0,0,0,2,25600,XJTU/40Hz10kN/Bearing3_1,-1,test
2358,2,RM_002_XJTU,40Hz10kN/Bearing3_1/12.csv,0,0,0,2,25600,XJTU/40Hz10kN/Bearing3_1,-1,test
2359,2,RM_002_XJTU,40Hz10kN/Bearing3_1/13.csv,0,0,0,2,25600,XJTU/40Hz10kN/Bearing3_1,-1,test
2360,2,RM_002_XJTU,40Hz10kN/Bearing3_1/14.csv,0,0,0,2,25600,XJTU/40Hz10kN/Bearing3_1,-1,test
2361,2,RM_002_XJTU,40Hz10kN/Bearing3_1/15.csv,0,0,0,2,25600,XJTU/40Hz10kN/Bearing3_1,-1,test
2362,2,RM_002_XJTU,40Hz10kN/Bearing3_1/16.csv,0,0,0,2,25600,XJTU/40Hz10kN/Bearing3_1,-1,test
2363,2,RM_002_XJTU,40Hz10kN/Bearing3_1/17.csv,0,0,0,2,25600,XJTU/40Hz10kN/Bearing3_1,-1,test
2364,2,RM_002_XJTU,40Hz10kN/Bearing3_1/18.csv,0,0,0,2,25600,XJTU/40Hz10kN/Bearing3_1,-1,test
2365,2,RM_002_XJTU,40Hz10kN/Bearing3_1/19.csv,0,0,0,2,25600,XJTU/40Hz10kN/Bearing3_1,-1,test
2366,2,RM_002_XJTU,40Hz10kN/Bearing3_1/20.csv,0,0,0,2,25600,XJTU/40Hz10kN/Bearing3_1,-1,test
2367,2,RM_002_XJTU,40Hz10kN/Bearing3_1/21.csv,0,0,0,2,25600,XJTU/40Hz10kN/Bearing3_1,-1,test
2368,2,RM_002_XJTU,40Hz10kN/Bearing3_1/22.csv,0,0,0,2,25600,XJTU/40Hz10kN/Bearing3_1,-1,test
2369,2,RM_002_XJTU,40Hz10kN/Bearing3_1/23.csv,0,0,0,2,25600,XJTU/40Hz10kN/Bearing3_1,-1,test
2370,2,RM_002_XJTU,40Hz10kN/Bearing3_1/24.csv,0,0,0,2,25600,XJTU/40Hz10kN/Bearing3_1,-1,test
2371,2,RM_002_XJTU,40Hz10kN/Bearing3_1/25.csv,0,0,0,2,25600,XJTU/40Hz10kN/Bearing3_1,-1,test
2372,2,RM_002_XJTU,40Hz10kN/Bearing3_1/26.csv,0,0,0,2,25600,XJTU/40Hz10kN/Bearing3_1,-1,test
2373,2,RM_002_XJTU,40Hz10kN/Bearing3_1/27.csv,0,0,0,2,25600,XJTU/40Hz10kN/Bearing3_1,-1,test
2374,2,RM_002_XJTU,40Hz10kN/Bearing3_1/28.csv,0,0,0,2,25600,XJTU/40Hz10kN/Bearing3_1,-1,test
2375,2,RM_002_XJTU,40Hz10kN/Bearing3_1/29.csv,0,0,0,2,25600,XJTU/40Hz10kN/Bearing3_1,-1,test
2376,2,RM_002_XJTU,40Hz10kN/Bearing3_1/30.csv,0,0,0,2,25600,XJTU/40Hz10kN/Bearing3_1,-1,test
2377,2,RM_002_XJTU,40Hz10kN/Bearing3_1/31.csv,0,0,0,2,25600,XJTU/40Hz10kN/Bearing3_1,-1,test
2378,2,RM_002_XJTU,40Hz10kN/Bearing3_1/32.csv,0,0,0,2,25600,XJTU/40Hz10kN/Bearing3_1,-1,test
2379,2,RM_002_XJTU,40Hz10kN/Bearing3_1/33.csv,0,0,0,2,25600,XJTU/40Hz10kN/Bearing3_1,-1,test
2380,2,RM_002_XJTU,40Hz10kN/Bearing3_1/34.csv,0,0,0,2,25600,XJTU/40Hz10kN/Bearing3_1,-1,test
2381,2,RM_002_XJTU,40Hz10kN/Bearing3_1/35.csv,0,0,0,2,25600,XJTU/40Hz10kN/Bearing3_1,-1,test
2382,2,RM_002_XJTU,40Hz10kN/Bearing3_1/36.csv,0,0,0,2,25600,XJTU/40Hz10kN/Bearing3_1,-1,test
2383,2,RM_002_XJTU,40Hz10kN/Bearing3_1/37.csv,0,0,0,2,25600,XJTU/40Hz10kN/Bearing3_1,-1,test
2384,2,RM_002_XJTU,40Hz10kN/Bearing3_1/38.csv,0,0,0,2,25600,XJTU/40Hz10kN/Bearing3_1,-1,test
2385,2,RM_002_XJTU,40Hz10kN/Bearing3_1/39.csv,0,0,0,2,25600,XJTU/40Hz10kN/Bearing3_1,-1,test
2386,2,RM_002_XJTU,40Hz10kN/Bearing3_1/40.csv,0,0,0,2,25600,XJTU/40Hz10kN/Bearing3_1,-1,test
2387,2,RM_002_XJTU,40Hz10kN/Bearing3_1/41.csv,0,0,0,2,25600,XJTU/40Hz10kN/Bearing3_1,-1,test
2388,2,RM_002_XJTU,40Hz10kN/Bearing3_1/42.csv,0,0,0,2,25600,XJTU/40Hz10kN/Bearing3_1,-1,test
2389,2,RM_002_XJTU,40Hz10kN/Bearing3_1/43.csv,0,0,0,2,25600,XJTU/40Hz10kN/Bearing3_1,-1,test
2390,2,RM_002_XJTU,40Hz10kN/Bearing3_1/44.csv,0,0,0,2,25600,XJTU/40Hz10kN/Bearing3_1,-1,test
2391,2,RM_002_XJTU,40Hz10kN/Bearing3_1/45.csv,0,0,0,2,25600,XJTU/40Hz10kN/Bearing3_1,-1,test
2392,2,RM_002_XJTU,40Hz10kN/Bearing3_1/46.csv,0,0,0,2,25600,XJTU/40Hz10kN/Bearing3_1,-1,test
2393,2,RM_002_XJTU,40Hz10kN/Bearing3_1/47.csv,0,0,0,2,25600,XJTU/40Hz10kN/Bearing3_1,-1,test
2394,2,RM_002_XJTU,40Hz10kN/Bearing3_1/48.csv,0,0,0,2,25600,XJTU/40Hz10kN/Bearing3_1,-1,test
2395,2,RM_002_XJTU,40Hz10kN/Bearing3_1/49.csv,0,0,0,2,25600,XJTU/40Hz10kN/Bearing3_1,-1,test
2396,2,RM_002_XJTU,40Hz10kN/Bearing3_1/50.csv,0,0,0,2,25600,XJTU/40Hz10kN/Bearing3_1,-1,test
2397,2,RM_002_XJTU,40Hz10kN/Bearing3_1/51.csv,0,0,0,2,25600,XJTU/40Hz10kN/Bearing3_1,-1,test
2398,2,RM_002_XJTU,40Hz10kN/Bearing3_1/52.csv,0,0,0,2,25600,XJTU/40Hz10kN/Bearing3_1,-1,test
2399,2,RM_002_XJTU,40Hz10kN/Bearing3_1/53.csv,0,0,0,2,25600,XJTU/40Hz10kN/Bearing3_1,-1,test
2400,2,RM_002_XJTU,40Hz10kN/Bearing3_1/54.csv,0,0,0,2,25600,XJTU/40Hz10kN/Bearing3_1,-1,test
2401,2,RM_002_XJTU,40Hz10kN/Bearing3_1/55.csv,0,0,0,2,25600,XJTU/40Hz10kN/Bearing3_1,-1,test
2402,2,RM_002_XJTU,40Hz10kN/Bearing3_1/56.csv,0,0,0,2,25600,XJTU/40Hz10kN/Bearing3_1,-1,test
2403,2,RM_002_XJTU,40Hz10kN/Bearing3_1/57.csv,0,0,0,2,25600,XJTU/40Hz10kN/Bearing3_1,-1,test
2404,2,RM_002_XJTU,40Hz10kN/Bearing3_1/58.csv,0,0,0,2,25600,XJTU/40Hz10kN/Bearing3_1,-1,test
2405,2,RM_002_XJTU,40Hz10kN/Bearing3_1/59.csv,0,0,0,2,25600,XJTU/40Hz10kN/Bearing3_1,-1,test
2406,2,RM_002_XJTU,40Hz10kN/Bearing3_1/60.csv,0,0,0,2,25600,XJTU/40Hz10kN/Bearing3_1,-1,test
2407,2,RM_002_XJTU,40Hz10kN/Bearing3_1/61.csv,0,0,0,2,25600,XJTU/40Hz10kN/Bearing3_1,-1,test
2408,2,RM_002_XJTU,40Hz10kN/Bearing3_1/62.csv,0,0,0,2,25600,XJTU/40Hz10kN/Bearing3_1,-1,test
2409,2,RM_002_XJTU,40Hz10kN/Bearing3_1/63.csv,0,0,0,2,25600,XJTU/40Hz10kN/Bearing3_1,-1,test
2410,2,RM_002_XJTU,40Hz10kN/Bearing3_1/64.csv,0,0,0,2,25600,XJTU/40Hz10kN/Bearing3_1,-1,test
2411,2,RM_002_XJTU,40Hz10kN/Bearing3_1/65.csv,0,0,0,2,25600,XJTU/40Hz10kN/Bearing3_1,-1,test
2412,2,RM_002_XJTU,40Hz10kN/Bearing3_1/66.csv,0,0,0,2,25600,XJTU/40Hz10kN/Bearing3_1,-1,test
2413,2,RM_002_XJTU,40Hz10kN/Bearing3_1/67.csv,0,0,0,2,25600,XJTU/40Hz10kN/Bearing3_1,-1,test
2414,2,RM_002_XJTU,40Hz10kN/Bearing3_1/68.csv,0,0,0,2,25600,XJTU/40Hz10kN/Bearing3_1,-1,test
2415,2,RM_002_XJTU,40Hz10kN/Bearing3_1/69.csv,0,0,0,2,25600,XJTU/40Hz10kN/Bearing3_1,-1,test
2416,2,RM_002_XJTU,40Hz10kN/Bearing3_1/70.csv,0,0,0,2,25600,XJTU/40Hz10kN/Bearing3_1,-1,test
2417,2,RM_002_XJTU,40Hz10kN/Bearing3_1/71.csv,0,0,0,2,25600,XJTU/40Hz10kN/Bearing3_1,-1,test
2418,2,RM_002_XJTU,40Hz10kN/Bearing3_1/72.csv,0,0,0,2,25600,XJTU/40Hz10kN/Bearing3_1,-1,test
2419,2,RM_002_XJTU,40Hz10kN/Bearing3_1/73.csv,0,0,0,2,25600,XJTU/40Hz10kN/Bearing3_1,-1,test
2420,2,RM_002_XJTU,40Hz10kN/Bearing3_1/74.csv,0,0,0,2,25600,XJTU/40Hz10kN/Bearing3_1,-1,test
2421,2,RM_002_XJTU,40Hz10kN/Bearing3_1/75.csv,0,0,0,2,25600,XJTU/40Hz10kN/Bearing3_1,-1,test
2422,2,RM_002_XJTU,40Hz10kN/Bearing3_1/76.csv,0,0,0,2,25600,XJTU/40Hz10kN/Bearing3_1,-1,test
2423,2,RM_002_XJTU,40Hz10kN/Bearing3_1/77.csv,0,0,0,2,25600,XJTU/40Hz10kN/Bearing3_1,-1,test
2424,2,RM_002_XJTU,40Hz10kN/Bearing3_1/78.csv,0,0,0,2,25600,XJTU/40Hz10kN/Bearing3_1,-1,test
2425,2,RM_002_XJTU,40Hz10kN/Bearing3_1/79.csv,0,0,0,2,25600,XJTU/40Hz10kN/Bearing3_1,-1,test
2426,2,RM_002_XJTU,40Hz10kN/Bearing3_1/80.csv,0,0,0,2,25600,XJTU/40Hz10kN/Bearing3_1,-1,test
2427,2,RM_002_XJTU,40Hz10kN/Bearing3_1/81.csv,0,0,0,2,25600,XJTU/40Hz10kN/Bearing3_1,-1,test
2428,2,RM_002_XJTU,40Hz10kN/Bearing3_1/82.csv,0,0,0,2,25600,XJTU/40Hz10kN/Bearing3_1,-1,test
2429,2,RM_002_XJTU,40Hz10kN/Bearing3_1/83.csv,0,0,0,2,25600,XJTU/40Hz10kN/Bearing3_1,-1,test
2430,2,RM_002_XJTU,40Hz10kN/Bearing3_1/84.csv,0,0,0,2,25600,XJTU/40Hz10kN/Bearing3_1,-1,test
2431,2,RM_002_XJTU,40Hz10kN/Bearing3_1/85.csv,0,0,0,2,25600,XJTU/40Hz10kN/Bearing3_1,-1,test
2432,2,RM_002_XJTU,40Hz10kN/Bearing3_1/86.csv,0,0,0,2,25600,XJTU/40Hz10kN/Bearing3_1,-1,test
2433,2,RM_002_XJTU,40Hz10kN/Bearing3_1/87.csv,0,0,0,2,25600,XJTU/40Hz10kN/Bearing3_1,-1,test
2434,2,RM_002_XJTU,40Hz10kN/Bearing3_1/88.csv,0,0,0,2,25600,XJTU/40Hz10kN/Bearing3_1,-1,test
2435,2,RM_002_XJTU,40Hz10kN/Bearing3_1/89.csv,0,0,0,2,25600,XJTU/40Hz10kN/Bearing3_1,-1,test
2436,2,RM_002_XJTU,40Hz10kN/Bearing3_1/90.csv,0,0,0,2,25600,XJTU/40Hz10kN/Bearing3_1,-1,test
2437,2,RM_002_XJTU,40Hz10kN/Bearing3_1/91.csv,0,0,0,2,25600,XJTU/40Hz10kN/Bearing3_1,-1,test
2438,2,RM_002_XJTU,40Hz10kN/Bearing3_1/92.csv,0,0,0,2,25600,XJTU/40Hz10kN/Bearing3_1,-1,test
2439,2,RM_002_XJTU,40Hz10kN/Bearing3_1/93.csv,0,0,0,2,25600,XJTU/40Hz10kN/Bearing3_1,-1,test
2440,2,RM_002_XJTU,40Hz10kN/Bearing3_1/94.csv,0,0,0,2,25600,XJTU/40Hz10kN/Bearing3_1,-1,test
2441,2,RM_002_XJTU,40Hz10kN/Bearing3_1/95.csv,0,0,0,2,25600,XJTU/40Hz10kN/Bearing3_1,-1,test
2442,2,RM_002_XJTU,40Hz10kN/Bearing3_1/96.csv,0,0,0,2,25600,XJTU/40Hz10kN/Bearing3_1,-1,test
2443,2,RM_002_XJTU,40Hz10kN/Bearing3_1/97.csv,0,0,0,2,25600,XJTU/40Hz10kN/Bearing3_1,-1,test
2444,2,RM_002_XJTU,40Hz10kN/Bearing3_1/98.csv,0,0,0,2,25600,XJTU/40Hz10kN/Bearing3_1,-1,test
2445,2,RM_002_XJTU,40Hz10kN/Bearing3_1/99.csv,0,0,0,2,25600,XJTU/40Hz10kN/Bearing3_1,-1,test
2446,2,RM_002_XJTU,40Hz10kN/Bearing3_1/100.csv,0,0,0,2,25600,XJTU/40Hz10kN/Bearing3_1,-1,test
2447,2,RM_002_XJTU,40Hz10kN/Bearing3_1/101.csv,0,0,0,2,25600,XJTU/40Hz10kN/Bearing3_1,-1,test
2448,2,RM_002_XJTU,40Hz10kN/Bearing3_1/102.csv,0,0,0,2,25600,XJTU/40Hz10kN/Bearing3_1,-1,test
2449,2,RM_002_XJTU,40Hz10kN/Bearing3_1/103.csv,0,0,0,2,25600,XJTU/40Hz10kN/Bearing3_1,-1,test
2450,2,RM_002_XJTU,40Hz10kN/Bearing3_1/104.csv,0,0,0,2,25600,XJTU/40Hz10kN/Bearing3_1,-1,test
2451,2,RM_002_XJTU,40Hz10kN/Bearing3_1/105.csv,0,0,0,2,25600,XJTU/40Hz10kN/Bearing3_1,-1,test
2452,2,RM_002_XJTU,40Hz10kN/Bearing3_1/106.csv,0,0,0,2,25600,XJTU/40Hz10kN/Bearing3_1,-1,test
2453,2,RM_002_XJTU,40Hz10kN/Bearing3_1/107.csv,0,0,0,2,25600,XJTU/40Hz10kN/Bearing3_1,-1,test
2454,2,RM_002_XJTU,40Hz10kN/Bearing3_1/108.csv,0,0,0,2,25600,XJTU/40Hz10kN/Bearing3_1,-1,test
2455,2,RM_002_XJTU,40Hz10kN/Bearing3_1/109.csv,0,0,0,2,25600,XJTU/40Hz10kN/Bearing3_1,-1,test
2456,2,RM_002_XJTU,40Hz10kN/Bearing3_1/110.csv,0,0,0,2,25600,XJTU/40Hz10kN/Bearing3_1,-1,test
2457,2,RM_002_XJTU,40Hz10kN/Bearing3_1/111.csv,0,0,0,2,25600,XJTU/40Hz10kN/Bearing3_1,-1,test
2458,2,RM_002_XJTU,40Hz10kN/Bearing3_1/112.csv,0,0,0,2,25600,XJTU/40Hz10kN/Bearing3_1,-1,test
2459,2,RM_002_XJTU,40Hz10kN/Bearing3_1/113.csv,0,0,0,2,25600,XJTU/40Hz10kN/Bearing3_1,-1,test
2460,2,RM_002_XJTU,40Hz10kN/Bearing3_1/114.csv,0,0,0,2,25600,XJTU/40Hz10kN/Bearing3_1,-1,test
2461,2,RM_002_XJTU,40Hz10kN/Bearing3_1/115.csv,0,0,0,2,25600,XJTU/40Hz10kN/Bearing3_1,-1,test
2462,2,RM_002_XJTU,40Hz10kN/Bearing3_1/116.csv,0,0,0,2,25600,XJTU/40Hz10kN/Bearing3_1,-1,test
2463,2,RM_002_XJTU,40Hz10kN/Bearing3_1/117.csv,0,0,0,2,25600,XJTU/40Hz10kN/Bearing3_1,-1,test
2464,2,RM_002_XJTU,40Hz10kN/Bearing3_1/118.csv,0,0,0,2,25600,XJTU/40Hz10kN/Bearing3_1,-1,test
2465,2,RM_002_XJTU,40Hz10kN/Bearing3_1/119.csv,0,0,0,2,25600,XJTU/40Hz10kN/Bearing3_1,-1,test
2466,2,RM_002_XJTU,40Hz10kN/Bearing3_1/120.csv,0,0,0,2,25600,XJTU/40Hz10kN/Bearing3_1,-1,test
2467,2,RM_002_XJTU,40Hz10kN/Bearing3_1/121.csv,0,0,0,2,25600,XJTU/40Hz10kN/Bearing3_1,-1,test
2468,2,RM_002_XJTU,40Hz10kN/Bearing3_1/122.csv,0,0,0,2,25600,XJTU/40Hz10kN/Bearing3_1,-1,test
2469,2,RM_002_XJTU,40Hz10kN/Bearing3_1/123.csv,0,0,0,2,25600,XJTU/40Hz10kN/Bearing3_1,-1,test
2470,2,RM_002_XJTU,40Hz10kN/Bearing3_1/124.csv,0,0,0,2,25600,XJTU/40Hz10kN/Bearing3_1,-1,test
2471,2,RM_002_XJTU,40Hz10kN/Bearing3_1/125.csv,0,0,0,2,25600,XJTU/40Hz10kN/Bearing3_1,-1,test
2472,2,RM_002_XJTU,40Hz10kN/Bearing3_1/126.csv,0,0,0,2,25600,XJTU/40Hz10kN/Bearing3_1,-1,test
2473,2,RM_002_XJTU,40Hz10kN/Bearing3_1/127.csv,0,0,0,2,25600,XJTU/40Hz10kN/Bearing3_1,-1,test
2474,2,RM_002_XJTU,40Hz10kN/Bearing3_1/128.csv,0,0,0,2,25600,XJTU/40Hz10kN/Bearing3_1,-1,test
2475,2,RM_002_XJTU,40Hz10kN/Bearing3_1/129.csv,0,0,0,2,25600,XJTU/40Hz10kN/Bearing3_1,-1,test
2476,2,RM_002_XJTU,40Hz10kN/Bearing3_1/130.csv,0,0,0,2,25600,XJTU/40Hz10kN/Bearing3_1,-1,test
2477,2,RM_002_XJTU,40Hz10kN/Bearing3_1/131.csv,0,0,0,2,25600,XJTU/40Hz10kN/Bearing3_1,-1,test
2478,2,RM_002_XJTU,40Hz10kN/Bearing3_1/132.csv,0,0,0,2,25600,XJTU/40Hz10kN/Bearing3_1,-1,test
2479,2,RM_002_XJTU,40Hz10kN/Bearing3_1/133.csv,0,0,0,2,25600,XJTU/40Hz10kN/Bearing3_1,-1,test
2480,2,RM_002_XJTU,40Hz10kN/Bearing3_1/134.csv,0,0,0,2,25600,XJTU/40Hz10kN/Bearing3_1,-1,test
2481,2,RM_002_XJTU,40Hz10kN/Bearing3_1/135.csv,0,0,0,2,25600,XJTU/40Hz10kN/Bearing3_1,-1,test
2482,2,RM_002_XJTU,40Hz10kN/Bearing3_1/136.csv,0,0,0,2,25600,XJTU/40Hz10kN/Bearing3_1,-1,test
2483,2,RM_002_XJTU,40Hz10kN/Bearing3_1/137.csv,0,0,0,2,25600,XJTU/40Hz10kN/Bearing3_1,-1,test
2484,2,RM_002_XJTU,40Hz10kN/Bearing3_1/138.csv,0,0,0,2,25600,XJTU/40Hz10kN/Bearing3_1,-1,test
2485,2,RM_002_XJTU,40Hz10kN/Bearing3_1/139.csv,0,0,0,2,25600,XJTU/40Hz10kN/Bearing3_1,-1,test
2486,2,RM_002_XJTU,40Hz10kN/Bearing3_1/140.csv,0,0,0,2,25600,XJTU/40Hz10kN/Bearing3_1,-1,test
2487,2,RM_002_XJTU,40Hz10kN/Bearing3_1/141.csv,0,0,0,2,25600,XJTU/40Hz10kN/Bearing3_1,-1,test
2488,2,RM_002_XJTU,40Hz10kN/Bearing3_1/142.csv,0,0,0,2,25600,XJTU/40Hz10kN/Bearing3_1,-1,test
2489,2,RM_002_XJTU,40Hz10kN/Bearing3_1/143.csv,0,0,0,2,25600,XJTU/40Hz10kN/Bearing3_1,-1,test
2490,2,RM_002_XJTU,40Hz10kN/Bearing3_1/144.csv,0,0,0,2,25600,XJTU/40Hz10kN/Bearing3_1,-1,test
2491,2,RM_002_XJTU,40Hz10kN/Bearing3_1/145.csv,0,0,0,2,25600,XJTU/40Hz10kN/Bearing3_1,-1,test
2492,2,RM_002_XJTU,40Hz10kN/Bearing3_1/146.csv,0,0,0,2,25600,XJTU/40Hz10kN/Bearing3_1,-1,test
2493,2,RM_002_XJTU,40Hz10kN/Bearing3_1/147.csv,0,0,0,2,25600,XJTU/40Hz10kN/Bearing3_1,-1,test
2494,2,RM_002_XJTU,40Hz10kN/Bearing3_1/148.csv,0,0,0,2,25600,XJTU/40Hz10kN/Bearing3_1,-1,test
2495,2,RM_002_XJTU,40Hz10kN/Bearing3_1/149.csv,0,0,0,2,25600,XJTU/40Hz10kN/Bearing3_1,-1,test
2496,2,RM_002_XJTU,40Hz10kN/Bearing3_1/150.csv,0,0,0,2,25600,XJTU/40Hz10kN/Bearing3_1,-1,test
2497,2,RM_002_XJTU,40Hz10kN/Bearing3_1/151.csv,0,0,0,2,25600,XJTU/40Hz10kN/Bearing3_1,-1,test
2498,2,RM_002_XJTU,40Hz10kN/Bearing3_1/152.csv,0,0,0,2,25600,XJTU/40Hz10kN/Bearing3_1,-1,test
2499,2,RM_002_XJTU,40Hz10kN/Bearing3_1/153.csv,0,0,0,2,25600,XJTU/40Hz10kN/Bearing3_1,-1,test
2500,2,RM_002_XJTU,40Hz10kN/Bearing3_1/154.csv,0,0,0,2,25600,XJTU/40Hz10kN/Bearing3_1,-1,test
2501,2,RM_002_XJTU,40Hz10kN/Bearing3_1/155.csv,0,0,0,2,25600,XJTU/40Hz10kN/Bearing3_1,-1,test
2502,2,RM_002_XJTU,40Hz10kN/Bearing3_1/156.csv,0,0,0,2,25600,XJTU/40Hz10kN/Bearing3_1,-1,test
2503,2,RM_002_XJTU,40Hz10kN/Bearing3_1/157.csv,0,0,0,2,25600,XJTU/40Hz10kN/Bearing3_1,-1,test
2504,2,RM_002_XJTU,40Hz10kN/Bearing3_1/158.csv,0,0,0,2,25600,XJTU/40Hz10kN/Bearing3_1,-1,test
2505,2,RM_002_XJTU,40Hz10kN/Bearing3_1/159.csv,0,0,0,2,25600,XJTU/40Hz10kN/Bearing3_1,-1,test
2506,2,RM_002_XJTU,40Hz10kN/Bearing3_1/160.csv,0,0,0,2,25600,XJTU/40Hz10kN/Bearing3_1,-1,test
2507,2,RM_002_XJTU,40Hz10kN/Bearing3_1/161.csv,0,0,0,2,25600,XJTU/40Hz10kN/Bearing3_1,-1,test
2508,2,RM_002_XJTU,40Hz10kN/Bearing3_1/162.csv,0,0,0,2,25600,XJTU/40Hz10kN/Bearing3_1,-1,test
2509,2,RM_002_XJTU,40Hz10kN/Bearing3_1/163.csv,0,0,0,2,25600,XJTU/40Hz10kN/Bearing3_1,-1,test
2510,2,RM_002_XJTU,40Hz10kN/Bearing3_1/164.csv,0,0,0,2,25600,XJTU/40Hz10kN/Bearing3_1,-1,test
2511,2,RM_002_XJTU,40Hz10kN/Bearing3_1/165.csv,0,0,0,2,25600,XJTU/40Hz10kN/Bearing3_1,-1,test
2512,2,RM_002_XJTU,40Hz10kN/Bearing3_1/166.csv,0,0,0,2,25600,XJTU/40Hz10kN/Bearing3_1,-1,test
2513,2,RM_002_XJTU,40Hz10kN/Bearing3_1/167.csv,0,0,0,2,25600,XJTU/40Hz10kN/Bearing3_1,-1,test
2514,2,RM_002_XJTU,40Hz10kN/Bearing3_1/168.csv,0,0,0,2,25600,XJTU/40Hz10kN/Bearing3_1,-1,test
2515,2,RM_002_XJTU,40Hz10kN/Bearing3_1/169.csv,0,0,0,2,25600,XJTU/40Hz10kN/Bearing3_1,-1,test
2516,2,RM_002_XJTU,40Hz10kN/Bearing3_1/170.csv,0,0,0,2,25600,XJTU/40Hz10kN/Bearing3_1,-1,test
2517,2,RM_002_XJTU,40Hz10kN/Bearing3_1/171.csv,0,0,0,2,25600,XJTU/40Hz10kN/Bearing3_1,-1,test
2518,2,RM_002_XJTU,40Hz10kN/Bearing3_1/172.csv,0,0,0,2,25600,XJTU/40Hz10kN/Bearing3_1,-1,test
2519,2,RM_002_XJTU,40Hz10kN/Bearing3_1/173.csv,0,0,0,2,25600,XJTU/40Hz10kN/Bearing3_1,-1,test
2520,2,RM_002_XJTU,40Hz10kN/Bearing3_1/174.csv,0,0,0,2,25600,XJTU/40Hz10kN/Bearing3_1,-1,test
2521,2,RM_002_XJTU,40Hz10kN/Bearing3_1/175.csv,0,0,0,2,25600,XJTU/40Hz10kN/Bearing3_1,-1,test
2522,2,RM_002_XJTU,40Hz10kN/Bearing3_1/176.csv,0,0,0,2,25600,XJTU/40Hz10kN/Bearing3_1,-1,test
2523,2,RM_002_XJTU,40Hz10kN/Bearing3_1/177.csv,0,0,0,2,25600,XJTU/40Hz10kN/Bearing3_1,-1,test
2524,2,RM_002_XJTU,40Hz10kN/Bearing3_1/178.csv,0,0,0,2,25600,XJTU/40Hz10kN/Bearing3_1,-1,test
2525,2,RM_002_XJTU,40Hz10kN/Bearing3_1/179.csv,0,0,0,2,25600,XJTU/40Hz10kN/Bearing3_1,-1,test
2526,2,RM_002_XJTU,40Hz10kN/Bearing3_1/180.csv,0,0,0,2,25600,XJTU/40Hz10kN/Bearing3_1,-1,test
2527,2,RM_002_XJTU,40Hz10kN/Bearing3_1/181.csv,0,0,0,2,25600,XJTU/40Hz10kN/Bearing3_1,-1,test
2528,2,RM_002_XJTU,40Hz10kN/Bearing3_1/182.csv,0,0,0,2,25600,XJTU/40Hz10kN/Bearing3_1,-1,test
2529,2,RM_002_XJTU,40Hz10kN/Bearing3_1/183.csv,0,0,0,2,25600,XJTU/40Hz10kN/Bearing3_1,-1,test
2530,2,RM_002_XJTU,40Hz10kN/Bearing3_1/184.csv,0,0,0,2,25600,XJTU/40Hz10kN/Bearing3_1,-1,test
2531,2,RM_002_XJTU,40Hz10kN/Bearing3_1/185.csv,0,0,0,2,25600,XJTU/40Hz10kN/Bearing3_1,-1,test
2532,2,RM_002_XJTU,40Hz10kN/Bearing3_1/186.csv,0,0,0,2,25600,XJTU/40Hz10kN/Bearing3_1,-1,test
2533,2,RM_002_XJTU,40Hz10kN/Bearing3_1/187.csv,0,0,0,2,25600,XJTU/40Hz10kN/Bearing3_1,-1,test
2534,2,RM_002_XJTU,40Hz10kN/Bearing3_1/188.csv,0,0,0,2,25600,XJTU/40Hz10kN/Bearing3_1,-1,test
2535,2,RM_002_XJTU,40Hz10kN/Bearing3_1/189.csv,0,0,0,2,25600,XJTU/40Hz10kN/Bearing3_1,-1,test
2536,2,RM_002_XJTU,40Hz10kN/Bearing3_1/190.csv,0,0,0,2,25600,XJTU/40Hz10kN/Bearing3_1,-1,test
2537,2,RM_002_XJTU,40Hz10kN/Bearing3_1/191.csv,0,0,0,2,25600,XJTU/40Hz10kN/Bearing3_1,-1,test
2538,2,RM_002_XJTU,40Hz10kN/Bearing3_1/192.csv,0,0,0,2,25600,XJTU/40Hz10kN/Bearing3_1,-1,test
2539,2,RM_002_XJTU,40Hz10kN/Bearing3_1/193.csv,0,0,0,2,25600,XJTU/40Hz10kN/Bearing3_1,-1,test
2540,2,RM_002_XJTU,40Hz10kN/Bearing3_1/194.csv,0,0,0,2,25600,XJTU/40Hz10kN/Bearing3_1,-1,test
2541,2,RM_002_XJTU,40Hz10kN/Bearing3_1/195.csv,0,0,0,2,25600,XJTU/40Hz10kN/Bearing3_1,-1,test
2542,2,RM_002_XJTU,40Hz10kN/Bearing3_1/196.csv,0,0,0,2,25600,XJTU/40Hz10kN/Bearing3_1,-1,test
2543,2,RM_002_XJTU,40Hz10kN/Bearing3_1/197.csv,0,0,0,2,25600,XJTU/40Hz10kN/Bearing3_1,-1,test
2544,2,RM_002_XJTU,40Hz10kN/Bearing3_1/198.csv,0,0,0,2,25600,XJTU/40Hz10kN/Bearing3_1,-1,test
2545,2,RM_002_XJTU,40Hz10kN/Bearing3_1/199.csv,0,0,0,2,25600,XJTU/40Hz10kN/Bearing3_1,-1,test
2546,2,RM_002_XJTU,40Hz10kN/Bearing3_1/200.csv,0,0,0,2,25600,XJTU/40Hz10kN/Bearing3_1,-1,test
2547,2,RM_002_XJTU,40Hz10kN/Bearing3_1/201.csv,0,0,0,2,25600,XJTU/40Hz10kN/Bearing3_1,-1,test
2548,2,RM_002_XJTU,40Hz10kN/Bearing3_1/202.csv,0,0,0,2,25600,XJTU/40Hz10kN/Bearing3_1,-1,test
2549,2,RM_002_XJTU,40Hz10kN/Bearing3_1/203.csv,0,0,0,2,25600,XJTU/40Hz10kN/Bearing3_1,-1,test
2550,2,RM_002_XJTU,40Hz10kN/Bearing3_1/204.csv,0,0,0,2,25600,XJTU/40Hz10kN/Bearing3_1,-1,test
2551,2,RM_002_XJTU,40Hz10kN/Bearing3_1/205.csv,0,0,0,2,25600,XJTU/40Hz10kN/Bearing3_1,-1,test
2552,2,RM_002_XJTU,40Hz10kN/Bearing3_1/206.csv,0,0,0,2,25600,XJTU/40Hz10kN/Bearing3_1,-1,test
2553,2,RM_002_XJTU,40Hz10kN/Bearing3_1/207.csv,0,0,0,2,25600,XJTU/40Hz10kN/Bearing3_1,-1,test
2554,2,RM_002_XJTU,40Hz10kN/Bearing3_1/208.csv,0,0,0,2,25600,XJTU/40Hz10kN/Bearing3_1,-1,test
2555,2,RM_002_XJTU,40Hz10kN/Bearing3_1/209.csv,0,0,0,2,25600,XJTU/40Hz10kN/Bearing3_1,-1,test
2556,2,RM_002_XJTU,40Hz10kN/Bearing3_1/210.csv,0,0,0,2,25600,XJTU/40Hz10kN/Bearing3_1,-1,test
2557,2,RM_002_XJTU,40Hz10kN/Bearing3_1/211.csv,0,0,0,2,25600,XJTU/40Hz10kN/Bearing3_1,-1,test
2558,2,RM_002_XJTU,40Hz10kN/Bearing3_1/212.csv,0,0,0,2,25600,XJTU/40Hz10kN/Bearing3_1,-1,test
2559,2,RM_002_XJTU,40Hz10kN/Bearing3_1/213.csv,0,0,0,2,25600,XJTU/40Hz10kN/Bearing3_1,-1,test
2560,2,RM_002_XJTU,40Hz10kN/Bearing3_1/214.csv,0,0,0,2,25600,XJTU/40Hz10kN/Bearing3_1,-1,test
2561,2,RM_002_XJTU,40Hz10kN/Bearing3_1/215.csv,0,0,0,2,25600,XJTU/40Hz10kN/Bearing3_1,-1,test
2562,2,RM_002_XJTU,40Hz10kN/Bearing3_1/216.csv,0,0,0,2,25600,XJTU/40Hz10kN/Bearing3_1,-1,test
2563,2,RM_002_XJTU,40Hz10kN/Bearing3_1/217.csv,0,0,0,2,25600,XJTU/40Hz10kN/Bearing3_1,-1,test
2564,2,RM_002_XJTU,40Hz10kN/Bearing3_1/218.csv,0,0,0,2,25600,XJTU/40Hz10kN/Bearing3_1,-1,test
2565,2,RM_002_XJTU,40Hz10kN/Bearing3_1/219.csv,0,0,0,2,25600,XJTU/40Hz10kN/Bearing3_1,-1,test
2566,2,RM_002_XJTU,40Hz10kN/Bearing3_1/220.csv,0,0,0,2,25600,XJTU/40Hz10kN/Bearing3_1,-1,test
2567,2,RM_002_XJTU,40Hz10kN/Bearing3_1/221.csv,0,0,0,2,25600,XJTU/40Hz10kN/Bearing3_1,-1,test
2568,2,RM_002_XJTU,40Hz10kN/Bearing3_1/222.csv,0,0,0,2,25600,XJTU/40Hz10kN/Bearing3_1,-1,test
2569,2,RM_002_XJTU,40Hz10kN/Bearing3_1/223.csv,0,0,0,2,25600,XJTU/40Hz10kN/Bearing3_1,-1,test
2570,2,RM_002_XJTU,40Hz10kN/Bearing3_1/224.csv,0,0,0,2,25600,XJTU/40Hz10kN/Bearing3_1,-1,test
2571,2,RM_002_XJTU,40Hz10kN/Bearing3_1/225.csv,0,0,0,2,25600,XJTU/40Hz10kN/Bearing3_1,-1,test
2572,2,RM_002_XJTU,40Hz10kN/Bearing3_1/226.csv,0,0,0,2,25600,XJTU/40Hz10kN/Bearing3_1,-1,test
2573,2,RM_002_XJTU,40Hz10kN/Bearing3_1/227.csv,0,0,0,2,25600,XJTU/40Hz10kN/Bearing3_1,-1,test
2574,2,RM_002_XJTU,40Hz10kN/Bearing3_1/228.csv,0,0,0,2,25600,XJTU/40Hz10kN/Bearing3_1,-1,test
2575,2,RM_002_XJTU,40Hz10kN/Bearing3_1/229.csv,0,0,0,2,25600,XJTU/40Hz10kN/Bearing3_1,-1,test
2576,2,RM_002_XJTU,40Hz10kN/Bearing3_1/230.csv,0,0,0,2,25600,XJTU/40Hz10kN/Bearing3_1,-1,test
2577,2,RM_002_XJTU,40Hz10kN/Bearing3_1/231.csv,0,0,0,2,25600,XJTU/40Hz10kN/Bearing3_1,-1,test
2578,2,RM_002_XJTU,40Hz10kN/Bearing3_1/232.csv,0,0,0,2,25600,XJTU/40Hz10kN/Bearing3_1,-1,test
2579,2,RM_002_XJTU,40Hz10kN/Bearing3_1/233.csv,0,0,0,2,25600,XJTU/40Hz10kN/Bearing3_1,-1,test
2580,2,RM_002_XJTU,40Hz10kN/Bearing3_1/234.csv,0,0,0,2,25600,XJTU/40Hz10kN/Bearing3_1,-1,test
2581,2,RM_002_XJTU,40Hz10kN/Bearing3_1/235.csv,0,0,0,2,25600,XJTU/40Hz10kN/Bearing3_1,-1,test
2582,2,RM_002_XJTU,40Hz10kN/Bearing3_1/236.csv,0,0,0,2,25600,XJTU/40Hz10kN/Bearing3_1,-1,test
2583,2,RM_002_XJTU,40Hz10kN/Bearing3_1/237.csv,0,0,0,2,25600,XJTU/40Hz10kN/Bearing3_1,-1,test
2584,2,RM_002_XJTU,40Hz10kN/Bearing3_1/238.csv,0,0,0,2,25600,XJTU/40Hz10kN/Bearing3_1,-1,test
2585,2,RM_002_XJTU,40Hz10kN/Bearing3_1/239.csv,0,0,0,2,25600,XJTU/40Hz10kN/Bearing3_1,-1,test
2586,2,RM_002_XJTU,40Hz10kN/Bearing3_1/240.csv,0,0,0,2,25600,XJTU/40Hz10kN/Bearing3_1,-1,test
2587,2,RM_002_XJTU,40Hz10kN/Bearing3_1/241.csv,0,0,0,2,25600,XJTU/40Hz10kN/Bearing3_1,-1,test
2588,2,RM_002_XJTU,40Hz10kN/Bearing3_1/242.csv,0,0,0,2,25600,XJTU/40Hz10kN/Bearing3_1,-1,test
2589,2,RM_002_XJTU,40Hz10kN/Bearing3_1/243.csv,0,0,0,2,25600,XJTU/40Hz10kN/Bearing3_1,-1,test
2590,2,RM_002_XJTU,40Hz10kN/Bearing3_1/244.csv,0,0,0,2,25600,XJTU/40Hz10kN/Bearing3_1,-1,test
2591,2,RM_002_XJTU,40Hz10kN/Bearing3_1/245.csv,0,0,0,2,25600,XJTU/40Hz10kN/Bearing3_1,-1,test
2592,2,RM_002_XJTU,40Hz10kN/Bearing3_1/246.csv,0,0,0,2,25600,XJTU/40Hz10kN/Bearing3_1,-1,test
2593,2,RM_002_XJTU,40Hz10kN/Bearing3_1/247.csv,0,0,0,2,25600,XJTU/40Hz10kN/Bearing3_1,-1,test
2594,2,RM_002_XJTU,40Hz10kN/Bearing3_1/248.csv,0,0,0,2,25600,XJTU/40Hz10kN/Bearing3_1,-1,test
2595,2,RM_002_XJTU,40Hz10kN/Bearing3_1/249.csv,0,0,0,2,25600,XJTU/40Hz10kN/Bearing3_1,-1,test
2596,2,RM_002_XJTU,40Hz10kN/Bearing3_1/250.csv,0,0,0,2,25600,XJTU/40Hz10kN/Bearing3_1,-1,test
2597,2,RM_002_XJTU,40Hz10kN/Bearing3_1/251.csv,0,0,0,2,25600,XJTU/40Hz10kN/Bearing3_1,-1,test
2598,2,RM_002_XJTU,40Hz10kN/Bearing3_1/252.csv,0,0,0,2,25600,XJTU/40Hz10kN/Bearing3_1,-1,test
2599,2,RM_002_XJTU,40Hz10kN/Bearing3_1/253.csv,0,0,0,2,25600,XJTU/40Hz10kN/Bearing3_1,-1,test
2600,2,RM_002_XJTU,40Hz10kN/Bearing3_1/254.csv,0,0,0,2,25600,XJTU/40Hz10kN/Bearing3_1,-1,test
2601,2,RM_002_XJTU,40Hz10kN/Bearing3_1/255.csv,0,0,0,2,25600,XJTU/40Hz10kN/Bearing3_1,-1,test
2602,2,RM_002_XJTU,40Hz10kN/Bearing3_1/256.csv,0,0,0,2,25600,XJTU/40Hz10kN/Bearing3_1,-1,test
2603,2,RM_002_XJTU,40Hz10kN/Bearing3_1/257.csv,0,0,0,2,25600,XJTU/40Hz10kN/Bearing3_1,-1,test
2604,2,RM_002_XJTU,40Hz10kN/Bearing3_1/258.csv,0,0,0,2,25600,XJTU/40Hz10kN/Bearing3_1,-1,test
2605,2,RM_002_XJTU,40Hz10kN/Bearing3_1/259.csv,0,0,0,2,25600,XJTU/40Hz10kN/Bearing3_1,-1,test
2606,2,RM_002_XJTU,40Hz10kN/Bearing3_1/260.csv,0,0,0,2,25600,XJTU/40Hz10kN/Bearing3_1,-1,test
2607,2,RM_002_XJTU,40Hz10kN/Bearing3_1/261.csv,0,0,0,2,25600,XJTU/40Hz10kN/Bearing3_1,-1,test
2608,2,RM_002_XJTU,40Hz10kN/Bearing3_1/262.csv,0,0,0,2,25600,XJTU/40Hz10kN/Bearing3_1,-1,test
2609,2,RM_002_XJTU,40Hz10kN/Bearing3_1/263.csv,0,0,0,2,25600,XJTU/40Hz10kN/Bearing3_1,-1,test
2610,2,RM_002_XJTU,40Hz10kN/Bearing3_1/264.csv,0,0,0,2,25600,XJTU/40Hz10kN/Bearing3_1,-1,test
2611,2,RM_002_XJTU,40Hz10kN/Bearing3_1/265.csv,0,0,0,2,25600,XJTU/40Hz10kN/Bearing3_1,-1,test
2612,2,RM_002_XJTU,40Hz10kN/Bearing3_1/266.csv,0,0,0,2,25600,XJTU/40Hz10kN/Bearing3_1,-1,test
2613,2,RM_002_XJTU,40Hz10kN/Bearing3_1/267.csv,0,0,0,2,25600,XJTU/40Hz10kN/Bearing3_1,-1,test
2614,2,RM_002_XJTU,40Hz10kN/Bearing3_1/268.csv,0,0,0,2,25600,XJTU/40Hz10kN/Bearing3_1,-1,test
2615,2,RM_002_XJTU,40Hz10kN/Bearing3_1/269.csv,0,0,0,2,25600,XJTU/40Hz10kN/Bearing3_1,-1,test
2616,2,RM_002_XJTU,40Hz10kN/Bearing3_1/270.csv,0,0,0,2,25600,XJTU/40Hz10kN/Bearing3_1,-1,test
2617,2,RM_002_XJTU,40Hz10kN/Bearing3_1/271.csv,0,0,0,2,25600,XJTU/40Hz10kN/Bearing3_1,-1,test
2618,2,RM_002_XJTU,40Hz10kN/Bearing3_1/272.csv,0,0,0,2,25600,XJTU/40Hz10kN/Bearing3_1,-1,test
2619,2,RM_002_XJTU,40Hz10kN/Bearing3_1/273.csv,0,0,0,2,25600,XJTU/40Hz10kN/Bearing3_1,-1,test
2620,2,RM_002_XJTU,40Hz10kN/Bearing3_1/274.csv,0,0,0,2,25600,XJTU/40Hz10kN/Bearing3_1,-1,test
2621,2,RM_002_XJTU,40Hz10kN/Bearing3_1/275.csv,0,0,0,2,25600,XJTU/40Hz10kN/Bearing3_1,-1,test
2622,2,RM_002_XJTU,40Hz10kN/Bearing3_1/276.csv,0,0,0,2,25600,XJTU/40Hz10kN/Bearing3_1,-1,test
2623,2,RM_002_XJTU,40Hz10kN/Bearing3_1/277.csv,0,0,0,2,25600,XJTU/40Hz10kN/Bearing3_1,-1,test
2624,2,RM_002_XJTU,40Hz10kN/Bearing3_1/278.csv,0,0,0,2,25600,XJTU/40Hz10kN/Bearing3_1,-1,test
2625,2,RM_002_XJTU,40Hz10kN/Bearing3_1/279.csv,0,0,0,2,25600,XJTU/40Hz10kN/Bearing3_1,-1,test
2626,2,RM_002_XJTU,40Hz10kN/Bearing3_1/280.csv,0,0,0,2,25600,XJTU/40Hz10kN/Bearing3_1,-1,test
2627,2,RM_002_XJTU,40Hz10kN/Bearing3_1/281.csv,0,0,0,2,25600,XJTU/40Hz10kN/Bearing3_1,-1,test
2628,2,RM_002_XJTU,40Hz10kN/Bearing3_1/282.csv,0,0,0,2,25600,XJTU/40Hz10kN/Bearing3_1,-1,test
2629,2,RM_002_XJTU,40Hz10kN/Bearing3_1/283.csv,0,0,0,2,25600,XJTU/40Hz10kN/Bearing3_1,-1,test
2630,2,RM_002_XJTU,40Hz10kN/Bearing3_1/284.csv,0,0,0,2,25600,XJTU/40Hz10kN/Bearing3_1,-1,test
2631,2,RM_002_XJTU,40Hz10kN/Bearing3_1/285.csv,0,0,0,2,25600,XJTU/40Hz10kN/Bearing3_1,-1,test
2632,2,RM_002_XJTU,40Hz10kN/Bearing3_1/286.csv,0,0,0,2,25600,XJTU/40Hz10kN/Bearing3_1,-1,test
2633,2,RM_002_XJTU,40Hz10kN/Bearing3_1/287.csv,0,0,0,2,25600,XJTU/40Hz10kN/Bearing3_1,-1,test
2634,2,RM_002_XJTU,40Hz10kN/Bearing3_1/288.csv,0,0,0,2,25600,XJTU/40Hz10kN/Bearing3_1,-1,test
2635,2,RM_002_XJTU,40Hz10kN/Bearing3_1/289.csv,0,0,0,2,25600,XJTU/40Hz10kN/Bearing3_1,-1,test
2636,2,RM_002_XJTU,40Hz10kN/Bearing3_1/290.csv,0,0,0,2,25600,XJTU/40Hz10kN/Bearing3_1,-1,test
2637,2,RM_002_XJTU,40Hz10kN/Bearing3_1/291.csv,0,0,0,2,25600,XJTU/40Hz10kN/Bearing3_1,-1,test
2638,2,RM_002_XJTU,40Hz10kN/Bearing3_1/292.csv,0,0,0,2,25600,XJTU/40Hz10kN/Bearing3_1,-1,test
2639,2,RM_002_XJTU,40Hz10kN/Bearing3_1/293.csv,0,0,0,2,25600,XJTU/40Hz10kN/Bearing3_1,-1,test
2640,2,RM_002_XJTU,40Hz10kN/Bearing3_1/294.csv,0,0,0,2,25600,XJTU/40Hz10kN/Bearing3_1,-1,test
2641,2,RM_002_XJTU,40Hz10kN/Bearing3_1/295.csv,0,0,0,2,25600,XJTU/40Hz10kN/Bearing3_1,-1,test
2642,2,RM_002_XJTU,40Hz10kN/Bearing3_1/296.csv,0,0,0,2,25600,XJTU/40Hz10kN/Bearing3_1,-1,test
2643,2,RM_002_XJTU,40Hz10kN/Bearing3_1/297.csv,0,0,0,2,25600,XJTU/40Hz10kN/Bearing3_1,-1,test
2644,2,RM_002_XJTU,40Hz10kN/Bearing3_1/298.csv,0,0,0,2,25600,XJTU/40Hz10kN/Bearing3_1,-1,test
2645,2,RM_002_XJTU,40Hz10kN/Bearing3_1/299.csv,0,0,0,2,25600,XJTU/40Hz10kN/Bearing3_1,-1,test
2646,2,RM_002_XJTU,40Hz10kN/Bearing3_1/300.csv,0,0,0,2,25600,XJTU/40Hz10kN/Bearing3_1,-1,test
2647,2,RM_002_XJTU,40Hz10kN/Bearing3_1/301.csv,0,0,0,2,25600,XJTU/40Hz10kN/Bearing3_1,-1,test
2648,2,RM_002_XJTU,40Hz10kN/Bearing3_1/302.csv,0,0,0,2,25600,XJTU/40Hz10kN/Bearing3_1,-1,test
2649,2,RM_002_XJTU,40Hz10kN/Bearing3_1/303.csv,0,0,0,2,25600,XJTU/40Hz10kN/Bearing3_1,-1,test
2650,2,RM_002_XJTU,40Hz10kN/Bearing3_1/304.csv,0,0,0,2,25600,XJTU/40Hz10kN/Bearing3_1,-1,test
2651,2,RM_002_XJTU,40Hz10kN/Bearing3_1/305.csv,0,0,0,2,25600,XJTU/40Hz10kN/Bearing3_1,-1,test
2652,2,RM_002_XJTU,40Hz10kN/Bearing3_1/306.csv,0,0,0,2,25600,XJTU/40Hz10kN/Bearing3_1,-1,test
2653,2,RM_002_XJTU,40Hz10kN/Bearing3_1/307.csv,0,0,0,2,25600,XJTU/40Hz10kN/Bearing3_1,-1,test
2654,2,RM_002_XJTU,40Hz10kN/Bearing3_1/308.csv,0,0,0,2,25600,XJTU/40Hz10kN/Bearing3_1,-1,test
2655,2,RM_002_XJTU,40Hz10kN/Bearing3_1/309.csv,0,0,0,2,25600,XJTU/40Hz10kN/Bearing3_1,-1,test
2656,2,RM_002_XJTU,40Hz10kN/Bearing3_1/310.csv,0,0,0,2,25600,XJTU/40Hz10kN/Bearing3_1,-1,test
2657,2,RM_002_XJTU,40Hz10kN/Bearing3_1/311.csv,0,0,0,2,25600,XJTU/40Hz10kN/Bearing3_1,-1,test
2658,2,RM_002_XJTU,40Hz10kN/Bearing3_1/312.csv,0,0,0,2,25600,XJTU/40Hz10kN/Bearing3_1,-1,test
2659,2,RM_002_XJTU,40Hz10kN/Bearing3_1/313.csv,0,0,0,2,25600,XJTU/40Hz10kN/Bearing3_1,-1,test
2660,2,RM_002_XJTU,40Hz10kN/Bearing3_1/314.csv,0,0,0,2,25600,XJTU/40Hz10kN/Bearing3_1,-1,test
2661,2,RM_002_XJTU,40Hz10kN/Bearing3_1/315.csv,0,0,0,2,25600,XJTU/40Hz10kN/Bearing3_1,-1,test
2662,2,RM_002_XJTU,40Hz10kN/Bearing3_1/316.csv,0,0,0,2,25600,XJTU/40Hz10kN/Bearing3_1,-1,test
2663,2,RM_002_XJTU,40Hz10kN/Bearing3_1/317.csv,0,0,0,2,25600,XJTU/40Hz10kN/Bearing3_1,-1,test
2664,2,RM_002_XJTU,40Hz10kN/Bearing3_1/318.csv,0,0,0,2,25600,XJTU/40Hz10kN/Bearing3_1,-1,test
2665,2,RM_002_XJTU,40Hz10kN/Bearing3_1/319.csv,0,0,0,2,25600,XJTU/40Hz10kN/Bearing3_1,-1,test
2666,2,RM_002_XJTU,40Hz10kN/Bearing3_1/320.csv,0,0,0,2,25600,XJTU/40Hz10kN/Bearing3_1,-1,test
2667,2,RM_002_XJTU,40Hz10kN/Bearing3_1/321.csv,0,0,0,2,25600,XJTU/40Hz10kN/Bearing3_1,-1,test
2668,2,RM_002_XJTU,40Hz10kN/Bearing3_1/322.csv,0,0,0,2,25600,XJTU/40Hz10kN/Bearing3_1,-1,test
2669,2,RM_002_XJTU,40Hz10kN/Bearing3_1/323.csv,0,0,0,2,25600,XJTU/40Hz10kN/Bearing3_1,-1,test
2670,2,RM_002_XJTU,40Hz10kN/Bearing3_1/324.csv,0,0,0,2,25600,XJTU/40Hz10kN/Bearing3_1,-1,test
2671,2,RM_002_XJTU,40Hz10kN/Bearing3_1/325.csv,0,0,0,2,25600,XJTU/40Hz10kN/Bearing3_1,-1,test
2672,2,RM_002_XJTU,40Hz10kN/Bearing3_1/326.csv,0,0,0,2,25600,XJTU/40Hz10kN/Bearing3_1,-1,test
2673,2,RM_002_XJTU,40Hz10kN/Bearing3_1/327.csv,0,0,0,2,25600,XJTU/40Hz10kN/Bearing3_1,-1,test
2674,2,RM_002_XJTU,40Hz10kN/Bearing3_1/328.csv,0,0,0,2,25600,XJTU/40Hz10kN/Bearing3_1,-1,test
2675,2,RM_002_XJTU,40Hz10kN/Bearing3_1/329.csv,0,0,0,2,25600,XJTU/40Hz10kN/Bearing3_1,-1,test
2676,2,RM_002_XJTU,40Hz10kN/Bearing3_1/330.csv,0,0,0,2,25600,XJTU/40Hz10kN/Bearing3_1,-1,test
2677,2,RM_002_XJTU,40Hz10kN/Bearing3_1/331.csv,0,0,0,2,25600,XJTU/40Hz10kN/Bearing3_1,-1,test
2678,2,RM_002_XJTU,40Hz10kN/Bearing3_1/332.csv,0,0,0,2,25600,XJTU/40Hz10kN/Bearing3_1,-1,test
2679,2,RM_002_XJTU,40Hz10kN/Bearing3_1/333.csv,0,0,0,2,25600,XJTU/40Hz10kN/Bearing3_1,-1,test
2680,2,RM_002_XJTU,40Hz10kN/Bearing3_1/334.csv,0,0,0,2,25600,XJTU/40Hz10kN/Bearing3_1,-1,test
2681,2,RM_002_XJTU,40Hz10kN/Bearing3_1/335.csv,0,0,0,2,25600,XJTU/40Hz10kN/Bearing3_1,-1,test
2682,2,RM_002_XJTU,40Hz10kN/Bearing3_1/336.csv,0,0,0,2,25600,XJTU/40Hz10kN/Bearing3_1,-1,test
2683,2,RM_002_XJTU,40Hz10kN/Bearing3_1/337.csv,0,0,0,2,25600,XJTU/40Hz10kN/Bearing3_1,-1,test
2684,2,RM_002_XJTU,40Hz10kN/Bearing3_1/338.csv,0,0,0,2,25600,XJTU/40Hz10kN/Bearing3_1,-1,test
2685,2,RM_002_XJTU,40Hz10kN/Bearing3_1/339.csv,0,0,0,2,25600,XJTU/40Hz10kN/Bearing3_1,-1,test
2686,2,RM_002_XJTU,40Hz10kN/Bearing3_1/340.csv,0,0,0,2,25600,XJTU/40Hz10kN/Bearing3_1,-1,test
2687,2,RM_002_XJTU,40Hz10kN/Bearing3_1/341.csv,0,0,0,2,25600,XJTU/40Hz10kN/Bearing3_1,-1,test
2688,2,RM_002_XJTU,40Hz10kN/Bearing3_1/342.csv,0,0,0,2,25600,XJTU/40Hz10kN/Bearing3_1,-1,test
2689,2,RM_002_XJTU,40Hz10kN/Bearing3_1/343.csv,0,0,0,2,25600,XJTU/40Hz10kN/Bearing3_1,-1,test
2690,2,RM_002_XJTU,40Hz10kN/Bearing3_1/344.csv,0,0,0,2,25600,XJTU/40Hz10kN/Bearing3_1,-1,test
2691,2,RM_002_XJTU,40Hz10kN/Bearing3_1/345.csv,0,0,0,2,25600,XJTU/40Hz10kN/Bearing3_1,-1,test
2692,2,RM_002_XJTU,40Hz10kN/Bearing3_1/346.csv,0,0,0,2,25600,XJTU/40Hz10kN/Bearing3_1,-1,test
2693,2,RM_002_XJTU,40Hz10kN/Bearing3_1/347.csv,0,0,0,2,25600,XJTU/40Hz10kN/Bearing3_1,-1,test
2694,2,RM_002_XJTU,40Hz10kN/Bearing3_1/348.csv,0,0,0,2,25600,XJTU/40Hz10kN/Bearing3_1,-1,test
2695,2,RM_002_XJTU,40Hz10kN/Bearing3_1/349.csv,0,0,0,2,25600,XJTU/40Hz10kN/Bearing3_1,-1,test
2696,2,RM_002_XJTU,40Hz10kN/Bearing3_1/350.csv,0,0,0,2,25600,XJTU/40Hz10kN/Bearing3_1,-1,test
2697,2,RM_002_XJTU,40Hz10kN/Bearing3_1/351.csv,0,0,0,2,25600,XJTU/40Hz10kN/Bearing3_1,-1,test
2698,2,RM_002_XJTU,40Hz10kN/Bearing3_1/352.csv,0,0,0,2,25600,XJTU/40Hz10kN/Bearing3_1,-1,test
2699,2,RM_002_XJTU,40Hz10kN/Bearing3_1/353.csv,0,0,0,2,25600,XJTU/40Hz10kN/Bearing3_1,-1,test
2700,2,RM_002_XJTU,40Hz10kN/Bearing3_1/354.csv,0,0,0,2,25600,XJTU/40Hz10kN/Bearing3_1,-1,test
2701,2,RM_002_XJTU,40Hz10kN/Bearing3_1/355.csv,0,0,0,2,25600,XJTU/40Hz10kN/Bearing3_1,-1,test
2702,2,RM_002_XJTU,40Hz10kN/Bearing3_1/356.csv,0,0,0,2,25600,XJTU/40Hz10kN/Bearing3_1,-1,test
2703,2,RM_002_XJTU,40Hz10kN/Bearing3_1/357.csv,0,0,0,2,25600,XJTU/40Hz10kN/Bearing3_1,-1,test
2704,2,RM_002_XJTU,40Hz10kN/Bearing3_1/358.csv,0,0,0,2,25600,XJTU/40Hz10kN/Bearing3_1,-1,test
2705,2,RM_002_XJTU,40Hz10kN/Bearing3_1/359.csv,0,0,0,2,25600,XJTU/40Hz10kN/Bearing3_1,-1,test
2706,2,RM_002_XJTU,40Hz10kN/Bearing3_1/360.csv,0,0,0,2,25600,XJTU/40Hz10kN/Bearing3_1,-1,test
2707,2,RM_002_XJTU,40Hz10kN/Bearing3_1/361.csv,0,0,0,2,25600,XJTU/40Hz10kN/Bearing3_1,-1,test
2708,2,RM_002_XJTU,40Hz10kN/Bearing3_1/362.csv,0,0,0,2,25600,XJTU/40Hz10kN/Bearing3_1,-1,test
2709,2,RM_002_XJTU,40Hz10kN/Bearing3_1/363.csv,0,0,0,2,25600,XJTU/40Hz10kN/Bearing3_1,-1,test
2710,2,RM_002_XJTU,40Hz10kN/Bearing3_1/364.csv,0,0,0,2,25600,XJTU/40Hz10kN/Bearing3_1,-1,test
2711,2,RM_002_XJTU,40Hz10kN/Bearing3_1/365.csv,0,0,0,2,25600,XJTU/40Hz10kN/Bearing3_1,-1,test
2712,2,RM_002_XJTU,40Hz10kN/Bearing3_1/366.csv,0,0,0,2,25600,XJTU/40Hz10kN/Bearing3_1,-1,test
2713,2,RM_002_XJTU,40Hz10kN/Bearing3_1/367.csv,0,0,0,2,25600,XJTU/40Hz10kN/Bearing3_1,-1,test
2714,2,RM_002_XJTU,40Hz10kN/Bearing3_1/368.csv,0,0,0,2,25600,XJTU/40Hz10kN/Bearing3_1,-1,test
2715,2,RM_002_XJTU,40Hz10kN/Bearing3_1/369.csv,0,0,0,2,25600,XJTU/40Hz10kN/Bearing3_1,-1,test
2716,2,RM_002_XJTU,40Hz10kN/Bearing3_1/370.csv,0,0,0,2,25600,XJTU/40Hz10kN/Bearing3_1,-1,test
2717,2,RM_002_XJTU,40Hz10kN/Bearing3_1/371.csv,0,0,0,2,25600,XJTU/40Hz10kN/Bearing3_1,-1,test
2718,2,RM_002_XJTU,40Hz10kN/Bearing3_1/372.csv,0,0,0,2,25600,XJTU/40Hz10kN/Bearing3_1,-1,test
2719,2,RM_002_XJTU,40Hz10kN/Bearing3_1/373.csv,0,0,0,2,25600,XJTU/40Hz10kN/Bearing3_1,-1,test
2720,2,RM_002_XJTU,40Hz10kN/Bearing3_1/374.csv,0,0,0,2,25600,XJTU/40Hz10kN/Bearing3_1,-1,test
2721,2,RM_002_XJTU,40Hz10kN/Bearing3_1/375.csv,0,0,0,2,25600,XJTU/40Hz10kN/Bearing3_1,-1,test
2722,2,RM_002_XJTU,40Hz10kN/Bearing3_1/376.csv,0,0,0,2,25600,XJTU/40Hz10kN/Bearing3_1,-1,test
2723,2,RM_002_XJTU,40Hz10kN/Bearing3_1/377.csv,0,0,0,2,25600,XJTU/40Hz10kN/Bearing3_1,-1,test
2724,2,RM_002_XJTU,40Hz10kN/Bearing3_1/378.csv,0,0,0,2,25600,XJTU/40Hz10kN/Bearing3_1,-1,test
2725,2,RM_002_XJTU,40Hz10kN/Bearing3_1/379.csv,0,0,0,2,25600,XJTU/40Hz10kN/Bearing3_1,-1,test
2726,2,RM_002_XJTU,40Hz10kN/Bearing3_1/380.csv,0,0,0,2,25600,XJTU/40Hz10kN/Bearing3_1,-1,test
2727,2,RM_002_XJTU,40Hz10kN/Bearing3_1/381.csv,0,0,0,2,25600,XJTU/40Hz10kN/Bearing3_1,-1,test
2728,2,RM_002_XJTU,40Hz10kN/Bearing3_1/382.csv,0,0,0,2,25600,XJTU/40Hz10kN/Bearing3_1,-1,test
2729,2,RM_002_XJTU,40Hz10kN/Bearing3_1/383.csv,0,0,0,2,25600,XJTU/40Hz10kN/Bearing3_1,-1,test
2730,2,RM_002_XJTU,40Hz10kN/Bearing3_1/384.csv,0,0,0,2,25600,XJTU/40Hz10kN/Bearing3_1,-1,test
2731,2,RM_002_XJTU,40Hz10kN/Bearing3_1/385.csv,0,0,0,2,25600,XJTU/40Hz10kN/Bearing3_1,-1,test
2732,2,RM_002_XJTU,40Hz10kN/Bearing3_1/386.csv,0,0,0,2,25600,XJTU/40Hz10kN/Bearing3_1,-1,test
2733,2,RM_002_XJTU,40Hz10kN/Bearing3_1/387.csv,0,0,0,2,25600,XJTU/40Hz10kN/Bearing3_1,-1,test
2734,2,RM_002_XJTU,40Hz10kN/Bearing3_1/388.csv,0,0,0,2,25600,XJTU/40Hz10kN/Bearing3_1,-1,test
2735,2,RM_002_XJTU,40Hz10kN/Bearing3_1/389.csv,0,0,0,2,25600,XJTU/40Hz10kN/Bearing3_1,-1,test
2736,2,RM_002_XJTU,40Hz10kN/Bearing3_1/390.csv,0,0,0,2,25600,XJTU/40Hz10kN/Bearing3_1,-1,test
2737,2,RM_002_XJTU,40Hz10kN/Bearing3_1/391.csv,0,0,0,2,25600,XJTU/40Hz10kN/Bearing3_1,-1,test
2738,2,RM_002_XJTU,40Hz10kN/Bearing3_1/392.csv,0,0,0,2,25600,XJTU/40Hz10kN/Bearing3_1,-1,test
2739,2,RM_002_XJTU,40Hz10kN/Bearing3_1/393.csv,0,0,0,2,25600,XJTU/40Hz10kN/Bearing3_1,-1,test
2740,2,RM_002_XJTU,40Hz10kN/Bearing3_1/394.csv,0,0,0,2,25600,XJTU/40Hz10kN/Bearing3_1,-1,test
2741,2,RM_002_XJTU,40Hz10kN/Bearing3_1/395.csv,0,0,0,2,25600,XJTU/40Hz10kN/Bearing3_1,-1,test
2742,2,RM_002_XJTU,40Hz10kN/Bearing3_1/396.csv,0,0,0,2,25600,XJTU/40Hz10kN/Bearing3_1,-1,test
2743,2,RM_002_XJTU,40Hz10kN/Bearing3_1/397.csv,0,0,0,2,25600,XJTU/40Hz10kN/Bearing3_1,-1,test
2744,2,RM_002_XJTU,40Hz10kN/Bearing3_1/398.csv,0,0,0,2,25600,XJTU/40Hz10kN/Bearing3_1,-1,test
2745,2,RM_002_XJTU,40Hz10kN/Bearing3_1/399.csv,0,0,0,2,25600,XJTU/40Hz10kN/Bearing3_1,-1,test
2746,2,RM_002_XJTU,40Hz10kN/Bearing3_1/400.csv,0,0,0,2,25600,XJTU/40Hz10kN/Bearing3_1,-1,test
2747,2,RM_002_XJTU,40Hz10kN/Bearing3_1/401.csv,0,0,0,2,25600,XJTU/40Hz10kN/Bearing3_1,-1,test
2748,2,RM_002_XJTU,40Hz10kN/Bearing3_1/402.csv,0,0,0,2,25600,XJTU/40Hz10kN/Bearing3_1,-1,test
2749,2,RM_002_XJTU,40Hz10kN/Bearing3_1/403.csv,0,0,0,2,25600,XJTU/40Hz10kN/Bearing3_1,-1,test
2750,2,RM_002_XJTU,40Hz10kN/Bearing3_1/404.csv,0,0,0,2,25600,XJTU/40Hz10kN/Bearing3_1,-1,test
2751,2,RM_002_XJTU,40Hz10kN/Bearing3_1/405.csv,0,0,0,2,25600,XJTU/40Hz10kN/Bearing3_1,-1,test
2752,2,RM_002_XJTU,40Hz10kN/Bearing3_1/406.csv,0,0,0,2,25600,XJTU/40Hz10kN/Bearing3_1,-1,test
2753,2,RM_002_XJTU,40Hz10kN/Bearing3_1/407.csv,0,0,0,2,25600,XJTU/40Hz10kN/Bearing3_1,-1,test
2754,2,RM_002_XJTU,40Hz10kN/Bearing3_1/408.csv,0,0,0,2,25600,XJTU/40Hz10kN/Bearing3_1,-1,test
2755,2,RM_002_XJTU,40Hz10kN/Bearing3_1/409.csv,0,0,0,2,25600,XJTU/40Hz10kN/Bearing3_1,-1,test
2756,2,RM_002_XJTU,40Hz10kN/Bearing3_1/410.csv,0,0,0,2,25600,XJTU/40Hz10kN/Bearing3_1,-1,test
2757,2,RM_002_XJTU,40Hz10kN/Bearing3_1/411.csv,0,0,0,2,25600,XJTU/40Hz10kN/Bearing3_1,-1,test
2758,2,RM_002_XJTU,40Hz10kN/Bearing3_1/412.csv,0,0,0,2,25600,XJTU/40Hz10kN/Bearing3_1,-1,test
2759,2,RM_002_XJTU,40Hz10kN/Bearing3_1/413.csv,0,0,0,2,25600,XJTU/40Hz10kN/Bearing3_1,-1,test
2760,2,RM_002_XJTU,40Hz10kN/Bearing3_1/414.csv,0,0,0,2,25600,XJTU/40Hz10kN/Bearing3_1,-1,test
2761,2,RM_002_XJTU,40Hz10kN/Bearing3_1/415.csv,0,0,0,2,25600,XJTU/40Hz10kN/Bearing3_1,-1,test
2762,2,RM_002_XJTU,40Hz10kN/Bearing3_1/416.csv,0,0,0,2,25600,XJTU/40Hz10kN/Bearing3_1,-1,test
2763,2,RM_002_XJTU,40Hz10kN/Bearing3_1/417.csv,0,0,0,2,25600,XJTU/40Hz10kN/Bearing3_1,-1,test
2764,2,RM_002_XJTU,40Hz10kN/Bearing3_1/418.csv,0,0,0,2,25600,XJTU/40Hz10kN/Bearing3_1,-1,test
2765,2,RM_002_XJTU,40Hz10kN/Bearing3_1/419.csv,0,0,0,2,25600,XJTU/40Hz10kN/Bearing3_1,-1,test
2766,2,RM_002_XJTU,40Hz10kN/Bearing3_1/420.csv,0,0,0,2,25600,XJTU/40Hz10kN/Bearing3_1,-1,test
2767,2,RM_002_XJTU,40Hz10kN/Bearing3_1/421.csv,0,0,0,2,25600,XJTU/40Hz10kN/Bearing3_1,-1,test
2768,2,RM_002_XJTU,40Hz10kN/Bearing3_1/422.csv,0,0,0,2,25600,XJTU/40Hz10kN/Bearing3_1,-1,test
2769,2,RM_002_XJTU,40Hz10kN/Bearing3_1/423.csv,0,0,0,2,25600,XJTU/40Hz10kN/Bearing3_1,-1,test
2770,2,RM_002_XJTU,40Hz10kN/Bearing3_1/424.csv,0,0,0,2,25600,XJTU/40Hz10kN/Bearing3_1,-1,test
2771,2,RM_002_XJTU,40Hz10kN/Bearing3_1/425.csv,0,0,0,2,25600,XJTU/40Hz10kN/Bearing3_1,-1,test
2772,2,RM_002_XJTU,40Hz10kN/Bearing3_1/426.csv,0,0,0,2,25600,XJTU/40Hz10kN/Bearing3_1,-1,test
2773,2,RM_002_XJTU,40Hz10kN/Bearing3_1/427.csv,0,0,0,2,25600,XJTU/40Hz10kN/Bearing3_1,-1,test
2774,2,RM_002_XJTU,40Hz10kN/Bearing3_1/428.csv,0,0,0,2,25600,XJTU/40Hz10kN/Bearing3_1,-1,test
2775,2,RM_002_XJTU,40Hz10kN/Bearing3_1/429.csv,0,0,0,2,25600,XJTU/40Hz10kN/Bearing3_1,-1,test
2776,2,RM_002_XJTU,40Hz10kN/Bearing3_1/430.csv,0,0,0,2,25600,XJTU/40Hz10kN/Bearing3_1,-1,test
2777,2,RM_002_XJTU,40Hz10kN/Bearing3_1/431.csv,0,0,0,2,25600,XJTU/40Hz10kN/Bearing3_1,-1,test
2778,2,RM_002_XJTU,40Hz10kN/Bearing3_1/432.csv,0,0,0,2,25600,XJTU/40Hz10kN/Bearing3_1,-1,test
2779,2,RM_002_XJTU,40Hz10kN/Bearing3_1/433.csv,0,0,0,2,25600,XJTU/40Hz10kN/Bearing3_1,-1,test
2780,2,RM_002_XJTU,40Hz10kN/Bearing3_1/434.csv,0,0,0,2,25600,XJTU/40Hz10kN/Bearing3_1,-1,test
2781,2,RM_002_XJTU,40Hz10kN/Bearing3_1/435.csv,0,0,0,2,25600,XJTU/40Hz10kN/Bearing3_1,-1,test
2782,2,RM_002_XJTU,40Hz10kN/Bearing3_1/436.csv,0,0,0,2,25600,XJTU/40Hz10kN/Bearing3_1,-1,test
2783,2,RM_002_XJTU,40Hz10kN/Bearing3_1/437.csv,0,0,0,2,25600,XJTU/40Hz10kN/Bearing3_1,-1,test
2784,2,RM_002_XJTU,40Hz10kN/Bearing3_1/438.csv,0,0,0,2,25600,XJTU/40Hz10kN/Bearing3_1,-1,test
2785,2,RM_002_XJTU,40Hz10kN/Bearing3_1/439.csv,0,0,0,2,25600,XJTU/40Hz10kN/Bearing3_1,-1,test
2786,2,RM_002_XJTU,40Hz10kN/Bearing3_1/440.csv,0,0,0,2,25600,XJTU/40Hz10kN/Bearing3_1,-1,test
2787,2,RM_002_XJTU,40Hz10kN/Bearing3_1/441.csv,0,0,0,2,25600,XJTU/40Hz10kN/Bearing3_1,-1,test
2788,2,RM_002_XJTU,40Hz10kN/Bearing3_1/442.csv,0,0,0,2,25600,XJTU/40Hz10kN/Bearing3_1,-1,test
2789,2,RM_002_XJTU,40Hz10kN/Bearing3_1/443.csv,0,0,0,2,25600,XJTU/40Hz10kN/Bearing3_1,-1,test
2790,2,RM_002_XJTU,40Hz10kN/Bearing3_1/444.csv,0,0,0,2,25600,XJTU/40Hz10kN/Bearing3_1,-1,test
2791,2,RM_002_XJTU,40Hz10kN/Bearing3_1/445.csv,0,0,0,2,25600,XJTU/40Hz10kN/Bearing3_1,-1,test
2792,2,RM_002_XJTU,40Hz10kN/Bearing3_1/446.csv,0,0,0,2,25600,XJTU/40Hz10kN/Bearing3_1,-1,test
2793,2,RM_002_XJTU,40Hz10kN/Bearing3_1/447.csv,0,0,0,2,25600,XJTU/40Hz10kN/Bearing3_1,-1,test
2794,2,RM_002_XJTU,40Hz10kN/Bearing3_1/448.csv,0,0,0,2,25600,XJTU/40Hz10kN/Bearing3_1,-1,test
2795,2,RM_002_XJTU,40Hz10kN/Bearing3_1/449.csv,0,0,0,2,25600,XJTU/40Hz10kN/Bearing3_1,-1,test
2796,2,RM_002_XJTU,40Hz10kN/Bearing3_1/450.csv,0,0,0,2,25600,XJTU/40Hz10kN/Bearing3_1,-1,test
2797,2,RM_002_XJTU,40Hz10kN/Bearing3_1/451.csv,0,0,0,2,25600,XJTU/40Hz10kN/Bearing3_1,-1,test
2798,2,RM_002_XJTU,40Hz10kN/Bearing3_1/452.csv,0,0,0,2,25600,XJTU/40Hz10kN/Bearing3_1,-1,test
2799,2,RM_002_XJTU,40Hz10kN/Bearing3_1/453.csv,0,0,0,2,25600,XJTU/40Hz10kN/Bearing3_1,-1,test
2800,2,RM_002_XJTU,40Hz10kN/Bearing3_1/454.csv,0,0,0,2,25600,XJTU/40Hz10kN/Bearing3_1,-1,test
2801,2,RM_002_XJTU,40Hz10kN/Bearing3_1/455.csv,0,0,0,2,25600,XJTU/40Hz10kN/Bearing3_1,-1,test
2802,2,RM_002_XJTU,40Hz10kN/Bearing3_1/456.csv,0,0,0,2,25600,XJTU/40Hz10kN/Bearing3_1,-1,test
2803,2,RM_002_XJTU,40Hz10kN/Bearing3_1/457.csv,0,0,0,2,25600,XJTU/40Hz10kN/Bearing3_1,-1,test
2804,2,RM_002_XJTU,40Hz10kN/Bearing3_1/458.csv,0,0,0,2,25600,XJTU/40Hz10kN/Bearing3_1,-1,test
2805,2,RM_002_XJTU,40Hz10kN/Bearing3_1/459.csv,0,0,0,2,25600,XJTU/40Hz10kN/Bearing3_1,-1,test
2806,2,RM_002_XJTU,40Hz10kN/Bearing3_1/460.csv,0,0,0,2,25600,XJTU/40Hz10kN/Bearing3_1,-1,test
2807,2,RM_002_XJTU,40Hz10kN/Bearing3_1/461.csv,0,0,0,2,25600,XJTU/40Hz10kN/Bearing3_1,-1,test
2808,2,RM_002_XJTU,40Hz10kN/Bearing3_1/462.csv,0,0,0,2,25600,XJTU/40Hz10kN/Bearing3_1,-1,test
2809,2,RM_002_XJTU,40Hz10kN/Bearing3_1/463.csv,0,0,0,2,25600,XJTU/40Hz10kN/Bearing3_1,-1,test
2810,2,RM_002_XJTU,40Hz10kN/Bearing3_1/464.csv,0,0,0,2,25600,XJTU/40Hz10kN/Bearing3_1,-1,test
2811,2,RM_002_XJTU,40Hz10kN/Bearing3_1/465.csv,0,0,0,2,25600,XJTU/40Hz10kN/Bearing3_1,-1,test
2812,2,RM_002_XJTU,40Hz10kN/Bearing3_1/466.csv,0,0,0,2,25600,XJTU/40Hz10kN/Bearing3_1,-1,test
2813,2,RM_002_XJTU,40Hz10kN/Bearing3_1/467.csv,0,0,0,2,25600,XJTU/40Hz10kN/Bearing3_1,-1,test
2814,2,RM_002_XJTU,40Hz10kN/Bearing3_1/468.csv,0,0,0,2,25600,XJTU/40Hz10kN/Bearing3_1,-1,test
2815,2,RM_002_XJTU,40Hz10kN/Bearing3_1/469.csv,0,0,0,2,25600,XJTU/40Hz10kN/Bearing3_1,-1,test
2816,2,RM_002_XJTU,40Hz10kN/Bearing3_1/470.csv,0,0,0,2,25600,XJTU/40Hz10kN/Bearing3_1,-1,test
2817,2,RM_002_XJTU,40Hz10kN/Bearing3_1/471.csv,0,0,0,2,25600,XJTU/40Hz10kN/Bearing3_1,-1,test
2818,2,RM_002_XJTU,40Hz10kN/Bearing3_1/472.csv,0,0,0,2,25600,XJTU/40Hz10kN/Bearing3_1,-1,test
2819,2,RM_002_XJTU,40Hz10kN/Bearing3_1/473.csv,0,0,0,2,25600,XJTU/40Hz10kN/Bearing3_1,-1,test
2820,2,RM_002_XJTU,40Hz10kN/Bearing3_1/474.csv,0,0,0,2,25600,XJTU/40Hz10kN/Bearing3_1,-1,test
2821,2,RM_002_XJTU,40Hz10kN/Bearing3_1/475.csv,0,0,0,2,25600,XJTU/40Hz10kN/Bearing3_1,-1,test
2822,2,RM_002_XJTU,40Hz10kN/Bearing3_1/476.csv,0,0,0,2,25600,XJTU/40Hz10kN/Bearing3_1,-1,test
2823,2,RM_002_XJTU,40Hz10kN/Bearing3_1/477.csv,0,0,0,2,25600,XJTU/40Hz10kN/Bearing3_1,-1,test
2824,2,RM_002_XJTU,40Hz10kN/Bearing3_1/478.csv,0,0,0,2,25600,XJTU/40Hz10kN/Bearing3_1,-1,test
2825,2,RM_002_XJTU,40Hz10kN/Bearing3_1/479.csv,0,0,0,2,25600,XJTU/40Hz10kN/Bearing3_1,-1,test
2826,2,RM_002_XJTU,40Hz10kN/Bearing3_1/480.csv,0,0,0,2,25600,XJTU/40Hz10kN/Bearing3_1,-1,test
2827,2,RM_002_XJTU,40Hz10kN/Bearing3_1/481.csv,0,0,0,2,25600,XJTU/40Hz10kN/Bearing3_1,-1,test
2828,2,RM_002_XJTU,40Hz10kN/Bearing3_1/482.csv,0,0,0,2,25600,XJTU/40Hz10kN/Bearing3_1,-1,test
2829,2,RM_002_XJTU,40Hz10kN/Bearing3_1/483.csv,0,0,0,2,25600,XJTU/40Hz10kN/Bearing3_1,-1,test
2830,2,RM_002_XJTU,40Hz10kN/Bearing3_1/484.csv,0,0,0,2,25600,XJTU/40Hz10kN/Bearing3_1,-1,test
2831,2,RM_002_XJTU,40Hz10kN/Bearing3_1/485.csv,0,0,0,2,25600,XJTU/40Hz10kN/Bearing3_1,-1,test
2832,2,RM_002_XJTU,40Hz10kN/Bearing3_1/486.csv,0,0,0,2,25600,XJTU/40Hz10kN/Bearing3_1,-1,test
2833,2,RM_002_XJTU,40Hz10kN/Bearing3_1/487.csv,0,0,0,2,25600,XJTU/40Hz10kN/Bearing3_1,-1,test
2834,2,RM_002_XJTU,40Hz10kN/Bearing3_1/488.csv,0,0,0,2,25600,XJTU/40Hz10kN/Bearing3_1,-1,test
2835,2,RM_002_XJTU,40Hz10kN/Bearing3_1/489.csv,0,0,0,2,25600,XJTU/40Hz10kN/Bearing3_1,-1,test
2836,2,RM_002_XJTU,40Hz10kN/Bearing3_1/490.csv,0,0,0,2,25600,XJTU/40Hz10kN/Bearing3_1,-1,test
2837,2,RM_002_XJTU,40Hz10kN/Bearing3_1/491.csv,0,0,0,2,25600,XJTU/40Hz10kN/Bearing3_1,-1,test
2838,2,RM_002_XJTU,40Hz10kN/Bearing3_1/492.csv,0,0,0,2,25600,XJTU/40Hz10kN/Bearing3_1,-1,test
2839,2,RM_002_XJTU,40Hz10kN/Bearing3_1/493.csv,0,0,0,2,25600,XJTU/40Hz10kN/Bearing3_1,-1,test
2840,2,RM_002_XJTU,40Hz10kN/Bearing3_1/494.csv,0,0,0,2,25600,XJTU/40Hz10kN/Bearing3_1,-1,test
2841,2,RM_002_XJTU,40Hz10kN/Bearing3_1/495.csv,0,0,0,2,25600,XJTU/40Hz10kN/Bearing3_1,-1,test
2842,2,RM_002_XJTU,40Hz10kN/Bearing3_1/496.csv,0,0,0,2,25600,XJTU/40Hz10kN/Bearing3_1,-1,test
2843,2,RM_002_XJTU,40Hz10kN/Bearing3_1/497.csv,0,0,0,2,25600,XJTU/40Hz10kN/Bearing3_1,-1,test
2844,2,RM_002_XJTU,40Hz10kN/Bearing3_1/498.csv,0,0,0,2,25600,XJTU/40Hz10kN/Bearing3_1,-1,test
2845,2,RM_002_XJTU,40Hz10kN/Bearing3_1/499.csv,0,0,0,2,25600,XJTU/40Hz10kN/Bearing3_1,-1,test
2846,2,RM_002_XJTU,40Hz10kN/Bearing3_1/500.csv,0,0,0,2,25600,XJTU/40Hz10kN/Bearing3_1,-1,test
2847,2,RM_002_XJTU,40Hz10kN/Bearing3_1/501.csv,0,0,0,2,25600,XJTU/40Hz10kN/Bearing3_1,-1,test
2848,2,RM_002_XJTU,40Hz10kN/Bearing3_1/502.csv,0,0,0,2,25600,XJTU/40Hz10kN/Bearing3_1,-1,test
2849,2,RM_002_XJTU,40Hz10kN/Bearing3_1/503.csv,0,0,0,2,25600,XJTU/40Hz10kN/Bearing3_1,-1,test
2850,2,RM_002_XJTU,40Hz10kN/Bearing3_1/504.csv,0,0,0,2,25600,XJTU/40Hz10kN/Bearing3_1,-1,test
2851,2,RM_002_XJTU,40Hz10kN/Bearing3_1/505.csv,0,0,0,2,25600,XJTU/40Hz10kN/Bearing3_1,-1,test
2852,2,RM_002_XJTU,40Hz10kN/Bearing3_1/506.csv,0,0,0,2,25600,XJTU/40Hz10kN/Bearing3_1,-1,test
2853,2,RM_002_XJTU,40Hz10kN/Bearing3_1/507.csv,0,0,0,2,25600,XJTU/40Hz10kN/Bearing3_1,-1,test
2854,2,RM_002_XJTU,40Hz10kN/Bearing3_1/508.csv,0,0,0,2,25600,XJTU/40Hz10kN/Bearing3_1,-1,test
2855,2,RM_002_XJTU,40Hz10kN/Bearing3_1/509.csv,0,0,0,2,25600,XJTU/40Hz10kN/Bearing3_1,-1,test
2856,2,RM_002_XJTU,40Hz10kN/Bearing3_1/510.csv,0,0,0,2,25600,XJTU/40Hz10kN/Bearing3_1,-1,test
2857,2,RM_002_XJTU,40Hz10kN/Bearing3_1/511.csv,0,0,0,2,25600,XJTU/40Hz10kN/Bearing3_1,-1,test
2858,2,RM_002_XJTU,40Hz10kN/Bearing3_1/512.csv,0,0,0,2,25600,XJTU/40Hz10kN/Bearing3_1,-1,test
2859,2,RM_002_XJTU,40Hz10kN/Bearing3_1/513.csv,0,0,0,2,25600,XJTU/40Hz10kN/Bearing3_1,-1,test
2860,2,RM_002_XJTU,40Hz10kN/Bearing3_1/514.csv,0,0,0,2,25600,XJTU/40Hz10kN/Bearing3_1,-1,test
2861,2,RM_002_XJTU,40Hz10kN/Bearing3_1/515.csv,0,0,0,2,25600,XJTU/40Hz10kN/Bearing3_1,-1,test
2862,2,RM_002_XJTU,40Hz10kN/Bearing3_1/516.csv,0,0,0,2,25600,XJTU/40Hz10kN/Bearing3_1,-1,test
2863,2,RM_002_XJTU,40Hz10kN/Bearing3_1/517.csv,0,0,0,2,25600,XJTU/40Hz10kN/Bearing3_1,-1,test
2864,2,RM_002_XJTU,40Hz10kN/Bearing3_1/518.csv,0,0,0,2,25600,XJTU/40Hz10kN/Bearing3_1,-1,test
2865,2,RM_002_XJTU,40Hz10kN/Bearing3_1/519.csv,0,0,0,2,25600,XJTU/40Hz10kN/Bearing3_1,-1,test
2866,2,RM_002_XJTU,40Hz10kN/Bearing3_1/520.csv,0,0,0,2,25600,XJTU/40Hz10kN/Bearing3_1,-1,test
2867,2,RM_002_XJTU,40Hz10kN/Bearing3_1/521.csv,0,0,0,2,25600,XJTU/40Hz10kN/Bearing3_1,-1,test
2868,2,RM_002_XJTU,40Hz10kN/Bearing3_1/522.csv,0,0,0,2,25600,XJTU/40Hz10kN/Bearing3_1,-1,test
2869,2,RM_002_XJTU,40Hz10kN/Bearing3_1/523.csv,0,0,0,2,25600,XJTU/40Hz10kN/Bearing3_1,-1,test
2870,2,RM_002_XJTU,40Hz10kN/Bearing3_1/524.csv,0,0,0,2,25600,XJTU/40Hz10kN/Bearing3_1,-1,test
2871,2,RM_002_XJTU,40Hz10kN/Bearing3_1/525.csv,0,0,0,2,25600,XJTU/40Hz10kN/Bearing3_1,-1,test
2872,2,RM_002_XJTU,40Hz10kN/Bearing3_1/526.csv,0,0,0,2,25600,XJTU/40Hz10kN/Bearing3_1,-1,test
2873,2,RM_002_XJTU,40Hz10kN/Bearing3_1/527.csv,0,0,0,2,25600,XJTU/40Hz10kN/Bearing3_1,-1,test
2874,2,RM_002_XJTU,40Hz10kN/Bearing3_1/528.csv,0,0,0,2,25600,XJTU/40Hz10kN/Bearing3_1,-1,test
2875,2,RM_002_XJTU,40Hz10kN/Bearing3_1/529.csv,0,0,0,2,25600,XJTU/40Hz10kN/Bearing3_1,-1,test
2876,2,RM_002_XJTU,40Hz10kN/Bearing3_1/530.csv,0,0,0,2,25600,XJTU/40Hz10kN/Bearing3_1,-1,test
2877,2,RM_002_XJTU,40Hz10kN/Bearing3_1/531.csv,0,0,0,2,25600,XJTU/40Hz10kN/Bearing3_1,-1,test
2878,2,RM_002_XJTU,40Hz10kN/Bearing3_1/532.csv,0,0,0,2,25600,XJTU/40Hz10kN/Bearing3_1,-1,test
2879,2,RM_002_XJTU,40Hz10kN/Bearing3_1/533.csv,0,0,0,2,25600,XJTU/40Hz10kN/Bearing3_1,-1,test
2880,2,RM_002_XJTU,40Hz10kN/Bearing3_1/534.csv,0,0,0,2,25600,XJTU/40Hz10kN/Bearing3_1,-1,test
2881,2,RM_002_XJTU,40Hz10kN/Bearing3_1/535.csv,0,0,0,2,25600,XJTU/40Hz10kN/Bearing3_1,-1,test
2882,2,RM_002_XJTU,40Hz10kN/Bearing3_1/536.csv,0,0,0,2,25600,XJTU/40Hz10kN/Bearing3_1,-1,test
2883,2,RM_002_XJTU,40Hz10kN/Bearing3_1/537.csv,0,0,0,2,25600,XJTU/40Hz10kN/Bearing3_1,-1,test
2884,2,RM_002_XJTU,40Hz10kN/Bearing3_1/538.csv,0,0,0,2,25600,XJTU/40Hz10kN/Bearing3_1,-1,test
2885,2,RM_002_XJTU,40Hz10kN/Bearing3_1/539.csv,0,0,0,2,25600,XJTU/40Hz10kN/Bearing3_1,-1,test
2886,2,RM_002_XJTU,40Hz10kN/Bearing3_1/540.csv,0,0,0,2,25600,XJTU/40Hz10kN/Bearing3_1,-1,test
2887,2,RM_002_XJTU,40Hz10kN/Bearing3_1/541.csv,0,0,0,2,25600,XJTU/40Hz10kN/Bearing3_1,-1,test
2888,2,RM_002_XJTU,40Hz10kN/Bearing3_1/542.csv,0,0,0,2,25600,XJTU/40Hz10kN/Bearing3_1,-1,test
2889,2,RM_002_XJTU,40Hz10kN/Bearing3_1/543.csv,0,0,0,2,25600,XJTU/40Hz10kN/Bearing3_1,-1,test
2890,2,RM_002_XJTU,40Hz10kN/Bearing3_1/544.csv,0,0,0,2,25600,XJTU/40Hz10kN/Bearing3_1,-1,test
2891,2,RM_002_XJTU,40Hz10kN/Bearing3_1/545.csv,0,0,0,2,25600,XJTU/40Hz10kN/Bearing3_1,-1,test
2892,2,RM_002_XJTU,40Hz10kN/Bearing3_1/546.csv,0,0,0,2,25600,XJTU/40Hz10kN/Bearing3_1,-1,test
2893,2,RM_002_XJTU,40Hz10kN/Bearing3_1/547.csv,0,0,0,2,25600,XJTU/40Hz10kN/Bearing3_1,-1,test
2894,2,RM_002_XJTU,40Hz10kN/Bearing3_1/548.csv,0,0,0,2,25600,XJTU/40Hz10kN/Bearing3_1,-1,test
2895,2,RM_002_XJTU,40Hz10kN/Bearing3_1/549.csv,0,0,0,2,25600,XJTU/40Hz10kN/Bearing3_1,-1,test
2896,2,RM_002_XJTU,40Hz10kN/Bearing3_1/550.csv,0,0,0,2,25600,XJTU/40Hz10kN/Bearing3_1,-1,test
2897,2,RM_002_XJTU,40Hz10kN/Bearing3_1/551.csv,0,0,0,2,25600,XJTU/40Hz10kN/Bearing3_1,-1,test
2898,2,RM_002_XJTU,40Hz10kN/Bearing3_1/552.csv,0,0,0,2,25600,XJTU/40Hz10kN/Bearing3_1,-1,test
2899,2,RM_002_XJTU,40Hz10kN/Bearing3_1/553.csv,0,0,0,2,25600,XJTU/40Hz10kN/Bearing3_1,-1,test
2900,2,RM_002_XJTU,40Hz10kN/Bearing3_1/554.csv,0,0,0,2,25600,XJTU/40Hz10kN/Bearing3_1,-1,test
2901,2,RM_002_XJTU,40Hz10kN/Bearing3_1/555.csv,0,0,0,2,25600,XJTU/40Hz10kN/Bearing3_1,-1,test
2902,2,RM_002_XJTU,40Hz10kN/Bearing3_1/556.csv,0,0,0,2,25600,XJTU/40Hz10kN/Bearing3_1,-1,test
2903,2,RM_002_XJTU,40Hz10kN/Bearing3_1/557.csv,0,0,0,2,25600,XJTU/40Hz10kN/Bearing3_1,-1,test
2904,2,RM_002_XJTU,40Hz10kN/Bearing3_1/558.csv,0,0,0,2,25600,XJTU/40Hz10kN/Bearing3_1,-1,test
2905,2,RM_002_XJTU,40Hz10kN/Bearing3_1/559.csv,0,0,0,2,25600,XJTU/40Hz10kN/Bearing3_1,-1,test
2906,2,RM_002_XJTU,40Hz10kN/Bearing3_1/560.csv,0,0,0,2,25600,XJTU/40Hz10kN/Bearing3_1,-1,test
2907,2,RM_002_XJTU,40Hz10kN/Bearing3_1/561.csv,0,0,0,2,25600,XJTU/40Hz10kN/Bearing3_1,-1,test
2908,2,RM_002_XJTU,40Hz10kN/Bearing3_1/562.csv,0,0,0,2,25600,XJTU/40Hz10kN/Bearing3_1,-1,test
2909,2,RM_002_XJTU,40Hz10kN/Bearing3_1/563.csv,0,0,0,2,25600,XJTU/40Hz10kN/Bearing3_1,-1,test
2910,2,RM_002_XJTU,40Hz10kN/Bearing3_1/564.csv,0,0,0,2,25600,XJTU/40Hz10kN/Bearing3_1,-1,test
2911,2,RM_002_XJTU,40Hz10kN/Bearing3_1/565.csv,0,0,0,2,25600,XJTU/40Hz10kN/Bearing3_1,-1,test
2912,2,RM_002_XJTU,40Hz10kN/Bearing3_1/566.csv,0,0,0,2,25600,XJTU/40Hz10kN/Bearing3_1,-1,test
2913,2,RM_002_XJTU,40Hz10kN/Bearing3_1/567.csv,0,0,0,2,25600,XJTU/40Hz10kN/Bearing3_1,-1,test
2914,2,RM_002_XJTU,40Hz10kN/Bearing3_1/568.csv,0,0,0,2,25600,XJTU/40Hz10kN/Bearing3_1,-1,test
2915,2,RM_002_XJTU,40Hz10kN/Bearing3_1/569.csv,0,0,0,2,25600,XJTU/40Hz10kN/Bearing3_1,-1,test
2916,2,RM_002_XJTU,40Hz10kN/Bearing3_1/570.csv,0,0,0,2,25600,XJTU/40Hz10kN/Bearing3_1,-1,test
2917,2,RM_002_XJTU,40Hz10kN/Bearing3_1/571.csv,0,0,0,2,25600,XJTU/40Hz10kN/Bearing3_1,-1,test
2918,2,RM_002_XJTU,40Hz10kN/Bearing3_1/572.csv,0,0,0,2,25600,XJTU/40Hz10kN/Bearing3_1,-1,test
2919,2,RM_002_XJTU,40Hz10kN/Bearing3_1/573.csv,0,0,0,2,25600,XJTU/40Hz10kN/Bearing3_1,-1,test
2920,2,RM_002_XJTU,40Hz10kN/Bearing3_1/574.csv,0,0,0,2,25600,XJTU/40Hz10kN/Bearing3_1,-1,test
2921,2,RM_002_XJTU,40Hz10kN/Bearing3_1/575.csv,0,0,0,2,25600,XJTU/40Hz10kN/Bearing3_1,-1,test
2922,2,RM_002_XJTU,40Hz10kN/Bearing3_1/576.csv,0,0,0,2,25600,XJTU/40Hz10kN/Bearing3_1,-1,test
2923,2,RM_002_XJTU,40Hz10kN/Bearing3_1/577.csv,0,0,0,2,25600,XJTU/40Hz10kN/Bearing3_1,-1,test
2924,2,RM_002_XJTU,40Hz10kN/Bearing3_1/578.csv,0,0,0,2,25600,XJTU/40Hz10kN/Bearing3_1,-1,test
2925,2,RM_002_XJTU,40Hz10kN/Bearing3_1/579.csv,0,0,0,2,25600,XJTU/40Hz10kN/Bearing3_1,-1,test
2926,2,RM_002_XJTU,40Hz10kN/Bearing3_1/580.csv,0,0,0,2,25600,XJTU/40Hz10kN/Bearing3_1,-1,test
2927,2,RM_002_XJTU,40Hz10kN/Bearing3_1/581.csv,0,0,0,2,25600,XJTU/40Hz10kN/Bearing3_1,-1,test
2928,2,RM_002_XJTU,40Hz10kN/Bearing3_1/582.csv,0,0,0,2,25600,XJTU/40Hz10kN/Bearing3_1,-1,test
2929,2,RM_002_XJTU,40Hz10kN/Bearing3_1/583.csv,0,0,0,2,25600,XJTU/40Hz10kN/Bearing3_1,-1,test
2930,2,RM_002_XJTU,40Hz10kN/Bearing3_1/584.csv,0,0,0,2,25600,XJTU/40Hz10kN/Bearing3_1,-1,test
2931,2,RM_002_XJTU,40Hz10kN/Bearing3_1/585.csv,0,0,0,2,25600,XJTU/40Hz10kN/Bearing3_1,-1,test
2932,2,RM_002_XJTU,40Hz10kN/Bearing3_1/586.csv,0,0,0,2,25600,XJTU/40Hz10kN/Bearing3_1,-1,test
2933,2,RM_002_XJTU,40Hz10kN/Bearing3_1/587.csv,0,0,0,2,25600,XJTU/40Hz10kN/Bearing3_1,-1,test
2934,2,RM_002_XJTU,40Hz10kN/Bearing3_1/588.csv,0,0,0,2,25600,XJTU/40Hz10kN/Bearing3_1,-1,test
2935,2,RM_002_XJTU,40Hz10kN/Bearing3_1/589.csv,0,0,0,2,25600,XJTU/40Hz10kN/Bearing3_1,-1,test
2936,2,RM_002_XJTU,40Hz10kN/Bearing3_1/590.csv,0,0,0,2,25600,XJTU/40Hz10kN/Bearing3_1,-1,test
2937,2,RM_002_XJTU,40Hz10kN/Bearing3_1/591.csv,0,0,0,2,25600,XJTU/40Hz10kN/Bearing3_1,-1,test
2938,2,RM_002_XJTU,40Hz10kN/Bearing3_1/592.csv,0,0,0,2,25600,XJTU/40Hz10kN/Bearing3_1,-1,test
2939,2,RM_002_XJTU,40Hz10kN/Bearing3_1/593.csv,0,0,0,2,25600,XJTU/40Hz10kN/Bearing3_1,-1,test
2940,2,RM_002_XJTU,40Hz10kN/Bearing3_1/594.csv,0,0,0,2,25600,XJTU/40Hz10kN/Bearing3_1,-1,test
2941,2,RM_002_XJTU,40Hz10kN/Bearing3_1/595.csv,0,0,0,2,25600,XJTU/40Hz10kN/Bearing3_1,-1,test
2942,2,RM_002_XJTU,40Hz10kN/Bearing3_1/596.csv,0,0,0,2,25600,XJTU/40Hz10kN/Bearing3_1,-1,test
2943,2,RM_002_XJTU,40Hz10kN/Bearing3_1/597.csv,0,0,0,2,25600,XJTU/40Hz10kN/Bearing3_1,-1,test
2944,2,RM_002_XJTU,40Hz10kN/Bearing3_1/598.csv,0,0,0,2,25600,XJTU/40Hz10kN/Bearing3_1,-1,test
2945,2,RM_002_XJTU,40Hz10kN/Bearing3_1/599.csv,0,0,0,2,25600,XJTU/40Hz10kN/Bearing3_1,-1,test
2946,2,RM_002_XJTU,40Hz10kN/Bearing3_1/600.csv,0,0,0,2,25600,XJTU/40Hz10kN/Bearing3_1,-1,test
2947,2,RM_002_XJTU,40Hz10kN/Bearing3_1/601.csv,0,0,0,2,25600,XJTU/40Hz10kN/Bearing3_1,-1,test
2948,2,RM_002_XJTU,40Hz10kN/Bearing3_1/602.csv,0,0,0,2,25600,XJTU/40Hz10kN/Bearing3_1,-1,test
2949,2,RM_002_XJTU,40Hz10kN/Bearing3_1/603.csv,0,0,0,2,25600,XJTU/40Hz10kN/Bearing3_1,-1,test
2950,2,RM_002_XJTU,40Hz10kN/Bearing3_1/604.csv,0,0,0,2,25600,XJTU/40Hz10kN/Bearing3_1,-1,test
2951,2,RM_002_XJTU,40Hz10kN/Bearing3_1/605.csv,0,0,0,2,25600,XJTU/40Hz10kN/Bearing3_1,-1,test
2952,2,RM_002_XJTU,40Hz10kN/Bearing3_1/606.csv,0,0,0,2,25600,XJTU/40Hz10kN/Bearing3_1,-1,test
2953,2,RM_002_XJTU,40Hz10kN/Bearing3_1/607.csv,0,0,0,2,25600,XJTU/40Hz10kN/Bearing3_1,-1,test
2954,2,RM_002_XJTU,40Hz10kN/Bearing3_1/608.csv,0,0,0,2,25600,XJTU/40Hz10kN/Bearing3_1,-1,test
2955,2,RM_002_XJTU,40Hz10kN/Bearing3_1/609.csv,0,0,0,2,25600,XJTU/40Hz10kN/Bearing3_1,-1,test
2956,2,RM_002_XJTU,40Hz10kN/Bearing3_1/610.csv,0,0,0,2,25600,XJTU/40Hz10kN/Bearing3_1,-1,test
2957,2,RM_002_XJTU,40Hz10kN/Bearing3_1/611.csv,0,0,0,2,25600,XJTU/40Hz10kN/Bearing3_1,-1,test
2958,2,RM_002_XJTU,40Hz10kN/Bearing3_1/612.csv,0,0,0,2,25600,XJTU/40Hz10kN/Bearing3_1,-1,test
2959,2,RM_002_XJTU,40Hz10kN/Bearing3_1/613.csv,0,0,0,2,25600,XJTU/40Hz10kN/Bearing3_1,-1,test
2960,2,RM_002_XJTU,40Hz10kN/Bearing3_1/614.csv,0,0,0,2,25600,XJTU/40Hz10kN/Bearing3_1,-1,test
2961,2,RM_002_XJTU,40Hz10kN/Bearing3_1/615.csv,0,0,0,2,25600,XJTU/40Hz10kN/Bearing3_1,-1,test
2962,2,RM_002_XJTU,40Hz10kN/Bearing3_1/616.csv,0,0,0,2,25600,XJTU/40Hz10kN/Bearing3_1,-1,test
2963,2,RM_002_XJTU,40Hz10kN/Bearing3_1/617.csv,0,0,0,2,25600,XJTU/40Hz10kN/Bearing3_1,-1,test
2964,2,RM_002_XJTU,40Hz10kN/Bearing3_1/618.csv,0,0,0,2,25600,XJTU/40Hz10kN/Bearing3_1,-1,test
2965,2,RM_002_XJTU,40Hz10kN/Bearing3_1/619.csv,0,0,0,2,25600,XJTU/40Hz10kN/Bearing3_1,-1,test
2966,2,RM_002_XJTU,40Hz10kN/Bearing3_1/620.csv,0,0,0,2,25600,XJTU/40Hz10kN/Bearing3_1,-1,test
2967,2,RM_002_XJTU,40Hz10kN/Bearing3_1/621.csv,0,0,0,2,25600,XJTU/40Hz10kN/Bearing3_1,-1,test
2968,2,RM_002_XJTU,40Hz10kN/Bearing3_1/622.csv,0,0,0,2,25600,XJTU/40Hz10kN/Bearing3_1,-1,test
2969,2,RM_002_XJTU,40Hz10kN/Bearing3_1/623.csv,0,0,0,2,25600,XJTU/40Hz10kN/Bearing3_1,-1,test
2970,2,RM_002_XJTU,40Hz10kN/Bearing3_1/624.csv,0,0,0,2,25600,XJTU/40Hz10kN/Bearing3_1,-1,test
2971,2,RM_002_XJTU,40Hz10kN/Bearing3_1/625.csv,0,0,0,2,25600,XJTU/40Hz10kN/Bearing3_1,-1,test
2972,2,RM_002_XJTU,40Hz10kN/Bearing3_1/626.csv,0,0,0,2,25600,XJTU/40Hz10kN/Bearing3_1,-1,test
2973,2,RM_002_XJTU,40Hz10kN/Bearing3_1/627.csv,0,0,0,2,25600,XJTU/40Hz10kN/Bearing3_1,-1,test
2974,2,RM_002_XJTU,40Hz10kN/Bearing3_1/628.csv,0,0,0,2,25600,XJTU/40Hz10kN/Bearing3_1,-1,test
2975,2,RM_002_XJTU,40Hz10kN/Bearing3_1/629.csv,0,0,0,2,25600,XJTU/40Hz10kN/Bearing3_1,-1,test
2976,2,RM_002_XJTU,40Hz10kN/Bearing3_1/630.csv,0,0,0,2,25600,XJTU/40Hz10kN/Bearing3_1,-1,test
2977,2,RM_002_XJTU,40Hz10kN/Bearing3_1/631.csv,0,0,0,2,25600,XJTU/40Hz10kN/Bearing3_1,-1,test
2978,2,RM_002_XJTU,40Hz10kN/Bearing3_1/632.csv,0,0,0,2,25600,XJTU/40Hz10kN/Bearing3_1,-1,test
2979,2,RM_002_XJTU,40Hz10kN/Bearing3_1/633.csv,0,0,0,2,25600,XJTU/40Hz10kN/Bearing3_1,-1,test
2980,2,RM_002_XJTU,40Hz10kN/Bearing3_1/634.csv,0,0,0,2,25600,XJTU/40Hz10kN/Bearing3_1,-1,test
2981,2,RM_002_XJTU,40Hz10kN/Bearing3_1/635.csv,0,0,0,2,25600,XJTU/40Hz10kN/Bearing3_1,-1,test
2982,2,RM_002_XJTU,40Hz10kN/Bearing3_1/636.csv,0,0,0,2,25600,XJTU/40Hz10kN/Bearing3_1,-1,test
2983,2,RM_002_XJTU,40Hz10kN/Bearing3_1/637.csv,0,0,0,2,25600,XJTU/40Hz10kN/Bearing3_1,-1,test
2984,2,RM_002_XJTU,40Hz10kN/Bearing3_1/638.csv,0,0,0,2,25600,XJTU/40Hz10kN/Bearing3_1,-1,test
2985,2,RM_002_XJTU,40Hz10kN/Bearing3_1/639.csv,0,0,0,2,25600,XJTU/40Hz10kN/Bearing3_1,-1,test
2986,2,RM_002_XJTU,40Hz10kN/Bearing3_1/640.csv,0,0,0,2,25600,XJTU/40Hz10kN/Bearing3_1,-1,test
2987,2,RM_002_XJTU,40Hz10kN/Bearing3_1/641.csv,0,0,0,2,25600,XJTU/40Hz10kN/Bearing3_1,-1,test
2988,2,RM_002_XJTU,40Hz10kN/Bearing3_1/642.csv,0,0,0,2,25600,XJTU/40Hz10kN/Bearing3_1,-1,test
2989,2,RM_002_XJTU,40Hz10kN/Bearing3_1/643.csv,0,0,0,2,25600,XJTU/40Hz10kN/Bearing3_1,-1,test
2990,2,RM_002_XJTU,40Hz10kN/Bearing3_1/644.csv,0,0,0,2,25600,XJTU/40Hz10kN/Bearing3_1,-1,test
2991,2,RM_002_XJTU,40Hz10kN/Bearing3_1/645.csv,0,0,0,2,25600,XJTU/40Hz10kN/Bearing3_1,-1,test
2992,2,RM_002_XJTU,40Hz10kN/Bearing3_1/646.csv,0,0,0,2,25600,XJTU/40Hz10kN/Bearing3_1,-1,test
2993,2,RM_002_XJTU,40Hz10kN/Bearing3_1/647.csv,0,0,0,2,25600,XJTU/40Hz10kN/Bearing3_1,-1,test
2994,2,RM_002_XJTU,40Hz10kN/Bearing3_1/648.csv,0,0,0,2,25600,XJTU/40Hz10kN/Bearing3_1,-1,test
2995,2,RM_002_XJTU,40Hz10kN/Bearing3_1/649.csv,0,0,0,2,25600,XJTU/40Hz10kN/Bearing3_1,-1,test
2996,2,RM_002_XJTU,40Hz10kN/Bearing3_1/650.csv,0,0,0,2,25600,XJTU/40Hz10kN/Bearing3_1,-1,test
2997,2,RM_002_XJTU,40Hz10kN/Bearing3_1/651.csv,0,0,0,2,25600,XJTU/40Hz10kN/Bearing3_1,-1,test
2998,2,RM_002_XJTU,40Hz10kN/Bearing3_1/652.csv,0,0,0,2,25600,XJTU/40Hz10kN/Bearing3_1,-1,test
2999,2,RM_002_XJTU,40Hz10kN/Bearing3_1/653.csv,0,0,0,2,25600,XJTU/40Hz10kN/Bearing3_1,-1,test
3000,2,RM_002_XJTU,40Hz10kN/Bearing3_1/654.csv,0,0,0,2,25600,XJTU/40Hz10kN/Bearing3_1,-1,test
3001,2,RM_002_XJTU,40Hz10kN/Bearing3_1/655.csv,0,0,0,2,25600,XJTU/40Hz10kN/Bearing3_1,-1,test
3002,2,RM_002_XJTU,40Hz10kN/Bearing3_1/656.csv,0,0,0,2,25600,XJTU/40Hz10kN/Bearing3_1,-1,test
3003,2,RM_002_XJTU,40Hz10kN/Bearing3_1/657.csv,0,0,0,2,25600,XJTU/40Hz10kN/Bearing3_1,-1,test
3004,2,RM_002_XJTU,40Hz10kN/Bearing3_1/658.csv,0,0,0,2,25600,XJTU/40Hz10kN/Bearing3_1,-1,test
3005,2,RM_002_XJTU,40Hz10kN/Bearing3_1/659.csv,0,0,0,2,25600,XJTU/40Hz10kN/Bearing3_1,-1,test
3006,2,RM_002_XJTU,40Hz10kN/Bearing3_1/660.csv,0,0,0,2,25600,XJTU/40Hz10kN/Bearing3_1,-1,test
3007,2,RM_002_XJTU,40Hz10kN/Bearing3_1/661.csv,0,0,0,2,25600,XJTU/40Hz10kN/Bearing3_1,-1,test
3008,2,RM_002_XJTU,40Hz10kN/Bearing3_1/662.csv,0,0,0,2,25600,XJTU/40Hz10kN/Bearing3_1,-1,test
3009,2,RM_002_XJTU,40Hz10kN/Bearing3_1/663.csv,0,0,0,2,25600,XJTU/40Hz10kN/Bearing3_1,-1,test
3010,2,RM_002_XJTU,40Hz10kN/Bearing3_1/664.csv,0,0,0,2,25600,XJTU/40Hz10kN/Bearing3_1,-1,test
3011,2,RM_002_XJTU,40Hz10kN/Bearing3_1/665.csv,0,0,0,2,25600,XJTU/40Hz10kN/Bearing3_1,-1,test
3012,2,RM_002_XJTU,40Hz10kN/Bearing3_1/666.csv,0,0,0,2,25600,XJTU/40Hz10kN/Bearing3_1,-1,test
3013,2,RM_002_XJTU,40Hz10kN/Bearing3_1/667.csv,0,0,0,2,25600,XJTU/40Hz10kN/Bearing3_1,-1,test
3014,2,RM_002_XJTU,40Hz10kN/Bearing3_1/668.csv,0,0,0,2,25600,XJTU/40Hz10kN/Bearing3_1,-1,test
3015,2,RM_002_XJTU,40Hz10kN/Bearing3_1/669.csv,0,0,0,2,25600,XJTU/40Hz10kN/Bearing3_1,-1,test
3016,2,RM_002_XJTU,40Hz10kN/Bearing3_1/670.csv,0,0,0,2,25600,XJTU/40Hz10kN/Bearing3_1,-1,test
3017,2,RM_002_XJTU,40Hz10kN/Bearing3_1/671.csv,0,0,0,2,25600,XJTU/40Hz10kN/Bearing3_1,-1,test
3018,2,RM_002_XJTU,40Hz10kN/Bearing3_1/672.csv,0,0,0,2,25600,XJTU/40Hz10kN/Bearing3_1,-1,test
3019,2,RM_002_XJTU,40Hz10kN/Bearing3_1/673.csv,0,0,0,2,25600,XJTU/40Hz10kN/Bearing3_1,-1,test
3020,2,RM_002_XJTU,40Hz10kN/Bearing3_1/674.csv,0,0,0,2,25600,XJTU/40Hz10kN/Bearing3_1,-1,test
3021,2,RM_002_XJTU,40Hz10kN/Bearing3_1/675.csv,0,0,0,2,25600,XJTU/40Hz10kN/Bearing3_1,-1,test
3022,2,RM_002_XJTU,40Hz10kN/Bearing3_1/676.csv,0,0,0,2,25600,XJTU/40Hz10kN/Bearing3_1,-1,test
3023,2,RM_002_XJTU,40Hz10kN/Bearing3_1/677.csv,0,0,0,2,25600,XJTU/40Hz10kN/Bearing3_1,-1,test
3024,2,RM_002_XJTU,40Hz10kN/Bearing3_1/678.csv,0,0,0,2,25600,XJTU/40Hz10kN/Bearing3_1,-1,test
3025,2,RM_002_XJTU,40Hz10kN/Bearing3_1/679.csv,0,0,0,2,25600,XJTU/40Hz10kN/Bearing3_1,-1,test
3026,2,RM_002_XJTU,40Hz10kN/Bearing3_1/680.csv,0,0,0,2,25600,XJTU/40Hz10kN/Bearing3_1,-1,test
3027,2,RM_002_XJTU,40Hz10kN/Bearing3_1/681.csv,0,0,0,2,25600,XJTU/40Hz10kN/Bearing3_1,-1,test
3028,2,RM_002_XJTU,40Hz10kN/Bearing3_1/682.csv,0,0,0,2,25600,XJTU/40Hz10kN/Bearing3_1,-1,test
3029,2,RM_002_XJTU,40Hz10kN/Bearing3_1/683.csv,0,0,0,2,25600,XJTU/40Hz10kN/Bearing3_1,-1,test
3030,2,RM_002_XJTU,40Hz10kN/Bearing3_1/684.csv,0,0,0,2,25600,XJTU/40Hz10kN/Bearing3_1,-1,test
3031,2,RM_002_XJTU,40Hz10kN/Bearing3_1/685.csv,0,0,0,2,25600,XJTU/40Hz10kN/Bearing3_1,-1,test
3032,2,RM_002_XJTU,40Hz10kN/Bearing3_1/686.csv,0,0,0,2,25600,XJTU/40Hz10kN/Bearing3_1,-1,test
3033,2,RM_002_XJTU,40Hz10kN/Bearing3_1/687.csv,0,0,0,2,25600,XJTU/40Hz10kN/Bearing3_1,-1,test
3034,2,RM_002_XJTU,40Hz10kN/Bearing3_1/688.csv,0,0,0,2,25600,XJTU/40Hz10kN/Bearing3_1,-1,test
3035,2,RM_002_XJTU,40Hz10kN/Bearing3_1/689.csv,0,0,0,2,25600,XJTU/40Hz10kN/Bearing3_1,-1,test
3036,2,RM_002_XJTU,40Hz10kN/Bearing3_1/690.csv,0,0,0,2,25600,XJTU/40Hz10kN/Bearing3_1,-1,test
3037,2,RM_002_XJTU,40Hz10kN/Bearing3_1/691.csv,0,0,0,2,25600,XJTU/40Hz10kN/Bearing3_1,-1,test
3038,2,RM_002_XJTU,40Hz10kN/Bearing3_1/692.csv,0,0,0,2,25600,XJTU/40Hz10kN/Bearing3_1,-1,test
3039,2,RM_002_XJTU,40Hz10kN/Bearing3_1/693.csv,0,0,0,2,25600,XJTU/40Hz10kN/Bearing3_1,-1,test
3040,2,RM_002_XJTU,40Hz10kN/Bearing3_1/694.csv,0,0,0,2,25600,XJTU/40Hz10kN/Bearing3_1,-1,test
3041,2,RM_002_XJTU,40Hz10kN/Bearing3_1/695.csv,0,0,0,2,25600,XJTU/40Hz10kN/Bearing3_1,-1,test
3042,2,RM_002_XJTU,40Hz10kN/Bearing3_1/696.csv,0,0,0,2,25600,XJTU/40Hz10kN/Bearing3_1,-1,test
3043,2,RM_002_XJTU,40Hz10kN/Bearing3_1/697.csv,0,0,0,2,25600,XJTU/40Hz10kN/Bearing3_1,-1,test
3044,2,RM_002_XJTU,40Hz10kN/Bearing3_1/698.csv,0,0,0,2,25600,XJTU/40Hz10kN/Bearing3_1,-1,test
3045,2,RM_002_XJTU,40Hz10kN/Bearing3_1/699.csv,0,0,0,2,25600,XJTU/40Hz10kN/Bearing3_1,-1,test
3046,2,RM_002_XJTU,40Hz10kN/Bearing3_1/700.csv,0,0,0,2,25600,XJTU/40Hz10kN/Bearing3_1,-1,test
3047,2,RM_002_XJTU,40Hz10kN/Bearing3_1/701.csv,0,0,0,2,25600,XJTU/40Hz10kN/Bearing3_1,-1,test
3048,2,RM_002_XJTU,40Hz10kN/Bearing3_1/702.csv,0,0,0,2,25600,XJTU/40Hz10kN/Bearing3_1,-1,test
3049,2,RM_002_XJTU,40Hz10kN/Bearing3_1/703.csv,0,0,0,2,25600,XJTU/40Hz10kN/Bearing3_1,-1,test
3050,2,RM_002_XJTU,40Hz10kN/Bearing3_1/704.csv,0,0,0,2,25600,XJTU/40Hz10kN/Bearing3_1,-1,test
3051,2,RM_002_XJTU,40Hz10kN/Bearing3_1/705.csv,0,0,0,2,25600,XJTU/40Hz10kN/Bearing3_1,-1,test
3052,2,RM_002_XJTU,40Hz10kN/Bearing3_1/706.csv,0,0,0,2,25600,XJTU/40Hz10kN/Bearing3_1,-1,test
3053,2,RM_002_XJTU,40Hz10kN/Bearing3_1/707.csv,0,0,0,2,25600,XJTU/40Hz10kN/Bearing3_1,-1,test
3054,2,RM_002_XJTU,40Hz10kN/Bearing3_1/708.csv,0,0,0,2,25600,XJTU/40Hz10kN/Bearing3_1,-1,test
3055,2,RM_002_XJTU,40Hz10kN/Bearing3_1/709.csv,0,0,0,2,25600,XJTU/40Hz10kN/Bearing3_1,-1,test
3056,2,RM_002_XJTU,40Hz10kN/Bearing3_1/710.csv,0,0,0,2,25600,XJTU/40Hz10kN/Bearing3_1,-1,test
3057,2,RM_002_XJTU,40Hz10kN/Bearing3_1/711.csv,0,0,0,2,25600,XJTU/40Hz10kN/Bearing3_1,-1,test
3058,2,RM_002_XJTU,40Hz10kN/Bearing3_1/712.csv,0,0,0,2,25600,XJTU/40Hz10kN/Bearing3_1,-1,test
3059,2,RM_002_XJTU,40Hz10kN/Bearing3_1/713.csv,0,0,0,2,25600,XJTU/40Hz10kN/Bearing3_1,-1,test
3060,2,RM_002_XJTU,40Hz10kN/Bearing3_1/714.csv,0,0,0,2,25600,XJTU/40Hz10kN/Bearing3_1,-1,test
3061,2,RM_002_XJTU,40Hz10kN/Bearing3_1/715.csv,0,0,0,2,25600,XJTU/40Hz10kN/Bearing3_1,-1,test
3062,2,RM_002_XJTU,40Hz10kN/Bearing3_1/716.csv,0,0,0,2,25600,XJTU/40Hz10kN/Bearing3_1,-1,test
3063,2,RM_002_XJTU,40Hz10kN/Bearing3_1/717.csv,0,0,0,2,25600,XJTU/40Hz10kN/Bearing3_1,-1,test
3064,2,RM_002_XJTU,40Hz10kN/Bearing3_1/718.csv,0,0,0,2,25600,XJTU/40Hz10kN/Bearing3_1,-1,test
3065,2,RM_002_XJTU,40Hz10kN/Bearing3_1/719.csv,0,0,0,2,25600,XJTU/40Hz10kN/Bearing3_1,-1,test
3066,2,RM_002_XJTU,40Hz10kN/Bearing3_1/720.csv,0,0,0,2,25600,XJTU/40Hz10kN/Bearing3_1,-1,test
3067,2,RM_002_XJTU,40Hz10kN/Bearing3_1/721.csv,0,0,0,2,25600,XJTU/40Hz10kN/Bearing3_1,-1,test
3068,2,RM_002_XJTU,40Hz10kN/Bearing3_1/722.csv,0,0,0,2,25600,XJTU/40Hz10kN/Bearing3_1,-1,test
3069,2,RM_002_XJTU,40Hz10kN/Bearing3_1/723.csv,0,0,0,2,25600,XJTU/40Hz10kN/Bearing3_1,-1,test
3070,2,RM_002_XJTU,40Hz10kN/Bearing3_1/724.csv,0,0,0,2,25600,XJTU/40Hz10kN/Bearing3_1,-1,test
3071,2,RM_002_XJTU,40Hz10kN/Bearing3_1/725.csv,0,0,0,2,25600,XJTU/40Hz10kN/Bearing3_1,-1,test
3072,2,RM_002_XJTU,40Hz10kN/Bearing3_1/726.csv,0,0,0,2,25600,XJTU/40Hz10kN/Bearing3_1,-1,test
3073,2,RM_002_XJTU,40Hz10kN/Bearing3_1/727.csv,0,0,0,2,25600,XJTU/40Hz10kN/Bearing3_1,-1,test
3074,2,RM_002_XJTU,40Hz10kN/Bearing3_1/728.csv,0,0,0,2,25600,XJTU/40Hz10kN/Bearing3_1,-1,test
3075,2,RM_002_XJTU,40Hz10kN/Bearing3_1/729.csv,0,0,0,2,25600,XJTU/40Hz10kN/Bearing3_1,-1,test
3076,2,RM_002_XJTU,40Hz10kN/Bearing3_1/730.csv,0,0,0,2,25600,XJTU/40Hz10kN/Bearing3_1,-1,test
3077,2,RM_002_XJTU,40Hz10kN/Bearing3_1/731.csv,0,0,0,2,25600,XJTU/40Hz10kN/Bearing3_1,-1,test
3078,2,RM_002_XJTU,40Hz10kN/Bearing3_1/732.csv,0,0,0,2,25600,XJTU/40Hz10kN/Bearing3_1,-1,test
3079,2,RM_002_XJTU,40Hz10kN/Bearing3_1/733.csv,0,0,0,2,25600,XJTU/40Hz10kN/Bearing3_1,-1,test
3080,2,RM_002_XJTU,40Hz10kN/Bearing3_1/734.csv,0,0,0,2,25600,XJTU/40Hz10kN/Bearing3_1,-1,test
3081,2,RM_002_XJTU,40Hz10kN/Bearing3_1/735.csv,0,0,0,2,25600,XJTU/40Hz10kN/Bearing3_1,-1,test
3082,2,RM_002_XJTU,40Hz10kN/Bearing3_1/736.csv,0,0,0,2,25600,XJTU/40Hz10kN/Bearing3_1,-1,test
3083,2,RM_002_XJTU,40Hz10kN/Bearing3_1/737.csv,0,0,0,2,25600,XJTU/40Hz10kN/Bearing3_1,-1,test
3084,2,RM_002_XJTU,40Hz10kN/Bearing3_1/738.csv,0,0,0,2,25600,XJTU/40Hz10kN/Bearing3_1,-1,test
3085,2,RM_002_XJTU,40Hz10kN/Bearing3_1/739.csv,0,0,0,2,25600,XJTU/40Hz10kN/Bearing3_1,-1,test
3086,2,RM_002_XJTU,40Hz10kN/Bearing3_1/740.csv,0,0,0,2,25600,XJTU/40Hz10kN/Bearing3_1,-1,test
3087,2,RM_002_XJTU,40Hz10kN/Bearing3_1/741.csv,0,0,0,2,25600,XJTU/40Hz10kN/Bearing3_1,-1,test
3088,2,RM_002_XJTU,40Hz10kN/Bearing3_1/742.csv,0,0,0,2,25600,XJTU/40Hz10kN/Bearing3_1,-1,test
3089,2,RM_002_XJTU,40Hz10kN/Bearing3_1/743.csv,0,0,0,2,25600,XJTU/40Hz10kN/Bearing3_1,-1,test
3090,2,RM_002_XJTU,40Hz10kN/Bearing3_1/744.csv,0,0,0,2,25600,XJTU/40Hz10kN/Bearing3_1,-1,test
3091,2,RM_002_XJTU,40Hz10kN/Bearing3_1/745.csv,0,0,0,2,25600,XJTU/40Hz10kN/Bearing3_1,-1,test
3092,2,RM_002_XJTU,40Hz10kN/Bearing3_1/746.csv,0,0,0,2,25600,XJTU/40Hz10kN/Bearing3_1,-1,test
3093,2,RM_002_XJTU,40Hz10kN/Bearing3_1/747.csv,0,0,0,2,25600,XJTU/40Hz10kN/Bearing3_1,-1,test
3094,2,RM_002_XJTU,40Hz10kN/Bearing3_1/748.csv,0,0,0,2,25600,XJTU/40Hz10kN/Bearing3_1,-1,test
3095,2,RM_002_XJTU,40Hz10kN/Bearing3_1/749.csv,0,0,0,2,25600,XJTU/40Hz10kN/Bearing3_1,-1,test
3096,2,RM_002_XJTU,40Hz10kN/Bearing3_1/750.csv,0,0,0,2,25600,XJTU/40Hz10kN/Bearing3_1,-1,test
3097,2,RM_002_XJTU,40Hz10kN/Bearing3_1/751.csv,0,0,0,2,25600,XJTU/40Hz10kN/Bearing3_1,-1,test
3098,2,RM_002_XJTU,40Hz10kN/Bearing3_1/752.csv,0,0,0,2,25600,XJTU/40Hz10kN/Bearing3_1,-1,test
3099,2,RM_002_XJTU,40Hz10kN/Bearing3_1/753.csv,0,0,0,2,25600,XJTU/40Hz10kN/Bearing3_1,-1,test
3100,2,RM_002_XJTU,40Hz10kN/Bearing3_1/754.csv,0,0,0,2,25600,XJTU/40Hz10kN/Bearing3_1,-1,test
3101,2,RM_002_XJTU,40Hz10kN/Bearing3_1/755.csv,0,0,0,2,25600,XJTU/40Hz10kN/Bearing3_1,-1,test
3102,2,RM_002_XJTU,40Hz10kN/Bearing3_1/756.csv,0,0,0,2,25600,XJTU/40Hz10kN/Bearing3_1,-1,test
3103,2,RM_002_XJTU,40Hz10kN/Bearing3_1/757.csv,0,0,0,2,25600,XJTU/40Hz10kN/Bearing3_1,-1,test
3104,2,RM_002_XJTU,40Hz10kN/Bearing3_1/758.csv,0,0,0,2,25600,XJTU/40Hz10kN/Bearing3_1,-1,test
3105,2,RM_002_XJTU,40Hz10kN/Bearing3_1/759.csv,0,0,0,2,25600,XJTU/40Hz10kN/Bearing3_1,-1,test
3106,2,RM_002_XJTU,40Hz10kN/Bearing3_1/760.csv,0,0,0,2,25600,XJTU/40Hz10kN/Bearing3_1,-1,test
3107,2,RM_002_XJTU,40Hz10kN/Bearing3_1/761.csv,0,0,0,2,25600,XJTU/40Hz10kN/Bearing3_1,-1,test
3108,2,RM_002_XJTU,40Hz10kN/Bearing3_1/762.csv,0,0,0,2,25600,XJTU/40Hz10kN/Bearing3_1,-1,test
3109,2,RM_002_XJTU,40Hz10kN/Bearing3_1/763.csv,0,0,0,2,25600,XJTU/40Hz10kN/Bearing3_1,-1,test
3110,2,RM_002_XJTU,40Hz10kN/Bearing3_1/764.csv,0,0,0,2,25600,XJTU/40Hz10kN/Bearing3_1,-1,test
3111,2,RM_002_XJTU,40Hz10kN/Bearing3_1/765.csv,0,0,0,2,25600,XJTU/40Hz10kN/Bearing3_1,-1,test
3112,2,RM_002_XJTU,40Hz10kN/Bearing3_1/766.csv,0,0,0,2,25600,XJTU/40Hz10kN/Bearing3_1,-1,test
3113,2,RM_002_XJTU,40Hz10kN/Bearing3_1/767.csv,0,0,0,2,25600,XJTU/40Hz10kN/Bearing3_1,-1,test
3114,2,RM_002_XJTU,40Hz10kN/Bearing3_1/768.csv,0,0,0,2,25600,XJTU/40Hz10kN/Bearing3_1,-1,test
3115,2,RM_002_XJTU,40Hz10kN/Bearing3_1/769.csv,0,0,0,2,25600,XJTU/40Hz10kN/Bearing3_1,-1,test
3116,2,RM_002_XJTU,40Hz10kN/Bearing3_1/770.csv,0,0,0,2,25600,XJTU/40Hz10kN/Bearing3_1,-1,test
3117,2,RM_002_XJTU,40Hz10kN/Bearing3_1/771.csv,0,0,0,2,25600,XJTU/40Hz10kN/Bearing3_1,-1,test
3118,2,RM_002_XJTU,40Hz10kN/Bearing3_1/772.csv,0,0,0,2,25600,XJTU/40Hz10kN/Bearing3_1,-1,test
3119,2,RM_002_XJTU,40Hz10kN/Bearing3_1/773.csv,0,0,0,2,25600,XJTU/40Hz10kN/Bearing3_1,-1,test
3120,2,RM_002_XJTU,40Hz10kN/Bearing3_1/774.csv,0,0,0,2,25600,XJTU/40Hz10kN/Bearing3_1,-1,test
3121,2,RM_002_XJTU,40Hz10kN/Bearing3_1/775.csv,0,0,0,2,25600,XJTU/40Hz10kN/Bearing3_1,-1,test
3122,2,RM_002_XJTU,40Hz10kN/Bearing3_1/776.csv,0,0,0,2,25600,XJTU/40Hz10kN/Bearing3_1,-1,test
3123,2,RM_002_XJTU,40Hz10kN/Bearing3_1/777.csv,0,0,0,2,25600,XJTU/40Hz10kN/Bearing3_1,-1,test
3124,2,RM_002_XJTU,40Hz10kN/Bearing3_1/778.csv,0,0,0,2,25600,XJTU/40Hz10kN/Bearing3_1,-1,test
3125,2,RM_002_XJTU,40Hz10kN/Bearing3_1/779.csv,0,0,0,2,25600,XJTU/40Hz10kN/Bearing3_1,-1,test
3126,2,RM_002_XJTU,40Hz10kN/Bearing3_1/780.csv,0,0,0,2,25600,XJTU/40Hz10kN/Bearing3_1,-1,test
3127,2,RM_002_XJTU,40Hz10kN/Bearing3_1/781.csv,0,0,0,2,25600,XJTU/40Hz10kN/Bearing3_1,-1,test
3128,2,RM_002_XJTU,40Hz10kN/Bearing3_1/782.csv,0,0,0,2,25600,XJTU/40Hz10kN/Bearing3_1,-1,test
3129,2,RM_002_XJTU,40Hz10kN/Bearing3_1/783.csv,0,0,0,2,25600,XJTU/40Hz10kN/Bearing3_1,-1,test
3130,2,RM_002_XJTU,40Hz10kN/Bearing3_1/784.csv,0,0,0,2,25600,XJTU/40Hz10kN/Bearing3_1,-1,test
3131,2,RM_002_XJTU,40Hz10kN/Bearing3_1/785.csv,0,0,0,2,25600,XJTU/40Hz10kN/Bearing3_1,-1,test
3132,2,RM_002_XJTU,40Hz10kN/Bearing3_1/786.csv,0,0,0,2,25600,XJTU/40Hz10kN/Bearing3_1,-1,test
3133,2,RM_002_XJTU,40Hz10kN/Bearing3_1/787.csv,0,0,0,2,25600,XJTU/40Hz10kN/Bearing3_1,-1,test
3134,2,RM_002_XJTU,40Hz10kN/Bearing3_1/788.csv,0,0,0,2,25600,XJTU/40Hz10kN/Bearing3_1,-1,test
3135,2,RM_002_XJTU,40Hz10kN/Bearing3_1/789.csv,0,0,0,2,25600,XJTU/40Hz10kN/Bearing3_1,-1,test
3136,2,RM_002_XJTU,40Hz10kN/Bearing3_1/790.csv,0,0,0,2,25600,XJTU/40Hz10kN/Bearing3_1,-1,test
3137,2,RM_002_XJTU,40Hz10kN/Bearing3_1/791.csv,0,0,0,2,25600,XJTU/40Hz10kN/Bearing3_1,-1,test
3138,2,RM_002_XJTU,40Hz10kN/Bearing3_1/792.csv,0,0,0,2,25600,XJTU/40Hz10kN/Bearing3_1,-1,test
3139,2,RM_002_XJTU,40Hz10kN/Bearing3_1/793.csv,0,0,0,2,25600,XJTU/40Hz10kN/Bearing3_1,-1,test
3140,2,RM_002_XJTU,40Hz10kN/Bearing3_1/794.csv,0,0,0,2,25600,XJTU/40Hz10kN/Bearing3_1,-1,test
3141,2,RM_002_XJTU,40Hz10kN/Bearing3_1/795.csv,0,0,0,2,25600,XJTU/40Hz10kN/Bearing3_1,-1,test
3142,2,RM_002_XJTU,40Hz10kN/Bearing3_1/796.csv,0,0,0,2,25600,XJTU/40Hz10kN/Bearing3_1,-1,test
3143,2,RM_002_XJTU,40Hz10kN/Bearing3_1/797.csv,0,0,0,2,25600,XJTU/40Hz10kN/Bearing3_1,-1,test
3144,2,RM_002_XJTU,40Hz10kN/Bearing3_1/798.csv,0,0,0,2,25600,XJTU/40Hz10kN/Bearing3_1,-1,test
3145,2,RM_002_XJTU,40Hz10kN/Bearing3_1/799.csv,0,0,0,2,25600,XJTU/40Hz10kN/Bearing3_1,-1,test
3146,2,RM_002_XJTU,40Hz10kN/Bearing3_1/800.csv,0,0,0,2,25600,XJTU/40Hz10kN/Bearing3_1,-1,test
3147,2,RM_002_XJTU,40Hz10kN/Bearing3_1/801.csv,0,0,0,2,25600,XJTU/40Hz10kN/Bearing3_1,-1,test
3148,2,RM_002_XJTU,40Hz10kN/Bearing3_1/802.csv,0,0,0,2,25600,XJTU/40Hz10kN/Bearing3_1,-1,test
3149,2,RM_002_XJTU,40Hz10kN/Bearing3_1/803.csv,0,0,0,2,25600,XJTU/40Hz10kN/Bearing3_1,-1,test
3150,2,RM_002_XJTU,40Hz10kN/Bearing3_1/804.csv,0,0,0,2,25600,XJTU/40Hz10kN/Bearing3_1,-1,test
3151,2,RM_002_XJTU,40Hz10kN/Bearing3_1/805.csv,0,0,0,2,25600,XJTU/40Hz10kN/Bearing3_1,-1,test
3152,2,RM_002_XJTU,40Hz10kN/Bearing3_1/806.csv,0,0,0,2,25600,XJTU/40Hz10kN/Bearing3_1,-1,test
3153,2,RM_002_XJTU,40Hz10kN/Bearing3_1/807.csv,0,0,0,2,25600,XJTU/40Hz10kN/Bearing3_1,-1,test
3154,2,RM_002_XJTU,40Hz10kN/Bearing3_1/808.csv,0,0,0,2,25600,XJTU/40Hz10kN/Bearing3_1,-1,test
3155,2,RM_002_XJTU,40Hz10kN/Bearing3_1/809.csv,0,0,0,2,25600,XJTU/40Hz10kN/Bearing3_1,-1,test
3156,2,RM_002_XJTU,40Hz10kN/Bearing3_1/810.csv,0,0,0,2,25600,XJTU/40Hz10kN/Bearing3_1,-1,test
3157,2,RM_002_XJTU,40Hz10kN/Bearing3_1/811.csv,0,0,0,2,25600,XJTU/40Hz10kN/Bearing3_1,-1,test
3158,2,RM_002_XJTU,40Hz10kN/Bearing3_1/812.csv,0,0,0,2,25600,XJTU/40Hz10kN/Bearing3_1,-1,test
3159,2,RM_002_XJTU,40Hz10kN/Bearing3_1/813.csv,0,0,0,2,25600,XJTU/40Hz10kN/Bearing3_1,-1,test
3160,2,RM_002_XJTU,40Hz10kN/Bearing3_1/814.csv,0,0,0,2,25600,XJTU/40Hz10kN/Bearing3_1,-1,test
3161,2,RM_002_XJTU,40Hz10kN/Bearing3_1/815.csv,0,0,0,2,25600,XJTU/40Hz10kN/Bearing3_1,-1,test
3162,2,RM_002_XJTU,40Hz10kN/Bearing3_1/816.csv,0,0,0,2,25600,XJTU/40Hz10kN/Bearing3_1,-1,test
3163,2,RM_002_XJTU,40Hz10kN/Bearing3_1/817.csv,0,0,0,2,25600,XJTU/40Hz10kN/Bearing3_1,-1,test
3164,2,RM_002_XJTU,40Hz10kN/Bearing3_1/818.csv,0,0,0,2,25600,XJTU/40Hz10kN/Bearing3_1,-1,test
3165,2,RM_002_XJTU,40Hz10kN/Bearing3_1/819.csv,0,0,0,2,25600,XJTU/40Hz10kN/Bearing3_1,-1,test
3166,2,RM_002_XJTU,40Hz10kN/Bearing3_1/820.csv,0,0,0,2,25600,XJTU/40Hz10kN/Bearing3_1,-1,test
3167,2,RM_002_XJTU,40Hz10kN/Bearing3_1/821.csv,0,0,0,2,25600,XJTU/40Hz10kN/Bearing3_1,-1,test
3168,2,RM_002_XJTU,40Hz10kN/Bearing3_1/822.csv,0,0,0,2,25600,XJTU/40Hz10kN/Bearing3_1,-1,test
3169,2,RM_002_XJTU,40Hz10kN/Bearing3_1/823.csv,0,0,0,2,25600,XJTU/40Hz10kN/Bearing3_1,-1,test
3170,2,RM_002_XJTU,40Hz10kN/Bearing3_1/824.csv,0,0,0,2,25600,XJTU/40Hz10kN/Bearing3_1,-1,test
3171,2,RM_002_XJTU,40Hz10kN/Bearing3_1/825.csv,0,0,0,2,25600,XJTU/40Hz10kN/Bearing3_1,-1,test
3172,2,RM_002_XJTU,40Hz10kN/Bearing3_1/826.csv,0,0,0,2,25600,XJTU/40Hz10kN/Bearing3_1,-1,test
3173,2,RM_002_XJTU,40Hz10kN/Bearing3_1/827.csv,0,0,0,2,25600,XJTU/40Hz10kN/Bearing3_1,-1,test
3174,2,RM_002_XJTU,40Hz10kN/Bearing3_1/828.csv,0,0,0,2,25600,XJTU/40Hz10kN/Bearing3_1,-1,test
3175,2,RM_002_XJTU,40Hz10kN/Bearing3_1/829.csv,0,0,0,2,25600,XJTU/40Hz10kN/Bearing3_1,-1,test
3176,2,RM_002_XJTU,40Hz10kN/Bearing3_1/830.csv,0,0,0,2,25600,XJTU/40Hz10kN/Bearing3_1,-1,test
3177,2,RM_002_XJTU,40Hz10kN/Bearing3_1/831.csv,0,0,0,2,25600,XJTU/40Hz10kN/Bearing3_1,-1,test
3178,2,RM_002_XJTU,40Hz10kN/Bearing3_1/832.csv,0,0,0,2,25600,XJTU/40Hz10kN/Bearing3_1,-1,test
3179,2,RM_002_XJTU,40Hz10kN/Bearing3_1/833.csv,0,0,0,2,25600,XJTU/40Hz10kN/Bearing3_1,-1,test
3180,2,RM_002_XJTU,40Hz10kN/Bearing3_1/834.csv,0,0,0,2,25600,XJTU/40Hz10kN/Bearing3_1,-1,test
3181,2,RM_002_XJTU,40Hz10kN/Bearing3_1/835.csv,0,0,0,2,25600,XJTU/40Hz10kN/Bearing3_1,-1,test
3182,2,RM_002_XJTU,40Hz10kN/Bearing3_1/836.csv,0,0,0,2,25600,XJTU/40Hz10kN/Bearing3_1,-1,test
3183,2,RM_002_XJTU,40Hz10kN/Bearing3_1/837.csv,0,0,0,2,25600,XJTU/40Hz10kN/Bearing3_1,-1,test
3184,2,RM_002_XJTU,40Hz10kN/Bearing3_1/838.csv,0,0,0,2,25600,XJTU/40Hz10kN/Bearing3_1,-1,test
3185,2,RM_002_XJTU,40Hz10kN/Bearing3_1/839.csv,0,0,0,2,25600,XJTU/40Hz10kN/Bearing3_1,-1,test
3186,2,RM_002_XJTU,40Hz10kN/Bearing3_1/840.csv,0,0,0,2,25600,XJTU/40Hz10kN/Bearing3_1,-1,test
3187,2,RM_002_XJTU,40Hz10kN/Bearing3_1/841.csv,0,0,0,2,25600,XJTU/40Hz10kN/Bearing3_1,-1,test
3188,2,RM_002_XJTU,40Hz10kN/Bearing3_1/842.csv,0,0,0,2,25600,XJTU/40Hz10kN/Bearing3_1,-1,test
3189,2,RM_002_XJTU,40Hz10kN/Bearing3_1/843.csv,0,0,0,2,25600,XJTU/40Hz10kN/Bearing3_1,-1,test
3190,2,RM_002_XJTU,40Hz10kN/Bearing3_1/844.csv,0,0,0,2,25600,XJTU/40Hz10kN/Bearing3_1,-1,test
3191,2,RM_002_XJTU,40Hz10kN/Bearing3_1/845.csv,0,0,0,2,25600,XJTU/40Hz10kN/Bearing3_1,-1,test
3192,2,RM_002_XJTU,40Hz10kN/Bearing3_1/846.csv,0,0,0,2,25600,XJTU/40Hz10kN/Bearing3_1,-1,test
3193,2,RM_002_XJTU,40Hz10kN/Bearing3_1/847.csv,0,0,0,2,25600,XJTU/40Hz10kN/Bearing3_1,-1,test
3194,2,RM_002_XJTU,40Hz10kN/Bearing3_1/848.csv,0,0,0,2,25600,XJTU/40Hz10kN/Bearing3_1,-1,test
3195,2,RM_002_XJTU,40Hz10kN/Bearing3_1/849.csv,0,0,0,2,25600,XJTU/40Hz10kN/Bearing3_1,-1,test
3196,2,RM_002_XJTU,40Hz10kN/Bearing3_1/850.csv,0,0,0,2,25600,XJTU/40Hz10kN/Bearing3_1,-1,test
3197,2,RM_002_XJTU,40Hz10kN/Bearing3_1/851.csv,0,0,0,2,25600,XJTU/40Hz10kN/Bearing3_1,-1,test
3198,2,RM_002_XJTU,40Hz10kN/Bearing3_1/852.csv,0,0,0,2,25600,XJTU/40Hz10kN/Bearing3_1,-1,test
3199,2,RM_002_XJTU,40Hz10kN/Bearing3_1/853.csv,0,0,0,2,25600,XJTU/40Hz10kN/Bearing3_1,-1,test
3200,2,RM_002_XJTU,40Hz10kN/Bearing3_1/854.csv,0,0,0,2,25600,XJTU/40Hz10kN/Bearing3_1,-1,test
3201,2,RM_002_XJTU,40Hz10kN/Bearing3_1/855.csv,0,0,0,2,25600,XJTU/40Hz10kN/Bearing3_1,-1,test
3202,2,RM_002_XJTU,40Hz10kN/Bearing3_1/856.csv,0,0,0,2,25600,XJTU/40Hz10kN/Bearing3_1,-1,test
3203,2,RM_002_XJTU,40Hz10kN/Bearing3_1/857.csv,0,0,0,2,25600,XJTU/40Hz10kN/Bearing3_1,-1,test
3204,2,RM_002_XJTU,40Hz10kN/Bearing3_1/858.csv,0,0,0,2,25600,XJTU/40Hz10kN/Bearing3_1,-1,test
3205,2,RM_002_XJTU,40Hz10kN/Bearing3_1/859.csv,0,0,0,2,25600,XJTU/40Hz10kN/Bearing3_1,-1,test
3206,2,RM_002_XJTU,40Hz10kN/Bearing3_1/860.csv,0,0,0,2,25600,XJTU/40Hz10kN/Bearing3_1,-1,test
3207,2,RM_002_XJTU,40Hz10kN/Bearing3_1/861.csv,0,0,0,2,25600,XJTU/40Hz10kN/Bearing3_1,-1,test
3208,2,RM_002_XJTU,40Hz10kN/Bearing3_1/862.csv,0,0,0,2,25600,XJTU/40Hz10kN/Bearing3_1,-1,test
3209,2,RM_002_XJTU,40Hz10kN/Bearing3_1/863.csv,0,0,0,2,25600,XJTU/40Hz10kN/Bearing3_1,-1,test
3210,2,RM_002_XJTU,40Hz10kN/Bearing3_1/864.csv,0,0,0,2,25600,XJTU/40Hz10kN/Bearing3_1,-1,test
3211,2,RM_002_XJTU,40Hz10kN/Bearing3_1/865.csv,0,0,0,2,25600,XJTU/40Hz10kN/Bearing3_1,-1,test
3212,2,RM_002_XJTU,40Hz10kN/Bearing3_1/866.csv,0,0,0,2,25600,XJTU/40Hz10kN/Bearing3_1,-1,test
3213,2,RM_002_XJTU,40Hz10kN/Bearing3_1/867.csv,0,0,0,2,25600,XJTU/40Hz10kN/Bearing3_1,-1,test
3214,2,RM_002_XJTU,40Hz10kN/Bearing3_1/868.csv,0,0,0,2,25600,XJTU/40Hz10kN/Bearing3_1,-1,test
3215,2,RM_002_XJTU,40Hz10kN/Bearing3_1/869.csv,0,0,0,2,25600,XJTU/40Hz10kN/Bearing3_1,-1,test
3216,2,RM_002_XJTU,40Hz10kN/Bearing3_1/870.csv,0,0,0,2,25600,XJTU/40Hz10kN/Bearing3_1,-1,test
3217,2,RM_002_XJTU,40Hz10kN/Bearing3_1/871.csv,0,0,0,2,25600,XJTU/40Hz10kN/Bearing3_1,-1,test
3218,2,RM_002_XJTU,40Hz10kN/Bearing3_1/872.csv,0,0,0,2,25600,XJTU/40Hz10kN/Bearing3_1,-1,test
3219,2,RM_002_XJTU,40Hz10kN/Bearing3_1/873.csv,0,0,0,2,25600,XJTU/40Hz10kN/Bearing3_1,-1,test
3220,2,RM_002_XJTU,40Hz10kN/Bearing3_1/874.csv,0,0,0,2,25600,XJTU/40Hz10kN/Bearing3_1,-1,test
3221,2,RM_002_XJTU,40Hz10kN/Bearing3_1/875.csv,0,0,0,2,25600,XJTU/40Hz10kN/Bearing3_1,-1,test
3222,2,RM_002_XJTU,40Hz10kN/Bearing3_1/876.csv,0,0,0,2,25600,XJTU/40Hz10kN/Bearing3_1,-1,test
3223,2,RM_002_XJTU,40Hz10kN/Bearing3_1/877.csv,0,0,0,2,25600,XJTU/40Hz10kN/Bearing3_1,-1,test
3224,2,RM_002_XJTU,40Hz10kN/Bearing3_1/878.csv,0,0,0,2,25600,XJTU/40Hz10kN/Bearing3_1,-1,test
3225,2,RM_002_XJTU,40Hz10kN/Bearing3_1/879.csv,0,0,0,2,25600,XJTU/40Hz10kN/Bearing3_1,-1,test
3226,2,RM_002_XJTU,40Hz10kN/Bearing3_1/880.csv,0,0,0,2,25600,XJTU/40Hz10kN/Bearing3_1,-1,test
3227,2,RM_002_XJTU,40Hz10kN/Bearing3_1/881.csv,0,0,0,2,25600,XJTU/40Hz10kN/Bearing3_1,-1,test
3228,2,RM_002_XJTU,40Hz10kN/Bearing3_1/882.csv,0,0,0,2,25600,XJTU/40Hz10kN/Bearing3_1,-1,test
3229,2,RM_002_XJTU,40Hz10kN/Bearing3_1/883.csv,0,0,0,2,25600,XJTU/40Hz10kN/Bearing3_1,-1,test
3230,2,RM_002_XJTU,40Hz10kN/Bearing3_1/884.csv,0,0,0,2,25600,XJTU/40Hz10kN/Bearing3_1,-1,test
3231,2,RM_002_XJTU,40Hz10kN/Bearing3_1/885.csv,0,0,0,2,25600,XJTU/40Hz10kN/Bearing3_1,-1,test
3232,2,RM_002_XJTU,40Hz10kN/Bearing3_1/886.csv,0,0,0,2,25600,XJTU/40Hz10kN/Bearing3_1,-1,test
3233,2,RM_002_XJTU,40Hz10kN/Bearing3_1/887.csv,0,0,0,2,25600,XJTU/40Hz10kN/Bearing3_1,-1,test
3234,2,RM_002_XJTU,40Hz10kN/Bearing3_1/888.csv,0,0,0,2,25600,XJTU/40Hz10kN/Bearing3_1,-1,test
3235,2,RM_002_XJTU,40Hz10kN/Bearing3_1/889.csv,0,0,0,2,25600,XJTU/40Hz10kN/Bearing3_1,-1,test
3236,2,RM_002_XJTU,40Hz10kN/Bearing3_1/890.csv,0,0,0,2,25600,XJTU/40Hz10kN/Bearing3_1,-1,test
3237,2,RM_002_XJTU,40Hz10kN/Bearing3_1/891.csv,0,0,0,2,25600,XJTU/40Hz10kN/Bearing3_1,-1,test
3238,2,RM_002_XJTU,40Hz10kN/Bearing3_1/892.csv,0,0,0,2,25600,XJTU/40Hz10kN/Bearing3_1,-1,test
3239,2,RM_002_XJTU,40Hz10kN/Bearing3_1/893.csv,0,0,0,2,25600,XJTU/40Hz10kN/Bearing3_1,-1,test
3240,2,RM_002_XJTU,40Hz10kN/Bearing3_1/894.csv,0,0,0,2,25600,XJTU/40Hz10kN/Bearing3_1,-1,test
3241,2,RM_002_XJTU,40Hz10kN/Bearing3_1/895.csv,0,0,0,2,25600,XJTU/40Hz10kN/Bearing3_1,-1,test
3242,2,RM_002_XJTU,40Hz10kN/Bearing3_1/896.csv,0,0,0,2,25600,XJTU/40Hz10kN/Bearing3_1,-1,test
3243,2,RM_002_XJTU,40Hz10kN/Bearing3_1/897.csv,0,0,0,2,25600,XJTU/40Hz10kN/Bearing3_1,-1,test
3244,2,RM_002_XJTU,40Hz10kN/Bearing3_1/898.csv,0,0,0,2,25600,XJTU/40Hz10kN/Bearing3_1,-1,test
3245,2,RM_002_XJTU,40Hz10kN/Bearing3_1/899.csv,0,0,0,2,25600,XJTU/40Hz10kN/Bearing3_1,-1,test
3246,2,RM_002_XJTU,40Hz10kN/Bearing3_1/900.csv,0,0,0,2,25600,XJTU/40Hz10kN/Bearing3_1,-1,test
3247,2,RM_002_XJTU,40Hz10kN/Bearing3_1/901.csv,0,0,0,2,25600,XJTU/40Hz10kN/Bearing3_1,-1,test
3248,2,RM_002_XJTU,40Hz10kN/Bearing3_1/902.csv,0,0,0,2,25600,XJTU/40Hz10kN/Bearing3_1,-1,test
3249,2,RM_002_XJTU,40Hz10kN/Bearing3_1/903.csv,0,0,0,2,25600,XJTU/40Hz10kN/Bearing3_1,-1,test
3250,2,RM_002_XJTU,40Hz10kN/Bearing3_1/904.csv,0,0,0,2,25600,XJTU/40Hz10kN/Bearing3_1,-1,test
3251,2,RM_002_XJTU,40Hz10kN/Bearing3_1/905.csv,0,0,0,2,25600,XJTU/40Hz10kN/Bearing3_1,-1,test
3252,2,RM_002_XJTU,40Hz10kN/Bearing3_1/906.csv,0,0,0,2,25600,XJTU/40Hz10kN/Bearing3_1,-1,test
3253,2,RM_002_XJTU,40Hz10kN/Bearing3_1/907.csv,0,0,0,2,25600,XJTU/40Hz10kN/Bearing3_1,-1,test
3254,2,RM_002_XJTU,40Hz10kN/Bearing3_1/908.csv,0,0,0,2,25600,XJTU/40Hz10kN/Bearing3_1,-1,test
3255,2,RM_002_XJTU,40Hz10kN/Bearing3_1/909.csv,0,0,0,2,25600,XJTU/40Hz10kN/Bearing3_1,-1,test
3256,2,RM_002_XJTU,40Hz10kN/Bearing3_1/910.csv,0,0,0,2,25600,XJTU/40Hz10kN/Bearing3_1,-1,test
3257,2,RM_002_XJTU,40Hz10kN/Bearing3_1/911.csv,0,0,0,2,25600,XJTU/40Hz10kN/Bearing3_1,-1,test
3258,2,RM_002_XJTU,40Hz10kN/Bearing3_1/912.csv,0,0,0,2,25600,XJTU/40Hz10kN/Bearing3_1,-1,test
3259,2,RM_002_XJTU,40Hz10kN/Bearing3_1/913.csv,0,0,0,2,25600,XJTU/40Hz10kN/Bearing3_1,-1,test
3260,2,RM_002_XJTU,40Hz10kN/Bearing3_1/914.csv,0,0,0,2,25600,XJTU/40Hz10kN/Bearing3_1,-1,test
3261,2,RM_002_XJTU,40Hz10kN/Bearing3_1/915.csv,0,0,0,2,25600,XJTU/40Hz10kN/Bearing3_1,-1,test
3262,2,RM_002_XJTU,40Hz10kN/Bearing3_1/916.csv,0,0,0,2,25600,XJTU/40Hz10kN/Bearing3_1,-1,test
3263,2,RM_002_XJTU,40Hz10kN/Bearing3_1/917.csv,0,0,0,2,25600,XJTU/40Hz10kN/Bearing3_1,-1,test
3264,2,RM_002_XJTU,40Hz10kN/Bearing3_1/918.csv,0,0,0,2,25600,XJTU/40Hz10kN/Bearing3_1,-1,test
3265,2,RM_002_XJTU,40Hz10kN/Bearing3_1/919.csv,0,0,0,2,25600,XJTU/40Hz10kN/Bearing3_1,-1,test
3266,2,RM_002_XJTU,40Hz10kN/Bearing3_1/920.csv,0,0,0,2,25600,XJTU/40Hz10kN/Bearing3_1,-1,test
3267,2,RM_002_XJTU,40Hz10kN/Bearing3_1/921.csv,0,0,0,2,25600,XJTU/40Hz10kN/Bearing3_1,-1,test
3268,2,RM_002_XJTU,40Hz10kN/Bearing3_1/922.csv,0,0,0,2,25600,XJTU/40Hz10kN/Bearing3_1,-1,test
3269,2,RM_002_XJTU,40Hz10kN/Bearing3_1/923.csv,0,0,0,2,25600,XJTU/40Hz10kN/Bearing3_1,-1,test
3270,2,RM_002_XJTU,40Hz10kN/Bearing3_1/924.csv,0,0,0,2,25600,XJTU/40Hz10kN/Bearing3_1,-1,test
3271,2,RM_002_XJTU,40Hz10kN/Bearing3_1/925.csv,0,0,0,2,25600,XJTU/40Hz10kN/Bearing3_1,-1,test
3272,2,RM_002_XJTU,40Hz10kN/Bearing3_1/926.csv,0,0,0,2,25600,XJTU/40Hz10kN/Bearing3_1,-1,test
3273,2,RM_002_XJTU,40Hz10kN/Bearing3_1/927.csv,0,0,0,2,25600,XJTU/40Hz10kN/Bearing3_1,-1,test
3274,2,RM_002_XJTU,40Hz10kN/Bearing3_1/928.csv,0,0,0,2,25600,XJTU/40Hz10kN/Bearing3_1,-1,test
3275,2,RM_002_XJTU,40Hz10kN/Bearing3_1/929.csv,0,0,0,2,25600,XJTU/40Hz10kN/Bearing3_1,-1,test
3276,2,RM_002_XJTU,40Hz10kN/Bearing3_1/930.csv,0,0,0,2,25600,XJTU/40Hz10kN/Bearing3_1,-1,test
3277,2,RM_002_XJTU,40Hz10kN/Bearing3_1/931.csv,0,0,0,2,25600,XJTU/40Hz10kN/Bearing3_1,-1,test
3278,2,RM_002_XJTU,40Hz10kN/Bearing3_1/932.csv,0,0,0,2,25600,XJTU/40Hz10kN/Bearing3_1,-1,test
3279,2,RM_002_XJTU,40Hz10kN/Bearing3_1/933.csv,0,0,0,2,25600,XJTU/40Hz10kN/Bearing3_1,-1,test
3280,2,RM_002_XJTU,40Hz10kN/Bearing3_1/934.csv,0,0,0,2,25600,XJTU/40Hz10kN/Bearing3_1,-1,test
3281,2,RM_002_XJTU,40Hz10kN/Bearing3_1/935.csv,0,0,0,2,25600,XJTU/40Hz10kN/Bearing3_1,-1,test
3282,2,RM_002_XJTU,40Hz10kN/Bearing3_1/936.csv,0,0,0,2,25600,XJTU/40Hz10kN/Bearing3_1,-1,test
3283,2,RM_002_XJTU,40Hz10kN/Bearing3_1/937.csv,0,0,0,2,25600,XJTU/40Hz10kN/Bearing3_1,-1,test
3284,2,RM_002_XJTU,40Hz10kN/Bearing3_1/938.csv,0,0,0,2,25600,XJTU/40Hz10kN/Bearing3_1,-1,test
3285,2,RM_002_XJTU,40Hz10kN/Bearing3_1/939.csv,0,0,0,2,25600,XJTU/40Hz10kN/Bearing3_1,-1,test
3286,2,RM_002_XJTU,40Hz10kN/Bearing3_1/940.csv,0,0,0,2,25600,XJTU/40Hz10kN/Bearing3_1,-1,test
3287,2,RM_002_XJTU,40Hz10kN/Bearing3_1/941.csv,0,0,0,2,25600,XJTU/40Hz10kN/Bearing3_1,-1,test
3288,2,RM_002_XJTU,40Hz10kN/Bearing3_1/942.csv,0,0,0,2,25600,XJTU/40Hz10kN/Bearing3_1,-1,test
3289,2,RM_002_XJTU,40Hz10kN/Bearing3_1/943.csv,0,0,0,2,25600,XJTU/40Hz10kN/Bearing3_1,-1,test
3290,2,RM_002_XJTU,40Hz10kN/Bearing3_1/944.csv,0,0,0,2,25600,XJTU/40Hz10kN/Bearing3_1,-1,test
3291,2,RM_002_XJTU,40Hz10kN/Bearing3_1/945.csv,0,0,0,2,25600,XJTU/40Hz10kN/Bearing3_1,-1,test
3292,2,RM_002_XJTU,40Hz10kN/Bearing3_1/946.csv,0,0,0,2,25600,XJTU/40Hz10kN/Bearing3_1,-1,test
3293,2,RM_002_XJTU,40Hz10kN/Bearing3_1/947.csv,0,0,0,2,25600,XJTU/40Hz10kN/Bearing3_1,-1,test
3294,2,RM_002_XJTU,40Hz10kN/Bearing3_1/948.csv,0,0,0,2,25600,XJTU/40Hz10kN/Bearing3_1,-1,test
3295,2,RM_002_XJTU,40Hz10kN/Bearing3_1/949.csv,0,0,0,2,25600,XJTU/40Hz10kN/Bearing3_1,-1,test
3296,2,RM_002_XJTU,40Hz10kN/Bearing3_1/950.csv,0,0,0,2,25600,XJTU/40Hz10kN/Bearing3_1,-1,test
3297,2,RM_002_XJTU,40Hz10kN/Bearing3_1/951.csv,0,0,0,2,25600,XJTU/40Hz10kN/Bearing3_1,-1,test
3298,2,RM_002_XJTU,40Hz10kN/Bearing3_1/952.csv,0,0,0,2,25600,XJTU/40Hz10kN/Bearing3_1,-1,test
3299,2,RM_002_XJTU,40Hz10kN/Bearing3_1/953.csv,0,0,0,2,25600,XJTU/40Hz10kN/Bearing3_1,-1,test
3300,2,RM_002_XJTU,40Hz10kN/Bearing3_1/954.csv,0,0,0,2,25600,XJTU/40Hz10kN/Bearing3_1,-1,test
3301,2,RM_002_XJTU,40Hz10kN/Bearing3_1/955.csv,0,0,0,2,25600,XJTU/40Hz10kN/Bearing3_1,-1,test
3302,2,RM_002_XJTU,40Hz10kN/Bearing3_1/956.csv,0,0,0,2,25600,XJTU/40Hz10kN/Bearing3_1,-1,test
3303,2,RM_002_XJTU,40Hz10kN/Bearing3_1/957.csv,0,0,0,2,25600,XJTU/40Hz10kN/Bearing3_1,-1,test
3304,2,RM_002_XJTU,40Hz10kN/Bearing3_1/958.csv,0,0,0,2,25600,XJTU/40Hz10kN/Bearing3_1,-1,test
3305,2,RM_002_XJTU,40Hz10kN/Bearing3_1/959.csv,0,0,0,2,25600,XJTU/40Hz10kN/Bearing3_1,-1,test
3306,2,RM_002_XJTU,40Hz10kN/Bearing3_1/960.csv,0,0,0,2,25600,XJTU/40Hz10kN/Bearing3_1,-1,test
3307,2,RM_002_XJTU,40Hz10kN/Bearing3_1/961.csv,0,0,0,2,25600,XJTU/40Hz10kN/Bearing3_1,-1,test
3308,2,RM_002_XJTU,40Hz10kN/Bearing3_1/962.csv,0,0,0,2,25600,XJTU/40Hz10kN/Bearing3_1,-1,test
3309,2,RM_002_XJTU,40Hz10kN/Bearing3_1/963.csv,0,0,0,2,25600,XJTU/40Hz10kN/Bearing3_1,-1,test
3310,2,RM_002_XJTU,40Hz10kN/Bearing3_1/964.csv,0,0,0,2,25600,XJTU/40Hz10kN/Bearing3_1,-1,test
3311,2,RM_002_XJTU,40Hz10kN/Bearing3_1/965.csv,0,0,0,2,25600,XJTU/40Hz10kN/Bearing3_1,-1,test
3312,2,RM_002_XJTU,40Hz10kN/Bearing3_1/966.csv,0,0,0,2,25600,XJTU/40Hz10kN/Bearing3_1,-1,test
3313,2,RM_002_XJTU,40Hz10kN/Bearing3_1/967.csv,0,0,0,2,25600,XJTU/40Hz10kN/Bearing3_1,-1,test
3314,2,RM_002_XJTU,40Hz10kN/Bearing3_1/968.csv,0,0,0,2,25600,XJTU/40Hz10kN/Bearing3_1,-1,test
3315,2,RM_002_XJTU,40Hz10kN/Bearing3_1/969.csv,0,0,0,2,25600,XJTU/40Hz10kN/Bearing3_1,-1,test
3316,2,RM_002_XJTU,40Hz10kN/Bearing3_1/970.csv,0,0,0,2,25600,XJTU/40Hz10kN/Bearing3_1,-1,test
3317,2,RM_002_XJTU,40Hz10kN/Bearing3_1/971.csv,0,0,0,2,25600,XJTU/40Hz10kN/Bearing3_1,-1,test
3318,2,RM_002_XJTU,40Hz10kN/Bearing3_1/972.csv,0,0,0,2,25600,XJTU/40Hz10kN/Bearing3_1,-1,test
3319,2,RM_002_XJTU,40Hz10kN/Bearing3_1/973.csv,0,0,0,2,25600,XJTU/40Hz10kN/Bearing3_1,-1,test
3320,2,RM_002_XJTU,40Hz10kN/Bearing3_1/974.csv,0,0,0,2,25600,XJTU/40Hz10kN/Bearing3_1,-1,test
3321,2,RM_002_XJTU,40Hz10kN/Bearing3_1/975.csv,0,0,0,2,25600,XJTU/40Hz10kN/Bearing3_1,-1,test
3322,2,RM_002_XJTU,40Hz10kN/Bearing3_1/976.csv,0,0,0,2,25600,XJTU/40Hz10kN/Bearing3_1,-1,test
3323,2,RM_002_XJTU,40Hz10kN/Bearing3_1/977.csv,0,0,0,2,25600,XJTU/40Hz10kN/Bearing3_1,-1,test
3324,2,RM_002_XJTU,40Hz10kN/Bearing3_1/978.csv,0,0,0,2,25600,XJTU/40Hz10kN/Bearing3_1,-1,test
3325,2,RM_002_XJTU,40Hz10kN/Bearing3_1/979.csv,0,0,0,2,25600,XJTU/40Hz10kN/Bearing3_1,-1,test
3326,2,RM_002_XJTU,40Hz10kN/Bearing3_1/980.csv,0,0,0,2,25600,XJTU/40Hz10kN/Bearing3_1,-1,test
3327,2,RM_002_XJTU,40Hz10kN/Bearing3_1/981.csv,0,0,0,2,25600,XJTU/40Hz10kN/Bearing3_1,-1,test
3328,2,RM_002_XJTU,40Hz10kN/Bearing3_1/982.csv,0,0,0,2,25600,XJTU/40Hz10kN/Bearing3_1,-1,test
3329,2,RM_002_XJTU,40Hz10kN/Bearing3_1/983.csv,0,0,0,2,25600,XJTU/40Hz10kN/Bearing3_1,-1,test
3330,2,RM_002_XJTU,40Hz10kN/Bearing3_1/984.csv,0,0,0,2,25600,XJTU/40Hz10kN/Bearing3_1,-1,test
3331,2,RM_002_XJTU,40Hz10kN/Bearing3_1/985.csv,0,0,0,2,25600,XJTU/40Hz10kN/Bearing3_1,-1,test
3332,2,RM_002_XJTU,40Hz10kN/Bearing3_1/986.csv,0,0,0,2,25600,XJTU/40Hz10kN/Bearing3_1,-1,test
3333,2,RM_002_XJTU,40Hz10kN/Bearing3_1/987.csv,0,0,0,2,25600,XJTU/40Hz10kN/Bearing3_1,-1,test
3334,2,RM_002_XJTU,40Hz10kN/Bearing3_1/988.csv,0,0,0,2,25600,XJTU/40Hz10kN/Bearing3_1,-1,test
3335,2,RM_002_XJTU,40Hz10kN/Bearing3_1/989.csv,0,0,0,2,25600,XJTU/40Hz10kN/Bearing3_1,-1,test
3336,2,RM_002_XJTU,40Hz10kN/Bearing3_1/990.csv,0,0,0,2,25600,XJTU/40Hz10kN/Bearing3_1,-1,test
3337,2,RM_002_XJTU,40Hz10kN/Bearing3_1/991.csv,0,0,0,2,25600,XJTU/40Hz10kN/Bearing3_1,-1,test
3338,2,RM_002_XJTU,40Hz10kN/Bearing3_1/992.csv,0,0,0,2,25600,XJTU/40Hz10kN/Bearing3_1,-1,test
3339,2,RM_002_XJTU,40Hz10kN/Bearing3_1/993.csv,0,0,0,2,25600,XJTU/40Hz10kN/Bearing3_1,-1,test
3340,2,RM_002_XJTU,40Hz10kN/Bearing3_1/994.csv,0,0,0,2,25600,XJTU/40Hz10kN/Bearing3_1,-1,test
3341,2,RM_002_XJTU,40Hz10kN/Bearing3_1/995.csv,0,0,0,2,25600,XJTU/40Hz10kN/Bearing3_1,-1,test
3342,2,RM_002_XJTU,40Hz10kN/Bearing3_1/996.csv,0,0,0,2,25600,XJTU/40Hz10kN/Bearing3_1,-1,test
3343,2,RM_002_XJTU,40Hz10kN/Bearing3_1/997.csv,0,0,0,2,25600,XJTU/40Hz10kN/Bearing3_1,-1,test
3344,2,RM_002_XJTU,40Hz10kN/Bearing3_1/998.csv,0,0,0,2,25600,XJTU/40Hz10kN/Bearing3_1,-1,test
3345,2,RM_002_XJTU,40Hz10kN/Bearing3_1/999.csv,0,0,0,2,25600,XJTU/40Hz10kN/Bearing3_1,-1,test
3346,2,RM_002_XJTU,40Hz10kN/Bearing3_1/1000.csv,0,0,0,2,25600,XJTU/40Hz10kN/Bearing3_1,-1,test
3347,2,RM_002_XJTU,40Hz10kN/Bearing3_1/1001.csv,0,0,0,2,25600,XJTU/40Hz10kN/Bearing3_1,-1,test
3348,2,RM_002_XJTU,40Hz10kN/Bearing3_1/1002.csv,0,0,0,2,25600,XJTU/40Hz10kN/Bearing3_1,-1,test
3349,2,RM_002_XJTU,40Hz10kN/Bearing3_1/1003.csv,0,0,0,2,25600,XJTU/40Hz10kN/Bearing3_1,-1,test
3350,2,RM_002_XJTU,40Hz10kN/Bearing3_1/1004.csv,0,0,0,2,25600,XJTU/40Hz10kN/Bearing3_1,-1,test
3351,2,RM_002_XJTU,40Hz10kN/Bearing3_1/1005.csv,0,0,0,2,25600,XJTU/40Hz10kN/Bearing3_1,-1,test
3352,2,RM_002_XJTU,40Hz10kN/Bearing3_1/1006.csv,0,0,0,2,25600,XJTU/40Hz10kN/Bearing3_1,-1,test
3353,2,RM_002_XJTU,40Hz10kN/Bearing3_1/1007.csv,0,0,0,2,25600,XJTU/40Hz10kN/Bearing3_1,-1,test
3354,2,RM_002_XJTU,40Hz10kN/Bearing3_1/1008.csv,0,0,0,2,25600,XJTU/40Hz10kN/Bearing3_1,-1,test
3355,2,RM_002_XJTU,40Hz10kN/Bearing3_1/1009.csv,0,0,0,2,25600,XJTU/40Hz10kN/Bearing3_1,-1,test
3356,2,RM_002_XJTU,40Hz10kN/Bearing3_1/1010.csv,0,0,0,2,25600,XJTU/40Hz10kN/Bearing3_1,-1,test
3357,2,RM_002_XJTU,40Hz10kN/Bearing3_1/1011.csv,0,0,0,2,25600,XJTU/40Hz10kN/Bearing3_1,-1,test
3358,2,RM_002_XJTU,40Hz10kN/Bearing3_1/1012.csv,0,0,0,2,25600,XJTU/40Hz10kN/Bearing3_1,-1,test
3359,2,RM_002_XJTU,40Hz10kN/Bearing3_1/1013.csv,0,0,0,2,25600,XJTU/40Hz10kN/Bearing3_1,-1,test
3360,2,RM_002_XJTU,40Hz10kN/Bearing3_1/1014.csv,0,0,0,2,25600,XJTU/40Hz10kN/Bearing3_1,-1,test
3361,2,RM_002_XJTU,40Hz10kN/Bearing3_1/1015.csv,0,0,0,2,25600,XJTU/40Hz10kN/Bearing3_1,-1,test
3362,2,RM_002_XJTU,40Hz10kN/Bearing3_1/1016.csv,0,0,0,2,25600,XJTU/40Hz10kN/Bearing3_1,-1,test
3363,2,RM_002_XJTU,40Hz10kN/Bearing3_1/1017.csv,0,0,0,2,25600,XJTU/40Hz10kN/Bearing3_1,-1,test
3364,2,RM_002_XJTU,40Hz10kN/Bearing3_1/1018.csv,0,0,0,2,25600,XJTU/40Hz10kN/Bearing3_1,-1,test
3365,2,RM_002_XJTU,40Hz10kN/Bearing3_1/1019.csv,0,0,0,2,25600,XJTU/40Hz10kN/Bearing3_1,-1,test
3366,2,RM_002_XJTU,40Hz10kN/Bearing3_1/1020.csv,0,0,0,2,25600,XJTU/40Hz10kN/Bearing3_1,-1,test
3367,2,RM_002_XJTU,40Hz10kN/Bearing3_1/1021.csv,0,0,0,2,25600,XJTU/40Hz10kN/Bearing3_1,-1,test
3368,2,RM_002_XJTU,40Hz10kN/Bearing3_1/1022.csv,0,0,0,2,25600,XJTU/40Hz10kN/Bearing3_1,-1,test
3369,2,RM_002_XJTU,40Hz10kN/Bearing3_1/1023.csv,0,0,0,2,25600,XJTU/40Hz10kN/Bearing3_1,-1,test
3370,2,RM_002_XJTU,40Hz10kN/Bearing3_1/1024.csv,0,0,0,2,25600,XJTU/40Hz10kN/Bearing3_1,-1,test
3371,2,RM_002_XJTU,40Hz10kN/Bearing3_1/1025.csv,0,0,0,2,25600,XJTU/40Hz10kN/Bearing3_1,-1,test
3372,2,RM_002_XJTU,40Hz10kN/Bearing3_1/1026.csv,0,0,0,2,25600,XJTU/40Hz10kN/Bearing3_1,-1,test
3373,2,RM_002_XJTU,40Hz10kN/Bearing3_1/1027.csv,0,0,0,2,25600,XJTU/40Hz10kN/Bearing3_1,-1,test
3374,2,RM_002_XJTU,40Hz10kN/Bearing3_1/1028.csv,0,0,0,2,25600,XJTU/40Hz10kN/Bearing3_1,-1,test
3375,2,RM_002_XJTU,40Hz10kN/Bearing3_1/1029.csv,0,0,0,2,25600,XJTU/40Hz10kN/Bearing3_1,-1,test
3376,2,RM_002_XJTU,40Hz10kN/Bearing3_1/1030.csv,0,0,0,2,25600,XJTU/40Hz10kN/Bearing3_1,-1,test
3377,2,RM_002_XJTU,40Hz10kN/Bearing3_1/1031.csv,0,0,0,2,25600,XJTU/40Hz10kN/Bearing3_1,-1,test
3378,2,RM_002_XJTU,40Hz10kN/Bearing3_1/1032.csv,0,0,0,2,25600,XJTU/40Hz10kN/Bearing3_1,-1,test
3379,2,RM_002_XJTU,40Hz10kN/Bearing3_1/1033.csv,0,0,0,2,25600,XJTU/40Hz10kN/Bearing3_1,-1,test
3380,2,RM_002_XJTU,40Hz10kN/Bearing3_1/1034.csv,0,0,0,2,25600,XJTU/40Hz10kN/Bearing3_1,-1,test
3381,2,RM_002_XJTU,40Hz10kN/Bearing3_1/1035.csv,0,0,0,2,25600,XJTU/40Hz10kN/Bearing3_1,-1,test
3382,2,RM_002_XJTU,40Hz10kN/Bearing3_1/1036.csv,0,0,0,2,25600,XJTU/40Hz10kN/Bearing3_1,-1,test
3383,2,RM_002_XJTU,40Hz10kN/Bearing3_1/1037.csv,0,0,0,2,25600,XJTU/40Hz10kN/Bearing3_1,-1,test
3384,2,RM_002_XJTU,40Hz10kN/Bearing3_1/1038.csv,0,0,0,2,25600,XJTU/40Hz10kN/Bearing3_1,-1,test
3385,2,RM_002_XJTU,40Hz10kN/Bearing3_1/1039.csv,0,0,0,2,25600,XJTU/40Hz10kN/Bearing3_1,-1,test
3386,2,RM_002_XJTU,40Hz10kN/Bearing3_1/1040.csv,0,0,0,2,25600,XJTU/40Hz10kN/Bearing3_1,-1,test
3387,2,RM_002_XJTU,40Hz10kN/Bearing3_1/1041.csv,0,0,0,2,25600,XJTU/40Hz10kN/Bearing3_1,-1,test
3388,2,RM_002_XJTU,40Hz10kN/Bearing3_1/1042.csv,0,0,0,2,25600,XJTU/40Hz10kN/Bearing3_1,-1,test
3389,2,RM_002_XJTU,40Hz10kN/Bearing3_1/1043.csv,0,0,0,2,25600,XJTU/40Hz10kN/Bearing3_1,-1,test
3390,2,RM_002_XJTU,40Hz10kN/Bearing3_1/1044.csv,0,0,0,2,25600,XJTU/40Hz10kN/Bearing3_1,-1,test
3391,2,RM_002_XJTU,40Hz10kN/Bearing3_1/1045.csv,0,0,0,2,25600,XJTU/40Hz10kN/Bearing3_1,-1,test
3392,2,RM_002_XJTU,40Hz10kN/Bearing3_1/1046.csv,0,0,0,2,25600,XJTU/40Hz10kN/Bearing3_1,-1,test
3393,2,RM_002_XJTU,40Hz10kN/Bearing3_1/1047.csv,0,0,0,2,25600,XJTU/40Hz10kN/Bearing3_1,-1,test
3394,2,RM_002_XJTU,40Hz10kN/Bearing3_1/1048.csv,0,0,0,2,25600,XJTU/40Hz10kN/Bearing3_1,-1,test
3395,2,RM_002_XJTU,40Hz10kN/Bearing3_1/1049.csv,0,0,0,2,25600,XJTU/40Hz10kN/Bearing3_1,-1,test
3396,2,RM_002_XJTU,40Hz10kN/Bearing3_1/1050.csv,0,0,0,2,25600,XJTU/40Hz10kN/Bearing3_1,-1,test
3397,2,RM_002_XJTU,40Hz10kN/Bearing3_1/1051.csv,0,0,0,2,25600,XJTU/40Hz10kN/Bearing3_1,-1,test
3398,2,RM_002_XJTU,40Hz10kN/Bearing3_1/1052.csv,0,0,0,2,25600,XJTU/40Hz10kN/Bearing3_1,-1,test
3399,2,RM_002_XJTU,40Hz10kN/Bearing3_1/1053.csv,0,0,0,2,25600,XJTU/40Hz10kN/Bearing3_1,-1,test
3400,2,RM_002_XJTU,40Hz10kN/Bearing3_1/1054.csv,0,0,0,2,25600,XJTU/40Hz10kN/Bearing3_1,-1,test
3401,2,RM_002_XJTU,40Hz10kN/Bearing3_1/1055.csv,0,0,0,2,25600,XJTU/40Hz10kN/Bearing3_1,-1,test
3402,2,RM_002_XJTU,40Hz10kN/Bearing3_1/1056.csv,0,0,0,2,25600,XJTU/40Hz10kN/Bearing3_1,-1,test
3403,2,RM_002_XJTU,40Hz10kN/Bearing3_1/1057.csv,0,0,0,2,25600,XJTU/40Hz10kN/Bearing3_1,-1,test
3404,2,RM_002_XJTU,40Hz10kN/Bearing3_1/1058.csv,0,0,0,2,25600,XJTU/40Hz10kN/Bearing3_1,-1,test
3405,2,RM_002_XJTU,40Hz10kN/Bearing3_1/1059.csv,0,0,0,2,25600,XJTU/40Hz10kN/Bearing3_1,-1,test
3406,2,RM_002_XJTU,40Hz10kN/Bearing3_1/1060.csv,0,0,0,2,25600,XJTU/40Hz10kN/Bearing3_1,-1,test
3407,2,RM_002_XJTU,40Hz10kN/Bearing3_1/1061.csv,0,0,0,2,25600,XJTU/40Hz10kN/Bearing3_1,-1,test
3408,2,RM_002_XJTU,40Hz10kN/Bearing3_1/1062.csv,0,0,0,2,25600,XJTU/40Hz10kN/Bearing3_1,-1,test
3409,2,RM_002_XJTU,40Hz10kN/Bearing3_1/1063.csv,0,0,0,2,25600,XJTU/40Hz10kN/Bearing3_1,-1,test
3410,2,RM_002_XJTU,40Hz10kN/Bearing3_1/1064.csv,0,0,0,2,25600,XJTU/40Hz10kN/Bearing3_1,-1,test
3411,2,RM_002_XJTU,40Hz10kN/Bearing3_1/1065.csv,0,0,0,2,25600,XJTU/40Hz10kN/Bearing3_1,-1,test
3412,2,RM_002_XJTU,40Hz10kN/Bearing3_1/1066.csv,0,0,0,2,25600,XJTU/40Hz10kN/Bearing3_1,-1,test
3413,2,RM_002_XJTU,40Hz10kN/Bearing3_1/1067.csv,0,0,0,2,25600,XJTU/40Hz10kN/Bearing3_1,-1,test
3414,2,RM_002_XJTU,40Hz10kN/Bearing3_1/1068.csv,0,0,0,2,25600,XJTU/40Hz10kN/Bearing3_1,-1,test
3415,2,RM_002_XJTU,40Hz10kN/Bearing3_1/1069.csv,0,0,0,2,25600,XJTU/40Hz10kN/Bearing3_1,-1,test
3416,2,RM_002_XJTU,40Hz10kN/Bearing3_1/1070.csv,0,0,0,2,25600,XJTU/40Hz10kN/Bearing3_1,-1,test
3417,2,RM_002_XJTU,40Hz10kN/Bearing3_1/1071.csv,0,0,0,2,25600,XJTU/40Hz10kN/Bearing3_1,-1,test
3418,2,RM_002_XJTU,40Hz10kN/Bearing3_1/1072.csv,0,0,0,2,25600,XJTU/40Hz10kN/Bearing3_1,-1,test
3419,2,RM_002_XJTU,40Hz10kN/Bearing3_1/1073.csv,0,0,0,2,25600,XJTU/40Hz10kN/Bearing3_1,-1,test
3420,2,RM_002_XJTU,40Hz10kN/Bearing3_1/1074.csv,0,0,0,2,25600,XJTU/40Hz10kN/Bearing3_1,-1,test
3421,2,RM_002_XJTU,40Hz10kN/Bearing3_1/1075.csv,0,0,0,2,25600,XJTU/40Hz10kN/Bearing3_1,-1,test
3422,2,RM_002_XJTU,40Hz10kN/Bearing3_1/1076.csv,0,0,0,2,25600,XJTU/40Hz10kN/Bearing3_1,-1,test
3423,2,RM_002_XJTU,40Hz10kN/Bearing3_1/1077.csv,0,0,0,2,25600,XJTU/40Hz10kN/Bearing3_1,-1,test
3424,2,RM_002_XJTU,40Hz10kN/Bearing3_1/1078.csv,0,0,0,2,25600,XJTU/40Hz10kN/Bearing3_1,-1,test
3425,2,RM_002_XJTU,40Hz10kN/Bearing3_1/1079.csv,0,0,0,2,25600,XJTU/40Hz10kN/Bearing3_1,-1,test
3426,2,RM_002_XJTU,40Hz10kN/Bearing3_1/1080.csv,0,0,0,2,25600,XJTU/40Hz10kN/Bearing3_1,-1,test
3427,2,RM_002_XJTU,40Hz10kN/Bearing3_1/1081.csv,0,0,0,2,25600,XJTU/40Hz10kN/Bearing3_1,-1,test
3428,2,RM_002_XJTU,40Hz10kN/Bearing3_1/1082.csv,0,0,0,2,25600,XJTU/40Hz10kN/Bearing3_1,-1,test
3429,2,RM_002_XJTU,40Hz10kN/Bearing3_1/1083.csv,0,0,0,2,25600,XJTU/40Hz10kN/Bearing3_1,-1,test
3430,2,RM_002_XJTU,40Hz10kN/Bearing3_1/1084.csv,0,0,0,2,25600,XJTU/40Hz10kN/Bearing3_1,-1,test
3431,2,RM_002_XJTU,40Hz10kN/Bearing3_1/1085.csv,0,0,0,2,25600,XJTU/40Hz10kN/Bearing3_1,-1,test
3432,2,RM_002_XJTU,40Hz10kN/Bearing3_1/1086.csv,0,0,0,2,25600,XJTU/40Hz10kN/Bearing3_1,-1,test
3433,2,RM_002_XJTU,40Hz10kN/Bearing3_1/1087.csv,0,0,0,2,25600,XJTU/40Hz10kN/Bearing3_1,-1,test
3434,2,RM_002_XJTU,40Hz10kN/Bearing3_1/1088.csv,0,0,0,2,25600,XJTU/40Hz10kN/Bearing3_1,-1,test
3435,2,RM_002_XJTU,40Hz10kN/Bearing3_1/1089.csv,0,0,0,2,25600,XJTU/40Hz10kN/Bearing3_1,-1,test
3436,2,RM_002_XJTU,40Hz10kN/Bearing3_1/1090.csv,0,0,0,2,25600,XJTU/40Hz10kN/Bearing3_1,-1,test
3437,2,RM_002_XJTU,40Hz10kN/Bearing3_1/1091.csv,0,0,0,2,25600,XJTU/40Hz10kN/Bearing3_1,-1,test
3438,2,RM_002_XJTU,40Hz10kN/Bearing3_1/1092.csv,0,0,0,2,25600,XJTU/40Hz10kN/Bearing3_1,-1,test
3439,2,RM_002_XJTU,40Hz10kN/Bearing3_1/1093.csv,0,0,0,2,25600,XJTU/40Hz10kN/Bearing3_1,-1,test
3440,2,RM_002_XJTU,40Hz10kN/Bearing3_1/1094.csv,0,0,0,2,25600,XJTU/40Hz10kN/Bearing3_1,-1,test
3441,2,RM_002_XJTU,40Hz10kN/Bearing3_1/1095.csv,0,0,0,2,25600,XJTU/40Hz10kN/Bearing3_1,-1,test
3442,2,RM_002_XJTU,40Hz10kN/Bearing3_1/1096.csv,0,0,0,2,25600,XJTU/40Hz10kN/Bearing3_1,-1,test
3443,2,RM_002_XJTU,40Hz10kN/Bearing3_1/1097.csv,0,0,0,2,25600,XJTU/40Hz10kN/Bearing3_1,-1,test
3444,2,RM_002_XJTU,40Hz10kN/Bearing3_1/1098.csv,0,0,0,2,25600,XJTU/40Hz10kN/Bearing3_1,-1,test
3445,2,RM_002_XJTU,40Hz10kN/Bearing3_1/1099.csv,0,0,0,2,25600,XJTU/40Hz10kN/Bearing3_1,-1,test
3446,2,RM_002_XJTU,40Hz10kN/Bearing3_1/1100.csv,0,0,0,2,25600,XJTU/40Hz10kN/Bearing3_1,-1,test
3447,2,RM_002_XJTU,40Hz10kN/Bearing3_1/1101.csv,0,0,0,2,25600,XJTU/40Hz10kN/Bearing3_1,-1,test
3448,2,RM_002_XJTU,40Hz10kN/Bearing3_1/1102.csv,0,0,0,2,25600,XJTU/40Hz10kN/Bearing3_1,-1,test
3449,2,RM_002_XJTU,40Hz10kN/Bearing3_1/1103.csv,0,0,0,2,25600,XJTU/40Hz10kN/Bearing3_1,-1,test
3450,2,RM_002_XJTU,40Hz10kN/Bearing3_1/1104.csv,0,0,0,2,25600,XJTU/40Hz10kN/Bearing3_1,-1,test
3451,2,RM_002_XJTU,40Hz10kN/Bearing3_1/1105.csv,0,0,0,2,25600,XJTU/40Hz10kN/Bearing3_1,-1,test
3452,2,RM_002_XJTU,40Hz10kN/Bearing3_1/1106.csv,0,0,0,2,25600,XJTU/40Hz10kN/Bearing3_1,-1,test
3453,2,RM_002_XJTU,40Hz10kN/Bearing3_1/1107.csv,0,0,0,2,25600,XJTU/40Hz10kN/Bearing3_1,-1,test
3454,2,RM_002_XJTU,40Hz10kN/Bearing3_1/1108.csv,0,0,0,2,25600,XJTU/40Hz10kN/Bearing3_1,-1,test
3455,2,RM_002_XJTU,40Hz10kN/Bearing3_1/1109.csv,0,0,0,2,25600,XJTU/40Hz10kN/Bearing3_1,-1,test
3456,2,RM_002_XJTU,40Hz10kN/Bearing3_1/1110.csv,0,0,0,2,25600,XJTU/40Hz10kN/Bearing3_1,-1,test
3457,2,RM_002_XJTU,40Hz10kN/Bearing3_1/1111.csv,0,0,0,2,25600,XJTU/40Hz10kN/Bearing3_1,-1,test
3458,2,RM_002_XJTU,40Hz10kN/Bearing3_1/1112.csv,0,0,0,2,25600,XJTU/40Hz10kN/Bearing3_1,-1,test
3459,2,RM_002_XJTU,40Hz10kN/Bearing3_1/1113.csv,0,0,0,2,25600,XJTU/40Hz10kN/Bearing3_1,-1,test
3460,2,RM_002_XJTU,40Hz10kN/Bearing3_1/1114.csv,0,0,0,2,25600,XJTU/40Hz10kN/Bearing3_1,-1,test
3461,2,RM_002_XJTU,40Hz10kN/Bearing3_1/1115.csv,0,0,0,2,25600,XJTU/40Hz10kN/Bearing3_1,-1,test
3462,2,RM_002_XJTU,40Hz10kN/Bearing3_1/1116.csv,0,0,0,2,25600,XJTU/40Hz10kN/Bearing3_1,-1,test
3463,2,RM_002_XJTU,40Hz10kN/Bearing3_1/1117.csv,0,0,0,2,25600,XJTU/40Hz10kN/Bearing3_1,-1,test
3464,2,RM_002_XJTU,40Hz10kN/Bearing3_1/1118.csv,0,0,0,2,25600,XJTU/40Hz10kN/Bearing3_1,-1,test
3465,2,RM_002_XJTU,40Hz10kN/Bearing3_1/1119.csv,0,0,0,2,25600,XJTU/40Hz10kN/Bearing3_1,-1,test
3466,2,RM_002_XJTU,40Hz10kN/Bearing3_1/1120.csv,0,0,0,2,25600,XJTU/40Hz10kN/Bearing3_1,-1,test
3467,2,RM_002_XJTU,40Hz10kN/Bearing3_1/1121.csv,0,0,0,2,25600,XJTU/40Hz10kN/Bearing3_1,-1,test
3468,2,RM_002_XJTU,40Hz10kN/Bearing3_1/1122.csv,0,0,0,2,25600,XJTU/40Hz10kN/Bearing3_1,-1,test
3469,2,RM_002_XJTU,40Hz10kN/Bearing3_1/1123.csv,0,0,0,2,25600,XJTU/40Hz10kN/Bearing3_1,-1,test
3470,2,RM_002_XJTU,40Hz10kN/Bearing3_1/1124.csv,0,0,0,2,25600,XJTU/40Hz10kN/Bearing3_1,-1,test
3471,2,RM_002_XJTU,40Hz10kN/Bearing3_1/1125.csv,0,0,0,2,25600,XJTU/40Hz10kN/Bearing3_1,-1,test
3472,2,RM_002_XJTU,40Hz10kN/Bearing3_1/1126.csv,0,0,0,2,25600,XJTU/40Hz10kN/Bearing3_1,-1,test
3473,2,RM_002_XJTU,40Hz10kN/Bearing3_1/1127.csv,0,0,0,2,25600,XJTU/40Hz10kN/Bearing3_1,-1,test
3474,2,RM_002_XJTU,40Hz10kN/Bearing3_1/1128.csv,0,0,0,2,25600,XJTU/40Hz10kN/Bearing3_1,-1,test
3475,2,RM_002_XJTU,40Hz10kN/Bearing3_1/1129.csv,0,0,0,2,25600,XJTU/40Hz10kN/Bearing3_1,-1,test
3476,2,RM_002_XJTU,40Hz10kN/Bearing3_1/1130.csv,0,0,0,2,25600,XJTU/40Hz10kN/Bearing3_1,-1,test
3477,2,RM_002_XJTU,40Hz10kN/Bearing3_1/1131.csv,0,0,0,2,25600,XJTU/40Hz10kN/Bearing3_1,-1,test
3478,2,RM_002_XJTU,40Hz10kN/Bearing3_1/1132.csv,0,0,0,2,25600,XJTU/40Hz10kN/Bearing3_1,-1,test
3479,2,RM_002_XJTU,40Hz10kN/Bearing3_1/1133.csv,0,0,0,2,25600,XJTU/40Hz10kN/Bearing3_1,-1,test
3480,2,RM_002_XJTU,40Hz10kN/Bearing3_1/1134.csv,0,0,0,2,25600,XJTU/40Hz10kN/Bearing3_1,-1,test
3481,2,RM_002_XJTU,40Hz10kN/Bearing3_1/1135.csv,0,0,0,2,25600,XJTU/40Hz10kN/Bearing3_1,-1,test
3482,2,RM_002_XJTU,40Hz10kN/Bearing3_1/1136.csv,0,0,0,2,25600,XJTU/40Hz10kN/Bearing3_1,-1,test
3483,2,RM_002_XJTU,40Hz10kN/Bearing3_1/1137.csv,0,0,0,2,25600,XJTU/40Hz10kN/Bearing3_1,-1,test
3484,2,RM_002_XJTU,40Hz10kN/Bearing3_1/1138.csv,0,0,0,2,25600,XJTU/40Hz10kN/Bearing3_1,-1,test
3485,2,RM_002_XJTU,40Hz10kN/Bearing3_1/1139.csv,0,0,0,2,25600,XJTU/40Hz10kN/Bearing3_1,-1,test
3486,2,RM_002_XJTU,40Hz10kN/Bearing3_1/1140.csv,0,0,0,2,25600,XJTU/40Hz10kN/Bearing3_1,-1,test
3487,2,RM_002_XJTU,40Hz10kN/Bearing3_1/1141.csv,0,0,0,2,25600,XJTU/40Hz10kN/Bearing3_1,-1,test
3488,2,RM_002_XJTU,40Hz10kN/Bearing3_1/1142.csv,0,0,0,2,25600,XJTU/40Hz10kN/Bearing3_1,-1,test
3489,2,RM_002_XJTU,40Hz10kN/Bearing3_1/1143.csv,0,0,0,2,25600,XJTU/40Hz10kN/Bearing3_1,-1,test
3490,2,RM_002_XJTU,40Hz10kN/Bearing3_1/1144.csv,0,0,0,2,25600,XJTU/40Hz10kN/Bearing3_1,-1,test
3491,2,RM_002_XJTU,40Hz10kN/Bearing3_1/1145.csv,0,0,0,2,25600,XJTU/40Hz10kN/Bearing3_1,-1,test
3492,2,RM_002_XJTU,40Hz10kN/Bearing3_1/1146.csv,0,0,0,2,25600,XJTU/40Hz10kN/Bearing3_1,-1,test
3493,2,RM_002_XJTU,40Hz10kN/Bearing3_1/1147.csv,0,0,0,2,25600,XJTU/40Hz10kN/Bearing3_1,-1,test
3494,2,RM_002_XJTU,40Hz10kN/Bearing3_1/1148.csv,0,0,0,2,25600,XJTU/40Hz10kN/Bearing3_1,-1,test
3495,2,RM_002_XJTU,40Hz10kN/Bearing3_1/1149.csv,0,0,0,2,25600,XJTU/40Hz10kN/Bearing3_1,-1,test
3496,2,RM_002_XJTU,40Hz10kN/Bearing3_1/1150.csv,0,0,0,2,25600,XJTU/40Hz10kN/Bearing3_1,-1,test
3497,2,RM_002_XJTU,40Hz10kN/Bearing3_1/1151.csv,0,0,0,2,25600,XJTU/40Hz10kN/Bearing3_1,-1,test
3498,2,RM_002_XJTU,40Hz10kN/Bearing3_1/1152.csv,0,0,0,2,25600,XJTU/40Hz10kN/Bearing3_1,-1,test
3499,2,RM_002_XJTU,40Hz10kN/Bearing3_1/1153.csv,0,0,0,2,25600,XJTU/40Hz10kN/Bearing3_1,-1,test
3500,2,RM_002_XJTU,40Hz10kN/Bearing3_1/1154.csv,0,0,0,2,25600,XJTU/40Hz10kN/Bearing3_1,-1,test
3501,2,RM_002_XJTU,40Hz10kN/Bearing3_1/1155.csv,0,0,0,2,25600,XJTU/40Hz10kN/Bearing3_1,-1,test
3502,2,RM_002_XJTU,40Hz10kN/Bearing3_1/1156.csv,0,0,0,2,25600,XJTU/40Hz10kN/Bearing3_1,-1,test
3503,2,RM_002_XJTU,40Hz10kN/Bearing3_1/1157.csv,0,0,0,2,25600,XJTU/40Hz10kN/Bearing3_1,-1,test
3504,2,RM_002_XJTU,40Hz10kN/Bearing3_1/1158.csv,0,0,0,2,25600,XJTU/40Hz10kN/Bearing3_1,-1,test
3505,2,RM_002_XJTU,40Hz10kN/Bearing3_1/1159.csv,0,0,0,2,25600,XJTU/40Hz10kN/Bearing3_1,-1,test
3506,2,RM_002_XJTU,40Hz10kN/Bearing3_1/1160.csv,0,0,0,2,25600,XJTU/40Hz10kN/Bearing3_1,-1,test
3507,2,RM_002_XJTU,40Hz10kN/Bearing3_1/1161.csv,0,0,0,2,25600,XJTU/40Hz10kN/Bearing3_1,-1,test
3508,2,RM_002_XJTU,40Hz10kN/Bearing3_1/1162.csv,0,0,0,2,25600,XJTU/40Hz10kN/Bearing3_1,-1,test
3509,2,RM_002_XJTU,40Hz10kN/Bearing3_1/1163.csv,0,0,0,2,25600,XJTU/40Hz10kN/Bearing3_1,-1,test
3510,2,RM_002_XJTU,40Hz10kN/Bearing3_1/1164.csv,0,0,0,2,25600,XJTU/40Hz10kN/Bearing3_1,-1,test
3511,2,RM_002_XJTU,40Hz10kN/Bearing3_1/1165.csv,0,0,0,2,25600,XJTU/40Hz10kN/Bearing3_1,-1,test
3512,2,RM_002_XJTU,40Hz10kN/Bearing3_1/1166.csv,0,0,0,2,25600,XJTU/40Hz10kN/Bearing3_1,-1,test
3513,2,RM_002_XJTU,40Hz10kN/Bearing3_1/1167.csv,0,0,0,2,25600,XJTU/40Hz10kN/Bearing3_1,-1,test
3514,2,RM_002_XJTU,40Hz10kN/Bearing3_1/1168.csv,0,0,0,2,25600,XJTU/40Hz10kN/Bearing3_1,-1,test
3515,2,RM_002_XJTU,40Hz10kN/Bearing3_1/1169.csv,0,0,0,2,25600,XJTU/40Hz10kN/Bearing3_1,-1,test
3516,2,RM_002_XJTU,40Hz10kN/Bearing3_1/1170.csv,0,0,0,2,25600,XJTU/40Hz10kN/Bearing3_1,-1,test
3517,2,RM_002_XJTU,40Hz10kN/Bearing3_1/1171.csv,0,0,0,2,25600,XJTU/40Hz10kN/Bearing3_1,-1,test
3518,2,RM_002_XJTU,40Hz10kN/Bearing3_1/1172.csv,0,0,0,2,25600,XJTU/40Hz10kN/Bearing3_1,-1,test
3519,2,RM_002_XJTU,40Hz10kN/Bearing3_1/1173.csv,0,0,0,2,25600,XJTU/40Hz10kN/Bearing3_1,-1,test
3520,2,RM_002_XJTU,40Hz10kN/Bearing3_1/1174.csv,0,0,0,2,25600,XJTU/40Hz10kN/Bearing3_1,-1,test
3521,2,RM_002_XJTU,40Hz10kN/Bearing3_1/1175.csv,0,0,0,2,25600,XJTU/40Hz10kN/Bearing3_1,-1,test
3522,2,RM_002_XJTU,40Hz10kN/Bearing3_1/1176.csv,0,0,0,2,25600,XJTU/40Hz10kN/Bearing3_1,-1,test
3523,2,RM_002_XJTU,40Hz10kN/Bearing3_1/1177.csv,0,0,0,2,25600,XJTU/40Hz10kN/Bearing3_1,-1,test
3524,2,RM_002_XJTU,40Hz10kN/Bearing3_1/1178.csv,0,0,0,2,25600,XJTU/40Hz10kN/Bearing3_1,-1,test
3525,2,RM_002_XJTU,40Hz10kN/Bearing3_1/1179.csv,0,0,0,2,25600,XJTU/40Hz10kN/Bearing3_1,-1,test
3526,2,RM_002_XJTU,40Hz10kN/Bearing3_1/1180.csv,0,0,0,2,25600,XJTU/40Hz10kN/Bearing3_1,-1,test
3527,2,RM_002_XJTU,40Hz10kN/Bearing3_1/1181.csv,0,0,0,2,25600,XJTU/40Hz10kN/Bearing3_1,-1,test
3528,2,RM_002_XJTU,40Hz10kN/Bearing3_1/1182.csv,0,0,0,2,25600,XJTU/40Hz10kN/Bearing3_1,-1,test
3529,2,RM_002_XJTU,40Hz10kN/Bearing3_1/1183.csv,0,0,0,2,25600,XJTU/40Hz10kN/Bearing3_1,-1,test
3530,2,RM_002_XJTU,40Hz10kN/Bearing3_1/1184.csv,0,0,0,2,25600,XJTU/40Hz10kN/Bearing3_1,-1,test
3531,2,RM_002_XJTU,40Hz10kN/Bearing3_1/1185.csv,0,0,0,2,25600,XJTU/40Hz10kN/Bearing3_1,-1,test
3532,2,RM_002_XJTU,40Hz10kN/Bearing3_1/1186.csv,0,0,0,2,25600,XJTU/40Hz10kN/Bearing3_1,-1,test
3533,2,RM_002_XJTU,40Hz10kN/Bearing3_1/1187.csv,0,0,0,2,25600,XJTU/40Hz10kN/Bearing3_1,-1,test
3534,2,RM_002_XJTU,40Hz10kN/Bearing3_1/1188.csv,0,0,0,2,25600,XJTU/40Hz10kN/Bearing3_1,-1,test
3535,2,RM_002_XJTU,40Hz10kN/Bearing3_1/1189.csv,0,0,0,2,25600,XJTU/40Hz10kN/Bearing3_1,-1,test
3536,2,RM_002_XJTU,40Hz10kN/Bearing3_1/1190.csv,0,0,0,2,25600,XJTU/40Hz10kN/Bearing3_1,-1,test
3537,2,RM_002_XJTU,40Hz10kN/Bearing3_1/1191.csv,0,0,0,2,25600,XJTU/40Hz10kN/Bearing3_1,-1,test
3538,2,RM_002_XJTU,40Hz10kN/Bearing3_1/1192.csv,0,0,0,2,25600,XJTU/40Hz10kN/Bearing3_1,-1,test
3539,2,RM_002_XJTU,40Hz10kN/Bearing3_1/1193.csv,0,0,0,2,25600,XJTU/40Hz10kN/Bearing3_1,-1,test
3540,2,RM_002_XJTU,40Hz10kN/Bearing3_1/1194.csv,0,0,0,2,25600,XJTU/40Hz10kN/Bearing3_1,-1,test
3541,2,RM_002_XJTU,40Hz10kN/Bearing3_1/1195.csv,0,0,0,2,25600,XJTU/40Hz10kN/Bearing3_1,-1,test
3542,2,RM_002_XJTU,40Hz10kN/Bearing3_1/1196.csv,0,0,0,2,25600,XJTU/40Hz10kN/Bearing3_1,-1,test
3543,2,RM_002_XJTU,40Hz10kN/Bearing3_1/1197.csv,0,0,0,2,25600,XJTU/40Hz10kN/Bearing3_1,-1,test
3544,2,RM_002_XJTU,40Hz10kN/Bearing3_1/1198.csv,0,0,0,2,25600,XJTU/40Hz10kN/Bearing3_1,-1,test
3545,2,RM_002_XJTU,40Hz10kN/Bearing3_1/1199.csv,0,0,0,2,25600,XJTU/40Hz10kN/Bearing3_1,-1,test
3546,2,RM_002_XJTU,40Hz10kN/Bearing3_1/1200.csv,0,0,0,2,25600,XJTU/40Hz10kN/Bearing3_1,-1,test
3547,2,RM_002_XJTU,40Hz10kN/Bearing3_1/1201.csv,0,0,0,2,25600,XJTU/40Hz10kN/Bearing3_1,-1,test
3548,2,RM_002_XJTU,40Hz10kN/Bearing3_1/1202.csv,0,0,0,2,25600,XJTU/40Hz10kN/Bearing3_1,-1,test
3549,2,RM_002_XJTU,40Hz10kN/Bearing3_1/1203.csv,0,0,0,2,25600,XJTU/40Hz10kN/Bearing3_1,-1,test
3550,2,RM_002_XJTU,40Hz10kN/Bearing3_1/1204.csv,0,0,0,2,25600,XJTU/40Hz10kN/Bearing3_1,-1,test
3551,2,RM_002_XJTU,40Hz10kN/Bearing3_1/1205.csv,0,0,0,2,25600,XJTU/40Hz10kN/Bearing3_1,-1,test
3552,2,RM_002_XJTU,40Hz10kN/Bearing3_1/1206.csv,0,0,0,2,25600,XJTU/40Hz10kN/Bearing3_1,-1,test
3553,2,RM_002_XJTU,40Hz10kN/Bearing3_1/1207.csv,0,0,0,2,25600,XJTU/40Hz10kN/Bearing3_1,-1,test
3554,2,RM_002_XJTU,40Hz10kN/Bearing3_1/1208.csv,0,0,0,2,25600,XJTU/40Hz10kN/Bearing3_1,-1,test
3555,2,RM_002_XJTU,40Hz10kN/Bearing3_1/1209.csv,0,0,0,2,25600,XJTU/40Hz10kN/Bearing3_1,-1,test
3556,2,RM_002_XJTU,40Hz10kN/Bearing3_1/1210.csv,0,0,0,2,25600,XJTU/40Hz10kN/Bearing3_1,-1,test
3557,2,RM_002_XJTU,40Hz10kN/Bearing3_1/1211.csv,0,0,0,2,25600,XJTU/40Hz10kN/Bearing3_1,-1,test
3558,2,RM_002_XJTU,40Hz10kN/Bearing3_1/1212.csv,0,0,0,2,25600,XJTU/40Hz10kN/Bearing3_1,-1,test
3559,2,RM_002_XJTU,40Hz10kN/Bearing3_1/1213.csv,0,0,0,2,25600,XJTU/40Hz10kN/Bearing3_1,-1,test
3560,2,RM_002_XJTU,40Hz10kN/Bearing3_1/1214.csv,0,0,0,2,25600,XJTU/40Hz10kN/Bearing3_1,-1,test
3561,2,RM_002_XJTU,40Hz10kN/Bearing3_1/1215.csv,0,0,0,2,25600,XJTU/40Hz10kN/Bearing3_1,-1,test
3562,2,RM_002_XJTU,40Hz10kN/Bearing3_1/1216.csv,0,0,0,2,25600,XJTU/40Hz10kN/Bearing3_1,-1,test
3563,2,RM_002_XJTU,40Hz10kN/Bearing3_1/1217.csv,0,0,0,2,25600,XJTU/40Hz10kN/Bearing3_1,-1,test
3564,2,RM_002_XJTU,40Hz10kN/Bearing3_1/1218.csv,0,0,0,2,25600,XJTU/40Hz10kN/Bearing3_1,-1,test
3565,2,RM_002_XJTU,40Hz10kN/Bearing3_1/1219.csv,0,0,0,2,25600,XJTU/40Hz10kN/Bearing3_1,-1,test
3566,2,RM_002_XJTU,40Hz10kN/Bearing3_1/1220.csv,0,0,0,2,25600,XJTU/40Hz10kN/Bearing3_1,-1,test
3567,2,RM_002_XJTU,40Hz10kN/Bearing3_1/1221.csv,0,0,0,2,25600,XJTU/40Hz10kN/Bearing3_1,-1,test
3568,2,RM_002_XJTU,40Hz10kN/Bearing3_1/1222.csv,0,0,0,2,25600,XJTU/40Hz10kN/Bearing3_1,-1,test
3569,2,RM_002_XJTU,40Hz10kN/Bearing3_1/1223.csv,0,0,0,2,25600,XJTU/40Hz10kN/Bearing3_1,-1,test
3570,2,RM_002_XJTU,40Hz10kN/Bearing3_1/1224.csv,0,0,0,2,25600,XJTU/40Hz10kN/Bearing3_1,-1,test
3571,2,RM_002_XJTU,40Hz10kN/Bearing3_1/1225.csv,0,0,0,2,25600,XJTU/40Hz10kN/Bearing3_1,-1,test
3572,2,RM_002_XJTU,40Hz10kN/Bearing3_1/1226.csv,0,0,0,2,25600,XJTU/40Hz10kN/Bearing3_1,-1,test
3573,2,RM_002_XJTU,40Hz10kN/Bearing3_1/1227.csv,0,0,0,2,25600,XJTU/40Hz10kN/Bearing3_1,-1,test
3574,2,RM_002_XJTU,40Hz10kN/Bearing3_1/1228.csv,0,0,0,2,25600,XJTU/40Hz10kN/Bearing3_1,-1,test
3575,2,RM_002_XJTU,40Hz10kN/Bearing3_1/1229.csv,0,0,0,2,25600,XJTU/40Hz10kN/Bearing3_1,-1,test
3576,2,RM_002_XJTU,40Hz10kN/Bearing3_1/1230.csv,0,0,0,2,25600,XJTU/40Hz10kN/Bearing3_1,-1,test
3577,2,RM_002_XJTU,40Hz10kN/Bearing3_1/1231.csv,0,0,0,2,25600,XJTU/40Hz10kN/Bearing3_1,-1,test
3578,2,RM_002_XJTU,40Hz10kN/Bearing3_1/1232.csv,0,0,0,2,25600,XJTU/40Hz10kN/Bearing3_1,-1,test
3579,2,RM_002_XJTU,40Hz10kN/Bearing3_1/1233.csv,0,0,0,2,25600,XJTU/40Hz10kN/Bearing3_1,-1,test
3580,2,RM_002_XJTU,40Hz10kN/Bearing3_1/1234.csv,0,0,0,2,25600,XJTU/40Hz10kN/Bearing3_1,-1,test
3581,2,RM_002_XJTU,40Hz10kN/Bearing3_1/1235.csv,0,0,0,2,25600,XJTU/40Hz10kN/Bearing3_1,-1,test
3582,2,RM_002_XJTU,40Hz10kN/Bearing3_1/1236.csv,0,0,0,2,25600,XJTU/40Hz10kN/Bearing3_1,-1,test
3583,2,RM_002_XJTU,40Hz10kN/Bearing3_1/1237.csv,0,0,0,2,25600,XJTU/40Hz10kN/Bearing3_1,-1,test
3584,2,RM_002_XJTU,40Hz10kN/Bearing3_1/1238.csv,0,0,0,2,25600,XJTU/40Hz10kN/Bearing3_1,-1,test
3585,2,RM_002_XJTU,40Hz10kN/Bearing3_1/1239.csv,0,0,0,2,25600,XJTU/40Hz10kN/Bearing3_1,-1,test
3586,2,RM_002_XJTU,40Hz10kN/Bearing3_1/1240.csv,0,0,0,2,25600,XJTU/40Hz10kN/Bearing3_1,-1,test
3587,2,RM_002_XJTU,40Hz10kN/Bearing3_1/1241.csv,0,0,0,2,25600,XJTU/40Hz10kN/Bearing3_1,-1,test
3588,2,RM_002_XJTU,40Hz10kN/Bearing3_1/1242.csv,0,0,0,2,25600,XJTU/40Hz10kN/Bearing3_1,-1,test
3589,2,RM_002_XJTU,40Hz10kN/Bearing3_1/1243.csv,0,0,0,2,25600,XJTU/40Hz10kN/Bearing3_1,-1,test
3590,2,RM_002_XJTU,40Hz10kN/Bearing3_1/1244.csv,0,0,0,2,25600,XJTU/40Hz10kN/Bearing3_1,-1,test
3591,2,RM_002_XJTU,40Hz10kN/Bearing3_1/1245.csv,0,0,0,2,25600,XJTU/40Hz10kN/Bearing3_1,-1,test
3592,2,RM_002_XJTU,40Hz10kN/Bearing3_1/1246.csv,0,0,0,2,25600,XJTU/40Hz10kN/Bearing3_1,-1,test
3593,2,RM_002_XJTU,40Hz10kN/Bearing3_1/1247.csv,0,0,0,2,25600,XJTU/40Hz10kN/Bearing3_1,-1,test
3594,2,RM_002_XJTU,40Hz10kN/Bearing3_1/1248.csv,0,0,0,2,25600,XJTU/40Hz10kN/Bearing3_1,-1,test
3595,2,RM_002_XJTU,40Hz10kN/Bearing3_1/1249.csv,0,0,0,2,25600,XJTU/40Hz10kN/Bearing3_1,-1,test
3596,2,RM_002_XJTU,40Hz10kN/Bearing3_1/1250.csv,0,0,0,2,25600,XJTU/40Hz10kN/Bearing3_1,-1,test
3597,2,RM_002_XJTU,40Hz10kN/Bearing3_1/1251.csv,0,0,0,2,25600,XJTU/40Hz10kN/Bearing3_1,-1,test
3598,2,RM_002_XJTU,40Hz10kN/Bearing3_1/1252.csv,0,0,0,2,25600,XJTU/40Hz10kN/Bearing3_1,-1,test
3599,2,RM_002_XJTU,40Hz10kN/Bearing3_1/1253.csv,0,0,0,2,25600,XJTU/40Hz10kN/Bearing3_1,-1,test
3600,2,RM_002_XJTU,40Hz10kN/Bearing3_1/1254.csv,0,0,0,2,25600,XJTU/40Hz10kN/Bearing3_1,-1,test
3601,2,RM_002_XJTU,40Hz10kN/Bearing3_1/1255.csv,0,0,0,2,25600,XJTU/40Hz10kN/Bearing3_1,-1,test
3602,2,RM_002_XJTU,40Hz10kN/Bearing3_1/1256.csv,0,0,0,2,25600,XJTU/40Hz10kN/Bearing3_1,-1,test
3603,2,RM_002_XJTU,40Hz10kN/Bearing3_1/1257.csv,0,0,0,2,25600,XJTU/40Hz10kN/Bearing3_1,-1,test
3604,2,RM_002_XJTU,40Hz10kN/Bearing3_1/1258.csv,0,0,0,2,25600,XJTU/40Hz10kN/Bearing3_1,-1,test
3605,2,RM_002_XJTU,40Hz10kN/Bearing3_1/1259.csv,0,0,0,2,25600,XJTU/40Hz10kN/Bearing3_1,-1,test
3606,2,RM_002_XJTU,40Hz10kN/Bearing3_1/1260.csv,0,0,0,2,25600,XJTU/40Hz10kN/Bearing3_1,-1,test
3607,2,RM_002_XJTU,40Hz10kN/Bearing3_1/1261.csv,0,0,0,2,25600,XJTU/40Hz10kN/Bearing3_1,-1,test
3608,2,RM_002_XJTU,40Hz10kN/Bearing3_1/1262.csv,0,0,0,2,25600,XJTU/40Hz10kN/Bearing3_1,-1,test
3609,2,RM_002_XJTU,40Hz10kN/Bearing3_1/1263.csv,0,0,0,2,25600,XJTU/40Hz10kN/Bearing3_1,-1,test
3610,2,RM_002_XJTU,40Hz10kN/Bearing3_1/1264.csv,0,0,0,2,25600,XJTU/40Hz10kN/Bearing3_1,-1,test
3611,2,RM_002_XJTU,40Hz10kN/Bearing3_1/1265.csv,0,0,0,2,25600,XJTU/40Hz10kN/Bearing3_1,-1,test
3612,2,RM_002_XJTU,40Hz10kN/Bearing3_1/1266.csv,0,0,0,2,25600,XJTU/40Hz10kN/Bearing3_1,-1,test
3613,2,RM_002_XJTU,40Hz10kN/Bearing3_1/1267.csv,0,0,0,2,25600,XJTU/40Hz10kN/Bearing3_1,-1,test
3614,2,RM_002_XJTU,40Hz10kN/Bearing3_1/1268.csv,0,0,0,2,25600,XJTU/40Hz10kN/Bearing3_1,-1,test
3615,2,RM_002_XJTU,40Hz10kN/Bearing3_1/1269.csv,0,0,0,2,25600,XJTU/40Hz10kN/Bearing3_1,-1,test
3616,2,RM_002_XJTU,40Hz10kN/Bearing3_1/1270.csv,0,0,0,2,25600,XJTU/40Hz10kN/Bearing3_1,-1,test
3617,2,RM_002_XJTU,40Hz10kN/Bearing3_1/1271.csv,0,0,0,2,25600,XJTU/40Hz10kN/Bearing3_1,-1,test
3618,2,RM_002_XJTU,40Hz10kN/Bearing3_1/1272.csv,0,0,0,2,25600,XJTU/40Hz10kN/Bearing3_1,-1,test
3619,2,RM_002_XJTU,40Hz10kN/Bearing3_1/1273.csv,0,0,0,2,25600,XJTU/40Hz10kN/Bearing3_1,-1,test
3620,2,RM_002_XJTU,40Hz10kN/Bearing3_1/1274.csv,0,0,0,2,25600,XJTU/40Hz10kN/Bearing3_1,-1,test
3621,2,RM_002_XJTU,40Hz10kN/Bearing3_1/1275.csv,0,0,0,2,25600,XJTU/40Hz10kN/Bearing3_1,-1,test
3622,2,RM_002_XJTU,40Hz10kN/Bearing3_1/1276.csv,0,0,0,2,25600,XJTU/40Hz10kN/Bearing3_1,-1,test
3623,2,RM_002_XJTU,40Hz10kN/Bearing3_1/1277.csv,0,0,0,2,25600,XJTU/40Hz10kN/Bearing3_1,-1,test
3624,2,RM_002_XJTU,40Hz10kN/Bearing3_1/1278.csv,0,0,0,2,25600,XJTU/40Hz10kN/Bearing3_1,-1,test
3625,2,RM_002_XJTU,40Hz10kN/Bearing3_1/1279.csv,0,0,0,2,25600,XJTU/40Hz10kN/Bearing3_1,-1,test
3626,2,RM_002_XJTU,40Hz10kN/Bearing3_1/1280.csv,0,0,0,2,25600,XJTU/40Hz10kN/Bearing3_1,-1,test
3627,2,RM_002_XJTU,40Hz10kN/Bearing3_1/1281.csv,0,0,0,2,25600,XJTU/40Hz10kN/Bearing3_1,-1,test
3628,2,RM_002_XJTU,40Hz10kN/Bearing3_1/1282.csv,0,0,0,2,25600,XJTU/40Hz10kN/Bearing3_1,-1,test
3629,2,RM_002_XJTU,40Hz10kN/Bearing3_1/1283.csv,0,0,0,2,25600,XJTU/40Hz10kN/Bearing3_1,-1,test
3630,2,RM_002_XJTU,40Hz10kN/Bearing3_1/1284.csv,0,0,0,2,25600,XJTU/40Hz10kN/Bearing3_1,-1,test
3631,2,RM_002_XJTU,40Hz10kN/Bearing3_1/1285.csv,0,0,0,2,25600,XJTU/40Hz10kN/Bearing3_1,-1,test
3632,2,RM_002_XJTU,40Hz10kN/Bearing3_1/1286.csv,0,0,0,2,25600,XJTU/40Hz10kN/Bearing3_1,-1,test
3633,2,RM_002_XJTU,40Hz10kN/Bearing3_1/1287.csv,0,0,0,2,25600,XJTU/40Hz10kN/Bearing3_1,-1,test
3634,2,RM_002_XJTU,40Hz10kN/Bearing3_1/1288.csv,0,0,0,2,25600,XJTU/40Hz10kN/Bearing3_1,-1,test
3635,2,RM_002_XJTU,40Hz10kN/Bearing3_1/1289.csv,0,0,0,2,25600,XJTU/40Hz10kN/Bearing3_1,-1,test
3636,2,RM_002_XJTU,40Hz10kN/Bearing3_1/1290.csv,0,0,0,2,25600,XJTU/40Hz10kN/Bearing3_1,-1,test
3637,2,RM_002_XJTU,40Hz10kN/Bearing3_1/1291.csv,0,0,0,2,25600,XJTU/40Hz10kN/Bearing3_1,-1,test
3638,2,RM_002_XJTU,40Hz10kN/Bearing3_1/1292.csv,0,0,0,2,25600,XJTU/40Hz10kN/Bearing3_1,-1,test
3639,2,RM_002_XJTU,40Hz10kN/Bearing3_1/1293.csv,0,0,0,2,25600,XJTU/40Hz10kN/Bearing3_1,-1,test
3640,2,RM_002_XJTU,40Hz10kN/Bearing3_1/1294.csv,0,0,0,2,25600,XJTU/40Hz10kN/Bearing3_1,-1,test
3641,2,RM_002_XJTU,40Hz10kN/Bearing3_1/1295.csv,0,0,0,2,25600,XJTU/40Hz10kN/Bearing3_1,-1,test
3642,2,RM_002_XJTU,40Hz10kN/Bearing3_1/1296.csv,0,0,0,2,25600,XJTU/40Hz10kN/Bearing3_1,-1,test
3643,2,RM_002_XJTU,40Hz10kN/Bearing3_1/1297.csv,0,0,0,2,25600,XJTU/40Hz10kN/Bearing3_1,-1,test
3644,2,RM_002_XJTU,40Hz10kN/Bearing3_1/1298.csv,0,0,0,2,25600,XJTU/40Hz10kN/Bearing3_1,-1,test
3645,2,RM_002_XJTU,40Hz10kN/Bearing3_1/1299.csv,0,0,0,2,25600,XJTU/40Hz10kN/Bearing3_1,-1,test
3646,2,RM_002_XJTU,40Hz10kN/Bearing3_1/1300.csv,0,0,0,2,25600,XJTU/40Hz10kN/Bearing3_1,-1,test
3647,2,RM_002_XJTU,40Hz10kN/Bearing3_1/1301.csv,0,0,0,2,25600,XJTU/40Hz10kN/Bearing3_1,-1,test
3648,2,RM_002_XJTU,40Hz10kN/Bearing3_1/1302.csv,0,0,0,2,25600,XJTU/40Hz10kN/Bearing3_1,-1,test
3649,2,RM_002_XJTU,40Hz10kN/Bearing3_1/1303.csv,0,0,0,2,25600,XJTU/40Hz10kN/Bearing3_1,-1,test
3650,2,RM_002_XJTU,40Hz10kN/Bearing3_1/1304.csv,0,0,0,2,25600,XJTU/40Hz10kN/Bearing3_1,-1,test
3651,2,RM_002_XJTU,40Hz10kN/Bearing3_1/1305.csv,0,0,0,2,25600,XJTU/40Hz10kN/Bearing3_1,-1,test
3652,2,RM_002_XJTU,40Hz10kN/Bearing3_1/1306.csv,0,0,0,2,25600,XJTU/40Hz10kN/Bearing3_1,-1,test
3653,2,RM_002_XJTU,40Hz10kN/Bearing3_1/1307.csv,0,0,0,2,25600,XJTU/40Hz10kN/Bearing3_1,-1,test
3654,2,RM_002_XJTU,40Hz10kN/Bearing3_1/1308.csv,0,0,0,2,25600,XJTU/40Hz10kN/Bearing3_1,-1,test
3655,2,RM_002_XJTU,40Hz10kN/Bearing3_1/1309.csv,0,0,0,2,25600,XJTU/40Hz10kN/Bearing3_1,-1,test
3656,2,RM_002_XJTU,40Hz10kN/Bearing3_1/1310.csv,0,0,0,2,25600,XJTU/40Hz10kN/Bearing3_1,-1,test
3657,2,RM_002_XJTU,40Hz10kN/Bearing3_1/1311.csv,0,0,0,2,25600,XJTU/40Hz10kN/Bearing3_1,-1,test
3658,2,RM_002_XJTU,40Hz10kN/Bearing3_1/1312.csv,0,0,0,2,25600,XJTU/40Hz10kN/Bearing3_1,-1,test
3659,2,RM_002_XJTU,40Hz10kN/Bearing3_1/1313.csv,0,0,0,2,25600,XJTU/40Hz10kN/Bearing3_1,-1,test
3660,2,RM_002_XJTU,40Hz10kN/Bearing3_1/1314.csv,0,0,0,2,25600,XJTU/40Hz10kN/Bearing3_1,-1,test
3661,2,RM_002_XJTU,40Hz10kN/Bearing3_1/1315.csv,0,0,0,2,25600,XJTU/40Hz10kN/Bearing3_1,-1,test
3662,2,RM_002_XJTU,40Hz10kN/Bearing3_1/1316.csv,0,0,0,2,25600,XJTU/40Hz10kN/Bearing3_1,-1,test
3663,2,RM_002_XJTU,40Hz10kN/Bearing3_1/1317.csv,0,0,0,2,25600,XJTU/40Hz10kN/Bearing3_1,-1,test
3664,2,RM_002_XJTU,40Hz10kN/Bearing3_1/1318.csv,0,0,0,2,25600,XJTU/40Hz10kN/Bearing3_1,-1,test
3665,2,RM_002_XJTU,40Hz10kN/Bearing3_1/1319.csv,0,0,0,2,25600,XJTU/40Hz10kN/Bearing3_1,-1,test
3666,2,RM_002_XJTU,40Hz10kN/Bearing3_1/1320.csv,0,0,0,2,25600,XJTU/40Hz10kN/Bearing3_1,-1,test
3667,2,RM_002_XJTU,40Hz10kN/Bearing3_1/1321.csv,0,0,0,2,25600,XJTU/40Hz10kN/Bearing3_1,-1,test
3668,2,RM_002_XJTU,40Hz10kN/Bearing3_1/1322.csv,0,0,0,2,25600,XJTU/40Hz10kN/Bearing3_1,-1,test
3669,2,RM_002_XJTU,40Hz10kN/Bearing3_1/1323.csv,0,0,0,2,25600,XJTU/40Hz10kN/Bearing3_1,-1,test
3670,2,RM_002_XJTU,40Hz10kN/Bearing3_1/1324.csv,0,0,0,2,25600,XJTU/40Hz10kN/Bearing3_1,-1,test
3671,2,RM_002_XJTU,40Hz10kN/Bearing3_1/1325.csv,0,0,0,2,25600,XJTU/40Hz10kN/Bearing3_1,-1,test
3672,2,RM_002_XJTU,40Hz10kN/Bearing3_1/1326.csv,0,0,0,2,25600,XJTU/40Hz10kN/Bearing3_1,-1,test
3673,2,RM_002_XJTU,40Hz10kN/Bearing3_1/1327.csv,0,0,0,2,25600,XJTU/40Hz10kN/Bearing3_1,-1,test
3674,2,RM_002_XJTU,40Hz10kN/Bearing3_1/1328.csv,0,0,0,2,25600,XJTU/40Hz10kN/Bearing3_1,-1,test
3675,2,RM_002_XJTU,40Hz10kN/Bearing3_1/1329.csv,0,0,0,2,25600,XJTU/40Hz10kN/Bearing3_1,-1,test
3676,2,RM_002_XJTU,40Hz10kN/Bearing3_1/1330.csv,0,0,0,2,25600,XJTU/40Hz10kN/Bearing3_1,-1,test
3677,2,RM_002_XJTU,40Hz10kN/Bearing3_1/1331.csv,0,0,0,2,25600,XJTU/40Hz10kN/Bearing3_1,-1,test
3678,2,RM_002_XJTU,40Hz10kN/Bearing3_1/1332.csv,0,0,0,2,25600,XJTU/40Hz10kN/Bearing3_1,-1,test
3679,2,RM_002_XJTU,40Hz10kN/Bearing3_1/1333.csv,0,0,0,2,25600,XJTU/40Hz10kN/Bearing3_1,-1,test
3680,2,RM_002_XJTU,40Hz10kN/Bearing3_1/1334.csv,0,0,0,2,25600,XJTU/40Hz10kN/Bearing3_1,-1,test
3681,2,RM_002_XJTU,40Hz10kN/Bearing3_1/1335.csv,0,0,0,2,25600,XJTU/40Hz10kN/Bearing3_1,-1,test
3682,2,RM_002_XJTU,40Hz10kN/Bearing3_1/1336.csv,0,0,0,2,25600,XJTU/40Hz10kN/Bearing3_1,-1,test
3683,2,RM_002_XJTU,40Hz10kN/Bearing3_1/1337.csv,0,0,0,2,25600,XJTU/40Hz10kN/Bearing3_1,-1,test
3684,2,RM_002_XJTU,40Hz10kN/Bearing3_1/1338.csv,0,0,0,2,25600,XJTU/40Hz10kN/Bearing3_1,-1,test
3685,2,RM_002_XJTU,40Hz10kN/Bearing3_1/1339.csv,0,0,0,2,25600,XJTU/40Hz10kN/Bearing3_1,-1,test
3686,2,RM_002_XJTU,40Hz10kN/Bearing3_1/1340.csv,0,0,0,2,25600,XJTU/40Hz10kN/Bearing3_1,-1,test
3687,2,RM_002_XJTU,40Hz10kN/Bearing3_1/1341.csv,0,0,0,2,25600,XJTU/40Hz10kN/Bearing3_1,-1,test
3688,2,RM_002_XJTU,40Hz10kN/Bearing3_1/1342.csv,0,0,0,2,25600,XJTU/40Hz10kN/Bearing3_1,-1,test
3689,2,RM_002_XJTU,40Hz10kN/Bearing3_1/1343.csv,0,0,0,2,25600,XJTU/40Hz10kN/Bearing3_1,-1,test
3690,2,RM_002_XJTU,40Hz10kN/Bearing3_1/1344.csv,0,0,0,2,25600,XJTU/40Hz10kN/Bearing3_1,-1,test
3691,2,RM_002_XJTU,40Hz10kN/Bearing3_1/1345.csv,0,0,0,2,25600,XJTU/40Hz10kN/Bearing3_1,-1,test
3692,2,RM_002_XJTU,40Hz10kN/Bearing3_1/1346.csv,0,0,0,2,25600,XJTU/40Hz10kN/Bearing3_1,-1,test
3693,2,RM_002_XJTU,40Hz10kN/Bearing3_1/1347.csv,0,0,0,2,25600,XJTU/40Hz10kN/Bearing3_1,-1,test
3694,2,RM_002_XJTU,40Hz10kN/Bearing3_1/1348.csv,0,0,0,2,25600,XJTU/40Hz10kN/Bearing3_1,-1,test
3695,2,RM_002_XJTU,40Hz10kN/Bearing3_1/1349.csv,0,0,0,2,25600,XJTU/40Hz10kN/Bearing3_1,-1,test
3696,2,RM_002_XJTU,40Hz10kN/Bearing3_1/1350.csv,0,0,0,2,25600,XJTU/40Hz10kN/Bearing3_1,-1,test
3697,2,RM_002_XJTU,40Hz10kN/Bearing3_1/1351.csv,0,0,0,2,25600,XJTU/40Hz10kN/Bearing3_1,-1,test
3698,2,RM_002_XJTU,40Hz10kN/Bearing3_1/1352.csv,0,0,0,2,25600,XJTU/40Hz10kN/Bearing3_1,-1,test
3699,2,RM_002_XJTU,40Hz10kN/Bearing3_1/1353.csv,0,0,0,2,25600,XJTU/40Hz10kN/Bearing3_1,-1,test
3700,2,RM_002_XJTU,40Hz10kN/Bearing3_1/1354.csv,0,0,0,2,25600,XJTU/40Hz10kN/Bearing3_1,-1,test
3701,2,RM_002_XJTU,40Hz10kN/Bearing3_1/1355.csv,0,0,0,2,25600,XJTU/40Hz10kN/Bearing3_1,-1,test
3702,2,RM_002_XJTU,40Hz10kN/Bearing3_1/1356.csv,0,0,0,2,25600,XJTU/40Hz10kN/Bearing3_1,-1,test
3703,2,RM_002_XJTU,40Hz10kN/Bearing3_1/1357.csv,0,0,0,2,25600,XJTU/40Hz10kN/Bearing3_1,-1,test
3704,2,RM_002_XJTU,40Hz10kN/Bearing3_1/1358.csv,0,0,0,2,25600,XJTU/40Hz10kN/Bearing3_1,-1,test
3705,2,RM_002_XJTU,40Hz10kN/Bearing3_1/1359.csv,0,0,0,2,25600,XJTU/40Hz10kN/Bearing3_1,-1,test
3706,2,RM_002_XJTU,40Hz10kN/Bearing3_1/1360.csv,0,0,0,2,25600,XJTU/40Hz10kN/Bearing3_1,-1,test
3707,2,RM_002_XJTU,40Hz10kN/Bearing3_1/1361.csv,0,0,0,2,25600,XJTU/40Hz10kN/Bearing3_1,-1,test
3708,2,RM_002_XJTU,40Hz10kN/Bearing3_1/1362.csv,0,0,0,2,25600,XJTU/40Hz10kN/Bearing3_1,-1,test
3709,2,RM_002_XJTU,40Hz10kN/Bearing3_1/1363.csv,0,0,0,2,25600,XJTU/40Hz10kN/Bearing3_1,-1,test
3710,2,RM_002_XJTU,40Hz10kN/Bearing3_1/1364.csv,0,0,0,2,25600,XJTU/40Hz10kN/Bearing3_1,-1,test
3711,2,RM_002_XJTU,40Hz10kN/Bearing3_1/1365.csv,0,0,0,2,25600,XJTU/40Hz10kN/Bearing3_1,-1,test
3712,2,RM_002_XJTU,40Hz10kN/Bearing3_1/1366.csv,0,0,0,2,25600,XJTU/40Hz10kN/Bearing3_1,-1,test
3713,2,RM_002_XJTU,40Hz10kN/Bearing3_1/1367.csv,0,0,0,2,25600,XJTU/40Hz10kN/Bearing3_1,-1,test
3714,2,RM_002_XJTU,40Hz10kN/Bearing3_1/1368.csv,0,0,0,2,25600,XJTU/40Hz10kN/Bearing3_1,-1,test
3715,2,RM_002_XJTU,40Hz10kN/Bearing3_1/1369.csv,0,0,0,2,25600,XJTU/40Hz10kN/Bearing3_1,-1,test
3716,2,RM_002_XJTU,40Hz10kN/Bearing3_1/1370.csv,0,0,0,2,25600,XJTU/40Hz10kN/Bearing3_1,-1,test
3717,2,RM_002_XJTU,40Hz10kN/Bearing3_1/1371.csv,0,0,0,2,25600,XJTU/40Hz10kN/Bearing3_1,-1,test
3718,2,RM_002_XJTU,40Hz10kN/Bearing3_1/1372.csv,0,0,0,2,25600,XJTU/40Hz10kN/Bearing3_1,-1,test
3719,2,RM_002_XJTU,40Hz10kN/Bearing3_1/1373.csv,0,0,0,2,25600,XJTU/40Hz10kN/Bearing3_1,-1,test
3720,2,RM_002_XJTU,40Hz10kN/Bearing3_1/1374.csv,0,0,0,2,25600,XJTU/40Hz10kN/Bearing3_1,-1,test
3721,2,RM_002_XJTU,40Hz10kN/Bearing3_1/1375.csv,0,0,0,2,25600,XJTU/40Hz10kN/Bearing3_1,-1,test
3722,2,RM_002_XJTU,40Hz10kN/Bearing3_1/1376.csv,0,0,0,2,25600,XJTU/40Hz10kN/Bearing3_1,-1,test
3723,2,RM_002_XJTU,40Hz10kN/Bearing3_1/1377.csv,0,0,0,2,25600,XJTU/40Hz10kN/Bearing3_1,-1,test
3724,2,RM_002_XJTU,40Hz10kN/Bearing3_1/1378.csv,0,0,0,2,25600,XJTU/40Hz10kN/Bearing3_1,-1,test
3725,2,RM_002_XJTU,40Hz10kN/Bearing3_1/1379.csv,0,0,0,2,25600,XJTU/40Hz10kN/Bearing3_1,-1,test
3726,2,RM_002_XJTU,40Hz10kN/Bearing3_1/1380.csv,0,0,0,2,25600,XJTU/40Hz10kN/Bearing3_1,-1,test
3727,2,RM_002_XJTU,40Hz10kN/Bearing3_1/1381.csv,0,0,0,2,25600,XJTU/40Hz10kN/Bearing3_1,-1,test
3728,2,RM_002_XJTU,40Hz10kN/Bearing3_1/1382.csv,0,0,0,2,25600,XJTU/40Hz10kN/Bearing3_1,-1,test
3729,2,RM_002_XJTU,40Hz10kN/Bearing3_1/1383.csv,0,0,0,2,25600,XJTU/40Hz10kN/Bearing3_1,-1,test
3730,2,RM_002_XJTU,40Hz10kN/Bearing3_1/1384.csv,0,0,0,2,25600,XJTU/40Hz10kN/Bearing3_1,-1,test
3731,2,RM_002_XJTU,40Hz10kN/Bearing3_1/1385.csv,0,0,0,2,25600,XJTU/40Hz10kN/Bearing3_1,-1,test
3732,2,RM_002_XJTU,40Hz10kN/Bearing3_1/1386.csv,0,0,0,2,25600,XJTU/40Hz10kN/Bearing3_1,-1,test
3733,2,RM_002_XJTU,40Hz10kN/Bearing3_1/1387.csv,0,0,0,2,25600,XJTU/40Hz10kN/Bearing3_1,-1,test
3734,2,RM_002_XJTU,40Hz10kN/Bearing3_1/1388.csv,0,0,0,2,25600,XJTU/40Hz10kN/Bearing3_1,-1,test
3735,2,RM_002_XJTU,40Hz10kN/Bearing3_1/1389.csv,0,0,0,2,25600,XJTU/40Hz10kN/Bearing3_1,-1,test
3736,2,RM_002_XJTU,40Hz10kN/Bearing3_1/1390.csv,0,0,0,2,25600,XJTU/40Hz10kN/Bearing3_1,-1,test
3737,2,RM_002_XJTU,40Hz10kN/Bearing3_1/1391.csv,0,0,0,2,25600,XJTU/40Hz10kN/Bearing3_1,-1,test
3738,2,RM_002_XJTU,40Hz10kN/Bearing3_1/1392.csv,0,0,0,2,25600,XJTU/40Hz10kN/Bearing3_1,-1,test
3739,2,RM_002_XJTU,40Hz10kN/Bearing3_1/1393.csv,0,0,0,2,25600,XJTU/40Hz10kN/Bearing3_1,-1,test
3740,2,RM_002_XJTU,40Hz10kN/Bearing3_1/1394.csv,0,0,0,2,25600,XJTU/40Hz10kN/Bearing3_1,-1,test
3741,2,RM_002_XJTU,40Hz10kN/Bearing3_1/1395.csv,0,0,0,2,25600,XJTU/40Hz10kN/Bearing3_1,-1,test
3742,2,RM_002_XJTU,40Hz10kN/Bearing3_1/1396.csv,0,0,0,2,25600,XJTU/40Hz10kN/Bearing3_1,-1,test
3743,2,RM_002_XJTU,40Hz10kN/Bearing3_1/1397.csv,0,0,0,2,25600,XJTU/40Hz10kN/Bearing3_1,-1,test
3744,2,RM_002_XJTU,40Hz10kN/Bearing3_1/1398.csv,0,0,0,2,25600,XJTU/40Hz10kN/Bearing3_1,-1,test
3745,2,RM_002_XJTU,40Hz10kN/Bearing3_1/1399.csv,0,0,0,2,25600,XJTU/40Hz10kN/Bearing3_1,-1,test
3746,2,RM_002_XJTU,40Hz10kN/Bearing3_1/1400.csv,0,0,0,2,25600,XJTU/40Hz10kN/Bearing3_1,-1,test
3747,2,RM_002_XJTU,40Hz10kN/Bearing3_1/1401.csv,0,0,0,2,25600,XJTU/40Hz10kN/Bearing3_1,-1,test
3748,2,RM_002_XJTU,40Hz10kN/Bearing3_1/1402.csv,0,0,0,2,25600,XJTU/40Hz10kN/Bearing3_1,-1,test
3749,2,RM_002_XJTU,40Hz10kN/Bearing3_1/1403.csv,0,0,0,2,25600,XJTU/40Hz10kN/Bearing3_1,-1,test
3750,2,RM_002_XJTU,40Hz10kN/Bearing3_1/1404.csv,0,0,0,2,25600,XJTU/40Hz10kN/Bearing3_1,-1,test
3751,2,RM_002_XJTU,40Hz10kN/Bearing3_1/1405.csv,0,0,0,2,25600,XJTU/40Hz10kN/Bearing3_1,-1,test
3752,2,RM_002_XJTU,40Hz10kN/Bearing3_1/1406.csv,0,0,0,2,25600,XJTU/40Hz10kN/Bearing3_1,-1,test
3753,2,RM_002_XJTU,40Hz10kN/Bearing3_1/1407.csv,0,0,0,2,25600,XJTU/40Hz10kN/Bearing3_1,-1,test
3754,2,RM_002_XJTU,40Hz10kN/Bearing3_1/1408.csv,0,0,0,2,25600,XJTU/40Hz10kN/Bearing3_1,-1,test
3755,2,RM_002_XJTU,40Hz10kN/Bearing3_1/1409.csv,0,0,0,2,25600,XJTU/40Hz10kN/Bearing3_1,-1,test
3756,2,RM_002_XJTU,40Hz10kN/Bearing3_1/1410.csv,0,0,0,2,25600,XJTU/40Hz10kN/Bearing3_1,-1,test
3757,2,RM_002_XJTU,40Hz10kN/Bearing3_1/1411.csv,0,0,0,2,25600,XJTU/40Hz10kN/Bearing3_1,-1,test
3758,2,RM_002_XJTU,40Hz10kN/Bearing3_1/1412.csv,0,0,0,2,25600,XJTU/40Hz10kN/Bearing3_1,-1,test
3759,2,RM_002_XJTU,40Hz10kN/Bearing3_1/1413.csv,0,0,0,2,25600,XJTU/40Hz10kN/Bearing3_1,-1,test
3760,2,RM_002_XJTU,40Hz10kN/Bearing3_1/1414.csv,0,0,0,2,25600,XJTU/40Hz10kN/Bearing3_1,-1,test
3761,2,RM_002_XJTU,40Hz10kN/Bearing3_1/1415.csv,0,0,0,2,25600,XJTU/40Hz10kN/Bearing3_1,-1,test
3762,2,RM_002_XJTU,40Hz10kN/Bearing3_1/1416.csv,0,0,0,2,25600,XJTU/40Hz10kN/Bearing3_1,-1,test
3763,2,RM_002_XJTU,40Hz10kN/Bearing3_1/1417.csv,0,0,0,2,25600,XJTU/40Hz10kN/Bearing3_1,-1,test
3764,2,RM_002_XJTU,40Hz10kN/Bearing3_1/1418.csv,0,0,0,2,25600,XJTU/40Hz10kN/Bearing3_1,-1,test
3765,2,RM_002_XJTU,40Hz10kN/Bearing3_1/1419.csv,0,0,0,2,25600,XJTU/40Hz10kN/Bearing3_1,-1,test
3766,2,RM_002_XJTU,40Hz10kN/Bearing3_1/1420.csv,0,0,0,2,25600,XJTU/40Hz10kN/Bearing3_1,-1,test
3767,2,RM_002_XJTU,40Hz10kN/Bearing3_1/1421.csv,0,0,0,2,25600,XJTU/40Hz10kN/Bearing3_1,-1,test
3768,2,RM_002_XJTU,40Hz10kN/Bearing3_1/1422.csv,0,0,0,2,25600,XJTU/40Hz10kN/Bearing3_1,-1,test
3769,2,RM_002_XJTU,40Hz10kN/Bearing3_1/1423.csv,0,0,0,2,25600,XJTU/40Hz10kN/Bearing3_1,-1,test
3770,2,RM_002_XJTU,40Hz10kN/Bearing3_1/1424.csv,0,0,0,2,25600,XJTU/40Hz10kN/Bearing3_1,-1,test
3771,2,RM_002_XJTU,40Hz10kN/Bearing3_1/1425.csv,0,0,0,2,25600,XJTU/40Hz10kN/Bearing3_1,-1,test
3772,2,RM_002_XJTU,40Hz10kN/Bearing3_1/1426.csv,0,0,0,2,25600,XJTU/40Hz10kN/Bearing3_1,-1,test
3773,2,RM_002_XJTU,40Hz10kN/Bearing3_1/1427.csv,0,0,0,2,25600,XJTU/40Hz10kN/Bearing3_1,-1,test
3774,2,RM_002_XJTU,40Hz10kN/Bearing3_1/1428.csv,0,0,0,2,25600,XJTU/40Hz10kN/Bearing3_1,-1,test
3775,2,RM_002_XJTU,40Hz10kN/Bearing3_1/1429.csv,0,0,0,2,25600,XJTU/40Hz10kN/Bearing3_1,-1,test
3776,2,RM_002_XJTU,40Hz10kN/Bearing3_1/1430.csv,0,0,0,2,25600,XJTU/40Hz10kN/Bearing3_1,-1,test
3777,2,RM_002_XJTU,40Hz10kN/Bearing3_1/1431.csv,0,0,0,2,25600,XJTU/40Hz10kN/Bearing3_1,-1,test
3778,2,RM_002_XJTU,40Hz10kN/Bearing3_1/1432.csv,0,0,0,2,25600,XJTU/40Hz10kN/Bearing3_1,-1,test
3779,2,RM_002_XJTU,40Hz10kN/Bearing3_1/1433.csv,0,0,0,2,25600,XJTU/40Hz10kN/Bearing3_1,-1,test
3780,2,RM_002_XJTU,40Hz10kN/Bearing3_1/1434.csv,0,0,0,2,25600,XJTU/40Hz10kN/Bearing3_1,-1,test
3781,2,RM_002_XJTU,40Hz10kN/Bearing3_1/1435.csv,0,0,0,2,25600,XJTU/40Hz10kN/Bearing3_1,-1,test
3782,2,RM_002_XJTU,40Hz10kN/Bearing3_1/1436.csv,0,0,0,2,25600,XJTU/40Hz10kN/Bearing3_1,-1,test
3783,2,RM_002_XJTU,40Hz10kN/Bearing3_1/1437.csv,0,0,0,2,25600,XJTU/40Hz10kN/Bearing3_1,-1,test
3784,2,RM_002_XJTU,40Hz10kN/Bearing3_1/1438.csv,0,0,0,2,25600,XJTU/40Hz10kN/Bearing3_1,-1,test
3785,2,RM_002_XJTU,40Hz10kN/Bearing3_1/1439.csv,0,0,0,2,25600,XJTU/40Hz10kN/Bearing3_1,-1,test
3786,2,RM_002_XJTU,40Hz10kN/Bearing3_1/1440.csv,0,0,0,2,25600,XJTU/40Hz10kN/Bearing3_1,-1,test
3787,2,RM_002_XJTU,40Hz10kN/Bearing3_1/1441.csv,0,0,0,2,25600,XJTU/40Hz10kN/Bearing3_1,-1,test
3788,2,RM_002_XJTU,40Hz10kN/Bearing3_1/1442.csv,0,0,0,2,25600,XJTU/40Hz10kN/Bearing3_1,-1,test
3789,2,RM_002_XJTU,40Hz10kN/Bearing3_1/1443.csv,0,0,0,2,25600,XJTU/40Hz10kN/Bearing3_1,-1,test
3790,2,RM_002_XJTU,40Hz10kN/Bearing3_1/1444.csv,0,0,0,2,25600,XJTU/40Hz10kN/Bearing3_1,-1,test
3791,2,RM_002_XJTU,40Hz10kN/Bearing3_1/1445.csv,0,0,0,2,25600,XJTU/40Hz10kN/Bearing3_1,-1,test
3792,2,RM_002_XJTU,40Hz10kN/Bearing3_1/1446.csv,0,0,0,2,25600,XJTU/40Hz10kN/Bearing3_1,-1,test
3793,2,RM_002_XJTU,40Hz10kN/Bearing3_1/1447.csv,0,0,0,2,25600,XJTU/40Hz10kN/Bearing3_1,-1,test
3794,2,RM_002_XJTU,40Hz10kN/Bearing3_1/1448.csv,0,0,0,2,25600,XJTU/40Hz10kN/Bearing3_1,-1,test
3795,2,RM_002_XJTU,40Hz10kN/Bearing3_1/1449.csv,0,0,0,2,25600,XJTU/40Hz10kN/Bearing3_1,-1,test
3796,2,RM_002_XJTU,40Hz10kN/Bearing3_1/1450.csv,0,0,0,2,25600,XJTU/40Hz10kN/Bearing3_1,-1,test
3797,2,RM_002_XJTU,40Hz10kN/Bearing3_1/1451.csv,0,0,0,2,25600,XJTU/40Hz10kN/Bearing3_1,-1,test
3798,2,RM_002_XJTU,40Hz10kN/Bearing3_1/1452.csv,0,0,0,2,25600,XJTU/40Hz10kN/Bearing3_1,-1,test
3799,2,RM_002_XJTU,40Hz10kN/Bearing3_1/1453.csv,0,0,0,2,25600,XJTU/40Hz10kN/Bearing3_1,-1,test
3800,2,RM_002_XJTU,40Hz10kN/Bearing3_1/1454.csv,0,0,0,2,25600,XJTU/40Hz10kN/Bearing3_1,-1,test
3801,2,RM_002_XJTU,40Hz10kN/Bearing3_1/1455.csv,0,0,0,2,25600,XJTU/40Hz10kN/Bearing3_1,-1,test
3802,2,RM_002_XJTU,40Hz10kN/Bearing3_1/1456.csv,0,0,0,2,25600,XJTU/40Hz10kN/Bearing3_1,-1,test
3803,2,RM_002_XJTU,40Hz10kN/Bearing3_1/1457.csv,0,0,0,2,25600,XJTU/40Hz10kN/Bearing3_1,-1,test
3804,2,RM_002_XJTU,40Hz10kN/Bearing3_1/1458.csv,0,0,0,2,25600,XJTU/40Hz10kN/Bearing3_1,-1,test
3805,2,RM_002_XJTU,40Hz10kN/Bearing3_1/1459.csv,0,0,0,2,25600,XJTU/40Hz10kN/Bearing3_1,-1,test
3806,2,RM_002_XJTU,40Hz10kN/Bearing3_1/1460.csv,0,0,0,2,25600,XJTU/40Hz10kN/Bearing3_1,-1,test
3807,2,RM_002_XJTU,40Hz10kN/Bearing3_1/1461.csv,0,0,0,2,25600,XJTU/40Hz10kN/Bearing3_1,-1,test
3808,2,RM_002_XJTU,40Hz10kN/Bearing3_1/1462.csv,0,0,0,2,25600,XJTU/40Hz10kN/Bearing3_1,-1,test
3809,2,RM_002_XJTU,40Hz10kN/Bearing3_1/1463.csv,0,0,0,2,25600,XJTU/40Hz10kN/Bearing3_1,-1,test
3810,2,RM_002_XJTU,40Hz10kN/Bearing3_1/1464.csv,0,0,0,2,25600,XJTU/40Hz10kN/Bearing3_1,-1,test
3811,2,RM_002_XJTU,40Hz10kN/Bearing3_1/1465.csv,0,0,0,2,25600,XJTU/40Hz10kN/Bearing3_1,-1,test
3812,2,RM_002_XJTU,40Hz10kN/Bearing3_1/1466.csv,0,0,0,2,25600,XJTU/40Hz10kN/Bearing3_1,-1,test
3813,2,RM_002_XJTU,40Hz10kN/Bearing3_1/1467.csv,0,0,0,2,25600,XJTU/40Hz10kN/Bearing3_1,-1,test
3814,2,RM_002_XJTU,40Hz10kN/Bearing3_1/1468.csv,0,0,0,2,25600,XJTU/40Hz10kN/Bearing3_1,-1,test
3815,2,RM_002_XJTU,40Hz10kN/Bearing3_1/1469.csv,0,0,0,2,25600,XJTU/40Hz10kN/Bearing3_1,-1,test
3816,2,RM_002_XJTU,40Hz10kN/Bearing3_1/1470.csv,0,0,0,2,25600,XJTU/40Hz10kN/Bearing3_1,-1,test
3817,2,RM_002_XJTU,40Hz10kN/Bearing3_1/1471.csv,0,0,0,2,25600,XJTU/40Hz10kN/Bearing3_1,-1,test
3818,2,RM_002_XJTU,40Hz10kN/Bearing3_1/1472.csv,0,0,0,2,25600,XJTU/40Hz10kN/Bearing3_1,-1,test
3819,2,RM_002_XJTU,40Hz10kN/Bearing3_1/1473.csv,0,0,0,2,25600,XJTU/40Hz10kN/Bearing3_1,-1,test
3820,2,RM_002_XJTU,40Hz10kN/Bearing3_1/1474.csv,0,0,0,2,25600,XJTU/40Hz10kN/Bearing3_1,-1,test
3821,2,RM_002_XJTU,40Hz10kN/Bearing3_1/1475.csv,0,0,0,2,25600,XJTU/40Hz10kN/Bearing3_1,-1,test
3822,2,RM_002_XJTU,40Hz10kN/Bearing3_1/1476.csv,0,0,0,2,25600,XJTU/40Hz10kN/Bearing3_1,-1,test
3823,2,RM_002_XJTU,40Hz10kN/Bearing3_1/1477.csv,0,0,0,2,25600,XJTU/40Hz10kN/Bearing3_1,-1,test
3824,2,RM_002_XJTU,40Hz10kN/Bearing3_1/1478.csv,0,0,0,2,25600,XJTU/40Hz10kN/Bearing3_1,-1,test
3825,2,RM_002_XJTU,40Hz10kN/Bearing3_1/1479.csv,0,0,0,2,25600,XJTU/40Hz10kN/Bearing3_1,-1,test
3826,2,RM_002_XJTU,40Hz10kN/Bearing3_1/1480.csv,0,0,0,2,25600,XJTU/40Hz10kN/Bearing3_1,-1,test
3827,2,RM_002_XJTU,40Hz10kN/Bearing3_1/1481.csv,0,0,0,2,25600,XJTU/40Hz10kN/Bearing3_1,-1,test
3828,2,RM_002_XJTU,40Hz10kN/Bearing3_1/1482.csv,0,0,0,2,25600,XJTU/40Hz10kN/Bearing3_1,-1,test
3829,2,RM_002_XJTU,40Hz10kN/Bearing3_1/1483.csv,0,0,0,2,25600,XJTU/40Hz10kN/Bearing3_1,-1,test
3830,2,RM_002_XJTU,40Hz10kN/Bearing3_1/1484.csv,0,0,0,2,25600,XJTU/40Hz10kN/Bearing3_1,-1,test
3831,2,RM_002_XJTU,40Hz10kN/Bearing3_1/1485.csv,0,0,0,2,25600,XJTU/40Hz10kN/Bearing3_1,-1,test
3832,2,RM_002_XJTU,40Hz10kN/Bearing3_1/1486.csv,0,0,0,2,25600,XJTU/40Hz10kN/Bearing3_1,-1,test
3833,2,RM_002_XJTU,40Hz10kN/Bearing3_1/1487.csv,0,0,0,2,25600,XJTU/40Hz10kN/Bearing3_1,-1,test
3834,2,RM_002_XJTU,40Hz10kN/Bearing3_1/1488.csv,0,0,0,2,25600,XJTU/40Hz10kN/Bearing3_1,-1,test
3835,2,RM_002_XJTU,40Hz10kN/Bearing3_1/1489.csv,0,0,0,2,25600,XJTU/40Hz10kN/Bearing3_1,-1,test
3836,2,RM_002_XJTU,40Hz10kN/Bearing3_1/1490.csv,0,0,0,2,25600,XJTU/40Hz10kN/Bearing3_1,-1,test
3837,2,RM_002_XJTU,40Hz10kN/Bearing3_1/1491.csv,0,0,0,2,25600,XJTU/40Hz10kN/Bearing3_1,-1,test
3838,2,RM_002_XJTU,40Hz10kN/Bearing3_1/1492.csv,0,0,0,2,25600,XJTU/40Hz10kN/Bearing3_1,-1,test
3839,2,RM_002_XJTU,40Hz10kN/Bearing3_1/1493.csv,0,0,0,2,25600,XJTU/40Hz10kN/Bearing3_1,-1,test
3840,2,RM_002_XJTU,40Hz10kN/Bearing3_1/1494.csv,0,0,0,2,25600,XJTU/40Hz10kN/Bearing3_1,-1,test
3841,2,RM_002_XJTU,40Hz10kN/Bearing3_1/1495.csv,0,0,0,2,25600,XJTU/40Hz10kN/Bearing3_1,-1,test
3842,2,RM_002_XJTU,40Hz10kN/Bearing3_1/1496.csv,0,0,0,2,25600,XJTU/40Hz10kN/Bearing3_1,-1,test
3843,2,RM_002_XJTU,40Hz10kN/Bearing3_1/1497.csv,0,0,0,2,25600,XJTU/40Hz10kN/Bearing3_1,-1,test
3844,2,RM_002_XJTU,40Hz10kN/Bearing3_1/1498.csv,0,0,0,2,25600,XJTU/40Hz10kN/Bearing3_1,-1,test
3845,2,RM_002_XJTU,40Hz10kN/Bearing3_1/1499.csv,0,0,0,2,25600,XJTU/40Hz10kN/Bearing3_1,-1,test
3846,2,RM_002_XJTU,40Hz10kN/Bearing3_1/1500.csv,0,0,0,2,25600,XJTU/40Hz10kN/Bearing3_1,-1,test
3847,2,RM_002_XJTU,40Hz10kN/Bearing3_1/1501.csv,0,0,0,2,25600,XJTU/40Hz10kN/Bearing3_1,-1,test
3848,2,RM_002_XJTU,40Hz10kN/Bearing3_1/1502.csv,0,0,0,2,25600,XJTU/40Hz10kN/Bearing3_1,-1,test
3849,2,RM_002_XJTU,40Hz10kN/Bearing3_1/1503.csv,0,0,0,2,25600,XJTU/40Hz10kN/Bearing3_1,-1,test
3850,2,RM_002_XJTU,40Hz10kN/Bearing3_1/1504.csv,0,0,0,2,25600,XJTU/40Hz10kN/Bearing3_1,-1,test
3851,2,RM_002_XJTU,40Hz10kN/Bearing3_1/1505.csv,0,0,0,2,25600,XJTU/40Hz10kN/Bearing3_1,-1,test
3852,2,RM_002_XJTU,40Hz10kN/Bearing3_1/1506.csv,0,0,0,2,25600,XJTU/40Hz10kN/Bearing3_1,-1,test
3853,2,RM_002_XJTU,40Hz10kN/Bearing3_1/1507.csv,0,0,0,2,25600,XJTU/40Hz10kN/Bearing3_1,-1,test
3854,2,RM_002_XJTU,40Hz10kN/Bearing3_1/1508.csv,0,0,0,2,25600,XJTU/40Hz10kN/Bearing3_1,-1,test
3855,2,RM_002_XJTU,40Hz10kN/Bearing3_1/1509.csv,0,0,0,2,25600,XJTU/40Hz10kN/Bearing3_1,-1,test
3856,2,RM_002_XJTU,40Hz10kN/Bearing3_1/1510.csv,0,0,0,2,25600,XJTU/40Hz10kN/Bearing3_1,-1,test
3857,2,RM_002_XJTU,40Hz10kN/Bearing3_1/1511.csv,0,0,0,2,25600,XJTU/40Hz10kN/Bearing3_1,-1,test
3858,2,RM_002_XJTU,40Hz10kN/Bearing3_1/1512.csv,0,0,0,2,25600,XJTU/40Hz10kN/Bearing3_1,-1,test
3859,2,RM_002_XJTU,40Hz10kN/Bearing3_1/1513.csv,0,0,0,2,25600,XJTU/40Hz10kN/Bearing3_1,-1,test
3860,2,RM_002_XJTU,40Hz10kN/Bearing3_1/1514.csv,0,0,0,2,25600,XJTU/40Hz10kN/Bearing3_1,-1,test
3861,2,RM_002_XJTU,40Hz10kN/Bearing3_1/1515.csv,0,0,0,2,25600,XJTU/40Hz10kN/Bearing3_1,-1,test
3862,2,RM_002_XJTU,40Hz10kN/Bearing3_1/1516.csv,0,0,0,2,25600,XJTU/40Hz10kN/Bearing3_1,-1,test
3863,2,RM_002_XJTU,40Hz10kN/Bearing3_1/1517.csv,0,0,0,2,25600,XJTU/40Hz10kN/Bearing3_1,-1,test
3864,2,RM_002_XJTU,40Hz10kN/Bearing3_1/1518.csv,0,0,0,2,25600,XJTU/40Hz10kN/Bearing3_1,-1,test
3865,2,RM_002_XJTU,40Hz10kN/Bearing3_1/1519.csv,0,0,0,2,25600,XJTU/40Hz10kN/Bearing3_1,-1,test
3866,2,RM_002_XJTU,40Hz10kN/Bearing3_1/1520.csv,0,0,0,2,25600,XJTU/40Hz10kN/Bearing3_1,-1,test
3867,2,RM_002_XJTU,40Hz10kN/Bearing3_1/1521.csv,0,0,0,2,25600,XJTU/40Hz10kN/Bearing3_1,-1,test
3868,2,RM_002_XJTU,40Hz10kN/Bearing3_1/1522.csv,0,0,0,2,25600,XJTU/40Hz10kN/Bearing3_1,-1,test
3869,2,RM_002_XJTU,40Hz10kN/Bearing3_1/1523.csv,0,0,0,2,25600,XJTU/40Hz10kN/Bearing3_1,-1,test
3870,2,RM_002_XJTU,40Hz10kN/Bearing3_1/1524.csv,0,0,0,2,25600,XJTU/40Hz10kN/Bearing3_1,-1,test
3871,2,RM_002_XJTU,40Hz10kN/Bearing3_1/1525.csv,0,0,0,2,25600,XJTU/40Hz10kN/Bearing3_1,-1,test
3872,2,RM_002_XJTU,40Hz10kN/Bearing3_1/1526.csv,0,0,0,2,25600,XJTU/40Hz10kN/Bearing3_1,-1,test
3873,2,RM_002_XJTU,40Hz10kN/Bearing3_1/1527.csv,0,0,0,2,25600,XJTU/40Hz10kN/Bearing3_1,-1,test
3874,2,RM_002_XJTU,40Hz10kN/Bearing3_1/1528.csv,0,0,0,2,25600,XJTU/40Hz10kN/Bearing3_1,-1,test
3875,2,RM_002_XJTU,40Hz10kN/Bearing3_1/1529.csv,0,0,0,2,25600,XJTU/40Hz10kN/Bearing3_1,-1,test
3876,2,RM_002_XJTU,40Hz10kN/Bearing3_1/1530.csv,0,0,0,2,25600,XJTU/40Hz10kN/Bearing3_1,-1,test
3877,2,RM_002_XJTU,40Hz10kN/Bearing3_1/1531.csv,0,0,0,2,25600,XJTU/40Hz10kN/Bearing3_1,-1,test
3878,2,RM_002_XJTU,40Hz10kN/Bearing3_1/1532.csv,0,0,0,2,25600,XJTU/40Hz10kN/Bearing3_1,-1,test
3879,2,RM_002_XJTU,40Hz10kN/Bearing3_1/1533.csv,0,0,0,2,25600,XJTU/40Hz10kN/Bearing3_1,-1,test
3880,2,RM_002_XJTU,40Hz10kN/Bearing3_1/1534.csv,0,0,0,2,25600,XJTU/40Hz10kN/Bearing3_1,-1,test
3881,2,RM_002_XJTU,40Hz10kN/Bearing3_1/1535.csv,0,0,0,2,25600,XJTU/40Hz10kN/Bearing3_1,-1,test
3882,2,RM_002_XJTU,40Hz10kN/Bearing3_1/1536.csv,0,0,0,2,25600,XJTU/40Hz10kN/Bearing3_1,-1,test
3883,2,RM_002_XJTU,40Hz10kN/Bearing3_1/1537.csv,0,0,0,2,25600,XJTU/40Hz10kN/Bearing3_1,-1,test
3884,2,RM_002_XJTU,40Hz10kN/Bearing3_1/1538.csv,0,0,0,2,25600,XJTU/40Hz10kN/Bearing3_1,-1,test
3885,2,RM_002_XJTU,40Hz10kN/Bearing3_1/1539.csv,0,0,0,2,25600,XJTU/40Hz10kN/Bearing3_1,-1,test
3886,2,RM_002_XJTU,40Hz10kN/Bearing3_1/1540.csv,0,0,0,2,25600,XJTU/40Hz10kN/Bearing3_1,-1,test
3887,2,RM_002_XJTU,40Hz10kN/Bearing3_1/1541.csv,0,0,0,2,25600,XJTU/40Hz10kN/Bearing3_1,-1,test
3888,2,RM_002_XJTU,40Hz10kN/Bearing3_1/1542.csv,0,0,0,2,25600,XJTU/40Hz10kN/Bearing3_1,-1,test
3889,2,RM_002_XJTU,40Hz10kN/Bearing3_1/1543.csv,0,0,0,2,25600,XJTU/40Hz10kN/Bearing3_1,-1,test
3890,2,RM_002_XJTU,40Hz10kN/Bearing3_1/1544.csv,0,0,0,2,25600,XJTU/40Hz10kN/Bearing3_1,-1,test
3891,2,RM_002_XJTU,40Hz10kN/Bearing3_1/1545.csv,0,0,0,2,25600,XJTU/40Hz10kN/Bearing3_1,-1,test
3892,2,RM_002_XJTU,40Hz10kN/Bearing3_1/1546.csv,0,0,0,2,25600,XJTU/40Hz10kN/Bearing3_1,-1,test
3893,2,RM_002_XJTU,40Hz10kN/Bearing3_1/1547.csv,0,0,0,2,25600,XJTU/40Hz10kN/Bearing3_1,-1,test
3894,2,RM_002_XJTU,40Hz10kN/Bearing3_1/1548.csv,0,0,0,2,25600,XJTU/40Hz10kN/Bearing3_1,-1,test
3895,2,RM_002_XJTU,40Hz10kN/Bearing3_1/1549.csv,0,0,0,2,25600,XJTU/40Hz10kN/Bearing3_1,-1,test
3896,2,RM_002_XJTU,40Hz10kN/Bearing3_1/1550.csv,0,0,0,2,25600,XJTU/40Hz10kN/Bearing3_1,-1,test
3897,2,RM_002_XJTU,40Hz10kN/Bearing3_1/1551.csv,0,0,0,2,25600,XJTU/40Hz10kN/Bearing3_1,-1,test
3898,2,RM_002_XJTU,40Hz10kN/Bearing3_1/1552.csv,0,0,0,2,25600,XJTU/40Hz10kN/Bearing3_1,-1,test
3899,2,RM_002_XJTU,40Hz10kN/Bearing3_1/1553.csv,0,0,0,2,25600,XJTU/40Hz10kN/Bearing3_1,-1,test
3900,2,RM_002_XJTU,40Hz10kN/Bearing3_1/1554.csv,0,0,0,2,25600,XJTU/40Hz10kN/Bearing3_1,-1,test
3901,2,RM_002_XJTU,40Hz10kN/Bearing3_1/1555.csv,0,0,0,2,25600,XJTU/40Hz10kN/Bearing3_1,-1,test
3902,2,RM_002_XJTU,40Hz10kN/Bearing3_1/1556.csv,0,0,0,2,25600,XJTU/40Hz10kN/Bearing3_1,-1,test
3903,2,RM_002_XJTU,40Hz10kN/Bearing3_1/1557.csv,0,0,0,2,25600,XJTU/40Hz10kN/Bearing3_1,-1,test
3904,2,RM_002_XJTU,40Hz10kN/Bearing3_1/1558.csv,0,0,0,2,25600,XJTU/40Hz10kN/Bearing3_1,-1,test
3905,2,RM_002_XJTU,40Hz10kN/Bearing3_1/1559.csv,0,0,0,2,25600,XJTU/40Hz10kN/Bearing3_1,-1,test
3906,2,RM_002_XJTU,40Hz10kN/Bearing3_1/1560.csv,0,0,0,2,25600,XJTU/40Hz10kN/Bearing3_1,-1,test
3907,2,RM_002_XJTU,40Hz10kN/Bearing3_1/1561.csv,0,0,0,2,25600,XJTU/40Hz10kN/Bearing3_1,-1,test
3908,2,RM_002_XJTU,40Hz10kN/Bearing3_1/1562.csv,0,0,0,2,25600,XJTU/40Hz10kN/Bearing3_1,-1,test
3909,2,RM_002_XJTU,40Hz10kN/Bearing3_1/1563.csv,0,0,0,2,25600,XJTU/40Hz10kN/Bearing3_1,-1,test
3910,2,RM_002_XJTU,40Hz10kN/Bearing3_1/1564.csv,0,0,0,2,25600,XJTU/40Hz10kN/Bearing3_1,-1,test
3911,2,RM_002_XJTU,40Hz10kN/Bearing3_1/1565.csv,0,0,0,2,25600,XJTU/40Hz10kN/Bearing3_1,-1,test
3912,2,RM_002_XJTU,40Hz10kN/Bearing3_1/1566.csv,0,0,0,2,25600,XJTU/40Hz10kN/Bearing3_1,-1,test
3913,2,RM_002_XJTU,40Hz10kN/Bearing3_1/1567.csv,0,0,0,2,25600,XJTU/40Hz10kN/Bearing3_1,-1,test
3914,2,RM_002_XJTU,40Hz10kN/Bearing3_1/1568.csv,0,0,0,2,25600,XJTU/40Hz10kN/Bearing3_1,-1,test
3915,2,RM_002_XJTU,40Hz10kN/Bearing3_1/1569.csv,0,0,0,2,25600,XJTU/40Hz10kN/Bearing3_1,-1,test
3916,2,RM_002_XJTU,40Hz10kN/Bearing3_1/1570.csv,0,0,0,2,25600,XJTU/40Hz10kN/Bearing3_1,-1,test
3917,2,RM_002_XJTU,40Hz10kN/Bearing3_1/1571.csv,0,0,0,2,25600,XJTU/40Hz10kN/Bearing3_1,-1,test
3918,2,RM_002_XJTU,40Hz10kN/Bearing3_1/1572.csv,0,0,0,2,25600,XJTU/40Hz10kN/Bearing3_1,-1,test
3919,2,RM_002_XJTU,40Hz10kN/Bearing3_1/1573.csv,0,0,0,2,25600,XJTU/40Hz10kN/Bearing3_1,-1,test
3920,2,RM_002_XJTU,40Hz10kN/Bearing3_1/1574.csv,0,0,0,2,25600,XJTU/40Hz10kN/Bearing3_1,-1,test
3921,2,RM_002_XJTU,40Hz10kN/Bearing3_1/1575.csv,0,0,0,2,25600,XJTU/40Hz10kN/Bearing3_1,-1,test
3922,2,RM_002_XJTU,40Hz10kN/Bearing3_1/1576.csv,0,0,0,2,25600,XJTU/40Hz10kN/Bearing3_1,-1,test
3923,2,RM_002_XJTU,40Hz10kN/Bearing3_1/1577.csv,0,0,0,2,25600,XJTU/40Hz10kN/Bearing3_1,-1,test
3924,2,RM_002_XJTU,40Hz10kN/Bearing3_1/1578.csv,0,0,0,2,25600,XJTU/40Hz10kN/Bearing3_1,-1,test
3925,2,RM_002_XJTU,40Hz10kN/Bearing3_1/1579.csv,0,0,0,2,25600,XJTU/40Hz10kN/Bearing3_1,-1,test
3926,2,RM_002_XJTU,40Hz10kN/Bearing3_1/1580.csv,0,0,0,2,25600,XJTU/40Hz10kN/Bearing3_1,-1,test
3927,2,RM_002_XJTU,40Hz10kN/Bearing3_1/1581.csv,0,0,0,2,25600,XJTU/40Hz10kN/Bearing3_1,-1,test
3928,2,RM_002_XJTU,40Hz10kN/Bearing3_1/1582.csv,0,0,0,2,25600,XJTU/40Hz10kN/Bearing3_1,-1,test
3929,2,RM_002_XJTU,40Hz10kN/Bearing3_1/1583.csv,0,0,0,2,25600,XJTU/40Hz10kN/Bearing3_1,-1,test
3930,2,RM_002_XJTU,40Hz10kN/Bearing3_1/1584.csv,0,0,0,2,25600,XJTU/40Hz10kN/Bearing3_1,-1,test
3931,2,RM_002_XJTU,40Hz10kN/Bearing3_1/1585.csv,0,0,0,2,25600,XJTU/40Hz10kN/Bearing3_1,-1,test
3932,2,RM_002_XJTU,40Hz10kN/Bearing3_1/1586.csv,0,0,0,2,25600,XJTU/40Hz10kN/Bearing3_1,-1,test
3933,2,RM_002_XJTU,40Hz10kN/Bearing3_1/1587.csv,0,0,0,2,25600,XJTU/40Hz10kN/Bearing3_1,-1,test
3934,2,RM_002_XJTU,40Hz10kN/Bearing3_1/1588.csv,0,0,0,2,25600,XJTU/40Hz10kN/Bearing3_1,-1,test
3935,2,RM_002_XJTU,40Hz10kN/Bearing3_1/1589.csv,0,0,0,2,25600,XJTU/40Hz10kN/Bearing3_1,-1,test
3936,2,RM_002_XJTU,40Hz10kN/Bearing3_1/1590.csv,0,0,0,2,25600,XJTU/40Hz10kN/Bearing3_1,-1,test
3937,2,RM_002_XJTU,40Hz10kN/Bearing3_1/1591.csv,0,0,0,2,25600,XJTU/40Hz10kN/Bearing3_1,-1,test
3938,2,RM_002_XJTU,40Hz10kN/Bearing3_1/1592.csv,0,0,0,2,25600,XJTU/40Hz10kN/Bearing3_1,-1,test
3939,2,RM_002_XJTU,40Hz10kN/Bearing3_1/1593.csv,0,0,0,2,25600,XJTU/40Hz10kN/Bearing3_1,-1,test
3940,2,RM_002_XJTU,40Hz10kN/Bearing3_1/1594.csv,0,0,0,2,25600,XJTU/40Hz10kN/Bearing3_1,-1,test
3941,2,RM_002_XJTU,40Hz10kN/Bearing3_1/1595.csv,0,0,0,2,25600,XJTU/40Hz10kN/Bearing3_1,-1,test
3942,2,RM_002_XJTU,40Hz10kN/Bearing3_1/1596.csv,0,0,0,2,25600,XJTU/40Hz10kN/Bearing3_1,-1,test
3943,2,RM_002_XJTU,40Hz10kN/Bearing3_1/1597.csv,0,0,0,2,25600,XJTU/40Hz10kN/Bearing3_1,-1,test
3944,2,RM_002_XJTU,40Hz10kN/Bearing3_1/1598.csv,0,0,0,2,25600,XJTU/40Hz10kN/Bearing3_1,-1,test
3945,2,RM_002_XJTU,40Hz10kN/Bearing3_1/1599.csv,0,0,0,2,25600,XJTU/40Hz10kN/Bearing3_1,-1,test
3946,2,RM_002_XJTU,40Hz10kN/Bearing3_1/1600.csv,0,0,0,2,25600,XJTU/40Hz10kN/Bearing3_1,-1,test
3947,2,RM_002_XJTU,40Hz10kN/Bearing3_1/1601.csv,0,0,0,2,25600,XJTU/40Hz10kN/Bearing3_1,-1,test
3948,2,RM_002_XJTU,40Hz10kN/Bearing3_1/1602.csv,0,0,0,2,25600,XJTU/40Hz10kN/Bearing3_1,-1,test
3949,2,RM_002_XJTU,40Hz10kN/Bearing3_1/1603.csv,0,0,0,2,25600,XJTU/40Hz10kN/Bearing3_1,-1,test
3950,2,RM_002_XJTU,40Hz10kN/Bearing3_1/1604.csv,0,0,0,2,25600,XJTU/40Hz10kN/Bearing3_1,-1,test
3951,2,RM_002_XJTU,40Hz10kN/Bearing3_1/1605.csv,0,0,0,2,25600,XJTU/40Hz10kN/Bearing3_1,-1,test
3952,2,RM_002_XJTU,40Hz10kN/Bearing3_1/1606.csv,0,0,0,2,25600,XJTU/40Hz10kN/Bearing3_1,-1,test
3953,2,RM_002_XJTU,40Hz10kN/Bearing3_1/1607.csv,0,0,0,2,25600,XJTU/40Hz10kN/Bearing3_1,-1,test
3954,2,RM_002_XJTU,40Hz10kN/Bearing3_1/1608.csv,0,0,0,2,25600,XJTU/40Hz10kN/Bearing3_1,-1,test
3955,2,RM_002_XJTU,40Hz10kN/Bearing3_1/1609.csv,0,0,0,2,25600,XJTU/40Hz10kN/Bearing3_1,-1,test
3956,2,RM_002_XJTU,40Hz10kN/Bearing3_1/1610.csv,0,0,0,2,25600,XJTU/40Hz10kN/Bearing3_1,-1,test
3957,2,RM_002_XJTU,40Hz10kN/Bearing3_1/1611.csv,0,0,0,2,25600,XJTU/40Hz10kN/Bearing3_1,-1,test
3958,2,RM_002_XJTU,40Hz10kN/Bearing3_1/1612.csv,0,0,0,2,25600,XJTU/40Hz10kN/Bearing3_1,-1,test
3959,2,RM_002_XJTU,40Hz10kN/Bearing3_1/1613.csv,0,0,0,2,25600,XJTU/40Hz10kN/Bearing3_1,-1,test
3960,2,RM_002_XJTU,40Hz10kN/Bearing3_1/1614.csv,0,0,0,2,25600,XJTU/40Hz10kN/Bearing3_1,-1,test
3961,2,RM_002_XJTU,40Hz10kN/Bearing3_1/1615.csv,0,0,0,2,25600,XJTU/40Hz10kN/Bearing3_1,-1,test
3962,2,RM_002_XJTU,40Hz10kN/Bearing3_1/1616.csv,0,0,0,2,25600,XJTU/40Hz10kN/Bearing3_1,-1,test
3963,2,RM_002_XJTU,40Hz10kN/Bearing3_1/1617.csv,0,0,0,2,25600,XJTU/40Hz10kN/Bearing3_1,-1,test
3964,2,RM_002_XJTU,40Hz10kN/Bearing3_1/1618.csv,0,0,0,2,25600,XJTU/40Hz10kN/Bearing3_1,-1,test
3965,2,RM_002_XJTU,40Hz10kN/Bearing3_1/1619.csv,0,0,0,2,25600,XJTU/40Hz10kN/Bearing3_1,-1,test
3966,2,RM_002_XJTU,40Hz10kN/Bearing3_1/1620.csv,0,0,0,2,25600,XJTU/40Hz10kN/Bearing3_1,-1,test
3967,2,RM_002_XJTU,40Hz10kN/Bearing3_1/1621.csv,0,0,0,2,25600,XJTU/40Hz10kN/Bearing3_1,-1,test
3968,2,RM_002_XJTU,40Hz10kN/Bearing3_1/1622.csv,0,0,0,2,25600,XJTU/40Hz10kN/Bearing3_1,-1,test
3969,2,RM_002_XJTU,40Hz10kN/Bearing3_1/1623.csv,0,0,0,2,25600,XJTU/40Hz10kN/Bearing3_1,-1,test
3970,2,RM_002_XJTU,40Hz10kN/Bearing3_1/1624.csv,0,0,0,2,25600,XJTU/40Hz10kN/Bearing3_1,-1,test
3971,2,RM_002_XJTU,40Hz10kN/Bearing3_1/1625.csv,0,0,0,2,25600,XJTU/40Hz10kN/Bearing3_1,-1,test
3972,2,RM_002_XJTU,40Hz10kN/Bearing3_1/1626.csv,0,0,0,2,25600,XJTU/40Hz10kN/Bearing3_1,-1,test
3973,2,RM_002_XJTU,40Hz10kN/Bearing3_1/1627.csv,0,0,0,2,25600,XJTU/40Hz10kN/Bearing3_1,-1,test
3974,2,RM_002_XJTU,40Hz10kN/Bearing3_1/1628.csv,0,0,0,2,25600,XJTU/40Hz10kN/Bearing3_1,-1,test
3975,2,RM_002_XJTU,40Hz10kN/Bearing3_1/1629.csv,0,0,0,2,25600,XJTU/40Hz10kN/Bearing3_1,-1,test
3976,2,RM_002_XJTU,40Hz10kN/Bearing3_1/1630.csv,0,0,0,2,25600,XJTU/40Hz10kN/Bearing3_1,-1,test
3977,2,RM_002_XJTU,40Hz10kN/Bearing3_1/1631.csv,0,0,0,2,25600,XJTU/40Hz10kN/Bearing3_1,-1,test
3978,2,RM_002_XJTU,40Hz10kN/Bearing3_1/1632.csv,0,0,0,2,25600,XJTU/40Hz10kN/Bearing3_1,-1,test
3979,2,RM_002_XJTU,40Hz10kN/Bearing3_1/1633.csv,0,0,0,2,25600,XJTU/40Hz10kN/Bearing3_1,-1,test
3980,2,RM_002_XJTU,40Hz10kN/Bearing3_1/1634.csv,0,0,0,2,25600,XJTU/40Hz10kN/Bearing3_1,-1,test
3981,2,RM_002_XJTU,40Hz10kN/Bearing3_1/1635.csv,0,0,0,2,25600,XJTU/40Hz10kN/Bearing3_1,-1,test
3982,2,RM_002_XJTU,40Hz10kN/Bearing3_1/1636.csv,0,0,0,2,25600,XJTU/40Hz10kN/Bearing3_1,-1,test
3983,2,RM_002_XJTU,40Hz10kN/Bearing3_1/1637.csv,0,0,0,2,25600,XJTU/40Hz10kN/Bearing3_1,-1,test
3984,2,RM_002_XJTU,40Hz10kN/Bearing3_1/1638.csv,0,0,0,2,25600,XJTU/40Hz10kN/Bearing3_1,-1,test
3985,2,RM_002_XJTU,40Hz10kN/Bearing3_1/1639.csv,0,0,0,2,25600,XJTU/40Hz10kN/Bearing3_1,-1,test
3986,2,RM_002_XJTU,40Hz10kN/Bearing3_1/1640.csv,0,0,0,2,25600,XJTU/40Hz10kN/Bearing3_1,-1,test
3987,2,RM_002_XJTU,40Hz10kN/Bearing3_1/1641.csv,0,0,0,2,25600,XJTU/40Hz10kN/Bearing3_1,-1,test
3988,2,RM_002_XJTU,40Hz10kN/Bearing3_1/1642.csv,0,0,0,2,25600,XJTU/40Hz10kN/Bearing3_1,-1,test
3989,2,RM_002_XJTU,40Hz10kN/Bearing3_1/1643.csv,0,0,0,2,25600,XJTU/40Hz10kN/Bearing3_1,-1,test
3990,2,RM_002_XJTU,40Hz10kN/Bearing3_1/1644.csv,0,0,0,2,25600,XJTU/40Hz10kN/Bearing3_1,-1,test
3991,2,RM_002_XJTU,40Hz10kN/Bearing3_1/1645.csv,0,0,0,2,25600,XJTU/40Hz10kN/Bearing3_1,-1,test
3992,2,RM_002_XJTU,40Hz10kN/Bearing3_1/1646.csv,0,0,0,2,25600,XJTU/40Hz10kN/Bearing3_1,-1,test
3993,2,RM_002_XJTU,40Hz10kN/Bearing3_1/1647.csv,0,0,0,2,25600,XJTU/40Hz10kN/Bearing3_1,-1,test
3994,2,RM_002_XJTU,40Hz10kN/Bearing3_1/1648.csv,0,0,0,2,25600,XJTU/40Hz10kN/Bearing3_1,-1,test
3995,2,RM_002_XJTU,40Hz10kN/Bearing3_1/1649.csv,0,0,0,2,25600,XJTU/40Hz10kN/Bearing3_1,-1,test
3996,2,RM_002_XJTU,40Hz10kN/Bearing3_1/1650.csv,0,0,0,2,25600,XJTU/40Hz10kN/Bearing3_1,-1,test
3997,2,RM_002_XJTU,40Hz10kN/Bearing3_1/1651.csv,0,0,0,2,25600,XJTU/40Hz10kN/Bearing3_1,-1,test
3998,2,RM_002_XJTU,40Hz10kN/Bearing3_1/1652.csv,0,0,0,2,25600,XJTU/40Hz10kN/Bearing3_1,-1,test
3999,2,RM_002_XJTU,40Hz10kN/Bearing3_1/1653.csv,0,0,0,2,25600,XJTU/40Hz10kN/Bearing3_1,-1,test
4000,2,RM_002_XJTU,40Hz10kN/Bearing3_1/1654.csv,0,0,0,2,25600,XJTU/40Hz10kN/Bearing3_1,-1,test
4001,2,RM_002_XJTU,40Hz10kN/Bearing3_1/1655.csv,0,0,0,2,25600,XJTU/40Hz10kN/Bearing3_1,-1,test
4002,2,RM_002_XJTU,40Hz10kN/Bearing3_1/1656.csv,0,0,0,2,25600,XJTU/40Hz10kN/Bearing3_1,-1,test
4003,2,RM_002_XJTU,40Hz10kN/Bearing3_1/1657.csv,0,0,0,2,25600,XJTU/40Hz10kN/Bearing3_1,-1,test
4004,2,RM_002_XJTU,40Hz10kN/Bearing3_1/1658.csv,0,0,0,2,25600,XJTU/40Hz10kN/Bearing3_1,-1,test
4005,2,RM_002_XJTU,40Hz10kN/Bearing3_1/1659.csv,0,0,0,2,25600,XJTU/40Hz10kN/Bearing3_1,-1,test
4006,2,RM_002_XJTU,40Hz10kN/Bearing3_1/1660.csv,0,0,0,2,25600,XJTU/40Hz10kN/Bearing3_1,-1,test
4007,2,RM_002_XJTU,40Hz10kN/Bearing3_1/1661.csv,0,0,0,2,25600,XJTU/40Hz10kN/Bearing3_1,-1,test
4008,2,RM_002_XJTU,40Hz10kN/Bearing3_1/1662.csv,0,0,0,2,25600,XJTU/40Hz10kN/Bearing3_1,-1,test
4009,2,RM_002_XJTU,40Hz10kN/Bearing3_1/1663.csv,0,0,0,2,25600,XJTU/40Hz10kN/Bearing3_1,-1,test
4010,2,RM_002_XJTU,40Hz10kN/Bearing3_1/1664.csv,0,0,0,2,25600,XJTU/40Hz10kN/Bearing3_1,-1,test
4011,2,RM_002_XJTU,40Hz10kN/Bearing3_1/1665.csv,0,0,0,2,25600,XJTU/40Hz10kN/Bearing3_1,-1,test
4012,2,RM_002_XJTU,40Hz10kN/Bearing3_1/1666.csv,0,0,0,2,25600,XJTU/40Hz10kN/Bearing3_1,-1,test
4013,2,RM_002_XJTU,40Hz10kN/Bearing3_1/1667.csv,0,0,0,2,25600,XJTU/40Hz10kN/Bearing3_1,-1,test
4014,2,RM_002_XJTU,40Hz10kN/Bearing3_1/1668.csv,0,0,0,2,25600,XJTU/40Hz10kN/Bearing3_1,-1,test
4015,2,RM_002_XJTU,40Hz10kN/Bearing3_1/1669.csv,0,0,0,2,25600,XJTU/40Hz10kN/Bearing3_1,-1,test
4016,2,RM_002_XJTU,40Hz10kN/Bearing3_1/1670.csv,0,0,0,2,25600,XJTU/40Hz10kN/Bearing3_1,-1,test
4017,2,RM_002_XJTU,40Hz10kN/Bearing3_1/1671.csv,0,0,0,2,25600,XJTU/40Hz10kN/Bearing3_1,-1,test
4018,2,RM_002_XJTU,40Hz10kN/Bearing3_1/1672.csv,0,0,0,2,25600,XJTU/40Hz10kN/Bearing3_1,-1,test
4019,2,RM_002_XJTU,40Hz10kN/Bearing3_1/1673.csv,0,0,0,2,25600,XJTU/40Hz10kN/Bearing3_1,-1,test
4020,2,RM_002_XJTU,40Hz10kN/Bearing3_1/1674.csv,0,0,0,2,25600,XJTU/40Hz10kN/Bearing3_1,-1,test
4021,2,RM_002_XJTU,40Hz10kN/Bearing3_1/1675.csv,0,0,0,2,25600,XJTU/40Hz10kN/Bearing3_1,-1,test
4022,2,RM_002_XJTU,40Hz10kN/Bearing3_1/1676.csv,0,0,0,2,25600,XJTU/40Hz10kN/Bearing3_1,-1,test
4023,2,RM_002_XJTU,40Hz10kN/Bearing3_1/1677.csv,0,0,0,2,25600,XJTU/40Hz10kN/Bearing3_1,-1,test
4024,2,RM_002_XJTU,40Hz10kN/Bearing3_1/1678.csv,0,0,0,2,25600,XJTU/40Hz10kN/Bearing3_1,-1,test
4025,2,RM_002_XJTU,40Hz10kN/Bearing3_1/1679.csv,0,0,0,2,25600,XJTU/40Hz10kN/Bearing3_1,-1,test
4026,2,RM_002_XJTU,40Hz10kN/Bearing3_1/1680.csv,0,0,0,2,25600,XJTU/40Hz10kN/Bearing3_1,-1,test
4027,2,RM_002_XJTU,40Hz10kN/Bearing3_1/1681.csv,0,0,0,2,25600,XJTU/40Hz10kN/Bearing3_1,-1,test
4028,2,RM_002_XJTU,40Hz10kN/Bearing3_1/1682.csv,0,0,0,2,25600,XJTU/40Hz10kN/Bearing3_1,-1,test
4029,2,RM_002_XJTU,40Hz10kN/Bearing3_1/1683.csv,0,0,0,2,25600,XJTU/40Hz10kN/Bearing3_1,-1,test
4030,2,RM_002_XJTU,40Hz10kN/Bearing3_1/1684.csv,0,0,0,2,25600,XJTU/40Hz10kN/Bearing3_1,-1,test
4031,2,RM_002_XJTU,40Hz10kN/Bearing3_1/1685.csv,0,0,0,2,25600,XJTU/40Hz10kN/Bearing3_1,-1,test
4032,2,RM_002_XJTU,40Hz10kN/Bearing3_1/1686.csv,0,0,0,2,25600,XJTU/40Hz10kN/Bearing3_1,-1,test
4033,2,RM_002_XJTU,40Hz10kN/Bearing3_1/1687.csv,0,0,0,2,25600,XJTU/40Hz10kN/Bearing3_1,-1,test
4034,2,RM_002_XJTU,40Hz10kN/Bearing3_1/1688.csv,0,0,0,2,25600,XJTU/40Hz10kN/Bearing3_1,-1,test
4035,2,RM_002_XJTU,40Hz10kN/Bearing3_1/1689.csv,0,0,0,2,25600,XJTU/40Hz10kN/Bearing3_1,-1,test
4036,2,RM_002_XJTU,40Hz10kN/Bearing3_1/1690.csv,0,0,0,2,25600,XJTU/40Hz10kN/Bearing3_1,-1,test
4037,2,RM_002_XJTU,40Hz10kN/Bearing3_1/1691.csv,0,0,0,2,25600,XJTU/40Hz10kN/Bearing3_1,-1,test
4038,2,RM_002_XJTU,40Hz10kN/Bearing3_1/1692.csv,0,0,0,2,25600,XJTU/40Hz10kN/Bearing3_1,-1,test
4039,2,RM_002_XJTU,40Hz10kN/Bearing3_1/1693.csv,0,0,0,2,25600,XJTU/40Hz10kN/Bearing3_1,-1,test
4040,2,RM_002_XJTU,40Hz10kN/Bearing3_1/1694.csv,0,0,0,2,25600,XJTU/40Hz10kN/Bearing3_1,-1,test
4041,2,RM_002_XJTU,40Hz10kN/Bearing3_1/1695.csv,0,0,0,2,25600,XJTU/40Hz10kN/Bearing3_1,-1,test
4042,2,RM_002_XJTU,40Hz10kN/Bearing3_1/1696.csv,0,0,0,2,25600,XJTU/40Hz10kN/Bearing3_1,-1,test
4043,2,RM_002_XJTU,40Hz10kN/Bearing3_1/1697.csv,0,0,0,2,25600,XJTU/40Hz10kN/Bearing3_1,-1,test
4044,2,RM_002_XJTU,40Hz10kN/Bearing3_1/1698.csv,0,0,0,2,25600,XJTU/40Hz10kN/Bearing3_1,-1,test
4045,2,RM_002_XJTU,40Hz10kN/Bearing3_1/1699.csv,0,0,0,2,25600,XJTU/40Hz10kN/Bearing3_1,-1,test
4046,2,RM_002_XJTU,40Hz10kN/Bearing3_1/1700.csv,0,0,0,2,25600,XJTU/40Hz10kN/Bearing3_1,-1,test
4047,2,RM_002_XJTU,40Hz10kN/Bearing3_1/1701.csv,0,0,0,2,25600,XJTU/40Hz10kN/Bearing3_1,-1,test
4048,2,RM_002_XJTU,40Hz10kN/Bearing3_1/1702.csv,0,0,0,2,25600,XJTU/40Hz10kN/Bearing3_1,-1,test
4049,2,RM_002_XJTU,40Hz10kN/Bearing3_1/1703.csv,0,0,0,2,25600,XJTU/40Hz10kN/Bearing3_1,-1,test
4050,2,RM_002_XJTU,40Hz10kN/Bearing3_1/1704.csv,0,0,0,2,25600,XJTU/40Hz10kN/Bearing3_1,-1,test
4051,2,RM_002_XJTU,40Hz10kN/Bearing3_1/1705.csv,0,0,0,2,25600,XJTU/40Hz10kN/Bearing3_1,-1,test
4052,2,RM_002_XJTU,40Hz10kN/Bearing3_1/1706.csv,0,0,0,2,25600,XJTU/40Hz10kN/Bearing3_1,-1,test
4053,2,RM_002_XJTU,40Hz10kN/Bearing3_1/1707.csv,0,0,0,2,25600,XJTU/40Hz10kN/Bearing3_1,-1,test
4054,2,RM_002_XJTU,40Hz10kN/Bearing3_1/1708.csv,0,0,0,2,25600,XJTU/40Hz10kN/Bearing3_1,-1,test
4055,2,RM_002_XJTU,40Hz10kN/Bearing3_1/1709.csv,0,0,0,2,25600,XJTU/40Hz10kN/Bearing3_1,-1,test
4056,2,RM_002_XJTU,40Hz10kN/Bearing3_1/1710.csv,0,0,0,2,25600,XJTU/40Hz10kN/Bearing3_1,-1,test
4057,2,RM_002_XJTU,40Hz10kN/Bearing3_1/1711.csv,0,0,0,2,25600,XJTU/40Hz10kN/Bearing3_1,-1,test
4058,2,RM_002_XJTU,40Hz10kN/Bearing3_1/1712.csv,0,0,0,2,25600,XJTU/40Hz10kN/Bearing3_1,-1,test
4059,2,RM_002_XJTU,40Hz10kN/Bearing3_1/1713.csv,0,0,0,2,25600,XJTU/40Hz10kN/Bearing3_1,-1,test
4060,2,RM_002_XJTU,40Hz10kN/Bearing3_1/1714.csv,0,0,0,2,25600,XJTU/40Hz10kN/Bearing3_1,-1,test
4061,2,RM_002_XJTU,40Hz10kN/Bearing3_1/1715.csv,0,0,0,2,25600,XJTU/40Hz10kN/Bearing3_1,-1,test
4062,2,RM_002_XJTU,40Hz10kN/Bearing3_1/1716.csv,0,0,0,2,25600,XJTU/40Hz10kN/Bearing3_1,-1,test
4063,2,RM_002_XJTU,40Hz10kN/Bearing3_1/1717.csv,0,0,0,2,25600,XJTU/40Hz10kN/Bearing3_1,-1,test
4064,2,RM_002_XJTU,40Hz10kN/Bearing3_1/1718.csv,0,0,0,2,25600,XJTU/40Hz10kN/Bearing3_1,-1,test
4065,2,RM_002_XJTU,40Hz10kN/Bearing3_1/1719.csv,0,0,0,2,25600,XJTU/40Hz10kN/Bearing3_1,-1,test
4066,2,RM_002_XJTU,40Hz10kN/Bearing3_1/1720.csv,0,0,0,2,25600,XJTU/40Hz10kN/Bearing3_1,-1,test
4067,2,RM_002_XJTU,40Hz10kN/Bearing3_1/1721.csv,0,0,0,2,25600,XJTU/40Hz10kN/Bearing3_1,-1,test
4068,2,RM_002_XJTU,40Hz10kN/Bearing3_1/1722.csv,0,0,0,2,25600,XJTU/40Hz10kN/Bearing3_1,-1,test
4069,2,RM_002_XJTU,40Hz10kN/Bearing3_1/1723.csv,0,0,0,2,25600,XJTU/40Hz10kN/Bearing3_1,-1,test
4070,2,RM_002_XJTU,40Hz10kN/Bearing3_1/1724.csv,0,0,0,2,25600,XJTU/40Hz10kN/Bearing3_1,-1,test
4071,2,RM_002_XJTU,40Hz10kN/Bearing3_1/1725.csv,0,0,0,2,25600,XJTU/40Hz10kN/Bearing3_1,-1,test
4072,2,RM_002_XJTU,40Hz10kN/Bearing3_1/1726.csv,0,0,0,2,25600,XJTU/40Hz10kN/Bearing3_1,-1,test
4073,2,RM_002_XJTU,40Hz10kN/Bearing3_1/1727.csv,0,0,0,2,25600,XJTU/40Hz10kN/Bearing3_1,-1,test
4074,2,RM_002_XJTU,40Hz10kN/Bearing3_1/1728.csv,0,0,0,2,25600,XJTU/40Hz10kN/Bearing3_1,-1,test
4075,2,RM_002_XJTU,40Hz10kN/Bearing3_1/1729.csv,0,0,0,2,25600,XJTU/40Hz10kN/Bearing3_1,-1,test
4076,2,RM_002_XJTU,40Hz10kN/Bearing3_1/1730.csv,0,0,0,2,25600,XJTU/40Hz10kN/Bearing3_1,-1,test
4077,2,RM_002_XJTU,40Hz10kN/Bearing3_1/1731.csv,0,0,0,2,25600,XJTU/40Hz10kN/Bearing3_1,-1,test
4078,2,RM_002_XJTU,40Hz10kN/Bearing3_1/1732.csv,0,0,0,2,25600,XJTU/40Hz10kN/Bearing3_1,-1,test
4079,2,RM_002_XJTU,40Hz10kN/Bearing3_1/1733.csv,0,0,0,2,25600,XJTU/40Hz10kN/Bearing3_1,-1,test
4080,2,RM_002_XJTU,40Hz10kN/Bearing3_1/1734.csv,0,0,0,2,25600,XJTU/40Hz10kN/Bearing3_1,-1,test
4081,2,RM_002_XJTU,40Hz10kN/Bearing3_1/1735.csv,0,0,0,2,25600,XJTU/40Hz10kN/Bearing3_1,-1,test
4082,2,RM_002_XJTU,40Hz10kN/Bearing3_1/1736.csv,0,0,0,2,25600,XJTU/40Hz10kN/Bearing3_1,-1,test
4083,2,RM_002_XJTU,40Hz10kN/Bearing3_1/1737.csv,0,0,0,2,25600,XJTU/40Hz10kN/Bearing3_1,-1,test
4084,2,RM_002_XJTU,40Hz10kN/Bearing3_1/1738.csv,0,0,0,2,25600,XJTU/40Hz10kN/Bearing3_1,-1,test
4085,2,RM_002_XJTU,40Hz10kN/Bearing3_1/1739.csv,0,0,0,2,25600,XJTU/40Hz10kN/Bearing3_1,-1,test
4086,2,RM_002_XJTU,40Hz10kN/Bearing3_1/1740.csv,0,0,0,2,25600,XJTU/40Hz10kN/Bearing3_1,-1,test
4087,2,RM_002_XJTU,40Hz10kN/Bearing3_1/1741.csv,0,0,0,2,25600,XJTU/40Hz10kN/Bearing3_1,-1,test
4088,2,RM_002_XJTU,40Hz10kN/Bearing3_1/1742.csv,0,0,0,2,25600,XJTU/40Hz10kN/Bearing3_1,-1,test
4089,2,RM_002_XJTU,40Hz10kN/Bearing3_1/1743.csv,0,0,0,2,25600,XJTU/40Hz10kN/Bearing3_1,-1,test
4090,2,RM_002_XJTU,40Hz10kN/Bearing3_1/1744.csv,0,0,0,2,25600,XJTU/40Hz10kN/Bearing3_1,-1,test
4091,2,RM_002_XJTU,40Hz10kN/Bearing3_1/1745.csv,0,0,0,2,25600,XJTU/40Hz10kN/Bearing3_1,-1,test
4092,2,RM_002_XJTU,40Hz10kN/Bearing3_1/1746.csv,0,0,0,2,25600,XJTU/40Hz10kN/Bearing3_1,-1,test
4093,2,RM_002_XJTU,40Hz10kN/Bearing3_1/1747.csv,0,0,0,2,25600,XJTU/40Hz10kN/Bearing3_1,-1,test
4094,2,RM_002_XJTU,40Hz10kN/Bearing3_1/1748.csv,0,0,0,2,25600,XJTU/40Hz10kN/Bearing3_1,-1,test
4095,2,RM_002_XJTU,40Hz10kN/Bearing3_1/1749.csv,0,0,0,2,25600,XJTU/40Hz10kN/Bearing3_1,-1,test
4096,2,RM_002_XJTU,40Hz10kN/Bearing3_1/1750.csv,0,0,0,2,25600,XJTU/40Hz10kN/Bearing3_1,-1,test
4097,2,RM_002_XJTU,40Hz10kN/Bearing3_1/1751.csv,0,0,0,2,25600,XJTU/40Hz10kN/Bearing3_1,-1,test
4098,2,RM_002_XJTU,40Hz10kN/Bearing3_1/1752.csv,0,0,0,2,25600,XJTU/40Hz10kN/Bearing3_1,-1,test
4099,2,RM_002_XJTU,40Hz10kN/Bearing3_1/1753.csv,0,0,0,2,25600,XJTU/40Hz10kN/Bearing3_1,-1,test
4100,2,RM_002_XJTU,40Hz10kN/Bearing3_1/1754.csv,0,0,0,2,25600,XJTU/40Hz10kN/Bearing3_1,-1,test
4101,2,RM_002_XJTU,40Hz10kN/Bearing3_1/1755.csv,0,0,0,2,25600,XJTU/40Hz10kN/Bearing3_1,-1,test
4102,2,RM_002_XJTU,40Hz10kN/Bearing3_1/1756.csv,0,0,0,2,25600,XJTU/40Hz10kN/Bearing3_1,-1,test
4103,2,RM_002_XJTU,40Hz10kN/Bearing3_1/1757.csv,0,0,0,2,25600,XJTU/40Hz10kN/Bearing3_1,-1,test
4104,2,RM_002_XJTU,40Hz10kN/Bearing3_1/1758.csv,0,0,0,2,25600,XJTU/40Hz10kN/Bearing3_1,-1,test
4105,2,RM_002_XJTU,40Hz10kN/Bearing3_1/1759.csv,0,0,0,2,25600,XJTU/40Hz10kN/Bearing3_1,-1,test
4106,2,RM_002_XJTU,40Hz10kN/Bearing3_1/1760.csv,0,0,0,2,25600,XJTU/40Hz10kN/Bearing3_1,-1,test
4107,2,RM_002_XJTU,40Hz10kN/Bearing3_1/1761.csv,0,0,0,2,25600,XJTU/40Hz10kN/Bearing3_1,-1,test
4108,2,RM_002_XJTU,40Hz10kN/Bearing3_1/1762.csv,0,0,0,2,25600,XJTU/40Hz10kN/Bearing3_1,-1,test
4109,2,RM_002_XJTU,40Hz10kN/Bearing3_1/1763.csv,0,0,0,2,25600,XJTU/40Hz10kN/Bearing3_1,-1,test
4110,2,RM_002_XJTU,40Hz10kN/Bearing3_1/1764.csv,0,0,0,2,25600,XJTU/40Hz10kN/Bearing3_1,-1,test
4111,2,RM_002_XJTU,40Hz10kN/Bearing3_1/1765.csv,0,0,0,2,25600,XJTU/40Hz10kN/Bearing3_1,-1,test
4112,2,RM_002_XJTU,40Hz10kN/Bearing3_1/1766.csv,0,0,0,2,25600,XJTU/40Hz10kN/Bearing3_1,-1,test
4113,2,RM_002_XJTU,40Hz10kN/Bearing3_1/1767.csv,0,0,0,2,25600,XJTU/40Hz10kN/Bearing3_1,-1,test
4114,2,RM_002_XJTU,40Hz10kN/Bearing3_1/1768.csv,0,0,0,2,25600,XJTU/40Hz10kN/Bearing3_1,-1,test
4115,2,RM_002_XJTU,40Hz10kN/Bearing3_1/1769.csv,0,0,0,2,25600,XJTU/40Hz10kN/Bearing3_1,-1,test
4116,2,RM_002_XJTU,40Hz10kN/Bearing3_1/1770.csv,0,0,0,2,25600,XJTU/40Hz10kN/Bearing3_1,-1,test
4117,2,RM_002_XJTU,40Hz10kN/Bearing3_1/1771.csv,0,0,0,2,25600,XJTU/40Hz10kN/Bearing3_1,-1,test
4118,2,RM_002_XJTU,40Hz10kN/Bearing3_1/1772.csv,0,0,0,2,25600,XJTU/40Hz10kN/Bearing3_1,-1,test
4119,2,RM_002_XJTU,40Hz10kN/Bearing3_1/1773.csv,0,0,0,2,25600,XJTU/40Hz10kN/Bearing3_1,-1,test
4120,2,RM_002_XJTU,40Hz10kN/Bearing3_1/1774.csv,0,0,0,2,25600,XJTU/40Hz10kN/Bearing3_1,-1,test
4121,2,RM_002_XJTU,40Hz10kN/Bearing3_1/1775.csv,0,0,0,2,25600,XJTU/40Hz10kN/Bearing3_1,-1,test
4122,2,RM_002_XJTU,40Hz10kN/Bearing3_1/1776.csv,0,0,0,2,25600,XJTU/40Hz10kN/Bearing3_1,-1,test
4123,2,RM_002_XJTU,40Hz10kN/Bearing3_1/1777.csv,0,0,0,2,25600,XJTU/40Hz10kN/Bearing3_1,-1,test
4124,2,RM_002_XJTU,40Hz10kN/Bearing3_1/1778.csv,0,0,0,2,25600,XJTU/40Hz10kN/Bearing3_1,-1,test
4125,2,RM_002_XJTU,40Hz10kN/Bearing3_1/1779.csv,0,0,0,2,25600,XJTU/40Hz10kN/Bearing3_1,-1,test
4126,2,RM_002_XJTU,40Hz10kN/Bearing3_1/1780.csv,0,0,0,2,25600,XJTU/40Hz10kN/Bearing3_1,-1,test
4127,2,RM_002_XJTU,40Hz10kN/Bearing3_1/1781.csv,0,0,0,2,25600,XJTU/40Hz10kN/Bearing3_1,-1,test
4128,2,RM_002_XJTU,40Hz10kN/Bearing3_1/1782.csv,0,0,0,2,25600,XJTU/40Hz10kN/Bearing3_1,-1,test
4129,2,RM_002_XJTU,40Hz10kN/Bearing3_1/1783.csv,0,0,0,2,25600,XJTU/40Hz10kN/Bearing3_1,-1,test
4130,2,RM_002_XJTU,40Hz10kN/Bearing3_1/1784.csv,0,0,0,2,25600,XJTU/40Hz10kN/Bearing3_1,-1,test
4131,2,RM_002_XJTU,40Hz10kN/Bearing3_1/1785.csv,0,0,0,2,25600,XJTU/40Hz10kN/Bearing3_1,-1,test
4132,2,RM_002_XJTU,40Hz10kN/Bearing3_1/1786.csv,0,0,0,2,25600,XJTU/40Hz10kN/Bearing3_1,-1,test
4133,2,RM_002_XJTU,40Hz10kN/Bearing3_1/1787.csv,0,0,0,2,25600,XJTU/40Hz10kN/Bearing3_1,-1,test
4134,2,RM_002_XJTU,40Hz10kN/Bearing3_1/1788.csv,0,0,0,2,25600,XJTU/40Hz10kN/Bearing3_1,-1,test
4135,2,RM_002_XJTU,40Hz10kN/Bearing3_1/1789.csv,0,0,0,2,25600,XJTU/40Hz10kN/Bearing3_1,-1,test
4136,2,RM_002_XJTU,40Hz10kN/Bearing3_1/1790.csv,0,0,0,2,25600,XJTU/40Hz10kN/Bearing3_1,-1,test
4137,2,RM_002_XJTU,40Hz10kN/Bearing3_1/1791.csv,0,0,0,2,25600,XJTU/40Hz10kN/Bearing3_1,-1,test
4138,2,RM_002_XJTU,40Hz10kN/Bearing3_1/1792.csv,0,0,0,2,25600,XJTU/40Hz10kN/Bearing3_1,-1,test
4139,2,RM_002_XJTU,40Hz10kN/Bearing3_1/1793.csv,0,0,0,2,25600,XJTU/40Hz10kN/Bearing3_1,-1,test
4140,2,RM_002_XJTU,40Hz10kN/Bearing3_1/1794.csv,0,0,0,2,25600,XJTU/40Hz10kN/Bearing3_1,-1,test
4141,2,RM_002_XJTU,40Hz10kN/Bearing3_1/1795.csv,0,0,0,2,25600,XJTU/40Hz10kN/Bearing3_1,-1,test
4142,2,RM_002_XJTU,40Hz10kN/Bearing3_1/1796.csv,0,0,0,2,25600,XJTU/40Hz10kN/Bearing3_1,-1,test
4143,2,RM_002_XJTU,40Hz10kN/Bearing3_1/1797.csv,0,0,0,2,25600,XJTU/40Hz10kN/Bearing3_1,-1,test
4144,2,RM_002_XJTU,40Hz10kN/Bearing3_1/1798.csv,0,0,0,2,25600,XJTU/40Hz10kN/Bearing3_1,-1,test
4145,2,RM_002_XJTU,40Hz10kN/Bearing3_1/1799.csv,0,0,0,2,25600,XJTU/40Hz10kN/Bearing3_1,-1,test
4146,2,RM_002_XJTU,40Hz10kN/Bearing3_1/1800.csv,0,0,0,2,25600,XJTU/40Hz10kN/Bearing3_1,-1,test
4147,2,RM_002_XJTU,40Hz10kN/Bearing3_1/1801.csv,0,0,0,2,25600,XJTU/40Hz10kN/Bearing3_1,-1,test
4148,2,RM_002_XJTU,40Hz10kN/Bearing3_1/1802.csv,0,0,0,2,25600,XJTU/40Hz10kN/Bearing3_1,-1,test
4149,2,RM_002_XJTU,40Hz10kN/Bearing3_1/1803.csv,0,0,0,2,25600,XJTU/40Hz10kN/Bearing3_1,-1,test
4150,2,RM_002_XJTU,40Hz10kN/Bearing3_1/1804.csv,0,0,0,2,25600,XJTU/40Hz10kN/Bearing3_1,-1,test
4151,2,RM_002_XJTU,40Hz10kN/Bearing3_1/1805.csv,0,0,0,2,25600,XJTU/40Hz10kN/Bearing3_1,-1,test
4152,2,RM_002_XJTU,40Hz10kN/Bearing3_1/1806.csv,0,0,0,2,25600,XJTU/40Hz10kN/Bearing3_1,-1,test
4153,2,RM_002_XJTU,40Hz10kN/Bearing3_1/1807.csv,0,0,0,2,25600,XJTU/40Hz10kN/Bearing3_1,-1,test
4154,2,RM_002_XJTU,40Hz10kN/Bearing3_1/1808.csv,0,0,0,2,25600,XJTU/40Hz10kN/Bearing3_1,-1,test
4155,2,RM_002_XJTU,40Hz10kN/Bearing3_1/1809.csv,0,0,0,2,25600,XJTU/40Hz10kN/Bearing3_1,-1,test
4156,2,RM_002_XJTU,40Hz10kN/Bearing3_1/1810.csv,0,0,0,2,25600,XJTU/40Hz10kN/Bearing3_1,-1,test
4157,2,RM_002_XJTU,40Hz10kN/Bearing3_1/1811.csv,0,0,0,2,25600,XJTU/40Hz10kN/Bearing3_1,-1,test
4158,2,RM_002_XJTU,40Hz10kN/Bearing3_1/1812.csv,0,0,0,2,25600,XJTU/40Hz10kN/Bearing3_1,-1,test
4159,2,RM_002_XJTU,40Hz10kN/Bearing3_1/1813.csv,0,0,0,2,25600,XJTU/40Hz10kN/Bearing3_1,-1,test
4160,2,RM_002_XJTU,40Hz10kN/Bearing3_1/1814.csv,0,0,0,2,25600,XJTU/40Hz10kN/Bearing3_1,-1,test
4161,2,RM_002_XJTU,40Hz10kN/Bearing3_1/1815.csv,0,0,0,2,25600,XJTU/40Hz10kN/Bearing3_1,-1,test
4162,2,RM_002_XJTU,40Hz10kN/Bearing3_1/1816.csv,0,0,0,2,25600,XJTU/40Hz10kN/Bearing3_1,-1,test
4163,2,RM_002_XJTU,40Hz10kN/Bearing3_1/1817.csv,0,0,0,2,25600,XJTU/40Hz10kN/Bearing3_1,-1,test
4164,2,RM_002_XJTU,40Hz10kN/Bearing3_1/1818.csv,0,0,0,2,25600,XJTU/40Hz10kN/Bearing3_1,-1,test
4165,2,RM_002_XJTU,40Hz10kN/Bearing3_1/1819.csv,0,0,0,2,25600,XJTU/40Hz10kN/Bearing3_1,-1,test
4166,2,RM_002_XJTU,40Hz10kN/Bearing3_1/1820.csv,0,0,0,2,25600,XJTU/40Hz10kN/Bearing3_1,-1,test
4167,2,RM_002_XJTU,40Hz10kN/Bearing3_1/1821.csv,0,0,0,2,25600,XJTU/40Hz10kN/Bearing3_1,-1,test
4168,2,RM_002_XJTU,40Hz10kN/Bearing3_1/1822.csv,0,0,0,2,25600,XJTU/40Hz10kN/Bearing3_1,-1,test
4169,2,RM_002_XJTU,40Hz10kN/Bearing3_1/1823.csv,0,0,0,2,25600,XJTU/40Hz10kN/Bearing3_1,-1,test
4170,2,RM_002_XJTU,40Hz10kN/Bearing3_1/1824.csv,0,0,0,2,25600,XJTU/40Hz10kN/Bearing3_1,-1,test
4171,2,RM_002_XJTU,40Hz10kN/Bearing3_1/1825.csv,0,0,0,2,25600,XJTU/40Hz10kN/Bearing3_1,-1,test
4172,2,RM_002_XJTU,40Hz10kN/Bearing3_1/1826.csv,0,0,0,2,25600,XJTU/40Hz10kN/Bearing3_1,-1,test
4173,2,RM_002_XJTU,40Hz10kN/Bearing3_1/1827.csv,0,0,0,2,25600,XJTU/40Hz10kN/Bearing3_1,-1,test
4174,2,RM_002_XJTU,40Hz10kN/Bearing3_1/1828.csv,0,0,0,2,25600,XJTU/40Hz10kN/Bearing3_1,-1,test
4175,2,RM_002_XJTU,40Hz10kN/Bearing3_1/1829.csv,0,0,0,2,25600,XJTU/40Hz10kN/Bearing3_1,-1,test
4176,2,RM_002_XJTU,40Hz10kN/Bearing3_1/1830.csv,0,0,0,2,25600,XJTU/40Hz10kN/Bearing3_1,-1,test
4177,2,RM_002_XJTU,40Hz10kN/Bearing3_1/1831.csv,0,0,0,2,25600,XJTU/40Hz10kN/Bearing3_1,-1,test
4178,2,RM_002_XJTU,40Hz10kN/Bearing3_1/1832.csv,0,0,0,2,25600,XJTU/40Hz10kN/Bearing3_1,-1,test
4179,2,RM_002_XJTU,40Hz10kN/Bearing3_1/1833.csv,0,0,0,2,25600,XJTU/40Hz10kN/Bearing3_1,-1,test
4180,2,RM_002_XJTU,40Hz10kN/Bearing3_1/1834.csv,0,0,0,2,25600,XJTU/40Hz10kN/Bearing3_1,-1,test
4181,2,RM_002_XJTU,40Hz10kN/Bearing3_1/1835.csv,0,0,0,2,25600,XJTU/40Hz10kN/Bearing3_1,-1,test
4182,2,RM_002_XJTU,40Hz10kN/Bearing3_1/1836.csv,0,0,0,2,25600,XJTU/40Hz10kN/Bearing3_1,-1,test
4183,2,RM_002_XJTU,40Hz10kN/Bearing3_1/1837.csv,0,0,0,2,25600,XJTU/40Hz10kN/Bearing3_1,-1,test
4184,2,RM_002_XJTU,40Hz10kN/Bearing3_1/1838.csv,0,0,0,2,25600,XJTU/40Hz10kN/Bearing3_1,-1,test
4185,2,RM_002_XJTU,40Hz10kN/Bearing3_1/1839.csv,0,0,0,2,25600,XJTU/40Hz10kN/Bearing3_1,-1,test
4186,2,RM_002_XJTU,40Hz10kN/Bearing3_1/1840.csv,0,0,0,2,25600,XJTU/40Hz10kN/Bearing3_1,-1,test
4187,2,RM_002_XJTU,40Hz10kN/Bearing3_1/1841.csv,0,0,0,2,25600,XJTU/40Hz10kN/Bearing3_1,-1,test
4188,2,RM_002_XJTU,40Hz10kN/Bearing3_1/1842.csv,0,0,0,2,25600,XJTU/40Hz10kN/Bearing3_1,-1,test
4189,2,RM_002_XJTU,40Hz10kN/Bearing3_1/1843.csv,0,0,0,2,25600,XJTU/40Hz10kN/Bearing3_1,-1,test
4190,2,RM_002_XJTU,40Hz10kN/Bearing3_1/1844.csv,0,0,0,2,25600,XJTU/40Hz10kN/Bearing3_1,-1,test
4191,2,RM_002_XJTU,40Hz10kN/Bearing3_1/1845.csv,0,0,0,2,25600,XJTU/40Hz10kN/Bearing3_1,-1,test
4192,2,RM_002_XJTU,40Hz10kN/Bearing3_1/1846.csv,0,0,0,2,25600,XJTU/40Hz10kN/Bearing3_1,-1,test
4193,2,RM_002_XJTU,40Hz10kN/Bearing3_1/1847.csv,0,0,0,2,25600,XJTU/40Hz10kN/Bearing3_1,-1,test
4194,2,RM_002_XJTU,40Hz10kN/Bearing3_1/1848.csv,0,0,0,2,25600,XJTU/40Hz10kN/Bearing3_1,-1,test
4195,2,RM_002_XJTU,40Hz10kN/Bearing3_1/1849.csv,0,0,0,2,25600,XJTU/40Hz10kN/Bearing3_1,-1,test
4196,2,RM_002_XJTU,40Hz10kN/Bearing3_1/1850.csv,0,0,0,2,25600,XJTU/40Hz10kN/Bearing3_1,-1,test
4197,2,RM_002_XJTU,40Hz10kN/Bearing3_1/1851.csv,0,0,0,2,25600,XJTU/40Hz10kN/Bearing3_1,-1,test
4198,2,RM_002_XJTU,40Hz10kN/Bearing3_1/1852.csv,0,0,0,2,25600,XJTU/40Hz10kN/Bearing3_1,-1,test
4199,2,RM_002_XJTU,40Hz10kN/Bearing3_1/1853.csv,0,0,0,2,25600,XJTU/40Hz10kN/Bearing3_1,-1,test
4200,2,RM_002_XJTU,40Hz10kN/Bearing3_1/1854.csv,0,0,0,2,25600,XJTU/40Hz10kN/Bearing3_1,-1,test
4201,2,RM_002_XJTU,40Hz10kN/Bearing3_1/1855.csv,0,0,0,2,25600,XJTU/40Hz10kN/Bearing3_1,-1,test
4202,2,RM_002_XJTU,40Hz10kN/Bearing3_1/1856.csv,0,0,0,2,25600,XJTU/40Hz10kN/Bearing3_1,-1,test
4203,2,RM_002_XJTU,40Hz10kN/Bearing3_1/1857.csv,0,0,0,2,25600,XJTU/40Hz10kN/Bearing3_1,-1,test
4204,2,RM_002_XJTU,40Hz10kN/Bearing3_1/1858.csv,0,0,0,2,25600,XJTU/40Hz10kN/Bearing3_1,-1,test
4205,2,RM_002_XJTU,40Hz10kN/Bearing3_1/1859.csv,0,0,0,2,25600,XJTU/40Hz10kN/Bearing3_1,-1,test
4206,2,RM_002_XJTU,40Hz10kN/Bearing3_1/1860.csv,0,0,0,2,25600,XJTU/40Hz10kN/Bearing3_1,-1,test
4207,2,RM_002_XJTU,40Hz10kN/Bearing3_1/1861.csv,0,0,0,2,25600,XJTU/40Hz10kN/Bearing3_1,-1,test
4208,2,RM_002_XJTU,40Hz10kN/Bearing3_1/1862.csv,0,0,0,2,25600,XJTU/40Hz10kN/Bearing3_1,-1,test
4209,2,RM_002_XJTU,40Hz10kN/Bearing3_1/1863.csv,0,0,0,2,25600,XJTU/40Hz10kN/Bearing3_1,-1,test
4210,2,RM_002_XJTU,40Hz10kN/Bearing3_1/1864.csv,0,0,0,2,25600,XJTU/40Hz10kN/Bearing3_1,-1,test
4211,2,RM_002_XJTU,40Hz10kN/Bearing3_1/1865.csv,0,0,0,2,25600,XJTU/40Hz10kN/Bearing3_1,-1,test
4212,2,RM_002_XJTU,40Hz10kN/Bearing3_1/1866.csv,0,0,0,2,25600,XJTU/40Hz10kN/Bearing3_1,-1,test
4213,2,RM_002_XJTU,40Hz10kN/Bearing3_1/1867.csv,0,0,0,2,25600,XJTU/40Hz10kN/Bearing3_1,-1,test
4214,2,RM_002_XJTU,40Hz10kN/Bearing3_1/1868.csv,0,0,0,2,25600,XJTU/40Hz10kN/Bearing3_1,-1,test
4215,2,RM_002_XJTU,40Hz10kN/Bearing3_1/1869.csv,0,0,0,2,25600,XJTU/40Hz10kN/Bearing3_1,-1,test
4216,2,RM_002_XJTU,40Hz10kN/Bearing3_1/1870.csv,0,0,0,2,25600,XJTU/40Hz10kN/Bearing3_1,-1,test
4217,2,RM_002_XJTU,40Hz10kN/Bearing3_1/1871.csv,0,0,0,2,25600,XJTU/40Hz10kN/Bearing3_1,-1,test
4218,2,RM_002_XJTU,40Hz10kN/Bearing3_1/1872.csv,0,0,0,2,25600,XJTU/40Hz10kN/Bearing3_1,-1,test
4219,2,RM_002_XJTU,40Hz10kN/Bearing3_1/1873.csv,0,0,0,2,25600,XJTU/40Hz10kN/Bearing3_1,-1,test
4220,2,RM_002_XJTU,40Hz10kN/Bearing3_1/1874.csv,0,0,0,2,25600,XJTU/40Hz10kN/Bearing3_1,-1,test
4221,2,RM_002_XJTU,40Hz10kN/Bearing3_1/1875.csv,0,0,0,2,25600,XJTU/40Hz10kN/Bearing3_1,-1,test
4222,2,RM_002_XJTU,40Hz10kN/Bearing3_1/1876.csv,0,0,0,2,25600,XJTU/40Hz10kN/Bearing3_1,-1,test
4223,2,RM_002_XJTU,40Hz10kN/Bearing3_1/1877.csv,0,0,0,2,25600,XJTU/40Hz10kN/Bearing3_1,-1,test
4224,2,RM_002_XJTU,40Hz10kN/Bearing3_1/1878.csv,0,0,0,2,25600,XJTU/40Hz10kN/Bearing3_1,-1,test
4225,2,RM_002_XJTU,40Hz10kN/Bearing3_1/1879.csv,0,0,0,2,25600,XJTU/40Hz10kN/Bearing3_1,-1,test
4226,2,RM_002_XJTU,40Hz10kN/Bearing3_1/1880.csv,0,0,0,2,25600,XJTU/40Hz10kN/Bearing3_1,-1,test
4227,2,RM_002_XJTU,40Hz10kN/Bearing3_1/1881.csv,0,0,0,2,25600,XJTU/40Hz10kN/Bearing3_1,-1,test
4228,2,RM_002_XJTU,40Hz10kN/Bearing3_1/1882.csv,0,0,0,2,25600,XJTU/40Hz10kN/Bearing3_1,-1,test
4229,2,RM_002_XJTU,40Hz10kN/Bearing3_1/1883.csv,0,0,0,2,25600,XJTU/40Hz10kN/Bearing3_1,-1,test
4230,2,RM_002_XJTU,40Hz10kN/Bearing3_1/1884.csv,0,0,0,2,25600,XJTU/40Hz10kN/Bearing3_1,-1,test
4231,2,RM_002_XJTU,40Hz10kN/Bearing3_1/1885.csv,0,0,0,2,25600,XJTU/40Hz10kN/Bearing3_1,-1,test
4232,2,RM_002_XJTU,40Hz10kN/Bearing3_1/1886.csv,0,0,0,2,25600,XJTU/40Hz10kN/Bearing3_1,-1,test
4233,2,RM_002_XJTU,40Hz10kN/Bearing3_1/1887.csv,0,0,0,2,25600,XJTU/40Hz10kN/Bearing3_1,-1,test
4234,2,RM_002_XJTU,40Hz10kN/Bearing3_1/1888.csv,0,0,0,2,25600,XJTU/40Hz10kN/Bearing3_1,-1,test
4235,2,RM_002_XJTU,40Hz10kN/Bearing3_1/1889.csv,0,0,0,2,25600,XJTU/40Hz10kN/Bearing3_1,-1,test
4236,2,RM_002_XJTU,40Hz10kN/Bearing3_1/1890.csv,0,0,0,2,25600,XJTU/40Hz10kN/Bearing3_1,-1,test
4237,2,RM_002_XJTU,40Hz10kN/Bearing3_1/1891.csv,0,0,0,2,25600,XJTU/40Hz10kN/Bearing3_1,-1,test
4238,2,RM_002_XJTU,40Hz10kN/Bearing3_1/1892.csv,0,0,0,2,25600,XJTU/40Hz10kN/Bearing3_1,-1,test
4239,2,RM_002_XJTU,40Hz10kN/Bearing3_1/1893.csv,0,0,0,2,25600,XJTU/40Hz10kN/Bearing3_1,-1,test
4240,2,RM_002_XJTU,40Hz10kN/Bearing3_1/1894.csv,0,0,0,2,25600,XJTU/40Hz10kN/Bearing3_1,-1,test
4241,2,RM_002_XJTU,40Hz10kN/Bearing3_1/1895.csv,0,0,0,2,25600,XJTU/40Hz10kN/Bearing3_1,-1,test
4242,2,RM_002_XJTU,40Hz10kN/Bearing3_1/1896.csv,0,0,0,2,25600,XJTU/40Hz10kN/Bearing3_1,-1,test
4243,2,RM_002_XJTU,40Hz10kN/Bearing3_1/1897.csv,0,0,0,2,25600,XJTU/40Hz10kN/Bearing3_1,-1,test
4244,2,RM_002_XJTU,40Hz10kN/Bearing3_1/1898.csv,0,0,0,2,25600,XJTU/40Hz10kN/Bearing3_1,-1,test
4245,2,RM_002_XJTU,40Hz10kN/Bearing3_1/1899.csv,0,0,0,2,25600,XJTU/40Hz10kN/Bearing3_1,-1,test
4246,2,RM_002_XJTU,40Hz10kN/Bearing3_1/1900.csv,0,0,0,2,25600,XJTU/40Hz10kN/Bearing3_1,-1,test
4247,2,RM_002_XJTU,40Hz10kN/Bearing3_1/1901.csv,0,0,0,2,25600,XJTU/40Hz10kN/Bearing3_1,-1,test
4248,2,RM_002_XJTU,40Hz10kN/Bearing3_1/1902.csv,0,0,0,2,25600,XJTU/40Hz10kN/Bearing3_1,-1,test
4249,2,RM_002_XJTU,40Hz10kN/Bearing3_1/1903.csv,0,0,0,2,25600,XJTU/40Hz10kN/Bearing3_1,-1,test
4250,2,RM_002_XJTU,40Hz10kN/Bearing3_1/1904.csv,0,0,0,2,25600,XJTU/40Hz10kN/Bearing3_1,-1,test
4251,2,RM_002_XJTU,40Hz10kN/Bearing3_1/1905.csv,0,0,0,2,25600,XJTU/40Hz10kN/Bearing3_1,-1,test
4252,2,RM_002_XJTU,40Hz10kN/Bearing3_1/1906.csv,0,0,0,2,25600,XJTU/40Hz10kN/Bearing3_1,-1,test
4253,2,RM_002_XJTU,40Hz10kN/Bearing3_1/1907.csv,0,0,0,2,25600,XJTU/40Hz10kN/Bearing3_1,-1,test
4254,2,RM_002_XJTU,40Hz10kN/Bearing3_1/1908.csv,0,0,0,2,25600,XJTU/40Hz10kN/Bearing3_1,-1,test
4255,2,RM_002_XJTU,40Hz10kN/Bearing3_1/1909.csv,0,0,0,2,25600,XJTU/40Hz10kN/Bearing3_1,-1,test
4256,2,RM_002_XJTU,40Hz10kN/Bearing3_1/1910.csv,0,0,0,2,25600,XJTU/40Hz10kN/Bearing3_1,-1,test
4257,2,RM_002_XJTU,40Hz10kN/Bearing3_1/1911.csv,0,0,0,2,25600,XJTU/40Hz10kN/Bearing3_1,-1,test
4258,2,RM_002_XJTU,40Hz10kN/Bearing3_1/1912.csv,0,0,0,2,25600,XJTU/40Hz10kN/Bearing3_1,-1,test
4259,2,RM_002_XJTU,40Hz10kN/Bearing3_1/1913.csv,0,0,0,2,25600,XJTU/40Hz10kN/Bearing3_1,-1,test
4260,2,RM_002_XJTU,40Hz10kN/Bearing3_1/1914.csv,0,0,0,2,25600,XJTU/40Hz10kN/Bearing3_1,-1,test
4261,2,RM_002_XJTU,40Hz10kN/Bearing3_1/1915.csv,0,0,0,2,25600,XJTU/40Hz10kN/Bearing3_1,-1,test
4262,2,RM_002_XJTU,40Hz10kN/Bearing3_1/1916.csv,0,0,0,2,25600,XJTU/40Hz10kN/Bearing3_1,-1,test
4263,2,RM_002_XJTU,40Hz10kN/Bearing3_1/1917.csv,0,0,0,2,25600,XJTU/40Hz10kN/Bearing3_1,-1,test
4264,2,RM_002_XJTU,40Hz10kN/Bearing3_1/1918.csv,0,0,0,2,25600,XJTU/40Hz10kN/Bearing3_1,-1,test
4265,2,RM_002_XJTU,40Hz10kN/Bearing3_1/1919.csv,0,0,0,2,25600,XJTU/40Hz10kN/Bearing3_1,-1,test
4266,2,RM_002_XJTU,40Hz10kN/Bearing3_1/1920.csv,0,0,0,2,25600,XJTU/40Hz10kN/Bearing3_1,-1,test
4267,2,RM_002_XJTU,40Hz10kN/Bearing3_1/1921.csv,0,0,0,2,25600,XJTU/40Hz10kN/Bearing3_1,-1,test
4268,2,RM_002_XJTU,40Hz10kN/Bearing3_1/1922.csv,0,0,0,2,25600,XJTU/40Hz10kN/Bearing3_1,-1,test
4269,2,RM_002_XJTU,40Hz10kN/Bearing3_1/1923.csv,0,0,0,2,25600,XJTU/40Hz10kN/Bearing3_1,-1,test
4270,2,RM_002_XJTU,40Hz10kN/Bearing3_1/1924.csv,0,0,0,2,25600,XJTU/40Hz10kN/Bearing3_1,-1,test
4271,2,RM_002_XJTU,40Hz10kN/Bearing3_1/1925.csv,0,0,0,2,25600,XJTU/40Hz10kN/Bearing3_1,-1,test
4272,2,RM_002_XJTU,40Hz10kN/Bearing3_1/1926.csv,0,0,0,2,25600,XJTU/40Hz10kN/Bearing3_1,-1,test
4273,2,RM_002_XJTU,40Hz10kN/Bearing3_1/1927.csv,0,0,0,2,25600,XJTU/40Hz10kN/Bearing3_1,-1,test
4274,2,RM_002_XJTU,40Hz10kN/Bearing3_1/1928.csv,0,0,0,2,25600,XJTU/40Hz10kN/Bearing3_1,-1,test
4275,2,RM_002_XJTU,40Hz10kN/Bearing3_1/1929.csv,0,0,0,2,25600,XJTU/40Hz10kN/Bearing3_1,-1,test
4276,2,RM_002_XJTU,40Hz10kN/Bearing3_1/1930.csv,0,0,0,2,25600,XJTU/40Hz10kN/Bearing3_1,-1,test
4277,2,RM_002_XJTU,40Hz10kN/Bearing3_1/1931.csv,0,0,0,2,25600,XJTU/40Hz10kN/Bearing3_1,-1,test
4278,2,RM_002_XJTU,40Hz10kN/Bearing3_1/1932.csv,0,0,0,2,25600,XJTU/40Hz10kN/Bearing3_1,-1,test
4279,2,RM_002_XJTU,40Hz10kN/Bearing3_1/1933.csv,0,0,0,2,25600,XJTU/40Hz10kN/Bearing3_1,-1,test
4280,2,RM_002_XJTU,40Hz10kN/Bearing3_1/1934.csv,0,0,0,2,25600,XJTU/40Hz10kN/Bearing3_1,-1,test
4281,2,RM_002_XJTU,40Hz10kN/Bearing3_1/1935.csv,0,0,0,2,25600,XJTU/40Hz10kN/Bearing3_1,-1,test
4282,2,RM_002_XJTU,40Hz10kN/Bearing3_1/1936.csv,0,0,0,2,25600,XJTU/40Hz10kN/Bearing3_1,-1,test
4283,2,RM_002_XJTU,40Hz10kN/Bearing3_1/1937.csv,0,0,0,2,25600,XJTU/40Hz10kN/Bearing3_1,-1,test
4284,2,RM_002_XJTU,40Hz10kN/Bearing3_1/1938.csv,0,0,0,2,25600,XJTU/40Hz10kN/Bearing3_1,-1,test
4285,2,RM_002_XJTU,40Hz10kN/Bearing3_1/1939.csv,0,0,0,2,25600,XJTU/40Hz10kN/Bearing3_1,-1,test
4286,2,RM_002_XJTU,40Hz10kN/Bearing3_1/1940.csv,0,0,0,2,25600,XJTU/40Hz10kN/Bearing3_1,-1,test
4287,2,RM_002_XJTU,40Hz10kN/Bearing3_1/1941.csv,0,0,0,2,25600,XJTU/40Hz10kN/Bearing3_1,-1,test
4288,2,RM_002_XJTU,40Hz10kN/Bearing3_1/1942.csv,0,0,0,2,25600,XJTU/40Hz10kN/Bearing3_1,-1,test
4289,2,RM_002_XJTU,40Hz10kN/Bearing3_1/1943.csv,0,0,0,2,25600,XJTU/40Hz10kN/Bearing3_1,-1,test
4290,2,RM_002_XJTU,40Hz10kN/Bearing3_1/1944.csv,0,0,0,2,25600,XJTU/40Hz10kN/Bearing3_1,-1,test
4291,2,RM_002_XJTU,40Hz10kN/Bearing3_1/1945.csv,0,0,0,2,25600,XJTU/40Hz10kN/Bearing3_1,-1,test
4292,2,RM_002_XJTU,40Hz10kN/Bearing3_1/1946.csv,0,0,0,2,25600,XJTU/40Hz10kN/Bearing3_1,-1,test
4293,2,RM_002_XJTU,40Hz10kN/Bearing3_1/1947.csv,0,0,0,2,25600,XJTU/40Hz10kN/Bearing3_1,-1,test
4294,2,RM_002_XJTU,40Hz10kN/Bearing3_1/1948.csv,0,0,0,2,25600,XJTU/40Hz10kN/Bearing3_1,-1,test
4295,2,RM_002_XJTU,40Hz10kN/Bearing3_1/1949.csv,0,0,0,2,25600,XJTU/40Hz10kN/Bearing3_1,-1,test
4296,2,RM_002_XJTU,40Hz10kN/Bearing3_1/1950.csv,0,0,0,2,25600,XJTU/40Hz10kN/Bearing3_1,-1,test
4297,2,RM_002_XJTU,40Hz10kN/Bearing3_1/1951.csv,0,0,0,2,25600,XJTU/40Hz10kN/Bearing3_1,-1,test
4298,2,RM_002_XJTU,40Hz10kN/Bearing3_1/1952.csv,0,0,0,2,25600,XJTU/40Hz10kN/Bearing3_1,-1,test
4299,2,RM_002_XJTU,40Hz10kN/Bearing3_1/1953.csv,0,0,0,2,25600,XJTU/40Hz10kN/Bearing3_1,-1,test
4300,2,RM_002_XJTU,40Hz10kN/Bearing3_1/1954.csv,0,0,0,2,25600,XJTU/40Hz10kN/Bearing3_1,-1,test
4301,2,RM_002_XJTU,40Hz10kN/Bearing3_1/1955.csv,0,0,0,2,25600,XJTU/40Hz10kN/Bearing3_1,-1,test
4302,2,RM_002_XJTU,40Hz10kN/Bearing3_1/1956.csv,0,0,0,2,25600,XJTU/40Hz10kN/Bearing3_1,-1,test
4303,2,RM_002_XJTU,40Hz10kN/Bearing3_1/1957.csv,0,0,0,2,25600,XJTU/40Hz10kN/Bearing3_1,-1,test
4304,2,RM_002_XJTU,40Hz10kN/Bearing3_1/1958.csv,0,0,0,2,25600,XJTU/40Hz10kN/Bearing3_1,-1,test
4305,2,RM_002_XJTU,40Hz10kN/Bearing3_1/1959.csv,0,0,0,2,25600,XJTU/40Hz10kN/Bearing3_1,-1,test
4306,2,RM_002_XJTU,40Hz10kN/Bearing3_1/1960.csv,0,0,0,2,25600,XJTU/40Hz10kN/Bearing3_1,-1,test
4307,2,RM_002_XJTU,40Hz10kN/Bearing3_1/1961.csv,0,0,0,2,25600,XJTU/40Hz10kN/Bearing3_1,-1,test
4308,2,RM_002_XJTU,40Hz10kN/Bearing3_1/1962.csv,0,0,0,2,25600,XJTU/40Hz10kN/Bearing3_1,-1,test
4309,2,RM_002_XJTU,40Hz10kN/Bearing3_1/1963.csv,0,0,0,2,25600,XJTU/40Hz10kN/Bearing3_1,-1,test
4310,2,RM_002_XJTU,40Hz10kN/Bearing3_1/1964.csv,0,0,0,2,25600,XJTU/40Hz10kN/Bearing3_1,-1,test
4311,2,RM_002_XJTU,40Hz10kN/Bearing3_1/1965.csv,0,0,0,2,25600,XJTU/40Hz10kN/Bearing3_1,-1,test
4312,2,RM_002_XJTU,40Hz10kN/Bearing3_1/1966.csv,0,0,0,2,25600,XJTU/40Hz10kN/Bearing3_1,-1,test
4313,2,RM_002_XJTU,40Hz10kN/Bearing3_1/1967.csv,0,0,0,2,25600,XJTU/40Hz10kN/Bearing3_1,-1,test
4314,2,RM_002_XJTU,40Hz10kN/Bearing3_1/1968.csv,0,0,0,2,25600,XJTU/40Hz10kN/Bearing3_1,-1,test
4315,2,RM_002_XJTU,40Hz10kN/Bearing3_1/1969.csv,0,0,0,2,25600,XJTU/40Hz10kN/Bearing3_1,-1,test
4316,2,RM_002_XJTU,40Hz10kN/Bearing3_1/1970.csv,0,0,0,2,25600,XJTU/40Hz10kN/Bearing3_1,-1,test
4317,2,RM_002_XJTU,40Hz10kN/Bearing3_1/1971.csv,0,0,0,2,25600,XJTU/40Hz10kN/Bearing3_1,-1,test
4318,2,RM_002_XJTU,40Hz10kN/Bearing3_1/1972.csv,0,0,0,2,25600,XJTU/40Hz10kN/Bearing3_1,-1,test
4319,2,RM_002_XJTU,40Hz10kN/Bearing3_1/1973.csv,0,0,0,2,25600,XJTU/40Hz10kN/Bearing3_1,-1,test
4320,2,RM_002_XJTU,40Hz10kN/Bearing3_1/1974.csv,0,0,0,2,25600,XJTU/40Hz10kN/Bearing3_1,-1,test
4321,2,RM_002_XJTU,40Hz10kN/Bearing3_1/1975.csv,0,0,0,2,25600,XJTU/40Hz10kN/Bearing3_1,-1,test
4322,2,RM_002_XJTU,40Hz10kN/Bearing3_1/1976.csv,0,0,0,2,25600,XJTU/40Hz10kN/Bearing3_1,-1,test
4323,2,RM_002_XJTU,40Hz10kN/Bearing3_1/1977.csv,0,0,0,2,25600,XJTU/40Hz10kN/Bearing3_1,-1,test
4324,2,RM_002_XJTU,40Hz10kN/Bearing3_1/1978.csv,0,0,0,2,25600,XJTU/40Hz10kN/Bearing3_1,-1,test
4325,2,RM_002_XJTU,40Hz10kN/Bearing3_1/1979.csv,0,0,0,2,25600,XJTU/40Hz10kN/Bearing3_1,-1,test
4326,2,RM_002_XJTU,40Hz10kN/Bearing3_1/1980.csv,0,0,0,2,25600,XJTU/40Hz10kN/Bearing3_1,-1,test
4327,2,RM_002_XJTU,40Hz10kN/Bearing3_1/1981.csv,0,0,0,2,25600,XJTU/40Hz10kN/Bearing3_1,-1,test
4328,2,RM_002_XJTU,40Hz10kN/Bearing3_1/1982.csv,0,0,0,2,25600,XJTU/40Hz10kN/Bearing3_1,-1,test
4329,2,RM_002_XJTU,40Hz10kN/Bearing3_1/1983.csv,0,0,0,2,25600,XJTU/40Hz10kN/Bearing3_1,-1,test
4330,2,RM_002_XJTU,40Hz10kN/Bearing3_1/1984.csv,0,0,0,2,25600,XJTU/40Hz10kN/Bearing3_1,-1,test
4331,2,RM_002_XJTU,40Hz10kN/Bearing3_1/1985.csv,0,0,0,2,25600,XJTU/40Hz10kN/Bearing3_1,-1,test
4332,2,RM_002_XJTU,40Hz10kN/Bearing3_1/1986.csv,0,0,0,2,25600,XJTU/40Hz10kN/Bearing3_1,-1,test
4333,2,RM_002_XJTU,40Hz10kN/Bearing3_1/1987.csv,0,0,0,2,25600,XJTU/40Hz10kN/Bearing3_1,-1,test
4334,2,RM_002_XJTU,40Hz10kN/Bearing3_1/1988.csv,0,0,0,2,25600,XJTU/40Hz10kN/Bearing3_1,-1,test
4335,2,RM_002_XJTU,40Hz10kN/Bearing3_1/1989.csv,0,0,0,2,25600,XJTU/40Hz10kN/Bearing3_1,-1,test
4336,2,RM_002_XJTU,40Hz10kN/Bearing3_1/1990.csv,0,0,0,2,25600,XJTU/40Hz10kN/Bearing3_1,-1,test
4337,2,RM_002_XJTU,40Hz10kN/Bearing3_1/1991.csv,0,0,0,2,25600,XJTU/40Hz10kN/Bearing3_1,-1,test
4338,2,RM_002_XJTU,40Hz10kN/Bearing3_1/1992.csv,0,0,0,2,25600,XJTU/40Hz10kN/Bearing3_1,-1,test
4339,2,RM_002_XJTU,40Hz10kN/Bearing3_1/1993.csv,0,0,0,2,25600,XJTU/40Hz10kN/Bearing3_1,-1,test
4340,2,RM_002_XJTU,40Hz10kN/Bearing3_1/1994.csv,0,0,0,2,25600,XJTU/40Hz10kN/Bearing3_1,-1,test
4341,2,RM_002_XJTU,40Hz10kN/Bearing3_1/1995.csv,0,0,0,2,25600,XJTU/40Hz10kN/Bearing3_1,-1,test
4342,2,RM_002_XJTU,40Hz10kN/Bearing3_1/1996.csv,0,0,0,2,25600,XJTU/40Hz10kN/Bearing3_1,-1,test
4343,2,RM_002_XJTU,40Hz10kN/Bearing3_1/1997.csv,0,0,0,2,25600,XJTU/40Hz10kN/Bearing3_1,-1,test
4344,2,RM_002_XJTU,40Hz10kN/Bearing3_1/1998.csv,0,0,0,2,25600,XJTU/40Hz10kN/Bearing3_1,-1,test
4345,2,RM_002_XJTU,40Hz10kN/Bearing3_1/1999.csv,0,0,0,2,25600,XJTU/40Hz10kN/Bearing3_1,-1,test
4346,2,RM_002_XJTU,40Hz10kN/Bearing3_1/2000.csv,0,0,0,2,25600,XJTU/40Hz10kN/Bearing3_1,-1,test
4347,2,RM_002_XJTU,40Hz10kN/Bearing3_1/2001.csv,0,0,0,2,25600,XJTU/40Hz10kN/Bearing3_1,-1,test
4348,2,RM_002_XJTU,40Hz10kN/Bearing3_1/2002.csv,0,0,0,2,25600,XJTU/40Hz10kN/Bearing3_1,-1,test
4349,2,RM_002_XJTU,40Hz10kN/Bearing3_1/2003.csv,0,0,0,2,25600,XJTU/40Hz10kN/Bearing3_1,-1,test
4350,2,RM_002_XJTU,40Hz10kN/Bearing3_1/2004.csv,0,0,0,2,25600,XJTU/40Hz10kN/Bearing3_1,-1,test
4351,2,RM_002_XJTU,40Hz10kN/Bearing3_1/2005.csv,0,0,0,2,25600,XJTU/40Hz10kN/Bearing3_1,-1,test
4352,2,RM_002_XJTU,40Hz10kN/Bearing3_1/2006.csv,0,0,0,2,25600,XJTU/40Hz10kN/Bearing3_1,-1,test
4353,2,RM_002_XJTU,40Hz10kN/Bearing3_1/2007.csv,0,0,0,2,25600,XJTU/40Hz10kN/Bearing3_1,-1,test
4354,2,RM_002_XJTU,40Hz10kN/Bearing3_1/2008.csv,0,0,0,2,25600,XJTU/40Hz10kN/Bearing3_1,-1,test
4355,2,RM_002_XJTU,40Hz10kN/Bearing3_1/2009.csv,0,0,0,2,25600,XJTU/40Hz10kN/Bearing3_1,-1,test
4356,2,RM_002_XJTU,40Hz10kN/Bearing3_1/2010.csv,0,0,0,2,25600,XJTU/40Hz10kN/Bearing3_1,-1,test
4357,2,RM_002_XJTU,40Hz10kN/Bearing3_1/2011.csv,0,0,0,2,25600,XJTU/40Hz10kN/Bearing3_1,-1,test
4358,2,RM_002_XJTU,40Hz10kN/Bearing3_1/2012.csv,0,0,0,2,25600,XJTU/40Hz10kN/Bearing3_1,-1,test
4359,2,RM_002_XJTU,40Hz10kN/Bearing3_1/2013.csv,0,0,0,2,25600,XJTU/40Hz10kN/Bearing3_1,-1,test
4360,2,RM_002_XJTU,40Hz10kN/Bearing3_1/2014.csv,0,0,0,2,25600,XJTU/40Hz10kN/Bearing3_1,-1,test
4361,2,RM_002_XJTU,40Hz10kN/Bearing3_1/2015.csv,0,0,0,2,25600,XJTU/40Hz10kN/Bearing3_1,-1,test
4362,2,RM_002_XJTU,40Hz10kN/Bearing3_1/2016.csv,0,0,0,2,25600,XJTU/40Hz10kN/Bearing3_1,-1,test
4363,2,RM_002_XJTU,40Hz10kN/Bearing3_1/2017.csv,0,0,0,2,25600,XJTU/40Hz10kN/Bearing3_1,-1,test
4364,2,RM_002_XJTU,40Hz10kN/Bearing3_1/2018.csv,0,0,0,2,25600,XJTU/40Hz10kN/Bearing3_1,-1,test
4365,2,RM_002_XJTU,40Hz10kN/Bearing3_1/2019.csv,0,0,0,2,25600,XJTU/40Hz10kN/Bearing3_1,-1,test
4366,2,RM_002_XJTU,40Hz10kN/Bearing3_1/2020.csv,0,0,0,2,25600,XJTU/40Hz10kN/Bearing3_1,-1,test
4367,2,RM_002_XJTU,40Hz10kN/Bearing3_1/2021.csv,0,0,0,2,25600,XJTU/40Hz10kN/Bearing3_1,-1,test
4368,2,RM_002_XJTU,40Hz10kN/Bearing3_1/2022.csv,0,0,0,2,25600,XJTU/40Hz10kN/Bearing3_1,-1,test
4369,2,RM_002_XJTU,40Hz10kN/Bearing3_1/2023.csv,0,0,0,2,25600,XJTU/40Hz10kN/Bearing3_1,-1,test
4370,2,RM_002_XJTU,40Hz10kN/Bearing3_1/2024.csv,0,0,0,2,25600,XJTU/40Hz10kN/Bearing3_1,-1,test
4371,2,RM_002_XJTU,40Hz10kN/Bearing3_1/2025.csv,0,0,0,2,25600,XJTU/40Hz10kN/Bearing3_1,-1,test
4372,2,RM_002_XJTU,40Hz10kN/Bearing3_1/2026.csv,0,0,0,2,25600,XJTU/40Hz10kN/Bearing3_1,-1,test
4373,2,RM_002_XJTU,40Hz10kN/Bearing3_1/2027.csv,0,0,0,2,25600,XJTU/40Hz10kN/Bearing3_1,-1,test
4374,2,RM_002_XJTU,40Hz10kN/Bearing3_1/2028.csv,0,0,0,2,25600,XJTU/40Hz10kN/Bearing3_1,-1,test
4375,2,RM_002_XJTU,40Hz10kN/Bearing3_1/2029.csv,0,0,0,2,25600,XJTU/40Hz10kN/Bearing3_1,-1,test
4376,2,RM_002_XJTU,40Hz10kN/Bearing3_1/2030.csv,0,0,0,2,25600,XJTU/40Hz10kN/Bearing3_1,-1,test
4377,2,RM_002_XJTU,40Hz10kN/Bearing3_1/2031.csv,0,0,0,2,25600,XJTU/40Hz10kN/Bearing3_1,-1,test
4378,2,RM_002_XJTU,40Hz10kN/Bearing3_1/2032.csv,0,0,0,2,25600,XJTU/40Hz10kN/Bearing3_1,-1,test
4379,2,RM_002_XJTU,40Hz10kN/Bearing3_1/2033.csv,0,0,0,2,25600,XJTU/40Hz10kN/Bearing3_1,-1,test
4380,2,RM_002_XJTU,40Hz10kN/Bearing3_1/2034.csv,0,0,0,2,25600,XJTU/40Hz10kN/Bearing3_1,-1,test
4381,2,RM_002_XJTU,40Hz10kN/Bearing3_1/2035.csv,0,0,0,2,25600,XJTU/40Hz10kN/Bearing3_1,-1,test
4382,2,RM_002_XJTU,40Hz10kN/Bearing3_1/2036.csv,0,0,0,2,25600,XJTU/40Hz10kN/Bearing3_1,-1,test
4383,2,RM_002_XJTU,40Hz10kN/Bearing3_1/2037.csv,0,0,0,2,25600,XJTU/40Hz10kN/Bearing3_1,-1,test
4384,2,RM_002_XJTU,40Hz10kN/Bearing3_1/2038.csv,0,0,0,2,25600,XJTU/40Hz10kN/Bearing3_1,-1,test
4385,2,RM_002_XJTU,40Hz10kN/Bearing3_1/2039.csv,0,0,0,2,25600,XJTU/40Hz10kN/Bearing3_1,-1,test
4386,2,RM_002_XJTU,40Hz10kN/Bearing3_1/2040.csv,0,0,0,2,25600,XJTU/40Hz10kN/Bearing3_1,-1,test
4387,2,RM_002_XJTU,40Hz10kN/Bearing3_1/2041.csv,0,0,0,2,25600,XJTU/40Hz10kN/Bearing3_1,-1,test
4388,2,RM_002_XJTU,40Hz10kN/Bearing3_1/2042.csv,0,0,0,2,25600,XJTU/40Hz10kN/Bearing3_1,-1,test
4389,2,RM_002_XJTU,40Hz10kN/Bearing3_1/2043.csv,0,0,0,2,25600,XJTU/40Hz10kN/Bearing3_1,-1,test
4390,2,RM_002_XJTU,40Hz10kN/Bearing3_1/2044.csv,0,0,0,2,25600,XJTU/40Hz10kN/Bearing3_1,-1,test
4391,2,RM_002_XJTU,40Hz10kN/Bearing3_1/2045.csv,0,0,0,2,25600,XJTU/40Hz10kN/Bearing3_1,-1,test
4392,2,RM_002_XJTU,40Hz10kN/Bearing3_1/2046.csv,0,0,0,2,25600,XJTU/40Hz10kN/Bearing3_1,-1,test
4393,2,RM_002_XJTU,40Hz10kN/Bearing3_1/2047.csv,0,0,0,2,25600,XJTU/40Hz10kN/Bearing3_1,-1,test
4394,2,RM_002_XJTU,40Hz10kN/Bearing3_1/2048.csv,0,0,0,2,25600,XJTU/40Hz10kN/Bearing3_1,-1,test
4395,2,RM_002_XJTU,40Hz10kN/Bearing3_1/2049.csv,0,0,0,2,25600,XJTU/40Hz10kN/Bearing3_1,-1,test
4396,2,RM_002_XJTU,40Hz10kN/Bearing3_1/2050.csv,0,0,0,2,25600,XJTU/40Hz10kN/Bearing3_1,-1,test
4397,2,RM_002_XJTU,40Hz10kN/Bearing3_1/2051.csv,0,0,0,2,25600,XJTU/40Hz10kN/Bearing3_1,-1,test
4398,2,RM_002_XJTU,40Hz10kN/Bearing3_1/2052.csv,0,0,0,2,25600,XJTU/40Hz10kN/Bearing3_1,-1,test
4399,2,RM_002_XJTU,40Hz10kN/Bearing3_1/2053.csv,0,0,0,2,25600,XJTU/40Hz10kN/Bearing3_1,-1,test
4400,2,RM_002_XJTU,40Hz10kN/Bearing3_1/2054.csv,0,0,0,2,25600,XJTU/40Hz10kN/Bearing3_1,-1,test
4401,2,RM_002_XJTU,40Hz10kN/Bearing3_1/2055.csv,0,0,0,2,25600,XJTU/40Hz10kN/Bearing3_1,-1,test
4402,2,RM_002_XJTU,40Hz10kN/Bearing3_1/2056.csv,0,0,0,2,25600,XJTU/40Hz10kN/Bearing3_1,-1,test
4403,2,RM_002_XJTU,40Hz10kN/Bearing3_1/2057.csv,0,0,0,2,25600,XJTU/40Hz10kN/Bearing3_1,-1,test
4404,2,RM_002_XJTU,40Hz10kN/Bearing3_1/2058.csv,0,0,0,2,25600,XJTU/40Hz10kN/Bearing3_1,-1,test
4405,2,RM_002_XJTU,40Hz10kN/Bearing3_1/2059.csv,0,0,0,2,25600,XJTU/40Hz10kN/Bearing3_1,-1,test
4406,2,RM_002_XJTU,40Hz10kN/Bearing3_1/2060.csv,0,0,0,2,25600,XJTU/40Hz10kN/Bearing3_1,-1,test
4407,2,RM_002_XJTU,40Hz10kN/Bearing3_1/2061.csv,0,0,0,2,25600,XJTU/40Hz10kN/Bearing3_1,-1,test
4408,2,RM_002_XJTU,40Hz10kN/Bearing3_1/2062.csv,0,0,0,2,25600,XJTU/40Hz10kN/Bearing3_1,-1,test
4409,2,RM_002_XJTU,40Hz10kN/Bearing3_1/2063.csv,0,0,0,2,25600,XJTU/40Hz10kN/Bearing3_1,-1,test
4410,2,RM_002_XJTU,40Hz10kN/Bearing3_1/2064.csv,0,0,0,2,25600,XJTU/40Hz10kN/Bearing3_1,-1,test
4411,2,RM_002_XJTU,40Hz10kN/Bearing3_1/2065.csv,0,0,0,2,25600,XJTU/40Hz10kN/Bearing3_1,-1,test
4412,2,RM_002_XJTU,40Hz10kN/Bearing3_1/2066.csv,0,0,0,2,25600,XJTU/40Hz10kN/Bearing3_1,-1,test
4413,2,RM_002_XJTU,40Hz10kN/Bearing3_1/2067.csv,0,0,0,2,25600,XJTU/40Hz10kN/Bearing3_1,-1,test
4414,2,RM_002_XJTU,40Hz10kN/Bearing3_1/2068.csv,0,0,0,2,25600,XJTU/40Hz10kN/Bearing3_1,-1,test
4415,2,RM_002_XJTU,40Hz10kN/Bearing3_1/2069.csv,0,0,0,2,25600,XJTU/40Hz10kN/Bearing3_1,-1,test
4416,2,RM_002_XJTU,40Hz10kN/Bearing3_1/2070.csv,0,0,0,2,25600,XJTU/40Hz10kN/Bearing3_1,-1,test
4417,2,RM_002_XJTU,40Hz10kN/Bearing3_1/2071.csv,0,0,0,2,25600,XJTU/40Hz10kN/Bearing3_1,-1,test
4418,2,RM_002_XJTU,40Hz10kN/Bearing3_1/2072.csv,0,0,0,2,25600,XJTU/40Hz10kN/Bearing3_1,-1,test
4419,2,RM_002_XJTU,40Hz10kN/Bearing3_1/2073.csv,0,0,0,2,25600,XJTU/40Hz10kN/Bearing3_1,-1,test
4420,2,RM_002_XJTU,40Hz10kN/Bearing3_1/2074.csv,0,0,0,2,25600,XJTU/40Hz10kN/Bearing3_1,-1,test
4421,2,RM_002_XJTU,40Hz10kN/Bearing3_1/2075.csv,0,0,0,2,25600,XJTU/40Hz10kN/Bearing3_1,-1,test
4422,2,RM_002_XJTU,40Hz10kN/Bearing3_1/2076.csv,0,0,0,2,25600,XJTU/40Hz10kN/Bearing3_1,-1,test
4423,2,RM_002_XJTU,40Hz10kN/Bearing3_1/2077.csv,0,0,0,2,25600,XJTU/40Hz10kN/Bearing3_1,-1,test
4424,2,RM_002_XJTU,40Hz10kN/Bearing3_1/2078.csv,0,0,0,2,25600,XJTU/40Hz10kN/Bearing3_1,-1,test
4425,2,RM_002_XJTU,40Hz10kN/Bearing3_1/2079.csv,0,0,0,2,25600,XJTU/40Hz10kN/Bearing3_1,-1,test
4426,2,RM_002_XJTU,40Hz10kN/Bearing3_1/2080.csv,0,0,0,2,25600,XJTU/40Hz10kN/Bearing3_1,-1,test
4427,2,RM_002_XJTU,40Hz10kN/Bearing3_1/2081.csv,0,0,0,2,25600,XJTU/40Hz10kN/Bearing3_1,-1,test
4428,2,RM_002_XJTU,40Hz10kN/Bearing3_1/2082.csv,0,0,0,2,25600,XJTU/40Hz10kN/Bearing3_1,-1,test
4429,2,RM_002_XJTU,40Hz10kN/Bearing3_1/2083.csv,0,0,0,2,25600,XJTU/40Hz10kN/Bearing3_1,-1,test
4430,2,RM_002_XJTU,40Hz10kN/Bearing3_1/2084.csv,0,0,0,2,25600,XJTU/40Hz10kN/Bearing3_1,-1,test
4431,2,RM_002_XJTU,40Hz10kN/Bearing3_1/2085.csv,0,0,0,2,25600,XJTU/40Hz10kN/Bearing3_1,-1,test
4432,2,RM_002_XJTU,40Hz10kN/Bearing3_1/2086.csv,0,0,0,2,25600,XJTU/40Hz10kN/Bearing3_1,-1,test
4433,2,RM_002_XJTU,40Hz10kN/Bearing3_1/2087.csv,0,0,0,2,25600,XJTU/40Hz10kN/Bearing3_1,-1,test
4434,2,RM_002_XJTU,40Hz10kN/Bearing3_1/2088.csv,0,0,0,2,25600,XJTU/40Hz10kN/Bearing3_1,-1,test
4435,2,RM_002_XJTU,40Hz10kN/Bearing3_1/2089.csv,0,0,0,2,25600,XJTU/40Hz10kN/Bearing3_1,-1,test
4436,2,RM_002_XJTU,40Hz10kN/Bearing3_1/2090.csv,0,0,0,2,25600,XJTU/40Hz10kN/Bearing3_1,-1,test
4437,2,RM_002_XJTU,40Hz10kN/Bearing3_1/2091.csv,0,0,0,2,25600,XJTU/40Hz10kN/Bearing3_1,-1,test
4438,2,RM_002_XJTU,40Hz10kN/Bearing3_1/2092.csv,0,0,0,2,25600,XJTU/40Hz10kN/Bearing3_1,-1,test
4439,2,RM_002_XJTU,40Hz10kN/Bearing3_1/2093.csv,0,0,0,2,25600,XJTU/40Hz10kN/Bearing3_1,-1,test
4440,2,RM_002_XJTU,40Hz10kN/Bearing3_1/2094.csv,0,0,0,2,25600,XJTU/40Hz10kN/Bearing3_1,-1,test
4441,2,RM_002_XJTU,40Hz10kN/Bearing3_1/2095.csv,0,0,0,2,25600,XJTU/40Hz10kN/Bearing3_1,-1,test
4442,2,RM_002_XJTU,40Hz10kN/Bearing3_1/2096.csv,0,0,0,2,25600,XJTU/40Hz10kN/Bearing3_1,-1,test
4443,2,RM_002_XJTU,40Hz10kN/Bearing3_1/2097.csv,0,0,0,2,25600,XJTU/40Hz10kN/Bearing3_1,-1,test
4444,2,RM_002_XJTU,40Hz10kN/Bearing3_1/2098.csv,0,0,0,2,25600,XJTU/40Hz10kN/Bearing3_1,-1,test
4445,2,RM_002_XJTU,40Hz10kN/Bearing3_1/2099.csv,0,0,0,2,25600,XJTU/40Hz10kN/Bearing3_1,-1,test
4446,2,RM_002_XJTU,40Hz10kN/Bearing3_1/2100.csv,0,0,0,2,25600,XJTU/40Hz10kN/Bearing3_1,-1,test
4447,2,RM_002_XJTU,40Hz10kN/Bearing3_1/2101.csv,0,0,0,2,25600,XJTU/40Hz10kN/Bearing3_1,-1,test
4448,2,RM_002_XJTU,40Hz10kN/Bearing3_1/2102.csv,0,0,0,2,25600,XJTU/40Hz10kN/Bearing3_1,-1,test
4449,2,RM_002_XJTU,40Hz10kN/Bearing3_1/2103.csv,0,0,0,2,25600,XJTU/40Hz10kN/Bearing3_1,-1,test
4450,2,RM_002_XJTU,40Hz10kN/Bearing3_1/2104.csv,0,0,0,2,25600,XJTU/40Hz10kN/Bearing3_1,-1,test
4451,2,RM_002_XJTU,40Hz10kN/Bearing3_1/2105.csv,0,0,0,2,25600,XJTU/40Hz10kN/Bearing3_1,-1,test
4452,2,RM_002_XJTU,40Hz10kN/Bearing3_1/2106.csv,0,0,0,2,25600,XJTU/40Hz10kN/Bearing3_1,-1,test
4453,2,RM_002_XJTU,40Hz10kN/Bearing3_1/2107.csv,0,0,0,2,25600,XJTU/40Hz10kN/Bearing3_1,-1,test
4454,2,RM_002_XJTU,40Hz10kN/Bearing3_1/2108.csv,0,0,0,2,25600,XJTU/40Hz10kN/Bearing3_1,-1,test
4455,2,RM_002_XJTU,40Hz10kN/Bearing3_1/2109.csv,0,0,0,2,25600,XJTU/40Hz10kN/Bearing3_1,-1,test
4456,2,RM_002_XJTU,40Hz10kN/Bearing3_1/2110.csv,0,0,0,2,25600,XJTU/40Hz10kN/Bearing3_1,-1,test
4457,2,RM_002_XJTU,40Hz10kN/Bearing3_1/2111.csv,0,0,0,2,25600,XJTU/40Hz10kN/Bearing3_1,-1,test
4458,2,RM_002_XJTU,40Hz10kN/Bearing3_1/2112.csv,0,0,0,2,25600,XJTU/40Hz10kN/Bearing3_1,-1,test
4459,2,RM_002_XJTU,40Hz10kN/Bearing3_1/2113.csv,0,0,0,2,25600,XJTU/40Hz10kN/Bearing3_1,-1,test
4460,2,RM_002_XJTU,40Hz10kN/Bearing3_1/2114.csv,0,0,0,2,25600,XJTU/40Hz10kN/Bearing3_1,-1,test
4461,2,RM_002_XJTU,40Hz10kN/Bearing3_1/2115.csv,0,0,0,2,25600,XJTU/40Hz10kN/Bearing3_1,-1,test
4462,2,RM_002_XJTU,40Hz10kN/Bearing3_1/2116.csv,0,0,0,2,25600,XJTU/40Hz10kN/Bearing3_1,-1,test
4463,2,RM_002_XJTU,40Hz10kN/Bearing3_1/2117.csv,0,0,0,2,25600,XJTU/40Hz10kN/Bearing3_1,-1,test
4464,2,RM_002_XJTU,40Hz10kN/Bearing3_1/2118.csv,0,0,0,2,25600,XJTU/40Hz10kN/Bearing3_1,-1,test
4465,2,RM_002_XJTU,40Hz10kN/Bearing3_1/2119.csv,0,0,0,2,25600,XJTU/40Hz10kN/Bearing3_1,-1,test
4466,2,RM_002_XJTU,40Hz10kN/Bearing3_1/2120.csv,0,0,0,2,25600,XJTU/40Hz10kN/Bearing3_1,-1,test
4467,2,RM_002_XJTU,40Hz10kN/Bearing3_1/2121.csv,0,0,0,2,25600,XJTU/40Hz10kN/Bearing3_1,-1,test
4468,2,RM_002_XJTU,40Hz10kN/Bearing3_1/2122.csv,0,0,0,2,25600,XJTU/40Hz10kN/Bearing3_1,-1,test
4469,2,RM_002_XJTU,40Hz10kN/Bearing3_1/2123.csv,0,0,0,2,25600,XJTU/40Hz10kN/Bearing3_1,-1,test
4470,2,RM_002_XJTU,40Hz10kN/Bearing3_1/2124.csv,0,0,0,2,25600,XJTU/40Hz10kN/Bearing3_1,-1,test
4471,2,RM_002_XJTU,40Hz10kN/Bearing3_1/2125.csv,0,0,0,2,25600,XJTU/40Hz10kN/Bearing3_1,-1,test
4472,2,RM_002_XJTU,40Hz10kN/Bearing3_1/2126.csv,0,0,0,2,25600,XJTU/40Hz10kN/Bearing3_1,-1,test
4473,2,RM_002_XJTU,40Hz10kN/Bearing3_1/2127.csv,0,0,0,2,25600,XJTU/40Hz10kN/Bearing3_1,-1,test
4474,2,RM_002_XJTU,40Hz10kN/Bearing3_1/2128.csv,0,0,0,2,25600,XJTU/40Hz10kN/Bearing3_1,-1,test
4475,2,RM_002_XJTU,40Hz10kN/Bearing3_1/2129.csv,0,0,0,2,25600,XJTU/40Hz10kN/Bearing3_1,-1,test
4476,2,RM_002_XJTU,40Hz10kN/Bearing3_1/2130.csv,0,0,0,2,25600,XJTU/40Hz10kN/Bearing3_1,-1,test
4477,2,RM_002_XJTU,40Hz10kN/Bearing3_1/2131.csv,0,0,0,2,25600,XJTU/40Hz10kN/Bearing3_1,-1,test
4478,2,RM_002_XJTU,40Hz10kN/Bearing3_1/2132.csv,0,0,0,2,25600,XJTU/40Hz10kN/Bearing3_1,-1,test
4479,2,RM_002_XJTU,40Hz10kN/Bearing3_1/2133.csv,0,0,0,2,25600,XJTU/40Hz10kN/Bearing3_1,-1,test
4480,2,RM_002_XJTU,40Hz10kN/Bearing3_1/2134.csv,0,0,0,2,25600,XJTU/40Hz10kN/Bearing3_1,-1,test
4481,2,RM_002_XJTU,40Hz10kN/Bearing3_1/2135.csv,0,0,0,2,25600,XJTU/40Hz10kN/Bearing3_1,-1,test
4482,2,RM_002_XJTU,40Hz10kN/Bearing3_1/2136.csv,0,0,0,2,25600,XJTU/40Hz10kN/Bearing3_1,-1,test
4483,2,RM_002_XJTU,40Hz10kN/Bearing3_1/2137.csv,0,0,0,2,25600,XJTU/40Hz10kN/Bearing3_1,-1,test
4484,2,RM_002_XJTU,40Hz10kN/Bearing3_1/2138.csv,0,0,0,2,25600,XJTU/40Hz10kN/Bearing3_1,-1,test
4485,2,RM_002_XJTU,40Hz10kN/Bearing3_1/2139.csv,0,0,0,2,25600,XJTU/40Hz10kN/Bearing3_1,-1,test
4486,2,RM_002_XJTU,40Hz10kN/Bearing3_1/2141.csv,0,0,0,2,25600,XJTU/40Hz10kN/Bearing3_1,-1,test
4487,2,RM_002_XJTU,40Hz10kN/Bearing3_1/2142.csv,0,0,0,2,25600,XJTU/40Hz10kN/Bearing3_1,-1,test
4488,2,RM_002_XJTU,40Hz10kN/Bearing3_1/2143.csv,0,0,0,2,25600,XJTU/40Hz10kN/Bearing3_1,-1,test
4489,2,RM_002_XJTU,40Hz10kN/Bearing3_1/2144.csv,0,0,0,2,25600,XJTU/40Hz10kN/Bearing3_1,-1,test
4490,2,RM_002_XJTU,40Hz10kN/Bearing3_1/2145.csv,0,0,0,2,25600,XJTU/40Hz10kN/Bearing3_1,-1,test
4491,2,RM_002_XJTU,40Hz10kN/Bearing3_1/2146.csv,0,0,0,2,25600,XJTU/40Hz10kN/Bearing3_1,-1,test
4492,2,RM_002_XJTU,40Hz10kN/Bearing3_1/2147.csv,0,0,0,2,25600,XJTU/40Hz10kN/Bearing3_1,-1,test
4493,2,RM_002_XJTU,40Hz10kN/Bearing3_1/2148.csv,0,0,0,2,25600,XJTU/40Hz10kN/Bearing3_1,-1,test
4494,2,RM_002_XJTU,40Hz10kN/Bearing3_1/2149.csv,0,0,0,2,25600,XJTU/40Hz10kN/Bearing3_1,-1,test
4495,2,RM_002_XJTU,40Hz10kN/Bearing3_1/2150.csv,0,0,0,2,25600,XJTU/40Hz10kN/Bearing3_1,-1,test
4496,2,RM_002_XJTU,40Hz10kN/Bearing3_1/2151.csv,0,0,0,2,25600,XJTU/40Hz10kN/Bearing3_1,-1,test
4497,2,RM_002_XJTU,40Hz10kN/Bearing3_1/2152.csv,0,0,0,2,25600,XJTU/40Hz10kN/Bearing3_1,-1,test
4498,2,RM_002_XJTU,40Hz10kN/Bearing3_1/2153.csv,0,0,0,2,25600,XJTU/40Hz10kN/Bearing3_1,-1,test
4499,2,RM_002_XJTU,40Hz10kN/Bearing3_1/2154.csv,0,0,0,2,25600,XJTU/40Hz10kN/Bearing3_1,-1,test
4500,2,RM_002_XJTU,40Hz10kN/Bearing3_1/2155.csv,0,0,0,2,25600,XJTU/40Hz10kN/Bearing3_1,-1,test
4501,2,RM_002_XJTU,40Hz10kN/Bearing3_1/2156.csv,0,0,0,2,25600,XJTU/40Hz10kN/Bearing3_1,-1,test
4502,2,RM_002_XJTU,40Hz10kN/Bearing3_1/2157.csv,0,0,0,2,25600,XJTU/40Hz10kN/Bearing3_1,-1,test
4503,2,RM_002_XJTU,40Hz10kN/Bearing3_1/2158.csv,0,0,0,2,25600,XJTU/40Hz10kN/Bearing3_1,-1,test
4504,2,RM_002_XJTU,40Hz10kN/Bearing3_1/2159.csv,0,0,0,2,25600,XJTU/40Hz10kN/Bearing3_1,-1,test
4505,2,RM_002_XJTU,40Hz10kN/Bearing3_1/2160.csv,0,0,0,2,25600,XJTU/40Hz10kN/Bearing3_1,-1,test
4506,2,RM_002_XJTU,40Hz10kN/Bearing3_1/2161.csv,0,0,0,2,25600,XJTU/40Hz10kN/Bearing3_1,-1,test
4507,2,RM_002_XJTU,40Hz10kN/Bearing3_1/2162.csv,0,0,0,2,25600,XJTU/40Hz10kN/Bearing3_1,-1,test
4508,2,RM_002_XJTU,40Hz10kN/Bearing3_1/2163.csv,0,0,0,2,25600,XJTU/40Hz10kN/Bearing3_1,-1,test
4509,2,RM_002_XJTU,40Hz10kN/Bearing3_1/2164.csv,0,0,0,2,25600,XJTU/40Hz10kN/Bearing3_1,-1,test
4510,2,RM_002_XJTU,40Hz10kN/Bearing3_1/2165.csv,0,0,0,2,25600,XJTU/40Hz10kN/Bearing3_1,-1,test
4511,2,RM_002_XJTU,40Hz10kN/Bearing3_1/2166.csv,0,0,0,2,25600,XJTU/40Hz10kN/Bearing3_1,-1,test
4512,2,RM_002_XJTU,40Hz10kN/Bearing3_1/2167.csv,0,0,0,2,25600,XJTU/40Hz10kN/Bearing3_1,-1,test
4513,2,RM_002_XJTU,40Hz10kN/Bearing3_1/2168.csv,0,0,0,2,25600,XJTU/40Hz10kN/Bearing3_1,-1,test
4514,2,RM_002_XJTU,40Hz10kN/Bearing3_1/2169.csv,0,0,0,2,25600,XJTU/40Hz10kN/Bearing3_1,-1,test
4515,2,RM_002_XJTU,40Hz10kN/Bearing3_1/2170.csv,0,0,0,2,25600,XJTU/40Hz10kN/Bearing3_1,-1,test
4516,2,RM_002_XJTU,40Hz10kN/Bearing3_1/2171.csv,0,0,0,2,25600,XJTU/40Hz10kN/Bearing3_1,-1,test
4517,2,RM_002_XJTU,40Hz10kN/Bearing3_1/2172.csv,0,0,0,2,25600,XJTU/40Hz10kN/Bearing3_1,-1,test
4518,2,RM_002_XJTU,40Hz10kN/Bearing3_1/2173.csv,0,0,0,2,25600,XJTU/40Hz10kN/Bearing3_1,-1,test
4519,2,RM_002_XJTU,40Hz10kN/Bearing3_1/2174.csv,0,0,0,2,25600,XJTU/40Hz10kN/Bearing3_1,-1,test
4520,2,RM_002_XJTU,40Hz10kN/Bearing3_1/2175.csv,0,0,0,2,25600,XJTU/40Hz10kN/Bearing3_1,-1,test
4521,2,RM_002_XJTU,40Hz10kN/Bearing3_1/2176.csv,0,0,0,2,25600,XJTU/40Hz10kN/Bearing3_1,-1,test
4522,2,RM_002_XJTU,40Hz10kN/Bearing3_1/2177.csv,0,0,0,2,25600,XJTU/40Hz10kN/Bearing3_1,-1,test
4523,2,RM_002_XJTU,40Hz10kN/Bearing3_1/2178.csv,0,0,0,2,25600,XJTU/40Hz10kN/Bearing3_1,-1,test
4524,2,RM_002_XJTU,40Hz10kN/Bearing3_1/2179.csv,0,0,0,2,25600,XJTU/40Hz10kN/Bearing3_1,-1,test
4525,2,RM_002_XJTU,40Hz10kN/Bearing3_1/2180.csv,0,0,0,2,25600,XJTU/40Hz10kN/Bearing3_1,-1,test
4526,2,RM_002_XJTU,40Hz10kN/Bearing3_1/2181.csv,0,0,0,2,25600,XJTU/40Hz10kN/Bearing3_1,-1,test
4527,2,RM_002_XJTU,40Hz10kN/Bearing3_1/2182.csv,0,0,0,2,25600,XJTU/40Hz10kN/Bearing3_1,-1,test
4528,2,RM_002_XJTU,40Hz10kN/Bearing3_1/2183.csv,0,0,0,2,25600,XJTU/40Hz10kN/Bearing3_1,-1,test
4529,2,RM_002_XJTU,40Hz10kN/Bearing3_1/2184.csv,0,0,0,2,25600,XJTU/40Hz10kN/Bearing3_1,-1,test
4530,2,RM_002_XJTU,40Hz10kN/Bearing3_1/2185.csv,0,0,0,2,25600,XJTU/40Hz10kN/Bearing3_1,-1,test
4531,2,RM_002_XJTU,40Hz10kN/Bearing3_1/2186.csv,0,0,0,2,25600,XJTU/40Hz10kN/Bearing3_1,-1,test
4532,2,RM_002_XJTU,40Hz10kN/Bearing3_1/2187.csv,0,0,0,2,25600,XJTU/40Hz10kN/Bearing3_1,-1,test
4533,2,RM_002_XJTU,40Hz10kN/Bearing3_1/2188.csv,0,0,0,2,25600,XJTU/40Hz10kN/Bearing3_1,-1,test
4534,2,RM_002_XJTU,40Hz10kN/Bearing3_1/2189.csv,0,0,0,2,25600,XJTU/40Hz10kN/Bearing3_1,-1,test
4535,2,RM_002_XJTU,40Hz10kN/Bearing3_1/2190.csv,0,0,0,2,25600,XJTU/40Hz10kN/Bearing3_1,-1,test
4536,2,RM_002_XJTU,40Hz10kN/Bearing3_1/2191.csv,0,0,0,2,25600,XJTU/40Hz10kN/Bearing3_1,-1,test
4537,2,RM_002_XJTU,40Hz10kN/Bearing3_1/2192.csv,0,0,0,2,25600,XJTU/40Hz10kN/Bearing3_1,-1,test
4538,2,RM_002_XJTU,40Hz10kN/Bearing3_1/2193.csv,0,0,0,2,25600,XJTU/40Hz10kN/Bearing3_1,-1,test
4539,2,RM_002_XJTU,40Hz10kN/Bearing3_1/2194.csv,0,0,0,2,25600,XJTU/40Hz10kN/Bearing3_1,-1,test
4540,2,RM_002_XJTU,40Hz10kN/Bearing3_1/2195.csv,0,0,0,2,25600,XJTU/40Hz10kN/Bearing3_1,-1,test
4541,2,RM_002_XJTU,40Hz10kN/Bearing3_1/2196.csv,0,0,0,2,25600,XJTU/40Hz10kN/Bearing3_1,-1,test
4542,2,RM_002_XJTU,40Hz10kN/Bearing3_1/2197.csv,0,0,0,2,25600,XJTU/40Hz10kN/Bearing3_1,-1,test
4543,2,RM_002_XJTU,40Hz10kN/Bearing3_1/2198.csv,0,0,0,2,25600,XJTU/40Hz10kN/Bearing3_1,-1,test
4544,2,RM_002_XJTU,40Hz10kN/Bearing3_1/2199.csv,0,0,0,2,25600,XJTU/40Hz10kN/Bearing3_1,-1,test
4545,2,RM_002_XJTU,40Hz10kN/Bearing3_1/2200.csv,0,0,0,2,25600,XJTU/40Hz10kN/Bearing3_1,-1,test
4546,2,RM_002_XJTU,40Hz10kN/Bearing3_1/2201.csv,0,0,0,2,25600,XJTU/40Hz10kN/Bearing3_1,-1,test
4547,2,RM_002_XJTU,40Hz10kN/Bearing3_1/2202.csv,0,0,0,2,25600,XJTU/40Hz10kN/Bearing3_1,-1,test
4548,2,RM_002_XJTU,40Hz10kN/Bearing3_1/2203.csv,0,0,0,2,25600,XJTU/40Hz10kN/Bearing3_1,-1,test
4549,2,RM_002_XJTU,40Hz10kN/Bearing3_1/2204.csv,0,0,0,2,25600,XJTU/40Hz10kN/Bearing3_1,-1,test
4550,2,RM_002_XJTU,40Hz10kN/Bearing3_1/2205.csv,0,0,0,2,25600,XJTU/40Hz10kN/Bearing3_1,-1,test
4551,2,RM_002_XJTU,40Hz10kN/Bearing3_1/2206.csv,0,0,0,2,25600,XJTU/40Hz10kN/Bearing3_1,-1,test
4552,2,RM_002_XJTU,40Hz10kN/Bearing3_1/2207.csv,0,0,0,2,25600,XJTU/40Hz10kN/Bearing3_1,-1,test
4553,2,RM_002_XJTU,40Hz10kN/Bearing3_1/2208.csv,0,0,0,2,25600,XJTU/40Hz10kN/Bearing3_1,-1,test
4554,2,RM_002_XJTU,40Hz10kN/Bearing3_1/2209.csv,0,0,0,2,25600,XJTU/40Hz10kN/Bearing3_1,-1,test
4555,2,RM_002_XJTU,40Hz10kN/Bearing3_1/2210.csv,0,0,0,2,25600,XJTU/40Hz10kN/Bearing3_1,-1,test
4556,2,RM_002_XJTU,40Hz10kN/Bearing3_1/2211.csv,0,0,0,2,25600,XJTU/40Hz10kN/Bearing3_1,-1,test
4557,2,RM_002_XJTU,40Hz10kN/Bearing3_1/2212.csv,0,0,0,2,25600,XJTU/40Hz10kN/Bearing3_1,-1,test
4558,2,RM_002_XJTU,40Hz10kN/Bearing3_1/2213.csv,0,0,0,2,25600,XJTU/40Hz10kN/Bearing3_1,-1,test
4559,2,RM_002_XJTU,40Hz10kN/Bearing3_1/2214.csv,0,0,0,2,25600,XJTU/40Hz10kN/Bearing3_1,-1,test
4560,2,RM_002_XJTU,40Hz10kN/Bearing3_1/2215.csv,0,0,0,2,25600,XJTU/40Hz10kN/Bearing3_1,-1,test
4561,2,RM_002_XJTU,40Hz10kN/Bearing3_1/2216.csv,0,0,0,2,25600,XJTU/40Hz10kN/Bearing3_1,-1,test
4562,2,RM_002_XJTU,40Hz10kN/Bearing3_1/2217.csv,0,0,0,2,25600,XJTU/40Hz10kN/Bearing3_1,-1,test
4563,2,RM_002_XJTU,40Hz10kN/Bearing3_1/2218.csv,0,0,0,2,25600,XJTU/40Hz10kN/Bearing3_1,-1,test
4564,2,RM_002_XJTU,40Hz10kN/Bearing3_1/2219.csv,0,0,0,2,25600,XJTU/40Hz10kN/Bearing3_1,-1,test
4565,2,RM_002_XJTU,40Hz10kN/Bearing3_1/2220.csv,0,0,0,2,25600,XJTU/40Hz10kN/Bearing3_1,-1,test
4566,2,RM_002_XJTU,40Hz10kN/Bearing3_1/2221.csv,0,0,0,2,25600,XJTU/40Hz10kN/Bearing3_1,-1,test
4567,2,RM_002_XJTU,40Hz10kN/Bearing3_1/2222.csv,0,0,0,2,25600,XJTU/40Hz10kN/Bearing3_1,-1,test
4568,2,RM_002_XJTU,40Hz10kN/Bearing3_1/2223.csv,0,0,0,2,25600,XJTU/40Hz10kN/Bearing3_1,-1,test
4569,2,RM_002_XJTU,40Hz10kN/Bearing3_1/2224.csv,0,0,0,2,25600,XJTU/40Hz10kN/Bearing3_1,-1,test
4570,2,RM_002_XJTU,40Hz10kN/Bearing3_1/2225.csv,0,0,0,2,25600,XJTU/40Hz10kN/Bearing3_1,-1,test
4571,2,RM_002_XJTU,40Hz10kN/Bearing3_1/2226.csv,0,0,0,2,25600,XJTU/40Hz10kN/Bearing3_1,-1,test
4572,2,RM_002_XJTU,40Hz10kN/Bearing3_1/2227.csv,0,0,0,2,25600,XJTU/40Hz10kN/Bearing3_1,-1,test
4573,2,RM_002_XJTU,40Hz10kN/Bearing3_1/2228.csv,0,0,0,2,25600,XJTU/40Hz10kN/Bearing3_1,-1,test
4574,2,RM_002_XJTU,40Hz10kN/Bearing3_1/2229.csv,0,0,0,2,25600,XJTU/40Hz10kN/Bearing3_1,-1,test
4575,2,RM_002_XJTU,40Hz10kN/Bearing3_1/2230.csv,0,0,0,2,25600,XJTU/40Hz10kN/Bearing3_1,-1,test
4576,2,RM_002_XJTU,40Hz10kN/Bearing3_1/2231.csv,0,0,0,2,25600,XJTU/40Hz10kN/Bearing3_1,-1,test
4577,2,RM_002_XJTU,40Hz10kN/Bearing3_1/2232.csv,0,0,0,2,25600,XJTU/40Hz10kN/Bearing3_1,-1,test
4578,2,RM_002_XJTU,40Hz10kN/Bearing3_1/2233.csv,0,0,0,2,25600,XJTU/40Hz10kN/Bearing3_1,-1,test
4579,2,RM_002_XJTU,40Hz10kN/Bearing3_1/2234.csv,0,0,0,2,25600,XJTU/40Hz10kN/Bearing3_1,-1,test
4580,2,RM_002_XJTU,40Hz10kN/Bearing3_1/2235.csv,0,0,0,2,25600,XJTU/40Hz10kN/Bearing3_1,-1,test
4581,2,RM_002_XJTU,40Hz10kN/Bearing3_1/2236.csv,0,0,0,2,25600,XJTU/40Hz10kN/Bearing3_1,-1,test
4582,2,RM_002_XJTU,40Hz10kN/Bearing3_1/2237.csv,0,0,0,2,25600,XJTU/40Hz10kN/Bearing3_1,-1,test
4583,2,RM_002_XJTU,40Hz10kN/Bearing3_1/2238.csv,0,0,0,2,25600,XJTU/40Hz10kN/Bearing3_1,-1,test
4584,2,RM_002_XJTU,40Hz10kN/Bearing3_1/2239.csv,0,0,0,2,25600,XJTU/40Hz10kN/Bearing3_1,-1,test
4585,2,RM_002_XJTU,40Hz10kN/Bearing3_1/2240.csv,0,0,0,2,25600,XJTU/40Hz10kN/Bearing3_1,-1,test
4586,2,RM_002_XJTU,40Hz10kN/Bearing3_1/2241.csv,0,0,0,2,25600,XJTU/40Hz10kN/Bearing3_1,-1,test
4587,2,RM_002_XJTU,40Hz10kN/Bearing3_1/2242.csv,0,0,0,2,25600,XJTU/40Hz10kN/Bearing3_1,-1,test
4588,2,RM_002_XJTU,40Hz10kN/Bearing3_1/2243.csv,0,0,0,2,25600,XJTU/40Hz10kN/Bearing3_1,-1,test
4589,2,RM_002_XJTU,40Hz10kN/Bearing3_1/2244.csv,0,0,0,2,25600,XJTU/40Hz10kN/Bearing3_1,-1,test
4590,2,RM_002_XJTU,40Hz10kN/Bearing3_1/2245.csv,0,0,0,2,25600,XJTU/40Hz10kN/Bearing3_1,-1,test
4591,2,RM_002_XJTU,40Hz10kN/Bearing3_1/2246.csv,0,0,0,2,25600,XJTU/40Hz10kN/Bearing3_1,-1,test
4592,2,RM_002_XJTU,40Hz10kN/Bearing3_1/2247.csv,0,0,0,2,25600,XJTU/40Hz10kN/Bearing3_1,-1,test
4593,2,RM_002_XJTU,40Hz10kN/Bearing3_1/2248.csv,0,0,0,2,25600,XJTU/40Hz10kN/Bearing3_1,-1,test
4594,2,RM_002_XJTU,40Hz10kN/Bearing3_1/2249.csv,0,0,0,2,25600,XJTU/40Hz10kN/Bearing3_1,-1,test
4595,2,RM_002_XJTU,40Hz10kN/Bearing3_1/2250.csv,0,0,0,2,25600,XJTU/40Hz10kN/Bearing3_1,-1,test
4596,2,RM_002_XJTU,40Hz10kN/Bearing3_1/2251.csv,0,0,0,2,25600,XJTU/40Hz10kN/Bearing3_1,-1,test
4597,2,RM_002_XJTU,40Hz10kN/Bearing3_1/2252.csv,0,0,0,2,25600,XJTU/40Hz10kN/Bearing3_1,-1,test
4598,2,RM_002_XJTU,40Hz10kN/Bearing3_1/2253.csv,0,0,0,2,25600,XJTU/40Hz10kN/Bearing3_1,-1,test
4599,2,RM_002_XJTU,40Hz10kN/Bearing3_1/2254.csv,0,0,0,2,25600,XJTU/40Hz10kN/Bearing3_1,-1,test
4600,2,RM_002_XJTU,40Hz10kN/Bearing3_1/2255.csv,0,0,0,2,25600,XJTU/40Hz10kN/Bearing3_1,-1,test
4601,2,RM_002_XJTU,40Hz10kN/Bearing3_1/2256.csv,0,0,0,2,25600,XJTU/40Hz10kN/Bearing3_1,-1,test
4602,2,RM_002_XJTU,40Hz10kN/Bearing3_1/2257.csv,0,0,0,2,25600,XJTU/40Hz10kN/Bearing3_1,-1,test
4603,2,RM_002_XJTU,40Hz10kN/Bearing3_1/2258.csv,0,0,0,2,25600,XJTU/40Hz10kN/Bearing3_1,-1,test
4604,2,RM_002_XJTU,40Hz10kN/Bearing3_1/2259.csv,0,0,0,2,25600,XJTU/40Hz10kN/Bearing3_1,-1,test
4605,2,RM_002_XJTU,40Hz10kN/Bearing3_1/2260.csv,0,0,0,2,25600,XJTU/40Hz10kN/Bearing3_1,-1,test
4606,2,RM_002_XJTU,40Hz10kN/Bearing3_1/2261.csv,0,0,0,2,25600,XJTU/40Hz10kN/Bearing3_1,-1,test
4607,2,RM_002_XJTU,40Hz10kN/Bearing3_1/2262.csv,0,0,0,2,25600,XJTU/40Hz10kN/Bearing3_1,-1,test
4608,2,RM_002_XJTU,40Hz10kN/Bearing3_1/2263.csv,0,0,0,2,25600,XJTU/40Hz10kN/Bearing3_1,-1,test
4609,2,RM_002_XJTU,40Hz10kN/Bearing3_1/2264.csv,0,0,0,2,25600,XJTU/40Hz10kN/Bearing3_1,-1,test
4610,2,RM_002_XJTU,40Hz10kN/Bearing3_1/2265.csv,0,0,0,2,25600,XJTU/40Hz10kN/Bearing3_1,-1,test
4611,2,RM_002_XJTU,40Hz10kN/Bearing3_1/2266.csv,0,0,0,2,25600,XJTU/40Hz10kN/Bearing3_1,-1,test
4612,2,RM_002_XJTU,40Hz10kN/Bearing3_1/2267.csv,0,0,0,2,25600,XJTU/40Hz10kN/Bearing3_1,-1,test
4613,2,RM_002_XJTU,40Hz10kN/Bearing3_1/2268.csv,0,0,0,2,25600,XJTU/40Hz10kN/Bearing3_1,-1,test
4614,2,RM_002_XJTU,40Hz10kN/Bearing3_1/2269.csv,0,0,0,2,25600,XJTU/40Hz10kN/Bearing3_1,-1,test
4615,2,RM_002_XJTU,40Hz10kN/Bearing3_1/2270.csv,0,0,0,2,25600,XJTU/40Hz10kN/Bearing3_1,-1,test
4616,2,RM_002_XJTU,40Hz10kN/Bearing3_1/2271.csv,0,0,0,2,25600,XJTU/40Hz10kN/Bearing3_1,-1,test
4617,2,RM_002_XJTU,40Hz10kN/Bearing3_1/2272.csv,0,0,0,2,25600,XJTU/40Hz10kN/Bearing3_1,-1,test
4618,2,RM_002_XJTU,40Hz10kN/Bearing3_1/2273.csv,0,0,0,2,25600,XJTU/40Hz10kN/Bearing3_1,-1,test
4619,2,RM_002_XJTU,40Hz10kN/Bearing3_1/2274.csv,0,0,0,2,25600,XJTU/40Hz10kN/Bearing3_1,-1,test
4620,2,RM_002_XJTU,40Hz10kN/Bearing3_1/2275.csv,0,0,0,2,25600,XJTU/40Hz10kN/Bearing3_1,-1,test
4621,2,RM_002_XJTU,40Hz10kN/Bearing3_1/2276.csv,0,0,0,2,25600,XJTU/40Hz10kN/Bearing3_1,-1,test
4622,2,RM_002_XJTU,40Hz10kN/Bearing3_1/2277.csv,0,0,0,2,25600,XJTU/40Hz10kN/Bearing3_1,-1,test
4623,2,RM_002_XJTU,40Hz10kN/Bearing3_1/2278.csv,0,0,0,2,25600,XJTU/40Hz10kN/Bearing3_1,-1,test
4624,2,RM_002_XJTU,40Hz10kN/Bearing3_1/2279.csv,0,0,0,2,25600,XJTU/40Hz10kN/Bearing3_1,-1,test
4625,2,RM_002_XJTU,40Hz10kN/Bearing3_1/2280.csv,0,0,0,2,25600,XJTU/40Hz10kN/Bearing3_1,-1,test
4626,2,RM_002_XJTU,40Hz10kN/Bearing3_1/2281.csv,0,0,0,2,25600,XJTU/40Hz10kN/Bearing3_1,-1,test
4627,2,RM_002_XJTU,40Hz10kN/Bearing3_1/2282.csv,0,0,0,2,25600,XJTU/40Hz10kN/Bearing3_1,-1,test
4628,2,RM_002_XJTU,40Hz10kN/Bearing3_1/2283.csv,0,0,0,2,25600,XJTU/40Hz10kN/Bearing3_1,-1,test
4629,2,RM_002_XJTU,40Hz10kN/Bearing3_1/2284.csv,0,0,0,2,25600,XJTU/40Hz10kN/Bearing3_1,-1,test
4630,2,RM_002_XJTU,40Hz10kN/Bearing3_1/2285.csv,0,0,0,2,25600,XJTU/40Hz10kN/Bearing3_1,-1,test
4783,2,RM_002_XJTU,40Hz10kN/Bearing3_1/2438.csv,11,1,1,2,25600,XJTU/40Hz10kN/Bearing3_1,-1,test
4784,2,RM_002_XJTU,40Hz10kN/Bearing3_1/2439.csv,11,1,1,2,25600,XJTU/40Hz10kN/Bearing3_1,-1,test
4785,2,RM_002_XJTU,40Hz10kN/Bearing3_1/2440.csv,11,1,1,2,25600,XJTU/40Hz10kN/Bearing3_1,-1,test
4786,2,RM_002_XJTU,40Hz10kN/Bearing3_1/2441.csv,11,1,1,2,25600,XJTU/40Hz10kN/Bearing3_1,-1,test
4787,2,RM_002_XJTU,40Hz10kN/Bearing3_1/2442.csv,11,1,1,2,25600,XJTU/40Hz10kN/Bearing3_1,-1,test
4788,2,RM_002_XJTU,40Hz10kN/Bearing3_1/2443.csv,11,1,1,2,25600,XJTU/40Hz10kN/Bearing3_1,-1,test
4789,2,RM_002_XJTU,40Hz10kN/Bearing3_1/2444.csv,11,1,1,2,25600,XJTU/40Hz10kN/Bearing3_1,-1,test
4790,2,RM_002_XJTU,40Hz10kN/Bearing3_1/2445.csv,11,1,1,2,25600,XJTU/40Hz10kN/Bearing3_1,-1,test
4791,2,RM_002_XJTU,40Hz10kN/Bearing3_1/2446.csv,11,1,1,2,25600,XJTU/40Hz10kN/Bearing3_1,-1,test
4792,2,RM_002_XJTU,40Hz10kN/Bearing3_1/2447.csv,11,1,1,2,25600,XJTU/40Hz10kN/Bearing3_1,-1,test
4793,2,RM_002_XJTU,40Hz10kN/Bearing3_1/2448.csv,11,1,1,2,25600,XJTU/40Hz10kN/Bearing3_1,-1,test
4794,2,RM_002_XJTU,40Hz10kN/Bearing3_1/2449.csv,11,1,1,2,25600,XJTU/40Hz10kN/Bearing3_1,-1,test
4795,2,RM_002_XJTU,40Hz10kN/Bearing3_1/2450.csv,11,1,1,2,25600,XJTU/40Hz10kN/Bearing3_1,-1,test
4796,2,RM_002_XJTU,40Hz10kN/Bearing3_1/2451.csv,11,1,1,2,25600,XJTU/40Hz10kN/Bearing3_1,-1,test
4797,2,RM_002_XJTU,40Hz10kN/Bearing3_1/2452.csv,11,1,1,2,25600,XJTU/40Hz10kN/Bearing3_1,-1,test
4798,2,RM_002_XJTU,40Hz10kN/Bearing3_1/2453.csv,11,1,1,2,25600,XJTU/40Hz10kN/Bearing3_1,-1,test
4799,2,RM_002_XJTU,40Hz10kN/Bearing3_1/2454.csv,11,1,1,2,25600,XJTU/40Hz10kN/Bearing3_1,-1,test
4800,2,RM_002_XJTU,40Hz10kN/Bearing3_1/2455.csv,11,1,1,2,25600,XJTU/40Hz10kN/Bearing3_1,-1,test
4801,2,RM_002_XJTU,40Hz10kN/Bearing3_1/2456.csv,11,1,1,2,25600,XJTU/40Hz10kN/Bearing3_1,-1,test
4802,2,RM_002_XJTU,40Hz10kN/Bearing3_1/2457.csv,11,1,1,2,25600,XJTU/40Hz10kN/Bearing3_1,-1,test
4803,2,RM_002_XJTU,40Hz10kN/Bearing3_1/2458.csv,11,1,1,2,25600,XJTU/40Hz10kN/Bearing3_1,-1,test
4804,2,RM_002_XJTU,40Hz10kN/Bearing3_1/2459.csv,11,1,1,2,25600,XJTU/40Hz10kN/Bearing3_1,-1,test
4805,2,RM_002_XJTU,40Hz10kN/Bearing3_1/2460.csv,11,1,1,2,25600,XJTU/40Hz10kN/Bearing3_1,-1,test
4806,2,RM_002_XJTU,40Hz10kN/Bearing3_1/2461.csv,11,1,1,2,25600,XJTU/40Hz10kN/Bearing3_1,-1,test
4807,2,RM_002_XJTU,40Hz10kN/Bearing3_1/2462.csv,11,1,1,2,25600,XJTU/40Hz10kN/Bearing3_1,-1,test
4808,2,RM_002_XJTU,40Hz10kN/Bearing3_1/2463.csv,11,1,1,2,25600,XJTU/40Hz10kN/Bearing3_1,-1,test
4809,2,RM_002_XJTU,40Hz10kN/Bearing3_1/2464.csv,11,1,1,2,25600,XJTU/40Hz10kN/Bearing3_1,-1,test
4810,2,RM_002_XJTU,40Hz10kN/Bearing3_1/2465.csv,11,1,1,2,25600,XJTU/40Hz10kN/Bearing3_1,-1,test
4811,2,RM_002_XJTU,40Hz10kN/Bearing3_1/2466.csv,11,1,1,2,25600,XJTU/40Hz10kN/Bearing3_1,-1,test
4812,2,RM_002_XJTU,40Hz10kN/Bearing3_1/2467.csv,11,1,1,2,25600,XJTU/40Hz10kN/Bearing3_1,-1,test
4813,2,RM_002_XJTU,40Hz10kN/Bearing3_1/2468.csv,11,1,1,2,25600,XJTU/40Hz10kN/Bearing3_1,-1,test
4814,2,RM_002_XJTU,40Hz10kN/Bearing3_1/2469.csv,11,1,1,2,25600,XJTU/40Hz10kN/Bearing3_1,-1,test
4815,2,RM_002_XJTU,40Hz10kN/Bearing3_1/2470.csv,11,1,1,2,25600,XJTU/40Hz10kN/Bearing3_1,-1,test
4816,2,RM_002_XJTU,40Hz10kN/Bearing3_1/2471.csv,11,1,1,2,25600,XJTU/40Hz10kN/Bearing3_1,-1,test
4817,2,RM_002_XJTU,40Hz10kN/Bearing3_1/2472.csv,11,1,1,2,25600,XJTU/40Hz10kN/Bearing3_1,-1,test
4818,2,RM_002_XJTU,40Hz10kN/Bearing3_1/2473.csv,11,1,1,2,25600,XJTU/40Hz10kN/Bearing3_1,-1,test
4819,2,RM_002_XJTU,40Hz10kN/Bearing3_1/2474.csv,11,1,1,2,25600,XJTU/40Hz10kN/Bearing3_1,-1,test
4820,2,RM_002_XJTU,40Hz10kN/Bearing3_1/2475.csv,11,1,1,2,25600,XJTU/40Hz10kN/Bearing3_1,-1,test
4821,2,RM_002_XJTU,40Hz10kN/Bearing3_1/2476.csv,11,1,1,2,25600,XJTU/40Hz10kN/Bearing3_1,-1,test
4822,2,RM_002_XJTU,40Hz10kN/Bearing3_1/2477.csv,11,1,1,2,25600,XJTU/40Hz10kN/Bearing3_1,-1,test
4823,2,RM_002_XJTU,40Hz10kN/Bearing3_1/2478.csv,11,1,1,2,25600,XJTU/40Hz10kN/Bearing3_1,-1,test
4824,2,RM_002_XJTU,40Hz10kN/Bearing3_1/2479.csv,11,1,1,2,25600,XJTU/40Hz10kN/Bearing3_1,-1,test
4825,2,RM_002_XJTU,40Hz10kN/Bearing3_1/2480.csv,11,1,1,2,25600,XJTU/40Hz10kN/Bearing3_1,-1,test
4826,2,RM_002_XJTU,40Hz10kN/Bearing3_1/2481.csv,11,1,1,2,25600,XJTU/40Hz10kN/Bearing3_1,-1,test
4827,2,RM_002_XJTU,40Hz10kN/Bearing3_1/2482.csv,11,1,1,2,25600,XJTU/40Hz10kN/Bearing3_1,-1,test
4828,2,RM_002_XJTU,40Hz10kN/Bearing3_1/2483.csv,11,1,1,2,25600,XJTU/40Hz10kN/Bearing3_1,-1,test
4829,2,RM_002_XJTU,40Hz10kN/Bearing3_1/2484.csv,11,1,1,2,25600,XJTU/40Hz10kN/Bearing3_1,-1,test
4830,2,RM_002_XJTU,40Hz10kN/Bearing3_1/2485.csv,11,1,1,2,25600,XJTU/40Hz10kN/Bearing3_1,-1,test
4831,2,RM_002_XJTU,40Hz10kN/Bearing3_1/2486.csv,11,1,1,2,25600,XJTU/40Hz10kN/Bearing3_1,-1,test
4832,2,RM_002_XJTU,40Hz10kN/Bearing3_1/2487.csv,11,1,1,2,25600,XJTU/40Hz10kN/Bearing3_1,-1,test
4833,2,RM_002_XJTU,40Hz10kN/Bearing3_1/2488.csv,11,1,1,2,25600,XJTU/40Hz10kN/Bearing3_1,-1,test
4834,2,RM_002_XJTU,40Hz10kN/Bearing3_1/2489.csv,11,1,1,2,25600,XJTU/40Hz10kN/Bearing3_1,-1,test
4835,2,RM_002_XJTU,40Hz10kN/Bearing3_1/2490.csv,11,1,1,2,25600,XJTU/40Hz10kN/Bearing3_1,-1,test
4836,2,RM_002_XJTU,40Hz10kN/Bearing3_1/2491.csv,11,1,1,2,25600,XJTU/40Hz10kN/Bearing3_1,-1,test
4837,2,RM_002_XJTU,40Hz10kN/Bearing3_1/2492.csv,11,1,1,2,25600,XJTU/40Hz10kN/Bearing3_1,-1,test
4838,2,RM_002_XJTU,40Hz10kN/Bearing3_1/2493.csv,11,1,1,2,25600,XJTU/40Hz10kN/Bearing3_1,-1,test
4839,2,RM_002_XJTU,40Hz10kN/Bearing3_1/2494.csv,11,1,1,2,25600,XJTU/40Hz10kN/Bearing3_1,-1,test
4840,2,RM_002_XJTU,40Hz10kN/Bearing3_1/2495.csv,11,1,1,2,25600,XJTU/40Hz10kN/Bearing3_1,-1,test
4841,2,RM_002_XJTU,40Hz10kN/Bearing3_1/2496.csv,11,1,1,2,25600,XJTU/40Hz10kN/Bearing3_1,-1,test
4842,2,RM_002_XJTU,40Hz10kN/Bearing3_1/2497.csv,11,1,1,2,25600,XJTU/40Hz10kN/Bearing3_1,-1,test
4843,2,RM_002_XJTU,40Hz10kN/Bearing3_1/2498.csv,11,1,1,2,25600,XJTU/40Hz10kN/Bearing3_1,-1,test
4844,2,RM_002_XJTU,40Hz10kN/Bearing3_1/2499.csv,11,1,1,2,25600,XJTU/40Hz10kN/Bearing3_1,-1,test
4845,2,RM_002_XJTU,40Hz10kN/Bearing3_1/2500.csv,11,1,1,2,25600,XJTU/40Hz10kN/Bearing3_1,-1,test
4846,2,RM_002_XJTU,40Hz10kN/Bearing3_1/2501.csv,11,1,1,2,25600,XJTU/40Hz10kN/Bearing3_1,-1,test
4847,2,RM_002_XJTU,40Hz10kN/Bearing3_1/2502.csv,11,1,1,2,25600,XJTU/40Hz10kN/Bearing3_1,-1,test
4848,2,RM_002_XJTU,40Hz10kN/Bearing3_1/2503.csv,11,1,1,2,25600,XJTU/40Hz10kN/Bearing3_1,-1,test
4849,2,RM_002_XJTU,40Hz10kN/Bearing3_1/2504.csv,11,1,1,2,25600,XJTU/40Hz10kN/Bearing3_1,-1,test
4850,2,RM_002_XJTU,40Hz10kN/Bearing3_1/2505.csv,11,1,1,2,25600,XJTU/40Hz10kN/Bearing3_1,-1,test
4851,2,RM_002_XJTU,40Hz10kN/Bearing3_1/2506.csv,11,1,1,2,25600,XJTU/40Hz10kN/Bearing3_1,-1,test
4852,2,RM_002_XJTU,40Hz10kN/Bearing3_1/2507.csv,11,1,1,2,25600,XJTU/40Hz10kN/Bearing3_1,-1,test
4853,2,RM_002_XJTU,40Hz10kN/Bearing3_1/2508.csv,11,1,1,2,25600,XJTU/40Hz10kN/Bearing3_1,-1,test
4854,2,RM_002_XJTU,40Hz10kN/Bearing3_1/2509.csv,11,1,1,2,25600,XJTU/40Hz10kN/Bearing3_1,-1,test
4855,2,RM_002_XJTU,40Hz10kN/Bearing3_1/2510.csv,11,1,1,2,25600,XJTU/40Hz10kN/Bearing3_1,-1,test
4856,2,RM_002_XJTU,40Hz10kN/Bearing3_1/2511.csv,11,1,1,2,25600,XJTU/40Hz10kN/Bearing3_1,-1,test
4857,2,RM_002_XJTU,40Hz10kN/Bearing3_1/2512.csv,11,1,1,2,25600,XJTU/40Hz10kN/Bearing3_1,-1,test
4858,2,RM_002_XJTU,40Hz10kN/Bearing3_1/2513.csv,11,1,1,2,25600,XJTU/40Hz10kN/Bearing3_1,-1,test
4859,2,RM_002_XJTU,40Hz10kN/Bearing3_1/2514.csv,11,1,1,2,25600,XJTU/40Hz10kN/Bearing3_1,-1,test
4860,2,RM_002_XJTU,40Hz10kN/Bearing3_1/2515.csv,11,1,1,2,25600,XJTU/40Hz10kN/Bearing3_1,-1,test
4861,2,RM_002_XJTU,40Hz10kN/Bearing3_1/2516.csv,11,1,1,2,25600,XJTU/40Hz10kN/Bearing3_1,-1,test
4862,2,RM_002_XJTU,40Hz10kN/Bearing3_1/2517.csv,11,1,1,2,25600,XJTU/40Hz10kN/Bearing3_1,-1,test
4863,2,RM_002_XJTU,40Hz10kN/Bearing3_1/2518.csv,11,1,1,2,25600,XJTU/40Hz10kN/Bearing3_1,-1,test
4864,2,RM_002_XJTU,40Hz10kN/Bearing3_1/2519.csv,11,1,1,2,25600,XJTU/40Hz10kN/Bearing3_1,-1,test
4865,2,RM_002_XJTU,40Hz10kN/Bearing3_1/2520.csv,11,1,1,2,25600,XJTU/40Hz10kN/Bearing3_1,-1,test
4866,2,RM_002_XJTU,40Hz10kN/Bearing3_1/2521.csv,11,1,1,2,25600,XJTU/40Hz10kN/Bearing3_1,-1,test
4867,2,RM_002_XJTU,40Hz10kN/Bearing3_1/2522.csv,11,1,1,2,25600,XJTU/40Hz10kN/Bearing3_1,-1,test
4868,2,RM_002_XJTU,40Hz10kN/Bearing3_1/2523.csv,11,1,1,2,25600,XJTU/40Hz10kN/Bearing3_1,-1,test
4869,2,RM_002_XJTU,40Hz10kN/Bearing3_1/2524.csv,11,1,1,2,25600,XJTU/40Hz10kN/Bearing3_1,-1,test
4870,2,RM_002_XJTU,40Hz10kN/Bearing3_1/2525.csv,11,1,1,2,25600,XJTU/40Hz10kN/Bearing3_1,-1,test
4871,2,RM_002_XJTU,40Hz10kN/Bearing3_1/2526.csv,11,1,1,2,25600,XJTU/40Hz10kN/Bearing3_1,-1,test
4872,2,RM_002_XJTU,40Hz10kN/Bearing3_1/2527.csv,11,1,1,2,25600,XJTU/40Hz10kN/Bearing3_1,-1,test
4873,2,RM_002_XJTU,40Hz10kN/Bearing3_1/2528.csv,11,1,1,2,25600,XJTU/40Hz10kN/Bearing3_1,-1,test
4874,2,RM_002_XJTU,40Hz10kN/Bearing3_1/2529.csv,11,1,1,2,25600,XJTU/40Hz10kN/Bearing3_1,-1,test
4875,2,RM_002_XJTU,40Hz10kN/Bearing3_1/2530.csv,11,1,1,2,25600,XJTU/40Hz10kN/Bearing3_1,-1,test
4876,2,RM_002_XJTU,40Hz10kN/Bearing3_1/2531.csv,11,1,1,2,25600,XJTU/40Hz10kN/Bearing3_1,-1,test
4877,2,RM_002_XJTU,40Hz10kN/Bearing3_1/2532.csv,11,1,1,2,25600,XJTU/40Hz10kN/Bearing3_1,-1,test
4878,2,RM_002_XJTU,40Hz10kN/Bearing3_1/2533.csv,11,1,1,2,25600,XJTU/40Hz10kN/Bearing3_1,-1,test
4879,2,RM_002_XJTU,40Hz10kN/Bearing3_1/2534.csv,11,1,1,2,25600,XJTU/40Hz10kN/Bearing3_1,-1,test
4880,2,RM_002_XJTU,40Hz10kN/Bearing3_1/2535.csv,11,1,1,2,25600,XJTU/40Hz10kN/Bearing3_1,-1,test
4881,2,RM_002_XJTU,40Hz10kN/Bearing3_1/2536.csv,11,1,1,2,25600,XJTU/40Hz10kN/Bearing3_1,-1,test
4882,2,RM_002_XJTU,40Hz10kN/Bearing3_1/2537.csv,11,1,1,2,25600,XJTU/40Hz10kN/Bearing3_1,-1,test
4883,2,RM_002_XJTU,40Hz10kN/Bearing3_1/2538.csv,11,1,1,2,25600,XJTU/40Hz10kN/Bearing3_1,-1,test
4884,2,RM_002_XJTU,40Hz10kN/Bearing3_2/1.csv,0,0,0,2,25600,XJTU/40Hz10kN/Bearing3_2,-1,test
4885,2,RM_002_XJTU,40Hz10kN/Bearing3_2/2.csv,0,0,0,2,25600,XJTU/40Hz10kN/Bearing3_2,-1,test
4886,2,RM_002_XJTU,40Hz10kN/Bearing3_2/3.csv,0,0,0,2,25600,XJTU/40Hz10kN/Bearing3_2,-1,test
4887,2,RM_002_XJTU,40Hz10kN/Bearing3_2/4.csv,0,0,0,2,25600,XJTU/40Hz10kN/Bearing3_2,-1,test
4888,2,RM_002_XJTU,40Hz10kN/Bearing3_2/5.csv,0,0,0,2,25600,XJTU/40Hz10kN/Bearing3_2,-1,test
4889,2,RM_002_XJTU,40Hz10kN/Bearing3_2/6.csv,0,0,0,2,25600,XJTU/40Hz10kN/Bearing3_2,-1,test
4890,2,RM_002_XJTU,40Hz10kN/Bearing3_2/7.csv,0,0,0,2,25600,XJTU/40Hz10kN/Bearing3_2,-1,test
4891,2,RM_002_XJTU,40Hz10kN/Bearing3_2/8.csv,0,0,0,2,25600,XJTU/40Hz10kN/Bearing3_2,-1,test
4892,2,RM_002_XJTU,40Hz10kN/Bearing3_2/9.csv,0,0,0,2,25600,XJTU/40Hz10kN/Bearing3_2,-1,test
4893,2,RM_002_XJTU,40Hz10kN/Bearing3_2/10.csv,0,0,0,2,25600,XJTU/40Hz10kN/Bearing3_2,-1,test
4894,2,RM_002_XJTU,40Hz10kN/Bearing3_2/11.csv,0,0,0,2,25600,XJTU/40Hz10kN/Bearing3_2,-1,test
4895,2,RM_002_XJTU,40Hz10kN/Bearing3_2/12.csv,0,0,0,2,25600,XJTU/40Hz10kN/Bearing3_2,-1,test
4896,2,RM_002_XJTU,40Hz10kN/Bearing3_2/13.csv,0,0,0,2,25600,XJTU/40Hz10kN/Bearing3_2,-1,test
4897,2,RM_002_XJTU,40Hz10kN/Bearing3_2/14.csv,0,0,0,2,25600,XJTU/40Hz10kN/Bearing3_2,-1,test
4898,2,RM_002_XJTU,40Hz10kN/Bearing3_2/15.csv,0,0,0,2,25600,XJTU/40Hz10kN/Bearing3_2,-1,test
4899,2,RM_002_XJTU,40Hz10kN/Bearing3_2/16.csv,0,0,0,2,25600,XJTU/40Hz10kN/Bearing3_2,-1,test
4900,2,RM_002_XJTU,40Hz10kN/Bearing3_2/17.csv,0,0,0,2,25600,XJTU/40Hz10kN/Bearing3_2,-1,test
4901,2,RM_002_XJTU,40Hz10kN/Bearing3_2/18.csv,0,0,0,2,25600,XJTU/40Hz10kN/Bearing3_2,-1,test
4902,2,RM_002_XJTU,40Hz10kN/Bearing3_2/19.csv,0,0,0,2,25600,XJTU/40Hz10kN/Bearing3_2,-1,test
4903,2,RM_002_XJTU,40Hz10kN/Bearing3_2/20.csv,0,0,0,2,25600,XJTU/40Hz10kN/Bearing3_2,-1,test
4904,2,RM_002_XJTU,40Hz10kN/Bearing3_2/21.csv,0,0,0,2,25600,XJTU/40Hz10kN/Bearing3_2,-1,test
4905,2,RM_002_XJTU,40Hz10kN/Bearing3_2/22.csv,0,0,0,2,25600,XJTU/40Hz10kN/Bearing3_2,-1,test
4906,2,RM_002_XJTU,40Hz10kN/Bearing3_2/23.csv,0,0,0,2,25600,XJTU/40Hz10kN/Bearing3_2,-1,test
4907,2,RM_002_XJTU,40Hz10kN/Bearing3_2/24.csv,0,0,0,2,25600,XJTU/40Hz10kN/Bearing3_2,-1,test
4908,2,RM_002_XJTU,40Hz10kN/Bearing3_2/25.csv,0,0,0,2,25600,XJTU/40Hz10kN/Bearing3_2,-1,test
4909,2,RM_002_XJTU,40Hz10kN/Bearing3_2/26.csv,0,0,0,2,25600,XJTU/40Hz10kN/Bearing3_2,-1,test
4910,2,RM_002_XJTU,40Hz10kN/Bearing3_2/27.csv,0,0,0,2,25600,XJTU/40Hz10kN/Bearing3_2,-1,test
4911,2,RM_002_XJTU,40Hz10kN/Bearing3_2/28.csv,0,0,0,2,25600,XJTU/40Hz10kN/Bearing3_2,-1,test
4912,2,RM_002_XJTU,40Hz10kN/Bearing3_2/29.csv,0,0,0,2,25600,XJTU/40Hz10kN/Bearing3_2,-1,test
4913,2,RM_002_XJTU,40Hz10kN/Bearing3_2/30.csv,0,0,0,2,25600,XJTU/40Hz10kN/Bearing3_2,-1,test
4914,2,RM_002_XJTU,40Hz10kN/Bearing3_2/31.csv,0,0,0,2,25600,XJTU/40Hz10kN/Bearing3_2,-1,test
4915,2,RM_002_XJTU,40Hz10kN/Bearing3_2/32.csv,0,0,0,2,25600,XJTU/40Hz10kN/Bearing3_2,-1,test
4916,2,RM_002_XJTU,40Hz10kN/Bearing3_2/33.csv,0,0,0,2,25600,XJTU/40Hz10kN/Bearing3_2,-1,test
4917,2,RM_002_XJTU,40Hz10kN/Bearing3_2/34.csv,0,0,0,2,25600,XJTU/40Hz10kN/Bearing3_2,-1,test
4918,2,RM_002_XJTU,40Hz10kN/Bearing3_2/35.csv,0,0,0,2,25600,XJTU/40Hz10kN/Bearing3_2,-1,test
4919,2,RM_002_XJTU,40Hz10kN/Bearing3_2/36.csv,0,0,0,2,25600,XJTU/40Hz10kN/Bearing3_2,-1,test
4920,2,RM_002_XJTU,40Hz10kN/Bearing3_2/37.csv,0,0,0,2,25600,XJTU/40Hz10kN/Bearing3_2,-1,test
4921,2,RM_002_XJTU,40Hz10kN/Bearing3_2/38.csv,0,0,0,2,25600,XJTU/40Hz10kN/Bearing3_2,-1,test
4922,2,RM_002_XJTU,40Hz10kN/Bearing3_2/39.csv,0,0,0,2,25600,XJTU/40Hz10kN/Bearing3_2,-1,test
4923,2,RM_002_XJTU,40Hz10kN/Bearing3_2/40.csv,0,0,0,2,25600,XJTU/40Hz10kN/Bearing3_2,-1,test
4924,2,RM_002_XJTU,40Hz10kN/Bearing3_2/41.csv,0,0,0,2,25600,XJTU/40Hz10kN/Bearing3_2,-1,test
4925,2,RM_002_XJTU,40Hz10kN/Bearing3_2/42.csv,0,0,0,2,25600,XJTU/40Hz10kN/Bearing3_2,-1,test
4926,2,RM_002_XJTU,40Hz10kN/Bearing3_2/43.csv,0,0,0,2,25600,XJTU/40Hz10kN/Bearing3_2,-1,test
4927,2,RM_002_XJTU,40Hz10kN/Bearing3_2/44.csv,0,0,0,2,25600,XJTU/40Hz10kN/Bearing3_2,-1,test
4928,2,RM_002_XJTU,40Hz10kN/Bearing3_2/45.csv,0,0,0,2,25600,XJTU/40Hz10kN/Bearing3_2,-1,test
4929,2,RM_002_XJTU,40Hz10kN/Bearing3_2/46.csv,0,0,0,2,25600,XJTU/40Hz10kN/Bearing3_2,-1,test
4930,2,RM_002_XJTU,40Hz10kN/Bearing3_2/47.csv,0,0,0,2,25600,XJTU/40Hz10kN/Bearing3_2,-1,test
4931,2,RM_002_XJTU,40Hz10kN/Bearing3_2/48.csv,0,0,0,2,25600,XJTU/40Hz10kN/Bearing3_2,-1,test
4932,2,RM_002_XJTU,40Hz10kN/Bearing3_2/49.csv,0,0,0,2,25600,XJTU/40Hz10kN/Bearing3_2,-1,test
4933,2,RM_002_XJTU,40Hz10kN/Bearing3_2/50.csv,0,0,0,2,25600,XJTU/40Hz10kN/Bearing3_2,-1,test
4934,2,RM_002_XJTU,40Hz10kN/Bearing3_2/51.csv,0,0,0,2,25600,XJTU/40Hz10kN/Bearing3_2,-1,test
4935,2,RM_002_XJTU,40Hz10kN/Bearing3_2/52.csv,0,0,0,2,25600,XJTU/40Hz10kN/Bearing3_2,-1,test
4936,2,RM_002_XJTU,40Hz10kN/Bearing3_2/53.csv,0,0,0,2,25600,XJTU/40Hz10kN/Bearing3_2,-1,test
4937,2,RM_002_XJTU,40Hz10kN/Bearing3_2/54.csv,0,0,0,2,25600,XJTU/40Hz10kN/Bearing3_2,-1,test
4938,2,RM_002_XJTU,40Hz10kN/Bearing3_2/55.csv,0,0,0,2,25600,XJTU/40Hz10kN/Bearing3_2,-1,test
4939,2,RM_002_XJTU,40Hz10kN/Bearing3_2/56.csv,0,0,0,2,25600,XJTU/40Hz10kN/Bearing3_2,-1,test
4940,2,RM_002_XJTU,40Hz10kN/Bearing3_2/57.csv,0,0,0,2,25600,XJTU/40Hz10kN/Bearing3_2,-1,test
4941,2,RM_002_XJTU,40Hz10kN/Bearing3_2/58.csv,0,0,0,2,25600,XJTU/40Hz10kN/Bearing3_2,-1,test
4942,2,RM_002_XJTU,40Hz10kN/Bearing3_2/59.csv,0,0,0,2,25600,XJTU/40Hz10kN/Bearing3_2,-1,test
4943,2,RM_002_XJTU,40Hz10kN/Bearing3_2/60.csv,0,0,0,2,25600,XJTU/40Hz10kN/Bearing3_2,-1,test
4944,2,RM_002_XJTU,40Hz10kN/Bearing3_2/61.csv,0,0,0,2,25600,XJTU/40Hz10kN/Bearing3_2,-1,test
4945,2,RM_002_XJTU,40Hz10kN/Bearing3_2/62.csv,0,0,0,2,25600,XJTU/40Hz10kN/Bearing3_2,-1,test
4946,2,RM_002_XJTU,40Hz10kN/Bearing3_2/63.csv,0,0,0,2,25600,XJTU/40Hz10kN/Bearing3_2,-1,test
4947,2,RM_002_XJTU,40Hz10kN/Bearing3_2/64.csv,0,0,0,2,25600,XJTU/40Hz10kN/Bearing3_2,-1,test
4948,2,RM_002_XJTU,40Hz10kN/Bearing3_2/65.csv,0,0,0,2,25600,XJTU/40Hz10kN/Bearing3_2,-1,test
4949,2,RM_002_XJTU,40Hz10kN/Bearing3_2/66.csv,0,0,0,2,25600,XJTU/40Hz10kN/Bearing3_2,-1,test
4950,2,RM_002_XJTU,40Hz10kN/Bearing3_2/67.csv,0,0,0,2,25600,XJTU/40Hz10kN/Bearing3_2,-1,test
4951,2,RM_002_XJTU,40Hz10kN/Bearing3_2/68.csv,0,0,0,2,25600,XJTU/40Hz10kN/Bearing3_2,-1,test
4952,2,RM_002_XJTU,40Hz10kN/Bearing3_2/69.csv,0,0,0,2,25600,XJTU/40Hz10kN/Bearing3_2,-1,test
4953,2,RM_002_XJTU,40Hz10kN/Bearing3_2/70.csv,0,0,0,2,25600,XJTU/40Hz10kN/Bearing3_2,-1,test
4954,2,RM_002_XJTU,40Hz10kN/Bearing3_2/71.csv,0,0,0,2,25600,XJTU/40Hz10kN/Bearing3_2,-1,test
4955,2,RM_002_XJTU,40Hz10kN/Bearing3_2/72.csv,0,0,0,2,25600,XJTU/40Hz10kN/Bearing3_2,-1,test
4956,2,RM_002_XJTU,40Hz10kN/Bearing3_2/73.csv,0,0,0,2,25600,XJTU/40Hz10kN/Bearing3_2,-1,test
4957,2,RM_002_XJTU,40Hz10kN/Bearing3_2/74.csv,0,0,0,2,25600,XJTU/40Hz10kN/Bearing3_2,-1,test
4958,2,RM_002_XJTU,40Hz10kN/Bearing3_2/75.csv,0,0,0,2,25600,XJTU/40Hz10kN/Bearing3_2,-1,test
4959,2,RM_002_XJTU,40Hz10kN/Bearing3_2/76.csv,0,0,0,2,25600,XJTU/40Hz10kN/Bearing3_2,-1,test
4960,2,RM_002_XJTU,40Hz10kN/Bearing3_2/77.csv,0,0,0,2,25600,XJTU/40Hz10kN/Bearing3_2,-1,test
4961,2,RM_002_XJTU,40Hz10kN/Bearing3_2/78.csv,0,0,0,2,25600,XJTU/40Hz10kN/Bearing3_2,-1,test
4962,2,RM_002_XJTU,40Hz10kN/Bearing3_2/79.csv,0,0,0,2,25600,XJTU/40Hz10kN/Bearing3_2,-1,test
4963,2,RM_002_XJTU,40Hz10kN/Bearing3_2/80.csv,0,0,0,2,25600,XJTU/40Hz10kN/Bearing3_2,-1,test
4964,2,RM_002_XJTU,40Hz10kN/Bearing3_2/81.csv,0,0,0,2,25600,XJTU/40Hz10kN/Bearing3_2,-1,test
4965,2,RM_002_XJTU,40Hz10kN/Bearing3_2/82.csv,0,0,0,2,25600,XJTU/40Hz10kN/Bearing3_2,-1,test
4966,2,RM_002_XJTU,40Hz10kN/Bearing3_2/83.csv,0,0,0,2,25600,XJTU/40Hz10kN/Bearing3_2,-1,test
4967,2,RM_002_XJTU,40Hz10kN/Bearing3_2/84.csv,0,0,0,2,25600,XJTU/40Hz10kN/Bearing3_2,-1,test
4968,2,RM_002_XJTU,40Hz10kN/Bearing3_2/85.csv,0,0,0,2,25600,XJTU/40Hz10kN/Bearing3_2,-1,test
4969,2,RM_002_XJTU,40Hz10kN/Bearing3_2/86.csv,0,0,0,2,25600,XJTU/40Hz10kN/Bearing3_2,-1,test
4970,2,RM_002_XJTU,40Hz10kN/Bearing3_2/87.csv,0,0,0,2,25600,XJTU/40Hz10kN/Bearing3_2,-1,test
4971,2,RM_002_XJTU,40Hz10kN/Bearing3_2/88.csv,0,0,0,2,25600,XJTU/40Hz10kN/Bearing3_2,-1,test
4972,2,RM_002_XJTU,40Hz10kN/Bearing3_2/89.csv,0,0,0,2,25600,XJTU/40Hz10kN/Bearing3_2,-1,test
4973,2,RM_002_XJTU,40Hz10kN/Bearing3_2/90.csv,0,0,0,2,25600,XJTU/40Hz10kN/Bearing3_2,-1,test
4974,2,RM_002_XJTU,40Hz10kN/Bearing3_2/91.csv,0,0,0,2,25600,XJTU/40Hz10kN/Bearing3_2,-1,test
4975,2,RM_002_XJTU,40Hz10kN/Bearing3_2/92.csv,0,0,0,2,25600,XJTU/40Hz10kN/Bearing3_2,-1,test
4976,2,RM_002_XJTU,40Hz10kN/Bearing3_2/93.csv,0,0,0,2,25600,XJTU/40Hz10kN/Bearing3_2,-1,test
4977,2,RM_002_XJTU,40Hz10kN/Bearing3_2/94.csv,0,0,0,2,25600,XJTU/40Hz10kN/Bearing3_2,-1,test
4978,2,RM_002_XJTU,40Hz10kN/Bearing3_2/95.csv,0,0,0,2,25600,XJTU/40Hz10kN/Bearing3_2,-1,test
4979,2,RM_002_XJTU,40Hz10kN/Bearing3_2/96.csv,0,0,0,2,25600,XJTU/40Hz10kN/Bearing3_2,-1,test
4980,2,RM_002_XJTU,40Hz10kN/Bearing3_2/97.csv,0,0,0,2,25600,XJTU/40Hz10kN/Bearing3_2,-1,test
4981,2,RM_002_XJTU,40Hz10kN/Bearing3_2/98.csv,0,0,0,2,25600,XJTU/40Hz10kN/Bearing3_2,-1,test
4982,2,RM_002_XJTU,40Hz10kN/Bearing3_2/99.csv,0,0,0,2,25600,XJTU/40Hz10kN/Bearing3_2,-1,test
4983,2,RM_002_XJTU,40Hz10kN/Bearing3_2/100.csv,0,0,0,2,25600,XJTU/40Hz10kN/Bearing3_2,-1,test
4984,2,RM_002_XJTU,40Hz10kN/Bearing3_2/101.csv,0,0,0,2,25600,XJTU/40Hz10kN/Bearing3_2,-1,test
4985,2,RM_002_XJTU,40Hz10kN/Bearing3_2/102.csv,0,0,0,2,25600,XJTU/40Hz10kN/Bearing3_2,-1,test
4986,2,RM_002_XJTU,40Hz10kN/Bearing3_2/103.csv,0,0,0,2,25600,XJTU/40Hz10kN/Bearing3_2,-1,test
4987,2,RM_002_XJTU,40Hz10kN/Bearing3_2/104.csv,0,0,0,2,25600,XJTU/40Hz10kN/Bearing3_2,-1,test
4988,2,RM_002_XJTU,40Hz10kN/Bearing3_2/105.csv,0,0,0,2,25600,XJTU/40Hz10kN/Bearing3_2,-1,test
4989,2,RM_002_XJTU,40Hz10kN/Bearing3_2/106.csv,0,0,0,2,25600,XJTU/40Hz10kN/Bearing3_2,-1,test
4990,2,RM_002_XJTU,40Hz10kN/Bearing3_2/107.csv,0,0,0,2,25600,XJTU/40Hz10kN/Bearing3_2,-1,test
4991,2,RM_002_XJTU,40Hz10kN/Bearing3_2/108.csv,0,0,0,2,25600,XJTU/40Hz10kN/Bearing3_2,-1,test
4992,2,RM_002_XJTU,40Hz10kN/Bearing3_2/109.csv,0,0,0,2,25600,XJTU/40Hz10kN/Bearing3_2,-1,test
4993,2,RM_002_XJTU,40Hz10kN/Bearing3_2/110.csv,0,0,0,2,25600,XJTU/40Hz10kN/Bearing3_2,-1,test
4994,2,RM_002_XJTU,40Hz10kN/Bearing3_2/111.csv,0,0,0,2,25600,XJTU/40Hz10kN/Bearing3_2,-1,test
4995,2,RM_002_XJTU,40Hz10kN/Bearing3_2/112.csv,0,0,0,2,25600,XJTU/40Hz10kN/Bearing3_2,-1,test
4996,2,RM_002_XJTU,40Hz10kN/Bearing3_2/113.csv,0,0,0,2,25600,XJTU/40Hz10kN/Bearing3_2,-1,test
4997,2,RM_002_XJTU,40Hz10kN/Bearing3_2/114.csv,0,0,0,2,25600,XJTU/40Hz10kN/Bearing3_2,-1,test
4998,2,RM_002_XJTU,40Hz10kN/Bearing3_2/115.csv,0,0,0,2,25600,XJTU/40Hz10kN/Bearing3_2,-1,test
4999,2,RM_002_XJTU,40Hz10kN/Bearing3_2/116.csv,0,0,0,2,25600,XJTU/40Hz10kN/Bearing3_2,-1,test
5000,2,RM_002_XJTU,40Hz10kN/Bearing3_2/117.csv,0,0,0,2,25600,XJTU/40Hz10kN/Bearing3_2,-1,test
5001,2,RM_002_XJTU,40Hz10kN/Bearing3_2/118.csv,0,0,0,2,25600,XJTU/40Hz10kN/Bearing3_2,-1,test
5002,2,RM_002_XJTU,40Hz10kN/Bearing3_2/119.csv,0,0,0,2,25600,XJTU/40Hz10kN/Bearing3_2,-1,test
5003,2,RM_002_XJTU,40Hz10kN/Bearing3_2/120.csv,0,0,0,2,25600,XJTU/40Hz10kN/Bearing3_2,-1,test
5004,2,RM_002_XJTU,40Hz10kN/Bearing3_2/121.csv,0,0,0,2,25600,XJTU/40Hz10kN/Bearing3_2,-1,test
5005,2,RM_002_XJTU,40Hz10kN/Bearing3_2/122.csv,0,0,0,2,25600,XJTU/40Hz10kN/Bearing3_2,-1,test
5006,2,RM_002_XJTU,40Hz10kN/Bearing3_2/123.csv,0,0,0,2,25600,XJTU/40Hz10kN/Bearing3_2,-1,test
5007,2,RM_002_XJTU,40Hz10kN/Bearing3_2/124.csv,0,0,0,2,25600,XJTU/40Hz10kN/Bearing3_2,-1,test
5008,2,RM_002_XJTU,40Hz10kN/Bearing3_2/125.csv,0,0,0,2,25600,XJTU/40Hz10kN/Bearing3_2,-1,test
5009,2,RM_002_XJTU,40Hz10kN/Bearing3_2/126.csv,0,0,0,2,25600,XJTU/40Hz10kN/Bearing3_2,-1,test
5010,2,RM_002_XJTU,40Hz10kN/Bearing3_2/127.csv,0,0,0,2,25600,XJTU/40Hz10kN/Bearing3_2,-1,test
5011,2,RM_002_XJTU,40Hz10kN/Bearing3_2/128.csv,0,0,0,2,25600,XJTU/40Hz10kN/Bearing3_2,-1,test
5012,2,RM_002_XJTU,40Hz10kN/Bearing3_2/129.csv,0,0,0,2,25600,XJTU/40Hz10kN/Bearing3_2,-1,test
5013,2,RM_002_XJTU,40Hz10kN/Bearing3_2/130.csv,0,0,0,2,25600,XJTU/40Hz10kN/Bearing3_2,-1,test
5014,2,RM_002_XJTU,40Hz10kN/Bearing3_2/131.csv,0,0,0,2,25600,XJTU/40Hz10kN/Bearing3_2,-1,test
5015,2,RM_002_XJTU,40Hz10kN/Bearing3_2/132.csv,0,0,0,2,25600,XJTU/40Hz10kN/Bearing3_2,-1,test
5016,2,RM_002_XJTU,40Hz10kN/Bearing3_2/133.csv,0,0,0,2,25600,XJTU/40Hz10kN/Bearing3_2,-1,test
5017,2,RM_002_XJTU,40Hz10kN/Bearing3_2/134.csv,0,0,0,2,25600,XJTU/40Hz10kN/Bearing3_2,-1,test
5018,2,RM_002_XJTU,40Hz10kN/Bearing3_2/135.csv,0,0,0,2,25600,XJTU/40Hz10kN/Bearing3_2,-1,test
5019,2,RM_002_XJTU,40Hz10kN/Bearing3_2/136.csv,0,0,0,2,25600,XJTU/40Hz10kN/Bearing3_2,-1,test
5020,2,RM_002_XJTU,40Hz10kN/Bearing3_2/137.csv,0,0,0,2,25600,XJTU/40Hz10kN/Bearing3_2,-1,test
5021,2,RM_002_XJTU,40Hz10kN/Bearing3_2/138.csv,0,0,0,2,25600,XJTU/40Hz10kN/Bearing3_2,-1,test
5022,2,RM_002_XJTU,40Hz10kN/Bearing3_2/139.csv,0,0,0,2,25600,XJTU/40Hz10kN/Bearing3_2,-1,test
5023,2,RM_002_XJTU,40Hz10kN/Bearing3_2/140.csv,0,0,0,2,25600,XJTU/40Hz10kN/Bearing3_2,-1,test
5024,2,RM_002_XJTU,40Hz10kN/Bearing3_2/141.csv,0,0,0,2,25600,XJTU/40Hz10kN/Bearing3_2,-1,test
5025,2,RM_002_XJTU,40Hz10kN/Bearing3_2/142.csv,0,0,0,2,25600,XJTU/40Hz10kN/Bearing3_2,-1,test
5026,2,RM_002_XJTU,40Hz10kN/Bearing3_2/143.csv,0,0,0,2,25600,XJTU/40Hz10kN/Bearing3_2,-1,test
5027,2,RM_002_XJTU,40Hz10kN/Bearing3_2/144.csv,0,0,0,2,25600,XJTU/40Hz10kN/Bearing3_2,-1,test
5028,2,RM_002_XJTU,40Hz10kN/Bearing3_2/145.csv,0,0,0,2,25600,XJTU/40Hz10kN/Bearing3_2,-1,test
5029,2,RM_002_XJTU,40Hz10kN/Bearing3_2/146.csv,0,0,0,2,25600,XJTU/40Hz10kN/Bearing3_2,-1,test
5030,2,RM_002_XJTU,40Hz10kN/Bearing3_2/147.csv,0,0,0,2,25600,XJTU/40Hz10kN/Bearing3_2,-1,test
5031,2,RM_002_XJTU,40Hz10kN/Bearing3_2/148.csv,0,0,0,2,25600,XJTU/40Hz10kN/Bearing3_2,-1,test
5032,2,RM_002_XJTU,40Hz10kN/Bearing3_2/149.csv,0,0,0,2,25600,XJTU/40Hz10kN/Bearing3_2,-1,test
5033,2,RM_002_XJTU,40Hz10kN/Bearing3_2/150.csv,0,0,0,2,25600,XJTU/40Hz10kN/Bearing3_2,-1,test
5034,2,RM_002_XJTU,40Hz10kN/Bearing3_2/151.csv,0,0,0,2,25600,XJTU/40Hz10kN/Bearing3_2,-1,test
5035,2,RM_002_XJTU,40Hz10kN/Bearing3_2/152.csv,0,0,0,2,25600,XJTU/40Hz10kN/Bearing3_2,-1,test
5036,2,RM_002_XJTU,40Hz10kN/Bearing3_2/153.csv,0,0,0,2,25600,XJTU/40Hz10kN/Bearing3_2,-1,test
5037,2,RM_002_XJTU,40Hz10kN/Bearing3_2/154.csv,0,0,0,2,25600,XJTU/40Hz10kN/Bearing3_2,-1,test
5038,2,RM_002_XJTU,40Hz10kN/Bearing3_2/155.csv,0,0,0,2,25600,XJTU/40Hz10kN/Bearing3_2,-1,test
5039,2,RM_002_XJTU,40Hz10kN/Bearing3_2/156.csv,0,0,0,2,25600,XJTU/40Hz10kN/Bearing3_2,-1,test
5040,2,RM_002_XJTU,40Hz10kN/Bearing3_2/157.csv,0,0,0,2,25600,XJTU/40Hz10kN/Bearing3_2,-1,test
5041,2,RM_002_XJTU,40Hz10kN/Bearing3_2/158.csv,0,0,0,2,25600,XJTU/40Hz10kN/Bearing3_2,-1,test
5042,2,RM_002_XJTU,40Hz10kN/Bearing3_2/159.csv,0,0,0,2,25600,XJTU/40Hz10kN/Bearing3_2,-1,test
5043,2,RM_002_XJTU,40Hz10kN/Bearing3_2/160.csv,0,0,0,2,25600,XJTU/40Hz10kN/Bearing3_2,-1,test
5044,2,RM_002_XJTU,40Hz10kN/Bearing3_2/161.csv,0,0,0,2,25600,XJTU/40Hz10kN/Bearing3_2,-1,test
5045,2,RM_002_XJTU,40Hz10kN/Bearing3_2/162.csv,0,0,0,2,25600,XJTU/40Hz10kN/Bearing3_2,-1,test
5046,2,RM_002_XJTU,40Hz10kN/Bearing3_2/163.csv,0,0,0,2,25600,XJTU/40Hz10kN/Bearing3_2,-1,test
5047,2,RM_002_XJTU,40Hz10kN/Bearing3_2/164.csv,0,0,0,2,25600,XJTU/40Hz10kN/Bearing3_2,-1,test
5048,2,RM_002_XJTU,40Hz10kN/Bearing3_2/165.csv,0,0,0,2,25600,XJTU/40Hz10kN/Bearing3_2,-1,test
5049,2,RM_002_XJTU,40Hz10kN/Bearing3_2/166.csv,0,0,0,2,25600,XJTU/40Hz10kN/Bearing3_2,-1,test
5050,2,RM_002_XJTU,40Hz10kN/Bearing3_2/167.csv,0,0,0,2,25600,XJTU/40Hz10kN/Bearing3_2,-1,test
5051,2,RM_002_XJTU,40Hz10kN/Bearing3_2/168.csv,0,0,0,2,25600,XJTU/40Hz10kN/Bearing3_2,-1,test
5052,2,RM_002_XJTU,40Hz10kN/Bearing3_2/169.csv,0,0,0,2,25600,XJTU/40Hz10kN/Bearing3_2,-1,test
5053,2,RM_002_XJTU,40Hz10kN/Bearing3_2/170.csv,0,0,0,2,25600,XJTU/40Hz10kN/Bearing3_2,-1,test
5054,2,RM_002_XJTU,40Hz10kN/Bearing3_2/171.csv,0,0,0,2,25600,XJTU/40Hz10kN/Bearing3_2,-1,test
5055,2,RM_002_XJTU,40Hz10kN/Bearing3_2/172.csv,0,0,0,2,25600,XJTU/40Hz10kN/Bearing3_2,-1,test
5056,2,RM_002_XJTU,40Hz10kN/Bearing3_2/173.csv,0,0,0,2,25600,XJTU/40Hz10kN/Bearing3_2,-1,test
5057,2,RM_002_XJTU,40Hz10kN/Bearing3_2/174.csv,0,0,0,2,25600,XJTU/40Hz10kN/Bearing3_2,-1,test
5058,2,RM_002_XJTU,40Hz10kN/Bearing3_2/175.csv,0,0,0,2,25600,XJTU/40Hz10kN/Bearing3_2,-1,test
5059,2,RM_002_XJTU,40Hz10kN/Bearing3_2/176.csv,0,0,0,2,25600,XJTU/40Hz10kN/Bearing3_2,-1,test
5060,2,RM_002_XJTU,40Hz10kN/Bearing3_2/177.csv,0,0,0,2,25600,XJTU/40Hz10kN/Bearing3_2,-1,test
5061,2,RM_002_XJTU,40Hz10kN/Bearing3_2/178.csv,0,0,0,2,25600,XJTU/40Hz10kN/Bearing3_2,-1,test
5062,2,RM_002_XJTU,40Hz10kN/Bearing3_2/179.csv,0,0,0,2,25600,XJTU/40Hz10kN/Bearing3_2,-1,test
5063,2,RM_002_XJTU,40Hz10kN/Bearing3_2/180.csv,0,0,0,2,25600,XJTU/40Hz10kN/Bearing3_2,-1,test
5064,2,RM_002_XJTU,40Hz10kN/Bearing3_2/181.csv,0,0,0,2,25600,XJTU/40Hz10kN/Bearing3_2,-1,test
5065,2,RM_002_XJTU,40Hz10kN/Bearing3_2/182.csv,0,0,0,2,25600,XJTU/40Hz10kN/Bearing3_2,-1,test
5066,2,RM_002_XJTU,40Hz10kN/Bearing3_2/183.csv,0,0,0,2,25600,XJTU/40Hz10kN/Bearing3_2,-1,test
5067,2,RM_002_XJTU,40Hz10kN/Bearing3_2/184.csv,0,0,0,2,25600,XJTU/40Hz10kN/Bearing3_2,-1,test
5068,2,RM_002_XJTU,40Hz10kN/Bearing3_2/185.csv,0,0,0,2,25600,XJTU/40Hz10kN/Bearing3_2,-1,test
5069,2,RM_002_XJTU,40Hz10kN/Bearing3_2/186.csv,0,0,0,2,25600,XJTU/40Hz10kN/Bearing3_2,-1,test
5070,2,RM_002_XJTU,40Hz10kN/Bearing3_2/187.csv,0,0,0,2,25600,XJTU/40Hz10kN/Bearing3_2,-1,test
5071,2,RM_002_XJTU,40Hz10kN/Bearing3_2/188.csv,0,0,0,2,25600,XJTU/40Hz10kN/Bearing3_2,-1,test
5072,2,RM_002_XJTU,40Hz10kN/Bearing3_2/189.csv,0,0,0,2,25600,XJTU/40Hz10kN/Bearing3_2,-1,test
5073,2,RM_002_XJTU,40Hz10kN/Bearing3_2/190.csv,0,0,0,2,25600,XJTU/40Hz10kN/Bearing3_2,-1,test
5074,2,RM_002_XJTU,40Hz10kN/Bearing3_2/191.csv,0,0,0,2,25600,XJTU/40Hz10kN/Bearing3_2,-1,test
5075,2,RM_002_XJTU,40Hz10kN/Bearing3_2/192.csv,0,0,0,2,25600,XJTU/40Hz10kN/Bearing3_2,-1,test
5076,2,RM_002_XJTU,40Hz10kN/Bearing3_2/193.csv,0,0,0,2,25600,XJTU/40Hz10kN/Bearing3_2,-1,test
5077,2,RM_002_XJTU,40Hz10kN/Bearing3_2/194.csv,0,0,0,2,25600,XJTU/40Hz10kN/Bearing3_2,-1,test
5078,2,RM_002_XJTU,40Hz10kN/Bearing3_2/195.csv,0,0,0,2,25600,XJTU/40Hz10kN/Bearing3_2,-1,test
5079,2,RM_002_XJTU,40Hz10kN/Bearing3_2/196.csv,0,0,0,2,25600,XJTU/40Hz10kN/Bearing3_2,-1,test
5080,2,RM_002_XJTU,40Hz10kN/Bearing3_2/197.csv,0,0,0,2,25600,XJTU/40Hz10kN/Bearing3_2,-1,test
5081,2,RM_002_XJTU,40Hz10kN/Bearing3_2/198.csv,0,0,0,2,25600,XJTU/40Hz10kN/Bearing3_2,-1,test
5082,2,RM_002_XJTU,40Hz10kN/Bearing3_2/199.csv,0,0,0,2,25600,XJTU/40Hz10kN/Bearing3_2,-1,test
5083,2,RM_002_XJTU,40Hz10kN/Bearing3_2/200.csv,0,0,0,2,25600,XJTU/40Hz10kN/Bearing3_2,-1,test
5084,2,RM_002_XJTU,40Hz10kN/Bearing3_2/201.csv,0,0,0,2,25600,XJTU/40Hz10kN/Bearing3_2,-1,test
5085,2,RM_002_XJTU,40Hz10kN/Bearing3_2/202.csv,0,0,0,2,25600,XJTU/40Hz10kN/Bearing3_2,-1,test
5086,2,RM_002_XJTU,40Hz10kN/Bearing3_2/203.csv,0,0,0,2,25600,XJTU/40Hz10kN/Bearing3_2,-1,test
5087,2,RM_002_XJTU,40Hz10kN/Bearing3_2/204.csv,0,0,0,2,25600,XJTU/40Hz10kN/Bearing3_2,-1,test
5088,2,RM_002_XJTU,40Hz10kN/Bearing3_2/205.csv,0,0,0,2,25600,XJTU/40Hz10kN/Bearing3_2,-1,test
5089,2,RM_002_XJTU,40Hz10kN/Bearing3_2/206.csv,0,0,0,2,25600,XJTU/40Hz10kN/Bearing3_2,-1,test
5090,2,RM_002_XJTU,40Hz10kN/Bearing3_2/207.csv,0,0,0,2,25600,XJTU/40Hz10kN/Bearing3_2,-1,test
5091,2,RM_002_XJTU,40Hz10kN/Bearing3_2/208.csv,0,0,0,2,25600,XJTU/40Hz10kN/Bearing3_2,-1,test
5092,2,RM_002_XJTU,40Hz10kN/Bearing3_2/209.csv,0,0,0,2,25600,XJTU/40Hz10kN/Bearing3_2,-1,test
5093,2,RM_002_XJTU,40Hz10kN/Bearing3_2/210.csv,0,0,0,2,25600,XJTU/40Hz10kN/Bearing3_2,-1,test
5094,2,RM_002_XJTU,40Hz10kN/Bearing3_2/211.csv,0,0,0,2,25600,XJTU/40Hz10kN/Bearing3_2,-1,test
5095,2,RM_002_XJTU,40Hz10kN/Bearing3_2/212.csv,0,0,0,2,25600,XJTU/40Hz10kN/Bearing3_2,-1,test
5096,2,RM_002_XJTU,40Hz10kN/Bearing3_2/213.csv,0,0,0,2,25600,XJTU/40Hz10kN/Bearing3_2,-1,test
5097,2,RM_002_XJTU,40Hz10kN/Bearing3_2/214.csv,0,0,0,2,25600,XJTU/40Hz10kN/Bearing3_2,-1,test
5098,2,RM_002_XJTU,40Hz10kN/Bearing3_2/215.csv,0,0,0,2,25600,XJTU/40Hz10kN/Bearing3_2,-1,test
5099,2,RM_002_XJTU,40Hz10kN/Bearing3_2/216.csv,0,0,0,2,25600,XJTU/40Hz10kN/Bearing3_2,-1,test
5100,2,RM_002_XJTU,40Hz10kN/Bearing3_2/217.csv,0,0,0,2,25600,XJTU/40Hz10kN/Bearing3_2,-1,test
5101,2,RM_002_XJTU,40Hz10kN/Bearing3_2/218.csv,0,0,0,2,25600,XJTU/40Hz10kN/Bearing3_2,-1,test
5102,2,RM_002_XJTU,40Hz10kN/Bearing3_2/219.csv,0,0,0,2,25600,XJTU/40Hz10kN/Bearing3_2,-1,test
5103,2,RM_002_XJTU,40Hz10kN/Bearing3_2/220.csv,0,0,0,2,25600,XJTU/40Hz10kN/Bearing3_2,-1,test
5104,2,RM_002_XJTU,40Hz10kN/Bearing3_2/221.csv,0,0,0,2,25600,XJTU/40Hz10kN/Bearing3_2,-1,test
5105,2,RM_002_XJTU,40Hz10kN/Bearing3_2/222.csv,0,0,0,2,25600,XJTU/40Hz10kN/Bearing3_2,-1,test
5106,2,RM_002_XJTU,40Hz10kN/Bearing3_2/223.csv,0,0,0,2,25600,XJTU/40Hz10kN/Bearing3_2,-1,test
5107,2,RM_002_XJTU,40Hz10kN/Bearing3_2/224.csv,0,0,0,2,25600,XJTU/40Hz10kN/Bearing3_2,-1,test
5108,2,RM_002_XJTU,40Hz10kN/Bearing3_2/225.csv,0,0,0,2,25600,XJTU/40Hz10kN/Bearing3_2,-1,test
5109,2,RM_002_XJTU,40Hz10kN/Bearing3_2/226.csv,0,0,0,2,25600,XJTU/40Hz10kN/Bearing3_2,-1,test
5110,2,RM_002_XJTU,40Hz10kN/Bearing3_2/227.csv,0,0,0,2,25600,XJTU/40Hz10kN/Bearing3_2,-1,test
5111,2,RM_002_XJTU,40Hz10kN/Bearing3_2/228.csv,0,0,0,2,25600,XJTU/40Hz10kN/Bearing3_2,-1,test
5112,2,RM_002_XJTU,40Hz10kN/Bearing3_2/229.csv,0,0,0,2,25600,XJTU/40Hz10kN/Bearing3_2,-1,test
5113,2,RM_002_XJTU,40Hz10kN/Bearing3_2/230.csv,0,0,0,2,25600,XJTU/40Hz10kN/Bearing3_2,-1,test
5114,2,RM_002_XJTU,40Hz10kN/Bearing3_2/231.csv,0,0,0,2,25600,XJTU/40Hz10kN/Bearing3_2,-1,test
5115,2,RM_002_XJTU,40Hz10kN/Bearing3_2/232.csv,0,0,0,2,25600,XJTU/40Hz10kN/Bearing3_2,-1,test
5116,2,RM_002_XJTU,40Hz10kN/Bearing3_2/233.csv,0,0,0,2,25600,XJTU/40Hz10kN/Bearing3_2,-1,test
5117,2,RM_002_XJTU,40Hz10kN/Bearing3_2/234.csv,0,0,0,2,25600,XJTU/40Hz10kN/Bearing3_2,-1,test
5118,2,RM_002_XJTU,40Hz10kN/Bearing3_2/235.csv,0,0,0,2,25600,XJTU/40Hz10kN/Bearing3_2,-1,test
5119,2,RM_002_XJTU,40Hz10kN/Bearing3_2/236.csv,0,0,0,2,25600,XJTU/40Hz10kN/Bearing3_2,-1,test
5120,2,RM_002_XJTU,40Hz10kN/Bearing3_2/237.csv,0,0,0,2,25600,XJTU/40Hz10kN/Bearing3_2,-1,test
5121,2,RM_002_XJTU,40Hz10kN/Bearing3_2/238.csv,0,0,0,2,25600,XJTU/40Hz10kN/Bearing3_2,-1,test
5122,2,RM_002_XJTU,40Hz10kN/Bearing3_2/239.csv,0,0,0,2,25600,XJTU/40Hz10kN/Bearing3_2,-1,test
5123,2,RM_002_XJTU,40Hz10kN/Bearing3_2/240.csv,0,0,0,2,25600,XJTU/40Hz10kN/Bearing3_2,-1,test
5124,2,RM_002_XJTU,40Hz10kN/Bearing3_2/241.csv,0,0,0,2,25600,XJTU/40Hz10kN/Bearing3_2,-1,test
5125,2,RM_002_XJTU,40Hz10kN/Bearing3_2/242.csv,0,0,0,2,25600,XJTU/40Hz10kN/Bearing3_2,-1,test
5126,2,RM_002_XJTU,40Hz10kN/Bearing3_2/243.csv,0,0,0,2,25600,XJTU/40Hz10kN/Bearing3_2,-1,test
5127,2,RM_002_XJTU,40Hz10kN/Bearing3_2/244.csv,0,0,0,2,25600,XJTU/40Hz10kN/Bearing3_2,-1,test
5128,2,RM_002_XJTU,40Hz10kN/Bearing3_2/245.csv,0,0,0,2,25600,XJTU/40Hz10kN/Bearing3_2,-1,test
5129,2,RM_002_XJTU,40Hz10kN/Bearing3_2/246.csv,0,0,0,2,25600,XJTU/40Hz10kN/Bearing3_2,-1,test
5130,2,RM_002_XJTU,40Hz10kN/Bearing3_2/247.csv,0,0,0,2,25600,XJTU/40Hz10kN/Bearing3_2,-1,test
5131,2,RM_002_XJTU,40Hz10kN/Bearing3_2/248.csv,0,0,0,2,25600,XJTU/40Hz10kN/Bearing3_2,-1,test
5132,2,RM_002_XJTU,40Hz10kN/Bearing3_2/249.csv,0,0,0,2,25600,XJTU/40Hz10kN/Bearing3_2,-1,test
5133,2,RM_002_XJTU,40Hz10kN/Bearing3_2/250.csv,0,0,0,2,25600,XJTU/40Hz10kN/Bearing3_2,-1,test
5134,2,RM_002_XJTU,40Hz10kN/Bearing3_2/251.csv,0,0,0,2,25600,XJTU/40Hz10kN/Bearing3_2,-1,test
5135,2,RM_002_XJTU,40Hz10kN/Bearing3_2/252.csv,0,0,0,2,25600,XJTU/40Hz10kN/Bearing3_2,-1,test
5136,2,RM_002_XJTU,40Hz10kN/Bearing3_2/253.csv,0,0,0,2,25600,XJTU/40Hz10kN/Bearing3_2,-1,test
5137,2,RM_002_XJTU,40Hz10kN/Bearing3_2/254.csv,0,0,0,2,25600,XJTU/40Hz10kN/Bearing3_2,-1,test
5138,2,RM_002_XJTU,40Hz10kN/Bearing3_2/255.csv,0,0,0,2,25600,XJTU/40Hz10kN/Bearing3_2,-1,test
5139,2,RM_002_XJTU,40Hz10kN/Bearing3_2/256.csv,0,0,0,2,25600,XJTU/40Hz10kN/Bearing3_2,-1,test
5140,2,RM_002_XJTU,40Hz10kN/Bearing3_2/257.csv,0,0,0,2,25600,XJTU/40Hz10kN/Bearing3_2,-1,test
5141,2,RM_002_XJTU,40Hz10kN/Bearing3_2/258.csv,0,0,0,2,25600,XJTU/40Hz10kN/Bearing3_2,-1,test
5142,2,RM_002_XJTU,40Hz10kN/Bearing3_2/259.csv,0,0,0,2,25600,XJTU/40Hz10kN/Bearing3_2,-1,test
5143,2,RM_002_XJTU,40Hz10kN/Bearing3_2/260.csv,0,0,0,2,25600,XJTU/40Hz10kN/Bearing3_2,-1,test
5144,2,RM_002_XJTU,40Hz10kN/Bearing3_2/261.csv,0,0,0,2,25600,XJTU/40Hz10kN/Bearing3_2,-1,test
5145,2,RM_002_XJTU,40Hz10kN/Bearing3_2/262.csv,0,0,0,2,25600,XJTU/40Hz10kN/Bearing3_2,-1,test
5146,2,RM_002_XJTU,40Hz10kN/Bearing3_2/263.csv,0,0,0,2,25600,XJTU/40Hz10kN/Bearing3_2,-1,test
5147,2,RM_002_XJTU,40Hz10kN/Bearing3_2/264.csv,0,0,0,2,25600,XJTU/40Hz10kN/Bearing3_2,-1,test
5148,2,RM_002_XJTU,40Hz10kN/Bearing3_2/265.csv,0,0,0,2,25600,XJTU/40Hz10kN/Bearing3_2,-1,test
5149,2,RM_002_XJTU,40Hz10kN/Bearing3_2/266.csv,0,0,0,2,25600,XJTU/40Hz10kN/Bearing3_2,-1,test
5150,2,RM_002_XJTU,40Hz10kN/Bearing3_2/267.csv,0,0,0,2,25600,XJTU/40Hz10kN/Bearing3_2,-1,test
5151,2,RM_002_XJTU,40Hz10kN/Bearing3_2/268.csv,0,0,0,2,25600,XJTU/40Hz10kN/Bearing3_2,-1,test
5152,2,RM_002_XJTU,40Hz10kN/Bearing3_2/269.csv,0,0,0,2,25600,XJTU/40Hz10kN/Bearing3_2,-1,test
5153,2,RM_002_XJTU,40Hz10kN/Bearing3_2/270.csv,0,0,0,2,25600,XJTU/40Hz10kN/Bearing3_2,-1,test
5154,2,RM_002_XJTU,40Hz10kN/Bearing3_2/271.csv,0,0,0,2,25600,XJTU/40Hz10kN/Bearing3_2,-1,test
5155,2,RM_002_XJTU,40Hz10kN/Bearing3_2/272.csv,0,0,0,2,25600,XJTU/40Hz10kN/Bearing3_2,-1,test
5156,2,RM_002_XJTU,40Hz10kN/Bearing3_2/273.csv,0,0,0,2,25600,XJTU/40Hz10kN/Bearing3_2,-1,test
5157,2,RM_002_XJTU,40Hz10kN/Bearing3_2/274.csv,0,0,0,2,25600,XJTU/40Hz10kN/Bearing3_2,-1,test
5158,2,RM_002_XJTU,40Hz10kN/Bearing3_2/275.csv,0,0,0,2,25600,XJTU/40Hz10kN/Bearing3_2,-1,test
5159,2,RM_002_XJTU,40Hz10kN/Bearing3_2/276.csv,0,0,0,2,25600,XJTU/40Hz10kN/Bearing3_2,-1,test
5160,2,RM_002_XJTU,40Hz10kN/Bearing3_2/277.csv,0,0,0,2,25600,XJTU/40Hz10kN/Bearing3_2,-1,test
5161,2,RM_002_XJTU,40Hz10kN/Bearing3_2/278.csv,0,0,0,2,25600,XJTU/40Hz10kN/Bearing3_2,-1,test
5162,2,RM_002_XJTU,40Hz10kN/Bearing3_2/279.csv,0,0,0,2,25600,XJTU/40Hz10kN/Bearing3_2,-1,test
5163,2,RM_002_XJTU,40Hz10kN/Bearing3_2/280.csv,0,0,0,2,25600,XJTU/40Hz10kN/Bearing3_2,-1,test
5164,2,RM_002_XJTU,40Hz10kN/Bearing3_2/281.csv,0,0,0,2,25600,XJTU/40Hz10kN/Bearing3_2,-1,test
5165,2,RM_002_XJTU,40Hz10kN/Bearing3_2/282.csv,0,0,0,2,25600,XJTU/40Hz10kN/Bearing3_2,-1,test
5166,2,RM_002_XJTU,40Hz10kN/Bearing3_2/283.csv,0,0,0,2,25600,XJTU/40Hz10kN/Bearing3_2,-1,test
5167,2,RM_002_XJTU,40Hz10kN/Bearing3_2/284.csv,0,0,0,2,25600,XJTU/40Hz10kN/Bearing3_2,-1,test
5168,2,RM_002_XJTU,40Hz10kN/Bearing3_2/285.csv,0,0,0,2,25600,XJTU/40Hz10kN/Bearing3_2,-1,test
5169,2,RM_002_XJTU,40Hz10kN/Bearing3_2/286.csv,0,0,0,2,25600,XJTU/40Hz10kN/Bearing3_2,-1,test
5170,2,RM_002_XJTU,40Hz10kN/Bearing3_2/287.csv,0,0,0,2,25600,XJTU/40Hz10kN/Bearing3_2,-1,test
5171,2,RM_002_XJTU,40Hz10kN/Bearing3_2/288.csv,0,0,0,2,25600,XJTU/40Hz10kN/Bearing3_2,-1,test
5172,2,RM_002_XJTU,40Hz10kN/Bearing3_2/289.csv,0,0,0,2,25600,XJTU/40Hz10kN/Bearing3_2,-1,test
5173,2,RM_002_XJTU,40Hz10kN/Bearing3_2/290.csv,0,0,0,2,25600,XJTU/40Hz10kN/Bearing3_2,-1,test
5174,2,RM_002_XJTU,40Hz10kN/Bearing3_2/291.csv,0,0,0,2,25600,XJTU/40Hz10kN/Bearing3_2,-1,test
5175,2,RM_002_XJTU,40Hz10kN/Bearing3_2/292.csv,0,0,0,2,25600,XJTU/40Hz10kN/Bearing3_2,-1,test
5176,2,RM_002_XJTU,40Hz10kN/Bearing3_2/293.csv,0,0,0,2,25600,XJTU/40Hz10kN/Bearing3_2,-1,test
5177,2,RM_002_XJTU,40Hz10kN/Bearing3_2/294.csv,0,0,0,2,25600,XJTU/40Hz10kN/Bearing3_2,-1,test
5178,2,RM_002_XJTU,40Hz10kN/Bearing3_2/295.csv,0,0,0,2,25600,XJTU/40Hz10kN/Bearing3_2,-1,test
5179,2,RM_002_XJTU,40Hz10kN/Bearing3_2/296.csv,0,0,0,2,25600,XJTU/40Hz10kN/Bearing3_2,-1,test
5180,2,RM_002_XJTU,40Hz10kN/Bearing3_2/297.csv,0,0,0,2,25600,XJTU/40Hz10kN/Bearing3_2,-1,test
5181,2,RM_002_XJTU,40Hz10kN/Bearing3_2/298.csv,0,0,0,2,25600,XJTU/40Hz10kN/Bearing3_2,-1,test
5182,2,RM_002_XJTU,40Hz10kN/Bearing3_2/299.csv,0,0,0,2,25600,XJTU/40Hz10kN/Bearing3_2,-1,test
5183,2,RM_002_XJTU,40Hz10kN/Bearing3_2/300.csv,0,0,0,2,25600,XJTU/40Hz10kN/Bearing3_2,-1,test
5184,2,RM_002_XJTU,40Hz10kN/Bearing3_2/301.csv,0,0,0,2,25600,XJTU/40Hz10kN/Bearing3_2,-1,test
5185,2,RM_002_XJTU,40Hz10kN/Bearing3_2/302.csv,0,0,0,2,25600,XJTU/40Hz10kN/Bearing3_2,-1,test
5186,2,RM_002_XJTU,40Hz10kN/Bearing3_2/303.csv,0,0,0,2,25600,XJTU/40Hz10kN/Bearing3_2,-1,test
5187,2,RM_002_XJTU,40Hz10kN/Bearing3_2/304.csv,0,0,0,2,25600,XJTU/40Hz10kN/Bearing3_2,-1,test
5188,2,RM_002_XJTU,40Hz10kN/Bearing3_2/305.csv,0,0,0,2,25600,XJTU/40Hz10kN/Bearing3_2,-1,test
5189,2,RM_002_XJTU,40Hz10kN/Bearing3_2/306.csv,0,0,0,2,25600,XJTU/40Hz10kN/Bearing3_2,-1,test
5190,2,RM_002_XJTU,40Hz10kN/Bearing3_2/307.csv,0,0,0,2,25600,XJTU/40Hz10kN/Bearing3_2,-1,test
5191,2,RM_002_XJTU,40Hz10kN/Bearing3_2/308.csv,0,0,0,2,25600,XJTU/40Hz10kN/Bearing3_2,-1,test
5192,2,RM_002_XJTU,40Hz10kN/Bearing3_2/309.csv,0,0,0,2,25600,XJTU/40Hz10kN/Bearing3_2,-1,test
5193,2,RM_002_XJTU,40Hz10kN/Bearing3_2/310.csv,0,0,0,2,25600,XJTU/40Hz10kN/Bearing3_2,-1,test
5194,2,RM_002_XJTU,40Hz10kN/Bearing3_2/311.csv,0,0,0,2,25600,XJTU/40Hz10kN/Bearing3_2,-1,test
5195,2,RM_002_XJTU,40Hz10kN/Bearing3_2/312.csv,0,0,0,2,25600,XJTU/40Hz10kN/Bearing3_2,-1,test
5196,2,RM_002_XJTU,40Hz10kN/Bearing3_2/313.csv,0,0,0,2,25600,XJTU/40Hz10kN/Bearing3_2,-1,test
5197,2,RM_002_XJTU,40Hz10kN/Bearing3_2/314.csv,0,0,0,2,25600,XJTU/40Hz10kN/Bearing3_2,-1,test
5198,2,RM_002_XJTU,40Hz10kN/Bearing3_2/315.csv,0,0,0,2,25600,XJTU/40Hz10kN/Bearing3_2,-1,test
5199,2,RM_002_XJTU,40Hz10kN/Bearing3_2/316.csv,0,0,0,2,25600,XJTU/40Hz10kN/Bearing3_2,-1,test
5200,2,RM_002_XJTU,40Hz10kN/Bearing3_2/317.csv,0,0,0,2,25600,XJTU/40Hz10kN/Bearing3_2,-1,test
5201,2,RM_002_XJTU,40Hz10kN/Bearing3_2/318.csv,0,0,0,2,25600,XJTU/40Hz10kN/Bearing3_2,-1,test
5202,2,RM_002_XJTU,40Hz10kN/Bearing3_2/319.csv,0,0,0,2,25600,XJTU/40Hz10kN/Bearing3_2,-1,test
5203,2,RM_002_XJTU,40Hz10kN/Bearing3_2/320.csv,0,0,0,2,25600,XJTU/40Hz10kN/Bearing3_2,-1,test
5204,2,RM_002_XJTU,40Hz10kN/Bearing3_2/321.csv,0,0,0,2,25600,XJTU/40Hz10kN/Bearing3_2,-1,test
5205,2,RM_002_XJTU,40Hz10kN/Bearing3_2/322.csv,0,0,0,2,25600,XJTU/40Hz10kN/Bearing3_2,-1,test
5206,2,RM_002_XJTU,40Hz10kN/Bearing3_2/323.csv,0,0,0,2,25600,XJTU/40Hz10kN/Bearing3_2,-1,test
5207,2,RM_002_XJTU,40Hz10kN/Bearing3_2/324.csv,0,0,0,2,25600,XJTU/40Hz10kN/Bearing3_2,-1,test
5208,2,RM_002_XJTU,40Hz10kN/Bearing3_2/325.csv,0,0,0,2,25600,XJTU/40Hz10kN/Bearing3_2,-1,test
5209,2,RM_002_XJTU,40Hz10kN/Bearing3_2/326.csv,0,0,0,2,25600,XJTU/40Hz10kN/Bearing3_2,-1,test
5210,2,RM_002_XJTU,40Hz10kN/Bearing3_2/327.csv,0,0,0,2,25600,XJTU/40Hz10kN/Bearing3_2,-1,test
5211,2,RM_002_XJTU,40Hz10kN/Bearing3_2/328.csv,0,0,0,2,25600,XJTU/40Hz10kN/Bearing3_2,-1,test
5212,2,RM_002_XJTU,40Hz10kN/Bearing3_2/329.csv,0,0,0,2,25600,XJTU/40Hz10kN/Bearing3_2,-1,test
5213,2,RM_002_XJTU,40Hz10kN/Bearing3_2/330.csv,0,0,0,2,25600,XJTU/40Hz10kN/Bearing3_2,-1,test
5214,2,RM_002_XJTU,40Hz10kN/Bearing3_2/331.csv,0,0,0,2,25600,XJTU/40Hz10kN/Bearing3_2,-1,test
5215,2,RM_002_XJTU,40Hz10kN/Bearing3_2/332.csv,0,0,0,2,25600,XJTU/40Hz10kN/Bearing3_2,-1,test
5216,2,RM_002_XJTU,40Hz10kN/Bearing3_2/333.csv,0,0,0,2,25600,XJTU/40Hz10kN/Bearing3_2,-1,test
5217,2,RM_002_XJTU,40Hz10kN/Bearing3_2/334.csv,0,0,0,2,25600,XJTU/40Hz10kN/Bearing3_2,-1,test
5218,2,RM_002_XJTU,40Hz10kN/Bearing3_2/335.csv,0,0,0,2,25600,XJTU/40Hz10kN/Bearing3_2,-1,test
5219,2,RM_002_XJTU,40Hz10kN/Bearing3_2/336.csv,0,0,0,2,25600,XJTU/40Hz10kN/Bearing3_2,-1,test
5220,2,RM_002_XJTU,40Hz10kN/Bearing3_2/337.csv,0,0,0,2,25600,XJTU/40Hz10kN/Bearing3_2,-1,test
5221,2,RM_002_XJTU,40Hz10kN/Bearing3_2/338.csv,0,0,0,2,25600,XJTU/40Hz10kN/Bearing3_2,-1,test
5222,2,RM_002_XJTU,40Hz10kN/Bearing3_2/339.csv,0,0,0,2,25600,XJTU/40Hz10kN/Bearing3_2,-1,test
5223,2,RM_002_XJTU,40Hz10kN/Bearing3_2/340.csv,0,0,0,2,25600,XJTU/40Hz10kN/Bearing3_2,-1,test
5224,2,RM_002_XJTU,40Hz10kN/Bearing3_2/341.csv,0,0,0,2,25600,XJTU/40Hz10kN/Bearing3_2,-1,test
5225,2,RM_002_XJTU,40Hz10kN/Bearing3_2/342.csv,0,0,0,2,25600,XJTU/40Hz10kN/Bearing3_2,-1,test
5226,2,RM_002_XJTU,40Hz10kN/Bearing3_2/343.csv,0,0,0,2,25600,XJTU/40Hz10kN/Bearing3_2,-1,test
5227,2,RM_002_XJTU,40Hz10kN/Bearing3_2/344.csv,0,0,0,2,25600,XJTU/40Hz10kN/Bearing3_2,-1,test
5228,2,RM_002_XJTU,40Hz10kN/Bearing3_2/345.csv,0,0,0,2,25600,XJTU/40Hz10kN/Bearing3_2,-1,test
5229,2,RM_002_XJTU,40Hz10kN/Bearing3_2/346.csv,0,0,0,2,25600,XJTU/40Hz10kN/Bearing3_2,-1,test
5230,2,RM_002_XJTU,40Hz10kN/Bearing3_2/347.csv,0,0,0,2,25600,XJTU/40Hz10kN/Bearing3_2,-1,test
5231,2,RM_002_XJTU,40Hz10kN/Bearing3_2/348.csv,0,0,0,2,25600,XJTU/40Hz10kN/Bearing3_2,-1,test
5232,2,RM_002_XJTU,40Hz10kN/Bearing3_2/349.csv,0,0,0,2,25600,XJTU/40Hz10kN/Bearing3_2,-1,test
5233,2,RM_002_XJTU,40Hz10kN/Bearing3_2/350.csv,0,0,0,2,25600,XJTU/40Hz10kN/Bearing3_2,-1,test
5234,2,RM_002_XJTU,40Hz10kN/Bearing3_2/351.csv,0,0,0,2,25600,XJTU/40Hz10kN/Bearing3_2,-1,test
5235,2,RM_002_XJTU,40Hz10kN/Bearing3_2/352.csv,0,0,0,2,25600,XJTU/40Hz10kN/Bearing3_2,-1,test
5236,2,RM_002_XJTU,40Hz10kN/Bearing3_2/353.csv,0,0,0,2,25600,XJTU/40Hz10kN/Bearing3_2,-1,test
5237,2,RM_002_XJTU,40Hz10kN/Bearing3_2/354.csv,0,0,0,2,25600,XJTU/40Hz10kN/Bearing3_2,-1,test
5238,2,RM_002_XJTU,40Hz10kN/Bearing3_2/355.csv,0,0,0,2,25600,XJTU/40Hz10kN/Bearing3_2,-1,test
5239,2,RM_002_XJTU,40Hz10kN/Bearing3_2/356.csv,0,0,0,2,25600,XJTU/40Hz10kN/Bearing3_2,-1,test
5240,2,RM_002_XJTU,40Hz10kN/Bearing3_2/357.csv,0,0,0,2,25600,XJTU/40Hz10kN/Bearing3_2,-1,test
5241,2,RM_002_XJTU,40Hz10kN/Bearing3_2/358.csv,0,0,0,2,25600,XJTU/40Hz10kN/Bearing3_2,-1,test
5242,2,RM_002_XJTU,40Hz10kN/Bearing3_2/359.csv,0,0,0,2,25600,XJTU/40Hz10kN/Bearing3_2,-1,test
5243,2,RM_002_XJTU,40Hz10kN/Bearing3_2/360.csv,0,0,0,2,25600,XJTU/40Hz10kN/Bearing3_2,-1,test
5244,2,RM_002_XJTU,40Hz10kN/Bearing3_2/361.csv,0,0,0,2,25600,XJTU/40Hz10kN/Bearing3_2,-1,test
5245,2,RM_002_XJTU,40Hz10kN/Bearing3_2/362.csv,0,0,0,2,25600,XJTU/40Hz10kN/Bearing3_2,-1,test
5246,2,RM_002_XJTU,40Hz10kN/Bearing3_2/363.csv,0,0,0,2,25600,XJTU/40Hz10kN/Bearing3_2,-1,test
5247,2,RM_002_XJTU,40Hz10kN/Bearing3_2/364.csv,0,0,0,2,25600,XJTU/40Hz10kN/Bearing3_2,-1,test
5248,2,RM_002_XJTU,40Hz10kN/Bearing3_2/365.csv,0,0,0,2,25600,XJTU/40Hz10kN/Bearing3_2,-1,test
5249,2,RM_002_XJTU,40Hz10kN/Bearing3_2/366.csv,0,0,0,2,25600,XJTU/40Hz10kN/Bearing3_2,-1,test
5250,2,RM_002_XJTU,40Hz10kN/Bearing3_2/367.csv,0,0,0,2,25600,XJTU/40Hz10kN/Bearing3_2,-1,test
5251,2,RM_002_XJTU,40Hz10kN/Bearing3_2/368.csv,0,0,0,2,25600,XJTU/40Hz10kN/Bearing3_2,-1,test
5252,2,RM_002_XJTU,40Hz10kN/Bearing3_2/369.csv,0,0,0,2,25600,XJTU/40Hz10kN/Bearing3_2,-1,test
5253,2,RM_002_XJTU,40Hz10kN/Bearing3_2/370.csv,0,0,0,2,25600,XJTU/40Hz10kN/Bearing3_2,-1,test
5254,2,RM_002_XJTU,40Hz10kN/Bearing3_2/371.csv,0,0,0,2,25600,XJTU/40Hz10kN/Bearing3_2,-1,test
5255,2,RM_002_XJTU,40Hz10kN/Bearing3_2/372.csv,0,0,0,2,25600,XJTU/40Hz10kN/Bearing3_2,-1,test
5256,2,RM_002_XJTU,40Hz10kN/Bearing3_2/373.csv,0,0,0,2,25600,XJTU/40Hz10kN/Bearing3_2,-1,test
5257,2,RM_002_XJTU,40Hz10kN/Bearing3_2/374.csv,0,0,0,2,25600,XJTU/40Hz10kN/Bearing3_2,-1,test
5258,2,RM_002_XJTU,40Hz10kN/Bearing3_2/375.csv,0,0,0,2,25600,XJTU/40Hz10kN/Bearing3_2,-1,test
5259,2,RM_002_XJTU,40Hz10kN/Bearing3_2/376.csv,0,0,0,2,25600,XJTU/40Hz10kN/Bearing3_2,-1,test
5260,2,RM_002_XJTU,40Hz10kN/Bearing3_2/377.csv,0,0,0,2,25600,XJTU/40Hz10kN/Bearing3_2,-1,test
5261,2,RM_002_XJTU,40Hz10kN/Bearing3_2/378.csv,0,0,0,2,25600,XJTU/40Hz10kN/Bearing3_2,-1,test
5262,2,RM_002_XJTU,40Hz10kN/Bearing3_2/379.csv,0,0,0,2,25600,XJTU/40Hz10kN/Bearing3_2,-1,test
5263,2,RM_002_XJTU,40Hz10kN/Bearing3_2/380.csv,0,0,0,2,25600,XJTU/40Hz10kN/Bearing3_2,-1,test
5264,2,RM_002_XJTU,40Hz10kN/Bearing3_2/381.csv,0,0,0,2,25600,XJTU/40Hz10kN/Bearing3_2,-1,test
5265,2,RM_002_XJTU,40Hz10kN/Bearing3_2/382.csv,0,0,0,2,25600,XJTU/40Hz10kN/Bearing3_2,-1,test
5266,2,RM_002_XJTU,40Hz10kN/Bearing3_2/383.csv,0,0,0,2,25600,XJTU/40Hz10kN/Bearing3_2,-1,test
5267,2,RM_002_XJTU,40Hz10kN/Bearing3_2/384.csv,0,0,0,2,25600,XJTU/40Hz10kN/Bearing3_2,-1,test
5268,2,RM_002_XJTU,40Hz10kN/Bearing3_2/385.csv,0,0,0,2,25600,XJTU/40Hz10kN/Bearing3_2,-1,test
5269,2,RM_002_XJTU,40Hz10kN/Bearing3_2/386.csv,0,0,0,2,25600,XJTU/40Hz10kN/Bearing3_2,-1,test
5270,2,RM_002_XJTU,40Hz10kN/Bearing3_2/387.csv,0,0,0,2,25600,XJTU/40Hz10kN/Bearing3_2,-1,test
5271,2,RM_002_XJTU,40Hz10kN/Bearing3_2/388.csv,0,0,0,2,25600,XJTU/40Hz10kN/Bearing3_2,-1,test
5272,2,RM_002_XJTU,40Hz10kN/Bearing3_2/389.csv,0,0,0,2,25600,XJTU/40Hz10kN/Bearing3_2,-1,test
5273,2,RM_002_XJTU,40Hz10kN/Bearing3_2/390.csv,0,0,0,2,25600,XJTU/40Hz10kN/Bearing3_2,-1,test
5274,2,RM_002_XJTU,40Hz10kN/Bearing3_2/391.csv,0,0,0,2,25600,XJTU/40Hz10kN/Bearing3_2,-1,test
5275,2,RM_002_XJTU,40Hz10kN/Bearing3_2/392.csv,0,0,0,2,25600,XJTU/40Hz10kN/Bearing3_2,-1,test
5276,2,RM_002_XJTU,40Hz10kN/Bearing3_2/393.csv,0,0,0,2,25600,XJTU/40Hz10kN/Bearing3_2,-1,test
5277,2,RM_002_XJTU,40Hz10kN/Bearing3_2/394.csv,0,0,0,2,25600,XJTU/40Hz10kN/Bearing3_2,-1,test
5278,2,RM_002_XJTU,40Hz10kN/Bearing3_2/395.csv,0,0,0,2,25600,XJTU/40Hz10kN/Bearing3_2,-1,test
5279,2,RM_002_XJTU,40Hz10kN/Bearing3_2/396.csv,0,0,0,2,25600,XJTU/40Hz10kN/Bearing3_2,-1,test
5280,2,RM_002_XJTU,40Hz10kN/Bearing3_2/397.csv,0,0,0,2,25600,XJTU/40Hz10kN/Bearing3_2,-1,test
5281,2,RM_002_XJTU,40Hz10kN/Bearing3_2/398.csv,0,0,0,2,25600,XJTU/40Hz10kN/Bearing3_2,-1,test
5282,2,RM_002_XJTU,40Hz10kN/Bearing3_2/399.csv,0,0,0,2,25600,XJTU/40Hz10kN/Bearing3_2,-1,test
5283,2,RM_002_XJTU,40Hz10kN/Bearing3_2/400.csv,0,0,0,2,25600,XJTU/40Hz10kN/Bearing3_2,-1,test
5284,2,RM_002_XJTU,40Hz10kN/Bearing3_2/401.csv,0,0,0,2,25600,XJTU/40Hz10kN/Bearing3_2,-1,test
5285,2,RM_002_XJTU,40Hz10kN/Bearing3_2/402.csv,0,0,0,2,25600,XJTU/40Hz10kN/Bearing3_2,-1,test
5286,2,RM_002_XJTU,40Hz10kN/Bearing3_2/403.csv,0,0,0,2,25600,XJTU/40Hz10kN/Bearing3_2,-1,test
5287,2,RM_002_XJTU,40Hz10kN/Bearing3_2/404.csv,0,0,0,2,25600,XJTU/40Hz10kN/Bearing3_2,-1,test
5288,2,RM_002_XJTU,40Hz10kN/Bearing3_2/405.csv,0,0,0,2,25600,XJTU/40Hz10kN/Bearing3_2,-1,test
5289,2,RM_002_XJTU,40Hz10kN/Bearing3_2/406.csv,0,0,0,2,25600,XJTU/40Hz10kN/Bearing3_2,-1,test
5290,2,RM_002_XJTU,40Hz10kN/Bearing3_2/407.csv,0,0,0,2,25600,XJTU/40Hz10kN/Bearing3_2,-1,test
5291,2,RM_002_XJTU,40Hz10kN/Bearing3_2/408.csv,0,0,0,2,25600,XJTU/40Hz10kN/Bearing3_2,-1,test
5292,2,RM_002_XJTU,40Hz10kN/Bearing3_2/409.csv,0,0,0,2,25600,XJTU/40Hz10kN/Bearing3_2,-1,test
5293,2,RM_002_XJTU,40Hz10kN/Bearing3_2/410.csv,0,0,0,2,25600,XJTU/40Hz10kN/Bearing3_2,-1,test
5294,2,RM_002_XJTU,40Hz10kN/Bearing3_2/411.csv,0,0,0,2,25600,XJTU/40Hz10kN/Bearing3_2,-1,test
5295,2,RM_002_XJTU,40Hz10kN/Bearing3_2/412.csv,0,0,0,2,25600,XJTU/40Hz10kN/Bearing3_2,-1,test
5296,2,RM_002_XJTU,40Hz10kN/Bearing3_2/413.csv,0,0,0,2,25600,XJTU/40Hz10kN/Bearing3_2,-1,test
5297,2,RM_002_XJTU,40Hz10kN/Bearing3_2/414.csv,0,0,0,2,25600,XJTU/40Hz10kN/Bearing3_2,-1,test
5298,2,RM_002_XJTU,40Hz10kN/Bearing3_2/415.csv,0,0,0,2,25600,XJTU/40Hz10kN/Bearing3_2,-1,test
5299,2,RM_002_XJTU,40Hz10kN/Bearing3_2/416.csv,0,0,0,2,25600,XJTU/40Hz10kN/Bearing3_2,-1,test
5300,2,RM_002_XJTU,40Hz10kN/Bearing3_2/417.csv,0,0,0,2,25600,XJTU/40Hz10kN/Bearing3_2,-1,test
5301,2,RM_002_XJTU,40Hz10kN/Bearing3_2/418.csv,0,0,0,2,25600,XJTU/40Hz10kN/Bearing3_2,-1,test
5302,2,RM_002_XJTU,40Hz10kN/Bearing3_2/419.csv,0,0,0,2,25600,XJTU/40Hz10kN/Bearing3_2,-1,test
5303,2,RM_002_XJTU,40Hz10kN/Bearing3_2/420.csv,0,0,0,2,25600,XJTU/40Hz10kN/Bearing3_2,-1,test
5304,2,RM_002_XJTU,40Hz10kN/Bearing3_2/421.csv,0,0,0,2,25600,XJTU/40Hz10kN/Bearing3_2,-1,test
5305,2,RM_002_XJTU,40Hz10kN/Bearing3_2/422.csv,0,0,0,2,25600,XJTU/40Hz10kN/Bearing3_2,-1,test
5306,2,RM_002_XJTU,40Hz10kN/Bearing3_2/423.csv,0,0,0,2,25600,XJTU/40Hz10kN/Bearing3_2,-1,test
5307,2,RM_002_XJTU,40Hz10kN/Bearing3_2/424.csv,0,0,0,2,25600,XJTU/40Hz10kN/Bearing3_2,-1,test
5308,2,RM_002_XJTU,40Hz10kN/Bearing3_2/425.csv,0,0,0,2,25600,XJTU/40Hz10kN/Bearing3_2,-1,test
5309,2,RM_002_XJTU,40Hz10kN/Bearing3_2/426.csv,0,0,0,2,25600,XJTU/40Hz10kN/Bearing3_2,-1,test
5310,2,RM_002_XJTU,40Hz10kN/Bearing3_2/427.csv,0,0,0,2,25600,XJTU/40Hz10kN/Bearing3_2,-1,test
5311,2,RM_002_XJTU,40Hz10kN/Bearing3_2/428.csv,0,0,0,2,25600,XJTU/40Hz10kN/Bearing3_2,-1,test
5312,2,RM_002_XJTU,40Hz10kN/Bearing3_2/429.csv,0,0,0,2,25600,XJTU/40Hz10kN/Bearing3_2,-1,test
5313,2,RM_002_XJTU,40Hz10kN/Bearing3_2/430.csv,0,0,0,2,25600,XJTU/40Hz10kN/Bearing3_2,-1,test
5314,2,RM_002_XJTU,40Hz10kN/Bearing3_2/431.csv,0,0,0,2,25600,XJTU/40Hz10kN/Bearing3_2,-1,test
5315,2,RM_002_XJTU,40Hz10kN/Bearing3_2/432.csv,0,0,0,2,25600,XJTU/40Hz10kN/Bearing3_2,-1,test
5316,2,RM_002_XJTU,40Hz10kN/Bearing3_2/433.csv,0,0,0,2,25600,XJTU/40Hz10kN/Bearing3_2,-1,test
5317,2,RM_002_XJTU,40Hz10kN/Bearing3_2/434.csv,0,0,0,2,25600,XJTU/40Hz10kN/Bearing3_2,-1,test
5318,2,RM_002_XJTU,40Hz10kN/Bearing3_2/435.csv,0,0,0,2,25600,XJTU/40Hz10kN/Bearing3_2,-1,test
5319,2,RM_002_XJTU,40Hz10kN/Bearing3_2/436.csv,0,0,0,2,25600,XJTU/40Hz10kN/Bearing3_2,-1,test
5320,2,RM_002_XJTU,40Hz10kN/Bearing3_2/437.csv,0,0,0,2,25600,XJTU/40Hz10kN/Bearing3_2,-1,test
5321,2,RM_002_XJTU,40Hz10kN/Bearing3_2/438.csv,0,0,0,2,25600,XJTU/40Hz10kN/Bearing3_2,-1,test
5322,2,RM_002_XJTU,40Hz10kN/Bearing3_2/439.csv,0,0,0,2,25600,XJTU/40Hz10kN/Bearing3_2,-1,test
5323,2,RM_002_XJTU,40Hz10kN/Bearing3_2/440.csv,0,0,0,2,25600,XJTU/40Hz10kN/Bearing3_2,-1,test
5324,2,RM_002_XJTU,40Hz10kN/Bearing3_2/441.csv,0,0,0,2,25600,XJTU/40Hz10kN/Bearing3_2,-1,test
5325,2,RM_002_XJTU,40Hz10kN/Bearing3_2/442.csv,0,0,0,2,25600,XJTU/40Hz10kN/Bearing3_2,-1,test
5326,2,RM_002_XJTU,40Hz10kN/Bearing3_2/443.csv,0,0,0,2,25600,XJTU/40Hz10kN/Bearing3_2,-1,test
5327,2,RM_002_XJTU,40Hz10kN/Bearing3_2/444.csv,0,0,0,2,25600,XJTU/40Hz10kN/Bearing3_2,-1,test
5328,2,RM_002_XJTU,40Hz10kN/Bearing3_2/445.csv,0,0,0,2,25600,XJTU/40Hz10kN/Bearing3_2,-1,test
5329,2,RM_002_XJTU,40Hz10kN/Bearing3_2/446.csv,0,0,0,2,25600,XJTU/40Hz10kN/Bearing3_2,-1,test
5330,2,RM_002_XJTU,40Hz10kN/Bearing3_2/447.csv,0,0,0,2,25600,XJTU/40Hz10kN/Bearing3_2,-1,test
5331,2,RM_002_XJTU,40Hz10kN/Bearing3_2/448.csv,0,0,0,2,25600,XJTU/40Hz10kN/Bearing3_2,-1,test
5332,2,RM_002_XJTU,40Hz10kN/Bearing3_2/449.csv,0,0,0,2,25600,XJTU/40Hz10kN/Bearing3_2,-1,test
5333,2,RM_002_XJTU,40Hz10kN/Bearing3_2/450.csv,0,0,0,2,25600,XJTU/40Hz10kN/Bearing3_2,-1,test
5334,2,RM_002_XJTU,40Hz10kN/Bearing3_2/451.csv,0,0,0,2,25600,XJTU/40Hz10kN/Bearing3_2,-1,test
5335,2,RM_002_XJTU,40Hz10kN/Bearing3_2/452.csv,0,0,0,2,25600,XJTU/40Hz10kN/Bearing3_2,-1,test
5336,2,RM_002_XJTU,40Hz10kN/Bearing3_2/453.csv,0,0,0,2,25600,XJTU/40Hz10kN/Bearing3_2,-1,test
5337,2,RM_002_XJTU,40Hz10kN/Bearing3_2/454.csv,0,0,0,2,25600,XJTU/40Hz10kN/Bearing3_2,-1,test
5338,2,RM_002_XJTU,40Hz10kN/Bearing3_2/455.csv,0,0,0,2,25600,XJTU/40Hz10kN/Bearing3_2,-1,test
5339,2,RM_002_XJTU,40Hz10kN/Bearing3_2/456.csv,0,0,0,2,25600,XJTU/40Hz10kN/Bearing3_2,-1,test
5340,2,RM_002_XJTU,40Hz10kN/Bearing3_2/457.csv,0,0,0,2,25600,XJTU/40Hz10kN/Bearing3_2,-1,test
5341,2,RM_002_XJTU,40Hz10kN/Bearing3_2/458.csv,0,0,0,2,25600,XJTU/40Hz10kN/Bearing3_2,-1,test
5342,2,RM_002_XJTU,40Hz10kN/Bearing3_2/459.csv,0,0,0,2,25600,XJTU/40Hz10kN/Bearing3_2,-1,test
5343,2,RM_002_XJTU,40Hz10kN/Bearing3_2/460.csv,0,0,0,2,25600,XJTU/40Hz10kN/Bearing3_2,-1,test
5344,2,RM_002_XJTU,40Hz10kN/Bearing3_2/461.csv,0,0,0,2,25600,XJTU/40Hz10kN/Bearing3_2,-1,test
5345,2,RM_002_XJTU,40Hz10kN/Bearing3_2/462.csv,0,0,0,2,25600,XJTU/40Hz10kN/Bearing3_2,-1,test
5346,2,RM_002_XJTU,40Hz10kN/Bearing3_2/463.csv,0,0,0,2,25600,XJTU/40Hz10kN/Bearing3_2,-1,test
5347,2,RM_002_XJTU,40Hz10kN/Bearing3_2/464.csv,0,0,0,2,25600,XJTU/40Hz10kN/Bearing3_2,-1,test
5348,2,RM_002_XJTU,40Hz10kN/Bearing3_2/465.csv,0,0,0,2,25600,XJTU/40Hz10kN/Bearing3_2,-1,test
5349,2,RM_002_XJTU,40Hz10kN/Bearing3_2/466.csv,0,0,0,2,25600,XJTU/40Hz10kN/Bearing3_2,-1,test
5350,2,RM_002_XJTU,40Hz10kN/Bearing3_2/467.csv,0,0,0,2,25600,XJTU/40Hz10kN/Bearing3_2,-1,test
5351,2,RM_002_XJTU,40Hz10kN/Bearing3_2/468.csv,0,0,0,2,25600,XJTU/40Hz10kN/Bearing3_2,-1,test
5352,2,RM_002_XJTU,40Hz10kN/Bearing3_2/469.csv,0,0,0,2,25600,XJTU/40Hz10kN/Bearing3_2,-1,test
5353,2,RM_002_XJTU,40Hz10kN/Bearing3_2/470.csv,0,0,0,2,25600,XJTU/40Hz10kN/Bearing3_2,-1,test
5354,2,RM_002_XJTU,40Hz10kN/Bearing3_2/471.csv,0,0,0,2,25600,XJTU/40Hz10kN/Bearing3_2,-1,test
5355,2,RM_002_XJTU,40Hz10kN/Bearing3_2/472.csv,0,0,0,2,25600,XJTU/40Hz10kN/Bearing3_2,-1,test
5356,2,RM_002_XJTU,40Hz10kN/Bearing3_2/473.csv,0,0,0,2,25600,XJTU/40Hz10kN/Bearing3_2,-1,test
5357,2,RM_002_XJTU,40Hz10kN/Bearing3_2/474.csv,0,0,0,2,25600,XJTU/40Hz10kN/Bearing3_2,-1,test
5358,2,RM_002_XJTU,40Hz10kN/Bearing3_2/475.csv,0,0,0,2,25600,XJTU/40Hz10kN/Bearing3_2,-1,test
5359,2,RM_002_XJTU,40Hz10kN/Bearing3_2/476.csv,0,0,0,2,25600,XJTU/40Hz10kN/Bearing3_2,-1,test
5360,2,RM_002_XJTU,40Hz10kN/Bearing3_2/477.csv,0,0,0,2,25600,XJTU/40Hz10kN/Bearing3_2,-1,test
5361,2,RM_002_XJTU,40Hz10kN/Bearing3_2/478.csv,0,0,0,2,25600,XJTU/40Hz10kN/Bearing3_2,-1,test
5362,2,RM_002_XJTU,40Hz10kN/Bearing3_2/479.csv,0,0,0,2,25600,XJTU/40Hz10kN/Bearing3_2,-1,test
5363,2,RM_002_XJTU,40Hz10kN/Bearing3_2/480.csv,0,0,0,2,25600,XJTU/40Hz10kN/Bearing3_2,-1,test
5364,2,RM_002_XJTU,40Hz10kN/Bearing3_2/481.csv,0,0,0,2,25600,XJTU/40Hz10kN/Bearing3_2,-1,test
5365,2,RM_002_XJTU,40Hz10kN/Bearing3_2/482.csv,0,0,0,2,25600,XJTU/40Hz10kN/Bearing3_2,-1,test
5366,2,RM_002_XJTU,40Hz10kN/Bearing3_2/483.csv,0,0,0,2,25600,XJTU/40Hz10kN/Bearing3_2,-1,test
5367,2,RM_002_XJTU,40Hz10kN/Bearing3_2/484.csv,0,0,0,2,25600,XJTU/40Hz10kN/Bearing3_2,-1,test
5368,2,RM_002_XJTU,40Hz10kN/Bearing3_2/485.csv,0,0,0,2,25600,XJTU/40Hz10kN/Bearing3_2,-1,test
5369,2,RM_002_XJTU,40Hz10kN/Bearing3_2/486.csv,0,0,0,2,25600,XJTU/40Hz10kN/Bearing3_2,-1,test
5370,2,RM_002_XJTU,40Hz10kN/Bearing3_2/487.csv,0,0,0,2,25600,XJTU/40Hz10kN/Bearing3_2,-1,test
5371,2,RM_002_XJTU,40Hz10kN/Bearing3_2/488.csv,0,0,0,2,25600,XJTU/40Hz10kN/Bearing3_2,-1,test
5372,2,RM_002_XJTU,40Hz10kN/Bearing3_2/489.csv,0,0,0,2,25600,XJTU/40Hz10kN/Bearing3_2,-1,test
5373,2,RM_002_XJTU,40Hz10kN/Bearing3_2/490.csv,0,0,0,2,25600,XJTU/40Hz10kN/Bearing3_2,-1,test
5374,2,RM_002_XJTU,40Hz10kN/Bearing3_2/491.csv,0,0,0,2,25600,XJTU/40Hz10kN/Bearing3_2,-1,test
5375,2,RM_002_XJTU,40Hz10kN/Bearing3_2/492.csv,0,0,0,2,25600,XJTU/40Hz10kN/Bearing3_2,-1,test
5376,2,RM_002_XJTU,40Hz10kN/Bearing3_2/493.csv,0,0,0,2,25600,XJTU/40Hz10kN/Bearing3_2,-1,test
5377,2,RM_002_XJTU,40Hz10kN/Bearing3_2/494.csv,0,0,0,2,25600,XJTU/40Hz10kN/Bearing3_2,-1,test
5378,2,RM_002_XJTU,40Hz10kN/Bearing3_2/495.csv,0,0,0,2,25600,XJTU/40Hz10kN/Bearing3_2,-1,test
5379,2,RM_002_XJTU,40Hz10kN/Bearing3_2/496.csv,0,0,0,2,25600,XJTU/40Hz10kN/Bearing3_2,-1,test
5380,2,RM_002_XJTU,40Hz10kN/Bearing3_2/497.csv,0,0,0,2,25600,XJTU/40Hz10kN/Bearing3_2,-1,test
5381,2,RM_002_XJTU,40Hz10kN/Bearing3_2/498.csv,0,0,0,2,25600,XJTU/40Hz10kN/Bearing3_2,-1,test
5382,2,RM_002_XJTU,40Hz10kN/Bearing3_2/499.csv,0,0,0,2,25600,XJTU/40Hz10kN/Bearing3_2,-1,test
5383,2,RM_002_XJTU,40Hz10kN/Bearing3_2/500.csv,0,0,0,2,25600,XJTU/40Hz10kN/Bearing3_2,-1,test
5384,2,RM_002_XJTU,40Hz10kN/Bearing3_2/501.csv,0,0,0,2,25600,XJTU/40Hz10kN/Bearing3_2,-1,test
5385,2,RM_002_XJTU,40Hz10kN/Bearing3_2/502.csv,0,0,0,2,25600,XJTU/40Hz10kN/Bearing3_2,-1,test
5386,2,RM_002_XJTU,40Hz10kN/Bearing3_2/503.csv,0,0,0,2,25600,XJTU/40Hz10kN/Bearing3_2,-1,test
5387,2,RM_002_XJTU,40Hz10kN/Bearing3_2/504.csv,0,0,0,2,25600,XJTU/40Hz10kN/Bearing3_2,-1,test
5388,2,RM_002_XJTU,40Hz10kN/Bearing3_2/505.csv,0,0,0,2,25600,XJTU/40Hz10kN/Bearing3_2,-1,test
5389,2,RM_002_XJTU,40Hz10kN/Bearing3_2/506.csv,0,0,0,2,25600,XJTU/40Hz10kN/Bearing3_2,-1,test
5390,2,RM_002_XJTU,40Hz10kN/Bearing3_2/507.csv,0,0,0,2,25600,XJTU/40Hz10kN/Bearing3_2,-1,test
5391,2,RM_002_XJTU,40Hz10kN/Bearing3_2/508.csv,0,0,0,2,25600,XJTU/40Hz10kN/Bearing3_2,-1,test
5392,2,RM_002_XJTU,40Hz10kN/Bearing3_2/509.csv,0,0,0,2,25600,XJTU/40Hz10kN/Bearing3_2,-1,test
5393,2,RM_002_XJTU,40Hz10kN/Bearing3_2/510.csv,0,0,0,2,25600,XJTU/40Hz10kN/Bearing3_2,-1,test
5394,2,RM_002_XJTU,40Hz10kN/Bearing3_2/511.csv,0,0,0,2,25600,XJTU/40Hz10kN/Bearing3_2,-1,test
5395,2,RM_002_XJTU,40Hz10kN/Bearing3_2/512.csv,0,0,0,2,25600,XJTU/40Hz10kN/Bearing3_2,-1,test
5396,2,RM_002_XJTU,40Hz10kN/Bearing3_2/513.csv,0,0,0,2,25600,XJTU/40Hz10kN/Bearing3_2,-1,test
5397,2,RM_002_XJTU,40Hz10kN/Bearing3_2/514.csv,0,0,0,2,25600,XJTU/40Hz10kN/Bearing3_2,-1,test
5398,2,RM_002_XJTU,40Hz10kN/Bearing3_2/515.csv,0,0,0,2,25600,XJTU/40Hz10kN/Bearing3_2,-1,test
5399,2,RM_002_XJTU,40Hz10kN/Bearing3_2/516.csv,0,0,0,2,25600,XJTU/40Hz10kN/Bearing3_2,-1,test
5400,2,RM_002_XJTU,40Hz10kN/Bearing3_2/517.csv,0,0,0,2,25600,XJTU/40Hz10kN/Bearing3_2,-1,test
5401,2,RM_002_XJTU,40Hz10kN/Bearing3_2/518.csv,0,0,0,2,25600,XJTU/40Hz10kN/Bearing3_2,-1,test
5402,2,RM_002_XJTU,40Hz10kN/Bearing3_2/519.csv,0,0,0,2,25600,XJTU/40Hz10kN/Bearing3_2,-1,test
5403,2,RM_002_XJTU,40Hz10kN/Bearing3_2/520.csv,0,0,0,2,25600,XJTU/40Hz10kN/Bearing3_2,-1,test
5404,2,RM_002_XJTU,40Hz10kN/Bearing3_2/521.csv,0,0,0,2,25600,XJTU/40Hz10kN/Bearing3_2,-1,test
5405,2,RM_002_XJTU,40Hz10kN/Bearing3_2/522.csv,0,0,0,2,25600,XJTU/40Hz10kN/Bearing3_2,-1,test
5406,2,RM_002_XJTU,40Hz10kN/Bearing3_2/523.csv,0,0,0,2,25600,XJTU/40Hz10kN/Bearing3_2,-1,test
5407,2,RM_002_XJTU,40Hz10kN/Bearing3_2/524.csv,0,0,0,2,25600,XJTU/40Hz10kN/Bearing3_2,-1,test
5408,2,RM_002_XJTU,40Hz10kN/Bearing3_2/525.csv,0,0,0,2,25600,XJTU/40Hz10kN/Bearing3_2,-1,test
5409,2,RM_002_XJTU,40Hz10kN/Bearing3_2/526.csv,0,0,0,2,25600,XJTU/40Hz10kN/Bearing3_2,-1,test
5410,2,RM_002_XJTU,40Hz10kN/Bearing3_2/527.csv,0,0,0,2,25600,XJTU/40Hz10kN/Bearing3_2,-1,test
5411,2,RM_002_XJTU,40Hz10kN/Bearing3_2/528.csv,0,0,0,2,25600,XJTU/40Hz10kN/Bearing3_2,-1,test
5412,2,RM_002_XJTU,40Hz10kN/Bearing3_2/529.csv,0,0,0,2,25600,XJTU/40Hz10kN/Bearing3_2,-1,test
5413,2,RM_002_XJTU,40Hz10kN/Bearing3_2/530.csv,0,0,0,2,25600,XJTU/40Hz10kN/Bearing3_2,-1,test
5414,2,RM_002_XJTU,40Hz10kN/Bearing3_2/531.csv,0,0,0,2,25600,XJTU/40Hz10kN/Bearing3_2,-1,test
5415,2,RM_002_XJTU,40Hz10kN/Bearing3_2/532.csv,0,0,0,2,25600,XJTU/40Hz10kN/Bearing3_2,-1,test
5416,2,RM_002_XJTU,40Hz10kN/Bearing3_2/533.csv,0,0,0,2,25600,XJTU/40Hz10kN/Bearing3_2,-1,test
5417,2,RM_002_XJTU,40Hz10kN/Bearing3_2/534.csv,0,0,0,2,25600,XJTU/40Hz10kN/Bearing3_2,-1,test
5418,2,RM_002_XJTU,40Hz10kN/Bearing3_2/535.csv,0,0,0,2,25600,XJTU/40Hz10kN/Bearing3_2,-1,test
5419,2,RM_002_XJTU,40Hz10kN/Bearing3_2/536.csv,0,0,0,2,25600,XJTU/40Hz10kN/Bearing3_2,-1,test
5420,2,RM_002_XJTU,40Hz10kN/Bearing3_2/537.csv,0,0,0,2,25600,XJTU/40Hz10kN/Bearing3_2,-1,test
5421,2,RM_002_XJTU,40Hz10kN/Bearing3_2/538.csv,0,0,0,2,25600,XJTU/40Hz10kN/Bearing3_2,-1,test
5422,2,RM_002_XJTU,40Hz10kN/Bearing3_2/539.csv,0,0,0,2,25600,XJTU/40Hz10kN/Bearing3_2,-1,test
5423,2,RM_002_XJTU,40Hz10kN/Bearing3_2/540.csv,0,0,0,2,25600,XJTU/40Hz10kN/Bearing3_2,-1,test
5424,2,RM_002_XJTU,40Hz10kN/Bearing3_2/541.csv,0,0,0,2,25600,XJTU/40Hz10kN/Bearing3_2,-1,test
5425,2,RM_002_XJTU,40Hz10kN/Bearing3_2/542.csv,0,0,0,2,25600,XJTU/40Hz10kN/Bearing3_2,-1,test
5426,2,RM_002_XJTU,40Hz10kN/Bearing3_2/543.csv,0,0,0,2,25600,XJTU/40Hz10kN/Bearing3_2,-1,test
5427,2,RM_002_XJTU,40Hz10kN/Bearing3_2/544.csv,0,0,0,2,25600,XJTU/40Hz10kN/Bearing3_2,-1,test
5428,2,RM_002_XJTU,40Hz10kN/Bearing3_2/545.csv,0,0,0,2,25600,XJTU/40Hz10kN/Bearing3_2,-1,test
5429,2,RM_002_XJTU,40Hz10kN/Bearing3_2/546.csv,0,0,0,2,25600,XJTU/40Hz10kN/Bearing3_2,-1,test
5430,2,RM_002_XJTU,40Hz10kN/Bearing3_2/547.csv,0,0,0,2,25600,XJTU/40Hz10kN/Bearing3_2,-1,test
5431,2,RM_002_XJTU,40Hz10kN/Bearing3_2/548.csv,0,0,0,2,25600,XJTU/40Hz10kN/Bearing3_2,-1,test
5432,2,RM_002_XJTU,40Hz10kN/Bearing3_2/549.csv,0,0,0,2,25600,XJTU/40Hz10kN/Bearing3_2,-1,test
5433,2,RM_002_XJTU,40Hz10kN/Bearing3_2/550.csv,0,0,0,2,25600,XJTU/40Hz10kN/Bearing3_2,-1,test
5434,2,RM_002_XJTU,40Hz10kN/Bearing3_2/551.csv,0,0,0,2,25600,XJTU/40Hz10kN/Bearing3_2,-1,test
5435,2,RM_002_XJTU,40Hz10kN/Bearing3_2/552.csv,0,0,0,2,25600,XJTU/40Hz10kN/Bearing3_2,-1,test
5436,2,RM_002_XJTU,40Hz10kN/Bearing3_2/553.csv,0,0,0,2,25600,XJTU/40Hz10kN/Bearing3_2,-1,test
5437,2,RM_002_XJTU,40Hz10kN/Bearing3_2/554.csv,0,0,0,2,25600,XJTU/40Hz10kN/Bearing3_2,-1,test
5438,2,RM_002_XJTU,40Hz10kN/Bearing3_2/555.csv,0,0,0,2,25600,XJTU/40Hz10kN/Bearing3_2,-1,test
5439,2,RM_002_XJTU,40Hz10kN/Bearing3_2/556.csv,0,0,0,2,25600,XJTU/40Hz10kN/Bearing3_2,-1,test
5440,2,RM_002_XJTU,40Hz10kN/Bearing3_2/557.csv,0,0,0,2,25600,XJTU/40Hz10kN/Bearing3_2,-1,test
5441,2,RM_002_XJTU,40Hz10kN/Bearing3_2/558.csv,0,0,0,2,25600,XJTU/40Hz10kN/Bearing3_2,-1,test
5442,2,RM_002_XJTU,40Hz10kN/Bearing3_2/559.csv,0,0,0,2,25600,XJTU/40Hz10kN/Bearing3_2,-1,test
5443,2,RM_002_XJTU,40Hz10kN/Bearing3_2/560.csv,0,0,0,2,25600,XJTU/40Hz10kN/Bearing3_2,-1,test
5444,2,RM_002_XJTU,40Hz10kN/Bearing3_2/561.csv,0,0,0,2,25600,XJTU/40Hz10kN/Bearing3_2,-1,test
5445,2,RM_002_XJTU,40Hz10kN/Bearing3_2/562.csv,0,0,0,2,25600,XJTU/40Hz10kN/Bearing3_2,-1,test
5446,2,RM_002_XJTU,40Hz10kN/Bearing3_2/563.csv,0,0,0,2,25600,XJTU/40Hz10kN/Bearing3_2,-1,test
5447,2,RM_002_XJTU,40Hz10kN/Bearing3_2/564.csv,0,0,0,2,25600,XJTU/40Hz10kN/Bearing3_2,-1,test
5448,2,RM_002_XJTU,40Hz10kN/Bearing3_2/565.csv,0,0,0,2,25600,XJTU/40Hz10kN/Bearing3_2,-1,test
5449,2,RM_002_XJTU,40Hz10kN/Bearing3_2/566.csv,0,0,0,2,25600,XJTU/40Hz10kN/Bearing3_2,-1,test
5450,2,RM_002_XJTU,40Hz10kN/Bearing3_2/567.csv,0,0,0,2,25600,XJTU/40Hz10kN/Bearing3_2,-1,test
5451,2,RM_002_XJTU,40Hz10kN/Bearing3_2/568.csv,0,0,0,2,25600,XJTU/40Hz10kN/Bearing3_2,-1,test
5452,2,RM_002_XJTU,40Hz10kN/Bearing3_2/569.csv,0,0,0,2,25600,XJTU/40Hz10kN/Bearing3_2,-1,test
5453,2,RM_002_XJTU,40Hz10kN/Bearing3_2/570.csv,0,0,0,2,25600,XJTU/40Hz10kN/Bearing3_2,-1,test
5454,2,RM_002_XJTU,40Hz10kN/Bearing3_2/571.csv,0,0,0,2,25600,XJTU/40Hz10kN/Bearing3_2,-1,test
5455,2,RM_002_XJTU,40Hz10kN/Bearing3_2/572.csv,0,0,0,2,25600,XJTU/40Hz10kN/Bearing3_2,-1,test
5456,2,RM_002_XJTU,40Hz10kN/Bearing3_2/573.csv,0,0,0,2,25600,XJTU/40Hz10kN/Bearing3_2,-1,test
5457,2,RM_002_XJTU,40Hz10kN/Bearing3_2/574.csv,0,0,0,2,25600,XJTU/40Hz10kN/Bearing3_2,-1,test
5458,2,RM_002_XJTU,40Hz10kN/Bearing3_2/575.csv,0,0,0,2,25600,XJTU/40Hz10kN/Bearing3_2,-1,test
5459,2,RM_002_XJTU,40Hz10kN/Bearing3_2/576.csv,0,0,0,2,25600,XJTU/40Hz10kN/Bearing3_2,-1,test
5460,2,RM_002_XJTU,40Hz10kN/Bearing3_2/577.csv,0,0,0,2,25600,XJTU/40Hz10kN/Bearing3_2,-1,test
5461,2,RM_002_XJTU,40Hz10kN/Bearing3_2/578.csv,0,0,0,2,25600,XJTU/40Hz10kN/Bearing3_2,-1,test
5462,2,RM_002_XJTU,40Hz10kN/Bearing3_2/579.csv,0,0,0,2,25600,XJTU/40Hz10kN/Bearing3_2,-1,test
5463,2,RM_002_XJTU,40Hz10kN/Bearing3_2/580.csv,0,0,0,2,25600,XJTU/40Hz10kN/Bearing3_2,-1,test
5464,2,RM_002_XJTU,40Hz10kN/Bearing3_2/581.csv,0,0,0,2,25600,XJTU/40Hz10kN/Bearing3_2,-1,test
5465,2,RM_002_XJTU,40Hz10kN/Bearing3_2/582.csv,0,0,0,2,25600,XJTU/40Hz10kN/Bearing3_2,-1,test
5466,2,RM_002_XJTU,40Hz10kN/Bearing3_2/583.csv,0,0,0,2,25600,XJTU/40Hz10kN/Bearing3_2,-1,test
5467,2,RM_002_XJTU,40Hz10kN/Bearing3_2/584.csv,0,0,0,2,25600,XJTU/40Hz10kN/Bearing3_2,-1,test
5468,2,RM_002_XJTU,40Hz10kN/Bearing3_2/585.csv,0,0,0,2,25600,XJTU/40Hz10kN/Bearing3_2,-1,test
5469,2,RM_002_XJTU,40Hz10kN/Bearing3_2/586.csv,0,0,0,2,25600,XJTU/40Hz10kN/Bearing3_2,-1,test
5470,2,RM_002_XJTU,40Hz10kN/Bearing3_2/587.csv,0,0,0,2,25600,XJTU/40Hz10kN/Bearing3_2,-1,test
5471,2,RM_002_XJTU,40Hz10kN/Bearing3_2/588.csv,0,0,0,2,25600,XJTU/40Hz10kN/Bearing3_2,-1,test
5472,2,RM_002_XJTU,40Hz10kN/Bearing3_2/589.csv,0,0,0,2,25600,XJTU/40Hz10kN/Bearing3_2,-1,test
5473,2,RM_002_XJTU,40Hz10kN/Bearing3_2/590.csv,0,0,0,2,25600,XJTU/40Hz10kN/Bearing3_2,-1,test
5474,2,RM_002_XJTU,40Hz10kN/Bearing3_2/591.csv,0,0,0,2,25600,XJTU/40Hz10kN/Bearing3_2,-1,test
5475,2,RM_002_XJTU,40Hz10kN/Bearing3_2/592.csv,0,0,0,2,25600,XJTU/40Hz10kN/Bearing3_2,-1,test
5476,2,RM_002_XJTU,40Hz10kN/Bearing3_2/593.csv,0,0,0,2,25600,XJTU/40Hz10kN/Bearing3_2,-1,test
5477,2,RM_002_XJTU,40Hz10kN/Bearing3_2/594.csv,0,0,0,2,25600,XJTU/40Hz10kN/Bearing3_2,-1,test
5478,2,RM_002_XJTU,40Hz10kN/Bearing3_2/595.csv,0,0,0,2,25600,XJTU/40Hz10kN/Bearing3_2,-1,test
5479,2,RM_002_XJTU,40Hz10kN/Bearing3_2/596.csv,0,0,0,2,25600,XJTU/40Hz10kN/Bearing3_2,-1,test
5480,2,RM_002_XJTU,40Hz10kN/Bearing3_2/597.csv,0,0,0,2,25600,XJTU/40Hz10kN/Bearing3_2,-1,test
5481,2,RM_002_XJTU,40Hz10kN/Bearing3_2/598.csv,0,0,0,2,25600,XJTU/40Hz10kN/Bearing3_2,-1,test
5482,2,RM_002_XJTU,40Hz10kN/Bearing3_2/599.csv,0,0,0,2,25600,XJTU/40Hz10kN/Bearing3_2,-1,test
5483,2,RM_002_XJTU,40Hz10kN/Bearing3_2/600.csv,0,0,0,2,25600,XJTU/40Hz10kN/Bearing3_2,-1,test
5484,2,RM_002_XJTU,40Hz10kN/Bearing3_2/601.csv,0,0,0,2,25600,XJTU/40Hz10kN/Bearing3_2,-1,test
5485,2,RM_002_XJTU,40Hz10kN/Bearing3_2/602.csv,0,0,0,2,25600,XJTU/40Hz10kN/Bearing3_2,-1,test
5486,2,RM_002_XJTU,40Hz10kN/Bearing3_2/603.csv,0,0,0,2,25600,XJTU/40Hz10kN/Bearing3_2,-1,test
5487,2,RM_002_XJTU,40Hz10kN/Bearing3_2/604.csv,0,0,0,2,25600,XJTU/40Hz10kN/Bearing3_2,-1,test
5488,2,RM_002_XJTU,40Hz10kN/Bearing3_2/605.csv,0,0,0,2,25600,XJTU/40Hz10kN/Bearing3_2,-1,test
5489,2,RM_002_XJTU,40Hz10kN/Bearing3_2/606.csv,0,0,0,2,25600,XJTU/40Hz10kN/Bearing3_2,-1,test
5490,2,RM_002_XJTU,40Hz10kN/Bearing3_2/607.csv,0,0,0,2,25600,XJTU/40Hz10kN/Bearing3_2,-1,test
5491,2,RM_002_XJTU,40Hz10kN/Bearing3_2/608.csv,0,0,0,2,25600,XJTU/40Hz10kN/Bearing3_2,-1,test
5492,2,RM_002_XJTU,40Hz10kN/Bearing3_2/609.csv,0,0,0,2,25600,XJTU/40Hz10kN/Bearing3_2,-1,test
5493,2,RM_002_XJTU,40Hz10kN/Bearing3_2/610.csv,0,0,0,2,25600,XJTU/40Hz10kN/Bearing3_2,-1,test
5494,2,RM_002_XJTU,40Hz10kN/Bearing3_2/611.csv,0,0,0,2,25600,XJTU/40Hz10kN/Bearing3_2,-1,test
5495,2,RM_002_XJTU,40Hz10kN/Bearing3_2/612.csv,0,0,0,2,25600,XJTU/40Hz10kN/Bearing3_2,-1,test
5496,2,RM_002_XJTU,40Hz10kN/Bearing3_2/613.csv,0,0,0,2,25600,XJTU/40Hz10kN/Bearing3_2,-1,test
5497,2,RM_002_XJTU,40Hz10kN/Bearing3_2/614.csv,0,0,0,2,25600,XJTU/40Hz10kN/Bearing3_2,-1,test
5498,2,RM_002_XJTU,40Hz10kN/Bearing3_2/615.csv,0,0,0,2,25600,XJTU/40Hz10kN/Bearing3_2,-1,test
5499,2,RM_002_XJTU,40Hz10kN/Bearing3_2/616.csv,0,0,0,2,25600,XJTU/40Hz10kN/Bearing3_2,-1,test
5500,2,RM_002_XJTU,40Hz10kN/Bearing3_2/617.csv,0,0,0,2,25600,XJTU/40Hz10kN/Bearing3_2,-1,test
5501,2,RM_002_XJTU,40Hz10kN/Bearing3_2/618.csv,0,0,0,2,25600,XJTU/40Hz10kN/Bearing3_2,-1,test
5502,2,RM_002_XJTU,40Hz10kN/Bearing3_2/619.csv,0,0,0,2,25600,XJTU/40Hz10kN/Bearing3_2,-1,test
5503,2,RM_002_XJTU,40Hz10kN/Bearing3_2/620.csv,0,0,0,2,25600,XJTU/40Hz10kN/Bearing3_2,-1,test
5504,2,RM_002_XJTU,40Hz10kN/Bearing3_2/621.csv,0,0,0,2,25600,XJTU/40Hz10kN/Bearing3_2,-1,test
5505,2,RM_002_XJTU,40Hz10kN/Bearing3_2/622.csv,0,0,0,2,25600,XJTU/40Hz10kN/Bearing3_2,-1,test
5506,2,RM_002_XJTU,40Hz10kN/Bearing3_2/623.csv,0,0,0,2,25600,XJTU/40Hz10kN/Bearing3_2,-1,test
5507,2,RM_002_XJTU,40Hz10kN/Bearing3_2/624.csv,0,0,0,2,25600,XJTU/40Hz10kN/Bearing3_2,-1,test
5508,2,RM_002_XJTU,40Hz10kN/Bearing3_2/625.csv,0,0,0,2,25600,XJTU/40Hz10kN/Bearing3_2,-1,test
5509,2,RM_002_XJTU,40Hz10kN/Bearing3_2/626.csv,0,0,0,2,25600,XJTU/40Hz10kN/Bearing3_2,-1,test
5510,2,RM_002_XJTU,40Hz10kN/Bearing3_2/627.csv,0,0,0,2,25600,XJTU/40Hz10kN/Bearing3_2,-1,test
5511,2,RM_002_XJTU,40Hz10kN/Bearing3_2/628.csv,0,0,0,2,25600,XJTU/40Hz10kN/Bearing3_2,-1,test
5512,2,RM_002_XJTU,40Hz10kN/Bearing3_2/629.csv,0,0,0,2,25600,XJTU/40Hz10kN/Bearing3_2,-1,test
5513,2,RM_002_XJTU,40Hz10kN/Bearing3_2/630.csv,0,0,0,2,25600,XJTU/40Hz10kN/Bearing3_2,-1,test
5514,2,RM_002_XJTU,40Hz10kN/Bearing3_2/631.csv,0,0,0,2,25600,XJTU/40Hz10kN/Bearing3_2,-1,test
5515,2,RM_002_XJTU,40Hz10kN/Bearing3_2/632.csv,0,0,0,2,25600,XJTU/40Hz10kN/Bearing3_2,-1,test
5516,2,RM_002_XJTU,40Hz10kN/Bearing3_2/633.csv,0,0,0,2,25600,XJTU/40Hz10kN/Bearing3_2,-1,test
5517,2,RM_002_XJTU,40Hz10kN/Bearing3_2/634.csv,0,0,0,2,25600,XJTU/40Hz10kN/Bearing3_2,-1,test
5518,2,RM_002_XJTU,40Hz10kN/Bearing3_2/635.csv,0,0,0,2,25600,XJTU/40Hz10kN/Bearing3_2,-1,test
5519,2,RM_002_XJTU,40Hz10kN/Bearing3_2/636.csv,0,0,0,2,25600,XJTU/40Hz10kN/Bearing3_2,-1,test
5520,2,RM_002_XJTU,40Hz10kN/Bearing3_2/637.csv,0,0,0,2,25600,XJTU/40Hz10kN/Bearing3_2,-1,test
5521,2,RM_002_XJTU,40Hz10kN/Bearing3_2/638.csv,0,0,0,2,25600,XJTU/40Hz10kN/Bearing3_2,-1,test
5522,2,RM_002_XJTU,40Hz10kN/Bearing3_2/639.csv,0,0,0,2,25600,XJTU/40Hz10kN/Bearing3_2,-1,test
5523,2,RM_002_XJTU,40Hz10kN/Bearing3_2/640.csv,0,0,0,2,25600,XJTU/40Hz10kN/Bearing3_2,-1,test
5524,2,RM_002_XJTU,40Hz10kN/Bearing3_2/641.csv,0,0,0,2,25600,XJTU/40Hz10kN/Bearing3_2,-1,test
5525,2,RM_002_XJTU,40Hz10kN/Bearing3_2/642.csv,0,0,0,2,25600,XJTU/40Hz10kN/Bearing3_2,-1,test
5526,2,RM_002_XJTU,40Hz10kN/Bearing3_2/643.csv,0,0,0,2,25600,XJTU/40Hz10kN/Bearing3_2,-1,test
5527,2,RM_002_XJTU,40Hz10kN/Bearing3_2/644.csv,0,0,0,2,25600,XJTU/40Hz10kN/Bearing3_2,-1,test
5528,2,RM_002_XJTU,40Hz10kN/Bearing3_2/645.csv,0,0,0,2,25600,XJTU/40Hz10kN/Bearing3_2,-1,test
5529,2,RM_002_XJTU,40Hz10kN/Bearing3_2/646.csv,0,0,0,2,25600,XJTU/40Hz10kN/Bearing3_2,-1,test
5530,2,RM_002_XJTU,40Hz10kN/Bearing3_2/647.csv,0,0,0,2,25600,XJTU/40Hz10kN/Bearing3_2,-1,test
5531,2,RM_002_XJTU,40Hz10kN/Bearing3_2/648.csv,0,0,0,2,25600,XJTU/40Hz10kN/Bearing3_2,-1,test
5532,2,RM_002_XJTU,40Hz10kN/Bearing3_2/649.csv,0,0,0,2,25600,XJTU/40Hz10kN/Bearing3_2,-1,test
5533,2,RM_002_XJTU,40Hz10kN/Bearing3_2/650.csv,0,0,0,2,25600,XJTU/40Hz10kN/Bearing3_2,-1,test
5534,2,RM_002_XJTU,40Hz10kN/Bearing3_2/651.csv,0,0,0,2,25600,XJTU/40Hz10kN/Bearing3_2,-1,test
5535,2,RM_002_XJTU,40Hz10kN/Bearing3_2/652.csv,0,0,0,2,25600,XJTU/40Hz10kN/Bearing3_2,-1,test
5536,2,RM_002_XJTU,40Hz10kN/Bearing3_2/653.csv,0,0,0,2,25600,XJTU/40Hz10kN/Bearing3_2,-1,test
5537,2,RM_002_XJTU,40Hz10kN/Bearing3_2/654.csv,0,0,0,2,25600,XJTU/40Hz10kN/Bearing3_2,-1,test
5538,2,RM_002_XJTU,40Hz10kN/Bearing3_2/655.csv,0,0,0,2,25600,XJTU/40Hz10kN/Bearing3_2,-1,test
5539,2,RM_002_XJTU,40Hz10kN/Bearing3_2/656.csv,0,0,0,2,25600,XJTU/40Hz10kN/Bearing3_2,-1,test
5540,2,RM_002_XJTU,40Hz10kN/Bearing3_2/657.csv,0,0,0,2,25600,XJTU/40Hz10kN/Bearing3_2,-1,test
5541,2,RM_002_XJTU,40Hz10kN/Bearing3_2/658.csv,0,0,0,2,25600,XJTU/40Hz10kN/Bearing3_2,-1,test
5542,2,RM_002_XJTU,40Hz10kN/Bearing3_2/659.csv,0,0,0,2,25600,XJTU/40Hz10kN/Bearing3_2,-1,test
5543,2,RM_002_XJTU,40Hz10kN/Bearing3_2/660.csv,0,0,0,2,25600,XJTU/40Hz10kN/Bearing3_2,-1,test
5544,2,RM_002_XJTU,40Hz10kN/Bearing3_2/661.csv,0,0,0,2,25600,XJTU/40Hz10kN/Bearing3_2,-1,test
5545,2,RM_002_XJTU,40Hz10kN/Bearing3_2/662.csv,0,0,0,2,25600,XJTU/40Hz10kN/Bearing3_2,-1,test
5546,2,RM_002_XJTU,40Hz10kN/Bearing3_2/663.csv,0,0,0,2,25600,XJTU/40Hz10kN/Bearing3_2,-1,test
5547,2,RM_002_XJTU,40Hz10kN/Bearing3_2/664.csv,0,0,0,2,25600,XJTU/40Hz10kN/Bearing3_2,-1,test
5548,2,RM_002_XJTU,40Hz10kN/Bearing3_2/665.csv,0,0,0,2,25600,XJTU/40Hz10kN/Bearing3_2,-1,test
5549,2,RM_002_XJTU,40Hz10kN/Bearing3_2/666.csv,0,0,0,2,25600,XJTU/40Hz10kN/Bearing3_2,-1,test
5550,2,RM_002_XJTU,40Hz10kN/Bearing3_2/667.csv,0,0,0,2,25600,XJTU/40Hz10kN/Bearing3_2,-1,test
5551,2,RM_002_XJTU,40Hz10kN/Bearing3_2/668.csv,0,0,0,2,25600,XJTU/40Hz10kN/Bearing3_2,-1,test
5552,2,RM_002_XJTU,40Hz10kN/Bearing3_2/669.csv,0,0,0,2,25600,XJTU/40Hz10kN/Bearing3_2,-1,test
5553,2,RM_002_XJTU,40Hz10kN/Bearing3_2/670.csv,0,0,0,2,25600,XJTU/40Hz10kN/Bearing3_2,-1,test
5554,2,RM_002_XJTU,40Hz10kN/Bearing3_2/671.csv,0,0,0,2,25600,XJTU/40Hz10kN/Bearing3_2,-1,test
5555,2,RM_002_XJTU,40Hz10kN/Bearing3_2/672.csv,0,0,0,2,25600,XJTU/40Hz10kN/Bearing3_2,-1,test
5556,2,RM_002_XJTU,40Hz10kN/Bearing3_2/673.csv,0,0,0,2,25600,XJTU/40Hz10kN/Bearing3_2,-1,test
5557,2,RM_002_XJTU,40Hz10kN/Bearing3_2/674.csv,0,0,0,2,25600,XJTU/40Hz10kN/Bearing3_2,-1,test
5558,2,RM_002_XJTU,40Hz10kN/Bearing3_2/675.csv,0,0,0,2,25600,XJTU/40Hz10kN/Bearing3_2,-1,test
5559,2,RM_002_XJTU,40Hz10kN/Bearing3_2/676.csv,0,0,0,2,25600,XJTU/40Hz10kN/Bearing3_2,-1,test
5560,2,RM_002_XJTU,40Hz10kN/Bearing3_2/677.csv,0,0,0,2,25600,XJTU/40Hz10kN/Bearing3_2,-1,test
5561,2,RM_002_XJTU,40Hz10kN/Bearing3_2/678.csv,0,0,0,2,25600,XJTU/40Hz10kN/Bearing3_2,-1,test
5562,2,RM_002_XJTU,40Hz10kN/Bearing3_2/679.csv,0,0,0,2,25600,XJTU/40Hz10kN/Bearing3_2,-1,test
5563,2,RM_002_XJTU,40Hz10kN/Bearing3_2/680.csv,0,0,0,2,25600,XJTU/40Hz10kN/Bearing3_2,-1,test
5564,2,RM_002_XJTU,40Hz10kN/Bearing3_2/681.csv,0,0,0,2,25600,XJTU/40Hz10kN/Bearing3_2,-1,test
5565,2,RM_002_XJTU,40Hz10kN/Bearing3_2/682.csv,0,0,0,2,25600,XJTU/40Hz10kN/Bearing3_2,-1,test
5566,2,RM_002_XJTU,40Hz10kN/Bearing3_2/683.csv,0,0,0,2,25600,XJTU/40Hz10kN/Bearing3_2,-1,test
5567,2,RM_002_XJTU,40Hz10kN/Bearing3_2/684.csv,0,0,0,2,25600,XJTU/40Hz10kN/Bearing3_2,-1,test
5568,2,RM_002_XJTU,40Hz10kN/Bearing3_2/685.csv,0,0,0,2,25600,XJTU/40Hz10kN/Bearing3_2,-1,test
5569,2,RM_002_XJTU,40Hz10kN/Bearing3_2/686.csv,0,0,0,2,25600,XJTU/40Hz10kN/Bearing3_2,-1,test
5570,2,RM_002_XJTU,40Hz10kN/Bearing3_2/687.csv,0,0,0,2,25600,XJTU/40Hz10kN/Bearing3_2,-1,test
5571,2,RM_002_XJTU,40Hz10kN/Bearing3_2/688.csv,0,0,0,2,25600,XJTU/40Hz10kN/Bearing3_2,-1,test
5572,2,RM_002_XJTU,40Hz10kN/Bearing3_2/689.csv,0,0,0,2,25600,XJTU/40Hz10kN/Bearing3_2,-1,test
5573,2,RM_002_XJTU,40Hz10kN/Bearing3_2/690.csv,0,0,0,2,25600,XJTU/40Hz10kN/Bearing3_2,-1,test
5574,2,RM_002_XJTU,40Hz10kN/Bearing3_2/691.csv,0,0,0,2,25600,XJTU/40Hz10kN/Bearing3_2,-1,test
5575,2,RM_002_XJTU,40Hz10kN/Bearing3_2/692.csv,0,0,0,2,25600,XJTU/40Hz10kN/Bearing3_2,-1,test
5576,2,RM_002_XJTU,40Hz10kN/Bearing3_2/693.csv,0,0,0,2,25600,XJTU/40Hz10kN/Bearing3_2,-1,test
5577,2,RM_002_XJTU,40Hz10kN/Bearing3_2/694.csv,0,0,0,2,25600,XJTU/40Hz10kN/Bearing3_2,-1,test
5578,2,RM_002_XJTU,40Hz10kN/Bearing3_2/695.csv,0,0,0,2,25600,XJTU/40Hz10kN/Bearing3_2,-1,test
5579,2,RM_002_XJTU,40Hz10kN/Bearing3_2/696.csv,0,0,0,2,25600,XJTU/40Hz10kN/Bearing3_2,-1,test
5580,2,RM_002_XJTU,40Hz10kN/Bearing3_2/697.csv,0,0,0,2,25600,XJTU/40Hz10kN/Bearing3_2,-1,test
5581,2,RM_002_XJTU,40Hz10kN/Bearing3_2/698.csv,0,0,0,2,25600,XJTU/40Hz10kN/Bearing3_2,-1,test
5582,2,RM_002_XJTU,40Hz10kN/Bearing3_2/699.csv,0,0,0,2,25600,XJTU/40Hz10kN/Bearing3_2,-1,test
5583,2,RM_002_XJTU,40Hz10kN/Bearing3_2/700.csv,0,0,0,2,25600,XJTU/40Hz10kN/Bearing3_2,-1,test
5584,2,RM_002_XJTU,40Hz10kN/Bearing3_2/701.csv,0,0,0,2,25600,XJTU/40Hz10kN/Bearing3_2,-1,test
5585,2,RM_002_XJTU,40Hz10kN/Bearing3_2/702.csv,0,0,0,2,25600,XJTU/40Hz10kN/Bearing3_2,-1,test
5586,2,RM_002_XJTU,40Hz10kN/Bearing3_2/703.csv,0,0,0,2,25600,XJTU/40Hz10kN/Bearing3_2,-1,test
5587,2,RM_002_XJTU,40Hz10kN/Bearing3_2/704.csv,0,0,0,2,25600,XJTU/40Hz10kN/Bearing3_2,-1,test
5588,2,RM_002_XJTU,40Hz10kN/Bearing3_2/705.csv,0,0,0,2,25600,XJTU/40Hz10kN/Bearing3_2,-1,test
5589,2,RM_002_XJTU,40Hz10kN/Bearing3_2/706.csv,0,0,0,2,25600,XJTU/40Hz10kN/Bearing3_2,-1,test
5590,2,RM_002_XJTU,40Hz10kN/Bearing3_2/707.csv,0,0,0,2,25600,XJTU/40Hz10kN/Bearing3_2,-1,test
5591,2,RM_002_XJTU,40Hz10kN/Bearing3_2/708.csv,0,0,0,2,25600,XJTU/40Hz10kN/Bearing3_2,-1,test
5592,2,RM_002_XJTU,40Hz10kN/Bearing3_2/709.csv,0,0,0,2,25600,XJTU/40Hz10kN/Bearing3_2,-1,test
5593,2,RM_002_XJTU,40Hz10kN/Bearing3_2/710.csv,0,0,0,2,25600,XJTU/40Hz10kN/Bearing3_2,-1,test
5594,2,RM_002_XJTU,40Hz10kN/Bearing3_2/711.csv,0,0,0,2,25600,XJTU/40Hz10kN/Bearing3_2,-1,test
5595,2,RM_002_XJTU,40Hz10kN/Bearing3_2/712.csv,0,0,0,2,25600,XJTU/40Hz10kN/Bearing3_2,-1,test
5596,2,RM_002_XJTU,40Hz10kN/Bearing3_2/713.csv,0,0,0,2,25600,XJTU/40Hz10kN/Bearing3_2,-1,test
5597,2,RM_002_XJTU,40Hz10kN/Bearing3_2/714.csv,0,0,0,2,25600,XJTU/40Hz10kN/Bearing3_2,-1,test
5598,2,RM_002_XJTU,40Hz10kN/Bearing3_2/715.csv,0,0,0,2,25600,XJTU/40Hz10kN/Bearing3_2,-1,test
5599,2,RM_002_XJTU,40Hz10kN/Bearing3_2/716.csv,0,0,0,2,25600,XJTU/40Hz10kN/Bearing3_2,-1,test
5600,2,RM_002_XJTU,40Hz10kN/Bearing3_2/717.csv,0,0,0,2,25600,XJTU/40Hz10kN/Bearing3_2,-1,test
5601,2,RM_002_XJTU,40Hz10kN/Bearing3_2/718.csv,0,0,0,2,25600,XJTU/40Hz10kN/Bearing3_2,-1,test
5602,2,RM_002_XJTU,40Hz10kN/Bearing3_2/719.csv,0,0,0,2,25600,XJTU/40Hz10kN/Bearing3_2,-1,test
5603,2,RM_002_XJTU,40Hz10kN/Bearing3_2/720.csv,0,0,0,2,25600,XJTU/40Hz10kN/Bearing3_2,-1,test
5604,2,RM_002_XJTU,40Hz10kN/Bearing3_2/721.csv,0,0,0,2,25600,XJTU/40Hz10kN/Bearing3_2,-1,test
5605,2,RM_002_XJTU,40Hz10kN/Bearing3_2/722.csv,0,0,0,2,25600,XJTU/40Hz10kN/Bearing3_2,-1,test
5606,2,RM_002_XJTU,40Hz10kN/Bearing3_2/723.csv,0,0,0,2,25600,XJTU/40Hz10kN/Bearing3_2,-1,test
5607,2,RM_002_XJTU,40Hz10kN/Bearing3_2/724.csv,0,0,0,2,25600,XJTU/40Hz10kN/Bearing3_2,-1,test
5608,2,RM_002_XJTU,40Hz10kN/Bearing3_2/725.csv,0,0,0,2,25600,XJTU/40Hz10kN/Bearing3_2,-1,test
5609,2,RM_002_XJTU,40Hz10kN/Bearing3_2/726.csv,0,0,0,2,25600,XJTU/40Hz10kN/Bearing3_2,-1,test
5610,2,RM_002_XJTU,40Hz10kN/Bearing3_2/727.csv,0,0,0,2,25600,XJTU/40Hz10kN/Bearing3_2,-1,test
5611,2,RM_002_XJTU,40Hz10kN/Bearing3_2/728.csv,0,0,0,2,25600,XJTU/40Hz10kN/Bearing3_2,-1,test
5612,2,RM_002_XJTU,40Hz10kN/Bearing3_2/729.csv,0,0,0,2,25600,XJTU/40Hz10kN/Bearing3_2,-1,test
5613,2,RM_002_XJTU,40Hz10kN/Bearing3_2/730.csv,0,0,0,2,25600,XJTU/40Hz10kN/Bearing3_2,-1,test
5614,2,RM_002_XJTU,40Hz10kN/Bearing3_2/731.csv,0,0,0,2,25600,XJTU/40Hz10kN/Bearing3_2,-1,test
5615,2,RM_002_XJTU,40Hz10kN/Bearing3_2/732.csv,0,0,0,2,25600,XJTU/40Hz10kN/Bearing3_2,-1,test
5616,2,RM_002_XJTU,40Hz10kN/Bearing3_2/733.csv,0,0,0,2,25600,XJTU/40Hz10kN/Bearing3_2,-1,test
5617,2,RM_002_XJTU,40Hz10kN/Bearing3_2/734.csv,0,0,0,2,25600,XJTU/40Hz10kN/Bearing3_2,-1,test
5618,2,RM_002_XJTU,40Hz10kN/Bearing3_2/735.csv,0,0,0,2,25600,XJTU/40Hz10kN/Bearing3_2,-1,test
5619,2,RM_002_XJTU,40Hz10kN/Bearing3_2/736.csv,0,0,0,2,25600,XJTU/40Hz10kN/Bearing3_2,-1,test
5620,2,RM_002_XJTU,40Hz10kN/Bearing3_2/737.csv,0,0,0,2,25600,XJTU/40Hz10kN/Bearing3_2,-1,test
5621,2,RM_002_XJTU,40Hz10kN/Bearing3_2/738.csv,0,0,0,2,25600,XJTU/40Hz10kN/Bearing3_2,-1,test
5622,2,RM_002_XJTU,40Hz10kN/Bearing3_2/739.csv,0,0,0,2,25600,XJTU/40Hz10kN/Bearing3_2,-1,test
5623,2,RM_002_XJTU,40Hz10kN/Bearing3_2/740.csv,0,0,0,2,25600,XJTU/40Hz10kN/Bearing3_2,-1,test
5624,2,RM_002_XJTU,40Hz10kN/Bearing3_2/741.csv,0,0,0,2,25600,XJTU/40Hz10kN/Bearing3_2,-1,test
5625,2,RM_002_XJTU,40Hz10kN/Bearing3_2/742.csv,0,0,0,2,25600,XJTU/40Hz10kN/Bearing3_2,-1,test
5626,2,RM_002_XJTU,40Hz10kN/Bearing3_2/743.csv,0,0,0,2,25600,XJTU/40Hz10kN/Bearing3_2,-1,test
5627,2,RM_002_XJTU,40Hz10kN/Bearing3_2/744.csv,0,0,0,2,25600,XJTU/40Hz10kN/Bearing3_2,-1,test
5628,2,RM_002_XJTU,40Hz10kN/Bearing3_2/745.csv,0,0,0,2,25600,XJTU/40Hz10kN/Bearing3_2,-1,test
5629,2,RM_002_XJTU,40Hz10kN/Bearing3_2/746.csv,0,0,0,2,25600,XJTU/40Hz10kN/Bearing3_2,-1,test
5630,2,RM_002_XJTU,40Hz10kN/Bearing3_2/747.csv,0,0,0,2,25600,XJTU/40Hz10kN/Bearing3_2,-1,test
5631,2,RM_002_XJTU,40Hz10kN/Bearing3_2/748.csv,0,0,0,2,25600,XJTU/40Hz10kN/Bearing3_2,-1,test
5632,2,RM_002_XJTU,40Hz10kN/Bearing3_2/749.csv,0,0,0,2,25600,XJTU/40Hz10kN/Bearing3_2,-1,test
5633,2,RM_002_XJTU,40Hz10kN/Bearing3_2/750.csv,0,0,0,2,25600,XJTU/40Hz10kN/Bearing3_2,-1,test
5634,2,RM_002_XJTU,40Hz10kN/Bearing3_2/751.csv,0,0,0,2,25600,XJTU/40Hz10kN/Bearing3_2,-1,test
5635,2,RM_002_XJTU,40Hz10kN/Bearing3_2/752.csv,0,0,0,2,25600,XJTU/40Hz10kN/Bearing3_2,-1,test
5636,2,RM_002_XJTU,40Hz10kN/Bearing3_2/753.csv,0,0,0,2,25600,XJTU/40Hz10kN/Bearing3_2,-1,test
5637,2,RM_002_XJTU,40Hz10kN/Bearing3_2/754.csv,0,0,0,2,25600,XJTU/40Hz10kN/Bearing3_2,-1,test
5638,2,RM_002_XJTU,40Hz10kN/Bearing3_2/755.csv,0,0,0,2,25600,XJTU/40Hz10kN/Bearing3_2,-1,test
5639,2,RM_002_XJTU,40Hz10kN/Bearing3_2/756.csv,0,0,0,2,25600,XJTU/40Hz10kN/Bearing3_2,-1,test
5640,2,RM_002_XJTU,40Hz10kN/Bearing3_2/757.csv,0,0,0,2,25600,XJTU/40Hz10kN/Bearing3_2,-1,test
5641,2,RM_002_XJTU,40Hz10kN/Bearing3_2/758.csv,0,0,0,2,25600,XJTU/40Hz10kN/Bearing3_2,-1,test
5642,2,RM_002_XJTU,40Hz10kN/Bearing3_2/759.csv,0,0,0,2,25600,XJTU/40Hz10kN/Bearing3_2,-1,test
5643,2,RM_002_XJTU,40Hz10kN/Bearing3_2/760.csv,0,0,0,2,25600,XJTU/40Hz10kN/Bearing3_2,-1,test
5644,2,RM_002_XJTU,40Hz10kN/Bearing3_2/761.csv,0,0,0,2,25600,XJTU/40Hz10kN/Bearing3_2,-1,test
5645,2,RM_002_XJTU,40Hz10kN/Bearing3_2/762.csv,0,0,0,2,25600,XJTU/40Hz10kN/Bearing3_2,-1,test
5646,2,RM_002_XJTU,40Hz10kN/Bearing3_2/763.csv,0,0,0,2,25600,XJTU/40Hz10kN/Bearing3_2,-1,test
5647,2,RM_002_XJTU,40Hz10kN/Bearing3_2/764.csv,0,0,0,2,25600,XJTU/40Hz10kN/Bearing3_2,-1,test
5648,2,RM_002_XJTU,40Hz10kN/Bearing3_2/765.csv,0,0,0,2,25600,XJTU/40Hz10kN/Bearing3_2,-1,test
5649,2,RM_002_XJTU,40Hz10kN/Bearing3_2/766.csv,0,0,0,2,25600,XJTU/40Hz10kN/Bearing3_2,-1,test
5650,2,RM_002_XJTU,40Hz10kN/Bearing3_2/767.csv,0,0,0,2,25600,XJTU/40Hz10kN/Bearing3_2,-1,test
5651,2,RM_002_XJTU,40Hz10kN/Bearing3_2/768.csv,0,0,0,2,25600,XJTU/40Hz10kN/Bearing3_2,-1,test
5652,2,RM_002_XJTU,40Hz10kN/Bearing3_2/769.csv,0,0,0,2,25600,XJTU/40Hz10kN/Bearing3_2,-1,test
5653,2,RM_002_XJTU,40Hz10kN/Bearing3_2/770.csv,0,0,0,2,25600,XJTU/40Hz10kN/Bearing3_2,-1,test
5654,2,RM_002_XJTU,40Hz10kN/Bearing3_2/771.csv,0,0,0,2,25600,XJTU/40Hz10kN/Bearing3_2,-1,test
5655,2,RM_002_XJTU,40Hz10kN/Bearing3_2/772.csv,0,0,0,2,25600,XJTU/40Hz10kN/Bearing3_2,-1,test
5656,2,RM_002_XJTU,40Hz10kN/Bearing3_2/773.csv,0,0,0,2,25600,XJTU/40Hz10kN/Bearing3_2,-1,test
5657,2,RM_002_XJTU,40Hz10kN/Bearing3_2/774.csv,0,0,0,2,25600,XJTU/40Hz10kN/Bearing3_2,-1,test
5658,2,RM_002_XJTU,40Hz10kN/Bearing3_2/775.csv,0,0,0,2,25600,XJTU/40Hz10kN/Bearing3_2,-1,test
5659,2,RM_002_XJTU,40Hz10kN/Bearing3_2/776.csv,0,0,0,2,25600,XJTU/40Hz10kN/Bearing3_2,-1,test
5660,2,RM_002_XJTU,40Hz10kN/Bearing3_2/777.csv,0,0,0,2,25600,XJTU/40Hz10kN/Bearing3_2,-1,test
5661,2,RM_002_XJTU,40Hz10kN/Bearing3_2/778.csv,0,0,0,2,25600,XJTU/40Hz10kN/Bearing3_2,-1,test
5662,2,RM_002_XJTU,40Hz10kN/Bearing3_2/779.csv,0,0,0,2,25600,XJTU/40Hz10kN/Bearing3_2,-1,test
5663,2,RM_002_XJTU,40Hz10kN/Bearing3_2/780.csv,0,0,0,2,25600,XJTU/40Hz10kN/Bearing3_2,-1,test
5664,2,RM_002_XJTU,40Hz10kN/Bearing3_2/781.csv,0,0,0,2,25600,XJTU/40Hz10kN/Bearing3_2,-1,test
5665,2,RM_002_XJTU,40Hz10kN/Bearing3_2/782.csv,0,0,0,2,25600,XJTU/40Hz10kN/Bearing3_2,-1,test
5666,2,RM_002_XJTU,40Hz10kN/Bearing3_2/783.csv,0,0,0,2,25600,XJTU/40Hz10kN/Bearing3_2,-1,test
5667,2,RM_002_XJTU,40Hz10kN/Bearing3_2/784.csv,0,0,0,2,25600,XJTU/40Hz10kN/Bearing3_2,-1,test
5668,2,RM_002_XJTU,40Hz10kN/Bearing3_2/785.csv,0,0,0,2,25600,XJTU/40Hz10kN/Bearing3_2,-1,test
5669,2,RM_002_XJTU,40Hz10kN/Bearing3_2/786.csv,0,0,0,2,25600,XJTU/40Hz10kN/Bearing3_2,-1,test
5670,2,RM_002_XJTU,40Hz10kN/Bearing3_2/787.csv,0,0,0,2,25600,XJTU/40Hz10kN/Bearing3_2,-1,test
5671,2,RM_002_XJTU,40Hz10kN/Bearing3_2/788.csv,0,0,0,2,25600,XJTU/40Hz10kN/Bearing3_2,-1,test
5672,2,RM_002_XJTU,40Hz10kN/Bearing3_2/789.csv,0,0,0,2,25600,XJTU/40Hz10kN/Bearing3_2,-1,test
5673,2,RM_002_XJTU,40Hz10kN/Bearing3_2/790.csv,0,0,0,2,25600,XJTU/40Hz10kN/Bearing3_2,-1,test
5674,2,RM_002_XJTU,40Hz10kN/Bearing3_2/791.csv,0,0,0,2,25600,XJTU/40Hz10kN/Bearing3_2,-1,test
5675,2,RM_002_XJTU,40Hz10kN/Bearing3_2/792.csv,0,0,0,2,25600,XJTU/40Hz10kN/Bearing3_2,-1,test
5676,2,RM_002_XJTU,40Hz10kN/Bearing3_2/793.csv,0,0,0,2,25600,XJTU/40Hz10kN/Bearing3_2,-1,test
5677,2,RM_002_XJTU,40Hz10kN/Bearing3_2/794.csv,0,0,0,2,25600,XJTU/40Hz10kN/Bearing3_2,-1,test
5678,2,RM_002_XJTU,40Hz10kN/Bearing3_2/795.csv,0,0,0,2,25600,XJTU/40Hz10kN/Bearing3_2,-1,test
5679,2,RM_002_XJTU,40Hz10kN/Bearing3_2/796.csv,0,0,0,2,25600,XJTU/40Hz10kN/Bearing3_2,-1,test
5680,2,RM_002_XJTU,40Hz10kN/Bearing3_2/797.csv,0,0,0,2,25600,XJTU/40Hz10kN/Bearing3_2,-1,test
5681,2,RM_002_XJTU,40Hz10kN/Bearing3_2/798.csv,0,0,0,2,25600,XJTU/40Hz10kN/Bearing3_2,-1,test
5682,2,RM_002_XJTU,40Hz10kN/Bearing3_2/799.csv,0,0,0,2,25600,XJTU/40Hz10kN/Bearing3_2,-1,test
5683,2,RM_002_XJTU,40Hz10kN/Bearing3_2/800.csv,0,0,0,2,25600,XJTU/40Hz10kN/Bearing3_2,-1,test
5684,2,RM_002_XJTU,40Hz10kN/Bearing3_2/801.csv,0,0,0,2,25600,XJTU/40Hz10kN/Bearing3_2,-1,test
5685,2,RM_002_XJTU,40Hz10kN/Bearing3_2/802.csv,0,0,0,2,25600,XJTU/40Hz10kN/Bearing3_2,-1,test
5686,2,RM_002_XJTU,40Hz10kN/Bearing3_2/803.csv,0,0,0,2,25600,XJTU/40Hz10kN/Bearing3_2,-1,test
5687,2,RM_002_XJTU,40Hz10kN/Bearing3_2/804.csv,0,0,0,2,25600,XJTU/40Hz10kN/Bearing3_2,-1,test
5688,2,RM_002_XJTU,40Hz10kN/Bearing3_2/805.csv,0,0,0,2,25600,XJTU/40Hz10kN/Bearing3_2,-1,test
5689,2,RM_002_XJTU,40Hz10kN/Bearing3_2/806.csv,0,0,0,2,25600,XJTU/40Hz10kN/Bearing3_2,-1,test
5690,2,RM_002_XJTU,40Hz10kN/Bearing3_2/807.csv,0,0,0,2,25600,XJTU/40Hz10kN/Bearing3_2,-1,test
5691,2,RM_002_XJTU,40Hz10kN/Bearing3_2/808.csv,0,0,0,2,25600,XJTU/40Hz10kN/Bearing3_2,-1,test
5692,2,RM_002_XJTU,40Hz10kN/Bearing3_2/809.csv,0,0,0,2,25600,XJTU/40Hz10kN/Bearing3_2,-1,test
5693,2,RM_002_XJTU,40Hz10kN/Bearing3_2/810.csv,0,0,0,2,25600,XJTU/40Hz10kN/Bearing3_2,-1,test
5694,2,RM_002_XJTU,40Hz10kN/Bearing3_2/811.csv,0,0,0,2,25600,XJTU/40Hz10kN/Bearing3_2,-1,test
5695,2,RM_002_XJTU,40Hz10kN/Bearing3_2/812.csv,0,0,0,2,25600,XJTU/40Hz10kN/Bearing3_2,-1,test
5696,2,RM_002_XJTU,40Hz10kN/Bearing3_2/813.csv,0,0,0,2,25600,XJTU/40Hz10kN/Bearing3_2,-1,test
5697,2,RM_002_XJTU,40Hz10kN/Bearing3_2/814.csv,0,0,0,2,25600,XJTU/40Hz10kN/Bearing3_2,-1,test
5698,2,RM_002_XJTU,40Hz10kN/Bearing3_2/815.csv,0,0,0,2,25600,XJTU/40Hz10kN/Bearing3_2,-1,test
5699,2,RM_002_XJTU,40Hz10kN/Bearing3_2/816.csv,0,0,0,2,25600,XJTU/40Hz10kN/Bearing3_2,-1,test
5700,2,RM_002_XJTU,40Hz10kN/Bearing3_2/817.csv,0,0,0,2,25600,XJTU/40Hz10kN/Bearing3_2,-1,test
5701,2,RM_002_XJTU,40Hz10kN/Bearing3_2/818.csv,0,0,0,2,25600,XJTU/40Hz10kN/Bearing3_2,-1,test
5702,2,RM_002_XJTU,40Hz10kN/Bearing3_2/819.csv,0,0,0,2,25600,XJTU/40Hz10kN/Bearing3_2,-1,test
5703,2,RM_002_XJTU,40Hz10kN/Bearing3_2/820.csv,0,0,0,2,25600,XJTU/40Hz10kN/Bearing3_2,-1,test
5704,2,RM_002_XJTU,40Hz10kN/Bearing3_2/821.csv,0,0,0,2,25600,XJTU/40Hz10kN/Bearing3_2,-1,test
5705,2,RM_002_XJTU,40Hz10kN/Bearing3_2/822.csv,0,0,0,2,25600,XJTU/40Hz10kN/Bearing3_2,-1,test
5706,2,RM_002_XJTU,40Hz10kN/Bearing3_2/823.csv,0,0,0,2,25600,XJTU/40Hz10kN/Bearing3_2,-1,test
5707,2,RM_002_XJTU,40Hz10kN/Bearing3_2/824.csv,0,0,0,2,25600,XJTU/40Hz10kN/Bearing3_2,-1,test
5708,2,RM_002_XJTU,40Hz10kN/Bearing3_2/825.csv,0,0,0,2,25600,XJTU/40Hz10kN/Bearing3_2,-1,test
5709,2,RM_002_XJTU,40Hz10kN/Bearing3_2/826.csv,0,0,0,2,25600,XJTU/40Hz10kN/Bearing3_2,-1,test
5710,2,RM_002_XJTU,40Hz10kN/Bearing3_2/827.csv,0,0,0,2,25600,XJTU/40Hz10kN/Bearing3_2,-1,test
5711,2,RM_002_XJTU,40Hz10kN/Bearing3_2/828.csv,0,0,0,2,25600,XJTU/40Hz10kN/Bearing3_2,-1,test
5712,2,RM_002_XJTU,40Hz10kN/Bearing3_2/829.csv,0,0,0,2,25600,XJTU/40Hz10kN/Bearing3_2,-1,test
5713,2,RM_002_XJTU,40Hz10kN/Bearing3_2/830.csv,0,0,0,2,25600,XJTU/40Hz10kN/Bearing3_2,-1,test
5714,2,RM_002_XJTU,40Hz10kN/Bearing3_2/831.csv,0,0,0,2,25600,XJTU/40Hz10kN/Bearing3_2,-1,test
5715,2,RM_002_XJTU,40Hz10kN/Bearing3_2/832.csv,0,0,0,2,25600,XJTU/40Hz10kN/Bearing3_2,-1,test
5716,2,RM_002_XJTU,40Hz10kN/Bearing3_2/833.csv,0,0,0,2,25600,XJTU/40Hz10kN/Bearing3_2,-1,test
5717,2,RM_002_XJTU,40Hz10kN/Bearing3_2/834.csv,0,0,0,2,25600,XJTU/40Hz10kN/Bearing3_2,-1,test
5718,2,RM_002_XJTU,40Hz10kN/Bearing3_2/835.csv,0,0,0,2,25600,XJTU/40Hz10kN/Bearing3_2,-1,test
5719,2,RM_002_XJTU,40Hz10kN/Bearing3_2/836.csv,0,0,0,2,25600,XJTU/40Hz10kN/Bearing3_2,-1,test
5720,2,RM_002_XJTU,40Hz10kN/Bearing3_2/837.csv,0,0,0,2,25600,XJTU/40Hz10kN/Bearing3_2,-1,test
5721,2,RM_002_XJTU,40Hz10kN/Bearing3_2/838.csv,0,0,0,2,25600,XJTU/40Hz10kN/Bearing3_2,-1,test
5722,2,RM_002_XJTU,40Hz10kN/Bearing3_2/839.csv,0,0,0,2,25600,XJTU/40Hz10kN/Bearing3_2,-1,test
5723,2,RM_002_XJTU,40Hz10kN/Bearing3_2/840.csv,0,0,0,2,25600,XJTU/40Hz10kN/Bearing3_2,-1,test
5724,2,RM_002_XJTU,40Hz10kN/Bearing3_2/841.csv,0,0,0,2,25600,XJTU/40Hz10kN/Bearing3_2,-1,test
5725,2,RM_002_XJTU,40Hz10kN/Bearing3_2/842.csv,0,0,0,2,25600,XJTU/40Hz10kN/Bearing3_2,-1,test
5726,2,RM_002_XJTU,40Hz10kN/Bearing3_2/843.csv,0,0,0,2,25600,XJTU/40Hz10kN/Bearing3_2,-1,test
5727,2,RM_002_XJTU,40Hz10kN/Bearing3_2/844.csv,0,0,0,2,25600,XJTU/40Hz10kN/Bearing3_2,-1,test
5728,2,RM_002_XJTU,40Hz10kN/Bearing3_2/845.csv,0,0,0,2,25600,XJTU/40Hz10kN/Bearing3_2,-1,test
5729,2,RM_002_XJTU,40Hz10kN/Bearing3_2/846.csv,0,0,0,2,25600,XJTU/40Hz10kN/Bearing3_2,-1,test
5730,2,RM_002_XJTU,40Hz10kN/Bearing3_2/847.csv,0,0,0,2,25600,XJTU/40Hz10kN/Bearing3_2,-1,test
5731,2,RM_002_XJTU,40Hz10kN/Bearing3_2/848.csv,0,0,0,2,25600,XJTU/40Hz10kN/Bearing3_2,-1,test
5732,2,RM_002_XJTU,40Hz10kN/Bearing3_2/849.csv,0,0,0,2,25600,XJTU/40Hz10kN/Bearing3_2,-1,test
5733,2,RM_002_XJTU,40Hz10kN/Bearing3_2/850.csv,0,0,0,2,25600,XJTU/40Hz10kN/Bearing3_2,-1,test
5734,2,RM_002_XJTU,40Hz10kN/Bearing3_2/851.csv,0,0,0,2,25600,XJTU/40Hz10kN/Bearing3_2,-1,test
5735,2,RM_002_XJTU,40Hz10kN/Bearing3_2/852.csv,0,0,0,2,25600,XJTU/40Hz10kN/Bearing3_2,-1,test
5736,2,RM_002_XJTU,40Hz10kN/Bearing3_2/853.csv,0,0,0,2,25600,XJTU/40Hz10kN/Bearing3_2,-1,test
5737,2,RM_002_XJTU,40Hz10kN/Bearing3_2/854.csv,0,0,0,2,25600,XJTU/40Hz10kN/Bearing3_2,-1,test
5738,2,RM_002_XJTU,40Hz10kN/Bearing3_2/855.csv,0,0,0,2,25600,XJTU/40Hz10kN/Bearing3_2,-1,test
5739,2,RM_002_XJTU,40Hz10kN/Bearing3_2/856.csv,0,0,0,2,25600,XJTU/40Hz10kN/Bearing3_2,-1,test
5740,2,RM_002_XJTU,40Hz10kN/Bearing3_2/857.csv,0,0,0,2,25600,XJTU/40Hz10kN/Bearing3_2,-1,test
5741,2,RM_002_XJTU,40Hz10kN/Bearing3_2/858.csv,0,0,0,2,25600,XJTU/40Hz10kN/Bearing3_2,-1,test
5742,2,RM_002_XJTU,40Hz10kN/Bearing3_2/859.csv,0,0,0,2,25600,XJTU/40Hz10kN/Bearing3_2,-1,test
5743,2,RM_002_XJTU,40Hz10kN/Bearing3_2/860.csv,0,0,0,2,25600,XJTU/40Hz10kN/Bearing3_2,-1,test
5744,2,RM_002_XJTU,40Hz10kN/Bearing3_2/861.csv,0,0,0,2,25600,XJTU/40Hz10kN/Bearing3_2,-1,test
5745,2,RM_002_XJTU,40Hz10kN/Bearing3_2/862.csv,0,0,0,2,25600,XJTU/40Hz10kN/Bearing3_2,-1,test
5746,2,RM_002_XJTU,40Hz10kN/Bearing3_2/863.csv,0,0,0,2,25600,XJTU/40Hz10kN/Bearing3_2,-1,test
5747,2,RM_002_XJTU,40Hz10kN/Bearing3_2/864.csv,0,0,0,2,25600,XJTU/40Hz10kN/Bearing3_2,-1,test
5748,2,RM_002_XJTU,40Hz10kN/Bearing3_2/865.csv,0,0,0,2,25600,XJTU/40Hz10kN/Bearing3_2,-1,test
5749,2,RM_002_XJTU,40Hz10kN/Bearing3_2/866.csv,0,0,0,2,25600,XJTU/40Hz10kN/Bearing3_2,-1,test
5750,2,RM_002_XJTU,40Hz10kN/Bearing3_2/867.csv,0,0,0,2,25600,XJTU/40Hz10kN/Bearing3_2,-1,test
5751,2,RM_002_XJTU,40Hz10kN/Bearing3_2/868.csv,0,0,0,2,25600,XJTU/40Hz10kN/Bearing3_2,-1,test
5752,2,RM_002_XJTU,40Hz10kN/Bearing3_2/869.csv,0,0,0,2,25600,XJTU/40Hz10kN/Bearing3_2,-1,test
5753,2,RM_002_XJTU,40Hz10kN/Bearing3_2/870.csv,0,0,0,2,25600,XJTU/40Hz10kN/Bearing3_2,-1,test
5754,2,RM_002_XJTU,40Hz10kN/Bearing3_2/871.csv,0,0,0,2,25600,XJTU/40Hz10kN/Bearing3_2,-1,test
5755,2,RM_002_XJTU,40Hz10kN/Bearing3_2/872.csv,0,0,0,2,25600,XJTU/40Hz10kN/Bearing3_2,-1,test
5756,2,RM_002_XJTU,40Hz10kN/Bearing3_2/873.csv,0,0,0,2,25600,XJTU/40Hz10kN/Bearing3_2,-1,test
5757,2,RM_002_XJTU,40Hz10kN/Bearing3_2/874.csv,0,0,0,2,25600,XJTU/40Hz10kN/Bearing3_2,-1,test
5758,2,RM_002_XJTU,40Hz10kN/Bearing3_2/875.csv,0,0,0,2,25600,XJTU/40Hz10kN/Bearing3_2,-1,test
5759,2,RM_002_XJTU,40Hz10kN/Bearing3_2/876.csv,0,0,0,2,25600,XJTU/40Hz10kN/Bearing3_2,-1,test
5760,2,RM_002_XJTU,40Hz10kN/Bearing3_2/877.csv,0,0,0,2,25600,XJTU/40Hz10kN/Bearing3_2,-1,test
5761,2,RM_002_XJTU,40Hz10kN/Bearing3_2/878.csv,0,0,0,2,25600,XJTU/40Hz10kN/Bearing3_2,-1,test
5762,2,RM_002_XJTU,40Hz10kN/Bearing3_2/879.csv,0,0,0,2,25600,XJTU/40Hz10kN/Bearing3_2,-1,test
5763,2,RM_002_XJTU,40Hz10kN/Bearing3_2/880.csv,0,0,0,2,25600,XJTU/40Hz10kN/Bearing3_2,-1,test
5764,2,RM_002_XJTU,40Hz10kN/Bearing3_2/881.csv,0,0,0,2,25600,XJTU/40Hz10kN/Bearing3_2,-1,test
5765,2,RM_002_XJTU,40Hz10kN/Bearing3_2/882.csv,0,0,0,2,25600,XJTU/40Hz10kN/Bearing3_2,-1,test
5766,2,RM_002_XJTU,40Hz10kN/Bearing3_2/883.csv,0,0,0,2,25600,XJTU/40Hz10kN/Bearing3_2,-1,test
5767,2,RM_002_XJTU,40Hz10kN/Bearing3_2/884.csv,0,0,0,2,25600,XJTU/40Hz10kN/Bearing3_2,-1,test
5768,2,RM_002_XJTU,40Hz10kN/Bearing3_2/885.csv,0,0,0,2,25600,XJTU/40Hz10kN/Bearing3_2,-1,test
5769,2,RM_002_XJTU,40Hz10kN/Bearing3_2/886.csv,0,0,0,2,25600,XJTU/40Hz10kN/Bearing3_2,-1,test
5770,2,RM_002_XJTU,40Hz10kN/Bearing3_2/887.csv,0,0,0,2,25600,XJTU/40Hz10kN/Bearing3_2,-1,test
5771,2,RM_002_XJTU,40Hz10kN/Bearing3_2/888.csv,0,0,0,2,25600,XJTU/40Hz10kN/Bearing3_2,-1,test
5772,2,RM_002_XJTU,40Hz10kN/Bearing3_2/889.csv,0,0,0,2,25600,XJTU/40Hz10kN/Bearing3_2,-1,test
5773,2,RM_002_XJTU,40Hz10kN/Bearing3_2/890.csv,0,0,0,2,25600,XJTU/40Hz10kN/Bearing3_2,-1,test
5774,2,RM_002_XJTU,40Hz10kN/Bearing3_2/891.csv,0,0,0,2,25600,XJTU/40Hz10kN/Bearing3_2,-1,test
5775,2,RM_002_XJTU,40Hz10kN/Bearing3_2/892.csv,0,0,0,2,25600,XJTU/40Hz10kN/Bearing3_2,-1,test
5776,2,RM_002_XJTU,40Hz10kN/Bearing3_2/893.csv,0,0,0,2,25600,XJTU/40Hz10kN/Bearing3_2,-1,test
5777,2,RM_002_XJTU,40Hz10kN/Bearing3_2/894.csv,0,0,0,2,25600,XJTU/40Hz10kN/Bearing3_2,-1,test
5778,2,RM_002_XJTU,40Hz10kN/Bearing3_2/895.csv,0,0,0,2,25600,XJTU/40Hz10kN/Bearing3_2,-1,test
5779,2,RM_002_XJTU,40Hz10kN/Bearing3_2/896.csv,0,0,0,2,25600,XJTU/40Hz10kN/Bearing3_2,-1,test
5780,2,RM_002_XJTU,40Hz10kN/Bearing3_2/897.csv,0,0,0,2,25600,XJTU/40Hz10kN/Bearing3_2,-1,test
5781,2,RM_002_XJTU,40Hz10kN/Bearing3_2/898.csv,0,0,0,2,25600,XJTU/40Hz10kN/Bearing3_2,-1,test
5782,2,RM_002_XJTU,40Hz10kN/Bearing3_2/899.csv,0,0,0,2,25600,XJTU/40Hz10kN/Bearing3_2,-1,test
5783,2,RM_002_XJTU,40Hz10kN/Bearing3_2/900.csv,0,0,0,2,25600,XJTU/40Hz10kN/Bearing3_2,-1,test
5784,2,RM_002_XJTU,40Hz10kN/Bearing3_2/901.csv,0,0,0,2,25600,XJTU/40Hz10kN/Bearing3_2,-1,test
5785,2,RM_002_XJTU,40Hz10kN/Bearing3_2/902.csv,0,0,0,2,25600,XJTU/40Hz10kN/Bearing3_2,-1,test
5786,2,RM_002_XJTU,40Hz10kN/Bearing3_2/903.csv,0,0,0,2,25600,XJTU/40Hz10kN/Bearing3_2,-1,test
5787,2,RM_002_XJTU,40Hz10kN/Bearing3_2/904.csv,0,0,0,2,25600,XJTU/40Hz10kN/Bearing3_2,-1,test
5788,2,RM_002_XJTU,40Hz10kN/Bearing3_2/905.csv,0,0,0,2,25600,XJTU/40Hz10kN/Bearing3_2,-1,test
5789,2,RM_002_XJTU,40Hz10kN/Bearing3_2/906.csv,0,0,0,2,25600,XJTU/40Hz10kN/Bearing3_2,-1,test
5790,2,RM_002_XJTU,40Hz10kN/Bearing3_2/907.csv,0,0,0,2,25600,XJTU/40Hz10kN/Bearing3_2,-1,test
5791,2,RM_002_XJTU,40Hz10kN/Bearing3_2/908.csv,0,0,0,2,25600,XJTU/40Hz10kN/Bearing3_2,-1,test
5792,2,RM_002_XJTU,40Hz10kN/Bearing3_2/909.csv,0,0,0,2,25600,XJTU/40Hz10kN/Bearing3_2,-1,test
5793,2,RM_002_XJTU,40Hz10kN/Bearing3_2/910.csv,0,0,0,2,25600,XJTU/40Hz10kN/Bearing3_2,-1,test
5794,2,RM_002_XJTU,40Hz10kN/Bearing3_2/911.csv,0,0,0,2,25600,XJTU/40Hz10kN/Bearing3_2,-1,test
5795,2,RM_002_XJTU,40Hz10kN/Bearing3_2/912.csv,0,0,0,2,25600,XJTU/40Hz10kN/Bearing3_2,-1,test
5796,2,RM_002_XJTU,40Hz10kN/Bearing3_2/913.csv,0,0,0,2,25600,XJTU/40Hz10kN/Bearing3_2,-1,test
5797,2,RM_002_XJTU,40Hz10kN/Bearing3_2/914.csv,0,0,0,2,25600,XJTU/40Hz10kN/Bearing3_2,-1,test
5798,2,RM_002_XJTU,40Hz10kN/Bearing3_2/915.csv,0,0,0,2,25600,XJTU/40Hz10kN/Bearing3_2,-1,test
5799,2,RM_002_XJTU,40Hz10kN/Bearing3_2/916.csv,0,0,0,2,25600,XJTU/40Hz10kN/Bearing3_2,-1,test
5800,2,RM_002_XJTU,40Hz10kN/Bearing3_2/917.csv,0,0,0,2,25600,XJTU/40Hz10kN/Bearing3_2,-1,test
5801,2,RM_002_XJTU,40Hz10kN/Bearing3_2/918.csv,0,0,0,2,25600,XJTU/40Hz10kN/Bearing3_2,-1,test
5802,2,RM_002_XJTU,40Hz10kN/Bearing3_2/919.csv,0,0,0,2,25600,XJTU/40Hz10kN/Bearing3_2,-1,test
5803,2,RM_002_XJTU,40Hz10kN/Bearing3_2/920.csv,0,0,0,2,25600,XJTU/40Hz10kN/Bearing3_2,-1,test
5804,2,RM_002_XJTU,40Hz10kN/Bearing3_2/921.csv,0,0,0,2,25600,XJTU/40Hz10kN/Bearing3_2,-1,test
5805,2,RM_002_XJTU,40Hz10kN/Bearing3_2/922.csv,0,0,0,2,25600,XJTU/40Hz10kN/Bearing3_2,-1,test
5806,2,RM_002_XJTU,40Hz10kN/Bearing3_2/923.csv,0,0,0,2,25600,XJTU/40Hz10kN/Bearing3_2,-1,test
5807,2,RM_002_XJTU,40Hz10kN/Bearing3_2/924.csv,0,0,0,2,25600,XJTU/40Hz10kN/Bearing3_2,-1,test
5808,2,RM_002_XJTU,40Hz10kN/Bearing3_2/925.csv,0,0,0,2,25600,XJTU/40Hz10kN/Bearing3_2,-1,test
5809,2,RM_002_XJTU,40Hz10kN/Bearing3_2/926.csv,0,0,0,2,25600,XJTU/40Hz10kN/Bearing3_2,-1,test
5810,2,RM_002_XJTU,40Hz10kN/Bearing3_2/927.csv,0,0,0,2,25600,XJTU/40Hz10kN/Bearing3_2,-1,test
5811,2,RM_002_XJTU,40Hz10kN/Bearing3_2/928.csv,0,0,0,2,25600,XJTU/40Hz10kN/Bearing3_2,-1,test
5812,2,RM_002_XJTU,40Hz10kN/Bearing3_2/929.csv,0,0,0,2,25600,XJTU/40Hz10kN/Bearing3_2,-1,test
5813,2,RM_002_XJTU,40Hz10kN/Bearing3_2/930.csv,0,0,0,2,25600,XJTU/40Hz10kN/Bearing3_2,-1,test
5814,2,RM_002_XJTU,40Hz10kN/Bearing3_2/931.csv,0,0,0,2,25600,XJTU/40Hz10kN/Bearing3_2,-1,test
5815,2,RM_002_XJTU,40Hz10kN/Bearing3_2/932.csv,0,0,0,2,25600,XJTU/40Hz10kN/Bearing3_2,-1,test
5816,2,RM_002_XJTU,40Hz10kN/Bearing3_2/933.csv,0,0,0,2,25600,XJTU/40Hz10kN/Bearing3_2,-1,test
5817,2,RM_002_XJTU,40Hz10kN/Bearing3_2/934.csv,0,0,0,2,25600,XJTU/40Hz10kN/Bearing3_2,-1,test
5818,2,RM_002_XJTU,40Hz10kN/Bearing3_2/935.csv,0,0,0,2,25600,XJTU/40Hz10kN/Bearing3_2,-1,test
5819,2,RM_002_XJTU,40Hz10kN/Bearing3_2/936.csv,0,0,0,2,25600,XJTU/40Hz10kN/Bearing3_2,-1,test
5820,2,RM_002_XJTU,40Hz10kN/Bearing3_2/937.csv,0,0,0,2,25600,XJTU/40Hz10kN/Bearing3_2,-1,test
5821,2,RM_002_XJTU,40Hz10kN/Bearing3_2/938.csv,0,0,0,2,25600,XJTU/40Hz10kN/Bearing3_2,-1,test
5822,2,RM_002_XJTU,40Hz10kN/Bearing3_2/939.csv,0,0,0,2,25600,XJTU/40Hz10kN/Bearing3_2,-1,test
5823,2,RM_002_XJTU,40Hz10kN/Bearing3_2/940.csv,0,0,0,2,25600,XJTU/40Hz10kN/Bearing3_2,-1,test
5824,2,RM_002_XJTU,40Hz10kN/Bearing3_2/941.csv,0,0,0,2,25600,XJTU/40Hz10kN/Bearing3_2,-1,test
5825,2,RM_002_XJTU,40Hz10kN/Bearing3_2/942.csv,0,0,0,2,25600,XJTU/40Hz10kN/Bearing3_2,-1,test
5826,2,RM_002_XJTU,40Hz10kN/Bearing3_2/943.csv,0,0,0,2,25600,XJTU/40Hz10kN/Bearing3_2,-1,test
5827,2,RM_002_XJTU,40Hz10kN/Bearing3_2/944.csv,0,0,0,2,25600,XJTU/40Hz10kN/Bearing3_2,-1,test
5828,2,RM_002_XJTU,40Hz10kN/Bearing3_2/945.csv,0,0,0,2,25600,XJTU/40Hz10kN/Bearing3_2,-1,test
5829,2,RM_002_XJTU,40Hz10kN/Bearing3_2/946.csv,0,0,0,2,25600,XJTU/40Hz10kN/Bearing3_2,-1,test
5830,2,RM_002_XJTU,40Hz10kN/Bearing3_2/947.csv,0,0,0,2,25600,XJTU/40Hz10kN/Bearing3_2,-1,test
5831,2,RM_002_XJTU,40Hz10kN/Bearing3_2/948.csv,0,0,0,2,25600,XJTU/40Hz10kN/Bearing3_2,-1,test
5832,2,RM_002_XJTU,40Hz10kN/Bearing3_2/949.csv,0,0,0,2,25600,XJTU/40Hz10kN/Bearing3_2,-1,test
5833,2,RM_002_XJTU,40Hz10kN/Bearing3_2/950.csv,0,0,0,2,25600,XJTU/40Hz10kN/Bearing3_2,-1,test
5834,2,RM_002_XJTU,40Hz10kN/Bearing3_2/951.csv,0,0,0,2,25600,XJTU/40Hz10kN/Bearing3_2,-1,test
5835,2,RM_002_XJTU,40Hz10kN/Bearing3_2/952.csv,0,0,0,2,25600,XJTU/40Hz10kN/Bearing3_2,-1,test
5836,2,RM_002_XJTU,40Hz10kN/Bearing3_2/953.csv,0,0,0,2,25600,XJTU/40Hz10kN/Bearing3_2,-1,test
5837,2,RM_002_XJTU,40Hz10kN/Bearing3_2/954.csv,0,0,0,2,25600,XJTU/40Hz10kN/Bearing3_2,-1,test
5838,2,RM_002_XJTU,40Hz10kN/Bearing3_2/955.csv,0,0,0,2,25600,XJTU/40Hz10kN/Bearing3_2,-1,test
5839,2,RM_002_XJTU,40Hz10kN/Bearing3_2/956.csv,0,0,0,2,25600,XJTU/40Hz10kN/Bearing3_2,-1,test
5840,2,RM_002_XJTU,40Hz10kN/Bearing3_2/957.csv,0,0,0,2,25600,XJTU/40Hz10kN/Bearing3_2,-1,test
5841,2,RM_002_XJTU,40Hz10kN/Bearing3_2/958.csv,0,0,0,2,25600,XJTU/40Hz10kN/Bearing3_2,-1,test
5842,2,RM_002_XJTU,40Hz10kN/Bearing3_2/959.csv,0,0,0,2,25600,XJTU/40Hz10kN/Bearing3_2,-1,test
5843,2,RM_002_XJTU,40Hz10kN/Bearing3_2/960.csv,0,0,0,2,25600,XJTU/40Hz10kN/Bearing3_2,-1,test
5844,2,RM_002_XJTU,40Hz10kN/Bearing3_2/961.csv,0,0,0,2,25600,XJTU/40Hz10kN/Bearing3_2,-1,test
5845,2,RM_002_XJTU,40Hz10kN/Bearing3_2/962.csv,0,0,0,2,25600,XJTU/40Hz10kN/Bearing3_2,-1,test
5846,2,RM_002_XJTU,40Hz10kN/Bearing3_2/963.csv,0,0,0,2,25600,XJTU/40Hz10kN/Bearing3_2,-1,test
5847,2,RM_002_XJTU,40Hz10kN/Bearing3_2/964.csv,0,0,0,2,25600,XJTU/40Hz10kN/Bearing3_2,-1,test
5848,2,RM_002_XJTU,40Hz10kN/Bearing3_2/965.csv,0,0,0,2,25600,XJTU/40Hz10kN/Bearing3_2,-1,test
5849,2,RM_002_XJTU,40Hz10kN/Bearing3_2/966.csv,0,0,0,2,25600,XJTU/40Hz10kN/Bearing3_2,-1,test
5850,2,RM_002_XJTU,40Hz10kN/Bearing3_2/967.csv,0,0,0,2,25600,XJTU/40Hz10kN/Bearing3_2,-1,test
5851,2,RM_002_XJTU,40Hz10kN/Bearing3_2/968.csv,0,0,0,2,25600,XJTU/40Hz10kN/Bearing3_2,-1,test
5852,2,RM_002_XJTU,40Hz10kN/Bearing3_2/969.csv,0,0,0,2,25600,XJTU/40Hz10kN/Bearing3_2,-1,test
5853,2,RM_002_XJTU,40Hz10kN/Bearing3_2/970.csv,0,0,0,2,25600,XJTU/40Hz10kN/Bearing3_2,-1,test
5854,2,RM_002_XJTU,40Hz10kN/Bearing3_2/971.csv,0,0,0,2,25600,XJTU/40Hz10kN/Bearing3_2,-1,test
5855,2,RM_002_XJTU,40Hz10kN/Bearing3_2/972.csv,0,0,0,2,25600,XJTU/40Hz10kN/Bearing3_2,-1,test
5856,2,RM_002_XJTU,40Hz10kN/Bearing3_2/973.csv,0,0,0,2,25600,XJTU/40Hz10kN/Bearing3_2,-1,test
5857,2,RM_002_XJTU,40Hz10kN/Bearing3_2/974.csv,0,0,0,2,25600,XJTU/40Hz10kN/Bearing3_2,-1,test
5858,2,RM_002_XJTU,40Hz10kN/Bearing3_2/975.csv,0,0,0,2,25600,XJTU/40Hz10kN/Bearing3_2,-1,test
5859,2,RM_002_XJTU,40Hz10kN/Bearing3_2/976.csv,0,0,0,2,25600,XJTU/40Hz10kN/Bearing3_2,-1,test
5860,2,RM_002_XJTU,40Hz10kN/Bearing3_2/977.csv,0,0,0,2,25600,XJTU/40Hz10kN/Bearing3_2,-1,test
5861,2,RM_002_XJTU,40Hz10kN/Bearing3_2/978.csv,0,0,0,2,25600,XJTU/40Hz10kN/Bearing3_2,-1,test
5862,2,RM_002_XJTU,40Hz10kN/Bearing3_2/979.csv,0,0,0,2,25600,XJTU/40Hz10kN/Bearing3_2,-1,test
5863,2,RM_002_XJTU,40Hz10kN/Bearing3_2/980.csv,0,0,0,2,25600,XJTU/40Hz10kN/Bearing3_2,-1,test
5864,2,RM_002_XJTU,40Hz10kN/Bearing3_2/981.csv,0,0,0,2,25600,XJTU/40Hz10kN/Bearing3_2,-1,test
5865,2,RM_002_XJTU,40Hz10kN/Bearing3_2/982.csv,0,0,0,2,25600,XJTU/40Hz10kN/Bearing3_2,-1,test
5866,2,RM_002_XJTU,40Hz10kN/Bearing3_2/983.csv,0,0,0,2,25600,XJTU/40Hz10kN/Bearing3_2,-1,test
5867,2,RM_002_XJTU,40Hz10kN/Bearing3_2/984.csv,0,0,0,2,25600,XJTU/40Hz10kN/Bearing3_2,-1,test
5868,2,RM_002_XJTU,40Hz10kN/Bearing3_2/985.csv,0,0,0,2,25600,XJTU/40Hz10kN/Bearing3_2,-1,test
5869,2,RM_002_XJTU,40Hz10kN/Bearing3_2/986.csv,0,0,0,2,25600,XJTU/40Hz10kN/Bearing3_2,-1,test
5870,2,RM_002_XJTU,40Hz10kN/Bearing3_2/987.csv,0,0,0,2,25600,XJTU/40Hz10kN/Bearing3_2,-1,test
5871,2,RM_002_XJTU,40Hz10kN/Bearing3_2/988.csv,0,0,0,2,25600,XJTU/40Hz10kN/Bearing3_2,-1,test
5872,2,RM_002_XJTU,40Hz10kN/Bearing3_2/989.csv,0,0,0,2,25600,XJTU/40Hz10kN/Bearing3_2,-1,test
5873,2,RM_002_XJTU,40Hz10kN/Bearing3_2/990.csv,0,0,0,2,25600,XJTU/40Hz10kN/Bearing3_2,-1,test
5874,2,RM_002_XJTU,40Hz10kN/Bearing3_2/991.csv,0,0,0,2,25600,XJTU/40Hz10kN/Bearing3_2,-1,test
5875,2,RM_002_XJTU,40Hz10kN/Bearing3_2/992.csv,0,0,0,2,25600,XJTU/40Hz10kN/Bearing3_2,-1,test
5876,2,RM_002_XJTU,40Hz10kN/Bearing3_2/993.csv,0,0,0,2,25600,XJTU/40Hz10kN/Bearing3_2,-1,test
5877,2,RM_002_XJTU,40Hz10kN/Bearing3_2/994.csv,0,0,0,2,25600,XJTU/40Hz10kN/Bearing3_2,-1,test
5878,2,RM_002_XJTU,40Hz10kN/Bearing3_2/995.csv,0,0,0,2,25600,XJTU/40Hz10kN/Bearing3_2,-1,test
5879,2,RM_002_XJTU,40Hz10kN/Bearing3_2/996.csv,0,0,0,2,25600,XJTU/40Hz10kN/Bearing3_2,-1,test
5880,2,RM_002_XJTU,40Hz10kN/Bearing3_2/997.csv,0,0,0,2,25600,XJTU/40Hz10kN/Bearing3_2,-1,test
5881,2,RM_002_XJTU,40Hz10kN/Bearing3_2/998.csv,0,0,0,2,25600,XJTU/40Hz10kN/Bearing3_2,-1,test
5882,2,RM_002_XJTU,40Hz10kN/Bearing3_2/999.csv,0,0,0,2,25600,XJTU/40Hz10kN/Bearing3_2,-1,test
5883,2,RM_002_XJTU,40Hz10kN/Bearing3_2/1000.csv,0,0,0,2,25600,XJTU/40Hz10kN/Bearing3_2,-1,test
5884,2,RM_002_XJTU,40Hz10kN/Bearing3_2/1001.csv,0,0,0,2,25600,XJTU/40Hz10kN/Bearing3_2,-1,test
5885,2,RM_002_XJTU,40Hz10kN/Bearing3_2/1002.csv,0,0,0,2,25600,XJTU/40Hz10kN/Bearing3_2,-1,test
5886,2,RM_002_XJTU,40Hz10kN/Bearing3_2/1003.csv,0,0,0,2,25600,XJTU/40Hz10kN/Bearing3_2,-1,test
5887,2,RM_002_XJTU,40Hz10kN/Bearing3_2/1004.csv,0,0,0,2,25600,XJTU/40Hz10kN/Bearing3_2,-1,test
5888,2,RM_002_XJTU,40Hz10kN/Bearing3_2/1005.csv,0,0,0,2,25600,XJTU/40Hz10kN/Bearing3_2,-1,test
5889,2,RM_002_XJTU,40Hz10kN/Bearing3_2/1006.csv,0,0,0,2,25600,XJTU/40Hz10kN/Bearing3_2,-1,test
5890,2,RM_002_XJTU,40Hz10kN/Bearing3_2/1007.csv,0,0,0,2,25600,XJTU/40Hz10kN/Bearing3_2,-1,test
5891,2,RM_002_XJTU,40Hz10kN/Bearing3_2/1008.csv,0,0,0,2,25600,XJTU/40Hz10kN/Bearing3_2,-1,test
5892,2,RM_002_XJTU,40Hz10kN/Bearing3_2/1009.csv,0,0,0,2,25600,XJTU/40Hz10kN/Bearing3_2,-1,test
5893,2,RM_002_XJTU,40Hz10kN/Bearing3_2/1010.csv,0,0,0,2,25600,XJTU/40Hz10kN/Bearing3_2,-1,test
5894,2,RM_002_XJTU,40Hz10kN/Bearing3_2/1011.csv,0,0,0,2,25600,XJTU/40Hz10kN/Bearing3_2,-1,test
5895,2,RM_002_XJTU,40Hz10kN/Bearing3_2/1012.csv,0,0,0,2,25600,XJTU/40Hz10kN/Bearing3_2,-1,test
5896,2,RM_002_XJTU,40Hz10kN/Bearing3_2/1013.csv,0,0,0,2,25600,XJTU/40Hz10kN/Bearing3_2,-1,test
5897,2,RM_002_XJTU,40Hz10kN/Bearing3_2/1014.csv,0,0,0,2,25600,XJTU/40Hz10kN/Bearing3_2,-1,test
5898,2,RM_002_XJTU,40Hz10kN/Bearing3_2/1015.csv,0,0,0,2,25600,XJTU/40Hz10kN/Bearing3_2,-1,test
5899,2,RM_002_XJTU,40Hz10kN/Bearing3_2/1016.csv,0,0,0,2,25600,XJTU/40Hz10kN/Bearing3_2,-1,test
5900,2,RM_002_XJTU,40Hz10kN/Bearing3_2/1017.csv,0,0,0,2,25600,XJTU/40Hz10kN/Bearing3_2,-1,test
5901,2,RM_002_XJTU,40Hz10kN/Bearing3_2/1018.csv,0,0,0,2,25600,XJTU/40Hz10kN/Bearing3_2,-1,test
5902,2,RM_002_XJTU,40Hz10kN/Bearing3_2/1019.csv,0,0,0,2,25600,XJTU/40Hz10kN/Bearing3_2,-1,test
5903,2,RM_002_XJTU,40Hz10kN/Bearing3_2/1020.csv,0,0,0,2,25600,XJTU/40Hz10kN/Bearing3_2,-1,test
5904,2,RM_002_XJTU,40Hz10kN/Bearing3_2/1021.csv,0,0,0,2,25600,XJTU/40Hz10kN/Bearing3_2,-1,test
5905,2,RM_002_XJTU,40Hz10kN/Bearing3_2/1022.csv,0,0,0,2,25600,XJTU/40Hz10kN/Bearing3_2,-1,test
5906,2,RM_002_XJTU,40Hz10kN/Bearing3_2/1023.csv,0,0,0,2,25600,XJTU/40Hz10kN/Bearing3_2,-1,test
5907,2,RM_002_XJTU,40Hz10kN/Bearing3_2/1024.csv,0,0,0,2,25600,XJTU/40Hz10kN/Bearing3_2,-1,test
5908,2,RM_002_XJTU,40Hz10kN/Bearing3_2/1025.csv,0,0,0,2,25600,XJTU/40Hz10kN/Bearing3_2,-1,test
5909,2,RM_002_XJTU,40Hz10kN/Bearing3_2/1026.csv,0,0,0,2,25600,XJTU/40Hz10kN/Bearing3_2,-1,test
5910,2,RM_002_XJTU,40Hz10kN/Bearing3_2/1027.csv,0,0,0,2,25600,XJTU/40Hz10kN/Bearing3_2,-1,test
5911,2,RM_002_XJTU,40Hz10kN/Bearing3_2/1028.csv,0,0,0,2,25600,XJTU/40Hz10kN/Bearing3_2,-1,test
5912,2,RM_002_XJTU,40Hz10kN/Bearing3_2/1029.csv,0,0,0,2,25600,XJTU/40Hz10kN/Bearing3_2,-1,test
5913,2,RM_002_XJTU,40Hz10kN/Bearing3_2/1030.csv,0,0,0,2,25600,XJTU/40Hz10kN/Bearing3_2,-1,test
5914,2,RM_002_XJTU,40Hz10kN/Bearing3_2/1031.csv,0,0,0,2,25600,XJTU/40Hz10kN/Bearing3_2,-1,test
5915,2,RM_002_XJTU,40Hz10kN/Bearing3_2/1032.csv,0,0,0,2,25600,XJTU/40Hz10kN/Bearing3_2,-1,test
5916,2,RM_002_XJTU,40Hz10kN/Bearing3_2/1033.csv,0,0,0,2,25600,XJTU/40Hz10kN/Bearing3_2,-1,test
5917,2,RM_002_XJTU,40Hz10kN/Bearing3_2/1034.csv,0,0,0,2,25600,XJTU/40Hz10kN/Bearing3_2,-1,test
5918,2,RM_002_XJTU,40Hz10kN/Bearing3_2/1035.csv,0,0,0,2,25600,XJTU/40Hz10kN/Bearing3_2,-1,test
5919,2,RM_002_XJTU,40Hz10kN/Bearing3_2/1036.csv,0,0,0,2,25600,XJTU/40Hz10kN/Bearing3_2,-1,test
5920,2,RM_002_XJTU,40Hz10kN/Bearing3_2/1037.csv,0,0,0,2,25600,XJTU/40Hz10kN/Bearing3_2,-1,test
5921,2,RM_002_XJTU,40Hz10kN/Bearing3_2/1038.csv,0,0,0,2,25600,XJTU/40Hz10kN/Bearing3_2,-1,test
5922,2,RM_002_XJTU,40Hz10kN/Bearing3_2/1039.csv,0,0,0,2,25600,XJTU/40Hz10kN/Bearing3_2,-1,test
5923,2,RM_002_XJTU,40Hz10kN/Bearing3_2/1040.csv,0,0,0,2,25600,XJTU/40Hz10kN/Bearing3_2,-1,test
5924,2,RM_002_XJTU,40Hz10kN/Bearing3_2/1041.csv,0,0,0,2,25600,XJTU/40Hz10kN/Bearing3_2,-1,test
5925,2,RM_002_XJTU,40Hz10kN/Bearing3_2/1042.csv,0,0,0,2,25600,XJTU/40Hz10kN/Bearing3_2,-1,test
5926,2,RM_002_XJTU,40Hz10kN/Bearing3_2/1043.csv,0,0,0,2,25600,XJTU/40Hz10kN/Bearing3_2,-1,test
5927,2,RM_002_XJTU,40Hz10kN/Bearing3_2/1044.csv,0,0,0,2,25600,XJTU/40Hz10kN/Bearing3_2,-1,test
5928,2,RM_002_XJTU,40Hz10kN/Bearing3_2/1045.csv,0,0,0,2,25600,XJTU/40Hz10kN/Bearing3_2,-1,test
5929,2,RM_002_XJTU,40Hz10kN/Bearing3_2/1046.csv,0,0,0,2,25600,XJTU/40Hz10kN/Bearing3_2,-1,test
5930,2,RM_002_XJTU,40Hz10kN/Bearing3_2/1047.csv,0,0,0,2,25600,XJTU/40Hz10kN/Bearing3_2,-1,test
5931,2,RM_002_XJTU,40Hz10kN/Bearing3_2/1048.csv,0,0,0,2,25600,XJTU/40Hz10kN/Bearing3_2,-1,test
5932,2,RM_002_XJTU,40Hz10kN/Bearing3_2/1049.csv,0,0,0,2,25600,XJTU/40Hz10kN/Bearing3_2,-1,test
5933,2,RM_002_XJTU,40Hz10kN/Bearing3_2/1050.csv,0,0,0,2,25600,XJTU/40Hz10kN/Bearing3_2,-1,test
5934,2,RM_002_XJTU,40Hz10kN/Bearing3_2/1051.csv,0,0,0,2,25600,XJTU/40Hz10kN/Bearing3_2,-1,test
5935,2,RM_002_XJTU,40Hz10kN/Bearing3_2/1052.csv,0,0,0,2,25600,XJTU/40Hz10kN/Bearing3_2,-1,test
5936,2,RM_002_XJTU,40Hz10kN/Bearing3_2/1053.csv,0,0,0,2,25600,XJTU/40Hz10kN/Bearing3_2,-1,test
5937,2,RM_002_XJTU,40Hz10kN/Bearing3_2/1054.csv,0,0,0,2,25600,XJTU/40Hz10kN/Bearing3_2,-1,test
5938,2,RM_002_XJTU,40Hz10kN/Bearing3_2/1055.csv,0,0,0,2,25600,XJTU/40Hz10kN/Bearing3_2,-1,test
5939,2,RM_002_XJTU,40Hz10kN/Bearing3_2/1056.csv,0,0,0,2,25600,XJTU/40Hz10kN/Bearing3_2,-1,test
5940,2,RM_002_XJTU,40Hz10kN/Bearing3_2/1057.csv,0,0,0,2,25600,XJTU/40Hz10kN/Bearing3_2,-1,test
5941,2,RM_002_XJTU,40Hz10kN/Bearing3_2/1058.csv,0,0,0,2,25600,XJTU/40Hz10kN/Bearing3_2,-1,test
5942,2,RM_002_XJTU,40Hz10kN/Bearing3_2/1059.csv,0,0,0,2,25600,XJTU/40Hz10kN/Bearing3_2,-1,test
5943,2,RM_002_XJTU,40Hz10kN/Bearing3_2/1060.csv,0,0,0,2,25600,XJTU/40Hz10kN/Bearing3_2,-1,test
5944,2,RM_002_XJTU,40Hz10kN/Bearing3_2/1061.csv,0,0,0,2,25600,XJTU/40Hz10kN/Bearing3_2,-1,test
5945,2,RM_002_XJTU,40Hz10kN/Bearing3_2/1062.csv,0,0,0,2,25600,XJTU/40Hz10kN/Bearing3_2,-1,test
5946,2,RM_002_XJTU,40Hz10kN/Bearing3_2/1063.csv,0,0,0,2,25600,XJTU/40Hz10kN/Bearing3_2,-1,test
5947,2,RM_002_XJTU,40Hz10kN/Bearing3_2/1064.csv,0,0,0,2,25600,XJTU/40Hz10kN/Bearing3_2,-1,test
5948,2,RM_002_XJTU,40Hz10kN/Bearing3_2/1065.csv,0,0,0,2,25600,XJTU/40Hz10kN/Bearing3_2,-1,test
5949,2,RM_002_XJTU,40Hz10kN/Bearing3_2/1066.csv,0,0,0,2,25600,XJTU/40Hz10kN/Bearing3_2,-1,test
5950,2,RM_002_XJTU,40Hz10kN/Bearing3_2/1067.csv,0,0,0,2,25600,XJTU/40Hz10kN/Bearing3_2,-1,test
5951,2,RM_002_XJTU,40Hz10kN/Bearing3_2/1068.csv,0,0,0,2,25600,XJTU/40Hz10kN/Bearing3_2,-1,test
5952,2,RM_002_XJTU,40Hz10kN/Bearing3_2/1069.csv,0,0,0,2,25600,XJTU/40Hz10kN/Bearing3_2,-1,test
5953,2,RM_002_XJTU,40Hz10kN/Bearing3_2/1070.csv,0,0,0,2,25600,XJTU/40Hz10kN/Bearing3_2,-1,test
5954,2,RM_002_XJTU,40Hz10kN/Bearing3_2/1071.csv,0,0,0,2,25600,XJTU/40Hz10kN/Bearing3_2,-1,test
5955,2,RM_002_XJTU,40Hz10kN/Bearing3_2/1072.csv,0,0,0,2,25600,XJTU/40Hz10kN/Bearing3_2,-1,test
5956,2,RM_002_XJTU,40Hz10kN/Bearing3_2/1073.csv,0,0,0,2,25600,XJTU/40Hz10kN/Bearing3_2,-1,test
5957,2,RM_002_XJTU,40Hz10kN/Bearing3_2/1074.csv,0,0,0,2,25600,XJTU/40Hz10kN/Bearing3_2,-1,test
5958,2,RM_002_XJTU,40Hz10kN/Bearing3_2/1075.csv,0,0,0,2,25600,XJTU/40Hz10kN/Bearing3_2,-1,test
5959,2,RM_002_XJTU,40Hz10kN/Bearing3_2/1076.csv,0,0,0,2,25600,XJTU/40Hz10kN/Bearing3_2,-1,test
5960,2,RM_002_XJTU,40Hz10kN/Bearing3_2/1077.csv,0,0,0,2,25600,XJTU/40Hz10kN/Bearing3_2,-1,test
5961,2,RM_002_XJTU,40Hz10kN/Bearing3_2/1078.csv,0,0,0,2,25600,XJTU/40Hz10kN/Bearing3_2,-1,test
5962,2,RM_002_XJTU,40Hz10kN/Bearing3_2/1079.csv,0,0,0,2,25600,XJTU/40Hz10kN/Bearing3_2,-1,test
5963,2,RM_002_XJTU,40Hz10kN/Bearing3_2/1080.csv,0,0,0,2,25600,XJTU/40Hz10kN/Bearing3_2,-1,test
5964,2,RM_002_XJTU,40Hz10kN/Bearing3_2/1081.csv,0,0,0,2,25600,XJTU/40Hz10kN/Bearing3_2,-1,test
5965,2,RM_002_XJTU,40Hz10kN/Bearing3_2/1082.csv,0,0,0,2,25600,XJTU/40Hz10kN/Bearing3_2,-1,test
5966,2,RM_002_XJTU,40Hz10kN/Bearing3_2/1083.csv,0,0,0,2,25600,XJTU/40Hz10kN/Bearing3_2,-1,test
5967,2,RM_002_XJTU,40Hz10kN/Bearing3_2/1084.csv,0,0,0,2,25600,XJTU/40Hz10kN/Bearing3_2,-1,test
5968,2,RM_002_XJTU,40Hz10kN/Bearing3_2/1085.csv,0,0,0,2,25600,XJTU/40Hz10kN/Bearing3_2,-1,test
5969,2,RM_002_XJTU,40Hz10kN/Bearing3_2/1086.csv,0,0,0,2,25600,XJTU/40Hz10kN/Bearing3_2,-1,test
5970,2,RM_002_XJTU,40Hz10kN/Bearing3_2/1087.csv,0,0,0,2,25600,XJTU/40Hz10kN/Bearing3_2,-1,test
5971,2,RM_002_XJTU,40Hz10kN/Bearing3_2/1088.csv,0,0,0,2,25600,XJTU/40Hz10kN/Bearing3_2,-1,test
5972,2,RM_002_XJTU,40Hz10kN/Bearing3_2/1089.csv,0,0,0,2,25600,XJTU/40Hz10kN/Bearing3_2,-1,test
5973,2,RM_002_XJTU,40Hz10kN/Bearing3_2/1090.csv,0,0,0,2,25600,XJTU/40Hz10kN/Bearing3_2,-1,test
5974,2,RM_002_XJTU,40Hz10kN/Bearing3_2/1091.csv,0,0,0,2,25600,XJTU/40Hz10kN/Bearing3_2,-1,test
5975,2,RM_002_XJTU,40Hz10kN/Bearing3_2/1092.csv,0,0,0,2,25600,XJTU/40Hz10kN/Bearing3_2,-1,test
5976,2,RM_002_XJTU,40Hz10kN/Bearing3_2/1093.csv,0,0,0,2,25600,XJTU/40Hz10kN/Bearing3_2,-1,test
5977,2,RM_002_XJTU,40Hz10kN/Bearing3_2/1094.csv,0,0,0,2,25600,XJTU/40Hz10kN/Bearing3_2,-1,test
5978,2,RM_002_XJTU,40Hz10kN/Bearing3_2/1095.csv,0,0,0,2,25600,XJTU/40Hz10kN/Bearing3_2,-1,test
5979,2,RM_002_XJTU,40Hz10kN/Bearing3_2/1096.csv,0,0,0,2,25600,XJTU/40Hz10kN/Bearing3_2,-1,test
5980,2,RM_002_XJTU,40Hz10kN/Bearing3_2/1097.csv,0,0,0,2,25600,XJTU/40Hz10kN/Bearing3_2,-1,test
5981,2,RM_002_XJTU,40Hz10kN/Bearing3_2/1098.csv,0,0,0,2,25600,XJTU/40Hz10kN/Bearing3_2,-1,test
5982,2,RM_002_XJTU,40Hz10kN/Bearing3_2/1099.csv,0,0,0,2,25600,XJTU/40Hz10kN/Bearing3_2,-1,test
5983,2,RM_002_XJTU,40Hz10kN/Bearing3_2/1100.csv,0,0,0,2,25600,XJTU/40Hz10kN/Bearing3_2,-1,test
5984,2,RM_002_XJTU,40Hz10kN/Bearing3_2/1101.csv,0,0,0,2,25600,XJTU/40Hz10kN/Bearing3_2,-1,test
5985,2,RM_002_XJTU,40Hz10kN/Bearing3_2/1102.csv,0,0,0,2,25600,XJTU/40Hz10kN/Bearing3_2,-1,test
5986,2,RM_002_XJTU,40Hz10kN/Bearing3_2/1103.csv,0,0,0,2,25600,XJTU/40Hz10kN/Bearing3_2,-1,test
5987,2,RM_002_XJTU,40Hz10kN/Bearing3_2/1104.csv,0,0,0,2,25600,XJTU/40Hz10kN/Bearing3_2,-1,test
5988,2,RM_002_XJTU,40Hz10kN/Bearing3_2/1105.csv,0,0,0,2,25600,XJTU/40Hz10kN/Bearing3_2,-1,test
5989,2,RM_002_XJTU,40Hz10kN/Bearing3_2/1106.csv,0,0,0,2,25600,XJTU/40Hz10kN/Bearing3_2,-1,test
5990,2,RM_002_XJTU,40Hz10kN/Bearing3_2/1107.csv,0,0,0,2,25600,XJTU/40Hz10kN/Bearing3_2,-1,test
5991,2,RM_002_XJTU,40Hz10kN/Bearing3_2/1108.csv,0,0,0,2,25600,XJTU/40Hz10kN/Bearing3_2,-1,test
5992,2,RM_002_XJTU,40Hz10kN/Bearing3_2/1109.csv,0,0,0,2,25600,XJTU/40Hz10kN/Bearing3_2,-1,test
5993,2,RM_002_XJTU,40Hz10kN/Bearing3_2/1110.csv,0,0,0,2,25600,XJTU/40Hz10kN/Bearing3_2,-1,test
5994,2,RM_002_XJTU,40Hz10kN/Bearing3_2/1111.csv,0,0,0,2,25600,XJTU/40Hz10kN/Bearing3_2,-1,test
5995,2,RM_002_XJTU,40Hz10kN/Bearing3_2/1112.csv,0,0,0,2,25600,XJTU/40Hz10kN/Bearing3_2,-1,test
5996,2,RM_002_XJTU,40Hz10kN/Bearing3_2/1113.csv,0,0,0,2,25600,XJTU/40Hz10kN/Bearing3_2,-1,test
5997,2,RM_002_XJTU,40Hz10kN/Bearing3_2/1114.csv,0,0,0,2,25600,XJTU/40Hz10kN/Bearing3_2,-1,test
5998,2,RM_002_XJTU,40Hz10kN/Bearing3_2/1115.csv,0,0,0,2,25600,XJTU/40Hz10kN/Bearing3_2,-1,test
5999,2,RM_002_XJTU,40Hz10kN/Bearing3_2/1116.csv,0,0,0,2,25600,XJTU/40Hz10kN/Bearing3_2,-1,test
6000,2,RM_002_XJTU,40Hz10kN/Bearing3_2/1117.csv,0,0,0,2,25600,XJTU/40Hz10kN/Bearing3_2,-1,test
6001,2,RM_002_XJTU,40Hz10kN/Bearing3_2/1118.csv,0,0,0,2,25600,XJTU/40Hz10kN/Bearing3_2,-1,test
6002,2,RM_002_XJTU,40Hz10kN/Bearing3_2/1119.csv,0,0,0,2,25600,XJTU/40Hz10kN/Bearing3_2,-1,test
6003,2,RM_002_XJTU,40Hz10kN/Bearing3_2/1120.csv,0,0,0,2,25600,XJTU/40Hz10kN/Bearing3_2,-1,test
6004,2,RM_002_XJTU,40Hz10kN/Bearing3_2/1121.csv,0,0,0,2,25600,XJTU/40Hz10kN/Bearing3_2,-1,test
6005,2,RM_002_XJTU,40Hz10kN/Bearing3_2/1122.csv,0,0,0,2,25600,XJTU/40Hz10kN/Bearing3_2,-1,test
6006,2,RM_002_XJTU,40Hz10kN/Bearing3_2/1123.csv,0,0,0,2,25600,XJTU/40Hz10kN/Bearing3_2,-1,test
6007,2,RM_002_XJTU,40Hz10kN/Bearing3_2/1124.csv,0,0,0,2,25600,XJTU/40Hz10kN/Bearing3_2,-1,test
6008,2,RM_002_XJTU,40Hz10kN/Bearing3_2/1125.csv,0,0,0,2,25600,XJTU/40Hz10kN/Bearing3_2,-1,test
6009,2,RM_002_XJTU,40Hz10kN/Bearing3_2/1126.csv,0,0,0,2,25600,XJTU/40Hz10kN/Bearing3_2,-1,test
6010,2,RM_002_XJTU,40Hz10kN/Bearing3_2/1127.csv,0,0,0,2,25600,XJTU/40Hz10kN/Bearing3_2,-1,test
6011,2,RM_002_XJTU,40Hz10kN/Bearing3_2/1128.csv,0,0,0,2,25600,XJTU/40Hz10kN/Bearing3_2,-1,test
6012,2,RM_002_XJTU,40Hz10kN/Bearing3_2/1129.csv,0,0,0,2,25600,XJTU/40Hz10kN/Bearing3_2,-1,test
6013,2,RM_002_XJTU,40Hz10kN/Bearing3_2/1130.csv,0,0,0,2,25600,XJTU/40Hz10kN/Bearing3_2,-1,test
6014,2,RM_002_XJTU,40Hz10kN/Bearing3_2/1131.csv,0,0,0,2,25600,XJTU/40Hz10kN/Bearing3_2,-1,test
6015,2,RM_002_XJTU,40Hz10kN/Bearing3_2/1132.csv,0,0,0,2,25600,XJTU/40Hz10kN/Bearing3_2,-1,test
6016,2,RM_002_XJTU,40Hz10kN/Bearing3_2/1133.csv,0,0,0,2,25600,XJTU/40Hz10kN/Bearing3_2,-1,test
6017,2,RM_002_XJTU,40Hz10kN/Bearing3_2/1134.csv,0,0,0,2,25600,XJTU/40Hz10kN/Bearing3_2,-1,test
6018,2,RM_002_XJTU,40Hz10kN/Bearing3_2/1135.csv,0,0,0,2,25600,XJTU/40Hz10kN/Bearing3_2,-1,test
6019,2,RM_002_XJTU,40Hz10kN/Bearing3_2/1136.csv,0,0,0,2,25600,XJTU/40Hz10kN/Bearing3_2,-1,test
6020,2,RM_002_XJTU,40Hz10kN/Bearing3_2/1137.csv,0,0,0,2,25600,XJTU/40Hz10kN/Bearing3_2,-1,test
6021,2,RM_002_XJTU,40Hz10kN/Bearing3_2/1138.csv,0,0,0,2,25600,XJTU/40Hz10kN/Bearing3_2,-1,test
6022,2,RM_002_XJTU,40Hz10kN/Bearing3_2/1139.csv,0,0,0,2,25600,XJTU/40Hz10kN/Bearing3_2,-1,test
6023,2,RM_002_XJTU,40Hz10kN/Bearing3_2/1140.csv,0,0,0,2,25600,XJTU/40Hz10kN/Bearing3_2,-1,test
6024,2,RM_002_XJTU,40Hz10kN/Bearing3_2/1141.csv,0,0,0,2,25600,XJTU/40Hz10kN/Bearing3_2,-1,test
6025,2,RM_002_XJTU,40Hz10kN/Bearing3_2/1142.csv,0,0,0,2,25600,XJTU/40Hz10kN/Bearing3_2,-1,test
6026,2,RM_002_XJTU,40Hz10kN/Bearing3_2/1143.csv,0,0,0,2,25600,XJTU/40Hz10kN/Bearing3_2,-1,test
6027,2,RM_002_XJTU,40Hz10kN/Bearing3_2/1144.csv,0,0,0,2,25600,XJTU/40Hz10kN/Bearing3_2,-1,test
6028,2,RM_002_XJTU,40Hz10kN/Bearing3_2/1145.csv,0,0,0,2,25600,XJTU/40Hz10kN/Bearing3_2,-1,test
6029,2,RM_002_XJTU,40Hz10kN/Bearing3_2/1146.csv,0,0,0,2,25600,XJTU/40Hz10kN/Bearing3_2,-1,test
6030,2,RM_002_XJTU,40Hz10kN/Bearing3_2/1147.csv,0,0,0,2,25600,XJTU/40Hz10kN/Bearing3_2,-1,test
6031,2,RM_002_XJTU,40Hz10kN/Bearing3_2/1148.csv,0,0,0,2,25600,XJTU/40Hz10kN/Bearing3_2,-1,test
6032,2,RM_002_XJTU,40Hz10kN/Bearing3_2/1149.csv,0,0,0,2,25600,XJTU/40Hz10kN/Bearing3_2,-1,test
6033,2,RM_002_XJTU,40Hz10kN/Bearing3_2/1150.csv,0,0,0,2,25600,XJTU/40Hz10kN/Bearing3_2,-1,test
6034,2,RM_002_XJTU,40Hz10kN/Bearing3_2/1151.csv,0,0,0,2,25600,XJTU/40Hz10kN/Bearing3_2,-1,test
6035,2,RM_002_XJTU,40Hz10kN/Bearing3_2/1152.csv,0,0,0,2,25600,XJTU/40Hz10kN/Bearing3_2,-1,test
6036,2,RM_002_XJTU,40Hz10kN/Bearing3_2/1153.csv,0,0,0,2,25600,XJTU/40Hz10kN/Bearing3_2,-1,test
6037,2,RM_002_XJTU,40Hz10kN/Bearing3_2/1154.csv,0,0,0,2,25600,XJTU/40Hz10kN/Bearing3_2,-1,test
6038,2,RM_002_XJTU,40Hz10kN/Bearing3_2/1155.csv,0,0,0,2,25600,XJTU/40Hz10kN/Bearing3_2,-1,test
6039,2,RM_002_XJTU,40Hz10kN/Bearing3_2/1156.csv,0,0,0,2,25600,XJTU/40Hz10kN/Bearing3_2,-1,test
6040,2,RM_002_XJTU,40Hz10kN/Bearing3_2/1157.csv,0,0,0,2,25600,XJTU/40Hz10kN/Bearing3_2,-1,test
6041,2,RM_002_XJTU,40Hz10kN/Bearing3_2/1158.csv,0,0,0,2,25600,XJTU/40Hz10kN/Bearing3_2,-1,test
6042,2,RM_002_XJTU,40Hz10kN/Bearing3_2/1159.csv,0,0,0,2,25600,XJTU/40Hz10kN/Bearing3_2,-1,test
6043,2,RM_002_XJTU,40Hz10kN/Bearing3_2/1160.csv,0,0,0,2,25600,XJTU/40Hz10kN/Bearing3_2,-1,test
6044,2,RM_002_XJTU,40Hz10kN/Bearing3_2/1161.csv,0,0,0,2,25600,XJTU/40Hz10kN/Bearing3_2,-1,test
6045,2,RM_002_XJTU,40Hz10kN/Bearing3_2/1162.csv,0,0,0,2,25600,XJTU/40Hz10kN/Bearing3_2,-1,test
6046,2,RM_002_XJTU,40Hz10kN/Bearing3_2/1163.csv,0,0,0,2,25600,XJTU/40Hz10kN/Bearing3_2,-1,test
6047,2,RM_002_XJTU,40Hz10kN/Bearing3_2/1164.csv,0,0,0,2,25600,XJTU/40Hz10kN/Bearing3_2,-1,test
6048,2,RM_002_XJTU,40Hz10kN/Bearing3_2/1165.csv,0,0,0,2,25600,XJTU/40Hz10kN/Bearing3_2,-1,test
6049,2,RM_002_XJTU,40Hz10kN/Bearing3_2/1166.csv,0,0,0,2,25600,XJTU/40Hz10kN/Bearing3_2,-1,test
6050,2,RM_002_XJTU,40Hz10kN/Bearing3_2/1167.csv,0,0,0,2,25600,XJTU/40Hz10kN/Bearing3_2,-1,test
6051,2,RM_002_XJTU,40Hz10kN/Bearing3_2/1168.csv,0,0,0,2,25600,XJTU/40Hz10kN/Bearing3_2,-1,test
6052,2,RM_002_XJTU,40Hz10kN/Bearing3_2/1169.csv,0,0,0,2,25600,XJTU/40Hz10kN/Bearing3_2,-1,test
6053,2,RM_002_XJTU,40Hz10kN/Bearing3_2/1170.csv,0,0,0,2,25600,XJTU/40Hz10kN/Bearing3_2,-1,test
6054,2,RM_002_XJTU,40Hz10kN/Bearing3_2/1171.csv,0,0,0,2,25600,XJTU/40Hz10kN/Bearing3_2,-1,test
6055,2,RM_002_XJTU,40Hz10kN/Bearing3_2/1172.csv,0,0,0,2,25600,XJTU/40Hz10kN/Bearing3_2,-1,test
6056,2,RM_002_XJTU,40Hz10kN/Bearing3_2/1173.csv,0,0,0,2,25600,XJTU/40Hz10kN/Bearing3_2,-1,test
6057,2,RM_002_XJTU,40Hz10kN/Bearing3_2/1174.csv,0,0,0,2,25600,XJTU/40Hz10kN/Bearing3_2,-1,test
6058,2,RM_002_XJTU,40Hz10kN/Bearing3_2/1175.csv,0,0,0,2,25600,XJTU/40Hz10kN/Bearing3_2,-1,test
6059,2,RM_002_XJTU,40Hz10kN/Bearing3_2/1176.csv,0,0,0,2,25600,XJTU/40Hz10kN/Bearing3_2,-1,test
6060,2,RM_002_XJTU,40Hz10kN/Bearing3_2/1177.csv,0,0,0,2,25600,XJTU/40Hz10kN/Bearing3_2,-1,test
6061,2,RM_002_XJTU,40Hz10kN/Bearing3_2/1178.csv,0,0,0,2,25600,XJTU/40Hz10kN/Bearing3_2,-1,test
6062,2,RM_002_XJTU,40Hz10kN/Bearing3_2/1179.csv,0,0,0,2,25600,XJTU/40Hz10kN/Bearing3_2,-1,test
6063,2,RM_002_XJTU,40Hz10kN/Bearing3_2/1180.csv,0,0,0,2,25600,XJTU/40Hz10kN/Bearing3_2,-1,test
6064,2,RM_002_XJTU,40Hz10kN/Bearing3_2/1181.csv,0,0,0,2,25600,XJTU/40Hz10kN/Bearing3_2,-1,test
6065,2,RM_002_XJTU,40Hz10kN/Bearing3_2/1182.csv,0,0,0,2,25600,XJTU/40Hz10kN/Bearing3_2,-1,test
6066,2,RM_002_XJTU,40Hz10kN/Bearing3_2/1183.csv,0,0,0,2,25600,XJTU/40Hz10kN/Bearing3_2,-1,test
6067,2,RM_002_XJTU,40Hz10kN/Bearing3_2/1184.csv,0,0,0,2,25600,XJTU/40Hz10kN/Bearing3_2,-1,test
6068,2,RM_002_XJTU,40Hz10kN/Bearing3_2/1185.csv,0,0,0,2,25600,XJTU/40Hz10kN/Bearing3_2,-1,test
6069,2,RM_002_XJTU,40Hz10kN/Bearing3_2/1186.csv,0,0,0,2,25600,XJTU/40Hz10kN/Bearing3_2,-1,test
6070,2,RM_002_XJTU,40Hz10kN/Bearing3_2/1187.csv,0,0,0,2,25600,XJTU/40Hz10kN/Bearing3_2,-1,test
6071,2,RM_002_XJTU,40Hz10kN/Bearing3_2/1188.csv,0,0,0,2,25600,XJTU/40Hz10kN/Bearing3_2,-1,test
6072,2,RM_002_XJTU,40Hz10kN/Bearing3_2/1189.csv,0,0,0,2,25600,XJTU/40Hz10kN/Bearing3_2,-1,test
6073,2,RM_002_XJTU,40Hz10kN/Bearing3_2/1190.csv,0,0,0,2,25600,XJTU/40Hz10kN/Bearing3_2,-1,test
6074,2,RM_002_XJTU,40Hz10kN/Bearing3_2/1191.csv,0,0,0,2,25600,XJTU/40Hz10kN/Bearing3_2,-1,test
6075,2,RM_002_XJTU,40Hz10kN/Bearing3_2/1192.csv,0,0,0,2,25600,XJTU/40Hz10kN/Bearing3_2,-1,test
6076,2,RM_002_XJTU,40Hz10kN/Bearing3_2/1193.csv,0,0,0,2,25600,XJTU/40Hz10kN/Bearing3_2,-1,test
6077,2,RM_002_XJTU,40Hz10kN/Bearing3_2/1194.csv,0,0,0,2,25600,XJTU/40Hz10kN/Bearing3_2,-1,test
6078,2,RM_002_XJTU,40Hz10kN/Bearing3_2/1195.csv,0,0,0,2,25600,XJTU/40Hz10kN/Bearing3_2,-1,test
6079,2,RM_002_XJTU,40Hz10kN/Bearing3_2/1196.csv,0,0,0,2,25600,XJTU/40Hz10kN/Bearing3_2,-1,test
6080,2,RM_002_XJTU,40Hz10kN/Bearing3_2/1197.csv,0,0,0,2,25600,XJTU/40Hz10kN/Bearing3_2,-1,test
6081,2,RM_002_XJTU,40Hz10kN/Bearing3_2/1198.csv,0,0,0,2,25600,XJTU/40Hz10kN/Bearing3_2,-1,test
6082,2,RM_002_XJTU,40Hz10kN/Bearing3_2/1199.csv,0,0,0,2,25600,XJTU/40Hz10kN/Bearing3_2,-1,test
6083,2,RM_002_XJTU,40Hz10kN/Bearing3_2/1200.csv,0,0,0,2,25600,XJTU/40Hz10kN/Bearing3_2,-1,test
6084,2,RM_002_XJTU,40Hz10kN/Bearing3_2/1201.csv,0,0,0,2,25600,XJTU/40Hz10kN/Bearing3_2,-1,test
6085,2,RM_002_XJTU,40Hz10kN/Bearing3_2/1202.csv,0,0,0,2,25600,XJTU/40Hz10kN/Bearing3_2,-1,test
6086,2,RM_002_XJTU,40Hz10kN/Bearing3_2/1203.csv,0,0,0,2,25600,XJTU/40Hz10kN/Bearing3_2,-1,test
6087,2,RM_002_XJTU,40Hz10kN/Bearing3_2/1204.csv,0,0,0,2,25600,XJTU/40Hz10kN/Bearing3_2,-1,test
6088,2,RM_002_XJTU,40Hz10kN/Bearing3_2/1205.csv,0,0,0,2,25600,XJTU/40Hz10kN/Bearing3_2,-1,test
6089,2,RM_002_XJTU,40Hz10kN/Bearing3_2/1206.csv,0,0,0,2,25600,XJTU/40Hz10kN/Bearing3_2,-1,test
6090,2,RM_002_XJTU,40Hz10kN/Bearing3_2/1207.csv,0,0,0,2,25600,XJTU/40Hz10kN/Bearing3_2,-1,test
6091,2,RM_002_XJTU,40Hz10kN/Bearing3_2/1208.csv,0,0,0,2,25600,XJTU/40Hz10kN/Bearing3_2,-1,test
6092,2,RM_002_XJTU,40Hz10kN/Bearing3_2/1209.csv,0,0,0,2,25600,XJTU/40Hz10kN/Bearing3_2,-1,test
6093,2,RM_002_XJTU,40Hz10kN/Bearing3_2/1210.csv,0,0,0,2,25600,XJTU/40Hz10kN/Bearing3_2,-1,test
6094,2,RM_002_XJTU,40Hz10kN/Bearing3_2/1211.csv,0,0,0,2,25600,XJTU/40Hz10kN/Bearing3_2,-1,test
6095,2,RM_002_XJTU,40Hz10kN/Bearing3_2/1212.csv,0,0,0,2,25600,XJTU/40Hz10kN/Bearing3_2,-1,test
6096,2,RM_002_XJTU,40Hz10kN/Bearing3_2/1213.csv,0,0,0,2,25600,XJTU/40Hz10kN/Bearing3_2,-1,test
6097,2,RM_002_XJTU,40Hz10kN/Bearing3_2/1214.csv,0,0,0,2,25600,XJTU/40Hz10kN/Bearing3_2,-1,test
6098,2,RM_002_XJTU,40Hz10kN/Bearing3_2/1215.csv,0,0,0,2,25600,XJTU/40Hz10kN/Bearing3_2,-1,test
6099,2,RM_002_XJTU,40Hz10kN/Bearing3_2/1216.csv,0,0,0,2,25600,XJTU/40Hz10kN/Bearing3_2,-1,test
6100,2,RM_002_XJTU,40Hz10kN/Bearing3_2/1217.csv,0,0,0,2,25600,XJTU/40Hz10kN/Bearing3_2,-1,test
6101,2,RM_002_XJTU,40Hz10kN/Bearing3_2/1218.csv,0,0,0,2,25600,XJTU/40Hz10kN/Bearing3_2,-1,test
6102,2,RM_002_XJTU,40Hz10kN/Bearing3_2/1219.csv,0,0,0,2,25600,XJTU/40Hz10kN/Bearing3_2,-1,test
6103,2,RM_002_XJTU,40Hz10kN/Bearing3_2/1220.csv,0,0,0,2,25600,XJTU/40Hz10kN/Bearing3_2,-1,test
6104,2,RM_002_XJTU,40Hz10kN/Bearing3_2/1221.csv,0,0,0,2,25600,XJTU/40Hz10kN/Bearing3_2,-1,test
6105,2,RM_002_XJTU,40Hz10kN/Bearing3_2/1222.csv,0,0,0,2,25600,XJTU/40Hz10kN/Bearing3_2,-1,test
6106,2,RM_002_XJTU,40Hz10kN/Bearing3_2/1223.csv,0,0,0,2,25600,XJTU/40Hz10kN/Bearing3_2,-1,test
6107,2,RM_002_XJTU,40Hz10kN/Bearing3_2/1224.csv,0,0,0,2,25600,XJTU/40Hz10kN/Bearing3_2,-1,test
6108,2,RM_002_XJTU,40Hz10kN/Bearing3_2/1225.csv,0,0,0,2,25600,XJTU/40Hz10kN/Bearing3_2,-1,test
6109,2,RM_002_XJTU,40Hz10kN/Bearing3_2/1226.csv,0,0,0,2,25600,XJTU/40Hz10kN/Bearing3_2,-1,test
6110,2,RM_002_XJTU,40Hz10kN/Bearing3_2/1227.csv,0,0,0,2,25600,XJTU/40Hz10kN/Bearing3_2,-1,test
6111,2,RM_002_XJTU,40Hz10kN/Bearing3_2/1228.csv,0,0,0,2,25600,XJTU/40Hz10kN/Bearing3_2,-1,test
6112,2,RM_002_XJTU,40Hz10kN/Bearing3_2/1229.csv,0,0,0,2,25600,XJTU/40Hz10kN/Bearing3_2,-1,test
6113,2,RM_002_XJTU,40Hz10kN/Bearing3_2/1230.csv,0,0,0,2,25600,XJTU/40Hz10kN/Bearing3_2,-1,test
6114,2,RM_002_XJTU,40Hz10kN/Bearing3_2/1231.csv,0,0,0,2,25600,XJTU/40Hz10kN/Bearing3_2,-1,test
6115,2,RM_002_XJTU,40Hz10kN/Bearing3_2/1232.csv,0,0,0,2,25600,XJTU/40Hz10kN/Bearing3_2,-1,test
6116,2,RM_002_XJTU,40Hz10kN/Bearing3_2/1233.csv,0,0,0,2,25600,XJTU/40Hz10kN/Bearing3_2,-1,test
6117,2,RM_002_XJTU,40Hz10kN/Bearing3_2/1234.csv,0,0,0,2,25600,XJTU/40Hz10kN/Bearing3_2,-1,test
6118,2,RM_002_XJTU,40Hz10kN/Bearing3_2/1235.csv,0,0,0,2,25600,XJTU/40Hz10kN/Bearing3_2,-1,test
6119,2,RM_002_XJTU,40Hz10kN/Bearing3_2/1236.csv,0,0,0,2,25600,XJTU/40Hz10kN/Bearing3_2,-1,test
6120,2,RM_002_XJTU,40Hz10kN/Bearing3_2/1237.csv,0,0,0,2,25600,XJTU/40Hz10kN/Bearing3_2,-1,test
6121,2,RM_002_XJTU,40Hz10kN/Bearing3_2/1238.csv,0,0,0,2,25600,XJTU/40Hz10kN/Bearing3_2,-1,test
6122,2,RM_002_XJTU,40Hz10kN/Bearing3_2/1239.csv,0,0,0,2,25600,XJTU/40Hz10kN/Bearing3_2,-1,test
6123,2,RM_002_XJTU,40Hz10kN/Bearing3_2/1240.csv,0,0,0,2,25600,XJTU/40Hz10kN/Bearing3_2,-1,test
6124,2,RM_002_XJTU,40Hz10kN/Bearing3_2/1241.csv,0,0,0,2,25600,XJTU/40Hz10kN/Bearing3_2,-1,test
6125,2,RM_002_XJTU,40Hz10kN/Bearing3_2/1242.csv,0,0,0,2,25600,XJTU/40Hz10kN/Bearing3_2,-1,test
6126,2,RM_002_XJTU,40Hz10kN/Bearing3_2/1243.csv,0,0,0,2,25600,XJTU/40Hz10kN/Bearing3_2,-1,test
6127,2,RM_002_XJTU,40Hz10kN/Bearing3_2/1244.csv,0,0,0,2,25600,XJTU/40Hz10kN/Bearing3_2,-1,test
6128,2,RM_002_XJTU,40Hz10kN/Bearing3_2/1245.csv,0,0,0,2,25600,XJTU/40Hz10kN/Bearing3_2,-1,test
6129,2,RM_002_XJTU,40Hz10kN/Bearing3_2/1246.csv,0,0,0,2,25600,XJTU/40Hz10kN/Bearing3_2,-1,test
6130,2,RM_002_XJTU,40Hz10kN/Bearing3_2/1247.csv,0,0,0,2,25600,XJTU/40Hz10kN/Bearing3_2,-1,test
6131,2,RM_002_XJTU,40Hz10kN/Bearing3_2/1248.csv,0,0,0,2,25600,XJTU/40Hz10kN/Bearing3_2,-1,test
6132,2,RM_002_XJTU,40Hz10kN/Bearing3_2/1249.csv,0,0,0,2,25600,XJTU/40Hz10kN/Bearing3_2,-1,test
6133,2,RM_002_XJTU,40Hz10kN/Bearing3_2/1250.csv,0,0,0,2,25600,XJTU/40Hz10kN/Bearing3_2,-1,test
6134,2,RM_002_XJTU,40Hz10kN/Bearing3_2/1251.csv,0,0,0,2,25600,XJTU/40Hz10kN/Bearing3_2,-1,test
6135,2,RM_002_XJTU,40Hz10kN/Bearing3_2/1252.csv,0,0,0,2,25600,XJTU/40Hz10kN/Bearing3_2,-1,test
6136,2,RM_002_XJTU,40Hz10kN/Bearing3_2/1253.csv,0,0,0,2,25600,XJTU/40Hz10kN/Bearing3_2,-1,test
6137,2,RM_002_XJTU,40Hz10kN/Bearing3_2/1254.csv,0,0,0,2,25600,XJTU/40Hz10kN/Bearing3_2,-1,test
6138,2,RM_002_XJTU,40Hz10kN/Bearing3_2/1255.csv,0,0,0,2,25600,XJTU/40Hz10kN/Bearing3_2,-1,test
6139,2,RM_002_XJTU,40Hz10kN/Bearing3_2/1256.csv,0,0,0,2,25600,XJTU/40Hz10kN/Bearing3_2,-1,test
6140,2,RM_002_XJTU,40Hz10kN/Bearing3_2/1257.csv,0,0,0,2,25600,XJTU/40Hz10kN/Bearing3_2,-1,test
6141,2,RM_002_XJTU,40Hz10kN/Bearing3_2/1258.csv,0,0,0,2,25600,XJTU/40Hz10kN/Bearing3_2,-1,test
6142,2,RM_002_XJTU,40Hz10kN/Bearing3_2/1259.csv,0,0,0,2,25600,XJTU/40Hz10kN/Bearing3_2,-1,test
6143,2,RM_002_XJTU,40Hz10kN/Bearing3_2/1260.csv,0,0,0,2,25600,XJTU/40Hz10kN/Bearing3_2,-1,test
6144,2,RM_002_XJTU,40Hz10kN/Bearing3_2/1261.csv,0,0,0,2,25600,XJTU/40Hz10kN/Bearing3_2,-1,test
6145,2,RM_002_XJTU,40Hz10kN/Bearing3_2/1262.csv,0,0,0,2,25600,XJTU/40Hz10kN/Bearing3_2,-1,test
6146,2,RM_002_XJTU,40Hz10kN/Bearing3_2/1263.csv,0,0,0,2,25600,XJTU/40Hz10kN/Bearing3_2,-1,test
6147,2,RM_002_XJTU,40Hz10kN/Bearing3_2/1264.csv,0,0,0,2,25600,XJTU/40Hz10kN/Bearing3_2,-1,test
6148,2,RM_002_XJTU,40Hz10kN/Bearing3_2/1265.csv,0,0,0,2,25600,XJTU/40Hz10kN/Bearing3_2,-1,test
6149,2,RM_002_XJTU,40Hz10kN/Bearing3_2/1266.csv,0,0,0,2,25600,XJTU/40Hz10kN/Bearing3_2,-1,test
6150,2,RM_002_XJTU,40Hz10kN/Bearing3_2/1267.csv,0,0,0,2,25600,XJTU/40Hz10kN/Bearing3_2,-1,test
6151,2,RM_002_XJTU,40Hz10kN/Bearing3_2/1268.csv,0,0,0,2,25600,XJTU/40Hz10kN/Bearing3_2,-1,test
6152,2,RM_002_XJTU,40Hz10kN/Bearing3_2/1269.csv,0,0,0,2,25600,XJTU/40Hz10kN/Bearing3_2,-1,test
6153,2,RM_002_XJTU,40Hz10kN/Bearing3_2/1270.csv,0,0,0,2,25600,XJTU/40Hz10kN/Bearing3_2,-1,test
6154,2,RM_002_XJTU,40Hz10kN/Bearing3_2/1271.csv,0,0,0,2,25600,XJTU/40Hz10kN/Bearing3_2,-1,test
6155,2,RM_002_XJTU,40Hz10kN/Bearing3_2/1272.csv,0,0,0,2,25600,XJTU/40Hz10kN/Bearing3_2,-1,test
6156,2,RM_002_XJTU,40Hz10kN/Bearing3_2/1273.csv,0,0,0,2,25600,XJTU/40Hz10kN/Bearing3_2,-1,test
6157,2,RM_002_XJTU,40Hz10kN/Bearing3_2/1274.csv,0,0,0,2,25600,XJTU/40Hz10kN/Bearing3_2,-1,test
6158,2,RM_002_XJTU,40Hz10kN/Bearing3_2/1275.csv,0,0,0,2,25600,XJTU/40Hz10kN/Bearing3_2,-1,test
6159,2,RM_002_XJTU,40Hz10kN/Bearing3_2/1276.csv,0,0,0,2,25600,XJTU/40Hz10kN/Bearing3_2,-1,test
6160,2,RM_002_XJTU,40Hz10kN/Bearing3_2/1277.csv,0,0,0,2,25600,XJTU/40Hz10kN/Bearing3_2,-1,test
6161,2,RM_002_XJTU,40Hz10kN/Bearing3_2/1278.csv,0,0,0,2,25600,XJTU/40Hz10kN/Bearing3_2,-1,test
6162,2,RM_002_XJTU,40Hz10kN/Bearing3_2/1279.csv,0,0,0,2,25600,XJTU/40Hz10kN/Bearing3_2,-1,test
6163,2,RM_002_XJTU,40Hz10kN/Bearing3_2/1280.csv,0,0,0,2,25600,XJTU/40Hz10kN/Bearing3_2,-1,test
6164,2,RM_002_XJTU,40Hz10kN/Bearing3_2/1281.csv,0,0,0,2,25600,XJTU/40Hz10kN/Bearing3_2,-1,test
6165,2,RM_002_XJTU,40Hz10kN/Bearing3_2/1282.csv,0,0,0,2,25600,XJTU/40Hz10kN/Bearing3_2,-1,test
6166,2,RM_002_XJTU,40Hz10kN/Bearing3_2/1283.csv,0,0,0,2,25600,XJTU/40Hz10kN/Bearing3_2,-1,test
6167,2,RM_002_XJTU,40Hz10kN/Bearing3_2/1284.csv,0,0,0,2,25600,XJTU/40Hz10kN/Bearing3_2,-1,test
6168,2,RM_002_XJTU,40Hz10kN/Bearing3_2/1285.csv,0,0,0,2,25600,XJTU/40Hz10kN/Bearing3_2,-1,test
6169,2,RM_002_XJTU,40Hz10kN/Bearing3_2/1286.csv,0,0,0,2,25600,XJTU/40Hz10kN/Bearing3_2,-1,test
6170,2,RM_002_XJTU,40Hz10kN/Bearing3_2/1287.csv,0,0,0,2,25600,XJTU/40Hz10kN/Bearing3_2,-1,test
6171,2,RM_002_XJTU,40Hz10kN/Bearing3_2/1288.csv,0,0,0,2,25600,XJTU/40Hz10kN/Bearing3_2,-1,test
6172,2,RM_002_XJTU,40Hz10kN/Bearing3_2/1289.csv,0,0,0,2,25600,XJTU/40Hz10kN/Bearing3_2,-1,test
6173,2,RM_002_XJTU,40Hz10kN/Bearing3_2/1290.csv,0,0,0,2,25600,XJTU/40Hz10kN/Bearing3_2,-1,test
6174,2,RM_002_XJTU,40Hz10kN/Bearing3_2/1291.csv,0,0,0,2,25600,XJTU/40Hz10kN/Bearing3_2,-1,test
6175,2,RM_002_XJTU,40Hz10kN/Bearing3_2/1292.csv,0,0,0,2,25600,XJTU/40Hz10kN/Bearing3_2,-1,test
6176,2,RM_002_XJTU,40Hz10kN/Bearing3_2/1293.csv,0,0,0,2,25600,XJTU/40Hz10kN/Bearing3_2,-1,test
6177,2,RM_002_XJTU,40Hz10kN/Bearing3_2/1294.csv,0,0,0,2,25600,XJTU/40Hz10kN/Bearing3_2,-1,test
6178,2,RM_002_XJTU,40Hz10kN/Bearing3_2/1295.csv,0,0,0,2,25600,XJTU/40Hz10kN/Bearing3_2,-1,test
6179,2,RM_002_XJTU,40Hz10kN/Bearing3_2/1296.csv,0,0,0,2,25600,XJTU/40Hz10kN/Bearing3_2,-1,test
6180,2,RM_002_XJTU,40Hz10kN/Bearing3_2/1297.csv,0,0,0,2,25600,XJTU/40Hz10kN/Bearing3_2,-1,test
6181,2,RM_002_XJTU,40Hz10kN/Bearing3_2/1298.csv,0,0,0,2,25600,XJTU/40Hz10kN/Bearing3_2,-1,test
6182,2,RM_002_XJTU,40Hz10kN/Bearing3_2/1299.csv,0,0,0,2,25600,XJTU/40Hz10kN/Bearing3_2,-1,test
6183,2,RM_002_XJTU,40Hz10kN/Bearing3_2/1300.csv,0,0,0,2,25600,XJTU/40Hz10kN/Bearing3_2,-1,test
6184,2,RM_002_XJTU,40Hz10kN/Bearing3_2/1301.csv,0,0,0,2,25600,XJTU/40Hz10kN/Bearing3_2,-1,test
6185,2,RM_002_XJTU,40Hz10kN/Bearing3_2/1302.csv,0,0,0,2,25600,XJTU/40Hz10kN/Bearing3_2,-1,test
6186,2,RM_002_XJTU,40Hz10kN/Bearing3_2/1303.csv,0,0,0,2,25600,XJTU/40Hz10kN/Bearing3_2,-1,test
6187,2,RM_002_XJTU,40Hz10kN/Bearing3_2/1304.csv,0,0,0,2,25600,XJTU/40Hz10kN/Bearing3_2,-1,test
6188,2,RM_002_XJTU,40Hz10kN/Bearing3_2/1305.csv,0,0,0,2,25600,XJTU/40Hz10kN/Bearing3_2,-1,test
6189,2,RM_002_XJTU,40Hz10kN/Bearing3_2/1306.csv,0,0,0,2,25600,XJTU/40Hz10kN/Bearing3_2,-1,test
6190,2,RM_002_XJTU,40Hz10kN/Bearing3_2/1307.csv,0,0,0,2,25600,XJTU/40Hz10kN/Bearing3_2,-1,test
6191,2,RM_002_XJTU,40Hz10kN/Bearing3_2/1308.csv,0,0,0,2,25600,XJTU/40Hz10kN/Bearing3_2,-1,test
6192,2,RM_002_XJTU,40Hz10kN/Bearing3_2/1309.csv,0,0,0,2,25600,XJTU/40Hz10kN/Bearing3_2,-1,test
6193,2,RM_002_XJTU,40Hz10kN/Bearing3_2/1310.csv,0,0,0,2,25600,XJTU/40Hz10kN/Bearing3_2,-1,test
6194,2,RM_002_XJTU,40Hz10kN/Bearing3_2/1311.csv,0,0,0,2,25600,XJTU/40Hz10kN/Bearing3_2,-1,test
6195,2,RM_002_XJTU,40Hz10kN/Bearing3_2/1312.csv,0,0,0,2,25600,XJTU/40Hz10kN/Bearing3_2,-1,test
6196,2,RM_002_XJTU,40Hz10kN/Bearing3_2/1313.csv,0,0,0,2,25600,XJTU/40Hz10kN/Bearing3_2,-1,test
6197,2,RM_002_XJTU,40Hz10kN/Bearing3_2/1314.csv,0,0,0,2,25600,XJTU/40Hz10kN/Bearing3_2,-1,test
6198,2,RM_002_XJTU,40Hz10kN/Bearing3_2/1315.csv,0,0,0,2,25600,XJTU/40Hz10kN/Bearing3_2,-1,test
6199,2,RM_002_XJTU,40Hz10kN/Bearing3_2/1316.csv,0,0,0,2,25600,XJTU/40Hz10kN/Bearing3_2,-1,test
6200,2,RM_002_XJTU,40Hz10kN/Bearing3_2/1317.csv,0,0,0,2,25600,XJTU/40Hz10kN/Bearing3_2,-1,test
6201,2,RM_002_XJTU,40Hz10kN/Bearing3_2/1318.csv,0,0,0,2,25600,XJTU/40Hz10kN/Bearing3_2,-1,test
6202,2,RM_002_XJTU,40Hz10kN/Bearing3_2/1319.csv,0,0,0,2,25600,XJTU/40Hz10kN/Bearing3_2,-1,test
6203,2,RM_002_XJTU,40Hz10kN/Bearing3_2/1320.csv,0,0,0,2,25600,XJTU/40Hz10kN/Bearing3_2,-1,test
6204,2,RM_002_XJTU,40Hz10kN/Bearing3_2/1321.csv,0,0,0,2,25600,XJTU/40Hz10kN/Bearing3_2,-1,test
6205,2,RM_002_XJTU,40Hz10kN/Bearing3_2/1322.csv,0,0,0,2,25600,XJTU/40Hz10kN/Bearing3_2,-1,test
6206,2,RM_002_XJTU,40Hz10kN/Bearing3_2/1323.csv,0,0,0,2,25600,XJTU/40Hz10kN/Bearing3_2,-1,test
6207,2,RM_002_XJTU,40Hz10kN/Bearing3_2/1324.csv,0,0,0,2,25600,XJTU/40Hz10kN/Bearing3_2,-1,test
6208,2,RM_002_XJTU,40Hz10kN/Bearing3_2/1325.csv,0,0,0,2,25600,XJTU/40Hz10kN/Bearing3_2,-1,test
6209,2,RM_002_XJTU,40Hz10kN/Bearing3_2/1326.csv,0,0,0,2,25600,XJTU/40Hz10kN/Bearing3_2,-1,test
6210,2,RM_002_XJTU,40Hz10kN/Bearing3_2/1327.csv,0,0,0,2,25600,XJTU/40Hz10kN/Bearing3_2,-1,test
6211,2,RM_002_XJTU,40Hz10kN/Bearing3_2/1328.csv,0,0,0,2,25600,XJTU/40Hz10kN/Bearing3_2,-1,test
6212,2,RM_002_XJTU,40Hz10kN/Bearing3_2/1329.csv,0,0,0,2,25600,XJTU/40Hz10kN/Bearing3_2,-1,test
6213,2,RM_002_XJTU,40Hz10kN/Bearing3_2/1330.csv,0,0,0,2,25600,XJTU/40Hz10kN/Bearing3_2,-1,test
6214,2,RM_002_XJTU,40Hz10kN/Bearing3_2/1331.csv,0,0,0,2,25600,XJTU/40Hz10kN/Bearing3_2,-1,test
6215,2,RM_002_XJTU,40Hz10kN/Bearing3_2/1332.csv,0,0,0,2,25600,XJTU/40Hz10kN/Bearing3_2,-1,test
6216,2,RM_002_XJTU,40Hz10kN/Bearing3_2/1333.csv,0,0,0,2,25600,XJTU/40Hz10kN/Bearing3_2,-1,test
6217,2,RM_002_XJTU,40Hz10kN/Bearing3_2/1334.csv,0,0,0,2,25600,XJTU/40Hz10kN/Bearing3_2,-1,test
6218,2,RM_002_XJTU,40Hz10kN/Bearing3_2/1335.csv,0,0,0,2,25600,XJTU/40Hz10kN/Bearing3_2,-1,test
6219,2,RM_002_XJTU,40Hz10kN/Bearing3_2/1336.csv,0,0,0,2,25600,XJTU/40Hz10kN/Bearing3_2,-1,test
6220,2,RM_002_XJTU,40Hz10kN/Bearing3_2/1337.csv,0,0,0,2,25600,XJTU/40Hz10kN/Bearing3_2,-1,test
6221,2,RM_002_XJTU,40Hz10kN/Bearing3_2/1338.csv,0,0,0,2,25600,XJTU/40Hz10kN/Bearing3_2,-1,test
6222,2,RM_002_XJTU,40Hz10kN/Bearing3_2/1339.csv,0,0,0,2,25600,XJTU/40Hz10kN/Bearing3_2,-1,test
6223,2,RM_002_XJTU,40Hz10kN/Bearing3_2/1340.csv,0,0,0,2,25600,XJTU/40Hz10kN/Bearing3_2,-1,test
6224,2,RM_002_XJTU,40Hz10kN/Bearing3_2/1341.csv,0,0,0,2,25600,XJTU/40Hz10kN/Bearing3_2,-1,test
6225,2,RM_002_XJTU,40Hz10kN/Bearing3_2/1342.csv,0,0,0,2,25600,XJTU/40Hz10kN/Bearing3_2,-1,test
6226,2,RM_002_XJTU,40Hz10kN/Bearing3_2/1343.csv,0,0,0,2,25600,XJTU/40Hz10kN/Bearing3_2,-1,test
6227,2,RM_002_XJTU,40Hz10kN/Bearing3_2/1344.csv,0,0,0,2,25600,XJTU/40Hz10kN/Bearing3_2,-1,test
6228,2,RM_002_XJTU,40Hz10kN/Bearing3_2/1345.csv,0,0,0,2,25600,XJTU/40Hz10kN/Bearing3_2,-1,test
6229,2,RM_002_XJTU,40Hz10kN/Bearing3_2/1346.csv,0,0,0,2,25600,XJTU/40Hz10kN/Bearing3_2,-1,test
6230,2,RM_002_XJTU,40Hz10kN/Bearing3_2/1347.csv,0,0,0,2,25600,XJTU/40Hz10kN/Bearing3_2,-1,test
6231,2,RM_002_XJTU,40Hz10kN/Bearing3_2/1348.csv,0,0,0,2,25600,XJTU/40Hz10kN/Bearing3_2,-1,test
6232,2,RM_002_XJTU,40Hz10kN/Bearing3_2/1349.csv,0,0,0,2,25600,XJTU/40Hz10kN/Bearing3_2,-1,test
6233,2,RM_002_XJTU,40Hz10kN/Bearing3_2/1350.csv,0,0,0,2,25600,XJTU/40Hz10kN/Bearing3_2,-1,test
6234,2,RM_002_XJTU,40Hz10kN/Bearing3_2/1351.csv,0,0,0,2,25600,XJTU/40Hz10kN/Bearing3_2,-1,test
6235,2,RM_002_XJTU,40Hz10kN/Bearing3_2/1352.csv,0,0,0,2,25600,XJTU/40Hz10kN/Bearing3_2,-1,test
6236,2,RM_002_XJTU,40Hz10kN/Bearing3_2/1353.csv,0,0,0,2,25600,XJTU/40Hz10kN/Bearing3_2,-1,test
6237,2,RM_002_XJTU,40Hz10kN/Bearing3_2/1354.csv,0,0,0,2,25600,XJTU/40Hz10kN/Bearing3_2,-1,test
6238,2,RM_002_XJTU,40Hz10kN/Bearing3_2/1355.csv,0,0,0,2,25600,XJTU/40Hz10kN/Bearing3_2,-1,test
6239,2,RM_002_XJTU,40Hz10kN/Bearing3_2/1356.csv,0,0,0,2,25600,XJTU/40Hz10kN/Bearing3_2,-1,test
6240,2,RM_002_XJTU,40Hz10kN/Bearing3_2/1357.csv,0,0,0,2,25600,XJTU/40Hz10kN/Bearing3_2,-1,test
6241,2,RM_002_XJTU,40Hz10kN/Bearing3_2/1358.csv,0,0,0,2,25600,XJTU/40Hz10kN/Bearing3_2,-1,test
6242,2,RM_002_XJTU,40Hz10kN/Bearing3_2/1359.csv,0,0,0,2,25600,XJTU/40Hz10kN/Bearing3_2,-1,test
6243,2,RM_002_XJTU,40Hz10kN/Bearing3_2/1360.csv,0,0,0,2,25600,XJTU/40Hz10kN/Bearing3_2,-1,test
6244,2,RM_002_XJTU,40Hz10kN/Bearing3_2/1361.csv,0,0,0,2,25600,XJTU/40Hz10kN/Bearing3_2,-1,test
6245,2,RM_002_XJTU,40Hz10kN/Bearing3_2/1362.csv,0,0,0,2,25600,XJTU/40Hz10kN/Bearing3_2,-1,test
6246,2,RM_002_XJTU,40Hz10kN/Bearing3_2/1363.csv,0,0,0,2,25600,XJTU/40Hz10kN/Bearing3_2,-1,test
6247,2,RM_002_XJTU,40Hz10kN/Bearing3_2/1364.csv,0,0,0,2,25600,XJTU/40Hz10kN/Bearing3_2,-1,test
6248,2,RM_002_XJTU,40Hz10kN/Bearing3_2/1365.csv,0,0,0,2,25600,XJTU/40Hz10kN/Bearing3_2,-1,test
6249,2,RM_002_XJTU,40Hz10kN/Bearing3_2/1366.csv,0,0,0,2,25600,XJTU/40Hz10kN/Bearing3_2,-1,test
6250,2,RM_002_XJTU,40Hz10kN/Bearing3_2/1367.csv,0,0,0,2,25600,XJTU/40Hz10kN/Bearing3_2,-1,test
6251,2,RM_002_XJTU,40Hz10kN/Bearing3_2/1368.csv,0,0,0,2,25600,XJTU/40Hz10kN/Bearing3_2,-1,test
6252,2,RM_002_XJTU,40Hz10kN/Bearing3_2/1369.csv,0,0,0,2,25600,XJTU/40Hz10kN/Bearing3_2,-1,test
6253,2,RM_002_XJTU,40Hz10kN/Bearing3_2/1370.csv,0,0,0,2,25600,XJTU/40Hz10kN/Bearing3_2,-1,test
6254,2,RM_002_XJTU,40Hz10kN/Bearing3_2/1371.csv,0,0,0,2,25600,XJTU/40Hz10kN/Bearing3_2,-1,test
6255,2,RM_002_XJTU,40Hz10kN/Bearing3_2/1372.csv,0,0,0,2,25600,XJTU/40Hz10kN/Bearing3_2,-1,test
6256,2,RM_002_XJTU,40Hz10kN/Bearing3_2/1373.csv,0,0,0,2,25600,XJTU/40Hz10kN/Bearing3_2,-1,test
6257,2,RM_002_XJTU,40Hz10kN/Bearing3_2/1374.csv,0,0,0,2,25600,XJTU/40Hz10kN/Bearing3_2,-1,test
6258,2,RM_002_XJTU,40Hz10kN/Bearing3_2/1375.csv,0,0,0,2,25600,XJTU/40Hz10kN/Bearing3_2,-1,test
6259,2,RM_002_XJTU,40Hz10kN/Bearing3_2/1376.csv,0,0,0,2,25600,XJTU/40Hz10kN/Bearing3_2,-1,test
6260,2,RM_002_XJTU,40Hz10kN/Bearing3_2/1377.csv,0,0,0,2,25600,XJTU/40Hz10kN/Bearing3_2,-1,test
6261,2,RM_002_XJTU,40Hz10kN/Bearing3_2/1378.csv,0,0,0,2,25600,XJTU/40Hz10kN/Bearing3_2,-1,test
6262,2,RM_002_XJTU,40Hz10kN/Bearing3_2/1379.csv,0,0,0,2,25600,XJTU/40Hz10kN/Bearing3_2,-1,test
6263,2,RM_002_XJTU,40Hz10kN/Bearing3_2/1380.csv,0,0,0,2,25600,XJTU/40Hz10kN/Bearing3_2,-1,test
6264,2,RM_002_XJTU,40Hz10kN/Bearing3_2/1381.csv,0,0,0,2,25600,XJTU/40Hz10kN/Bearing3_2,-1,test
6265,2,RM_002_XJTU,40Hz10kN/Bearing3_2/1382.csv,0,0,0,2,25600,XJTU/40Hz10kN/Bearing3_2,-1,test
6266,2,RM_002_XJTU,40Hz10kN/Bearing3_2/1383.csv,0,0,0,2,25600,XJTU/40Hz10kN/Bearing3_2,-1,test
6267,2,RM_002_XJTU,40Hz10kN/Bearing3_2/1384.csv,0,0,0,2,25600,XJTU/40Hz10kN/Bearing3_2,-1,test
6268,2,RM_002_XJTU,40Hz10kN/Bearing3_2/1385.csv,0,0,0,2,25600,XJTU/40Hz10kN/Bearing3_2,-1,test
6269,2,RM_002_XJTU,40Hz10kN/Bearing3_2/1386.csv,0,0,0,2,25600,XJTU/40Hz10kN/Bearing3_2,-1,test
6270,2,RM_002_XJTU,40Hz10kN/Bearing3_2/1387.csv,0,0,0,2,25600,XJTU/40Hz10kN/Bearing3_2,-1,test
6271,2,RM_002_XJTU,40Hz10kN/Bearing3_2/1388.csv,0,0,0,2,25600,XJTU/40Hz10kN/Bearing3_2,-1,test
6272,2,RM_002_XJTU,40Hz10kN/Bearing3_2/1389.csv,0,0,0,2,25600,XJTU/40Hz10kN/Bearing3_2,-1,test
6273,2,RM_002_XJTU,40Hz10kN/Bearing3_2/1390.csv,0,0,0,2,25600,XJTU/40Hz10kN/Bearing3_2,-1,test
6274,2,RM_002_XJTU,40Hz10kN/Bearing3_2/1391.csv,0,0,0,2,25600,XJTU/40Hz10kN/Bearing3_2,-1,test
6275,2,RM_002_XJTU,40Hz10kN/Bearing3_2/1392.csv,0,0,0,2,25600,XJTU/40Hz10kN/Bearing3_2,-1,test
6276,2,RM_002_XJTU,40Hz10kN/Bearing3_2/1393.csv,0,0,0,2,25600,XJTU/40Hz10kN/Bearing3_2,-1,test
6277,2,RM_002_XJTU,40Hz10kN/Bearing3_2/1394.csv,0,0,0,2,25600,XJTU/40Hz10kN/Bearing3_2,-1,test
6278,2,RM_002_XJTU,40Hz10kN/Bearing3_2/1395.csv,0,0,0,2,25600,XJTU/40Hz10kN/Bearing3_2,-1,test
6279,2,RM_002_XJTU,40Hz10kN/Bearing3_2/1396.csv,0,0,0,2,25600,XJTU/40Hz10kN/Bearing3_2,-1,test
6280,2,RM_002_XJTU,40Hz10kN/Bearing3_2/1397.csv,0,0,0,2,25600,XJTU/40Hz10kN/Bearing3_2,-1,test
6281,2,RM_002_XJTU,40Hz10kN/Bearing3_2/1398.csv,0,0,0,2,25600,XJTU/40Hz10kN/Bearing3_2,-1,test
6282,2,RM_002_XJTU,40Hz10kN/Bearing3_2/1399.csv,0,0,0,2,25600,XJTU/40Hz10kN/Bearing3_2,-1,test
6283,2,RM_002_XJTU,40Hz10kN/Bearing3_2/1400.csv,0,0,0,2,25600,XJTU/40Hz10kN/Bearing3_2,-1,test
6284,2,RM_002_XJTU,40Hz10kN/Bearing3_2/1401.csv,0,0,0,2,25600,XJTU/40Hz10kN/Bearing3_2,-1,test
6285,2,RM_002_XJTU,40Hz10kN/Bearing3_2/1402.csv,0,0,0,2,25600,XJTU/40Hz10kN/Bearing3_2,-1,test
6286,2,RM_002_XJTU,40Hz10kN/Bearing3_2/1403.csv,0,0,0,2,25600,XJTU/40Hz10kN/Bearing3_2,-1,test
6287,2,RM_002_XJTU,40Hz10kN/Bearing3_2/1404.csv,0,0,0,2,25600,XJTU/40Hz10kN/Bearing3_2,-1,test
6288,2,RM_002_XJTU,40Hz10kN/Bearing3_2/1405.csv,0,0,0,2,25600,XJTU/40Hz10kN/Bearing3_2,-1,test
6289,2,RM_002_XJTU,40Hz10kN/Bearing3_2/1406.csv,0,0,0,2,25600,XJTU/40Hz10kN/Bearing3_2,-1,test
6290,2,RM_002_XJTU,40Hz10kN/Bearing3_2/1407.csv,0,0,0,2,25600,XJTU/40Hz10kN/Bearing3_2,-1,test
6291,2,RM_002_XJTU,40Hz10kN/Bearing3_2/1408.csv,0,0,0,2,25600,XJTU/40Hz10kN/Bearing3_2,-1,test
6292,2,RM_002_XJTU,40Hz10kN/Bearing3_2/1409.csv,0,0,0,2,25600,XJTU/40Hz10kN/Bearing3_2,-1,test
6293,2,RM_002_XJTU,40Hz10kN/Bearing3_2/1410.csv,0,0,0,2,25600,XJTU/40Hz10kN/Bearing3_2,-1,test
6294,2,RM_002_XJTU,40Hz10kN/Bearing3_2/1411.csv,0,0,0,2,25600,XJTU/40Hz10kN/Bearing3_2,-1,test
6295,2,RM_002_XJTU,40Hz10kN/Bearing3_2/1412.csv,0,0,0,2,25600,XJTU/40Hz10kN/Bearing3_2,-1,test
6296,2,RM_002_XJTU,40Hz10kN/Bearing3_2/1413.csv,0,0,0,2,25600,XJTU/40Hz10kN/Bearing3_2,-1,test
6297,2,RM_002_XJTU,40Hz10kN/Bearing3_2/1414.csv,0,0,0,2,25600,XJTU/40Hz10kN/Bearing3_2,-1,test
6298,2,RM_002_XJTU,40Hz10kN/Bearing3_2/1415.csv,0,0,0,2,25600,XJTU/40Hz10kN/Bearing3_2,-1,test
6299,2,RM_002_XJTU,40Hz10kN/Bearing3_2/1416.csv,0,0,0,2,25600,XJTU/40Hz10kN/Bearing3_2,-1,test
6300,2,RM_002_XJTU,40Hz10kN/Bearing3_2/1417.csv,0,0,0,2,25600,XJTU/40Hz10kN/Bearing3_2,-1,test
6301,2,RM_002_XJTU,40Hz10kN/Bearing3_2/1418.csv,0,0,0,2,25600,XJTU/40Hz10kN/Bearing3_2,-1,test
6302,2,RM_002_XJTU,40Hz10kN/Bearing3_2/1419.csv,0,0,0,2,25600,XJTU/40Hz10kN/Bearing3_2,-1,test
6303,2,RM_002_XJTU,40Hz10kN/Bearing3_2/1420.csv,0,0,0,2,25600,XJTU/40Hz10kN/Bearing3_2,-1,test
6304,2,RM_002_XJTU,40Hz10kN/Bearing3_2/1421.csv,0,0,0,2,25600,XJTU/40Hz10kN/Bearing3_2,-1,test
6305,2,RM_002_XJTU,40Hz10kN/Bearing3_2/1422.csv,0,0,0,2,25600,XJTU/40Hz10kN/Bearing3_2,-1,test
6306,2,RM_002_XJTU,40Hz10kN/Bearing3_2/1423.csv,0,0,0,2,25600,XJTU/40Hz10kN/Bearing3_2,-1,test
6307,2,RM_002_XJTU,40Hz10kN/Bearing3_2/1424.csv,0,0,0,2,25600,XJTU/40Hz10kN/Bearing3_2,-1,test
6308,2,RM_002_XJTU,40Hz10kN/Bearing3_2/1425.csv,0,0,0,2,25600,XJTU/40Hz10kN/Bearing3_2,-1,test
6309,2,RM_002_XJTU,40Hz10kN/Bearing3_2/1426.csv,0,0,0,2,25600,XJTU/40Hz10kN/Bearing3_2,-1,test
6310,2,RM_002_XJTU,40Hz10kN/Bearing3_2/1427.csv,0,0,0,2,25600,XJTU/40Hz10kN/Bearing3_2,-1,test
6311,2,RM_002_XJTU,40Hz10kN/Bearing3_2/1428.csv,0,0,0,2,25600,XJTU/40Hz10kN/Bearing3_2,-1,test
6312,2,RM_002_XJTU,40Hz10kN/Bearing3_2/1429.csv,0,0,0,2,25600,XJTU/40Hz10kN/Bearing3_2,-1,test
6313,2,RM_002_XJTU,40Hz10kN/Bearing3_2/1430.csv,0,0,0,2,25600,XJTU/40Hz10kN/Bearing3_2,-1,test
6314,2,RM_002_XJTU,40Hz10kN/Bearing3_2/1431.csv,0,0,0,2,25600,XJTU/40Hz10kN/Bearing3_2,-1,test
6315,2,RM_002_XJTU,40Hz10kN/Bearing3_2/1432.csv,0,0,0,2,25600,XJTU/40Hz10kN/Bearing3_2,-1,test
6316,2,RM_002_XJTU,40Hz10kN/Bearing3_2/1433.csv,0,0,0,2,25600,XJTU/40Hz10kN/Bearing3_2,-1,test
6317,2,RM_002_XJTU,40Hz10kN/Bearing3_2/1434.csv,0,0,0,2,25600,XJTU/40Hz10kN/Bearing3_2,-1,test
6318,2,RM_002_XJTU,40Hz10kN/Bearing3_2/1435.csv,0,0,0,2,25600,XJTU/40Hz10kN/Bearing3_2,-1,test
6319,2,RM_002_XJTU,40Hz10kN/Bearing3_2/1436.csv,0,0,0,2,25600,XJTU/40Hz10kN/Bearing3_2,-1,test
6320,2,RM_002_XJTU,40Hz10kN/Bearing3_2/1437.csv,0,0,0,2,25600,XJTU/40Hz10kN/Bearing3_2,-1,test
6321,2,RM_002_XJTU,40Hz10kN/Bearing3_2/1438.csv,0,0,0,2,25600,XJTU/40Hz10kN/Bearing3_2,-1,test
6322,2,RM_002_XJTU,40Hz10kN/Bearing3_2/1439.csv,0,0,0,2,25600,XJTU/40Hz10kN/Bearing3_2,-1,test
6323,2,RM_002_XJTU,40Hz10kN/Bearing3_2/1440.csv,0,0,0,2,25600,XJTU/40Hz10kN/Bearing3_2,-1,test
6324,2,RM_002_XJTU,40Hz10kN/Bearing3_2/1441.csv,0,0,0,2,25600,XJTU/40Hz10kN/Bearing3_2,-1,test
6325,2,RM_002_XJTU,40Hz10kN/Bearing3_2/1442.csv,0,0,0,2,25600,XJTU/40Hz10kN/Bearing3_2,-1,test
6326,2,RM_002_XJTU,40Hz10kN/Bearing3_2/1443.csv,0,0,0,2,25600,XJTU/40Hz10kN/Bearing3_2,-1,test
6327,2,RM_002_XJTU,40Hz10kN/Bearing3_2/1444.csv,0,0,0,2,25600,XJTU/40Hz10kN/Bearing3_2,-1,test
6328,2,RM_002_XJTU,40Hz10kN/Bearing3_2/1445.csv,0,0,0,2,25600,XJTU/40Hz10kN/Bearing3_2,-1,test
6329,2,RM_002_XJTU,40Hz10kN/Bearing3_2/1446.csv,0,0,0,2,25600,XJTU/40Hz10kN/Bearing3_2,-1,test
6330,2,RM_002_XJTU,40Hz10kN/Bearing3_2/1447.csv,0,0,0,2,25600,XJTU/40Hz10kN/Bearing3_2,-1,test
6331,2,RM_002_XJTU,40Hz10kN/Bearing3_2/1448.csv,0,0,0,2,25600,XJTU/40Hz10kN/Bearing3_2,-1,test
6332,2,RM_002_XJTU,40Hz10kN/Bearing3_2/1449.csv,0,0,0,2,25600,XJTU/40Hz10kN/Bearing3_2,-1,test
6333,2,RM_002_XJTU,40Hz10kN/Bearing3_2/1450.csv,0,0,0,2,25600,XJTU/40Hz10kN/Bearing3_2,-1,test
6334,2,RM_002_XJTU,40Hz10kN/Bearing3_2/1451.csv,0,0,0,2,25600,XJTU/40Hz10kN/Bearing3_2,-1,test
6335,2,RM_002_XJTU,40Hz10kN/Bearing3_2/1452.csv,0,0,0,2,25600,XJTU/40Hz10kN/Bearing3_2,-1,test
6336,2,RM_002_XJTU,40Hz10kN/Bearing3_2/1453.csv,0,0,0,2,25600,XJTU/40Hz10kN/Bearing3_2,-1,test
6337,2,RM_002_XJTU,40Hz10kN/Bearing3_2/1454.csv,0,0,0,2,25600,XJTU/40Hz10kN/Bearing3_2,-1,test
6338,2,RM_002_XJTU,40Hz10kN/Bearing3_2/1455.csv,0,0,0,2,25600,XJTU/40Hz10kN/Bearing3_2,-1,test
6339,2,RM_002_XJTU,40Hz10kN/Bearing3_2/1456.csv,0,0,0,2,25600,XJTU/40Hz10kN/Bearing3_2,-1,test
6340,2,RM_002_XJTU,40Hz10kN/Bearing3_2/1457.csv,0,0,0,2,25600,XJTU/40Hz10kN/Bearing3_2,-1,test
6341,2,RM_002_XJTU,40Hz10kN/Bearing3_2/1458.csv,0,0,0,2,25600,XJTU/40Hz10kN/Bearing3_2,-1,test
6342,2,RM_002_XJTU,40Hz10kN/Bearing3_2/1459.csv,0,0,0,2,25600,XJTU/40Hz10kN/Bearing3_2,-1,test
6343,2,RM_002_XJTU,40Hz10kN/Bearing3_2/1460.csv,0,0,0,2,25600,XJTU/40Hz10kN/Bearing3_2,-1,test
6344,2,RM_002_XJTU,40Hz10kN/Bearing3_2/1461.csv,0,0,0,2,25600,XJTU/40Hz10kN/Bearing3_2,-1,test
6345,2,RM_002_XJTU,40Hz10kN/Bearing3_2/1462.csv,0,0,0,2,25600,XJTU/40Hz10kN/Bearing3_2,-1,test
6346,2,RM_002_XJTU,40Hz10kN/Bearing3_2/1463.csv,0,0,0,2,25600,XJTU/40Hz10kN/Bearing3_2,-1,test
6347,2,RM_002_XJTU,40Hz10kN/Bearing3_2/1464.csv,0,0,0,2,25600,XJTU/40Hz10kN/Bearing3_2,-1,test
6348,2,RM_002_XJTU,40Hz10kN/Bearing3_2/1465.csv,0,0,0,2,25600,XJTU/40Hz10kN/Bearing3_2,-1,test
6349,2,RM_002_XJTU,40Hz10kN/Bearing3_2/1466.csv,0,0,0,2,25600,XJTU/40Hz10kN/Bearing3_2,-1,test
6350,2,RM_002_XJTU,40Hz10kN/Bearing3_2/1467.csv,0,0,0,2,25600,XJTU/40Hz10kN/Bearing3_2,-1,test
6351,2,RM_002_XJTU,40Hz10kN/Bearing3_2/1468.csv,0,0,0,2,25600,XJTU/40Hz10kN/Bearing3_2,-1,test
6352,2,RM_002_XJTU,40Hz10kN/Bearing3_2/1469.csv,0,0,0,2,25600,XJTU/40Hz10kN/Bearing3_2,-1,test
6353,2,RM_002_XJTU,40Hz10kN/Bearing3_2/1470.csv,0,0,0,2,25600,XJTU/40Hz10kN/Bearing3_2,-1,test
6354,2,RM_002_XJTU,40Hz10kN/Bearing3_2/1471.csv,0,0,0,2,25600,XJTU/40Hz10kN/Bearing3_2,-1,test
6355,2,RM_002_XJTU,40Hz10kN/Bearing3_2/1472.csv,0,0,0,2,25600,XJTU/40Hz10kN/Bearing3_2,-1,test
6356,2,RM_002_XJTU,40Hz10kN/Bearing3_2/1473.csv,0,0,0,2,25600,XJTU/40Hz10kN/Bearing3_2,-1,test
6357,2,RM_002_XJTU,40Hz10kN/Bearing3_2/1474.csv,0,0,0,2,25600,XJTU/40Hz10kN/Bearing3_2,-1,test
6358,2,RM_002_XJTU,40Hz10kN/Bearing3_2/1475.csv,0,0,0,2,25600,XJTU/40Hz10kN/Bearing3_2,-1,test
6359,2,RM_002_XJTU,40Hz10kN/Bearing3_2/1476.csv,0,0,0,2,25600,XJTU/40Hz10kN/Bearing3_2,-1,test
6360,2,RM_002_XJTU,40Hz10kN/Bearing3_2/1477.csv,0,0,0,2,25600,XJTU/40Hz10kN/Bearing3_2,-1,test
6361,2,RM_002_XJTU,40Hz10kN/Bearing3_2/1478.csv,0,0,0,2,25600,XJTU/40Hz10kN/Bearing3_2,-1,test
6362,2,RM_002_XJTU,40Hz10kN/Bearing3_2/1479.csv,0,0,0,2,25600,XJTU/40Hz10kN/Bearing3_2,-1,test
6363,2,RM_002_XJTU,40Hz10kN/Bearing3_2/1480.csv,0,0,0,2,25600,XJTU/40Hz10kN/Bearing3_2,-1,test
6364,2,RM_002_XJTU,40Hz10kN/Bearing3_2/1481.csv,0,0,0,2,25600,XJTU/40Hz10kN/Bearing3_2,-1,test
6365,2,RM_002_XJTU,40Hz10kN/Bearing3_2/1482.csv,0,0,0,2,25600,XJTU/40Hz10kN/Bearing3_2,-1,test
6366,2,RM_002_XJTU,40Hz10kN/Bearing3_2/1483.csv,0,0,0,2,25600,XJTU/40Hz10kN/Bearing3_2,-1,test
6367,2,RM_002_XJTU,40Hz10kN/Bearing3_2/1484.csv,0,0,0,2,25600,XJTU/40Hz10kN/Bearing3_2,-1,test
6368,2,RM_002_XJTU,40Hz10kN/Bearing3_2/1485.csv,0,0,0,2,25600,XJTU/40Hz10kN/Bearing3_2,-1,test
6369,2,RM_002_XJTU,40Hz10kN/Bearing3_2/1486.csv,0,0,0,2,25600,XJTU/40Hz10kN/Bearing3_2,-1,test
6370,2,RM_002_XJTU,40Hz10kN/Bearing3_2/1487.csv,0,0,0,2,25600,XJTU/40Hz10kN/Bearing3_2,-1,test
6371,2,RM_002_XJTU,40Hz10kN/Bearing3_2/1488.csv,0,0,0,2,25600,XJTU/40Hz10kN/Bearing3_2,-1,test
6372,2,RM_002_XJTU,40Hz10kN/Bearing3_2/1489.csv,0,0,0,2,25600,XJTU/40Hz10kN/Bearing3_2,-1,test
6373,2,RM_002_XJTU,40Hz10kN/Bearing3_2/1490.csv,0,0,0,2,25600,XJTU/40Hz10kN/Bearing3_2,-1,test
6374,2,RM_002_XJTU,40Hz10kN/Bearing3_2/1491.csv,0,0,0,2,25600,XJTU/40Hz10kN/Bearing3_2,-1,test
6375,2,RM_002_XJTU,40Hz10kN/Bearing3_2/1492.csv,0,0,0,2,25600,XJTU/40Hz10kN/Bearing3_2,-1,test
6376,2,RM_002_XJTU,40Hz10kN/Bearing3_2/1493.csv,0,0,0,2,25600,XJTU/40Hz10kN/Bearing3_2,-1,test
6377,2,RM_002_XJTU,40Hz10kN/Bearing3_2/1494.csv,0,0,0,2,25600,XJTU/40Hz10kN/Bearing3_2,-1,test
6378,2,RM_002_XJTU,40Hz10kN/Bearing3_2/1495.csv,0,0,0,2,25600,XJTU/40Hz10kN/Bearing3_2,-1,test
6379,2,RM_002_XJTU,40Hz10kN/Bearing3_2/1496.csv,0,0,0,2,25600,XJTU/40Hz10kN/Bearing3_2,-1,test
6380,2,RM_002_XJTU,40Hz10kN/Bearing3_2/1497.csv,0,0,0,2,25600,XJTU/40Hz10kN/Bearing3_2,-1,test
6381,2,RM_002_XJTU,40Hz10kN/Bearing3_2/1498.csv,0,0,0,2,25600,XJTU/40Hz10kN/Bearing3_2,-1,test
6382,2,RM_002_XJTU,40Hz10kN/Bearing3_2/1499.csv,0,0,0,2,25600,XJTU/40Hz10kN/Bearing3_2,-1,test
6383,2,RM_002_XJTU,40Hz10kN/Bearing3_2/1500.csv,0,0,0,2,25600,XJTU/40Hz10kN/Bearing3_2,-1,test
6384,2,RM_002_XJTU,40Hz10kN/Bearing3_2/1501.csv,0,0,0,2,25600,XJTU/40Hz10kN/Bearing3_2,-1,test
6385,2,RM_002_XJTU,40Hz10kN/Bearing3_2/1502.csv,0,0,0,2,25600,XJTU/40Hz10kN/Bearing3_2,-1,test
6386,2,RM_002_XJTU,40Hz10kN/Bearing3_2/1503.csv,0,0,0,2,25600,XJTU/40Hz10kN/Bearing3_2,-1,test
6387,2,RM_002_XJTU,40Hz10kN/Bearing3_2/1504.csv,0,0,0,2,25600,XJTU/40Hz10kN/Bearing3_2,-1,test
6388,2,RM_002_XJTU,40Hz10kN/Bearing3_2/1505.csv,0,0,0,2,25600,XJTU/40Hz10kN/Bearing3_2,-1,test
6389,2,RM_002_XJTU,40Hz10kN/Bearing3_2/1506.csv,0,0,0,2,25600,XJTU/40Hz10kN/Bearing3_2,-1,test
6390,2,RM_002_XJTU,40Hz10kN/Bearing3_2/1507.csv,0,0,0,2,25600,XJTU/40Hz10kN/Bearing3_2,-1,test
6391,2,RM_002_XJTU,40Hz10kN/Bearing3_2/1508.csv,0,0,0,2,25600,XJTU/40Hz10kN/Bearing3_2,-1,test
6392,2,RM_002_XJTU,40Hz10kN/Bearing3_2/1509.csv,0,0,0,2,25600,XJTU/40Hz10kN/Bearing3_2,-1,test
6393,2,RM_002_XJTU,40Hz10kN/Bearing3_2/1510.csv,0,0,0,2,25600,XJTU/40Hz10kN/Bearing3_2,-1,test
6394,2,RM_002_XJTU,40Hz10kN/Bearing3_2/1511.csv,0,0,0,2,25600,XJTU/40Hz10kN/Bearing3_2,-1,test
6395,2,RM_002_XJTU,40Hz10kN/Bearing3_2/1512.csv,0,0,0,2,25600,XJTU/40Hz10kN/Bearing3_2,-1,test
6396,2,RM_002_XJTU,40Hz10kN/Bearing3_2/1513.csv,0,0,0,2,25600,XJTU/40Hz10kN/Bearing3_2,-1,test
6397,2,RM_002_XJTU,40Hz10kN/Bearing3_2/1514.csv,0,0,0,2,25600,XJTU/40Hz10kN/Bearing3_2,-1,test
6398,2,RM_002_XJTU,40Hz10kN/Bearing3_2/1515.csv,0,0,0,2,25600,XJTU/40Hz10kN/Bearing3_2,-1,test
6399,2,RM_002_XJTU,40Hz10kN/Bearing3_2/1516.csv,0,0,0,2,25600,XJTU/40Hz10kN/Bearing3_2,-1,test
6400,2,RM_002_XJTU,40Hz10kN/Bearing3_2/1517.csv,0,0,0,2,25600,XJTU/40Hz10kN/Bearing3_2,-1,test
6401,2,RM_002_XJTU,40Hz10kN/Bearing3_2/1518.csv,0,0,0,2,25600,XJTU/40Hz10kN/Bearing3_2,-1,test
6402,2,RM_002_XJTU,40Hz10kN/Bearing3_2/1519.csv,0,0,0,2,25600,XJTU/40Hz10kN/Bearing3_2,-1,test
6403,2,RM_002_XJTU,40Hz10kN/Bearing3_2/1520.csv,0,0,0,2,25600,XJTU/40Hz10kN/Bearing3_2,-1,test
6404,2,RM_002_XJTU,40Hz10kN/Bearing3_2/1521.csv,0,0,0,2,25600,XJTU/40Hz10kN/Bearing3_2,-1,test
6405,2,RM_002_XJTU,40Hz10kN/Bearing3_2/1522.csv,0,0,0,2,25600,XJTU/40Hz10kN/Bearing3_2,-1,test
6406,2,RM_002_XJTU,40Hz10kN/Bearing3_2/1523.csv,0,0,0,2,25600,XJTU/40Hz10kN/Bearing3_2,-1,test
6407,2,RM_002_XJTU,40Hz10kN/Bearing3_2/1524.csv,0,0,0,2,25600,XJTU/40Hz10kN/Bearing3_2,-1,test
6408,2,RM_002_XJTU,40Hz10kN/Bearing3_2/1525.csv,0,0,0,2,25600,XJTU/40Hz10kN/Bearing3_2,-1,test
6409,2,RM_002_XJTU,40Hz10kN/Bearing3_2/1526.csv,0,0,0,2,25600,XJTU/40Hz10kN/Bearing3_2,-1,test
6410,2,RM_002_XJTU,40Hz10kN/Bearing3_2/1527.csv,0,0,0,2,25600,XJTU/40Hz10kN/Bearing3_2,-1,test
6411,2,RM_002_XJTU,40Hz10kN/Bearing3_2/1528.csv,0,0,0,2,25600,XJTU/40Hz10kN/Bearing3_2,-1,test
6412,2,RM_002_XJTU,40Hz10kN/Bearing3_2/1529.csv,0,0,0,2,25600,XJTU/40Hz10kN/Bearing3_2,-1,test
6413,2,RM_002_XJTU,40Hz10kN/Bearing3_2/1530.csv,0,0,0,2,25600,XJTU/40Hz10kN/Bearing3_2,-1,test
6414,2,RM_002_XJTU,40Hz10kN/Bearing3_2/1531.csv,0,0,0,2,25600,XJTU/40Hz10kN/Bearing3_2,-1,test
6415,2,RM_002_XJTU,40Hz10kN/Bearing3_2/1532.csv,0,0,0,2,25600,XJTU/40Hz10kN/Bearing3_2,-1,test
6416,2,RM_002_XJTU,40Hz10kN/Bearing3_2/1533.csv,0,0,0,2,25600,XJTU/40Hz10kN/Bearing3_2,-1,test
6417,2,RM_002_XJTU,40Hz10kN/Bearing3_2/1534.csv,0,0,0,2,25600,XJTU/40Hz10kN/Bearing3_2,-1,test
6418,2,RM_002_XJTU,40Hz10kN/Bearing3_2/1535.csv,0,0,0,2,25600,XJTU/40Hz10kN/Bearing3_2,-1,test
6419,2,RM_002_XJTU,40Hz10kN/Bearing3_2/1536.csv,0,0,0,2,25600,XJTU/40Hz10kN/Bearing3_2,-1,test
6420,2,RM_002_XJTU,40Hz10kN/Bearing3_2/1537.csv,0,0,0,2,25600,XJTU/40Hz10kN/Bearing3_2,-1,test
6421,2,RM_002_XJTU,40Hz10kN/Bearing3_2/1538.csv,0,0,0,2,25600,XJTU/40Hz10kN/Bearing3_2,-1,test
6422,2,RM_002_XJTU,40Hz10kN/Bearing3_2/1539.csv,0,0,0,2,25600,XJTU/40Hz10kN/Bearing3_2,-1,test
6423,2,RM_002_XJTU,40Hz10kN/Bearing3_2/1540.csv,0,0,0,2,25600,XJTU/40Hz10kN/Bearing3_2,-1,test
6424,2,RM_002_XJTU,40Hz10kN/Bearing3_2/1541.csv,0,0,0,2,25600,XJTU/40Hz10kN/Bearing3_2,-1,test
6425,2,RM_002_XJTU,40Hz10kN/Bearing3_2/1542.csv,0,0,0,2,25600,XJTU/40Hz10kN/Bearing3_2,-1,test
6426,2,RM_002_XJTU,40Hz10kN/Bearing3_2/1543.csv,0,0,0,2,25600,XJTU/40Hz10kN/Bearing3_2,-1,test
6427,2,RM_002_XJTU,40Hz10kN/Bearing3_2/1544.csv,0,0,0,2,25600,XJTU/40Hz10kN/Bearing3_2,-1,test
6428,2,RM_002_XJTU,40Hz10kN/Bearing3_2/1545.csv,0,0,0,2,25600,XJTU/40Hz10kN/Bearing3_2,-1,test
6429,2,RM_002_XJTU,40Hz10kN/Bearing3_2/1546.csv,0,0,0,2,25600,XJTU/40Hz10kN/Bearing3_2,-1,test
6430,2,RM_002_XJTU,40Hz10kN/Bearing3_2/1547.csv,0,0,0,2,25600,XJTU/40Hz10kN/Bearing3_2,-1,test
6431,2,RM_002_XJTU,40Hz10kN/Bearing3_2/1548.csv,0,0,0,2,25600,XJTU/40Hz10kN/Bearing3_2,-1,test
6432,2,RM_002_XJTU,40Hz10kN/Bearing3_2/1549.csv,0,0,0,2,25600,XJTU/40Hz10kN/Bearing3_2,-1,test
6433,2,RM_002_XJTU,40Hz10kN/Bearing3_2/1550.csv,0,0,0,2,25600,XJTU/40Hz10kN/Bearing3_2,-1,test
6434,2,RM_002_XJTU,40Hz10kN/Bearing3_2/1551.csv,0,0,0,2,25600,XJTU/40Hz10kN/Bearing3_2,-1,test
6435,2,RM_002_XJTU,40Hz10kN/Bearing3_2/1552.csv,0,0,0,2,25600,XJTU/40Hz10kN/Bearing3_2,-1,test
6436,2,RM_002_XJTU,40Hz10kN/Bearing3_2/1553.csv,0,0,0,2,25600,XJTU/40Hz10kN/Bearing3_2,-1,test
6437,2,RM_002_XJTU,40Hz10kN/Bearing3_2/1554.csv,0,0,0,2,25600,XJTU/40Hz10kN/Bearing3_2,-1,test
6438,2,RM_002_XJTU,40Hz10kN/Bearing3_2/1555.csv,0,0,0,2,25600,XJTU/40Hz10kN/Bearing3_2,-1,test
6439,2,RM_002_XJTU,40Hz10kN/Bearing3_2/1556.csv,0,0,0,2,25600,XJTU/40Hz10kN/Bearing3_2,-1,test
6440,2,RM_002_XJTU,40Hz10kN/Bearing3_2/1557.csv,0,0,0,2,25600,XJTU/40Hz10kN/Bearing3_2,-1,test
6441,2,RM_002_XJTU,40Hz10kN/Bearing3_2/1558.csv,0,0,0,2,25600,XJTU/40Hz10kN/Bearing3_2,-1,test
6442,2,RM_002_XJTU,40Hz10kN/Bearing3_2/1559.csv,0,0,0,2,25600,XJTU/40Hz10kN/Bearing3_2,-1,test
6443,2,RM_002_XJTU,40Hz10kN/Bearing3_2/1560.csv,0,0,0,2,25600,XJTU/40Hz10kN/Bearing3_2,-1,test
6444,2,RM_002_XJTU,40Hz10kN/Bearing3_2/1561.csv,0,0,0,2,25600,XJTU/40Hz10kN/Bearing3_2,-1,test
6445,2,RM_002_XJTU,40Hz10kN/Bearing3_2/1562.csv,0,0,0,2,25600,XJTU/40Hz10kN/Bearing3_2,-1,test
6446,2,RM_002_XJTU,40Hz10kN/Bearing3_2/1563.csv,0,0,0,2,25600,XJTU/40Hz10kN/Bearing3_2,-1,test
6447,2,RM_002_XJTU,40Hz10kN/Bearing3_2/1564.csv,0,0,0,2,25600,XJTU/40Hz10kN/Bearing3_2,-1,test
6448,2,RM_002_XJTU,40Hz10kN/Bearing3_2/1565.csv,0,0,0,2,25600,XJTU/40Hz10kN/Bearing3_2,-1,test
6449,2,RM_002_XJTU,40Hz10kN/Bearing3_2/1566.csv,0,0,0,2,25600,XJTU/40Hz10kN/Bearing3_2,-1,test
6450,2,RM_002_XJTU,40Hz10kN/Bearing3_2/1567.csv,0,0,0,2,25600,XJTU/40Hz10kN/Bearing3_2,-1,test
6451,2,RM_002_XJTU,40Hz10kN/Bearing3_2/1568.csv,0,0,0,2,25600,XJTU/40Hz10kN/Bearing3_2,-1,test
6452,2,RM_002_XJTU,40Hz10kN/Bearing3_2/1569.csv,0,0,0,2,25600,XJTU/40Hz10kN/Bearing3_2,-1,test
6453,2,RM_002_XJTU,40Hz10kN/Bearing3_2/1570.csv,0,0,0,2,25600,XJTU/40Hz10kN/Bearing3_2,-1,test
6454,2,RM_002_XJTU,40Hz10kN/Bearing3_2/1571.csv,0,0,0,2,25600,XJTU/40Hz10kN/Bearing3_2,-1,test
6455,2,RM_002_XJTU,40Hz10kN/Bearing3_2/1572.csv,0,0,0,2,25600,XJTU/40Hz10kN/Bearing3_2,-1,test
6456,2,RM_002_XJTU,40Hz10kN/Bearing3_2/1573.csv,0,0,0,2,25600,XJTU/40Hz10kN/Bearing3_2,-1,test
6457,2,RM_002_XJTU,40Hz10kN/Bearing3_2/1574.csv,0,0,0,2,25600,XJTU/40Hz10kN/Bearing3_2,-1,test
6458,2,RM_002_XJTU,40Hz10kN/Bearing3_2/1575.csv,0,0,0,2,25600,XJTU/40Hz10kN/Bearing3_2,-1,test
6459,2,RM_002_XJTU,40Hz10kN/Bearing3_2/1576.csv,0,0,0,2,25600,XJTU/40Hz10kN/Bearing3_2,-1,test
6460,2,RM_002_XJTU,40Hz10kN/Bearing3_2/1577.csv,0,0,0,2,25600,XJTU/40Hz10kN/Bearing3_2,-1,test
6461,2,RM_002_XJTU,40Hz10kN/Bearing3_2/1578.csv,0,0,0,2,25600,XJTU/40Hz10kN/Bearing3_2,-1,test
6462,2,RM_002_XJTU,40Hz10kN/Bearing3_2/1579.csv,0,0,0,2,25600,XJTU/40Hz10kN/Bearing3_2,-1,test
6463,2,RM_002_XJTU,40Hz10kN/Bearing3_2/1580.csv,0,0,0,2,25600,XJTU/40Hz10kN/Bearing3_2,-1,test
6464,2,RM_002_XJTU,40Hz10kN/Bearing3_2/1581.csv,0,0,0,2,25600,XJTU/40Hz10kN/Bearing3_2,-1,test
6465,2,RM_002_XJTU,40Hz10kN/Bearing3_2/1582.csv,0,0,0,2,25600,XJTU/40Hz10kN/Bearing3_2,-1,test
6466,2,RM_002_XJTU,40Hz10kN/Bearing3_2/1583.csv,0,0,0,2,25600,XJTU/40Hz10kN/Bearing3_2,-1,test
6467,2,RM_002_XJTU,40Hz10kN/Bearing3_2/1584.csv,0,0,0,2,25600,XJTU/40Hz10kN/Bearing3_2,-1,test
6468,2,RM_002_XJTU,40Hz10kN/Bearing3_2/1585.csv,0,0,0,2,25600,XJTU/40Hz10kN/Bearing3_2,-1,test
6469,2,RM_002_XJTU,40Hz10kN/Bearing3_2/1586.csv,0,0,0,2,25600,XJTU/40Hz10kN/Bearing3_2,-1,test
6470,2,RM_002_XJTU,40Hz10kN/Bearing3_2/1587.csv,0,0,0,2,25600,XJTU/40Hz10kN/Bearing3_2,-1,test
6471,2,RM_002_XJTU,40Hz10kN/Bearing3_2/1588.csv,0,0,0,2,25600,XJTU/40Hz10kN/Bearing3_2,-1,test
6472,2,RM_002_XJTU,40Hz10kN/Bearing3_2/1589.csv,0,0,0,2,25600,XJTU/40Hz10kN/Bearing3_2,-1,test
6473,2,RM_002_XJTU,40Hz10kN/Bearing3_2/1590.csv,0,0,0,2,25600,XJTU/40Hz10kN/Bearing3_2,-1,test
6474,2,RM_002_XJTU,40Hz10kN/Bearing3_2/1591.csv,0,0,0,2,25600,XJTU/40Hz10kN/Bearing3_2,-1,test
6475,2,RM_002_XJTU,40Hz10kN/Bearing3_2/1592.csv,0,0,0,2,25600,XJTU/40Hz10kN/Bearing3_2,-1,test
6476,2,RM_002_XJTU,40Hz10kN/Bearing3_2/1593.csv,0,0,0,2,25600,XJTU/40Hz10kN/Bearing3_2,-1,test
6477,2,RM_002_XJTU,40Hz10kN/Bearing3_2/1594.csv,0,0,0,2,25600,XJTU/40Hz10kN/Bearing3_2,-1,test
6478,2,RM_002_XJTU,40Hz10kN/Bearing3_2/1595.csv,0,0,0,2,25600,XJTU/40Hz10kN/Bearing3_2,-1,test
6479,2,RM_002_XJTU,40Hz10kN/Bearing3_2/1596.csv,0,0,0,2,25600,XJTU/40Hz10kN/Bearing3_2,-1,test
6480,2,RM_002_XJTU,40Hz10kN/Bearing3_2/1597.csv,0,0,0,2,25600,XJTU/40Hz10kN/Bearing3_2,-1,test
6481,2,RM_002_XJTU,40Hz10kN/Bearing3_2/1598.csv,0,0,0,2,25600,XJTU/40Hz10kN/Bearing3_2,-1,test
6482,2,RM_002_XJTU,40Hz10kN/Bearing3_2/1599.csv,0,0,0,2,25600,XJTU/40Hz10kN/Bearing3_2,-1,test
6483,2,RM_002_XJTU,40Hz10kN/Bearing3_2/1600.csv,0,0,0,2,25600,XJTU/40Hz10kN/Bearing3_2,-1,test
6484,2,RM_002_XJTU,40Hz10kN/Bearing3_2/1601.csv,0,0,0,2,25600,XJTU/40Hz10kN/Bearing3_2,-1,test
6485,2,RM_002_XJTU,40Hz10kN/Bearing3_2/1602.csv,0,0,0,2,25600,XJTU/40Hz10kN/Bearing3_2,-1,test
6486,2,RM_002_XJTU,40Hz10kN/Bearing3_2/1603.csv,0,0,0,2,25600,XJTU/40Hz10kN/Bearing3_2,-1,test
6487,2,RM_002_XJTU,40Hz10kN/Bearing3_2/1604.csv,0,0,0,2,25600,XJTU/40Hz10kN/Bearing3_2,-1,test
6488,2,RM_002_XJTU,40Hz10kN/Bearing3_2/1605.csv,0,0,0,2,25600,XJTU/40Hz10kN/Bearing3_2,-1,test
6489,2,RM_002_XJTU,40Hz10kN/Bearing3_2/1606.csv,0,0,0,2,25600,XJTU/40Hz10kN/Bearing3_2,-1,test
6490,2,RM_002_XJTU,40Hz10kN/Bearing3_2/1607.csv,0,0,0,2,25600,XJTU/40Hz10kN/Bearing3_2,-1,test
6491,2,RM_002_XJTU,40Hz10kN/Bearing3_2/1608.csv,0,0,0,2,25600,XJTU/40Hz10kN/Bearing3_2,-1,test
6492,2,RM_002_XJTU,40Hz10kN/Bearing3_2/1609.csv,0,0,0,2,25600,XJTU/40Hz10kN/Bearing3_2,-1,test
6493,2,RM_002_XJTU,40Hz10kN/Bearing3_2/1610.csv,0,0,0,2,25600,XJTU/40Hz10kN/Bearing3_2,-1,test
6494,2,RM_002_XJTU,40Hz10kN/Bearing3_2/1611.csv,0,0,0,2,25600,XJTU/40Hz10kN/Bearing3_2,-1,test
6495,2,RM_002_XJTU,40Hz10kN/Bearing3_2/1612.csv,0,0,0,2,25600,XJTU/40Hz10kN/Bearing3_2,-1,test
6496,2,RM_002_XJTU,40Hz10kN/Bearing3_2/1613.csv,0,0,0,2,25600,XJTU/40Hz10kN/Bearing3_2,-1,test
6497,2,RM_002_XJTU,40Hz10kN/Bearing3_2/1614.csv,0,0,0,2,25600,XJTU/40Hz10kN/Bearing3_2,-1,test
6498,2,RM_002_XJTU,40Hz10kN/Bearing3_2/1615.csv,0,0,0,2,25600,XJTU/40Hz10kN/Bearing3_2,-1,test
6499,2,RM_002_XJTU,40Hz10kN/Bearing3_2/1616.csv,0,0,0,2,25600,XJTU/40Hz10kN/Bearing3_2,-1,test
6500,2,RM_002_XJTU,40Hz10kN/Bearing3_2/1617.csv,0,0,0,2,25600,XJTU/40Hz10kN/Bearing3_2,-1,test
6501,2,RM_002_XJTU,40Hz10kN/Bearing3_2/1618.csv,0,0,0,2,25600,XJTU/40Hz10kN/Bearing3_2,-1,test
6502,2,RM_002_XJTU,40Hz10kN/Bearing3_2/1619.csv,0,0,0,2,25600,XJTU/40Hz10kN/Bearing3_2,-1,test
6503,2,RM_002_XJTU,40Hz10kN/Bearing3_2/1620.csv,0,0,0,2,25600,XJTU/40Hz10kN/Bearing3_2,-1,test
6504,2,RM_002_XJTU,40Hz10kN/Bearing3_2/1621.csv,0,0,0,2,25600,XJTU/40Hz10kN/Bearing3_2,-1,test
6505,2,RM_002_XJTU,40Hz10kN/Bearing3_2/1622.csv,0,0,0,2,25600,XJTU/40Hz10kN/Bearing3_2,-1,test
6506,2,RM_002_XJTU,40Hz10kN/Bearing3_2/1623.csv,0,0,0,2,25600,XJTU/40Hz10kN/Bearing3_2,-1,test
6507,2,RM_002_XJTU,40Hz10kN/Bearing3_2/1624.csv,0,0,0,2,25600,XJTU/40Hz10kN/Bearing3_2,-1,test
6508,2,RM_002_XJTU,40Hz10kN/Bearing3_2/1625.csv,0,0,0,2,25600,XJTU/40Hz10kN/Bearing3_2,-1,test
6509,2,RM_002_XJTU,40Hz10kN/Bearing3_2/1626.csv,0,0,0,2,25600,XJTU/40Hz10kN/Bearing3_2,-1,test
6510,2,RM_002_XJTU,40Hz10kN/Bearing3_2/1627.csv,0,0,0,2,25600,XJTU/40Hz10kN/Bearing3_2,-1,test
6511,2,RM_002_XJTU,40Hz10kN/Bearing3_2/1628.csv,0,0,0,2,25600,XJTU/40Hz10kN/Bearing3_2,-1,test
6512,2,RM_002_XJTU,40Hz10kN/Bearing3_2/1629.csv,0,0,0,2,25600,XJTU/40Hz10kN/Bearing3_2,-1,test
6513,2,RM_002_XJTU,40Hz10kN/Bearing3_2/1630.csv,0,0,0,2,25600,XJTU/40Hz10kN/Bearing3_2,-1,test
6514,2,RM_002_XJTU,40Hz10kN/Bearing3_2/1631.csv,0,0,0,2,25600,XJTU/40Hz10kN/Bearing3_2,-1,test
6515,2,RM_002_XJTU,40Hz10kN/Bearing3_2/1632.csv,0,0,0,2,25600,XJTU/40Hz10kN/Bearing3_2,-1,test
6516,2,RM_002_XJTU,40Hz10kN/Bearing3_2/1633.csv,0,0,0,2,25600,XJTU/40Hz10kN/Bearing3_2,-1,test
6517,2,RM_002_XJTU,40Hz10kN/Bearing3_2/1634.csv,0,0,0,2,25600,XJTU/40Hz10kN/Bearing3_2,-1,test
6518,2,RM_002_XJTU,40Hz10kN/Bearing3_2/1635.csv,0,0,0,2,25600,XJTU/40Hz10kN/Bearing3_2,-1,test
6519,2,RM_002_XJTU,40Hz10kN/Bearing3_2/1636.csv,0,0,0,2,25600,XJTU/40Hz10kN/Bearing3_2,-1,test
6520,2,RM_002_XJTU,40Hz10kN/Bearing3_2/1637.csv,0,0,0,2,25600,XJTU/40Hz10kN/Bearing3_2,-1,test
6521,2,RM_002_XJTU,40Hz10kN/Bearing3_2/1638.csv,0,0,0,2,25600,XJTU/40Hz10kN/Bearing3_2,-1,test
6522,2,RM_002_XJTU,40Hz10kN/Bearing3_2/1639.csv,0,0,0,2,25600,XJTU/40Hz10kN/Bearing3_2,-1,test
6523,2,RM_002_XJTU,40Hz10kN/Bearing3_2/1640.csv,0,0,0,2,25600,XJTU/40Hz10kN/Bearing3_2,-1,test
6524,2,RM_002_XJTU,40Hz10kN/Bearing3_2/1641.csv,0,0,0,2,25600,XJTU/40Hz10kN/Bearing3_2,-1,test
6525,2,RM_002_XJTU,40Hz10kN/Bearing3_2/1642.csv,0,0,0,2,25600,XJTU/40Hz10kN/Bearing3_2,-1,test
6526,2,RM_002_XJTU,40Hz10kN/Bearing3_2/1643.csv,0,0,0,2,25600,XJTU/40Hz10kN/Bearing3_2,-1,test
6527,2,RM_002_XJTU,40Hz10kN/Bearing3_2/1644.csv,0,0,0,2,25600,XJTU/40Hz10kN/Bearing3_2,-1,test
6528,2,RM_002_XJTU,40Hz10kN/Bearing3_2/1645.csv,0,0,0,2,25600,XJTU/40Hz10kN/Bearing3_2,-1,test
6529,2,RM_002_XJTU,40Hz10kN/Bearing3_2/1646.csv,0,0,0,2,25600,XJTU/40Hz10kN/Bearing3_2,-1,test
6530,2,RM_002_XJTU,40Hz10kN/Bearing3_2/1647.csv,0,0,0,2,25600,XJTU/40Hz10kN/Bearing3_2,-1,test
6531,2,RM_002_XJTU,40Hz10kN/Bearing3_2/1648.csv,0,0,0,2,25600,XJTU/40Hz10kN/Bearing3_2,-1,test
6532,2,RM_002_XJTU,40Hz10kN/Bearing3_2/1649.csv,0,0,0,2,25600,XJTU/40Hz10kN/Bearing3_2,-1,test
6533,2,RM_002_XJTU,40Hz10kN/Bearing3_2/1650.csv,0,0,0,2,25600,XJTU/40Hz10kN/Bearing3_2,-1,test
6534,2,RM_002_XJTU,40Hz10kN/Bearing3_2/1651.csv,0,0,0,2,25600,XJTU/40Hz10kN/Bearing3_2,-1,test
6535,2,RM_002_XJTU,40Hz10kN/Bearing3_2/1652.csv,0,0,0,2,25600,XJTU/40Hz10kN/Bearing3_2,-1,test
6536,2,RM_002_XJTU,40Hz10kN/Bearing3_2/1653.csv,0,0,0,2,25600,XJTU/40Hz10kN/Bearing3_2,-1,test
6537,2,RM_002_XJTU,40Hz10kN/Bearing3_2/1654.csv,0,0,0,2,25600,XJTU/40Hz10kN/Bearing3_2,-1,test
6538,2,RM_002_XJTU,40Hz10kN/Bearing3_2/1655.csv,0,0,0,2,25600,XJTU/40Hz10kN/Bearing3_2,-1,test
6539,2,RM_002_XJTU,40Hz10kN/Bearing3_2/1656.csv,0,0,0,2,25600,XJTU/40Hz10kN/Bearing3_2,-1,test
6540,2,RM_002_XJTU,40Hz10kN/Bearing3_2/1657.csv,0,0,0,2,25600,XJTU/40Hz10kN/Bearing3_2,-1,test
6541,2,RM_002_XJTU,40Hz10kN/Bearing3_2/1658.csv,0,0,0,2,25600,XJTU/40Hz10kN/Bearing3_2,-1,test
6542,2,RM_002_XJTU,40Hz10kN/Bearing3_2/1659.csv,0,0,0,2,25600,XJTU/40Hz10kN/Bearing3_2,-1,test
6543,2,RM_002_XJTU,40Hz10kN/Bearing3_2/1660.csv,0,0,0,2,25600,XJTU/40Hz10kN/Bearing3_2,-1,test
6544,2,RM_002_XJTU,40Hz10kN/Bearing3_2/1661.csv,0,0,0,2,25600,XJTU/40Hz10kN/Bearing3_2,-1,test
6545,2,RM_002_XJTU,40Hz10kN/Bearing3_2/1662.csv,0,0,0,2,25600,XJTU/40Hz10kN/Bearing3_2,-1,test
6546,2,RM_002_XJTU,40Hz10kN/Bearing3_2/1663.csv,0,0,0,2,25600,XJTU/40Hz10kN/Bearing3_2,-1,test
6547,2,RM_002_XJTU,40Hz10kN/Bearing3_2/1664.csv,0,0,0,2,25600,XJTU/40Hz10kN/Bearing3_2,-1,test
6548,2,RM_002_XJTU,40Hz10kN/Bearing3_2/1665.csv,0,0,0,2,25600,XJTU/40Hz10kN/Bearing3_2,-1,test
6549,2,RM_002_XJTU,40Hz10kN/Bearing3_2/1666.csv,0,0,0,2,25600,XJTU/40Hz10kN/Bearing3_2,-1,test
6550,2,RM_002_XJTU,40Hz10kN/Bearing3_2/1667.csv,0,0,0,2,25600,XJTU/40Hz10kN/Bearing3_2,-1,test
6551,2,RM_002_XJTU,40Hz10kN/Bearing3_2/1668.csv,0,0,0,2,25600,XJTU/40Hz10kN/Bearing3_2,-1,test
6552,2,RM_002_XJTU,40Hz10kN/Bearing3_2/1669.csv,0,0,0,2,25600,XJTU/40Hz10kN/Bearing3_2,-1,test
6553,2,RM_002_XJTU,40Hz10kN/Bearing3_2/1670.csv,0,0,0,2,25600,XJTU/40Hz10kN/Bearing3_2,-1,test
6554,2,RM_002_XJTU,40Hz10kN/Bearing3_2/1671.csv,0,0,0,2,25600,XJTU/40Hz10kN/Bearing3_2,-1,test
6555,2,RM_002_XJTU,40Hz10kN/Bearing3_2/1672.csv,0,0,0,2,25600,XJTU/40Hz10kN/Bearing3_2,-1,test
6556,2,RM_002_XJTU,40Hz10kN/Bearing3_2/1673.csv,0,0,0,2,25600,XJTU/40Hz10kN/Bearing3_2,-1,test
6557,2,RM_002_XJTU,40Hz10kN/Bearing3_2/1674.csv,0,0,0,2,25600,XJTU/40Hz10kN/Bearing3_2,-1,test
6558,2,RM_002_XJTU,40Hz10kN/Bearing3_2/1675.csv,0,0,0,2,25600,XJTU/40Hz10kN/Bearing3_2,-1,test
6559,2,RM_002_XJTU,40Hz10kN/Bearing3_2/1676.csv,0,0,0,2,25600,XJTU/40Hz10kN/Bearing3_2,-1,test
6560,2,RM_002_XJTU,40Hz10kN/Bearing3_2/1677.csv,0,0,0,2,25600,XJTU/40Hz10kN/Bearing3_2,-1,test
6561,2,RM_002_XJTU,40Hz10kN/Bearing3_2/1678.csv,0,0,0,2,25600,XJTU/40Hz10kN/Bearing3_2,-1,test
6562,2,RM_002_XJTU,40Hz10kN/Bearing3_2/1679.csv,0,0,0,2,25600,XJTU/40Hz10kN/Bearing3_2,-1,test
6563,2,RM_002_XJTU,40Hz10kN/Bearing3_2/1680.csv,0,0,0,2,25600,XJTU/40Hz10kN/Bearing3_2,-1,test
6564,2,RM_002_XJTU,40Hz10kN/Bearing3_2/1681.csv,0,0,0,2,25600,XJTU/40Hz10kN/Bearing3_2,-1,test
6565,2,RM_002_XJTU,40Hz10kN/Bearing3_2/1682.csv,0,0,0,2,25600,XJTU/40Hz10kN/Bearing3_2,-1,test
6566,2,RM_002_XJTU,40Hz10kN/Bearing3_2/1683.csv,0,0,0,2,25600,XJTU/40Hz10kN/Bearing3_2,-1,test
6567,2,RM_002_XJTU,40Hz10kN/Bearing3_2/1684.csv,0,0,0,2,25600,XJTU/40Hz10kN/Bearing3_2,-1,test
6568,2,RM_002_XJTU,40Hz10kN/Bearing3_2/1685.csv,0,0,0,2,25600,XJTU/40Hz10kN/Bearing3_2,-1,test
6569,2,RM_002_XJTU,40Hz10kN/Bearing3_2/1686.csv,0,0,0,2,25600,XJTU/40Hz10kN/Bearing3_2,-1,test
6570,2,RM_002_XJTU,40Hz10kN/Bearing3_2/1687.csv,0,0,0,2,25600,XJTU/40Hz10kN/Bearing3_2,-1,test
6571,2,RM_002_XJTU,40Hz10kN/Bearing3_2/1688.csv,0,0,0,2,25600,XJTU/40Hz10kN/Bearing3_2,-1,test
6572,2,RM_002_XJTU,40Hz10kN/Bearing3_2/1689.csv,0,0,0,2,25600,XJTU/40Hz10kN/Bearing3_2,-1,test
6573,2,RM_002_XJTU,40Hz10kN/Bearing3_2/1690.csv,0,0,0,2,25600,XJTU/40Hz10kN/Bearing3_2,-1,test
6574,2,RM_002_XJTU,40Hz10kN/Bearing3_2/1691.csv,0,0,0,2,25600,XJTU/40Hz10kN/Bearing3_2,-1,test
6575,2,RM_002_XJTU,40Hz10kN/Bearing3_2/1692.csv,0,0,0,2,25600,XJTU/40Hz10kN/Bearing3_2,-1,test
6576,2,RM_002_XJTU,40Hz10kN/Bearing3_2/1693.csv,0,0,0,2,25600,XJTU/40Hz10kN/Bearing3_2,-1,test
6577,2,RM_002_XJTU,40Hz10kN/Bearing3_2/1694.csv,0,0,0,2,25600,XJTU/40Hz10kN/Bearing3_2,-1,test
6578,2,RM_002_XJTU,40Hz10kN/Bearing3_2/1695.csv,0,0,0,2,25600,XJTU/40Hz10kN/Bearing3_2,-1,test
6579,2,RM_002_XJTU,40Hz10kN/Bearing3_2/1696.csv,0,0,0,2,25600,XJTU/40Hz10kN/Bearing3_2,-1,test
6580,2,RM_002_XJTU,40Hz10kN/Bearing3_2/1697.csv,0,0,0,2,25600,XJTU/40Hz10kN/Bearing3_2,-1,test
6581,2,RM_002_XJTU,40Hz10kN/Bearing3_2/1698.csv,0,0,0,2,25600,XJTU/40Hz10kN/Bearing3_2,-1,test
6582,2,RM_002_XJTU,40Hz10kN/Bearing3_2/1699.csv,0,0,0,2,25600,XJTU/40Hz10kN/Bearing3_2,-1,test
6583,2,RM_002_XJTU,40Hz10kN/Bearing3_2/1700.csv,0,0,0,2,25600,XJTU/40Hz10kN/Bearing3_2,-1,test
6584,2,RM_002_XJTU,40Hz10kN/Bearing3_2/1701.csv,0,0,0,2,25600,XJTU/40Hz10kN/Bearing3_2,-1,test
6585,2,RM_002_XJTU,40Hz10kN/Bearing3_2/1702.csv,0,0,0,2,25600,XJTU/40Hz10kN/Bearing3_2,-1,test
6586,2,RM_002_XJTU,40Hz10kN/Bearing3_2/1703.csv,0,0,0,2,25600,XJTU/40Hz10kN/Bearing3_2,-1,test
6587,2,RM_002_XJTU,40Hz10kN/Bearing3_2/1704.csv,0,0,0,2,25600,XJTU/40Hz10kN/Bearing3_2,-1,test
6588,2,RM_002_XJTU,40Hz10kN/Bearing3_2/1705.csv,0,0,0,2,25600,XJTU/40Hz10kN/Bearing3_2,-1,test
6589,2,RM_002_XJTU,40Hz10kN/Bearing3_2/1706.csv,0,0,0,2,25600,XJTU/40Hz10kN/Bearing3_2,-1,test
6590,2,RM_002_XJTU,40Hz10kN/Bearing3_2/1707.csv,0,0,0,2,25600,XJTU/40Hz10kN/Bearing3_2,-1,test
6591,2,RM_002_XJTU,40Hz10kN/Bearing3_2/1708.csv,0,0,0,2,25600,XJTU/40Hz10kN/Bearing3_2,-1,test
6592,2,RM_002_XJTU,40Hz10kN/Bearing3_2/1709.csv,0,0,0,2,25600,XJTU/40Hz10kN/Bearing3_2,-1,test
6593,2,RM_002_XJTU,40Hz10kN/Bearing3_2/1710.csv,0,0,0,2,25600,XJTU/40Hz10kN/Bearing3_2,-1,test
6594,2,RM_002_XJTU,40Hz10kN/Bearing3_2/1711.csv,0,0,0,2,25600,XJTU/40Hz10kN/Bearing3_2,-1,test
6595,2,RM_002_XJTU,40Hz10kN/Bearing3_2/1712.csv,0,0,0,2,25600,XJTU/40Hz10kN/Bearing3_2,-1,test
6596,2,RM_002_XJTU,40Hz10kN/Bearing3_2/1713.csv,0,0,0,2,25600,XJTU/40Hz10kN/Bearing3_2,-1,test
6597,2,RM_002_XJTU,40Hz10kN/Bearing3_2/1714.csv,0,0,0,2,25600,XJTU/40Hz10kN/Bearing3_2,-1,test
6598,2,RM_002_XJTU,40Hz10kN/Bearing3_2/1715.csv,0,0,0,2,25600,XJTU/40Hz10kN/Bearing3_2,-1,test
6599,2,RM_002_XJTU,40Hz10kN/Bearing3_2/1716.csv,0,0,0,2,25600,XJTU/40Hz10kN/Bearing3_2,-1,test
6600,2,RM_002_XJTU,40Hz10kN/Bearing3_2/1717.csv,0,0,0,2,25600,XJTU/40Hz10kN/Bearing3_2,-1,test
6601,2,RM_002_XJTU,40Hz10kN/Bearing3_2/1718.csv,0,0,0,2,25600,XJTU/40Hz10kN/Bearing3_2,-1,test
6602,2,RM_002_XJTU,40Hz10kN/Bearing3_2/1719.csv,0,0,0,2,25600,XJTU/40Hz10kN/Bearing3_2,-1,test
6603,2,RM_002_XJTU,40Hz10kN/Bearing3_2/1720.csv,0,0,0,2,25600,XJTU/40Hz10kN/Bearing3_2,-1,test
6604,2,RM_002_XJTU,40Hz10kN/Bearing3_2/1721.csv,0,0,0,2,25600,XJTU/40Hz10kN/Bearing3_2,-1,test
6605,2,RM_002_XJTU,40Hz10kN/Bearing3_2/1722.csv,0,0,0,2,25600,XJTU/40Hz10kN/Bearing3_2,-1,test
6606,2,RM_002_XJTU,40Hz10kN/Bearing3_2/1723.csv,0,0,0,2,25600,XJTU/40Hz10kN/Bearing3_2,-1,test
6607,2,RM_002_XJTU,40Hz10kN/Bearing3_2/1724.csv,0,0,0,2,25600,XJTU/40Hz10kN/Bearing3_2,-1,test
6608,2,RM_002_XJTU,40Hz10kN/Bearing3_2/1725.csv,0,0,0,2,25600,XJTU/40Hz10kN/Bearing3_2,-1,test
6609,2,RM_002_XJTU,40Hz10kN/Bearing3_2/1726.csv,0,0,0,2,25600,XJTU/40Hz10kN/Bearing3_2,-1,test
6610,2,RM_002_XJTU,40Hz10kN/Bearing3_2/1727.csv,0,0,0,2,25600,XJTU/40Hz10kN/Bearing3_2,-1,test
6611,2,RM_002_XJTU,40Hz10kN/Bearing3_2/1728.csv,0,0,0,2,25600,XJTU/40Hz10kN/Bearing3_2,-1,test
6612,2,RM_002_XJTU,40Hz10kN/Bearing3_2/1729.csv,0,0,0,2,25600,XJTU/40Hz10kN/Bearing3_2,-1,test
6613,2,RM_002_XJTU,40Hz10kN/Bearing3_2/1730.csv,0,0,0,2,25600,XJTU/40Hz10kN/Bearing3_2,-1,test
6614,2,RM_002_XJTU,40Hz10kN/Bearing3_2/1731.csv,0,0,0,2,25600,XJTU/40Hz10kN/Bearing3_2,-1,test
6615,2,RM_002_XJTU,40Hz10kN/Bearing3_2/1732.csv,0,0,0,2,25600,XJTU/40Hz10kN/Bearing3_2,-1,test
6616,2,RM_002_XJTU,40Hz10kN/Bearing3_2/1733.csv,0,0,0,2,25600,XJTU/40Hz10kN/Bearing3_2,-1,test
6617,2,RM_002_XJTU,40Hz10kN/Bearing3_2/1734.csv,0,0,0,2,25600,XJTU/40Hz10kN/Bearing3_2,-1,test
6618,2,RM_002_XJTU,40Hz10kN/Bearing3_2/1735.csv,0,0,0,2,25600,XJTU/40Hz10kN/Bearing3_2,-1,test
6619,2,RM_002_XJTU,40Hz10kN/Bearing3_2/1736.csv,0,0,0,2,25600,XJTU/40Hz10kN/Bearing3_2,-1,test
6620,2,RM_002_XJTU,40Hz10kN/Bearing3_2/1737.csv,0,0,0,2,25600,XJTU/40Hz10kN/Bearing3_2,-1,test
6621,2,RM_002_XJTU,40Hz10kN/Bearing3_2/1738.csv,0,0,0,2,25600,XJTU/40Hz10kN/Bearing3_2,-1,test
6622,2,RM_002_XJTU,40Hz10kN/Bearing3_2/1739.csv,0,0,0,2,25600,XJTU/40Hz10kN/Bearing3_2,-1,test
6623,2,RM_002_XJTU,40Hz10kN/Bearing3_2/1740.csv,0,0,0,2,25600,XJTU/40Hz10kN/Bearing3_2,-1,test
6624,2,RM_002_XJTU,40Hz10kN/Bearing3_2/1741.csv,0,0,0,2,25600,XJTU/40Hz10kN/Bearing3_2,-1,test
6625,2,RM_002_XJTU,40Hz10kN/Bearing3_2/1742.csv,0,0,0,2,25600,XJTU/40Hz10kN/Bearing3_2,-1,test
6626,2,RM_002_XJTU,40Hz10kN/Bearing3_2/1743.csv,0,0,0,2,25600,XJTU/40Hz10kN/Bearing3_2,-1,test
6627,2,RM_002_XJTU,40Hz10kN/Bearing3_2/1744.csv,0,0,0,2,25600,XJTU/40Hz10kN/Bearing3_2,-1,test
6628,2,RM_002_XJTU,40Hz10kN/Bearing3_2/1745.csv,0,0,0,2,25600,XJTU/40Hz10kN/Bearing3_2,-1,test
6629,2,RM_002_XJTU,40Hz10kN/Bearing3_2/1746.csv,0,0,0,2,25600,XJTU/40Hz10kN/Bearing3_2,-1,test
6630,2,RM_002_XJTU,40Hz10kN/Bearing3_2/1747.csv,0,0,0,2,25600,XJTU/40Hz10kN/Bearing3_2,-1,test
6631,2,RM_002_XJTU,40Hz10kN/Bearing3_2/1748.csv,0,0,0,2,25600,XJTU/40Hz10kN/Bearing3_2,-1,test
6632,2,RM_002_XJTU,40Hz10kN/Bearing3_2/1749.csv,0,0,0,2,25600,XJTU/40Hz10kN/Bearing3_2,-1,test
6633,2,RM_002_XJTU,40Hz10kN/Bearing3_2/1750.csv,0,0,0,2,25600,XJTU/40Hz10kN/Bearing3_2,-1,test
6634,2,RM_002_XJTU,40Hz10kN/Bearing3_2/1751.csv,0,0,0,2,25600,XJTU/40Hz10kN/Bearing3_2,-1,test
6635,2,RM_002_XJTU,40Hz10kN/Bearing3_2/1752.csv,0,0,0,2,25600,XJTU/40Hz10kN/Bearing3_2,-1,test
6636,2,RM_002_XJTU,40Hz10kN/Bearing3_2/1753.csv,0,0,0,2,25600,XJTU/40Hz10kN/Bearing3_2,-1,test
6637,2,RM_002_XJTU,40Hz10kN/Bearing3_2/1754.csv,0,0,0,2,25600,XJTU/40Hz10kN/Bearing3_2,-1,test
6638,2,RM_002_XJTU,40Hz10kN/Bearing3_2/1755.csv,0,0,0,2,25600,XJTU/40Hz10kN/Bearing3_2,-1,test
6639,2,RM_002_XJTU,40Hz10kN/Bearing3_2/1756.csv,0,0,0,2,25600,XJTU/40Hz10kN/Bearing3_2,-1,test
6640,2,RM_002_XJTU,40Hz10kN/Bearing3_2/1757.csv,0,0,0,2,25600,XJTU/40Hz10kN/Bearing3_2,-1,test
6641,2,RM_002_XJTU,40Hz10kN/Bearing3_2/1758.csv,0,0,0,2,25600,XJTU/40Hz10kN/Bearing3_2,-1,test
6642,2,RM_002_XJTU,40Hz10kN/Bearing3_2/1759.csv,0,0,0,2,25600,XJTU/40Hz10kN/Bearing3_2,-1,test
6643,2,RM_002_XJTU,40Hz10kN/Bearing3_2/1760.csv,0,0,0,2,25600,XJTU/40Hz10kN/Bearing3_2,-1,test
6644,2,RM_002_XJTU,40Hz10kN/Bearing3_2/1761.csv,0,0,0,2,25600,XJTU/40Hz10kN/Bearing3_2,-1,test
6645,2,RM_002_XJTU,40Hz10kN/Bearing3_2/1762.csv,0,0,0,2,25600,XJTU/40Hz10kN/Bearing3_2,-1,test
6646,2,RM_002_XJTU,40Hz10kN/Bearing3_2/1763.csv,0,0,0,2,25600,XJTU/40Hz10kN/Bearing3_2,-1,test
6647,2,RM_002_XJTU,40Hz10kN/Bearing3_2/1764.csv,0,0,0,2,25600,XJTU/40Hz10kN/Bearing3_2,-1,test
6648,2,RM_002_XJTU,40Hz10kN/Bearing3_2/1765.csv,0,0,0,2,25600,XJTU/40Hz10kN/Bearing3_2,-1,test
6649,2,RM_002_XJTU,40Hz10kN/Bearing3_2/1766.csv,0,0,0,2,25600,XJTU/40Hz10kN/Bearing3_2,-1,test
6650,2,RM_002_XJTU,40Hz10kN/Bearing3_2/1767.csv,0,0,0,2,25600,XJTU/40Hz10kN/Bearing3_2,-1,test
6651,2,RM_002_XJTU,40Hz10kN/Bearing3_2/1768.csv,0,0,0,2,25600,XJTU/40Hz10kN/Bearing3_2,-1,test
6652,2,RM_002_XJTU,40Hz10kN/Bearing3_2/1769.csv,0,0,0,2,25600,XJTU/40Hz10kN/Bearing3_2,-1,test
6653,2,RM_002_XJTU,40Hz10kN/Bearing3_2/1770.csv,0,0,0,2,25600,XJTU/40Hz10kN/Bearing3_2,-1,test
6654,2,RM_002_XJTU,40Hz10kN/Bearing3_2/1771.csv,0,0,0,2,25600,XJTU/40Hz10kN/Bearing3_2,-1,test
6655,2,RM_002_XJTU,40Hz10kN/Bearing3_2/1772.csv,0,0,0,2,25600,XJTU/40Hz10kN/Bearing3_2,-1,test
6656,2,RM_002_XJTU,40Hz10kN/Bearing3_2/1773.csv,0,0,0,2,25600,XJTU/40Hz10kN/Bearing3_2,-1,test
6657,2,RM_002_XJTU,40Hz10kN/Bearing3_2/1774.csv,0,0,0,2,25600,XJTU/40Hz10kN/Bearing3_2,-1,test
6658,2,RM_002_XJTU,40Hz10kN/Bearing3_2/1775.csv,0,0,0,2,25600,XJTU/40Hz10kN/Bearing3_2,-1,test
6659,2,RM_002_XJTU,40Hz10kN/Bearing3_2/1776.csv,0,0,0,2,25600,XJTU/40Hz10kN/Bearing3_2,-1,test
6660,2,RM_002_XJTU,40Hz10kN/Bearing3_2/1777.csv,0,0,0,2,25600,XJTU/40Hz10kN/Bearing3_2,-1,test
6661,2,RM_002_XJTU,40Hz10kN/Bearing3_2/1778.csv,0,0,0,2,25600,XJTU/40Hz10kN/Bearing3_2,-1,test
6662,2,RM_002_XJTU,40Hz10kN/Bearing3_2/1779.csv,0,0,0,2,25600,XJTU/40Hz10kN/Bearing3_2,-1,test
6663,2,RM_002_XJTU,40Hz10kN/Bearing3_2/1780.csv,0,0,0,2,25600,XJTU/40Hz10kN/Bearing3_2,-1,test
6664,2,RM_002_XJTU,40Hz10kN/Bearing3_2/1781.csv,0,0,0,2,25600,XJTU/40Hz10kN/Bearing3_2,-1,test
6665,2,RM_002_XJTU,40Hz10kN/Bearing3_2/1782.csv,0,0,0,2,25600,XJTU/40Hz10kN/Bearing3_2,-1,test
6666,2,RM_002_XJTU,40Hz10kN/Bearing3_2/1783.csv,0,0,0,2,25600,XJTU/40Hz10kN/Bearing3_2,-1,test
6667,2,RM_002_XJTU,40Hz10kN/Bearing3_2/1784.csv,0,0,0,2,25600,XJTU/40Hz10kN/Bearing3_2,-1,test
6668,2,RM_002_XJTU,40Hz10kN/Bearing3_2/1785.csv,0,0,0,2,25600,XJTU/40Hz10kN/Bearing3_2,-1,test
6669,2,RM_002_XJTU,40Hz10kN/Bearing3_2/1786.csv,0,0,0,2,25600,XJTU/40Hz10kN/Bearing3_2,-1,test
6670,2,RM_002_XJTU,40Hz10kN/Bearing3_2/1787.csv,0,0,0,2,25600,XJTU/40Hz10kN/Bearing3_2,-1,test
6671,2,RM_002_XJTU,40Hz10kN/Bearing3_2/1788.csv,0,0,0,2,25600,XJTU/40Hz10kN/Bearing3_2,-1,test
6672,2,RM_002_XJTU,40Hz10kN/Bearing3_2/1789.csv,0,0,0,2,25600,XJTU/40Hz10kN/Bearing3_2,-1,test
6673,2,RM_002_XJTU,40Hz10kN/Bearing3_2/1790.csv,0,0,0,2,25600,XJTU/40Hz10kN/Bearing3_2,-1,test
6674,2,RM_002_XJTU,40Hz10kN/Bearing3_2/1791.csv,0,0,0,2,25600,XJTU/40Hz10kN/Bearing3_2,-1,test
6675,2,RM_002_XJTU,40Hz10kN/Bearing3_2/1792.csv,0,0,0,2,25600,XJTU/40Hz10kN/Bearing3_2,-1,test
6676,2,RM_002_XJTU,40Hz10kN/Bearing3_2/1793.csv,0,0,0,2,25600,XJTU/40Hz10kN/Bearing3_2,-1,test
6677,2,RM_002_XJTU,40Hz10kN/Bearing3_2/1794.csv,0,0,0,2,25600,XJTU/40Hz10kN/Bearing3_2,-1,test
6678,2,RM_002_XJTU,40Hz10kN/Bearing3_2/1795.csv,0,0,0,2,25600,XJTU/40Hz10kN/Bearing3_2,-1,test
6679,2,RM_002_XJTU,40Hz10kN/Bearing3_2/1796.csv,0,0,0,2,25600,XJTU/40Hz10kN/Bearing3_2,-1,test
6680,2,RM_002_XJTU,40Hz10kN/Bearing3_2/1797.csv,0,0,0,2,25600,XJTU/40Hz10kN/Bearing3_2,-1,test
6681,2,RM_002_XJTU,40Hz10kN/Bearing3_2/1798.csv,0,0,0,2,25600,XJTU/40Hz10kN/Bearing3_2,-1,test
6682,2,RM_002_XJTU,40Hz10kN/Bearing3_2/1799.csv,0,0,0,2,25600,XJTU/40Hz10kN/Bearing3_2,-1,test
6683,2,RM_002_XJTU,40Hz10kN/Bearing3_2/1800.csv,0,0,0,2,25600,XJTU/40Hz10kN/Bearing3_2,-1,test
6684,2,RM_002_XJTU,40Hz10kN/Bearing3_2/1801.csv,0,0,0,2,25600,XJTU/40Hz10kN/Bearing3_2,-1,test
6685,2,RM_002_XJTU,40Hz10kN/Bearing3_2/1802.csv,0,0,0,2,25600,XJTU/40Hz10kN/Bearing3_2,-1,test
6686,2,RM_002_XJTU,40Hz10kN/Bearing3_2/1803.csv,0,0,0,2,25600,XJTU/40Hz10kN/Bearing3_2,-1,test
6687,2,RM_002_XJTU,40Hz10kN/Bearing3_2/1804.csv,0,0,0,2,25600,XJTU/40Hz10kN/Bearing3_2,-1,test
6688,2,RM_002_XJTU,40Hz10kN/Bearing3_2/1805.csv,0,0,0,2,25600,XJTU/40Hz10kN/Bearing3_2,-1,test
6689,2,RM_002_XJTU,40Hz10kN/Bearing3_2/1806.csv,0,0,0,2,25600,XJTU/40Hz10kN/Bearing3_2,-1,test
6690,2,RM_002_XJTU,40Hz10kN/Bearing3_2/1807.csv,0,0,0,2,25600,XJTU/40Hz10kN/Bearing3_2,-1,test
6691,2,RM_002_XJTU,40Hz10kN/Bearing3_2/1808.csv,0,0,0,2,25600,XJTU/40Hz10kN/Bearing3_2,-1,test
6692,2,RM_002_XJTU,40Hz10kN/Bearing3_2/1809.csv,0,0,0,2,25600,XJTU/40Hz10kN/Bearing3_2,-1,test
6693,2,RM_002_XJTU,40Hz10kN/Bearing3_2/1810.csv,0,0,0,2,25600,XJTU/40Hz10kN/Bearing3_2,-1,test
6694,2,RM_002_XJTU,40Hz10kN/Bearing3_2/1811.csv,0,0,0,2,25600,XJTU/40Hz10kN/Bearing3_2,-1,test
6695,2,RM_002_XJTU,40Hz10kN/Bearing3_2/1812.csv,0,0,0,2,25600,XJTU/40Hz10kN/Bearing3_2,-1,test
6696,2,RM_002_XJTU,40Hz10kN/Bearing3_2/1813.csv,0,0,0,2,25600,XJTU/40Hz10kN/Bearing3_2,-1,test
6697,2,RM_002_XJTU,40Hz10kN/Bearing3_2/1814.csv,0,0,0,2,25600,XJTU/40Hz10kN/Bearing3_2,-1,test
6698,2,RM_002_XJTU,40Hz10kN/Bearing3_2/1815.csv,0,0,0,2,25600,XJTU/40Hz10kN/Bearing3_2,-1,test
6699,2,RM_002_XJTU,40Hz10kN/Bearing3_2/1816.csv,0,0,0,2,25600,XJTU/40Hz10kN/Bearing3_2,-1,test
6700,2,RM_002_XJTU,40Hz10kN/Bearing3_2/1817.csv,0,0,0,2,25600,XJTU/40Hz10kN/Bearing3_2,-1,test
6701,2,RM_002_XJTU,40Hz10kN/Bearing3_2/1818.csv,0,0,0,2,25600,XJTU/40Hz10kN/Bearing3_2,-1,test
6702,2,RM_002_XJTU,40Hz10kN/Bearing3_2/1819.csv,0,0,0,2,25600,XJTU/40Hz10kN/Bearing3_2,-1,test
6703,2,RM_002_XJTU,40Hz10kN/Bearing3_2/1820.csv,0,0,0,2,25600,XJTU/40Hz10kN/Bearing3_2,-1,test
6704,2,RM_002_XJTU,40Hz10kN/Bearing3_2/1821.csv,0,0,0,2,25600,XJTU/40Hz10kN/Bearing3_2,-1,test
6705,2,RM_002_XJTU,40Hz10kN/Bearing3_2/1822.csv,0,0,0,2,25600,XJTU/40Hz10kN/Bearing3_2,-1,test
6706,2,RM_002_XJTU,40Hz10kN/Bearing3_2/1823.csv,0,0,0,2,25600,XJTU/40Hz10kN/Bearing3_2,-1,test
6707,2,RM_002_XJTU,40Hz10kN/Bearing3_2/1824.csv,0,0,0,2,25600,XJTU/40Hz10kN/Bearing3_2,-1,test
6708,2,RM_002_XJTU,40Hz10kN/Bearing3_2/1825.csv,0,0,0,2,25600,XJTU/40Hz10kN/Bearing3_2,-1,test
6709,2,RM_002_XJTU,40Hz10kN/Bearing3_2/1826.csv,0,0,0,2,25600,XJTU/40Hz10kN/Bearing3_2,-1,test
6710,2,RM_002_XJTU,40Hz10kN/Bearing3_2/1827.csv,0,0,0,2,25600,XJTU/40Hz10kN/Bearing3_2,-1,test
6711,2,RM_002_XJTU,40Hz10kN/Bearing3_2/1828.csv,0,0,0,2,25600,XJTU/40Hz10kN/Bearing3_2,-1,test
6712,2,RM_002_XJTU,40Hz10kN/Bearing3_2/1829.csv,0,0,0,2,25600,XJTU/40Hz10kN/Bearing3_2,-1,test
6713,2,RM_002_XJTU,40Hz10kN/Bearing3_2/1830.csv,0,0,0,2,25600,XJTU/40Hz10kN/Bearing3_2,-1,test
6714,2,RM_002_XJTU,40Hz10kN/Bearing3_2/1831.csv,0,0,0,2,25600,XJTU/40Hz10kN/Bearing3_2,-1,test
6715,2,RM_002_XJTU,40Hz10kN/Bearing3_2/1832.csv,0,0,0,2,25600,XJTU/40Hz10kN/Bearing3_2,-1,test
6716,2,RM_002_XJTU,40Hz10kN/Bearing3_2/1833.csv,0,0,0,2,25600,XJTU/40Hz10kN/Bearing3_2,-1,test
6717,2,RM_002_XJTU,40Hz10kN/Bearing3_2/1834.csv,0,0,0,2,25600,XJTU/40Hz10kN/Bearing3_2,-1,test
6718,2,RM_002_XJTU,40Hz10kN/Bearing3_2/1835.csv,0,0,0,2,25600,XJTU/40Hz10kN/Bearing3_2,-1,test
6719,2,RM_002_XJTU,40Hz10kN/Bearing3_2/1836.csv,0,0,0,2,25600,XJTU/40Hz10kN/Bearing3_2,-1,test
6720,2,RM_002_XJTU,40Hz10kN/Bearing3_2/1837.csv,0,0,0,2,25600,XJTU/40Hz10kN/Bearing3_2,-1,test
6721,2,RM_002_XJTU,40Hz10kN/Bearing3_2/1838.csv,0,0,0,2,25600,XJTU/40Hz10kN/Bearing3_2,-1,test
6722,2,RM_002_XJTU,40Hz10kN/Bearing3_2/1839.csv,0,0,0,2,25600,XJTU/40Hz10kN/Bearing3_2,-1,test
6723,2,RM_002_XJTU,40Hz10kN/Bearing3_2/1840.csv,0,0,0,2,25600,XJTU/40Hz10kN/Bearing3_2,-1,test
6724,2,RM_002_XJTU,40Hz10kN/Bearing3_2/1841.csv,0,0,0,2,25600,XJTU/40Hz10kN/Bearing3_2,-1,test
6725,2,RM_002_XJTU,40Hz10kN/Bearing3_2/1842.csv,0,0,0,2,25600,XJTU/40Hz10kN/Bearing3_2,-1,test
6726,2,RM_002_XJTU,40Hz10kN/Bearing3_2/1843.csv,0,0,0,2,25600,XJTU/40Hz10kN/Bearing3_2,-1,test
6727,2,RM_002_XJTU,40Hz10kN/Bearing3_2/1844.csv,0,0,0,2,25600,XJTU/40Hz10kN/Bearing3_2,-1,test
6728,2,RM_002_XJTU,40Hz10kN/Bearing3_2/1845.csv,0,0,0,2,25600,XJTU/40Hz10kN/Bearing3_2,-1,test
6729,2,RM_002_XJTU,40Hz10kN/Bearing3_2/1846.csv,0,0,0,2,25600,XJTU/40Hz10kN/Bearing3_2,-1,test
6730,2,RM_002_XJTU,40Hz10kN/Bearing3_2/1847.csv,0,0,0,2,25600,XJTU/40Hz10kN/Bearing3_2,-1,test
6731,2,RM_002_XJTU,40Hz10kN/Bearing3_2/1848.csv,0,0,0,2,25600,XJTU/40Hz10kN/Bearing3_2,-1,test
6732,2,RM_002_XJTU,40Hz10kN/Bearing3_2/1849.csv,0,0,0,2,25600,XJTU/40Hz10kN/Bearing3_2,-1,test
6733,2,RM_002_XJTU,40Hz10kN/Bearing3_2/1850.csv,0,0,0,2,25600,XJTU/40Hz10kN/Bearing3_2,-1,test
6734,2,RM_002_XJTU,40Hz10kN/Bearing3_2/1851.csv,0,0,0,2,25600,XJTU/40Hz10kN/Bearing3_2,-1,test
6735,2,RM_002_XJTU,40Hz10kN/Bearing3_2/1852.csv,0,0,0,2,25600,XJTU/40Hz10kN/Bearing3_2,-1,test
6736,2,RM_002_XJTU,40Hz10kN/Bearing3_2/1853.csv,0,0,0,2,25600,XJTU/40Hz10kN/Bearing3_2,-1,test
6737,2,RM_002_XJTU,40Hz10kN/Bearing3_2/1854.csv,0,0,0,2,25600,XJTU/40Hz10kN/Bearing3_2,-1,test
6738,2,RM_002_XJTU,40Hz10kN/Bearing3_2/1855.csv,0,0,0,2,25600,XJTU/40Hz10kN/Bearing3_2,-1,test
6739,2,RM_002_XJTU,40Hz10kN/Bearing3_2/1856.csv,0,0,0,2,25600,XJTU/40Hz10kN/Bearing3_2,-1,test
6740,2,RM_002_XJTU,40Hz10kN/Bearing3_2/1857.csv,0,0,0,2,25600,XJTU/40Hz10kN/Bearing3_2,-1,test
6741,2,RM_002_XJTU,40Hz10kN/Bearing3_2/1858.csv,0,0,0,2,25600,XJTU/40Hz10kN/Bearing3_2,-1,test
6742,2,RM_002_XJTU,40Hz10kN/Bearing3_2/1859.csv,0,0,0,2,25600,XJTU/40Hz10kN/Bearing3_2,-1,test
6743,2,RM_002_XJTU,40Hz10kN/Bearing3_2/1860.csv,0,0,0,2,25600,XJTU/40Hz10kN/Bearing3_2,-1,test
6744,2,RM_002_XJTU,40Hz10kN/Bearing3_2/1861.csv,0,0,0,2,25600,XJTU/40Hz10kN/Bearing3_2,-1,test
6745,2,RM_002_XJTU,40Hz10kN/Bearing3_2/1862.csv,0,0,0,2,25600,XJTU/40Hz10kN/Bearing3_2,-1,test
6746,2,RM_002_XJTU,40Hz10kN/Bearing3_2/1863.csv,0,0,0,2,25600,XJTU/40Hz10kN/Bearing3_2,-1,test
6747,2,RM_002_XJTU,40Hz10kN/Bearing3_2/1864.csv,0,0,0,2,25600,XJTU/40Hz10kN/Bearing3_2,-1,test
6748,2,RM_002_XJTU,40Hz10kN/Bearing3_2/1865.csv,0,0,0,2,25600,XJTU/40Hz10kN/Bearing3_2,-1,test
6749,2,RM_002_XJTU,40Hz10kN/Bearing3_2/1866.csv,0,0,0,2,25600,XJTU/40Hz10kN/Bearing3_2,-1,test
6750,2,RM_002_XJTU,40Hz10kN/Bearing3_2/1867.csv,0,0,0,2,25600,XJTU/40Hz10kN/Bearing3_2,-1,test
6751,2,RM_002_XJTU,40Hz10kN/Bearing3_2/1868.csv,0,0,0,2,25600,XJTU/40Hz10kN/Bearing3_2,-1,test
6752,2,RM_002_XJTU,40Hz10kN/Bearing3_2/1869.csv,0,0,0,2,25600,XJTU/40Hz10kN/Bearing3_2,-1,test
6753,2,RM_002_XJTU,40Hz10kN/Bearing3_2/1870.csv,0,0,0,2,25600,XJTU/40Hz10kN/Bearing3_2,-1,test
6754,2,RM_002_XJTU,40Hz10kN/Bearing3_2/1871.csv,0,0,0,2,25600,XJTU/40Hz10kN/Bearing3_2,-1,test
6755,2,RM_002_XJTU,40Hz10kN/Bearing3_2/1872.csv,0,0,0,2,25600,XJTU/40Hz10kN/Bearing3_2,-1,test
6756,2,RM_002_XJTU,40Hz10kN/Bearing3_2/1873.csv,0,0,0,2,25600,XJTU/40Hz10kN/Bearing3_2,-1,test
6757,2,RM_002_XJTU,40Hz10kN/Bearing3_2/1874.csv,0,0,0,2,25600,XJTU/40Hz10kN/Bearing3_2,-1,test
6758,2,RM_002_XJTU,40Hz10kN/Bearing3_2/1875.csv,0,0,0,2,25600,XJTU/40Hz10kN/Bearing3_2,-1,test
6759,2,RM_002_XJTU,40Hz10kN/Bearing3_2/1876.csv,0,0,0,2,25600,XJTU/40Hz10kN/Bearing3_2,-1,test
6760,2,RM_002_XJTU,40Hz10kN/Bearing3_2/1877.csv,0,0,0,2,25600,XJTU/40Hz10kN/Bearing3_2,-1,test
6761,2,RM_002_XJTU,40Hz10kN/Bearing3_2/1878.csv,0,0,0,2,25600,XJTU/40Hz10kN/Bearing3_2,-1,test
6762,2,RM_002_XJTU,40Hz10kN/Bearing3_2/1879.csv,0,0,0,2,25600,XJTU/40Hz10kN/Bearing3_2,-1,test
6763,2,RM_002_XJTU,40Hz10kN/Bearing3_2/1880.csv,0,0,0,2,25600,XJTU/40Hz10kN/Bearing3_2,-1,test
6764,2,RM_002_XJTU,40Hz10kN/Bearing3_2/1881.csv,0,0,0,2,25600,XJTU/40Hz10kN/Bearing3_2,-1,test
6765,2,RM_002_XJTU,40Hz10kN/Bearing3_2/1882.csv,0,0,0,2,25600,XJTU/40Hz10kN/Bearing3_2,-1,test
6766,2,RM_002_XJTU,40Hz10kN/Bearing3_2/1883.csv,0,0,0,2,25600,XJTU/40Hz10kN/Bearing3_2,-1,test
6767,2,RM_002_XJTU,40Hz10kN/Bearing3_2/1884.csv,0,0,0,2,25600,XJTU/40Hz10kN/Bearing3_2,-1,test
6768,2,RM_002_XJTU,40Hz10kN/Bearing3_2/1885.csv,0,0,0,2,25600,XJTU/40Hz10kN/Bearing3_2,-1,test
6769,2,RM_002_XJTU,40Hz10kN/Bearing3_2/1886.csv,0,0,0,2,25600,XJTU/40Hz10kN/Bearing3_2,-1,test
6770,2,RM_002_XJTU,40Hz10kN/Bearing3_2/1887.csv,0,0,0,2,25600,XJTU/40Hz10kN/Bearing3_2,-1,test
6771,2,RM_002_XJTU,40Hz10kN/Bearing3_2/1888.csv,0,0,0,2,25600,XJTU/40Hz10kN/Bearing3_2,-1,test
6772,2,RM_002_XJTU,40Hz10kN/Bearing3_2/1889.csv,0,0,0,2,25600,XJTU/40Hz10kN/Bearing3_2,-1,test
6773,2,RM_002_XJTU,40Hz10kN/Bearing3_2/1890.csv,0,0,0,2,25600,XJTU/40Hz10kN/Bearing3_2,-1,test
6774,2,RM_002_XJTU,40Hz10kN/Bearing3_2/1891.csv,0,0,0,2,25600,XJTU/40Hz10kN/Bearing3_2,-1,test
6775,2,RM_002_XJTU,40Hz10kN/Bearing3_2/1892.csv,0,0,0,2,25600,XJTU/40Hz10kN/Bearing3_2,-1,test
6776,2,RM_002_XJTU,40Hz10kN/Bearing3_2/1893.csv,0,0,0,2,25600,XJTU/40Hz10kN/Bearing3_2,-1,test
6777,2,RM_002_XJTU,40Hz10kN/Bearing3_2/1894.csv,0,0,0,2,25600,XJTU/40Hz10kN/Bearing3_2,-1,test
6778,2,RM_002_XJTU,40Hz10kN/Bearing3_2/1895.csv,0,0,0,2,25600,XJTU/40Hz10kN/Bearing3_2,-1,test
6779,2,RM_002_XJTU,40Hz10kN/Bearing3_2/1896.csv,0,0,0,2,25600,XJTU/40Hz10kN/Bearing3_2,-1,test
6780,2,RM_002_XJTU,40Hz10kN/Bearing3_2/1897.csv,0,0,0,2,25600,XJTU/40Hz10kN/Bearing3_2,-1,test
6781,2,RM_002_XJTU,40Hz10kN/Bearing3_2/1898.csv,0,0,0,2,25600,XJTU/40Hz10kN/Bearing3_2,-1,test
6782,2,RM_002_XJTU,40Hz10kN/Bearing3_2/1899.csv,0,0,0,2,25600,XJTU/40Hz10kN/Bearing3_2,-1,test
6783,2,RM_002_XJTU,40Hz10kN/Bearing3_2/1900.csv,0,0,0,2,25600,XJTU/40Hz10kN/Bearing3_2,-1,test
6784,2,RM_002_XJTU,40Hz10kN/Bearing3_2/1901.csv,0,0,0,2,25600,XJTU/40Hz10kN/Bearing3_2,-1,test
6785,2,RM_002_XJTU,40Hz10kN/Bearing3_2/1902.csv,0,0,0,2,25600,XJTU/40Hz10kN/Bearing3_2,-1,test
6786,2,RM_002_XJTU,40Hz10kN/Bearing3_2/1903.csv,0,0,0,2,25600,XJTU/40Hz10kN/Bearing3_2,-1,test
6787,2,RM_002_XJTU,40Hz10kN/Bearing3_2/1904.csv,0,0,0,2,25600,XJTU/40Hz10kN/Bearing3_2,-1,test
6788,2,RM_002_XJTU,40Hz10kN/Bearing3_2/1905.csv,0,0,0,2,25600,XJTU/40Hz10kN/Bearing3_2,-1,test
6789,2,RM_002_XJTU,40Hz10kN/Bearing3_2/1906.csv,0,0,0,2,25600,XJTU/40Hz10kN/Bearing3_2,-1,test
6790,2,RM_002_XJTU,40Hz10kN/Bearing3_2/1907.csv,0,0,0,2,25600,XJTU/40Hz10kN/Bearing3_2,-1,test
6791,2,RM_002_XJTU,40Hz10kN/Bearing3_2/1908.csv,0,0,0,2,25600,XJTU/40Hz10kN/Bearing3_2,-1,test
6792,2,RM_002_XJTU,40Hz10kN/Bearing3_2/1909.csv,0,0,0,2,25600,XJTU/40Hz10kN/Bearing3_2,-1,test
6793,2,RM_002_XJTU,40Hz10kN/Bearing3_2/1910.csv,0,0,0,2,25600,XJTU/40Hz10kN/Bearing3_2,-1,test
6794,2,RM_002_XJTU,40Hz10kN/Bearing3_2/1911.csv,0,0,0,2,25600,XJTU/40Hz10kN/Bearing3_2,-1,test
6795,2,RM_002_XJTU,40Hz10kN/Bearing3_2/1912.csv,0,0,0,2,25600,XJTU/40Hz10kN/Bearing3_2,-1,test
6796,2,RM_002_XJTU,40Hz10kN/Bearing3_2/1913.csv,0,0,0,2,25600,XJTU/40Hz10kN/Bearing3_2,-1,test
6797,2,RM_002_XJTU,40Hz10kN/Bearing3_2/1914.csv,0,0,0,2,25600,XJTU/40Hz10kN/Bearing3_2,-1,test
6798,2,RM_002_XJTU,40Hz10kN/Bearing3_2/1915.csv,0,0,0,2,25600,XJTU/40Hz10kN/Bearing3_2,-1,test
6799,2,RM_002_XJTU,40Hz10kN/Bearing3_2/1916.csv,0,0,0,2,25600,XJTU/40Hz10kN/Bearing3_2,-1,test
6800,2,RM_002_XJTU,40Hz10kN/Bearing3_2/1917.csv,0,0,0,2,25600,XJTU/40Hz10kN/Bearing3_2,-1,test
6801,2,RM_002_XJTU,40Hz10kN/Bearing3_2/1918.csv,0,0,0,2,25600,XJTU/40Hz10kN/Bearing3_2,-1,test
6802,2,RM_002_XJTU,40Hz10kN/Bearing3_2/1919.csv,0,0,0,2,25600,XJTU/40Hz10kN/Bearing3_2,-1,test
6803,2,RM_002_XJTU,40Hz10kN/Bearing3_2/1920.csv,0,0,0,2,25600,XJTU/40Hz10kN/Bearing3_2,-1,test
6804,2,RM_002_XJTU,40Hz10kN/Bearing3_2/1921.csv,0,0,0,2,25600,XJTU/40Hz10kN/Bearing3_2,-1,test
6805,2,RM_002_XJTU,40Hz10kN/Bearing3_2/1922.csv,0,0,0,2,25600,XJTU/40Hz10kN/Bearing3_2,-1,test
6806,2,RM_002_XJTU,40Hz10kN/Bearing3_2/1923.csv,0,0,0,2,25600,XJTU/40Hz10kN/Bearing3_2,-1,test
6807,2,RM_002_XJTU,40Hz10kN/Bearing3_2/1924.csv,0,0,0,2,25600,XJTU/40Hz10kN/Bearing3_2,-1,test
6808,2,RM_002_XJTU,40Hz10kN/Bearing3_2/1925.csv,0,0,0,2,25600,XJTU/40Hz10kN/Bearing3_2,-1,test
6809,2,RM_002_XJTU,40Hz10kN/Bearing3_2/1926.csv,0,0,0,2,25600,XJTU/40Hz10kN/Bearing3_2,-1,test
6810,2,RM_002_XJTU,40Hz10kN/Bearing3_2/1927.csv,0,0,0,2,25600,XJTU/40Hz10kN/Bearing3_2,-1,test
6811,2,RM_002_XJTU,40Hz10kN/Bearing3_2/1928.csv,0,0,0,2,25600,XJTU/40Hz10kN/Bearing3_2,-1,test
6812,2,RM_002_XJTU,40Hz10kN/Bearing3_2/1929.csv,0,0,0,2,25600,XJTU/40Hz10kN/Bearing3_2,-1,test
6813,2,RM_002_XJTU,40Hz10kN/Bearing3_2/1930.csv,0,0,0,2,25600,XJTU/40Hz10kN/Bearing3_2,-1,test
6814,2,RM_002_XJTU,40Hz10kN/Bearing3_2/1931.csv,0,0,0,2,25600,XJTU/40Hz10kN/Bearing3_2,-1,test
6815,2,RM_002_XJTU,40Hz10kN/Bearing3_2/1932.csv,0,0,0,2,25600,XJTU/40Hz10kN/Bearing3_2,-1,test
6816,2,RM_002_XJTU,40Hz10kN/Bearing3_2/1933.csv,0,0,0,2,25600,XJTU/40Hz10kN/Bearing3_2,-1,test
6817,2,RM_002_XJTU,40Hz10kN/Bearing3_2/1934.csv,0,0,0,2,25600,XJTU/40Hz10kN/Bearing3_2,-1,test
6818,2,RM_002_XJTU,40Hz10kN/Bearing3_2/1935.csv,0,0,0,2,25600,XJTU/40Hz10kN/Bearing3_2,-1,test
6819,2,RM_002_XJTU,40Hz10kN/Bearing3_2/1936.csv,0,0,0,2,25600,XJTU/40Hz10kN/Bearing3_2,-1,test
6820,2,RM_002_XJTU,40Hz10kN/Bearing3_2/1937.csv,0,0,0,2,25600,XJTU/40Hz10kN/Bearing3_2,-1,test
6821,2,RM_002_XJTU,40Hz10kN/Bearing3_2/1938.csv,0,0,0,2,25600,XJTU/40Hz10kN/Bearing3_2,-1,test
6822,2,RM_002_XJTU,40Hz10kN/Bearing3_2/1939.csv,0,0,0,2,25600,XJTU/40Hz10kN/Bearing3_2,-1,test
6823,2,RM_002_XJTU,40Hz10kN/Bearing3_2/1940.csv,0,0,0,2,25600,XJTU/40Hz10kN/Bearing3_2,-1,test
6824,2,RM_002_XJTU,40Hz10kN/Bearing3_2/1941.csv,0,0,0,2,25600,XJTU/40Hz10kN/Bearing3_2,-1,test
6825,2,RM_002_XJTU,40Hz10kN/Bearing3_2/1942.csv,0,0,0,2,25600,XJTU/40Hz10kN/Bearing3_2,-1,test
6826,2,RM_002_XJTU,40Hz10kN/Bearing3_2/1943.csv,0,0,0,2,25600,XJTU/40Hz10kN/Bearing3_2,-1,test
6827,2,RM_002_XJTU,40Hz10kN/Bearing3_2/1944.csv,0,0,0,2,25600,XJTU/40Hz10kN/Bearing3_2,-1,test
6828,2,RM_002_XJTU,40Hz10kN/Bearing3_2/1945.csv,0,0,0,2,25600,XJTU/40Hz10kN/Bearing3_2,-1,test
6829,2,RM_002_XJTU,40Hz10kN/Bearing3_2/1946.csv,0,0,0,2,25600,XJTU/40Hz10kN/Bearing3_2,-1,test
6830,2,RM_002_XJTU,40Hz10kN/Bearing3_2/1947.csv,0,0,0,2,25600,XJTU/40Hz10kN/Bearing3_2,-1,test
6831,2,RM_002_XJTU,40Hz10kN/Bearing3_2/1948.csv,0,0,0,2,25600,XJTU/40Hz10kN/Bearing3_2,-1,test
6832,2,RM_002_XJTU,40Hz10kN/Bearing3_2/1949.csv,0,0,0,2,25600,XJTU/40Hz10kN/Bearing3_2,-1,test
6833,2,RM_002_XJTU,40Hz10kN/Bearing3_2/1950.csv,0,0,0,2,25600,XJTU/40Hz10kN/Bearing3_2,-1,test
6834,2,RM_002_XJTU,40Hz10kN/Bearing3_2/1951.csv,0,0,0,2,25600,XJTU/40Hz10kN/Bearing3_2,-1,test
6835,2,RM_002_XJTU,40Hz10kN/Bearing3_2/1952.csv,0,0,0,2,25600,XJTU/40Hz10kN/Bearing3_2,-1,test
6836,2,RM_002_XJTU,40Hz10kN/Bearing3_2/1953.csv,0,0,0,2,25600,XJTU/40Hz10kN/Bearing3_2,-1,test
6837,2,RM_002_XJTU,40Hz10kN/Bearing3_2/1954.csv,0,0,0,2,25600,XJTU/40Hz10kN/Bearing3_2,-1,test
6838,2,RM_002_XJTU,40Hz10kN/Bearing3_2/1955.csv,0,0,0,2,25600,XJTU/40Hz10kN/Bearing3_2,-1,test
6839,2,RM_002_XJTU,40Hz10kN/Bearing3_2/1956.csv,0,0,0,2,25600,XJTU/40Hz10kN/Bearing3_2,-1,test
6840,2,RM_002_XJTU,40Hz10kN/Bearing3_2/1957.csv,0,0,0,2,25600,XJTU/40Hz10kN/Bearing3_2,-1,test
6841,2,RM_002_XJTU,40Hz10kN/Bearing3_2/1958.csv,0,0,0,2,25600,XJTU/40Hz10kN/Bearing3_2,-1,test
6842,2,RM_002_XJTU,40Hz10kN/Bearing3_2/1959.csv,0,0,0,2,25600,XJTU/40Hz10kN/Bearing3_2,-1,test
6843,2,RM_002_XJTU,40Hz10kN/Bearing3_2/1960.csv,0,0,0,2,25600,XJTU/40Hz10kN/Bearing3_2,-1,test
6844,2,RM_002_XJTU,40Hz10kN/Bearing3_2/1961.csv,0,0,0,2,25600,XJTU/40Hz10kN/Bearing3_2,-1,test
6845,2,RM_002_XJTU,40Hz10kN/Bearing3_2/1962.csv,0,0,0,2,25600,XJTU/40Hz10kN/Bearing3_2,-1,test
6846,2,RM_002_XJTU,40Hz10kN/Bearing3_2/1963.csv,0,0,0,2,25600,XJTU/40Hz10kN/Bearing3_2,-1,test
6847,2,RM_002_XJTU,40Hz10kN/Bearing3_2/1964.csv,0,0,0,2,25600,XJTU/40Hz10kN/Bearing3_2,-1,test
6848,2,RM_002_XJTU,40Hz10kN/Bearing3_2/1965.csv,0,0,0,2,25600,XJTU/40Hz10kN/Bearing3_2,-1,test
6849,2,RM_002_XJTU,40Hz10kN/Bearing3_2/1966.csv,0,0,0,2,25600,XJTU/40Hz10kN/Bearing3_2,-1,test
6850,2,RM_002_XJTU,40Hz10kN/Bearing3_2/1967.csv,0,0,0,2,25600,XJTU/40Hz10kN/Bearing3_2,-1,test
6851,2,RM_002_XJTU,40Hz10kN/Bearing3_2/1968.csv,0,0,0,2,25600,XJTU/40Hz10kN/Bearing3_2,-1,test
6852,2,RM_002_XJTU,40Hz10kN/Bearing3_2/1969.csv,0,0,0,2,25600,XJTU/40Hz10kN/Bearing3_2,-1,test
6853,2,RM_002_XJTU,40Hz10kN/Bearing3_2/1970.csv,0,0,0,2,25600,XJTU/40Hz10kN/Bearing3_2,-1,test
6854,2,RM_002_XJTU,40Hz10kN/Bearing3_2/1971.csv,0,0,0,2,25600,XJTU/40Hz10kN/Bearing3_2,-1,test
6855,2,RM_002_XJTU,40Hz10kN/Bearing3_2/1972.csv,0,0,0,2,25600,XJTU/40Hz10kN/Bearing3_2,-1,test
6856,2,RM_002_XJTU,40Hz10kN/Bearing3_2/1973.csv,0,0,0,2,25600,XJTU/40Hz10kN/Bearing3_2,-1,test
6857,2,RM_002_XJTU,40Hz10kN/Bearing3_2/1974.csv,0,0,0,2,25600,XJTU/40Hz10kN/Bearing3_2,-1,test
6858,2,RM_002_XJTU,40Hz10kN/Bearing3_2/1975.csv,0,0,0,2,25600,XJTU/40Hz10kN/Bearing3_2,-1,test
6859,2,RM_002_XJTU,40Hz10kN/Bearing3_2/1976.csv,0,0,0,2,25600,XJTU/40Hz10kN/Bearing3_2,-1,test
6860,2,RM_002_XJTU,40Hz10kN/Bearing3_2/1977.csv,0,0,0,2,25600,XJTU/40Hz10kN/Bearing3_2,-1,test
6861,2,RM_002_XJTU,40Hz10kN/Bearing3_2/1978.csv,0,0,0,2,25600,XJTU/40Hz10kN/Bearing3_2,-1,test
6862,2,RM_002_XJTU,40Hz10kN/Bearing3_2/1979.csv,0,0,0,2,25600,XJTU/40Hz10kN/Bearing3_2,-1,test
6863,2,RM_002_XJTU,40Hz10kN/Bearing3_2/1980.csv,0,0,0,2,25600,XJTU/40Hz10kN/Bearing3_2,-1,test
6864,2,RM_002_XJTU,40Hz10kN/Bearing3_2/1981.csv,0,0,0,2,25600,XJTU/40Hz10kN/Bearing3_2,-1,test
6865,2,RM_002_XJTU,40Hz10kN/Bearing3_2/1982.csv,0,0,0,2,25600,XJTU/40Hz10kN/Bearing3_2,-1,test
6866,2,RM_002_XJTU,40Hz10kN/Bearing3_2/1983.csv,0,0,0,2,25600,XJTU/40Hz10kN/Bearing3_2,-1,test
6867,2,RM_002_XJTU,40Hz10kN/Bearing3_2/1984.csv,0,0,0,2,25600,XJTU/40Hz10kN/Bearing3_2,-1,test
6868,2,RM_002_XJTU,40Hz10kN/Bearing3_2/1985.csv,0,0,0,2,25600,XJTU/40Hz10kN/Bearing3_2,-1,test
6869,2,RM_002_XJTU,40Hz10kN/Bearing3_2/1986.csv,0,0,0,2,25600,XJTU/40Hz10kN/Bearing3_2,-1,test
6870,2,RM_002_XJTU,40Hz10kN/Bearing3_2/1987.csv,0,0,0,2,25600,XJTU/40Hz10kN/Bearing3_2,-1,test
6871,2,RM_002_XJTU,40Hz10kN/Bearing3_2/1988.csv,0,0,0,2,25600,XJTU/40Hz10kN/Bearing3_2,-1,test
6872,2,RM_002_XJTU,40Hz10kN/Bearing3_2/1989.csv,0,0,0,2,25600,XJTU/40Hz10kN/Bearing3_2,-1,test
6873,2,RM_002_XJTU,40Hz10kN/Bearing3_2/1990.csv,0,0,0,2,25600,XJTU/40Hz10kN/Bearing3_2,-1,test
6874,2,RM_002_XJTU,40Hz10kN/Bearing3_2/1991.csv,0,0,0,2,25600,XJTU/40Hz10kN/Bearing3_2,-1,test
6875,2,RM_002_XJTU,40Hz10kN/Bearing3_2/1992.csv,0,0,0,2,25600,XJTU/40Hz10kN/Bearing3_2,-1,test
6876,2,RM_002_XJTU,40Hz10kN/Bearing3_2/1993.csv,0,0,0,2,25600,XJTU/40Hz10kN/Bearing3_2,-1,test
6877,2,RM_002_XJTU,40Hz10kN/Bearing3_2/1994.csv,0,0,0,2,25600,XJTU/40Hz10kN/Bearing3_2,-1,test
6878,2,RM_002_XJTU,40Hz10kN/Bearing3_2/1995.csv,0,0,0,2,25600,XJTU/40Hz10kN/Bearing3_2,-1,test
6879,2,RM_002_XJTU,40Hz10kN/Bearing3_2/1996.csv,0,0,0,2,25600,XJTU/40Hz10kN/Bearing3_2,-1,test
6880,2,RM_002_XJTU,40Hz10kN/Bearing3_2/1997.csv,0,0,0,2,25600,XJTU/40Hz10kN/Bearing3_2,-1,test
6881,2,RM_002_XJTU,40Hz10kN/Bearing3_2/1998.csv,0,0,0,2,25600,XJTU/40Hz10kN/Bearing3_2,-1,test
6882,2,RM_002_XJTU,40Hz10kN/Bearing3_2/1999.csv,0,0,0,2,25600,XJTU/40Hz10kN/Bearing3_2,-1,test
6883,2,RM_002_XJTU,40Hz10kN/Bearing3_2/2000.csv,0,0,0,2,25600,XJTU/40Hz10kN/Bearing3_2,-1,test
6884,2,RM_002_XJTU,40Hz10kN/Bearing3_2/2001.csv,0,0,0,2,25600,XJTU/40Hz10kN/Bearing3_2,-1,test
6885,2,RM_002_XJTU,40Hz10kN/Bearing3_2/2002.csv,0,0,0,2,25600,XJTU/40Hz10kN/Bearing3_2,-1,test
6886,2,RM_002_XJTU,40Hz10kN/Bearing3_2/2003.csv,0,0,0,2,25600,XJTU/40Hz10kN/Bearing3_2,-1,test
6887,2,RM_002_XJTU,40Hz10kN/Bearing3_2/2004.csv,0,0,0,2,25600,XJTU/40Hz10kN/Bearing3_2,-1,test
6888,2,RM_002_XJTU,40Hz10kN/Bearing3_2/2005.csv,0,0,0,2,25600,XJTU/40Hz10kN/Bearing3_2,-1,test
6889,2,RM_002_XJTU,40Hz10kN/Bearing3_2/2006.csv,0,0,0,2,25600,XJTU/40Hz10kN/Bearing3_2,-1,test
6890,2,RM_002_XJTU,40Hz10kN/Bearing3_2/2007.csv,0,0,0,2,25600,XJTU/40Hz10kN/Bearing3_2,-1,test
6891,2,RM_002_XJTU,40Hz10kN/Bearing3_2/2008.csv,0,0,0,2,25600,XJTU/40Hz10kN/Bearing3_2,-1,test
6892,2,RM_002_XJTU,40Hz10kN/Bearing3_2/2009.csv,0,0,0,2,25600,XJTU/40Hz10kN/Bearing3_2,-1,test
6893,2,RM_002_XJTU,40Hz10kN/Bearing3_2/2010.csv,0,0,0,2,25600,XJTU/40Hz10kN/Bearing3_2,-1,test
6894,2,RM_002_XJTU,40Hz10kN/Bearing3_2/2011.csv,0,0,0,2,25600,XJTU/40Hz10kN/Bearing3_2,-1,test
6895,2,RM_002_XJTU,40Hz10kN/Bearing3_2/2012.csv,0,0,0,2,25600,XJTU/40Hz10kN/Bearing3_2,-1,test
6896,2,RM_002_XJTU,40Hz10kN/Bearing3_2/2013.csv,0,0,0,2,25600,XJTU/40Hz10kN/Bearing3_2,-1,test
6897,2,RM_002_XJTU,40Hz10kN/Bearing3_2/2014.csv,0,0,0,2,25600,XJTU/40Hz10kN/Bearing3_2,-1,test
6898,2,RM_002_XJTU,40Hz10kN/Bearing3_2/2015.csv,0,0,0,2,25600,XJTU/40Hz10kN/Bearing3_2,-1,test
6899,2,RM_002_XJTU,40Hz10kN/Bearing3_2/2016.csv,0,0,0,2,25600,XJTU/40Hz10kN/Bearing3_2,-1,test
6900,2,RM_002_XJTU,40Hz10kN/Bearing3_2/2017.csv,0,0,0,2,25600,XJTU/40Hz10kN/Bearing3_2,-1,test
6901,2,RM_002_XJTU,40Hz10kN/Bearing3_2/2018.csv,0,0,0,2,25600,XJTU/40Hz10kN/Bearing3_2,-1,test
6902,2,RM_002_XJTU,40Hz10kN/Bearing3_2/2019.csv,0,0,0,2,25600,XJTU/40Hz10kN/Bearing3_2,-1,test
6903,2,RM_002_XJTU,40Hz10kN/Bearing3_2/2020.csv,0,0,0,2,25600,XJTU/40Hz10kN/Bearing3_2,-1,test
6904,2,RM_002_XJTU,40Hz10kN/Bearing3_2/2021.csv,0,0,0,2,25600,XJTU/40Hz10kN/Bearing3_2,-1,test
6905,2,RM_002_XJTU,40Hz10kN/Bearing3_2/2022.csv,0,0,0,2,25600,XJTU/40Hz10kN/Bearing3_2,-1,test
6906,2,RM_002_XJTU,40Hz10kN/Bearing3_2/2023.csv,0,0,0,2,25600,XJTU/40Hz10kN/Bearing3_2,-1,test
6907,2,RM_002_XJTU,40Hz10kN/Bearing3_2/2024.csv,0,0,0,2,25600,XJTU/40Hz10kN/Bearing3_2,-1,test
6908,2,RM_002_XJTU,40Hz10kN/Bearing3_2/2025.csv,0,0,0,2,25600,XJTU/40Hz10kN/Bearing3_2,-1,test
6909,2,RM_002_XJTU,40Hz10kN/Bearing3_2/2026.csv,0,0,0,2,25600,XJTU/40Hz10kN/Bearing3_2,-1,test
6910,2,RM_002_XJTU,40Hz10kN/Bearing3_2/2027.csv,0,0,0,2,25600,XJTU/40Hz10kN/Bearing3_2,-1,test
6911,2,RM_002_XJTU,40Hz10kN/Bearing3_2/2028.csv,0,0,0,2,25600,XJTU/40Hz10kN/Bearing3_2,-1,test
6912,2,RM_002_XJTU,40Hz10kN/Bearing3_2/2029.csv,0,0,0,2,25600,XJTU/40Hz10kN/Bearing3_2,-1,test
6913,2,RM_002_XJTU,40Hz10kN/Bearing3_2/2030.csv,0,0,0,2,25600,XJTU/40Hz10kN/Bearing3_2,-1,test
6914,2,RM_002_XJTU,40Hz10kN/Bearing3_2/2031.csv,0,0,0,2,25600,XJTU/40Hz10kN/Bearing3_2,-1,test
6915,2,RM_002_XJTU,40Hz10kN/Bearing3_2/2032.csv,0,0,0,2,25600,XJTU/40Hz10kN/Bearing3_2,-1,test
6916,2,RM_002_XJTU,40Hz10kN/Bearing3_2/2033.csv,0,0,0,2,25600,XJTU/40Hz10kN/Bearing3_2,-1,test
6917,2,RM_002_XJTU,40Hz10kN/Bearing3_2/2034.csv,0,0,0,2,25600,XJTU/40Hz10kN/Bearing3_2,-1,test
6918,2,RM_002_XJTU,40Hz10kN/Bearing3_2/2035.csv,0,0,0,2,25600,XJTU/40Hz10kN/Bearing3_2,-1,test
6919,2,RM_002_XJTU,40Hz10kN/Bearing3_2/2036.csv,0,0,0,2,25600,XJTU/40Hz10kN/Bearing3_2,-1,test
6920,2,RM_002_XJTU,40Hz10kN/Bearing3_2/2037.csv,0,0,0,2,25600,XJTU/40Hz10kN/Bearing3_2,-1,test
6921,2,RM_002_XJTU,40Hz10kN/Bearing3_2/2038.csv,0,0,0,2,25600,XJTU/40Hz10kN/Bearing3_2,-1,test
6922,2,RM_002_XJTU,40Hz10kN/Bearing3_2/2039.csv,0,0,0,2,25600,XJTU/40Hz10kN/Bearing3_2,-1,test
6923,2,RM_002_XJTU,40Hz10kN/Bearing3_2/2040.csv,0,0,0,2,25600,XJTU/40Hz10kN/Bearing3_2,-1,test
6924,2,RM_002_XJTU,40Hz10kN/Bearing3_2/2041.csv,0,0,0,2,25600,XJTU/40Hz10kN/Bearing3_2,-1,test
6925,2,RM_002_XJTU,40Hz10kN/Bearing3_2/2042.csv,0,0,0,2,25600,XJTU/40Hz10kN/Bearing3_2,-1,test
6926,2,RM_002_XJTU,40Hz10kN/Bearing3_2/2043.csv,0,0,0,2,25600,XJTU/40Hz10kN/Bearing3_2,-1,test
6927,2,RM_002_XJTU,40Hz10kN/Bearing3_2/2044.csv,0,0,0,2,25600,XJTU/40Hz10kN/Bearing3_2,-1,test
6928,2,RM_002_XJTU,40Hz10kN/Bearing3_2/2045.csv,0,0,0,2,25600,XJTU/40Hz10kN/Bearing3_2,-1,test
6929,2,RM_002_XJTU,40Hz10kN/Bearing3_2/2046.csv,0,0,0,2,25600,XJTU/40Hz10kN/Bearing3_2,-1,test
6930,2,RM_002_XJTU,40Hz10kN/Bearing3_2/2047.csv,0,0,0,2,25600,XJTU/40Hz10kN/Bearing3_2,-1,test
6931,2,RM_002_XJTU,40Hz10kN/Bearing3_2/2048.csv,0,0,0,2,25600,XJTU/40Hz10kN/Bearing3_2,-1,test
6932,2,RM_002_XJTU,40Hz10kN/Bearing3_2/2049.csv,0,0,0,2,25600,XJTU/40Hz10kN/Bearing3_2,-1,test
6933,2,RM_002_XJTU,40Hz10kN/Bearing3_2/2050.csv,0,0,0,2,25600,XJTU/40Hz10kN/Bearing3_2,-1,test
6934,2,RM_002_XJTU,40Hz10kN/Bearing3_2/2051.csv,0,0,0,2,25600,XJTU/40Hz10kN/Bearing3_2,-1,test
6935,2,RM_002_XJTU,40Hz10kN/Bearing3_2/2052.csv,0,0,0,2,25600,XJTU/40Hz10kN/Bearing3_2,-1,test
6936,2,RM_002_XJTU,40Hz10kN/Bearing3_2/2053.csv,0,0,0,2,25600,XJTU/40Hz10kN/Bearing3_2,-1,test
6937,2,RM_002_XJTU,40Hz10kN/Bearing3_2/2054.csv,0,0,0,2,25600,XJTU/40Hz10kN/Bearing3_2,-1,test
6938,2,RM_002_XJTU,40Hz10kN/Bearing3_2/2055.csv,0,0,0,2,25600,XJTU/40Hz10kN/Bearing3_2,-1,test
6939,2,RM_002_XJTU,40Hz10kN/Bearing3_2/2056.csv,0,0,0,2,25600,XJTU/40Hz10kN/Bearing3_2,-1,test
6940,2,RM_002_XJTU,40Hz10kN/Bearing3_2/2057.csv,0,0,0,2,25600,XJTU/40Hz10kN/Bearing3_2,-1,test
6941,2,RM_002_XJTU,40Hz10kN/Bearing3_2/2058.csv,0,0,0,2,25600,XJTU/40Hz10kN/Bearing3_2,-1,test
6942,2,RM_002_XJTU,40Hz10kN/Bearing3_2/2059.csv,0,0,0,2,25600,XJTU/40Hz10kN/Bearing3_2,-1,test
6943,2,RM_002_XJTU,40Hz10kN/Bearing3_2/2060.csv,0,0,0,2,25600,XJTU/40Hz10kN/Bearing3_2,-1,test
6944,2,RM_002_XJTU,40Hz10kN/Bearing3_2/2061.csv,0,0,0,2,25600,XJTU/40Hz10kN/Bearing3_2,-1,test
6945,2,RM_002_XJTU,40Hz10kN/Bearing3_2/2062.csv,0,0,0,2,25600,XJTU/40Hz10kN/Bearing3_2,-1,test
6946,2,RM_002_XJTU,40Hz10kN/Bearing3_2/2063.csv,0,0,0,2,25600,XJTU/40Hz10kN/Bearing3_2,-1,test
6947,2,RM_002_XJTU,40Hz10kN/Bearing3_2/2064.csv,0,0,0,2,25600,XJTU/40Hz10kN/Bearing3_2,-1,test
6948,2,RM_002_XJTU,40Hz10kN/Bearing3_2/2065.csv,0,0,0,2,25600,XJTU/40Hz10kN/Bearing3_2,-1,test
6949,2,RM_002_XJTU,40Hz10kN/Bearing3_2/2066.csv,0,0,0,2,25600,XJTU/40Hz10kN/Bearing3_2,-1,test
6950,2,RM_002_XJTU,40Hz10kN/Bearing3_2/2067.csv,0,0,0,2,25600,XJTU/40Hz10kN/Bearing3_2,-1,test
6951,2,RM_002_XJTU,40Hz10kN/Bearing3_2/2068.csv,0,0,0,2,25600,XJTU/40Hz10kN/Bearing3_2,-1,test
6952,2,RM_002_XJTU,40Hz10kN/Bearing3_2/2069.csv,0,0,0,2,25600,XJTU/40Hz10kN/Bearing3_2,-1,test
6953,2,RM_002_XJTU,40Hz10kN/Bearing3_2/2070.csv,0,0,0,2,25600,XJTU/40Hz10kN/Bearing3_2,-1,test
6954,2,RM_002_XJTU,40Hz10kN/Bearing3_2/2071.csv,0,0,0,2,25600,XJTU/40Hz10kN/Bearing3_2,-1,test
6955,2,RM_002_XJTU,40Hz10kN/Bearing3_2/2072.csv,0,0,0,2,25600,XJTU/40Hz10kN/Bearing3_2,-1,test
6956,2,RM_002_XJTU,40Hz10kN/Bearing3_2/2073.csv,0,0,0,2,25600,XJTU/40Hz10kN/Bearing3_2,-1,test
6957,2,RM_002_XJTU,40Hz10kN/Bearing3_2/2074.csv,0,0,0,2,25600,XJTU/40Hz10kN/Bearing3_2,-1,test
6958,2,RM_002_XJTU,40Hz10kN/Bearing3_2/2075.csv,0,0,0,2,25600,XJTU/40Hz10kN/Bearing3_2,-1,test
6959,2,RM_002_XJTU,40Hz10kN/Bearing3_2/2076.csv,0,0,0,2,25600,XJTU/40Hz10kN/Bearing3_2,-1,test
6960,2,RM_002_XJTU,40Hz10kN/Bearing3_2/2077.csv,0,0,0,2,25600,XJTU/40Hz10kN/Bearing3_2,-1,test
6961,2,RM_002_XJTU,40Hz10kN/Bearing3_2/2078.csv,0,0,0,2,25600,XJTU/40Hz10kN/Bearing3_2,-1,test
6962,2,RM_002_XJTU,40Hz10kN/Bearing3_2/2079.csv,0,0,0,2,25600,XJTU/40Hz10kN/Bearing3_2,-1,test
6963,2,RM_002_XJTU,40Hz10kN/Bearing3_2/2080.csv,0,0,0,2,25600,XJTU/40Hz10kN/Bearing3_2,-1,test
6964,2,RM_002_XJTU,40Hz10kN/Bearing3_2/2081.csv,0,0,0,2,25600,XJTU/40Hz10kN/Bearing3_2,-1,test
6965,2,RM_002_XJTU,40Hz10kN/Bearing3_2/2082.csv,0,0,0,2,25600,XJTU/40Hz10kN/Bearing3_2,-1,test
6966,2,RM_002_XJTU,40Hz10kN/Bearing3_2/2083.csv,0,0,0,2,25600,XJTU/40Hz10kN/Bearing3_2,-1,test
6967,2,RM_002_XJTU,40Hz10kN/Bearing3_2/2084.csv,0,0,0,2,25600,XJTU/40Hz10kN/Bearing3_2,-1,test
6968,2,RM_002_XJTU,40Hz10kN/Bearing3_2/2085.csv,0,0,0,2,25600,XJTU/40Hz10kN/Bearing3_2,-1,test
6969,2,RM_002_XJTU,40Hz10kN/Bearing3_2/2086.csv,0,0,0,2,25600,XJTU/40Hz10kN/Bearing3_2,-1,test
6970,2,RM_002_XJTU,40Hz10kN/Bearing3_2/2087.csv,0,0,0,2,25600,XJTU/40Hz10kN/Bearing3_2,-1,test
6971,2,RM_002_XJTU,40Hz10kN/Bearing3_2/2088.csv,0,0,0,2,25600,XJTU/40Hz10kN/Bearing3_2,-1,test
6972,2,RM_002_XJTU,40Hz10kN/Bearing3_2/2089.csv,0,0,0,2,25600,XJTU/40Hz10kN/Bearing3_2,-1,test
6973,2,RM_002_XJTU,40Hz10kN/Bearing3_2/2090.csv,0,0,0,2,25600,XJTU/40Hz10kN/Bearing3_2,-1,test
6974,2,RM_002_XJTU,40Hz10kN/Bearing3_2/2091.csv,0,0,0,2,25600,XJTU/40Hz10kN/Bearing3_2,-1,test
6975,2,RM_002_XJTU,40Hz10kN/Bearing3_2/2092.csv,0,0,0,2,25600,XJTU/40Hz10kN/Bearing3_2,-1,test
6976,2,RM_002_XJTU,40Hz10kN/Bearing3_2/2093.csv,0,0,0,2,25600,XJTU/40Hz10kN/Bearing3_2,-1,test
6977,2,RM_002_XJTU,40Hz10kN/Bearing3_2/2094.csv,0,0,0,2,25600,XJTU/40Hz10kN/Bearing3_2,-1,test
6978,2,RM_002_XJTU,40Hz10kN/Bearing3_2/2095.csv,0,0,0,2,25600,XJTU/40Hz10kN/Bearing3_2,-1,test
6979,2,RM_002_XJTU,40Hz10kN/Bearing3_2/2096.csv,0,0,0,2,25600,XJTU/40Hz10kN/Bearing3_2,-1,test
6980,2,RM_002_XJTU,40Hz10kN/Bearing3_2/2097.csv,0,0,0,2,25600,XJTU/40Hz10kN/Bearing3_2,-1,test
6981,2,RM_002_XJTU,40Hz10kN/Bearing3_2/2098.csv,0,0,0,2,25600,XJTU/40Hz10kN/Bearing3_2,-1,test
6982,2,RM_002_XJTU,40Hz10kN/Bearing3_2/2099.csv,0,0,0,2,25600,XJTU/40Hz10kN/Bearing3_2,-1,test
6983,2,RM_002_XJTU,40Hz10kN/Bearing3_2/2100.csv,0,0,0,2,25600,XJTU/40Hz10kN/Bearing3_2,-1,test
6984,2,RM_002_XJTU,40Hz10kN/Bearing3_2/2101.csv,0,0,0,2,25600,XJTU/40Hz10kN/Bearing3_2,-1,test
6985,2,RM_002_XJTU,40Hz10kN/Bearing3_2/2102.csv,0,0,0,2,25600,XJTU/40Hz10kN/Bearing3_2,-1,test
6986,2,RM_002_XJTU,40Hz10kN/Bearing3_2/2103.csv,0,0,0,2,25600,XJTU/40Hz10kN/Bearing3_2,-1,test
6987,2,RM_002_XJTU,40Hz10kN/Bearing3_2/2104.csv,0,0,0,2,25600,XJTU/40Hz10kN/Bearing3_2,-1,test
6988,2,RM_002_XJTU,40Hz10kN/Bearing3_2/2105.csv,0,0,0,2,25600,XJTU/40Hz10kN/Bearing3_2,-1,test
6989,2,RM_002_XJTU,40Hz10kN/Bearing3_2/2106.csv,0,0,0,2,25600,XJTU/40Hz10kN/Bearing3_2,-1,test
6990,2,RM_002_XJTU,40Hz10kN/Bearing3_2/2107.csv,0,0,0,2,25600,XJTU/40Hz10kN/Bearing3_2,-1,test
6991,2,RM_002_XJTU,40Hz10kN/Bearing3_2/2108.csv,0,0,0,2,25600,XJTU/40Hz10kN/Bearing3_2,-1,test
6992,2,RM_002_XJTU,40Hz10kN/Bearing3_2/2109.csv,0,0,0,2,25600,XJTU/40Hz10kN/Bearing3_2,-1,test
6993,2,RM_002_XJTU,40Hz10kN/Bearing3_2/2110.csv,0,0,0,2,25600,XJTU/40Hz10kN/Bearing3_2,-1,test
6994,2,RM_002_XJTU,40Hz10kN/Bearing3_2/2111.csv,0,0,0,2,25600,XJTU/40Hz10kN/Bearing3_2,-1,test
6995,2,RM_002_XJTU,40Hz10kN/Bearing3_2/2112.csv,0,0,0,2,25600,XJTU/40Hz10kN/Bearing3_2,-1,test
6996,2,RM_002_XJTU,40Hz10kN/Bearing3_2/2113.csv,0,0,0,2,25600,XJTU/40Hz10kN/Bearing3_2,-1,test
6997,2,RM_002_XJTU,40Hz10kN/Bearing3_2/2114.csv,0,0,0,2,25600,XJTU/40Hz10kN/Bearing3_2,-1,test
6998,2,RM_002_XJTU,40Hz10kN/Bearing3_2/2115.csv,0,0,0,2,25600,XJTU/40Hz10kN/Bearing3_2,-1,test
6999,2,RM_002_XJTU,40Hz10kN/Bearing3_2/2116.csv,0,0,0,2,25600,XJTU/40Hz10kN/Bearing3_2,-1,test
7000,2,RM_002_XJTU,40Hz10kN/Bearing3_2/2117.csv,0,0,0,2,25600,XJTU/40Hz10kN/Bearing3_2,-1,test
7001,2,RM_002_XJTU,40Hz10kN/Bearing3_2/2118.csv,0,0,0,2,25600,XJTU/40Hz10kN/Bearing3_2,-1,test
7002,2,RM_002_XJTU,40Hz10kN/Bearing3_2/2119.csv,0,0,0,2,25600,XJTU/40Hz10kN/Bearing3_2,-1,test
7003,2,RM_002_XJTU,40Hz10kN/Bearing3_2/2120.csv,0,0,0,2,25600,XJTU/40Hz10kN/Bearing3_2,-1,test
7004,2,RM_002_XJTU,40Hz10kN/Bearing3_2/2121.csv,0,0,0,2,25600,XJTU/40Hz10kN/Bearing3_2,-1,test
7005,2,RM_002_XJTU,40Hz10kN/Bearing3_2/2122.csv,0,0,0,2,25600,XJTU/40Hz10kN/Bearing3_2,-1,test
7006,2,RM_002_XJTU,40Hz10kN/Bearing3_2/2123.csv,0,0,0,2,25600,XJTU/40Hz10kN/Bearing3_2,-1,test
7007,2,RM_002_XJTU,40Hz10kN/Bearing3_2/2124.csv,0,0,0,2,25600,XJTU/40Hz10kN/Bearing3_2,-1,test
7008,2,RM_002_XJTU,40Hz10kN/Bearing3_2/2125.csv,0,0,0,2,25600,XJTU/40Hz10kN/Bearing3_2,-1,test
7009,2,RM_002_XJTU,40Hz10kN/Bearing3_2/2126.csv,0,0,0,2,25600,XJTU/40Hz10kN/Bearing3_2,-1,test
7010,2,RM_002_XJTU,40Hz10kN/Bearing3_2/2127.csv,0,0,0,2,25600,XJTU/40Hz10kN/Bearing3_2,-1,test
7011,2,RM_002_XJTU,40Hz10kN/Bearing3_2/2128.csv,0,0,0,2,25600,XJTU/40Hz10kN/Bearing3_2,-1,test
7012,2,RM_002_XJTU,40Hz10kN/Bearing3_2/2129.csv,0,0,0,2,25600,XJTU/40Hz10kN/Bearing3_2,-1,test
7013,2,RM_002_XJTU,40Hz10kN/Bearing3_2/2130.csv,0,0,0,2,25600,XJTU/40Hz10kN/Bearing3_2,-1,test
7014,2,RM_002_XJTU,40Hz10kN/Bearing3_2/2131.csv,0,0,0,2,25600,XJTU/40Hz10kN/Bearing3_2,-1,test
7015,2,RM_002_XJTU,40Hz10kN/Bearing3_2/2132.csv,0,0,0,2,25600,XJTU/40Hz10kN/Bearing3_2,-1,test
7016,2,RM_002_XJTU,40Hz10kN/Bearing3_2/2133.csv,0,0,0,2,25600,XJTU/40Hz10kN/Bearing3_2,-1,test
7017,2,RM_002_XJTU,40Hz10kN/Bearing3_2/2134.csv,0,0,0,2,25600,XJTU/40Hz10kN/Bearing3_2,-1,test
7018,2,RM_002_XJTU,40Hz10kN/Bearing3_2/2135.csv,0,0,0,2,25600,XJTU/40Hz10kN/Bearing3_2,-1,test
7019,2,RM_002_XJTU,40Hz10kN/Bearing3_2/2136.csv,0,0,0,2,25600,XJTU/40Hz10kN/Bearing3_2,-1,test
7020,2,RM_002_XJTU,40Hz10kN/Bearing3_2/2137.csv,0,0,0,2,25600,XJTU/40Hz10kN/Bearing3_2,-1,test
7021,2,RM_002_XJTU,40Hz10kN/Bearing3_2/2138.csv,0,0,0,2,25600,XJTU/40Hz10kN/Bearing3_2,-1,test
7022,2,RM_002_XJTU,40Hz10kN/Bearing3_2/2139.csv,0,0,0,2,25600,XJTU/40Hz10kN/Bearing3_2,-1,test
7023,2,RM_002_XJTU,40Hz10kN/Bearing3_2/2140.csv,0,0,0,2,25600,XJTU/40Hz10kN/Bearing3_2,-1,test
7024,2,RM_002_XJTU,40Hz10kN/Bearing3_2/2141.csv,0,0,0,2,25600,XJTU/40Hz10kN/Bearing3_2,-1,test
7025,2,RM_002_XJTU,40Hz10kN/Bearing3_2/2142.csv,0,0,0,2,25600,XJTU/40Hz10kN/Bearing3_2,-1,test
7026,2,RM_002_XJTU,40Hz10kN/Bearing3_2/2143.csv,0,0,0,2,25600,XJTU/40Hz10kN/Bearing3_2,-1,test
7027,2,RM_002_XJTU,40Hz10kN/Bearing3_2/2144.csv,0,0,0,2,25600,XJTU/40Hz10kN/Bearing3_2,-1,test
7028,2,RM_002_XJTU,40Hz10kN/Bearing3_2/2145.csv,0,0,0,2,25600,XJTU/40Hz10kN/Bearing3_2,-1,test
7029,2,RM_002_XJTU,40Hz10kN/Bearing3_2/2146.csv,0,0,0,2,25600,XJTU/40Hz10kN/Bearing3_2,-1,test
7030,2,RM_002_XJTU,40Hz10kN/Bearing3_2/2147.csv,0,0,0,2,25600,XJTU/40Hz10kN/Bearing3_2,-1,test
7031,2,RM_002_XJTU,40Hz10kN/Bearing3_2/2148.csv,0,0,0,2,25600,XJTU/40Hz10kN/Bearing3_2,-1,test
7032,2,RM_002_XJTU,40Hz10kN/Bearing3_2/2149.csv,0,0,0,2,25600,XJTU/40Hz10kN/Bearing3_2,-1,test
7033,2,RM_002_XJTU,40Hz10kN/Bearing3_2/2150.csv,0,0,0,2,25600,XJTU/40Hz10kN/Bearing3_2,-1,test
7034,2,RM_002_XJTU,40Hz10kN/Bearing3_2/2151.csv,0,0,0,2,25600,XJTU/40Hz10kN/Bearing3_2,-1,test
7035,2,RM_002_XJTU,40Hz10kN/Bearing3_2/2152.csv,0,0,0,2,25600,XJTU/40Hz10kN/Bearing3_2,-1,test
7036,2,RM_002_XJTU,40Hz10kN/Bearing3_2/2153.csv,0,0,0,2,25600,XJTU/40Hz10kN/Bearing3_2,-1,test
7037,2,RM_002_XJTU,40Hz10kN/Bearing3_2/2154.csv,0,0,0,2,25600,XJTU/40Hz10kN/Bearing3_2,-1,test
7038,2,RM_002_XJTU,40Hz10kN/Bearing3_2/2155.csv,0,0,0,2,25600,XJTU/40Hz10kN/Bearing3_2,-1,test
7039,2,RM_002_XJTU,40Hz10kN/Bearing3_2/2156.csv,0,0,0,2,25600,XJTU/40Hz10kN/Bearing3_2,-1,test
7040,2,RM_002_XJTU,40Hz10kN/Bearing3_2/2157.csv,0,0,0,2,25600,XJTU/40Hz10kN/Bearing3_2,-1,test
7041,2,RM_002_XJTU,40Hz10kN/Bearing3_2/2158.csv,0,0,0,2,25600,XJTU/40Hz10kN/Bearing3_2,-1,test
7042,2,RM_002_XJTU,40Hz10kN/Bearing3_2/2159.csv,0,0,0,2,25600,XJTU/40Hz10kN/Bearing3_2,-1,test
7043,2,RM_002_XJTU,40Hz10kN/Bearing3_2/2160.csv,0,0,0,2,25600,XJTU/40Hz10kN/Bearing3_2,-1,test
7044,2,RM_002_XJTU,40Hz10kN/Bearing3_2/2161.csv,0,0,0,2,25600,XJTU/40Hz10kN/Bearing3_2,-1,test
7045,2,RM_002_XJTU,40Hz10kN/Bearing3_2/2162.csv,0,0,0,2,25600,XJTU/40Hz10kN/Bearing3_2,-1,test
7046,2,RM_002_XJTU,40Hz10kN/Bearing3_2/2163.csv,0,0,0,2,25600,XJTU/40Hz10kN/Bearing3_2,-1,test
7047,2,RM_002_XJTU,40Hz10kN/Bearing3_2/2164.csv,0,0,0,2,25600,XJTU/40Hz10kN/Bearing3_2,-1,test
7048,2,RM_002_XJTU,40Hz10kN/Bearing3_2/2165.csv,0,0,0,2,25600,XJTU/40Hz10kN/Bearing3_2,-1,test
7049,2,RM_002_XJTU,40Hz10kN/Bearing3_2/2166.csv,0,0,0,2,25600,XJTU/40Hz10kN/Bearing3_2,-1,test
7050,2,RM_002_XJTU,40Hz10kN/Bearing3_2/2167.csv,0,0,0,2,25600,XJTU/40Hz10kN/Bearing3_2,-1,test
7051,2,RM_002_XJTU,40Hz10kN/Bearing3_2/2168.csv,0,0,0,2,25600,XJTU/40Hz10kN/Bearing3_2,-1,test
7052,2,RM_002_XJTU,40Hz10kN/Bearing3_2/2169.csv,0,0,0,2,25600,XJTU/40Hz10kN/Bearing3_2,-1,test
7053,2,RM_002_XJTU,40Hz10kN/Bearing3_2/2170.csv,0,0,0,2,25600,XJTU/40Hz10kN/Bearing3_2,-1,test
7054,2,RM_002_XJTU,40Hz10kN/Bearing3_2/2171.csv,0,0,0,2,25600,XJTU/40Hz10kN/Bearing3_2,-1,test
7055,2,RM_002_XJTU,40Hz10kN/Bearing3_2/2172.csv,0,0,0,2,25600,XJTU/40Hz10kN/Bearing3_2,-1,test
7056,2,RM_002_XJTU,40Hz10kN/Bearing3_2/2173.csv,0,0,0,2,25600,XJTU/40Hz10kN/Bearing3_2,-1,test
7057,2,RM_002_XJTU,40Hz10kN/Bearing3_2/2174.csv,0,0,0,2,25600,XJTU/40Hz10kN/Bearing3_2,-1,test
7058,2,RM_002_XJTU,40Hz10kN/Bearing3_2/2175.csv,0,0,0,2,25600,XJTU/40Hz10kN/Bearing3_2,-1,test
7059,2,RM_002_XJTU,40Hz10kN/Bearing3_2/2176.csv,0,0,0,2,25600,XJTU/40Hz10kN/Bearing3_2,-1,test
7060,2,RM_002_XJTU,40Hz10kN/Bearing3_2/2177.csv,0,0,0,2,25600,XJTU/40Hz10kN/Bearing3_2,-1,test
7061,2,RM_002_XJTU,40Hz10kN/Bearing3_2/2178.csv,0,0,0,2,25600,XJTU/40Hz10kN/Bearing3_2,-1,test
7062,2,RM_002_XJTU,40Hz10kN/Bearing3_2/2179.csv,0,0,0,2,25600,XJTU/40Hz10kN/Bearing3_2,-1,test
7063,2,RM_002_XJTU,40Hz10kN/Bearing3_2/2180.csv,0,0,0,2,25600,XJTU/40Hz10kN/Bearing3_2,-1,test
7064,2,RM_002_XJTU,40Hz10kN/Bearing3_2/2181.csv,0,0,0,2,25600,XJTU/40Hz10kN/Bearing3_2,-1,test
7065,2,RM_002_XJTU,40Hz10kN/Bearing3_2/2182.csv,0,0,0,2,25600,XJTU/40Hz10kN/Bearing3_2,-1,test
7066,2,RM_002_XJTU,40Hz10kN/Bearing3_2/2183.csv,0,0,0,2,25600,XJTU/40Hz10kN/Bearing3_2,-1,test
7067,2,RM_002_XJTU,40Hz10kN/Bearing3_2/2184.csv,0,0,0,2,25600,XJTU/40Hz10kN/Bearing3_2,-1,test
7068,2,RM_002_XJTU,40Hz10kN/Bearing3_2/2185.csv,0,0,0,2,25600,XJTU/40Hz10kN/Bearing3_2,-1,test
7069,2,RM_002_XJTU,40Hz10kN/Bearing3_2/2186.csv,0,0,0,2,25600,XJTU/40Hz10kN/Bearing3_2,-1,test
7070,2,RM_002_XJTU,40Hz10kN/Bearing3_2/2187.csv,0,0,0,2,25600,XJTU/40Hz10kN/Bearing3_2,-1,test
7071,2,RM_002_XJTU,40Hz10kN/Bearing3_2/2188.csv,0,0,0,2,25600,XJTU/40Hz10kN/Bearing3_2,-1,test
7072,2,RM_002_XJTU,40Hz10kN/Bearing3_2/2189.csv,0,0,0,2,25600,XJTU/40Hz10kN/Bearing3_2,-1,test
7073,2,RM_002_XJTU,40Hz10kN/Bearing3_2/2190.csv,0,0,0,2,25600,XJTU/40Hz10kN/Bearing3_2,-1,test
7074,2,RM_002_XJTU,40Hz10kN/Bearing3_2/2191.csv,0,0,0,2,25600,XJTU/40Hz10kN/Bearing3_2,-1,test
7075,2,RM_002_XJTU,40Hz10kN/Bearing3_2/2192.csv,0,0,0,2,25600,XJTU/40Hz10kN/Bearing3_2,-1,test
7076,2,RM_002_XJTU,40Hz10kN/Bearing3_2/2193.csv,0,0,0,2,25600,XJTU/40Hz10kN/Bearing3_2,-1,test
7077,2,RM_002_XJTU,40Hz10kN/Bearing3_2/2194.csv,0,0,0,2,25600,XJTU/40Hz10kN/Bearing3_2,-1,test
7078,2,RM_002_XJTU,40Hz10kN/Bearing3_2/2195.csv,0,0,0,2,25600,XJTU/40Hz10kN/Bearing3_2,-1,test
7079,2,RM_002_XJTU,40Hz10kN/Bearing3_2/2196.csv,0,0,0,2,25600,XJTU/40Hz10kN/Bearing3_2,-1,test
7080,2,RM_002_XJTU,40Hz10kN/Bearing3_2/2197.csv,0,0,0,2,25600,XJTU/40Hz10kN/Bearing3_2,-1,test
7081,2,RM_002_XJTU,40Hz10kN/Bearing3_2/2198.csv,0,0,0,2,25600,XJTU/40Hz10kN/Bearing3_2,-1,test
7082,2,RM_002_XJTU,40Hz10kN/Bearing3_2/2199.csv,0,0,0,2,25600,XJTU/40Hz10kN/Bearing3_2,-1,test
7083,2,RM_002_XJTU,40Hz10kN/Bearing3_2/2200.csv,0,0,0,2,25600,XJTU/40Hz10kN/Bearing3_2,-1,test
7084,2,RM_002_XJTU,40Hz10kN/Bearing3_2/2201.csv,0,0,0,2,25600,XJTU/40Hz10kN/Bearing3_2,-1,test
7085,2,RM_002_XJTU,40Hz10kN/Bearing3_2/2202.csv,0,0,0,2,25600,XJTU/40Hz10kN/Bearing3_2,-1,test
7086,2,RM_002_XJTU,40Hz10kN/Bearing3_2/2203.csv,0,0,0,2,25600,XJTU/40Hz10kN/Bearing3_2,-1,test
7087,2,RM_002_XJTU,40Hz10kN/Bearing3_2/2204.csv,0,0,0,2,25600,XJTU/40Hz10kN/Bearing3_2,-1,test
7088,2,RM_002_XJTU,40Hz10kN/Bearing3_2/2205.csv,0,0,0,2,25600,XJTU/40Hz10kN/Bearing3_2,-1,test
7089,2,RM_002_XJTU,40Hz10kN/Bearing3_2/2206.csv,0,0,0,2,25600,XJTU/40Hz10kN/Bearing3_2,-1,test
7090,2,RM_002_XJTU,40Hz10kN/Bearing3_2/2207.csv,0,0,0,2,25600,XJTU/40Hz10kN/Bearing3_2,-1,test
7091,2,RM_002_XJTU,40Hz10kN/Bearing3_2/2208.csv,0,0,0,2,25600,XJTU/40Hz10kN/Bearing3_2,-1,test
7092,2,RM_002_XJTU,40Hz10kN/Bearing3_2/2209.csv,0,0,0,2,25600,XJTU/40Hz10kN/Bearing3_2,-1,test
7093,2,RM_002_XJTU,40Hz10kN/Bearing3_2/2210.csv,0,0,0,2,25600,XJTU/40Hz10kN/Bearing3_2,-1,test
7094,2,RM_002_XJTU,40Hz10kN/Bearing3_2/2211.csv,0,0,0,2,25600,XJTU/40Hz10kN/Bearing3_2,-1,test
7095,2,RM_002_XJTU,40Hz10kN/Bearing3_2/2212.csv,0,0,0,2,25600,XJTU/40Hz10kN/Bearing3_2,-1,test
7096,2,RM_002_XJTU,40Hz10kN/Bearing3_2/2213.csv,0,0,0,2,25600,XJTU/40Hz10kN/Bearing3_2,-1,test
7097,2,RM_002_XJTU,40Hz10kN/Bearing3_2/2214.csv,0,0,0,2,25600,XJTU/40Hz10kN/Bearing3_2,-1,test
7098,2,RM_002_XJTU,40Hz10kN/Bearing3_2/2215.csv,0,0,0,2,25600,XJTU/40Hz10kN/Bearing3_2,-1,test
7099,2,RM_002_XJTU,40Hz10kN/Bearing3_2/2216.csv,0,0,0,2,25600,XJTU/40Hz10kN/Bearing3_2,-1,test
7100,2,RM_002_XJTU,40Hz10kN/Bearing3_2/2217.csv,0,0,0,2,25600,XJTU/40Hz10kN/Bearing3_2,-1,test
7101,2,RM_002_XJTU,40Hz10kN/Bearing3_2/2218.csv,0,0,0,2,25600,XJTU/40Hz10kN/Bearing3_2,-1,test
7102,2,RM_002_XJTU,40Hz10kN/Bearing3_2/2219.csv,0,0,0,2,25600,XJTU/40Hz10kN/Bearing3_2,-1,test
7103,2,RM_002_XJTU,40Hz10kN/Bearing3_2/2220.csv,0,0,0,2,25600,XJTU/40Hz10kN/Bearing3_2,-1,test
7104,2,RM_002_XJTU,40Hz10kN/Bearing3_2/2221.csv,0,0,0,2,25600,XJTU/40Hz10kN/Bearing3_2,-1,test
7105,2,RM_002_XJTU,40Hz10kN/Bearing3_2/2222.csv,0,0,0,2,25600,XJTU/40Hz10kN/Bearing3_2,-1,test
7106,2,RM_002_XJTU,40Hz10kN/Bearing3_2/2223.csv,0,0,0,2,25600,XJTU/40Hz10kN/Bearing3_2,-1,test
7107,2,RM_002_XJTU,40Hz10kN/Bearing3_2/2224.csv,0,0,0,2,25600,XJTU/40Hz10kN/Bearing3_2,-1,test
7108,2,RM_002_XJTU,40Hz10kN/Bearing3_2/2225.csv,0,0,0,2,25600,XJTU/40Hz10kN/Bearing3_2,-1,test
7109,2,RM_002_XJTU,40Hz10kN/Bearing3_2/2226.csv,0,0,0,2,25600,XJTU/40Hz10kN/Bearing3_2,-1,test
7110,2,RM_002_XJTU,40Hz10kN/Bearing3_2/2227.csv,0,0,0,2,25600,XJTU/40Hz10kN/Bearing3_2,-1,test
7111,2,RM_002_XJTU,40Hz10kN/Bearing3_2/2228.csv,0,0,0,2,25600,XJTU/40Hz10kN/Bearing3_2,-1,test
7112,2,RM_002_XJTU,40Hz10kN/Bearing3_2/2229.csv,0,0,0,2,25600,XJTU/40Hz10kN/Bearing3_2,-1,test
7113,2,RM_002_XJTU,40Hz10kN/Bearing3_2/2230.csv,0,0,0,2,25600,XJTU/40Hz10kN/Bearing3_2,-1,test
7114,2,RM_002_XJTU,40Hz10kN/Bearing3_2/2231.csv,0,0,0,2,25600,XJTU/40Hz10kN/Bearing3_2,-1,test
7115,2,RM_002_XJTU,40Hz10kN/Bearing3_2/2232.csv,0,0,0,2,25600,XJTU/40Hz10kN/Bearing3_2,-1,test
7116,2,RM_002_XJTU,40Hz10kN/Bearing3_2/2233.csv,0,0,0,2,25600,XJTU/40Hz10kN/Bearing3_2,-1,test
7117,2,RM_002_XJTU,40Hz10kN/Bearing3_2/2234.csv,0,0,0,2,25600,XJTU/40Hz10kN/Bearing3_2,-1,test
7118,2,RM_002_XJTU,40Hz10kN/Bearing3_2/2235.csv,0,0,0,2,25600,XJTU/40Hz10kN/Bearing3_2,-1,test
7119,2,RM_002_XJTU,40Hz10kN/Bearing3_2/2236.csv,0,0,0,2,25600,XJTU/40Hz10kN/Bearing3_2,-1,test
7120,2,RM_002_XJTU,40Hz10kN/Bearing3_2/2237.csv,0,0,0,2,25600,XJTU/40Hz10kN/Bearing3_2,-1,test
7121,2,RM_002_XJTU,40Hz10kN/Bearing3_2/2238.csv,0,0,0,2,25600,XJTU/40Hz10kN/Bearing3_2,-1,test
7122,2,RM_002_XJTU,40Hz10kN/Bearing3_2/2239.csv,0,0,0,2,25600,XJTU/40Hz10kN/Bearing3_2,-1,test
7123,2,RM_002_XJTU,40Hz10kN/Bearing3_2/2240.csv,0,0,0,2,25600,XJTU/40Hz10kN/Bearing3_2,-1,test
7124,2,RM_002_XJTU,40Hz10kN/Bearing3_2/2241.csv,0,0,0,2,25600,XJTU/40Hz10kN/Bearing3_2,-1,test
7125,2,RM_002_XJTU,40Hz10kN/Bearing3_2/2242.csv,0,0,0,2,25600,XJTU/40Hz10kN/Bearing3_2,-1,test
7126,2,RM_002_XJTU,40Hz10kN/Bearing3_2/2243.csv,0,0,0,2,25600,XJTU/40Hz10kN/Bearing3_2,-1,test
7127,2,RM_002_XJTU,40Hz10kN/Bearing3_2/2244.csv,0,0,0,2,25600,XJTU/40Hz10kN/Bearing3_2,-1,test
7128,2,RM_002_XJTU,40Hz10kN/Bearing3_2/2245.csv,0,0,0,2,25600,XJTU/40Hz10kN/Bearing3_2,-1,test
7129,2,RM_002_XJTU,40Hz10kN/Bearing3_2/2246.csv,0,0,0,2,25600,XJTU/40Hz10kN/Bearing3_2,-1,test
7130,2,RM_002_XJTU,40Hz10kN/Bearing3_2/2247.csv,0,0,0,2,25600,XJTU/40Hz10kN/Bearing3_2,-1,test
7281,2,RM_002_XJTU,40Hz10kN/Bearing3_2/2398.csv,12,1,1,2,25600,XJTU/40Hz10kN/Bearing3_2,-1,test
7282,2,RM_002_XJTU,40Hz10kN/Bearing3_2/2399.csv,12,1,1,2,25600,XJTU/40Hz10kN/Bearing3_2,-1,test
7283,2,RM_002_XJTU,40Hz10kN/Bearing3_2/2400.csv,12,1,1,2,25600,XJTU/40Hz10kN/Bearing3_2,-1,test
7284,2,RM_002_XJTU,40Hz10kN/Bearing3_2/2401.csv,12,1,1,2,25600,XJTU/40Hz10kN/Bearing3_2,-1,test
7285,2,RM_002_XJTU,40Hz10kN/Bearing3_2/2402.csv,12,1,1,2,25600,XJTU/40Hz10kN/Bearing3_2,-1,test
7286,2,RM_002_XJTU,40Hz10kN/Bearing3_2/2403.csv,12,1,1,2,25600,XJTU/40Hz10kN/Bearing3_2,-1,test
7287,2,RM_002_XJTU,40Hz10kN/Bearing3_2/2404.csv,12,1,1,2,25600,XJTU/40Hz10kN/Bearing3_2,-1,test
7288,2,RM_002_XJTU,40Hz10kN/Bearing3_2/2405.csv,12,1,1,2,25600,XJTU/40Hz10kN/Bearing3_2,-1,test
7289,2,RM_002_XJTU,40Hz10kN/Bearing3_2/2406.csv,12,1,1,2,25600,XJTU/40Hz10kN/Bearing3_2,-1,test
7290,2,RM_002_XJTU,40Hz10kN/Bearing3_2/2407.csv,12,1,1,2,25600,XJTU/40Hz10kN/Bearing3_2,-1,test
7291,2,RM_002_XJTU,40Hz10kN/Bearing3_2/2408.csv,12,1,1,2,25600,XJTU/40Hz10kN/Bearing3_2,-1,test
7292,2,RM_002_XJTU,40Hz10kN/Bearing3_2/2409.csv,12,1,1,2,25600,XJTU/40Hz10kN/Bearing3_2,-1,test
7293,2,RM_002_XJTU,40Hz10kN/Bearing3_2/2410.csv,12,1,1,2,25600,XJTU/40Hz10kN/Bearing3_2,-1,test
7294,2,RM_002_XJTU,40Hz10kN/Bearing3_2/2411.csv,12,1,1,2,25600,XJTU/40Hz10kN/Bearing3_2,-1,test
7295,2,RM_002_XJTU,40Hz10kN/Bearing3_2/2412.csv,12,1,1,2,25600,XJTU/40Hz10kN/Bearing3_2,-1,test
7296,2,RM_002_XJTU,40Hz10kN/Bearing3_2/2413.csv,12,1,1,2,25600,XJTU/40Hz10kN/Bearing3_2,-1,test
7297,2,RM_002_XJTU,40Hz10kN/Bearing3_2/2414.csv,12,1,1,2,25600,XJTU/40Hz10kN/Bearing3_2,-1,test
7298,2,RM_002_XJTU,40Hz10kN/Bearing3_2/2415.csv,12,1,1,2,25600,XJTU/40Hz10kN/Bearing3_2,-1,test
7299,2,RM_002_XJTU,40Hz10kN/Bearing3_2/2416.csv,12,1,1,2,25600,XJTU/40Hz10kN/Bearing3_2,-1,test
7300,2,RM_002_XJTU,40Hz10kN/Bearing3_2/2417.csv,12,1,1,2,25600,XJTU/40Hz10kN/Bearing3_2,-1,test
7301,2,RM_002_XJTU,40Hz10kN/Bearing3_2/2418.csv,12,1,1,2,25600,XJTU/40Hz10kN/Bearing3_2,-1,test
7302,2,RM_002_XJTU,40Hz10kN/Bearing3_2/2419.csv,12,1,1,2,25600,XJTU/40Hz10kN/Bearing3_2,-1,test
7303,2,RM_002_XJTU,40Hz10kN/Bearing3_2/2420.csv,12,1,1,2,25600,XJTU/40Hz10kN/Bearing3_2,-1,test
7304,2,RM_002_XJTU,40Hz10kN/Bearing3_2/2421.csv,12,1,1,2,25600,XJTU/40Hz10kN/Bearing3_2,-1,test
7305,2,RM_002_XJTU,40Hz10kN/Bearing3_2/2422.csv,12,1,1,2,25600,XJTU/40Hz10kN/Bearing3_2,-1,test
7306,2,RM_002_XJTU,40Hz10kN/Bearing3_2/2423.csv,12,1,1,2,25600,XJTU/40Hz10kN/Bearing3_2,-1,test
7307,2,RM_002_XJTU,40Hz10kN/Bearing3_2/2424.csv,12,1,1,2,25600,XJTU/40Hz10kN/Bearing3_2,-1,test
7308,2,RM_002_XJTU,40Hz10kN/Bearing3_2/2425.csv,12,1,1,2,25600,XJTU/40Hz10kN/Bearing3_2,-1,test
7309,2,RM_002_XJTU,40Hz10kN/Bearing3_2/2426.csv,12,1,1,2,25600,XJTU/40Hz10kN/Bearing3_2,-1,test
7310,2,RM_002_XJTU,40Hz10kN/Bearing3_2/2427.csv,12,1,1,2,25600,XJTU/40Hz10kN/Bearing3_2,-1,test
7311,2,RM_002_XJTU,40Hz10kN/Bearing3_2/2428.csv,12,1,1,2,25600,XJTU/40Hz10kN/Bearing3_2,-1,test
7312,2,RM_002_XJTU,40Hz10kN/Bearing3_2/2429.csv,12,1,1,2,25600,XJTU/40Hz10kN/Bearing3_2,-1,test
7313,2,RM_002_XJTU,40Hz10kN/Bearing3_2/2430.csv,12,1,1,2,25600,XJTU/40Hz10kN/Bearing3_2,-1,test
7314,2,RM_002_XJTU,40Hz10kN/Bearing3_2/2431.csv,12,1,1,2,25600,XJTU/40Hz10kN/Bearing3_2,-1,test
7315,2,RM_002_XJTU,40Hz10kN/Bearing3_2/2432.csv,12,1,1,2,25600,XJTU/40Hz10kN/Bearing3_2,-1,test
7316,2,RM_002_XJTU,40Hz10kN/Bearing3_2/2433.csv,12,1,1,2,25600,XJTU/40Hz10kN/Bearing3_2,-1,test
7317,2,RM_002_XJTU,40Hz10kN/Bearing3_2/2434.csv,12,1,1,2,25600,XJTU/40Hz10kN/Bearing3_2,-1,test
7318,2,RM_002_XJTU,40Hz10kN/Bearing3_2/2435.csv,12,1,1,2,25600,XJTU/40Hz10kN/Bearing3_2,-1,test
7319,2,RM_002_XJTU,40Hz10kN/Bearing3_2/2436.csv,12,1,1,2,25600,XJTU/40Hz10kN/Bearing3_2,-1,test
7320,2,RM_002_XJTU,40Hz10kN/Bearing3_2/2437.csv,12,1,1,2,25600,XJTU/40Hz10kN/Bearing3_2,-1,test
7321,2,RM_002_XJTU,40Hz10kN/Bearing3_2/2438.csv,12,1,1,2,25600,XJTU/40Hz10kN/Bearing3_2,-1,test
7322,2,RM_002_XJTU,40Hz10kN/Bearing3_2/2439.csv,12,1,1,2,25600,XJTU/40Hz10kN/Bearing3_2,-1,test
7323,2,RM_002_XJTU,40Hz10kN/Bearing3_2/2440.csv,12,1,1,2,25600,XJTU/40Hz10kN/Bearing3_2,-1,test
7324,2,RM_002_XJTU,40Hz10kN/Bearing3_2/2441.csv,12,1,1,2,25600,XJTU/40Hz10kN/Bearing3_2,-1,test
7325,2,RM_002_XJTU,40Hz10kN/Bearing3_2/2442.csv,12,1,1,2,25600,XJTU/40Hz10kN/Bearing3_2,-1,test
7326,2,RM_002_XJTU,40Hz10kN/Bearing3_2/2443.csv,12,1,1,2,25600,XJTU/40Hz10kN/Bearing3_2,-1,test
7327,2,RM_002_XJTU,40Hz10kN/Bearing3_2/2444.csv,12,1,1,2,25600,XJTU/40Hz10kN/Bearing3_2,-1,test
7328,2,RM_002_XJTU,40Hz10kN/Bearing3_2/2445.csv,12,1,1,2,25600,XJTU/40Hz10kN/Bearing3_2,-1,test
7329,2,RM_002_XJTU,40Hz10kN/Bearing3_2/2446.csv,12,1,1,2,25600,XJTU/40Hz10kN/Bearing3_2,-1,test
7330,2,RM_002_XJTU,40Hz10kN/Bearing3_2/2447.csv,12,1,1,2,25600,XJTU/40Hz10kN/Bearing3_2,-1,test
7331,2,RM_002_XJTU,40Hz10kN/Bearing3_2/2448.csv,12,1,1,2,25600,XJTU/40Hz10kN/Bearing3_2,-1,test
7332,2,RM_002_XJTU,40Hz10kN/Bearing3_2/2449.csv,12,1,1,2,25600,XJTU/40Hz10kN/Bearing3_2,-1,test
7333,2,RM_002_XJTU,40Hz10kN/Bearing3_2/2450.csv,12,1,1,2,25600,XJTU/40Hz10kN/Bearing3_2,-1,test
7334,2,RM_002_XJTU,40Hz10kN/Bearing3_2/2451.csv,12,1,1,2,25600,XJTU/40Hz10kN/Bearing3_2,-1,test
7335,2,RM_002_XJTU,40Hz10kN/Bearing3_2/2452.csv,12,1,1,2,25600,XJTU/40Hz10kN/Bearing3_2,-1,test
7336,2,RM_002_XJTU,40Hz10kN/Bearing3_2/2453.csv,12,1,1,2,25600,XJTU/40Hz10kN/Bearing3_2,-1,test
7337,2,RM_002_XJTU,40Hz10kN/Bearing3_2/2454.csv,12,1,1,2,25600,XJTU/40Hz10kN/Bearing3_2,-1,test
7338,2,RM_002_XJTU,40Hz10kN/Bearing3_2/2455.csv,12,1,1,2,25600,XJTU/40Hz10kN/Bearing3_2,-1,test
7339,2,RM_002_XJTU,40Hz10kN/Bearing3_2/2456.csv,12,1,1,2,25600,XJTU/40Hz10kN/Bearing3_2,-1,test
7340,2,RM_002_XJTU,40Hz10kN/Bearing3_2/2457.csv,12,1,1,2,25600,XJTU/40Hz10kN/Bearing3_2,-1,test
7341,2,RM_002_XJTU,40Hz10kN/Bearing3_2/2458.csv,12,1,1,2,25600,XJTU/40Hz10kN/Bearing3_2,-1,test
7342,2,RM_002_XJTU,40Hz10kN/Bearing3_2/2459.csv,12,1,1,2,25600,XJTU/40Hz10kN/Bearing3_2,-1,test
7343,2,RM_002_XJTU,40Hz10kN/Bearing3_2/2460.csv,12,1,1,2,25600,XJTU/40Hz10kN/Bearing3_2,-1,test
7344,2,RM_002_XJTU,40Hz10kN/Bearing3_2/2461.csv,12,1,1,2,25600,XJTU/40Hz10kN/Bearing3_2,-1,test
7345,2,RM_002_XJTU,40Hz10kN/Bearing3_2/2462.csv,12,1,1,2,25600,XJTU/40Hz10kN/Bearing3_2,-1,test
7346,2,RM_002_XJTU,40Hz10kN/Bearing3_2/2463.csv,12,1,1,2,25600,XJTU/40Hz10kN/Bearing3_2,-1,test
7347,2,RM_002_XJTU,40Hz10kN/Bearing3_2/2464.csv,12,1,1,2,25600,XJTU/40Hz10kN/Bearing3_2,-1,test
7348,2,RM_002_XJTU,40Hz10kN/Bearing3_2/2465.csv,12,1,1,2,25600,XJTU/40Hz10kN/Bearing3_2,-1,test
7349,2,RM_002_XJTU,40Hz10kN/Bearing3_2/2466.csv,12,1,1,2,25600,XJTU/40Hz10kN/Bearing3_2,-1,test
7350,2,RM_002_XJTU,40Hz10kN/Bearing3_2/2467.csv,12,1,1,2,25600,XJTU/40Hz10kN/Bearing3_2,-1,test
7351,2,RM_002_XJTU,40Hz10kN/Bearing3_2/2468.csv,12,1,1,2,25600,XJTU/40Hz10kN/Bearing3_2,-1,test
7352,2,RM_002_XJTU,40Hz10kN/Bearing3_2/2469.csv,12,1,1,2,25600,XJTU/40Hz10kN/Bearing3_2,-1,test
7353,2,RM_002_XJTU,40Hz10kN/Bearing3_2/2470.csv,12,1,1,2,25600,XJTU/40Hz10kN/Bearing3_2,-1,test
7354,2,RM_002_XJTU,40Hz10kN/Bearing3_2/2471.csv,12,1,1,2,25600,XJTU/40Hz10kN/Bearing3_2,-1,test
7355,2,RM_002_XJTU,40Hz10kN/Bearing3_2/2472.csv,12,1,1,2,25600,XJTU/40Hz10kN/Bearing3_2,-1,test
7356,2,RM_002_XJTU,40Hz10kN/Bearing3_2/2473.csv,12,1,1,2,25600,XJTU/40Hz10kN/Bearing3_2,-1,test
7357,2,RM_002_XJTU,40Hz10kN/Bearing3_2/2474.csv,12,1,1,2,25600,XJTU/40Hz10kN/Bearing3_2,-1,test
7358,2,RM_002_XJTU,40Hz10kN/Bearing3_2/2475.csv,12,1,1,2,25600,XJTU/40Hz10kN/Bearing3_2,-1,test
7359,2,RM_002_XJTU,40Hz10kN/Bearing3_2/2476.csv,12,1,1,2,25600,XJTU/40Hz10kN/Bearing3_2,-1,test
7360,2,RM_002_XJTU,40Hz10kN/Bearing3_2/2477.csv,12,1,1,2,25600,XJTU/40Hz10kN/Bearing3_2,-1,test
7361,2,RM_002_XJTU,40Hz10kN/Bearing3_2/2478.csv,12,1,1,2,25600,XJTU/40Hz10kN/Bearing3_2,-1,test
7362,2,RM_002_XJTU,40Hz10kN/Bearing3_2/2479.csv,12,1,1,2,25600,XJTU/40Hz10kN/Bearing3_2,-1,test
7363,2,RM_002_XJTU,40Hz10kN/Bearing3_2/2480.csv,12,1,1,2,25600,XJTU/40Hz10kN/Bearing3_2,-1,test
7364,2,RM_002_XJTU,40Hz10kN/Bearing3_2/2481.csv,12,1,1,2,25600,XJTU/40Hz10kN/Bearing3_2,-1,test
7365,2,RM_002_XJTU,40Hz10kN/Bearing3_2/2482.csv,12,1,1,2,25600,XJTU/40Hz10kN/Bearing3_2,-1,test
7366,2,RM_002_XJTU,40Hz10kN/Bearing3_2/2483.csv,12,1,1,2,25600,XJTU/40Hz10kN/Bearing3_2,-1,test
7367,2,RM_002_XJTU,40Hz10kN/Bearing3_2/2484.csv,12,1,1,2,25600,XJTU/40Hz10kN/Bearing3_2,-1,test
7368,2,RM_002_XJTU,40Hz10kN/Bearing3_2/2485.csv,12,1,1,2,25600,XJTU/40Hz10kN/Bearing3_2,-1,test
7369,2,RM_002_XJTU,40Hz10kN/Bearing3_2/2486.csv,12,1,1,2,25600,XJTU/40Hz10kN/Bearing3_2,-1,test
7370,2,RM_002_XJTU,40Hz10kN/Bearing3_2/2487.csv,12,1,1,2,25600,XJTU/40Hz10kN/Bearing3_2,-1,test
7371,2,RM_002_XJTU,40Hz10kN/Bearing3_2/2488.csv,12,1,1,2,25600,XJTU/40Hz10kN/Bearing3_2,-1,test
7372,2,RM_002_XJTU,40Hz10kN/Bearing3_2/2489.csv,12,1,1,2,25600,XJTU/40Hz10kN/Bearing3_2,-1,test
7373,2,RM_002_XJTU,40Hz10kN/Bearing3_2/2490.csv,12,1,1,2,25600,XJTU/40Hz10kN/Bearing3_2,-1,test
7374,2,RM_002_XJTU,40Hz10kN/Bearing3_2/2491.csv,12,1,1,2,25600,XJTU/40Hz10kN/Bearing3_2,-1,test
7375,2,RM_002_XJTU,40Hz10kN/Bearing3_2/2492.csv,12,1,1,2,25600,XJTU/40Hz10kN/Bearing3_2,-1,test
7376,2,RM_002_XJTU,40Hz10kN/Bearing3_2/2493.csv,12,1,1,2,25600,XJTU/40Hz10kN/Bearing3_2,-1,test
7377,2,RM_002_XJTU,40Hz10kN/Bearing3_2/2494.csv,12,1,1,2,25600,XJTU/40Hz10kN/Bearing3_2,-1,test
7378,2,RM_002_XJTU,40Hz10kN/Bearing3_2/2495.csv,12,1,1,2,25600,XJTU/40Hz10kN/Bearing3_2,-1,test
7379,2,RM_002_XJTU,40Hz10kN/Bearing3_2/2496.csv,12,1,1,2,25600,XJTU/40Hz10kN/Bearing3_2,-1,test
7380,2,RM_002_XJTU,40Hz10kN/Bearing3_3/1.csv,0,0,0,2,25600,XJTU/40Hz10kN/Bearing3_3,-1,test
7381,2,RM_002_XJTU,40Hz10kN/Bearing3_3/2.csv,0,0,0,2,25600,XJTU/40Hz10kN/Bearing3_3,-1,test
7382,2,RM_002_XJTU,40Hz10kN/Bearing3_3/3.csv,0,0,0,2,25600,XJTU/40Hz10kN/Bearing3_3,-1,test
7383,2,RM_002_XJTU,40Hz10kN/Bearing3_3/4.csv,0,0,0,2,25600,XJTU/40Hz10kN/Bearing3_3,-1,test
7384,2,RM_002_XJTU,40Hz10kN/Bearing3_3/5.csv,0,0,0,2,25600,XJTU/40Hz10kN/Bearing3_3,-1,test
7385,2,RM_002_XJTU,40Hz10kN/Bearing3_3/6.csv,0,0,0,2,25600,XJTU/40Hz10kN/Bearing3_3,-1,test
7386,2,RM_002_XJTU,40Hz10kN/Bearing3_3/7.csv,0,0,0,2,25600,XJTU/40Hz10kN/Bearing3_3,-1,test
7387,2,RM_002_XJTU,40Hz10kN/Bearing3_3/8.csv,0,0,0,2,25600,XJTU/40Hz10kN/Bearing3_3,-1,test
7388,2,RM_002_XJTU,40Hz10kN/Bearing3_3/9.csv,0,0,0,2,25600,XJTU/40Hz10kN/Bearing3_3,-1,test
7389,2,RM_002_XJTU,40Hz10kN/Bearing3_3/10.csv,0,0,0,2,25600,XJTU/40Hz10kN/Bearing3_3,-1,test
7390,2,RM_002_XJTU,40Hz10kN/Bearing3_3/11.csv,0,0,0,2,25600,XJTU/40Hz10kN/Bearing3_3,-1,test
7391,2,RM_002_XJTU,40Hz10kN/Bearing3_3/12.csv,0,0,0,2,25600,XJTU/40Hz10kN/Bearing3_3,-1,test
7392,2,RM_002_XJTU,40Hz10kN/Bearing3_3/13.csv,0,0,0,2,25600,XJTU/40Hz10kN/Bearing3_3,-1,test
7393,2,RM_002_XJTU,40Hz10kN/Bearing3_3/14.csv,0,0,0,2,25600,XJTU/40Hz10kN/Bearing3_3,-1,test
7394,2,RM_002_XJTU,40Hz10kN/Bearing3_3/15.csv,0,0,0,2,25600,XJTU/40Hz10kN/Bearing3_3,-1,test
7395,2,RM_002_XJTU,40Hz10kN/Bearing3_3/16.csv,0,0,0,2,25600,XJTU/40Hz10kN/Bearing3_3,-1,test
7396,2,RM_002_XJTU,40Hz10kN/Bearing3_3/17.csv,0,0,0,2,25600,XJTU/40Hz10kN/Bearing3_3,-1,test
7397,2,RM_002_XJTU,40Hz10kN/Bearing3_3/18.csv,0,0,0,2,25600,XJTU/40Hz10kN/Bearing3_3,-1,test
7398,2,RM_002_XJTU,40Hz10kN/Bearing3_3/19.csv,0,0,0,2,25600,XJTU/40Hz10kN/Bearing3_3,-1,test
7399,2,RM_002_XJTU,40Hz10kN/Bearing3_3/20.csv,0,0,0,2,25600,XJTU/40Hz10kN/Bearing3_3,-1,test
7400,2,RM_002_XJTU,40Hz10kN/Bearing3_3/21.csv,0,0,0,2,25600,XJTU/40Hz10kN/Bearing3_3,-1,test
7401,2,RM_002_XJTU,40Hz10kN/Bearing3_3/22.csv,0,0,0,2,25600,XJTU/40Hz10kN/Bearing3_3,-1,test
7402,2,RM_002_XJTU,40Hz10kN/Bearing3_3/23.csv,0,0,0,2,25600,XJTU/40Hz10kN/Bearing3_3,-1,test
7403,2,RM_002_XJTU,40Hz10kN/Bearing3_3/24.csv,0,0,0,2,25600,XJTU/40Hz10kN/Bearing3_3,-1,test
7404,2,RM_002_XJTU,40Hz10kN/Bearing3_3/25.csv,0,0,0,2,25600,XJTU/40Hz10kN/Bearing3_3,-1,test
7405,2,RM_002_XJTU,40Hz10kN/Bearing3_3/26.csv,0,0,0,2,25600,XJTU/40Hz10kN/Bearing3_3,-1,test
7406,2,RM_002_XJTU,40Hz10kN/Bearing3_3/27.csv,0,0,0,2,25600,XJTU/40Hz10kN/Bearing3_3,-1,test
7407,2,RM_002_XJTU,40Hz10kN/Bearing3_3/28.csv,0,0,0,2,25600,XJTU/40Hz10kN/Bearing3_3,-1,test
7408,2,RM_002_XJTU,40Hz10kN/Bearing3_3/29.csv,0,0,0,2,25600,XJTU/40Hz10kN/Bearing3_3,-1,test
7409,2,RM_002_XJTU,40Hz10kN/Bearing3_3/30.csv,0,0,0,2,25600,XJTU/40Hz10kN/Bearing3_3,-1,test
7410,2,RM_002_XJTU,40Hz10kN/Bearing3_3/31.csv,0,0,0,2,25600,XJTU/40Hz10kN/Bearing3_3,-1,test
7411,2,RM_002_XJTU,40Hz10kN/Bearing3_3/32.csv,0,0,0,2,25600,XJTU/40Hz10kN/Bearing3_3,-1,test
7412,2,RM_002_XJTU,40Hz10kN/Bearing3_3/33.csv,0,0,0,2,25600,XJTU/40Hz10kN/Bearing3_3,-1,test
7413,2,RM_002_XJTU,40Hz10kN/Bearing3_3/34.csv,0,0,0,2,25600,XJTU/40Hz10kN/Bearing3_3,-1,test
7414,2,RM_002_XJTU,40Hz10kN/Bearing3_3/35.csv,0,0,0,2,25600,XJTU/40Hz10kN/Bearing3_3,-1,test
7415,2,RM_002_XJTU,40Hz10kN/Bearing3_3/36.csv,0,0,0,2,25600,XJTU/40Hz10kN/Bearing3_3,-1,test
7416,2,RM_002_XJTU,40Hz10kN/Bearing3_3/37.csv,0,0,0,2,25600,XJTU/40Hz10kN/Bearing3_3,-1,test
7417,2,RM_002_XJTU,40Hz10kN/Bearing3_3/38.csv,0,0,0,2,25600,XJTU/40Hz10kN/Bearing3_3,-1,test
7418,2,RM_002_XJTU,40Hz10kN/Bearing3_3/39.csv,0,0,0,2,25600,XJTU/40Hz10kN/Bearing3_3,-1,test
7419,2,RM_002_XJTU,40Hz10kN/Bearing3_3/40.csv,0,0,0,2,25600,XJTU/40Hz10kN/Bearing3_3,-1,test
7420,2,RM_002_XJTU,40Hz10kN/Bearing3_3/41.csv,0,0,0,2,25600,XJTU/40Hz10kN/Bearing3_3,-1,test
7421,2,RM_002_XJTU,40Hz10kN/Bearing3_3/42.csv,0,0,0,2,25600,XJTU/40Hz10kN/Bearing3_3,-1,test
7422,2,RM_002_XJTU,40Hz10kN/Bearing3_3/43.csv,0,0,0,2,25600,XJTU/40Hz10kN/Bearing3_3,-1,test
7423,2,RM_002_XJTU,40Hz10kN/Bearing3_3/44.csv,0,0,0,2,25600,XJTU/40Hz10kN/Bearing3_3,-1,test
7424,2,RM_002_XJTU,40Hz10kN/Bearing3_3/45.csv,0,0,0,2,25600,XJTU/40Hz10kN/Bearing3_3,-1,test
7425,2,RM_002_XJTU,40Hz10kN/Bearing3_3/46.csv,0,0,0,2,25600,XJTU/40Hz10kN/Bearing3_3,-1,test
7426,2,RM_002_XJTU,40Hz10kN/Bearing3_3/47.csv,0,0,0,2,25600,XJTU/40Hz10kN/Bearing3_3,-1,test
7427,2,RM_002_XJTU,40Hz10kN/Bearing3_3/48.csv,0,0,0,2,25600,XJTU/40Hz10kN/Bearing3_3,-1,test
7428,2,RM_002_XJTU,40Hz10kN/Bearing3_3/49.csv,0,0,0,2,25600,XJTU/40Hz10kN/Bearing3_3,-1,test
7429,2,RM_002_XJTU,40Hz10kN/Bearing3_3/50.csv,0,0,0,2,25600,XJTU/40Hz10kN/Bearing3_3,-1,test
7430,2,RM_002_XJTU,40Hz10kN/Bearing3_3/51.csv,0,0,0,2,25600,XJTU/40Hz10kN/Bearing3_3,-1,test
7431,2,RM_002_XJTU,40Hz10kN/Bearing3_3/52.csv,0,0,0,2,25600,XJTU/40Hz10kN/Bearing3_3,-1,test
7432,2,RM_002_XJTU,40Hz10kN/Bearing3_3/53.csv,0,0,0,2,25600,XJTU/40Hz10kN/Bearing3_3,-1,test
7433,2,RM_002_XJTU,40Hz10kN/Bearing3_3/54.csv,0,0,0,2,25600,XJTU/40Hz10kN/Bearing3_3,-1,test
7434,2,RM_002_XJTU,40Hz10kN/Bearing3_3/55.csv,0,0,0,2,25600,XJTU/40Hz10kN/Bearing3_3,-1,test
7435,2,RM_002_XJTU,40Hz10kN/Bearing3_3/56.csv,0,0,0,2,25600,XJTU/40Hz10kN/Bearing3_3,-1,test
7436,2,RM_002_XJTU,40Hz10kN/Bearing3_3/57.csv,0,0,0,2,25600,XJTU/40Hz10kN/Bearing3_3,-1,test
7437,2,RM_002_XJTU,40Hz10kN/Bearing3_3/58.csv,0,0,0,2,25600,XJTU/40Hz10kN/Bearing3_3,-1,test
7438,2,RM_002_XJTU,40Hz10kN/Bearing3_3/59.csv,0,0,0,2,25600,XJTU/40Hz10kN/Bearing3_3,-1,test
7439,2,RM_002_XJTU,40Hz10kN/Bearing3_3/60.csv,0,0,0,2,25600,XJTU/40Hz10kN/Bearing3_3,-1,test
7440,2,RM_002_XJTU,40Hz10kN/Bearing3_3/61.csv,0,0,0,2,25600,XJTU/40Hz10kN/Bearing3_3,-1,test
7441,2,RM_002_XJTU,40Hz10kN/Bearing3_3/62.csv,0,0,0,2,25600,XJTU/40Hz10kN/Bearing3_3,-1,test
7442,2,RM_002_XJTU,40Hz10kN/Bearing3_3/63.csv,0,0,0,2,25600,XJTU/40Hz10kN/Bearing3_3,-1,test
7443,2,RM_002_XJTU,40Hz10kN/Bearing3_3/64.csv,0,0,0,2,25600,XJTU/40Hz10kN/Bearing3_3,-1,test
7444,2,RM_002_XJTU,40Hz10kN/Bearing3_3/65.csv,0,0,0,2,25600,XJTU/40Hz10kN/Bearing3_3,-1,test
7445,2,RM_002_XJTU,40Hz10kN/Bearing3_3/66.csv,0,0,0,2,25600,XJTU/40Hz10kN/Bearing3_3,-1,test
7446,2,RM_002_XJTU,40Hz10kN/Bearing3_3/67.csv,0,0,0,2,25600,XJTU/40Hz10kN/Bearing3_3,-1,test
7447,2,RM_002_XJTU,40Hz10kN/Bearing3_3/68.csv,0,0,0,2,25600,XJTU/40Hz10kN/Bearing3_3,-1,test
7448,2,RM_002_XJTU,40Hz10kN/Bearing3_3/69.csv,0,0,0,2,25600,XJTU/40Hz10kN/Bearing3_3,-1,test
7449,2,RM_002_XJTU,40Hz10kN/Bearing3_3/70.csv,0,0,0,2,25600,XJTU/40Hz10kN/Bearing3_3,-1,test
7450,2,RM_002_XJTU,40Hz10kN/Bearing3_3/71.csv,0,0,0,2,25600,XJTU/40Hz10kN/Bearing3_3,-1,test
7451,2,RM_002_XJTU,40Hz10kN/Bearing3_3/72.csv,0,0,0,2,25600,XJTU/40Hz10kN/Bearing3_3,-1,test
7452,2,RM_002_XJTU,40Hz10kN/Bearing3_3/73.csv,0,0,0,2,25600,XJTU/40Hz10kN/Bearing3_3,-1,test
7453,2,RM_002_XJTU,40Hz10kN/Bearing3_3/74.csv,0,0,0,2,25600,XJTU/40Hz10kN/Bearing3_3,-1,test
7454,2,RM_002_XJTU,40Hz10kN/Bearing3_3/75.csv,0,0,0,2,25600,XJTU/40Hz10kN/Bearing3_3,-1,test
7455,2,RM_002_XJTU,40Hz10kN/Bearing3_3/76.csv,0,0,0,2,25600,XJTU/40Hz10kN/Bearing3_3,-1,test
7456,2,RM_002_XJTU,40Hz10kN/Bearing3_3/77.csv,0,0,0,2,25600,XJTU/40Hz10kN/Bearing3_3,-1,test
7457,2,RM_002_XJTU,40Hz10kN/Bearing3_3/78.csv,0,0,0,2,25600,XJTU/40Hz10kN/Bearing3_3,-1,test
7458,2,RM_002_XJTU,40Hz10kN/Bearing3_3/79.csv,0,0,0,2,25600,XJTU/40Hz10kN/Bearing3_3,-1,test
7459,2,RM_002_XJTU,40Hz10kN/Bearing3_3/80.csv,0,0,0,2,25600,XJTU/40Hz10kN/Bearing3_3,-1,test
7460,2,RM_002_XJTU,40Hz10kN/Bearing3_3/81.csv,0,0,0,2,25600,XJTU/40Hz10kN/Bearing3_3,-1,test
7461,2,RM_002_XJTU,40Hz10kN/Bearing3_3/82.csv,0,0,0,2,25600,XJTU/40Hz10kN/Bearing3_3,-1,test
7462,2,RM_002_XJTU,40Hz10kN/Bearing3_3/83.csv,0,0,0,2,25600,XJTU/40Hz10kN/Bearing3_3,-1,test
7463,2,RM_002_XJTU,40Hz10kN/Bearing3_3/84.csv,0,0,0,2,25600,XJTU/40Hz10kN/Bearing3_3,-1,test
7464,2,RM_002_XJTU,40Hz10kN/Bearing3_3/85.csv,0,0,0,2,25600,XJTU/40Hz10kN/Bearing3_3,-1,test
7465,2,RM_002_XJTU,40Hz10kN/Bearing3_3/86.csv,0,0,0,2,25600,XJTU/40Hz10kN/Bearing3_3,-1,test
7466,2,RM_002_XJTU,40Hz10kN/Bearing3_3/87.csv,0,0,0,2,25600,XJTU/40Hz10kN/Bearing3_3,-1,test
7467,2,RM_002_XJTU,40Hz10kN/Bearing3_3/88.csv,0,0,0,2,25600,XJTU/40Hz10kN/Bearing3_3,-1,test
7468,2,RM_002_XJTU,40Hz10kN/Bearing3_3/89.csv,0,0,0,2,25600,XJTU/40Hz10kN/Bearing3_3,-1,test
7469,2,RM_002_XJTU,40Hz10kN/Bearing3_3/90.csv,0,0,0,2,25600,XJTU/40Hz10kN/Bearing3_3,-1,test
7470,2,RM_002_XJTU,40Hz10kN/Bearing3_3/91.csv,0,0,0,2,25600,XJTU/40Hz10kN/Bearing3_3,-1,test
7471,2,RM_002_XJTU,40Hz10kN/Bearing3_3/92.csv,0,0,0,2,25600,XJTU/40Hz10kN/Bearing3_3,-1,test
7472,2,RM_002_XJTU,40Hz10kN/Bearing3_3/93.csv,0,0,0,2,25600,XJTU/40Hz10kN/Bearing3_3,-1,test
7473,2,RM_002_XJTU,40Hz10kN/Bearing3_3/94.csv,0,0,0,2,25600,XJTU/40Hz10kN/Bearing3_3,-1,test
7474,2,RM_002_XJTU,40Hz10kN/Bearing3_3/95.csv,0,0,0,2,25600,XJTU/40Hz10kN/Bearing3_3,-1,test
7475,2,RM_002_XJTU,40Hz10kN/Bearing3_3/96.csv,0,0,0,2,25600,XJTU/40Hz10kN/Bearing3_3,-1,test
7476,2,RM_002_XJTU,40Hz10kN/Bearing3_3/97.csv,0,0,0,2,25600,XJTU/40Hz10kN/Bearing3_3,-1,test
7477,2,RM_002_XJTU,40Hz10kN/Bearing3_3/98.csv,0,0,0,2,25600,XJTU/40Hz10kN/Bearing3_3,-1,test
7478,2,RM_002_XJTU,40Hz10kN/Bearing3_3/99.csv,0,0,0,2,25600,XJTU/40Hz10kN/Bearing3_3,-1,test
7479,2,RM_002_XJTU,40Hz10kN/Bearing3_3/100.csv,0,0,0,2,25600,XJTU/40Hz10kN/Bearing3_3,-1,test
7480,2,RM_002_XJTU,40Hz10kN/Bearing3_3/101.csv,0,0,0,2,25600,XJTU/40Hz10kN/Bearing3_3,-1,test
7481,2,RM_002_XJTU,40Hz10kN/Bearing3_3/102.csv,0,0,0,2,25600,XJTU/40Hz10kN/Bearing3_3,-1,test
7482,2,RM_002_XJTU,40Hz10kN/Bearing3_3/103.csv,0,0,0,2,25600,XJTU/40Hz10kN/Bearing3_3,-1,test
7483,2,RM_002_XJTU,40Hz10kN/Bearing3_3/104.csv,0,0,0,2,25600,XJTU/40Hz10kN/Bearing3_3,-1,test
7484,2,RM_002_XJTU,40Hz10kN/Bearing3_3/105.csv,0,0,0,2,25600,XJTU/40Hz10kN/Bearing3_3,-1,test
7485,2,RM_002_XJTU,40Hz10kN/Bearing3_3/106.csv,0,0,0,2,25600,XJTU/40Hz10kN/Bearing3_3,-1,test
7486,2,RM_002_XJTU,40Hz10kN/Bearing3_3/107.csv,0,0,0,2,25600,XJTU/40Hz10kN/Bearing3_3,-1,test
7487,2,RM_002_XJTU,40Hz10kN/Bearing3_3/108.csv,0,0,0,2,25600,XJTU/40Hz10kN/Bearing3_3,-1,test
7488,2,RM_002_XJTU,40Hz10kN/Bearing3_3/109.csv,0,0,0,2,25600,XJTU/40Hz10kN/Bearing3_3,-1,test
7489,2,RM_002_XJTU,40Hz10kN/Bearing3_3/110.csv,0,0,0,2,25600,XJTU/40Hz10kN/Bearing3_3,-1,test
7490,2,RM_002_XJTU,40Hz10kN/Bearing3_3/111.csv,0,0,0,2,25600,XJTU/40Hz10kN/Bearing3_3,-1,test
7491,2,RM_002_XJTU,40Hz10kN/Bearing3_3/112.csv,0,0,0,2,25600,XJTU/40Hz10kN/Bearing3_3,-1,test
7492,2,RM_002_XJTU,40Hz10kN/Bearing3_3/113.csv,0,0,0,2,25600,XJTU/40Hz10kN/Bearing3_3,-1,test
7493,2,RM_002_XJTU,40Hz10kN/Bearing3_3/114.csv,0,0,0,2,25600,XJTU/40Hz10kN/Bearing3_3,-1,test
7494,2,RM_002_XJTU,40Hz10kN/Bearing3_3/115.csv,0,0,0,2,25600,XJTU/40Hz10kN/Bearing3_3,-1,test
7495,2,RM_002_XJTU,40Hz10kN/Bearing3_3/116.csv,0,0,0,2,25600,XJTU/40Hz10kN/Bearing3_3,-1,test
7496,2,RM_002_XJTU,40Hz10kN/Bearing3_3/117.csv,0,0,0,2,25600,XJTU/40Hz10kN/Bearing3_3,-1,test
7497,2,RM_002_XJTU,40Hz10kN/Bearing3_3/118.csv,0,0,0,2,25600,XJTU/40Hz10kN/Bearing3_3,-1,test
7498,2,RM_002_XJTU,40Hz10kN/Bearing3_3/119.csv,0,0,0,2,25600,XJTU/40Hz10kN/Bearing3_3,-1,test
7499,2,RM_002_XJTU,40Hz10kN/Bearing3_3/120.csv,0,0,0,2,25600,XJTU/40Hz10kN/Bearing3_3,-1,test
7500,2,RM_002_XJTU,40Hz10kN/Bearing3_3/121.csv,0,0,0,2,25600,XJTU/40Hz10kN/Bearing3_3,-1,test
7501,2,RM_002_XJTU,40Hz10kN/Bearing3_3/122.csv,0,0,0,2,25600,XJTU/40Hz10kN/Bearing3_3,-1,test
7502,2,RM_002_XJTU,40Hz10kN/Bearing3_3/123.csv,0,0,0,2,25600,XJTU/40Hz10kN/Bearing3_3,-1,test
7503,2,RM_002_XJTU,40Hz10kN/Bearing3_3/124.csv,0,0,0,2,25600,XJTU/40Hz10kN/Bearing3_3,-1,test
7504,2,RM_002_XJTU,40Hz10kN/Bearing3_3/125.csv,0,0,0,2,25600,XJTU/40Hz10kN/Bearing3_3,-1,test
7505,2,RM_002_XJTU,40Hz10kN/Bearing3_3/126.csv,0,0,0,2,25600,XJTU/40Hz10kN/Bearing3_3,-1,test
7506,2,RM_002_XJTU,40Hz10kN/Bearing3_3/127.csv,0,0,0,2,25600,XJTU/40Hz10kN/Bearing3_3,-1,test
7507,2,RM_002_XJTU,40Hz10kN/Bearing3_3/128.csv,0,0,0,2,25600,XJTU/40Hz10kN/Bearing3_3,-1,test
7508,2,RM_002_XJTU,40Hz10kN/Bearing3_3/129.csv,0,0,0,2,25600,XJTU/40Hz10kN/Bearing3_3,-1,test
7509,2,RM_002_XJTU,40Hz10kN/Bearing3_3/130.csv,0,0,0,2,25600,XJTU/40Hz10kN/Bearing3_3,-1,test
7510,2,RM_002_XJTU,40Hz10kN/Bearing3_3/131.csv,0,0,0,2,25600,XJTU/40Hz10kN/Bearing3_3,-1,test
7511,2,RM_002_XJTU,40Hz10kN/Bearing3_3/132.csv,0,0,0,2,25600,XJTU/40Hz10kN/Bearing3_3,-1,test
7512,2,RM_002_XJTU,40Hz10kN/Bearing3_3/133.csv,0,0,0,2,25600,XJTU/40Hz10kN/Bearing3_3,-1,test
7513,2,RM_002_XJTU,40Hz10kN/Bearing3_3/134.csv,0,0,0,2,25600,XJTU/40Hz10kN/Bearing3_3,-1,test
7514,2,RM_002_XJTU,40Hz10kN/Bearing3_3/135.csv,0,0,0,2,25600,XJTU/40Hz10kN/Bearing3_3,-1,test
7515,2,RM_002_XJTU,40Hz10kN/Bearing3_3/136.csv,0,0,0,2,25600,XJTU/40Hz10kN/Bearing3_3,-1,test
7516,2,RM_002_XJTU,40Hz10kN/Bearing3_3/137.csv,0,0,0,2,25600,XJTU/40Hz10kN/Bearing3_3,-1,test
7517,2,RM_002_XJTU,40Hz10kN/Bearing3_3/138.csv,0,0,0,2,25600,XJTU/40Hz10kN/Bearing3_3,-1,test
7518,2,RM_002_XJTU,40Hz10kN/Bearing3_3/139.csv,0,0,0,2,25600,XJTU/40Hz10kN/Bearing3_3,-1,test
7519,2,RM_002_XJTU,40Hz10kN/Bearing3_3/140.csv,0,0,0,2,25600,XJTU/40Hz10kN/Bearing3_3,-1,test
7520,2,RM_002_XJTU,40Hz10kN/Bearing3_3/141.csv,0,0,0,2,25600,XJTU/40Hz10kN/Bearing3_3,-1,test
7521,2,RM_002_XJTU,40Hz10kN/Bearing3_3/142.csv,0,0,0,2,25600,XJTU/40Hz10kN/Bearing3_3,-1,test
7522,2,RM_002_XJTU,40Hz10kN/Bearing3_3/143.csv,0,0,0,2,25600,XJTU/40Hz10kN/Bearing3_3,-1,test
7523,2,RM_002_XJTU,40Hz10kN/Bearing3_3/144.csv,0,0,0,2,25600,XJTU/40Hz10kN/Bearing3_3,-1,test
7524,2,RM_002_XJTU,40Hz10kN/Bearing3_3/145.csv,0,0,0,2,25600,XJTU/40Hz10kN/Bearing3_3,-1,test
7525,2,RM_002_XJTU,40Hz10kN/Bearing3_3/146.csv,0,0,0,2,25600,XJTU/40Hz10kN/Bearing3_3,-1,test
7526,2,RM_002_XJTU,40Hz10kN/Bearing3_3/147.csv,0,0,0,2,25600,XJTU/40Hz10kN/Bearing3_3,-1,test
7527,2,RM_002_XJTU,40Hz10kN/Bearing3_3/148.csv,0,0,0,2,25600,XJTU/40Hz10kN/Bearing3_3,-1,test
7528,2,RM_002_XJTU,40Hz10kN/Bearing3_3/149.csv,0,0,0,2,25600,XJTU/40Hz10kN/Bearing3_3,-1,test
7529,2,RM_002_XJTU,40Hz10kN/Bearing3_3/150.csv,0,0,0,2,25600,XJTU/40Hz10kN/Bearing3_3,-1,test
7530,2,RM_002_XJTU,40Hz10kN/Bearing3_3/151.csv,0,0,0,2,25600,XJTU/40Hz10kN/Bearing3_3,-1,test
7531,2,RM_002_XJTU,40Hz10kN/Bearing3_3/152.csv,0,0,0,2,25600,XJTU/40Hz10kN/Bearing3_3,-1,test
7532,2,RM_002_XJTU,40Hz10kN/Bearing3_3/153.csv,0,0,0,2,25600,XJTU/40Hz10kN/Bearing3_3,-1,test
7533,2,RM_002_XJTU,40Hz10kN/Bearing3_3/154.csv,0,0,0,2,25600,XJTU/40Hz10kN/Bearing3_3,-1,test
7534,2,RM_002_XJTU,40Hz10kN/Bearing3_3/155.csv,0,0,0,2,25600,XJTU/40Hz10kN/Bearing3_3,-1,test
7535,2,RM_002_XJTU,40Hz10kN/Bearing3_3/156.csv,0,0,0,2,25600,XJTU/40Hz10kN/Bearing3_3,-1,test
7536,2,RM_002_XJTU,40Hz10kN/Bearing3_3/157.csv,0,0,0,2,25600,XJTU/40Hz10kN/Bearing3_3,-1,test
7537,2,RM_002_XJTU,40Hz10kN/Bearing3_3/158.csv,0,0,0,2,25600,XJTU/40Hz10kN/Bearing3_3,-1,test
7538,2,RM_002_XJTU,40Hz10kN/Bearing3_3/159.csv,0,0,0,2,25600,XJTU/40Hz10kN/Bearing3_3,-1,test
7539,2,RM_002_XJTU,40Hz10kN/Bearing3_3/160.csv,0,0,0,2,25600,XJTU/40Hz10kN/Bearing3_3,-1,test
7540,2,RM_002_XJTU,40Hz10kN/Bearing3_3/161.csv,0,0,0,2,25600,XJTU/40Hz10kN/Bearing3_3,-1,test
7541,2,RM_002_XJTU,40Hz10kN/Bearing3_3/162.csv,0,0,0,2,25600,XJTU/40Hz10kN/Bearing3_3,-1,test
7542,2,RM_002_XJTU,40Hz10kN/Bearing3_3/163.csv,0,0,0,2,25600,XJTU/40Hz10kN/Bearing3_3,-1,test
7543,2,RM_002_XJTU,40Hz10kN/Bearing3_3/164.csv,0,0,0,2,25600,XJTU/40Hz10kN/Bearing3_3,-1,test
7544,2,RM_002_XJTU,40Hz10kN/Bearing3_3/165.csv,0,0,0,2,25600,XJTU/40Hz10kN/Bearing3_3,-1,test
7545,2,RM_002_XJTU,40Hz10kN/Bearing3_3/166.csv,0,0,0,2,25600,XJTU/40Hz10kN/Bearing3_3,-1,test
7546,2,RM_002_XJTU,40Hz10kN/Bearing3_3/167.csv,0,0,0,2,25600,XJTU/40Hz10kN/Bearing3_3,-1,test
7547,2,RM_002_XJTU,40Hz10kN/Bearing3_3/168.csv,0,0,0,2,25600,XJTU/40Hz10kN/Bearing3_3,-1,test
7548,2,RM_002_XJTU,40Hz10kN/Bearing3_3/169.csv,0,0,0,2,25600,XJTU/40Hz10kN/Bearing3_3,-1,test
7549,2,RM_002_XJTU,40Hz10kN/Bearing3_3/170.csv,0,0,0,2,25600,XJTU/40Hz10kN/Bearing3_3,-1,test
7550,2,RM_002_XJTU,40Hz10kN/Bearing3_3/171.csv,0,0,0,2,25600,XJTU/40Hz10kN/Bearing3_3,-1,test
7551,2,RM_002_XJTU,40Hz10kN/Bearing3_3/172.csv,0,0,0,2,25600,XJTU/40Hz10kN/Bearing3_3,-1,test
7552,2,RM_002_XJTU,40Hz10kN/Bearing3_3/173.csv,0,0,0,2,25600,XJTU/40Hz10kN/Bearing3_3,-1,test
7553,2,RM_002_XJTU,40Hz10kN/Bearing3_3/174.csv,0,0,0,2,25600,XJTU/40Hz10kN/Bearing3_3,-1,test
7554,2,RM_002_XJTU,40Hz10kN/Bearing3_3/175.csv,0,0,0,2,25600,XJTU/40Hz10kN/Bearing3_3,-1,test
7555,2,RM_002_XJTU,40Hz10kN/Bearing3_3/176.csv,0,0,0,2,25600,XJTU/40Hz10kN/Bearing3_3,-1,test
7556,2,RM_002_XJTU,40Hz10kN/Bearing3_3/177.csv,0,0,0,2,25600,XJTU/40Hz10kN/Bearing3_3,-1,test
7557,2,RM_002_XJTU,40Hz10kN/Bearing3_3/178.csv,0,0,0,2,25600,XJTU/40Hz10kN/Bearing3_3,-1,test
7558,2,RM_002_XJTU,40Hz10kN/Bearing3_3/179.csv,0,0,0,2,25600,XJTU/40Hz10kN/Bearing3_3,-1,test
7559,2,RM_002_XJTU,40Hz10kN/Bearing3_3/180.csv,0,0,0,2,25600,XJTU/40Hz10kN/Bearing3_3,-1,test
7560,2,RM_002_XJTU,40Hz10kN/Bearing3_3/181.csv,0,0,0,2,25600,XJTU/40Hz10kN/Bearing3_3,-1,test
7561,2,RM_002_XJTU,40Hz10kN/Bearing3_3/182.csv,0,0,0,2,25600,XJTU/40Hz10kN/Bearing3_3,-1,test
7562,2,RM_002_XJTU,40Hz10kN/Bearing3_3/183.csv,0,0,0,2,25600,XJTU/40Hz10kN/Bearing3_3,-1,test
7563,2,RM_002_XJTU,40Hz10kN/Bearing3_3/184.csv,0,0,0,2,25600,XJTU/40Hz10kN/Bearing3_3,-1,test
7564,2,RM_002_XJTU,40Hz10kN/Bearing3_3/185.csv,0,0,0,2,25600,XJTU/40Hz10kN/Bearing3_3,-1,test
7565,2,RM_002_XJTU,40Hz10kN/Bearing3_3/186.csv,0,0,0,2,25600,XJTU/40Hz10kN/Bearing3_3,-1,test
7566,2,RM_002_XJTU,40Hz10kN/Bearing3_3/187.csv,0,0,0,2,25600,XJTU/40Hz10kN/Bearing3_3,-1,test
7567,2,RM_002_XJTU,40Hz10kN/Bearing3_3/188.csv,0,0,0,2,25600,XJTU/40Hz10kN/Bearing3_3,-1,test
7568,2,RM_002_XJTU,40Hz10kN/Bearing3_3/189.csv,0,0,0,2,25600,XJTU/40Hz10kN/Bearing3_3,-1,test
7569,2,RM_002_XJTU,40Hz10kN/Bearing3_3/190.csv,0,0,0,2,25600,XJTU/40Hz10kN/Bearing3_3,-1,test
7570,2,RM_002_XJTU,40Hz10kN/Bearing3_3/191.csv,0,0,0,2,25600,XJTU/40Hz10kN/Bearing3_3,-1,test
7571,2,RM_002_XJTU,40Hz10kN/Bearing3_3/192.csv,0,0,0,2,25600,XJTU/40Hz10kN/Bearing3_3,-1,test
7572,2,RM_002_XJTU,40Hz10kN/Bearing3_3/193.csv,0,0,0,2,25600,XJTU/40Hz10kN/Bearing3_3,-1,test
7573,2,RM_002_XJTU,40Hz10kN/Bearing3_3/194.csv,0,0,0,2,25600,XJTU/40Hz10kN/Bearing3_3,-1,test
7574,2,RM_002_XJTU,40Hz10kN/Bearing3_3/195.csv,0,0,0,2,25600,XJTU/40Hz10kN/Bearing3_3,-1,test
7575,2,RM_002_XJTU,40Hz10kN/Bearing3_3/196.csv,0,0,0,2,25600,XJTU/40Hz10kN/Bearing3_3,-1,test
7576,2,RM_002_XJTU,40Hz10kN/Bearing3_3/197.csv,0,0,0,2,25600,XJTU/40Hz10kN/Bearing3_3,-1,test
7577,2,RM_002_XJTU,40Hz10kN/Bearing3_3/198.csv,0,0,0,2,25600,XJTU/40Hz10kN/Bearing3_3,-1,test
7578,2,RM_002_XJTU,40Hz10kN/Bearing3_3/199.csv,0,0,0,2,25600,XJTU/40Hz10kN/Bearing3_3,-1,test
7579,2,RM_002_XJTU,40Hz10kN/Bearing3_3/200.csv,0,0,0,2,25600,XJTU/40Hz10kN/Bearing3_3,-1,test
7580,2,RM_002_XJTU,40Hz10kN/Bearing3_3/201.csv,0,0,0,2,25600,XJTU/40Hz10kN/Bearing3_3,-1,test
7581,2,RM_002_XJTU,40Hz10kN/Bearing3_3/202.csv,0,0,0,2,25600,XJTU/40Hz10kN/Bearing3_3,-1,test
7582,2,RM_002_XJTU,40Hz10kN/Bearing3_3/203.csv,0,0,0,2,25600,XJTU/40Hz10kN/Bearing3_3,-1,test
7583,2,RM_002_XJTU,40Hz10kN/Bearing3_3/204.csv,0,0,0,2,25600,XJTU/40Hz10kN/Bearing3_3,-1,test
7584,2,RM_002_XJTU,40Hz10kN/Bearing3_3/205.csv,0,0,0,2,25600,XJTU/40Hz10kN/Bearing3_3,-1,test
7585,2,RM_002_XJTU,40Hz10kN/Bearing3_3/206.csv,0,0,0,2,25600,XJTU/40Hz10kN/Bearing3_3,-1,test
7586,2,RM_002_XJTU,40Hz10kN/Bearing3_3/207.csv,0,0,0,2,25600,XJTU/40Hz10kN/Bearing3_3,-1,test
7587,2,RM_002_XJTU,40Hz10kN/Bearing3_3/208.csv,0,0,0,2,25600,XJTU/40Hz10kN/Bearing3_3,-1,test
7588,2,RM_002_XJTU,40Hz10kN/Bearing3_3/209.csv,0,0,0,2,25600,XJTU/40Hz10kN/Bearing3_3,-1,test
7589,2,RM_002_XJTU,40Hz10kN/Bearing3_3/210.csv,0,0,0,2,25600,XJTU/40Hz10kN/Bearing3_3,-1,test
7590,2,RM_002_XJTU,40Hz10kN/Bearing3_3/211.csv,0,0,0,2,25600,XJTU/40Hz10kN/Bearing3_3,-1,test
7591,2,RM_002_XJTU,40Hz10kN/Bearing3_3/212.csv,0,0,0,2,25600,XJTU/40Hz10kN/Bearing3_3,-1,test
7592,2,RM_002_XJTU,40Hz10kN/Bearing3_3/213.csv,0,0,0,2,25600,XJTU/40Hz10kN/Bearing3_3,-1,test
7593,2,RM_002_XJTU,40Hz10kN/Bearing3_3/214.csv,0,0,0,2,25600,XJTU/40Hz10kN/Bearing3_3,-1,test
7594,2,RM_002_XJTU,40Hz10kN/Bearing3_3/215.csv,0,0,0,2,25600,XJTU/40Hz10kN/Bearing3_3,-1,test
7595,2,RM_002_XJTU,40Hz10kN/Bearing3_3/216.csv,0,0,0,2,25600,XJTU/40Hz10kN/Bearing3_3,-1,test
7596,2,RM_002_XJTU,40Hz10kN/Bearing3_3/217.csv,0,0,0,2,25600,XJTU/40Hz10kN/Bearing3_3,-1,test
7597,2,RM_002_XJTU,40Hz10kN/Bearing3_3/218.csv,0,0,0,2,25600,XJTU/40Hz10kN/Bearing3_3,-1,test
7598,2,RM_002_XJTU,40Hz10kN/Bearing3_3/219.csv,0,0,0,2,25600,XJTU/40Hz10kN/Bearing3_3,-1,test
7599,2,RM_002_XJTU,40Hz10kN/Bearing3_3/220.csv,0,0,0,2,25600,XJTU/40Hz10kN/Bearing3_3,-1,test
7600,2,RM_002_XJTU,40Hz10kN/Bearing3_3/221.csv,0,0,0,2,25600,XJTU/40Hz10kN/Bearing3_3,-1,test
7601,2,RM_002_XJTU,40Hz10kN/Bearing3_3/222.csv,0,0,0,2,25600,XJTU/40Hz10kN/Bearing3_3,-1,test
7602,2,RM_002_XJTU,40Hz10kN/Bearing3_3/223.csv,0,0,0,2,25600,XJTU/40Hz10kN/Bearing3_3,-1,test
7603,2,RM_002_XJTU,40Hz10kN/Bearing3_3/224.csv,0,0,0,2,25600,XJTU/40Hz10kN/Bearing3_3,-1,test
7604,2,RM_002_XJTU,40Hz10kN/Bearing3_3/225.csv,0,0,0,2,25600,XJTU/40Hz10kN/Bearing3_3,-1,test
7605,2,RM_002_XJTU,40Hz10kN/Bearing3_3/226.csv,0,0,0,2,25600,XJTU/40Hz10kN/Bearing3_3,-1,test
7606,2,RM_002_XJTU,40Hz10kN/Bearing3_3/227.csv,0,0,0,2,25600,XJTU/40Hz10kN/Bearing3_3,-1,test
7607,2,RM_002_XJTU,40Hz10kN/Bearing3_3/228.csv,0,0,0,2,25600,XJTU/40Hz10kN/Bearing3_3,-1,test
7608,2,RM_002_XJTU,40Hz10kN/Bearing3_3/229.csv,0,0,0,2,25600,XJTU/40Hz10kN/Bearing3_3,-1,test
7609,2,RM_002_XJTU,40Hz10kN/Bearing3_3/230.csv,0,0,0,2,25600,XJTU/40Hz10kN/Bearing3_3,-1,test
7610,2,RM_002_XJTU,40Hz10kN/Bearing3_3/231.csv,0,0,0,2,25600,XJTU/40Hz10kN/Bearing3_3,-1,test
7611,2,RM_002_XJTU,40Hz10kN/Bearing3_3/232.csv,0,0,0,2,25600,XJTU/40Hz10kN/Bearing3_3,-1,test
7612,2,RM_002_XJTU,40Hz10kN/Bearing3_3/233.csv,0,0,0,2,25600,XJTU/40Hz10kN/Bearing3_3,-1,test
7613,2,RM_002_XJTU,40Hz10kN/Bearing3_3/234.csv,0,0,0,2,25600,XJTU/40Hz10kN/Bearing3_3,-1,test
7614,2,RM_002_XJTU,40Hz10kN/Bearing3_3/235.csv,0,0,0,2,25600,XJTU/40Hz10kN/Bearing3_3,-1,test
7615,2,RM_002_XJTU,40Hz10kN/Bearing3_3/236.csv,0,0,0,2,25600,XJTU/40Hz10kN/Bearing3_3,-1,test
7616,2,RM_002_XJTU,40Hz10kN/Bearing3_3/237.csv,0,0,0,2,25600,XJTU/40Hz10kN/Bearing3_3,-1,test
7617,2,RM_002_XJTU,40Hz10kN/Bearing3_3/238.csv,0,0,0,2,25600,XJTU/40Hz10kN/Bearing3_3,-1,test
7618,2,RM_002_XJTU,40Hz10kN/Bearing3_3/239.csv,0,0,0,2,25600,XJTU/40Hz10kN/Bearing3_3,-1,test
7619,2,RM_002_XJTU,40Hz10kN/Bearing3_3/240.csv,0,0,0,2,25600,XJTU/40Hz10kN/Bearing3_3,-1,test
7620,2,RM_002_XJTU,40Hz10kN/Bearing3_3/241.csv,0,0,0,2,25600,XJTU/40Hz10kN/Bearing3_3,-1,test
7621,2,RM_002_XJTU,40Hz10kN/Bearing3_3/242.csv,0,0,0,2,25600,XJTU/40Hz10kN/Bearing3_3,-1,test
7622,2,RM_002_XJTU,40Hz10kN/Bearing3_3/243.csv,0,0,0,2,25600,XJTU/40Hz10kN/Bearing3_3,-1,test
7623,2,RM_002_XJTU,40Hz10kN/Bearing3_3/244.csv,0,0,0,2,25600,XJTU/40Hz10kN/Bearing3_3,-1,test
7624,2,RM_002_XJTU,40Hz10kN/Bearing3_3/245.csv,0,0,0,2,25600,XJTU/40Hz10kN/Bearing3_3,-1,test
7625,2,RM_002_XJTU,40Hz10kN/Bearing3_3/246.csv,0,0,0,2,25600,XJTU/40Hz10kN/Bearing3_3,-1,test
7626,2,RM_002_XJTU,40Hz10kN/Bearing3_3/247.csv,0,0,0,2,25600,XJTU/40Hz10kN/Bearing3_3,-1,test
7627,2,RM_002_XJTU,40Hz10kN/Bearing3_3/248.csv,0,0,0,2,25600,XJTU/40Hz10kN/Bearing3_3,-1,test
7628,2,RM_002_XJTU,40Hz10kN/Bearing3_3/249.csv,0,0,0,2,25600,XJTU/40Hz10kN/Bearing3_3,-1,test
7629,2,RM_002_XJTU,40Hz10kN/Bearing3_3/250.csv,0,0,0,2,25600,XJTU/40Hz10kN/Bearing3_3,-1,test
7630,2,RM_002_XJTU,40Hz10kN/Bearing3_3/251.csv,0,0,0,2,25600,XJTU/40Hz10kN/Bearing3_3,-1,test
7631,2,RM_002_XJTU,40Hz10kN/Bearing3_3/252.csv,0,0,0,2,25600,XJTU/40Hz10kN/Bearing3_3,-1,test
7632,2,RM_002_XJTU,40Hz10kN/Bearing3_3/253.csv,0,0,0,2,25600,XJTU/40Hz10kN/Bearing3_3,-1,test
7633,2,RM_002_XJTU,40Hz10kN/Bearing3_3/254.csv,0,0,0,2,25600,XJTU/40Hz10kN/Bearing3_3,-1,test
7634,2,RM_002_XJTU,40Hz10kN/Bearing3_3/255.csv,0,0,0,2,25600,XJTU/40Hz10kN/Bearing3_3,-1,test
7635,2,RM_002_XJTU,40Hz10kN/Bearing3_3/256.csv,0,0,0,2,25600,XJTU/40Hz10kN/Bearing3_3,-1,test
7636,2,RM_002_XJTU,40Hz10kN/Bearing3_3/257.csv,0,0,0,2,25600,XJTU/40Hz10kN/Bearing3_3,-1,test
7637,2,RM_002_XJTU,40Hz10kN/Bearing3_3/258.csv,0,0,0,2,25600,XJTU/40Hz10kN/Bearing3_3,-1,test
7638,2,RM_002_XJTU,40Hz10kN/Bearing3_3/259.csv,0,0,0,2,25600,XJTU/40Hz10kN/Bearing3_3,-1,test
7639,2,RM_002_XJTU,40Hz10kN/Bearing3_3/260.csv,0,0,0,2,25600,XJTU/40Hz10kN/Bearing3_3,-1,test
7640,2,RM_002_XJTU,40Hz10kN/Bearing3_3/261.csv,0,0,0,2,25600,XJTU/40Hz10kN/Bearing3_3,-1,test
7641,2,RM_002_XJTU,40Hz10kN/Bearing3_3/262.csv,0,0,0,2,25600,XJTU/40Hz10kN/Bearing3_3,-1,test
7642,2,RM_002_XJTU,40Hz10kN/Bearing3_3/263.csv,0,0,0,2,25600,XJTU/40Hz10kN/Bearing3_3,-1,test
7643,2,RM_002_XJTU,40Hz10kN/Bearing3_3/264.csv,0,0,0,2,25600,XJTU/40Hz10kN/Bearing3_3,-1,test
7644,2,RM_002_XJTU,40Hz10kN/Bearing3_3/265.csv,0,0,0,2,25600,XJTU/40Hz10kN/Bearing3_3,-1,test
7645,2,RM_002_XJTU,40Hz10kN/Bearing3_3/266.csv,0,0,0,2,25600,XJTU/40Hz10kN/Bearing3_3,-1,test
7646,2,RM_002_XJTU,40Hz10kN/Bearing3_3/267.csv,0,0,0,2,25600,XJTU/40Hz10kN/Bearing3_3,-1,test
7647,2,RM_002_XJTU,40Hz10kN/Bearing3_3/268.csv,0,0,0,2,25600,XJTU/40Hz10kN/Bearing3_3,-1,test
7648,2,RM_002_XJTU,40Hz10kN/Bearing3_3/269.csv,0,0,0,2,25600,XJTU/40Hz10kN/Bearing3_3,-1,test
7649,2,RM_002_XJTU,40Hz10kN/Bearing3_3/270.csv,0,0,0,2,25600,XJTU/40Hz10kN/Bearing3_3,-1,test
7650,2,RM_002_XJTU,40Hz10kN/Bearing3_3/271.csv,0,0,0,2,25600,XJTU/40Hz10kN/Bearing3_3,-1,test
7651,2,RM_002_XJTU,40Hz10kN/Bearing3_3/272.csv,0,0,0,2,25600,XJTU/40Hz10kN/Bearing3_3,-1,test
7652,2,RM_002_XJTU,40Hz10kN/Bearing3_3/273.csv,0,0,0,2,25600,XJTU/40Hz10kN/Bearing3_3,-1,test
7653,2,RM_002_XJTU,40Hz10kN/Bearing3_3/274.csv,0,0,0,2,25600,XJTU/40Hz10kN/Bearing3_3,-1,test
7654,2,RM_002_XJTU,40Hz10kN/Bearing3_3/275.csv,0,0,0,2,25600,XJTU/40Hz10kN/Bearing3_3,-1,test
7655,2,RM_002_XJTU,40Hz10kN/Bearing3_3/276.csv,0,0,0,2,25600,XJTU/40Hz10kN/Bearing3_3,-1,test
7656,2,RM_002_XJTU,40Hz10kN/Bearing3_3/277.csv,0,0,0,2,25600,XJTU/40Hz10kN/Bearing3_3,-1,test
7657,2,RM_002_XJTU,40Hz10kN/Bearing3_3/278.csv,0,0,0,2,25600,XJTU/40Hz10kN/Bearing3_3,-1,test
7658,2,RM_002_XJTU,40Hz10kN/Bearing3_3/279.csv,0,0,0,2,25600,XJTU/40Hz10kN/Bearing3_3,-1,test
7659,2,RM_002_XJTU,40Hz10kN/Bearing3_3/280.csv,0,0,0,2,25600,XJTU/40Hz10kN/Bearing3_3,-1,test
7660,2,RM_002_XJTU,40Hz10kN/Bearing3_3/281.csv,0,0,0,2,25600,XJTU/40Hz10kN/Bearing3_3,-1,test
7661,2,RM_002_XJTU,40Hz10kN/Bearing3_3/282.csv,0,0,0,2,25600,XJTU/40Hz10kN/Bearing3_3,-1,test
7662,2,RM_002_XJTU,40Hz10kN/Bearing3_3/283.csv,0,0,0,2,25600,XJTU/40Hz10kN/Bearing3_3,-1,test
7663,2,RM_002_XJTU,40Hz10kN/Bearing3_3/284.csv,0,0,0,2,25600,XJTU/40Hz10kN/Bearing3_3,-1,test
7664,2,RM_002_XJTU,40Hz10kN/Bearing3_3/285.csv,0,0,0,2,25600,XJTU/40Hz10kN/Bearing3_3,-1,test
7665,2,RM_002_XJTU,40Hz10kN/Bearing3_3/286.csv,0,0,0,2,25600,XJTU/40Hz10kN/Bearing3_3,-1,test
7666,2,RM_002_XJTU,40Hz10kN/Bearing3_3/287.csv,0,0,0,2,25600,XJTU/40Hz10kN/Bearing3_3,-1,test
7667,2,RM_002_XJTU,40Hz10kN/Bearing3_3/288.csv,0,0,0,2,25600,XJTU/40Hz10kN/Bearing3_3,-1,test
7668,2,RM_002_XJTU,40Hz10kN/Bearing3_3/289.csv,0,0,0,2,25600,XJTU/40Hz10kN/Bearing3_3,-1,test
7669,2,RM_002_XJTU,40Hz10kN/Bearing3_3/290.csv,0,0,0,2,25600,XJTU/40Hz10kN/Bearing3_3,-1,test
7670,2,RM_002_XJTU,40Hz10kN/Bearing3_3/291.csv,0,0,0,2,25600,XJTU/40Hz10kN/Bearing3_3,-1,test
7671,2,RM_002_XJTU,40Hz10kN/Bearing3_3/292.csv,0,0,0,2,25600,XJTU/40Hz10kN/Bearing3_3,-1,test
7672,2,RM_002_XJTU,40Hz10kN/Bearing3_3/293.csv,0,0,0,2,25600,XJTU/40Hz10kN/Bearing3_3,-1,test
7673,2,RM_002_XJTU,40Hz10kN/Bearing3_3/294.csv,0,0,0,2,25600,XJTU/40Hz10kN/Bearing3_3,-1,test
7674,2,RM_002_XJTU,40Hz10kN/Bearing3_3/295.csv,0,0,0,2,25600,XJTU/40Hz10kN/Bearing3_3,-1,test
7675,2,RM_002_XJTU,40Hz10kN/Bearing3_3/296.csv,0,0,0,2,25600,XJTU/40Hz10kN/Bearing3_3,-1,test
7676,2,RM_002_XJTU,40Hz10kN/Bearing3_3/297.csv,0,0,0,2,25600,XJTU/40Hz10kN/Bearing3_3,-1,test
7677,2,RM_002_XJTU,40Hz10kN/Bearing3_3/298.csv,0,0,0,2,25600,XJTU/40Hz10kN/Bearing3_3,-1,test
7678,2,RM_002_XJTU,40Hz10kN/Bearing3_3/299.csv,0,0,0,2,25600,XJTU/40Hz10kN/Bearing3_3,-1,test
7679,2,RM_002_XJTU,40Hz10kN/Bearing3_3/300.csv,0,0,0,2,25600,XJTU/40Hz10kN/Bearing3_3,-1,test
7680,2,RM_002_XJTU,40Hz10kN/Bearing3_3/301.csv,0,0,0,2,25600,XJTU/40Hz10kN/Bearing3_3,-1,test
7681,2,RM_002_XJTU,40Hz10kN/Bearing3_3/302.csv,0,0,0,2,25600,XJTU/40Hz10kN/Bearing3_3,-1,test
7682,2,RM_002_XJTU,40Hz10kN/Bearing3_3/303.csv,0,0,0,2,25600,XJTU/40Hz10kN/Bearing3_3,-1,test
7683,2,RM_002_XJTU,40Hz10kN/Bearing3_3/304.csv,0,0,0,2,25600,XJTU/40Hz10kN/Bearing3_3,-1,test
7684,2,RM_002_XJTU,40Hz10kN/Bearing3_3/305.csv,0,0,0,2,25600,XJTU/40Hz10kN/Bearing3_3,-1,test
7685,2,RM_002_XJTU,40Hz10kN/Bearing3_3/306.csv,0,0,0,2,25600,XJTU/40Hz10kN/Bearing3_3,-1,test
7686,2,RM_002_XJTU,40Hz10kN/Bearing3_3/307.csv,0,0,0,2,25600,XJTU/40Hz10kN/Bearing3_3,-1,test
7687,2,RM_002_XJTU,40Hz10kN/Bearing3_3/308.csv,0,0,0,2,25600,XJTU/40Hz10kN/Bearing3_3,-1,test
7688,2,RM_002_XJTU,40Hz10kN/Bearing3_3/309.csv,0,0,0,2,25600,XJTU/40Hz10kN/Bearing3_3,-1,test
7689,2,RM_002_XJTU,40Hz10kN/Bearing3_3/310.csv,0,0,0,2,25600,XJTU/40Hz10kN/Bearing3_3,-1,test
7690,2,RM_002_XJTU,40Hz10kN/Bearing3_3/311.csv,0,0,0,2,25600,XJTU/40Hz10kN/Bearing3_3,-1,test
7691,2,RM_002_XJTU,40Hz10kN/Bearing3_3/312.csv,0,0,0,2,25600,XJTU/40Hz10kN/Bearing3_3,-1,test
7692,2,RM_002_XJTU,40Hz10kN/Bearing3_3/313.csv,0,0,0,2,25600,XJTU/40Hz10kN/Bearing3_3,-1,test
7693,2,RM_002_XJTU,40Hz10kN/Bearing3_3/314.csv,0,0,0,2,25600,XJTU/40Hz10kN/Bearing3_3,-1,test
7694,2,RM_002_XJTU,40Hz10kN/Bearing3_3/315.csv,0,0,0,2,25600,XJTU/40Hz10kN/Bearing3_3,-1,test
7695,2,RM_002_XJTU,40Hz10kN/Bearing3_3/316.csv,0,0,0,2,25600,XJTU/40Hz10kN/Bearing3_3,-1,test
7696,2,RM_002_XJTU,40Hz10kN/Bearing3_3/317.csv,0,0,0,2,25600,XJTU/40Hz10kN/Bearing3_3,-1,test
7697,2,RM_002_XJTU,40Hz10kN/Bearing3_3/318.csv,0,0,0,2,25600,XJTU/40Hz10kN/Bearing3_3,-1,test
7698,2,RM_002_XJTU,40Hz10kN/Bearing3_3/319.csv,0,0,0,2,25600,XJTU/40Hz10kN/Bearing3_3,-1,test
7699,2,RM_002_XJTU,40Hz10kN/Bearing3_3/320.csv,0,0,0,2,25600,XJTU/40Hz10kN/Bearing3_3,-1,test
7700,2,RM_002_XJTU,40Hz10kN/Bearing3_3/321.csv,0,0,0,2,25600,XJTU/40Hz10kN/Bearing3_3,-1,test
7701,2,RM_002_XJTU,40Hz10kN/Bearing3_3/322.csv,0,0,0,2,25600,XJTU/40Hz10kN/Bearing3_3,-1,test
7702,2,RM_002_XJTU,40Hz10kN/Bearing3_3/323.csv,0,0,0,2,25600,XJTU/40Hz10kN/Bearing3_3,-1,test
7703,2,RM_002_XJTU,40Hz10kN/Bearing3_3/324.csv,0,0,0,2,25600,XJTU/40Hz10kN/Bearing3_3,-1,test
7704,2,RM_002_XJTU,40Hz10kN/Bearing3_3/325.csv,0,0,0,2,25600,XJTU/40Hz10kN/Bearing3_3,-1,test
7705,2,RM_002_XJTU,40Hz10kN/Bearing3_3/326.csv,0,0,0,2,25600,XJTU/40Hz10kN/Bearing3_3,-1,test
7706,2,RM_002_XJTU,40Hz10kN/Bearing3_3/327.csv,0,0,0,2,25600,XJTU/40Hz10kN/Bearing3_3,-1,test
7707,2,RM_002_XJTU,40Hz10kN/Bearing3_3/328.csv,0,0,0,2,25600,XJTU/40Hz10kN/Bearing3_3,-1,test
7708,2,RM_002_XJTU,40Hz10kN/Bearing3_3/329.csv,0,0,0,2,25600,XJTU/40Hz10kN/Bearing3_3,-1,test
7709,2,RM_002_XJTU,40Hz10kN/Bearing3_3/330.csv,0,0,0,2,25600,XJTU/40Hz10kN/Bearing3_3,-1,test
7710,2,RM_002_XJTU,40Hz10kN/Bearing3_3/331.csv,0,0,0,2,25600,XJTU/40Hz10kN/Bearing3_3,-1,test
7711,2,RM_002_XJTU,40Hz10kN/Bearing3_3/332.csv,0,0,0,2,25600,XJTU/40Hz10kN/Bearing3_3,-1,test
7712,2,RM_002_XJTU,40Hz10kN/Bearing3_3/333.csv,0,0,0,2,25600,XJTU/40Hz10kN/Bearing3_3,-1,test
7713,2,RM_002_XJTU,40Hz10kN/Bearing3_3/334.csv,0,0,0,2,25600,XJTU/40Hz10kN/Bearing3_3,-1,test
7726,2,RM_002_XJTU,40Hz10kN/Bearing3_3/347.csv,13,1,1,2,25600,XJTU/40Hz10kN/Bearing3_3,-1,test
7727,2,RM_002_XJTU,40Hz10kN/Bearing3_3/348.csv,13,1,1,2,25600,XJTU/40Hz10kN/Bearing3_3,-1,test
7728,2,RM_002_XJTU,40Hz10kN/Bearing3_3/349.csv,13,1,1,2,25600,XJTU/40Hz10kN/Bearing3_3,-1,test
7729,2,RM_002_XJTU,40Hz10kN/Bearing3_3/350.csv,13,1,1,2,25600,XJTU/40Hz10kN/Bearing3_3,-1,test
7730,2,RM_002_XJTU,40Hz10kN/Bearing3_3/351.csv,13,1,1,2,25600,XJTU/40Hz10kN/Bearing3_3,-1,test
7731,2,RM_002_XJTU,40Hz10kN/Bearing3_3/352.csv,13,1,1,2,25600,XJTU/40Hz10kN/Bearing3_3,-1,test
7732,2,RM_002_XJTU,40Hz10kN/Bearing3_3/353.csv,13,1,1,2,25600,XJTU/40Hz10kN/Bearing3_3,-1,test
7733,2,RM_002_XJTU,40Hz10kN/Bearing3_3/354.csv,13,1,1,2,25600,XJTU/40Hz10kN/Bearing3_3,-1,test
7734,2,RM_002_XJTU,40Hz10kN/Bearing3_3/355.csv,13,1,1,2,25600,XJTU/40Hz10kN/Bearing3_3,-1,test
7735,2,RM_002_XJTU,40Hz10kN/Bearing3_3/356.csv,13,1,1,2,25600,XJTU/40Hz10kN/Bearing3_3,-1,test
7736,2,RM_002_XJTU,40Hz10kN/Bearing3_3/357.csv,13,1,1,2,25600,XJTU/40Hz10kN/Bearing3_3,-1,test
7737,2,RM_002_XJTU,40Hz10kN/Bearing3_3/358.csv,13,1,1,2,25600,XJTU/40Hz10kN/Bearing3_3,-1,test
7738,2,RM_002_XJTU,40Hz10kN/Bearing3_3/359.csv,13,1,1,2,25600,XJTU/40Hz10kN/Bearing3_3,-1,test
7739,2,RM_002_XJTU,40Hz10kN/Bearing3_3/360.csv,13,1,1,2,25600,XJTU/40Hz10kN/Bearing3_3,-1,test
7740,2,RM_002_XJTU,40Hz10kN/Bearing3_3/361.csv,13,1,1,2,25600,XJTU/40Hz10kN/Bearing3_3,-1,test
7741,2,RM_002_XJTU,40Hz10kN/Bearing3_3/362.csv,13,1,1,2,25600,XJTU/40Hz10kN/Bearing3_3,-1,test
7742,2,RM_002_XJTU,40Hz10kN/Bearing3_3/363.csv,13,1,1,2,25600,XJTU/40Hz10kN/Bearing3_3,-1,test
7743,2,RM_002_XJTU,40Hz10kN/Bearing3_3/364.csv,13,1,1,2,25600,XJTU/40Hz10kN/Bearing3_3,-1,test
7744,2,RM_002_XJTU,40Hz10kN/Bearing3_3/365.csv,13,1,1,2,25600,XJTU/40Hz10kN/Bearing3_3,-1,test
7745,2,RM_002_XJTU,40Hz10kN/Bearing3_3/366.csv,13,1,1,2,25600,XJTU/40Hz10kN/Bearing3_3,-1,test
7746,2,RM_002_XJTU,40Hz10kN/Bearing3_3/367.csv,13,1,1,2,25600,XJTU/40Hz10kN/Bearing3_3,-1,test
7747,2,RM_002_XJTU,40Hz10kN/Bearing3_3/368.csv,13,1,1,2,25600,XJTU/40Hz10kN/Bearing3_3,-1,test
7748,2,RM_002_XJTU,40Hz10kN/Bearing3_3/369.csv,13,1,1,2,25600,XJTU/40Hz10kN/Bearing3_3,-1,test
7749,2,RM_002_XJTU,40Hz10kN/Bearing3_3/370.csv,13,1,1,2,25600,XJTU/40Hz10kN/Bearing3_3,-1,test
7750,2,RM_002_XJTU,40Hz10kN/Bearing3_3/371.csv,13,1,1,2,25600,XJTU/40Hz10kN/Bearing3_3,-1,test
7751,2,RM_002_XJTU,40Hz10kN/Bearing3_4/1.csv,0,0,0,2,25600,XJTU/40Hz10kN/Bearing3_4,-1,test
7752,2,RM_002_XJTU,40Hz10kN/Bearing3_4/2.csv,0,0,0,2,25600,XJTU/40Hz10kN/Bearing3_4,-1,test
7753,2,RM_002_XJTU,40Hz10kN/Bearing3_4/3.csv,0,0,0,2,25600,XJTU/40Hz10kN/Bearing3_4,-1,test
7754,2,RM_002_XJTU,40Hz10kN/Bearing3_4/4.csv,0,0,0,2,25600,XJTU/40Hz10kN/Bearing3_4,-1,test
7755,2,RM_002_XJTU,40Hz10kN/Bearing3_4/5.csv,0,0,0,2,25600,XJTU/40Hz10kN/Bearing3_4,-1,test
7756,2,RM_002_XJTU,40Hz10kN/Bearing3_4/6.csv,0,0,0,2,25600,XJTU/40Hz10kN/Bearing3_4,-1,test
7757,2,RM_002_XJTU,40Hz10kN/Bearing3_4/7.csv,0,0,0,2,25600,XJTU/40Hz10kN/Bearing3_4,-1,test
7758,2,RM_002_XJTU,40Hz10kN/Bearing3_4/8.csv,0,0,0,2,25600,XJTU/40Hz10kN/Bearing3_4,-1,test
7759,2,RM_002_XJTU,40Hz10kN/Bearing3_4/9.csv,0,0,0,2,25600,XJTU/40Hz10kN/Bearing3_4,-1,test
7760,2,RM_002_XJTU,40Hz10kN/Bearing3_4/10.csv,0,0,0,2,25600,XJTU/40Hz10kN/Bearing3_4,-1,test
7761,2,RM_002_XJTU,40Hz10kN/Bearing3_4/11.csv,0,0,0,2,25600,XJTU/40Hz10kN/Bearing3_4,-1,test
7762,2,RM_002_XJTU,40Hz10kN/Bearing3_4/12.csv,0,0,0,2,25600,XJTU/40Hz10kN/Bearing3_4,-1,test
7763,2,RM_002_XJTU,40Hz10kN/Bearing3_4/13.csv,0,0,0,2,25600,XJTU/40Hz10kN/Bearing3_4,-1,test
7764,2,RM_002_XJTU,40Hz10kN/Bearing3_4/14.csv,0,0,0,2,25600,XJTU/40Hz10kN/Bearing3_4,-1,test
7765,2,RM_002_XJTU,40Hz10kN/Bearing3_4/15.csv,0,0,0,2,25600,XJTU/40Hz10kN/Bearing3_4,-1,test
7766,2,RM_002_XJTU,40Hz10kN/Bearing3_4/16.csv,0,0,0,2,25600,XJTU/40Hz10kN/Bearing3_4,-1,test
7767,2,RM_002_XJTU,40Hz10kN/Bearing3_4/17.csv,0,0,0,2,25600,XJTU/40Hz10kN/Bearing3_4,-1,test
7768,2,RM_002_XJTU,40Hz10kN/Bearing3_4/18.csv,0,0,0,2,25600,XJTU/40Hz10kN/Bearing3_4,-1,test
7769,2,RM_002_XJTU,40Hz10kN/Bearing3_4/19.csv,0,0,0,2,25600,XJTU/40Hz10kN/Bearing3_4,-1,test
7770,2,RM_002_XJTU,40Hz10kN/Bearing3_4/20.csv,0,0,0,2,25600,XJTU/40Hz10kN/Bearing3_4,-1,test
7771,2,RM_002_XJTU,40Hz10kN/Bearing3_4/21.csv,0,0,0,2,25600,XJTU/40Hz10kN/Bearing3_4,-1,test
7772,2,RM_002_XJTU,40Hz10kN/Bearing3_4/22.csv,0,0,0,2,25600,XJTU/40Hz10kN/Bearing3_4,-1,test
7773,2,RM_002_XJTU,40Hz10kN/Bearing3_4/23.csv,0,0,0,2,25600,XJTU/40Hz10kN/Bearing3_4,-1,test
7774,2,RM_002_XJTU,40Hz10kN/Bearing3_4/24.csv,0,0,0,2,25600,XJTU/40Hz10kN/Bearing3_4,-1,test
7775,2,RM_002_XJTU,40Hz10kN/Bearing3_4/25.csv,0,0,0,2,25600,XJTU/40Hz10kN/Bearing3_4,-1,test
7776,2,RM_002_XJTU,40Hz10kN/Bearing3_4/26.csv,0,0,0,2,25600,XJTU/40Hz10kN/Bearing3_4,-1,test
7777,2,RM_002_XJTU,40Hz10kN/Bearing3_4/27.csv,0,0,0,2,25600,XJTU/40Hz10kN/Bearing3_4,-1,test
7778,2,RM_002_XJTU,40Hz10kN/Bearing3_4/28.csv,0,0,0,2,25600,XJTU/40Hz10kN/Bearing3_4,-1,test
7779,2,RM_002_XJTU,40Hz10kN/Bearing3_4/29.csv,0,0,0,2,25600,XJTU/40Hz10kN/Bearing3_4,-1,test
7780,2,RM_002_XJTU,40Hz10kN/Bearing3_4/30.csv,0,0,0,2,25600,XJTU/40Hz10kN/Bearing3_4,-1,test
7781,2,RM_002_XJTU,40Hz10kN/Bearing3_4/31.csv,0,0,0,2,25600,XJTU/40Hz10kN/Bearing3_4,-1,test
7782,2,RM_002_XJTU,40Hz10kN/Bearing3_4/32.csv,0,0,0,2,25600,XJTU/40Hz10kN/Bearing3_4,-1,test
7783,2,RM_002_XJTU,40Hz10kN/Bearing3_4/33.csv,0,0,0,2,25600,XJTU/40Hz10kN/Bearing3_4,-1,test
7784,2,RM_002_XJTU,40Hz10kN/Bearing3_4/34.csv,0,0,0,2,25600,XJTU/40Hz10kN/Bearing3_4,-1,test
7785,2,RM_002_XJTU,40Hz10kN/Bearing3_4/35.csv,0,0,0,2,25600,XJTU/40Hz10kN/Bearing3_4,-1,test
7786,2,RM_002_XJTU,40Hz10kN/Bearing3_4/36.csv,0,0,0,2,25600,XJTU/40Hz10kN/Bearing3_4,-1,test
7787,2,RM_002_XJTU,40Hz10kN/Bearing3_4/37.csv,0,0,0,2,25600,XJTU/40Hz10kN/Bearing3_4,-1,test
7788,2,RM_002_XJTU,40Hz10kN/Bearing3_4/38.csv,0,0,0,2,25600,XJTU/40Hz10kN/Bearing3_4,-1,test
7789,2,RM_002_XJTU,40Hz10kN/Bearing3_4/39.csv,0,0,0,2,25600,XJTU/40Hz10kN/Bearing3_4,-1,test
7790,2,RM_002_XJTU,40Hz10kN/Bearing3_4/40.csv,0,0,0,2,25600,XJTU/40Hz10kN/Bearing3_4,-1,test
7791,2,RM_002_XJTU,40Hz10kN/Bearing3_4/41.csv,0,0,0,2,25600,XJTU/40Hz10kN/Bearing3_4,-1,test
7792,2,RM_002_XJTU,40Hz10kN/Bearing3_4/42.csv,0,0,0,2,25600,XJTU/40Hz10kN/Bearing3_4,-1,test
7793,2,RM_002_XJTU,40Hz10kN/Bearing3_4/43.csv,0,0,0,2,25600,XJTU/40Hz10kN/Bearing3_4,-1,test
7794,2,RM_002_XJTU,40Hz10kN/Bearing3_4/44.csv,0,0,0,2,25600,XJTU/40Hz10kN/Bearing3_4,-1,test
7795,2,RM_002_XJTU,40Hz10kN/Bearing3_4/45.csv,0,0,0,2,25600,XJTU/40Hz10kN/Bearing3_4,-1,test
7796,2,RM_002_XJTU,40Hz10kN/Bearing3_4/46.csv,0,0,0,2,25600,XJTU/40Hz10kN/Bearing3_4,-1,test
7797,2,RM_002_XJTU,40Hz10kN/Bearing3_4/47.csv,0,0,0,2,25600,XJTU/40Hz10kN/Bearing3_4,-1,test
7798,2,RM_002_XJTU,40Hz10kN/Bearing3_4/48.csv,0,0,0,2,25600,XJTU/40Hz10kN/Bearing3_4,-1,test
7799,2,RM_002_XJTU,40Hz10kN/Bearing3_4/49.csv,0,0,0,2,25600,XJTU/40Hz10kN/Bearing3_4,-1,test
7800,2,RM_002_XJTU,40Hz10kN/Bearing3_4/50.csv,0,0,0,2,25600,XJTU/40Hz10kN/Bearing3_4,-1,test
7801,2,RM_002_XJTU,40Hz10kN/Bearing3_4/51.csv,0,0,0,2,25600,XJTU/40Hz10kN/Bearing3_4,-1,test
7802,2,RM_002_XJTU,40Hz10kN/Bearing3_4/52.csv,0,0,0,2,25600,XJTU/40Hz10kN/Bearing3_4,-1,test
7803,2,RM_002_XJTU,40Hz10kN/Bearing3_4/53.csv,0,0,0,2,25600,XJTU/40Hz10kN/Bearing3_4,-1,test
7804,2,RM_002_XJTU,40Hz10kN/Bearing3_4/54.csv,0,0,0,2,25600,XJTU/40Hz10kN/Bearing3_4,-1,test
7805,2,RM_002_XJTU,40Hz10kN/Bearing3_4/55.csv,0,0,0,2,25600,XJTU/40Hz10kN/Bearing3_4,-1,test
7806,2,RM_002_XJTU,40Hz10kN/Bearing3_4/56.csv,0,0,0,2,25600,XJTU/40Hz10kN/Bearing3_4,-1,test
7807,2,RM_002_XJTU,40Hz10kN/Bearing3_4/57.csv,0,0,0,2,25600,XJTU/40Hz10kN/Bearing3_4,-1,test
7808,2,RM_002_XJTU,40Hz10kN/Bearing3_4/58.csv,0,0,0,2,25600,XJTU/40Hz10kN/Bearing3_4,-1,test
7809,2,RM_002_XJTU,40Hz10kN/Bearing3_4/59.csv,0,0,0,2,25600,XJTU/40Hz10kN/Bearing3_4,-1,test
7810,2,RM_002_XJTU,40Hz10kN/Bearing3_4/60.csv,0,0,0,2,25600,XJTU/40Hz10kN/Bearing3_4,-1,test
7811,2,RM_002_XJTU,40Hz10kN/Bearing3_4/61.csv,0,0,0,2,25600,XJTU/40Hz10kN/Bearing3_4,-1,test
7812,2,RM_002_XJTU,40Hz10kN/Bearing3_4/62.csv,0,0,0,2,25600,XJTU/40Hz10kN/Bearing3_4,-1,test
7813,2,RM_002_XJTU,40Hz10kN/Bearing3_4/63.csv,0,0,0,2,25600,XJTU/40Hz10kN/Bearing3_4,-1,test
7814,2,RM_002_XJTU,40Hz10kN/Bearing3_4/64.csv,0,0,0,2,25600,XJTU/40Hz10kN/Bearing3_4,-1,test
7815,2,RM_002_XJTU,40Hz10kN/Bearing3_4/65.csv,0,0,0,2,25600,XJTU/40Hz10kN/Bearing3_4,-1,test
7816,2,RM_002_XJTU,40Hz10kN/Bearing3_4/66.csv,0,0,0,2,25600,XJTU/40Hz10kN/Bearing3_4,-1,test
7817,2,RM_002_XJTU,40Hz10kN/Bearing3_4/67.csv,0,0,0,2,25600,XJTU/40Hz10kN/Bearing3_4,-1,test
7818,2,RM_002_XJTU,40Hz10kN/Bearing3_4/68.csv,0,0,0,2,25600,XJTU/40Hz10kN/Bearing3_4,-1,test
7819,2,RM_002_XJTU,40Hz10kN/Bearing3_4/69.csv,0,0,0,2,25600,XJTU/40Hz10kN/Bearing3_4,-1,test
7820,2,RM_002_XJTU,40Hz10kN/Bearing3_4/70.csv,0,0,0,2,25600,XJTU/40Hz10kN/Bearing3_4,-1,test
7821,2,RM_002_XJTU,40Hz10kN/Bearing3_4/71.csv,0,0,0,2,25600,XJTU/40Hz10kN/Bearing3_4,-1,test
7822,2,RM_002_XJTU,40Hz10kN/Bearing3_4/72.csv,0,0,0,2,25600,XJTU/40Hz10kN/Bearing3_4,-1,test
7823,2,RM_002_XJTU,40Hz10kN/Bearing3_4/73.csv,0,0,0,2,25600,XJTU/40Hz10kN/Bearing3_4,-1,test
7824,2,RM_002_XJTU,40Hz10kN/Bearing3_4/74.csv,0,0,0,2,25600,XJTU/40Hz10kN/Bearing3_4,-1,test
7825,2,RM_002_XJTU,40Hz10kN/Bearing3_4/75.csv,0,0,0,2,25600,XJTU/40Hz10kN/Bearing3_4,-1,test
7826,2,RM_002_XJTU,40Hz10kN/Bearing3_4/76.csv,0,0,0,2,25600,XJTU/40Hz10kN/Bearing3_4,-1,test
7827,2,RM_002_XJTU,40Hz10kN/Bearing3_4/77.csv,0,0,0,2,25600,XJTU/40Hz10kN/Bearing3_4,-1,test
7828,2,RM_002_XJTU,40Hz10kN/Bearing3_4/78.csv,0,0,0,2,25600,XJTU/40Hz10kN/Bearing3_4,-1,test
7829,2,RM_002_XJTU,40Hz10kN/Bearing3_4/79.csv,0,0,0,2,25600,XJTU/40Hz10kN/Bearing3_4,-1,test
7830,2,RM_002_XJTU,40Hz10kN/Bearing3_4/80.csv,0,0,0,2,25600,XJTU/40Hz10kN/Bearing3_4,-1,test
7831,2,RM_002_XJTU,40Hz10kN/Bearing3_4/81.csv,0,0,0,2,25600,XJTU/40Hz10kN/Bearing3_4,-1,test
7832,2,RM_002_XJTU,40Hz10kN/Bearing3_4/82.csv,0,0,0,2,25600,XJTU/40Hz10kN/Bearing3_4,-1,test
7833,2,RM_002_XJTU,40Hz10kN/Bearing3_4/83.csv,0,0,0,2,25600,XJTU/40Hz10kN/Bearing3_4,-1,test
7834,2,RM_002_XJTU,40Hz10kN/Bearing3_4/84.csv,0,0,0,2,25600,XJTU/40Hz10kN/Bearing3_4,-1,test
7835,2,RM_002_XJTU,40Hz10kN/Bearing3_4/85.csv,0,0,0,2,25600,XJTU/40Hz10kN/Bearing3_4,-1,test
7836,2,RM_002_XJTU,40Hz10kN/Bearing3_4/86.csv,0,0,0,2,25600,XJTU/40Hz10kN/Bearing3_4,-1,test
7837,2,RM_002_XJTU,40Hz10kN/Bearing3_4/87.csv,0,0,0,2,25600,XJTU/40Hz10kN/Bearing3_4,-1,test
7838,2,RM_002_XJTU,40Hz10kN/Bearing3_4/88.csv,0,0,0,2,25600,XJTU/40Hz10kN/Bearing3_4,-1,test
7839,2,RM_002_XJTU,40Hz10kN/Bearing3_4/89.csv,0,0,0,2,25600,XJTU/40Hz10kN/Bearing3_4,-1,test
7840,2,RM_002_XJTU,40Hz10kN/Bearing3_4/90.csv,0,0,0,2,25600,XJTU/40Hz10kN/Bearing3_4,-1,test
7841,2,RM_002_XJTU,40Hz10kN/Bearing3_4/91.csv,0,0,0,2,25600,XJTU/40Hz10kN/Bearing3_4,-1,test
7842,2,RM_002_XJTU,40Hz10kN/Bearing3_4/92.csv,0,0,0,2,25600,XJTU/40Hz10kN/Bearing3_4,-1,test
7843,2,RM_002_XJTU,40Hz10kN/Bearing3_4/93.csv,0,0,0,2,25600,XJTU/40Hz10kN/Bearing3_4,-1,test
7844,2,RM_002_XJTU,40Hz10kN/Bearing3_4/94.csv,0,0,0,2,25600,XJTU/40Hz10kN/Bearing3_4,-1,test
7845,2,RM_002_XJTU,40Hz10kN/Bearing3_4/95.csv,0,0,0,2,25600,XJTU/40Hz10kN/Bearing3_4,-1,test
7846,2,RM_002_XJTU,40Hz10kN/Bearing3_4/96.csv,0,0,0,2,25600,XJTU/40Hz10kN/Bearing3_4,-1,test
7847,2,RM_002_XJTU,40Hz10kN/Bearing3_4/97.csv,0,0,0,2,25600,XJTU/40Hz10kN/Bearing3_4,-1,test
7848,2,RM_002_XJTU,40Hz10kN/Bearing3_4/98.csv,0,0,0,2,25600,XJTU/40Hz10kN/Bearing3_4,-1,test
7849,2,RM_002_XJTU,40Hz10kN/Bearing3_4/99.csv,0,0,0,2,25600,XJTU/40Hz10kN/Bearing3_4,-1,test
7850,2,RM_002_XJTU,40Hz10kN/Bearing3_4/100.csv,0,0,0,2,25600,XJTU/40Hz10kN/Bearing3_4,-1,test
7851,2,RM_002_XJTU,40Hz10kN/Bearing3_4/101.csv,0,0,0,2,25600,XJTU/40Hz10kN/Bearing3_4,-1,test
7852,2,RM_002_XJTU,40Hz10kN/Bearing3_4/102.csv,0,0,0,2,25600,XJTU/40Hz10kN/Bearing3_4,-1,test
7853,2,RM_002_XJTU,40Hz10kN/Bearing3_4/103.csv,0,0,0,2,25600,XJTU/40Hz10kN/Bearing3_4,-1,test
7854,2,RM_002_XJTU,40Hz10kN/Bearing3_4/104.csv,0,0,0,2,25600,XJTU/40Hz10kN/Bearing3_4,-1,test
7855,2,RM_002_XJTU,40Hz10kN/Bearing3_4/105.csv,0,0,0,2,25600,XJTU/40Hz10kN/Bearing3_4,-1,test
7856,2,RM_002_XJTU,40Hz10kN/Bearing3_4/106.csv,0,0,0,2,25600,XJTU/40Hz10kN/Bearing3_4,-1,test
7857,2,RM_002_XJTU,40Hz10kN/Bearing3_4/107.csv,0,0,0,2,25600,XJTU/40Hz10kN/Bearing3_4,-1,test
7858,2,RM_002_XJTU,40Hz10kN/Bearing3_4/108.csv,0,0,0,2,25600,XJTU/40Hz10kN/Bearing3_4,-1,test
7859,2,RM_002_XJTU,40Hz10kN/Bearing3_4/109.csv,0,0,0,2,25600,XJTU/40Hz10kN/Bearing3_4,-1,test
7860,2,RM_002_XJTU,40Hz10kN/Bearing3_4/110.csv,0,0,0,2,25600,XJTU/40Hz10kN/Bearing3_4,-1,test
7861,2,RM_002_XJTU,40Hz10kN/Bearing3_4/111.csv,0,0,0,2,25600,XJTU/40Hz10kN/Bearing3_4,-1,test
7862,2,RM_002_XJTU,40Hz10kN/Bearing3_4/112.csv,0,0,0,2,25600,XJTU/40Hz10kN/Bearing3_4,-1,test
7863,2,RM_002_XJTU,40Hz10kN/Bearing3_4/113.csv,0,0,0,2,25600,XJTU/40Hz10kN/Bearing3_4,-1,test
7864,2,RM_002_XJTU,40Hz10kN/Bearing3_4/114.csv,0,0,0,2,25600,XJTU/40Hz10kN/Bearing3_4,-1,test
7865,2,RM_002_XJTU,40Hz10kN/Bearing3_4/115.csv,0,0,0,2,25600,XJTU/40Hz10kN/Bearing3_4,-1,test
7866,2,RM_002_XJTU,40Hz10kN/Bearing3_4/116.csv,0,0,0,2,25600,XJTU/40Hz10kN/Bearing3_4,-1,test
7867,2,RM_002_XJTU,40Hz10kN/Bearing3_4/117.csv,0,0,0,2,25600,XJTU/40Hz10kN/Bearing3_4,-1,test
7868,2,RM_002_XJTU,40Hz10kN/Bearing3_4/118.csv,0,0,0,2,25600,XJTU/40Hz10kN/Bearing3_4,-1,test
7869,2,RM_002_XJTU,40Hz10kN/Bearing3_4/119.csv,0,0,0,2,25600,XJTU/40Hz10kN/Bearing3_4,-1,test
7870,2,RM_002_XJTU,40Hz10kN/Bearing3_4/120.csv,0,0,0,2,25600,XJTU/40Hz10kN/Bearing3_4,-1,test
7871,2,RM_002_XJTU,40Hz10kN/Bearing3_4/121.csv,0,0,0,2,25600,XJTU/40Hz10kN/Bearing3_4,-1,test
7872,2,RM_002_XJTU,40Hz10kN/Bearing3_4/122.csv,0,0,0,2,25600,XJTU/40Hz10kN/Bearing3_4,-1,test
7873,2,RM_002_XJTU,40Hz10kN/Bearing3_4/123.csv,0,0,0,2,25600,XJTU/40Hz10kN/Bearing3_4,-1,test
7874,2,RM_002_XJTU,40Hz10kN/Bearing3_4/124.csv,0,0,0,2,25600,XJTU/40Hz10kN/Bearing3_4,-1,test
7875,2,RM_002_XJTU,40Hz10kN/Bearing3_4/125.csv,0,0,0,2,25600,XJTU/40Hz10kN/Bearing3_4,-1,test
7876,2,RM_002_XJTU,40Hz10kN/Bearing3_4/126.csv,0,0,0,2,25600,XJTU/40Hz10kN/Bearing3_4,-1,test
7877,2,RM_002_XJTU,40Hz10kN/Bearing3_4/127.csv,0,0,0,2,25600,XJTU/40Hz10kN/Bearing3_4,-1,test
7878,2,RM_002_XJTU,40Hz10kN/Bearing3_4/128.csv,0,0,0,2,25600,XJTU/40Hz10kN/Bearing3_4,-1,test
7879,2,RM_002_XJTU,40Hz10kN/Bearing3_4/129.csv,0,0,0,2,25600,XJTU/40Hz10kN/Bearing3_4,-1,test
7880,2,RM_002_XJTU,40Hz10kN/Bearing3_4/130.csv,0,0,0,2,25600,XJTU/40Hz10kN/Bearing3_4,-1,test
7881,2,RM_002_XJTU,40Hz10kN/Bearing3_4/131.csv,0,0,0,2,25600,XJTU/40Hz10kN/Bearing3_4,-1,test
7882,2,RM_002_XJTU,40Hz10kN/Bearing3_4/132.csv,0,0,0,2,25600,XJTU/40Hz10kN/Bearing3_4,-1,test
7883,2,RM_002_XJTU,40Hz10kN/Bearing3_4/133.csv,0,0,0,2,25600,XJTU/40Hz10kN/Bearing3_4,-1,test
7884,2,RM_002_XJTU,40Hz10kN/Bearing3_4/134.csv,0,0,0,2,25600,XJTU/40Hz10kN/Bearing3_4,-1,test
7885,2,RM_002_XJTU,40Hz10kN/Bearing3_4/135.csv,0,0,0,2,25600,XJTU/40Hz10kN/Bearing3_4,-1,test
7886,2,RM_002_XJTU,40Hz10kN/Bearing3_4/136.csv,0,0,0,2,25600,XJTU/40Hz10kN/Bearing3_4,-1,test
7887,2,RM_002_XJTU,40Hz10kN/Bearing3_4/137.csv,0,0,0,2,25600,XJTU/40Hz10kN/Bearing3_4,-1,test
7888,2,RM_002_XJTU,40Hz10kN/Bearing3_4/138.csv,0,0,0,2,25600,XJTU/40Hz10kN/Bearing3_4,-1,test
7889,2,RM_002_XJTU,40Hz10kN/Bearing3_4/139.csv,0,0,0,2,25600,XJTU/40Hz10kN/Bearing3_4,-1,test
7890,2,RM_002_XJTU,40Hz10kN/Bearing3_4/140.csv,0,0,0,2,25600,XJTU/40Hz10kN/Bearing3_4,-1,test
7891,2,RM_002_XJTU,40Hz10kN/Bearing3_4/141.csv,0,0,0,2,25600,XJTU/40Hz10kN/Bearing3_4,-1,test
7892,2,RM_002_XJTU,40Hz10kN/Bearing3_4/142.csv,0,0,0,2,25600,XJTU/40Hz10kN/Bearing3_4,-1,test
7893,2,RM_002_XJTU,40Hz10kN/Bearing3_4/143.csv,0,0,0,2,25600,XJTU/40Hz10kN/Bearing3_4,-1,test
7894,2,RM_002_XJTU,40Hz10kN/Bearing3_4/144.csv,0,0,0,2,25600,XJTU/40Hz10kN/Bearing3_4,-1,test
7895,2,RM_002_XJTU,40Hz10kN/Bearing3_4/145.csv,0,0,0,2,25600,XJTU/40Hz10kN/Bearing3_4,-1,test
7896,2,RM_002_XJTU,40Hz10kN/Bearing3_4/146.csv,0,0,0,2,25600,XJTU/40Hz10kN/Bearing3_4,-1,test
7897,2,RM_002_XJTU,40Hz10kN/Bearing3_4/147.csv,0,0,0,2,25600,XJTU/40Hz10kN/Bearing3_4,-1,test
7898,2,RM_002_XJTU,40Hz10kN/Bearing3_4/148.csv,0,0,0,2,25600,XJTU/40Hz10kN/Bearing3_4,-1,test
7899,2,RM_002_XJTU,40Hz10kN/Bearing3_4/149.csv,0,0,0,2,25600,XJTU/40Hz10kN/Bearing3_4,-1,test
7900,2,RM_002_XJTU,40Hz10kN/Bearing3_4/150.csv,0,0,0,2,25600,XJTU/40Hz10kN/Bearing3_4,-1,test
7901,2,RM_002_XJTU,40Hz10kN/Bearing3_4/151.csv,0,0,0,2,25600,XJTU/40Hz10kN/Bearing3_4,-1,test
7902,2,RM_002_XJTU,40Hz10kN/Bearing3_4/152.csv,0,0,0,2,25600,XJTU/40Hz10kN/Bearing3_4,-1,test
7903,2,RM_002_XJTU,40Hz10kN/Bearing3_4/153.csv,0,0,0,2,25600,XJTU/40Hz10kN/Bearing3_4,-1,test
7904,2,RM_002_XJTU,40Hz10kN/Bearing3_4/154.csv,0,0,0,2,25600,XJTU/40Hz10kN/Bearing3_4,-1,test
7905,2,RM_002_XJTU,40Hz10kN/Bearing3_4/155.csv,0,0,0,2,25600,XJTU/40Hz10kN/Bearing3_4,-1,test
7906,2,RM_002_XJTU,40Hz10kN/Bearing3_4/156.csv,0,0,0,2,25600,XJTU/40Hz10kN/Bearing3_4,-1,test
7907,2,RM_002_XJTU,40Hz10kN/Bearing3_4/157.csv,0,0,0,2,25600,XJTU/40Hz10kN/Bearing3_4,-1,test
7908,2,RM_002_XJTU,40Hz10kN/Bearing3_4/158.csv,0,0,0,2,25600,XJTU/40Hz10kN/Bearing3_4,-1,test
7909,2,RM_002_XJTU,40Hz10kN/Bearing3_4/159.csv,0,0,0,2,25600,XJTU/40Hz10kN/Bearing3_4,-1,test
7910,2,RM_002_XJTU,40Hz10kN/Bearing3_4/160.csv,0,0,0,2,25600,XJTU/40Hz10kN/Bearing3_4,-1,test
7911,2,RM_002_XJTU,40Hz10kN/Bearing3_4/161.csv,0,0,0,2,25600,XJTU/40Hz10kN/Bearing3_4,-1,test
7912,2,RM_002_XJTU,40Hz10kN/Bearing3_4/162.csv,0,0,0,2,25600,XJTU/40Hz10kN/Bearing3_4,-1,test
7913,2,RM_002_XJTU,40Hz10kN/Bearing3_4/163.csv,0,0,0,2,25600,XJTU/40Hz10kN/Bearing3_4,-1,test
7914,2,RM_002_XJTU,40Hz10kN/Bearing3_4/164.csv,0,0,0,2,25600,XJTU/40Hz10kN/Bearing3_4,-1,test
7915,2,RM_002_XJTU,40Hz10kN/Bearing3_4/165.csv,0,0,0,2,25600,XJTU/40Hz10kN/Bearing3_4,-1,test
7916,2,RM_002_XJTU,40Hz10kN/Bearing3_4/166.csv,0,0,0,2,25600,XJTU/40Hz10kN/Bearing3_4,-1,test
7917,2,RM_002_XJTU,40Hz10kN/Bearing3_4/167.csv,0,0,0,2,25600,XJTU/40Hz10kN/Bearing3_4,-1,test
7918,2,RM_002_XJTU,40Hz10kN/Bearing3_4/168.csv,0,0,0,2,25600,XJTU/40Hz10kN/Bearing3_4,-1,test
7919,2,RM_002_XJTU,40Hz10kN/Bearing3_4/169.csv,0,0,0,2,25600,XJTU/40Hz10kN/Bearing3_4,-1,test
7920,2,RM_002_XJTU,40Hz10kN/Bearing3_4/170.csv,0,0,0,2,25600,XJTU/40Hz10kN/Bearing3_4,-1,test
7921,2,RM_002_XJTU,40Hz10kN/Bearing3_4/171.csv,0,0,0,2,25600,XJTU/40Hz10kN/Bearing3_4,-1,test
7922,2,RM_002_XJTU,40Hz10kN/Bearing3_4/172.csv,0,0,0,2,25600,XJTU/40Hz10kN/Bearing3_4,-1,test
7923,2,RM_002_XJTU,40Hz10kN/Bearing3_4/173.csv,0,0,0,2,25600,XJTU/40Hz10kN/Bearing3_4,-1,test
7924,2,RM_002_XJTU,40Hz10kN/Bearing3_4/174.csv,0,0,0,2,25600,XJTU/40Hz10kN/Bearing3_4,-1,test
7925,2,RM_002_XJTU,40Hz10kN/Bearing3_4/175.csv,0,0,0,2,25600,XJTU/40Hz10kN/Bearing3_4,-1,test
7926,2,RM_002_XJTU,40Hz10kN/Bearing3_4/176.csv,0,0,0,2,25600,XJTU/40Hz10kN/Bearing3_4,-1,test
7927,2,RM_002_XJTU,40Hz10kN/Bearing3_4/177.csv,0,0,0,2,25600,XJTU/40Hz10kN/Bearing3_4,-1,test
7928,2,RM_002_XJTU,40Hz10kN/Bearing3_4/178.csv,0,0,0,2,25600,XJTU/40Hz10kN/Bearing3_4,-1,test
7929,2,RM_002_XJTU,40Hz10kN/Bearing3_4/179.csv,0,0,0,2,25600,XJTU/40Hz10kN/Bearing3_4,-1,test
7930,2,RM_002_XJTU,40Hz10kN/Bearing3_4/180.csv,0,0,0,2,25600,XJTU/40Hz10kN/Bearing3_4,-1,test
7931,2,RM_002_XJTU,40Hz10kN/Bearing3_4/181.csv,0,0,0,2,25600,XJTU/40Hz10kN/Bearing3_4,-1,test
7932,2,RM_002_XJTU,40Hz10kN/Bearing3_4/182.csv,0,0,0,2,25600,XJTU/40Hz10kN/Bearing3_4,-1,test
7933,2,RM_002_XJTU,40Hz10kN/Bearing3_4/183.csv,0,0,0,2,25600,XJTU/40Hz10kN/Bearing3_4,-1,test
7934,2,RM_002_XJTU,40Hz10kN/Bearing3_4/184.csv,0,0,0,2,25600,XJTU/40Hz10kN/Bearing3_4,-1,test
7935,2,RM_002_XJTU,40Hz10kN/Bearing3_4/185.csv,0,0,0,2,25600,XJTU/40Hz10kN/Bearing3_4,-1,test
7936,2,RM_002_XJTU,40Hz10kN/Bearing3_4/186.csv,0,0,0,2,25600,XJTU/40Hz10kN/Bearing3_4,-1,test
7937,2,RM_002_XJTU,40Hz10kN/Bearing3_4/187.csv,0,0,0,2,25600,XJTU/40Hz10kN/Bearing3_4,-1,test
7938,2,RM_002_XJTU,40Hz10kN/Bearing3_4/188.csv,0,0,0,2,25600,XJTU/40Hz10kN/Bearing3_4,-1,test
7939,2,RM_002_XJTU,40Hz10kN/Bearing3_4/189.csv,0,0,0,2,25600,XJTU/40Hz10kN/Bearing3_4,-1,test
7940,2,RM_002_XJTU,40Hz10kN/Bearing3_4/190.csv,0,0,0,2,25600,XJTU/40Hz10kN/Bearing3_4,-1,test
7941,2,RM_002_XJTU,40Hz10kN/Bearing3_4/191.csv,0,0,0,2,25600,XJTU/40Hz10kN/Bearing3_4,-1,test
7942,2,RM_002_XJTU,40Hz10kN/Bearing3_4/192.csv,0,0,0,2,25600,XJTU/40Hz10kN/Bearing3_4,-1,test
7943,2,RM_002_XJTU,40Hz10kN/Bearing3_4/193.csv,0,0,0,2,25600,XJTU/40Hz10kN/Bearing3_4,-1,test
7944,2,RM_002_XJTU,40Hz10kN/Bearing3_4/194.csv,0,0,0,2,25600,XJTU/40Hz10kN/Bearing3_4,-1,test
7945,2,RM_002_XJTU,40Hz10kN/Bearing3_4/195.csv,0,0,0,2,25600,XJTU/40Hz10kN/Bearing3_4,-1,test
7946,2,RM_002_XJTU,40Hz10kN/Bearing3_4/196.csv,0,0,0,2,25600,XJTU/40Hz10kN/Bearing3_4,-1,test
7947,2,RM_002_XJTU,40Hz10kN/Bearing3_4/197.csv,0,0,0,2,25600,XJTU/40Hz10kN/Bearing3_4,-1,test
7948,2,RM_002_XJTU,40Hz10kN/Bearing3_4/198.csv,0,0,0,2,25600,XJTU/40Hz10kN/Bearing3_4,-1,test
7949,2,RM_002_XJTU,40Hz10kN/Bearing3_4/199.csv,0,0,0,2,25600,XJTU/40Hz10kN/Bearing3_4,-1,test
7950,2,RM_002_XJTU,40Hz10kN/Bearing3_4/200.csv,0,0,0,2,25600,XJTU/40Hz10kN/Bearing3_4,-1,test
7951,2,RM_002_XJTU,40Hz10kN/Bearing3_4/201.csv,0,0,0,2,25600,XJTU/40Hz10kN/Bearing3_4,-1,test
7952,2,RM_002_XJTU,40Hz10kN/Bearing3_4/202.csv,0,0,0,2,25600,XJTU/40Hz10kN/Bearing3_4,-1,test
7953,2,RM_002_XJTU,40Hz10kN/Bearing3_4/203.csv,0,0,0,2,25600,XJTU/40Hz10kN/Bearing3_4,-1,test
7954,2,RM_002_XJTU,40Hz10kN/Bearing3_4/204.csv,0,0,0,2,25600,XJTU/40Hz10kN/Bearing3_4,-1,test
7955,2,RM_002_XJTU,40Hz10kN/Bearing3_4/205.csv,0,0,0,2,25600,XJTU/40Hz10kN/Bearing3_4,-1,test
7956,2,RM_002_XJTU,40Hz10kN/Bearing3_4/206.csv,0,0,0,2,25600,XJTU/40Hz10kN/Bearing3_4,-1,test
7957,2,RM_002_XJTU,40Hz10kN/Bearing3_4/207.csv,0,0,0,2,25600,XJTU/40Hz10kN/Bearing3_4,-1,test
7958,2,RM_002_XJTU,40Hz10kN/Bearing3_4/208.csv,0,0,0,2,25600,XJTU/40Hz10kN/Bearing3_4,-1,test
7959,2,RM_002_XJTU,40Hz10kN/Bearing3_4/209.csv,0,0,0,2,25600,XJTU/40Hz10kN/Bearing3_4,-1,test
7960,2,RM_002_XJTU,40Hz10kN/Bearing3_4/210.csv,0,0,0,2,25600,XJTU/40Hz10kN/Bearing3_4,-1,test
7961,2,RM_002_XJTU,40Hz10kN/Bearing3_4/211.csv,0,0,0,2,25600,XJTU/40Hz10kN/Bearing3_4,-1,test
7962,2,RM_002_XJTU,40Hz10kN/Bearing3_4/212.csv,0,0,0,2,25600,XJTU/40Hz10kN/Bearing3_4,-1,test
7963,2,RM_002_XJTU,40Hz10kN/Bearing3_4/213.csv,0,0,0,2,25600,XJTU/40Hz10kN/Bearing3_4,-1,test
7964,2,RM_002_XJTU,40Hz10kN/Bearing3_4/214.csv,0,0,0,2,25600,XJTU/40Hz10kN/Bearing3_4,-1,test
7965,2,RM_002_XJTU,40Hz10kN/Bearing3_4/215.csv,0,0,0,2,25600,XJTU/40Hz10kN/Bearing3_4,-1,test
7966,2,RM_002_XJTU,40Hz10kN/Bearing3_4/216.csv,0,0,0,2,25600,XJTU/40Hz10kN/Bearing3_4,-1,test
7967,2,RM_002_XJTU,40Hz10kN/Bearing3_4/217.csv,0,0,0,2,25600,XJTU/40Hz10kN/Bearing3_4,-1,test
7968,2,RM_002_XJTU,40Hz10kN/Bearing3_4/218.csv,0,0,0,2,25600,XJTU/40Hz10kN/Bearing3_4,-1,test
7969,2,RM_002_XJTU,40Hz10kN/Bearing3_4/219.csv,0,0,0,2,25600,XJTU/40Hz10kN/Bearing3_4,-1,test
7970,2,RM_002_XJTU,40Hz10kN/Bearing3_4/220.csv,0,0,0,2,25600,XJTU/40Hz10kN/Bearing3_4,-1,test
7971,2,RM_002_XJTU,40Hz10kN/Bearing3_4/221.csv,0,0,0,2,25600,XJTU/40Hz10kN/Bearing3_4,-1,test
7972,2,RM_002_XJTU,40Hz10kN/Bearing3_4/222.csv,0,0,0,2,25600,XJTU/40Hz10kN/Bearing3_4,-1,test
7973,2,RM_002_XJTU,40Hz10kN/Bearing3_4/223.csv,0,0,0,2,25600,XJTU/40Hz10kN/Bearing3_4,-1,test
7974,2,RM_002_XJTU,40Hz10kN/Bearing3_4/224.csv,0,0,0,2,25600,XJTU/40Hz10kN/Bearing3_4,-1,test
7975,2,RM_002_XJTU,40Hz10kN/Bearing3_4/225.csv,0,0,0,2,25600,XJTU/40Hz10kN/Bearing3_4,-1,test
7976,2,RM_002_XJTU,40Hz10kN/Bearing3_4/226.csv,0,0,0,2,25600,XJTU/40Hz10kN/Bearing3_4,-1,test
7977,2,RM_002_XJTU,40Hz10kN/Bearing3_4/227.csv,0,0,0,2,25600,XJTU/40Hz10kN/Bearing3_4,-1,test
7978,2,RM_002_XJTU,40Hz10kN/Bearing3_4/228.csv,0,0,0,2,25600,XJTU/40Hz10kN/Bearing3_4,-1,test
7979,2,RM_002_XJTU,40Hz10kN/Bearing3_4/229.csv,0,0,0,2,25600,XJTU/40Hz10kN/Bearing3_4,-1,test
7980,2,RM_002_XJTU,40Hz10kN/Bearing3_4/230.csv,0,0,0,2,25600,XJTU/40Hz10kN/Bearing3_4,-1,test
7981,2,RM_002_XJTU,40Hz10kN/Bearing3_4/231.csv,0,0,0,2,25600,XJTU/40Hz10kN/Bearing3_4,-1,test
7982,2,RM_002_XJTU,40Hz10kN/Bearing3_4/232.csv,0,0,0,2,25600,XJTU/40Hz10kN/Bearing3_4,-1,test
7983,2,RM_002_XJTU,40Hz10kN/Bearing3_4/233.csv,0,0,0,2,25600,XJTU/40Hz10kN/Bearing3_4,-1,test
7984,2,RM_002_XJTU,40Hz10kN/Bearing3_4/234.csv,0,0,0,2,25600,XJTU/40Hz10kN/Bearing3_4,-1,test
7985,2,RM_002_XJTU,40Hz10kN/Bearing3_4/235.csv,0,0,0,2,25600,XJTU/40Hz10kN/Bearing3_4,-1,test
7986,2,RM_002_XJTU,40Hz10kN/Bearing3_4/236.csv,0,0,0,2,25600,XJTU/40Hz10kN/Bearing3_4,-1,test
7987,2,RM_002_XJTU,40Hz10kN/Bearing3_4/237.csv,0,0,0,2,25600,XJTU/40Hz10kN/Bearing3_4,-1,test
7988,2,RM_002_XJTU,40Hz10kN/Bearing3_4/238.csv,0,0,0,2,25600,XJTU/40Hz10kN/Bearing3_4,-1,test
7989,2,RM_002_XJTU,40Hz10kN/Bearing3_4/239.csv,0,0,0,2,25600,XJTU/40Hz10kN/Bearing3_4,-1,test
7990,2,RM_002_XJTU,40Hz10kN/Bearing3_4/240.csv,0,0,0,2,25600,XJTU/40Hz10kN/Bearing3_4,-1,test
7991,2,RM_002_XJTU,40Hz10kN/Bearing3_4/241.csv,0,0,0,2,25600,XJTU/40Hz10kN/Bearing3_4,-1,test
7992,2,RM_002_XJTU,40Hz10kN/Bearing3_4/242.csv,0,0,0,2,25600,XJTU/40Hz10kN/Bearing3_4,-1,test
7993,2,RM_002_XJTU,40Hz10kN/Bearing3_4/243.csv,0,0,0,2,25600,XJTU/40Hz10kN/Bearing3_4,-1,test
7994,2,RM_002_XJTU,40Hz10kN/Bearing3_4/244.csv,0,0,0,2,25600,XJTU/40Hz10kN/Bearing3_4,-1,test
7995,2,RM_002_XJTU,40Hz10kN/Bearing3_4/245.csv,0,0,0,2,25600,XJTU/40Hz10kN/Bearing3_4,-1,test
7996,2,RM_002_XJTU,40Hz10kN/Bearing3_4/246.csv,0,0,0,2,25600,XJTU/40Hz10kN/Bearing3_4,-1,test
7997,2,RM_002_XJTU,40Hz10kN/Bearing3_4/247.csv,0,0,0,2,25600,XJTU/40Hz10kN/Bearing3_4,-1,test
7998,2,RM_002_XJTU,40Hz10kN/Bearing3_4/248.csv,0,0,0,2,25600,XJTU/40Hz10kN/Bearing3_4,-1,test
7999,2,RM_002_XJTU,40Hz10kN/Bearing3_4/249.csv,0,0,0,2,25600,XJTU/40Hz10kN/Bearing3_4,-1,test
8000,2,RM_002_XJTU,40Hz10kN/Bearing3_4/250.csv,0,0,0,2,25600,XJTU/40Hz10kN/Bearing3_4,-1,test
8001,2,RM_002_XJTU,40Hz10kN/Bearing3_4/251.csv,0,0,0,2,25600,XJTU/40Hz10kN/Bearing3_4,-1,test
8002,2,RM_002_XJTU,40Hz10kN/Bearing3_4/252.csv,0,0,0,2,25600,XJTU/40Hz10kN/Bearing3_4,-1,test
8003,2,RM_002_XJTU,40Hz10kN/Bearing3_4/253.csv,0,0,0,2,25600,XJTU/40Hz10kN/Bearing3_4,-1,test
8004,2,RM_002_XJTU,40Hz10kN/Bearing3_4/254.csv,0,0,0,2,25600,XJTU/40Hz10kN/Bearing3_4,-1,test
8005,2,RM_002_XJTU,40Hz10kN/Bearing3_4/255.csv,0,0,0,2,25600,XJTU/40Hz10kN/Bearing3_4,-1,test
8006,2,RM_002_XJTU,40Hz10kN/Bearing3_4/256.csv,0,0,0,2,25600,XJTU/40Hz10kN/Bearing3_4,-1,test
8007,2,RM_002_XJTU,40Hz10kN/Bearing3_4/257.csv,0,0,0,2,25600,XJTU/40Hz10kN/Bearing3_4,-1,test
8008,2,RM_002_XJTU,40Hz10kN/Bearing3_4/258.csv,0,0,0,2,25600,XJTU/40Hz10kN/Bearing3_4,-1,test
8009,2,RM_002_XJTU,40Hz10kN/Bearing3_4/259.csv,0,0,0,2,25600,XJTU/40Hz10kN/Bearing3_4,-1,test
8010,2,RM_002_XJTU,40Hz10kN/Bearing3_4/260.csv,0,0,0,2,25600,XJTU/40Hz10kN/Bearing3_4,-1,test
8011,2,RM_002_XJTU,40Hz10kN/Bearing3_4/261.csv,0,0,0,2,25600,XJTU/40Hz10kN/Bearing3_4,-1,test
8012,2,RM_002_XJTU,40Hz10kN/Bearing3_4/262.csv,0,0,0,2,25600,XJTU/40Hz10kN/Bearing3_4,-1,test
8013,2,RM_002_XJTU,40Hz10kN/Bearing3_4/263.csv,0,0,0,2,25600,XJTU/40Hz10kN/Bearing3_4,-1,test
8014,2,RM_002_XJTU,40Hz10kN/Bearing3_4/264.csv,0,0,0,2,25600,XJTU/40Hz10kN/Bearing3_4,-1,test
8015,2,RM_002_XJTU,40Hz10kN/Bearing3_4/265.csv,0,0,0,2,25600,XJTU/40Hz10kN/Bearing3_4,-1,test
8016,2,RM_002_XJTU,40Hz10kN/Bearing3_4/266.csv,0,0,0,2,25600,XJTU/40Hz10kN/Bearing3_4,-1,test
8017,2,RM_002_XJTU,40Hz10kN/Bearing3_4/267.csv,0,0,0,2,25600,XJTU/40Hz10kN/Bearing3_4,-1,test
8018,2,RM_002_XJTU,40Hz10kN/Bearing3_4/268.csv,0,0,0,2,25600,XJTU/40Hz10kN/Bearing3_4,-1,test
8019,2,RM_002_XJTU,40Hz10kN/Bearing3_4/269.csv,0,0,0,2,25600,XJTU/40Hz10kN/Bearing3_4,-1,test
8020,2,RM_002_XJTU,40Hz10kN/Bearing3_4/270.csv,0,0,0,2,25600,XJTU/40Hz10kN/Bearing3_4,-1,test
8021,2,RM_002_XJTU,40Hz10kN/Bearing3_4/271.csv,0,0,0,2,25600,XJTU/40Hz10kN/Bearing3_4,-1,test
8022,2,RM_002_XJTU,40Hz10kN/Bearing3_4/272.csv,0,0,0,2,25600,XJTU/40Hz10kN/Bearing3_4,-1,test
8023,2,RM_002_XJTU,40Hz10kN/Bearing3_4/273.csv,0,0,0,2,25600,XJTU/40Hz10kN/Bearing3_4,-1,test
8024,2,RM_002_XJTU,40Hz10kN/Bearing3_4/274.csv,0,0,0,2,25600,XJTU/40Hz10kN/Bearing3_4,-1,test
8025,2,RM_002_XJTU,40Hz10kN/Bearing3_4/275.csv,0,0,0,2,25600,XJTU/40Hz10kN/Bearing3_4,-1,test
8026,2,RM_002_XJTU,40Hz10kN/Bearing3_4/276.csv,0,0,0,2,25600,XJTU/40Hz10kN/Bearing3_4,-1,test
8027,2,RM_002_XJTU,40Hz10kN/Bearing3_4/277.csv,0,0,0,2,25600,XJTU/40Hz10kN/Bearing3_4,-1,test
8028,2,RM_002_XJTU,40Hz10kN/Bearing3_4/278.csv,0,0,0,2,25600,XJTU/40Hz10kN/Bearing3_4,-1,test
8029,2,RM_002_XJTU,40Hz10kN/Bearing3_4/279.csv,0,0,0,2,25600,XJTU/40Hz10kN/Bearing3_4,-1,test
8030,2,RM_002_XJTU,40Hz10kN/Bearing3_4/280.csv,0,0,0,2,25600,XJTU/40Hz10kN/Bearing3_4,-1,test
8031,2,RM_002_XJTU,40Hz10kN/Bearing3_4/281.csv,0,0,0,2,25600,XJTU/40Hz10kN/Bearing3_4,-1,test
8032,2,RM_002_XJTU,40Hz10kN/Bearing3_4/282.csv,0,0,0,2,25600,XJTU/40Hz10kN/Bearing3_4,-1,test
8033,2,RM_002_XJTU,40Hz10kN/Bearing3_4/283.csv,0,0,0,2,25600,XJTU/40Hz10kN/Bearing3_4,-1,test
8034,2,RM_002_XJTU,40Hz10kN/Bearing3_4/284.csv,0,0,0,2,25600,XJTU/40Hz10kN/Bearing3_4,-1,test
8035,2,RM_002_XJTU,40Hz10kN/Bearing3_4/285.csv,0,0,0,2,25600,XJTU/40Hz10kN/Bearing3_4,-1,test
8036,2,RM_002_XJTU,40Hz10kN/Bearing3_4/286.csv,0,0,0,2,25600,XJTU/40Hz10kN/Bearing3_4,-1,test
8037,2,RM_002_XJTU,40Hz10kN/Bearing3_4/287.csv,0,0,0,2,25600,XJTU/40Hz10kN/Bearing3_4,-1,test
8038,2,RM_002_XJTU,40Hz10kN/Bearing3_4/288.csv,0,0,0,2,25600,XJTU/40Hz10kN/Bearing3_4,-1,test
8039,2,RM_002_XJTU,40Hz10kN/Bearing3_4/289.csv,0,0,0,2,25600,XJTU/40Hz10kN/Bearing3_4,-1,test
8040,2,RM_002_XJTU,40Hz10kN/Bearing3_4/290.csv,0,0,0,2,25600,XJTU/40Hz10kN/Bearing3_4,-1,test
8041,2,RM_002_XJTU,40Hz10kN/Bearing3_4/291.csv,0,0,0,2,25600,XJTU/40Hz10kN/Bearing3_4,-1,test
8042,2,RM_002_XJTU,40Hz10kN/Bearing3_4/292.csv,0,0,0,2,25600,XJTU/40Hz10kN/Bearing3_4,-1,test
8043,2,RM_002_XJTU,40Hz10kN/Bearing3_4/293.csv,0,0,0,2,25600,XJTU/40Hz10kN/Bearing3_4,-1,test
8044,2,RM_002_XJTU,40Hz10kN/Bearing3_4/294.csv,0,0,0,2,25600,XJTU/40Hz10kN/Bearing3_4,-1,test
8045,2,RM_002_XJTU,40Hz10kN/Bearing3_4/295.csv,0,0,0,2,25600,XJTU/40Hz10kN/Bearing3_4,-1,test
8046,2,RM_002_XJTU,40Hz10kN/Bearing3_4/296.csv,0,0,0,2,25600,XJTU/40Hz10kN/Bearing3_4,-1,test
8047,2,RM_002_XJTU,40Hz10kN/Bearing3_4/297.csv,0,0,0,2,25600,XJTU/40Hz10kN/Bearing3_4,-1,test
8048,2,RM_002_XJTU,40Hz10kN/Bearing3_4/298.csv,0,0,0,2,25600,XJTU/40Hz10kN/Bearing3_4,-1,test
8049,2,RM_002_XJTU,40Hz10kN/Bearing3_4/299.csv,0,0,0,2,25600,XJTU/40Hz10kN/Bearing3_4,-1,test
8050,2,RM_002_XJTU,40Hz10kN/Bearing3_4/300.csv,0,0,0,2,25600,XJTU/40Hz10kN/Bearing3_4,-1,test
8051,2,RM_002_XJTU,40Hz10kN/Bearing3_4/301.csv,0,0,0,2,25600,XJTU/40Hz10kN/Bearing3_4,-1,test
8052,2,RM_002_XJTU,40Hz10kN/Bearing3_4/302.csv,0,0,0,2,25600,XJTU/40Hz10kN/Bearing3_4,-1,test
8053,2,RM_002_XJTU,40Hz10kN/Bearing3_4/303.csv,0,0,0,2,25600,XJTU/40Hz10kN/Bearing3_4,-1,test
8054,2,RM_002_XJTU,40Hz10kN/Bearing3_4/304.csv,0,0,0,2,25600,XJTU/40Hz10kN/Bearing3_4,-1,test
8055,2,RM_002_XJTU,40Hz10kN/Bearing3_4/305.csv,0,0,0,2,25600,XJTU/40Hz10kN/Bearing3_4,-1,test
8056,2,RM_002_XJTU,40Hz10kN/Bearing3_4/306.csv,0,0,0,2,25600,XJTU/40Hz10kN/Bearing3_4,-1,test
8057,2,RM_002_XJTU,40Hz10kN/Bearing3_4/307.csv,0,0,0,2,25600,XJTU/40Hz10kN/Bearing3_4,-1,test
8058,2,RM_002_XJTU,40Hz10kN/Bearing3_4/308.csv,0,0,0,2,25600,XJTU/40Hz10kN/Bearing3_4,-1,test
8059,2,RM_002_XJTU,40Hz10kN/Bearing3_4/309.csv,0,0,0,2,25600,XJTU/40Hz10kN/Bearing3_4,-1,test
8060,2,RM_002_XJTU,40Hz10kN/Bearing3_4/310.csv,0,0,0,2,25600,XJTU/40Hz10kN/Bearing3_4,-1,test
8061,2,RM_002_XJTU,40Hz10kN/Bearing3_4/311.csv,0,0,0,2,25600,XJTU/40Hz10kN/Bearing3_4,-1,test
8062,2,RM_002_XJTU,40Hz10kN/Bearing3_4/312.csv,0,0,0,2,25600,XJTU/40Hz10kN/Bearing3_4,-1,test
8063,2,RM_002_XJTU,40Hz10kN/Bearing3_4/313.csv,0,0,0,2,25600,XJTU/40Hz10kN/Bearing3_4,-1,test
8064,2,RM_002_XJTU,40Hz10kN/Bearing3_4/314.csv,0,0,0,2,25600,XJTU/40Hz10kN/Bearing3_4,-1,test
8065,2,RM_002_XJTU,40Hz10kN/Bearing3_4/315.csv,0,0,0,2,25600,XJTU/40Hz10kN/Bearing3_4,-1,test
8066,2,RM_002_XJTU,40Hz10kN/Bearing3_4/316.csv,0,0,0,2,25600,XJTU/40Hz10kN/Bearing3_4,-1,test
8067,2,RM_002_XJTU,40Hz10kN/Bearing3_4/317.csv,0,0,0,2,25600,XJTU/40Hz10kN/Bearing3_4,-1,test
8068,2,RM_002_XJTU,40Hz10kN/Bearing3_4/318.csv,0,0,0,2,25600,XJTU/40Hz10kN/Bearing3_4,-1,test
8069,2,RM_002_XJTU,40Hz10kN/Bearing3_4/319.csv,0,0,0,2,25600,XJTU/40Hz10kN/Bearing3_4,-1,test
8070,2,RM_002_XJTU,40Hz10kN/Bearing3_4/320.csv,0,0,0,2,25600,XJTU/40Hz10kN/Bearing3_4,-1,test
8071,2,RM_002_XJTU,40Hz10kN/Bearing3_4/321.csv,0,0,0,2,25600,XJTU/40Hz10kN/Bearing3_4,-1,test
8072,2,RM_002_XJTU,40Hz10kN/Bearing3_4/322.csv,0,0,0,2,25600,XJTU/40Hz10kN/Bearing3_4,-1,test
8073,2,RM_002_XJTU,40Hz10kN/Bearing3_4/323.csv,0,0,0,2,25600,XJTU/40Hz10kN/Bearing3_4,-1,test
8074,2,RM_002_XJTU,40Hz10kN/Bearing3_4/324.csv,0,0,0,2,25600,XJTU/40Hz10kN/Bearing3_4,-1,test
8075,2,RM_002_XJTU,40Hz10kN/Bearing3_4/325.csv,0,0,0,2,25600,XJTU/40Hz10kN/Bearing3_4,-1,test
8076,2,RM_002_XJTU,40Hz10kN/Bearing3_4/326.csv,0,0,0,2,25600,XJTU/40Hz10kN/Bearing3_4,-1,test
8077,2,RM_002_XJTU,40Hz10kN/Bearing3_4/327.csv,0,0,0,2,25600,XJTU/40Hz10kN/Bearing3_4,-1,test
8078,2,RM_002_XJTU,40Hz10kN/Bearing3_4/328.csv,0,0,0,2,25600,XJTU/40Hz10kN/Bearing3_4,-1,test
8079,2,RM_002_XJTU,40Hz10kN/Bearing3_4/329.csv,0,0,0,2,25600,XJTU/40Hz10kN/Bearing3_4,-1,test
8080,2,RM_002_XJTU,40Hz10kN/Bearing3_4/330.csv,0,0,0,2,25600,XJTU/40Hz10kN/Bearing3_4,-1,test
8081,2,RM_002_XJTU,40Hz10kN/Bearing3_4/331.csv,0,0,0,2,25600,XJTU/40Hz10kN/Bearing3_4,-1,test
8082,2,RM_002_XJTU,40Hz10kN/Bearing3_4/332.csv,0,0,0,2,25600,XJTU/40Hz10kN/Bearing3_4,-1,test
8083,2,RM_002_XJTU,40Hz10kN/Bearing3_4/333.csv,0,0,0,2,25600,XJTU/40Hz10kN/Bearing3_4,-1,test
8084,2,RM_002_XJTU,40Hz10kN/Bearing3_4/334.csv,0,0,0,2,25600,XJTU/40Hz10kN/Bearing3_4,-1,test
8085,2,RM_002_XJTU,40Hz10kN/Bearing3_4/335.csv,0,0,0,2,25600,XJTU/40Hz10kN/Bearing3_4,-1,test
8086,2,RM_002_XJTU,40Hz10kN/Bearing3_4/336.csv,0,0,0,2,25600,XJTU/40Hz10kN/Bearing3_4,-1,test
8087,2,RM_002_XJTU,40Hz10kN/Bearing3_4/337.csv,0,0,0,2,25600,XJTU/40Hz10kN/Bearing3_4,-1,test
8088,2,RM_002_XJTU,40Hz10kN/Bearing3_4/338.csv,0,0,0,2,25600,XJTU/40Hz10kN/Bearing3_4,-1,test
8089,2,RM_002_XJTU,40Hz10kN/Bearing3_4/339.csv,0,0,0,2,25600,XJTU/40Hz10kN/Bearing3_4,-1,test
8090,2,RM_002_XJTU,40Hz10kN/Bearing3_4/340.csv,0,0,0,2,25600,XJTU/40Hz10kN/Bearing3_4,-1,test
8091,2,RM_002_XJTU,40Hz10kN/Bearing3_4/341.csv,0,0,0,2,25600,XJTU/40Hz10kN/Bearing3_4,-1,test
8092,2,RM_002_XJTU,40Hz10kN/Bearing3_4/342.csv,0,0,0,2,25600,XJTU/40Hz10kN/Bearing3_4,-1,test
8093,2,RM_002_XJTU,40Hz10kN/Bearing3_4/343.csv,0,0,0,2,25600,XJTU/40Hz10kN/Bearing3_4,-1,test
8094,2,RM_002_XJTU,40Hz10kN/Bearing3_4/344.csv,0,0,0,2,25600,XJTU/40Hz10kN/Bearing3_4,-1,test
8095,2,RM_002_XJTU,40Hz10kN/Bearing3_4/345.csv,0,0,0,2,25600,XJTU/40Hz10kN/Bearing3_4,-1,test
8096,2,RM_002_XJTU,40Hz10kN/Bearing3_4/346.csv,0,0,0,2,25600,XJTU/40Hz10kN/Bearing3_4,-1,test
8097,2,RM_002_XJTU,40Hz10kN/Bearing3_4/347.csv,0,0,0,2,25600,XJTU/40Hz10kN/Bearing3_4,-1,test
8098,2,RM_002_XJTU,40Hz10kN/Bearing3_4/348.csv,0,0,0,2,25600,XJTU/40Hz10kN/Bearing3_4,-1,test
8099,2,RM_002_XJTU,40Hz10kN/Bearing3_4/349.csv,0,0,0,2,25600,XJTU/40Hz10kN/Bearing3_4,-1,test
8100,2,RM_002_XJTU,40Hz10kN/Bearing3_4/350.csv,0,0,0,2,25600,XJTU/40Hz10kN/Bearing3_4,-1,test
8101,2,RM_002_XJTU,40Hz10kN/Bearing3_4/351.csv,0,0,0,2,25600,XJTU/40Hz10kN/Bearing3_4,-1,test
8102,2,RM_002_XJTU,40Hz10kN/Bearing3_4/352.csv,0,0,0,2,25600,XJTU/40Hz10kN/Bearing3_4,-1,test
8103,2,RM_002_XJTU,40Hz10kN/Bearing3_4/353.csv,0,0,0,2,25600,XJTU/40Hz10kN/Bearing3_4,-1,test
8104,2,RM_002_XJTU,40Hz10kN/Bearing3_4/354.csv,0,0,0,2,25600,XJTU/40Hz10kN/Bearing3_4,-1,test
8105,2,RM_002_XJTU,40Hz10kN/Bearing3_4/355.csv,0,0,0,2,25600,XJTU/40Hz10kN/Bearing3_4,-1,test
8106,2,RM_002_XJTU,40Hz10kN/Bearing3_4/356.csv,0,0,0,2,25600,XJTU/40Hz10kN/Bearing3_4,-1,test
8107,2,RM_002_XJTU,40Hz10kN/Bearing3_4/357.csv,0,0,0,2,25600,XJTU/40Hz10kN/Bearing3_4,-1,test
8108,2,RM_002_XJTU,40Hz10kN/Bearing3_4/358.csv,0,0,0,2,25600,XJTU/40Hz10kN/Bearing3_4,-1,test
8109,2,RM_002_XJTU,40Hz10kN/Bearing3_4/359.csv,0,0,0,2,25600,XJTU/40Hz10kN/Bearing3_4,-1,test
8110,2,RM_002_XJTU,40Hz10kN/Bearing3_4/360.csv,0,0,0,2,25600,XJTU/40Hz10kN/Bearing3_4,-1,test
8111,2,RM_002_XJTU,40Hz10kN/Bearing3_4/361.csv,0,0,0,2,25600,XJTU/40Hz10kN/Bearing3_4,-1,test
8112,2,RM_002_XJTU,40Hz10kN/Bearing3_4/362.csv,0,0,0,2,25600,XJTU/40Hz10kN/Bearing3_4,-1,test
8113,2,RM_002_XJTU,40Hz10kN/Bearing3_4/363.csv,0,0,0,2,25600,XJTU/40Hz10kN/Bearing3_4,-1,test
8114,2,RM_002_XJTU,40Hz10kN/Bearing3_4/364.csv,0,0,0,2,25600,XJTU/40Hz10kN/Bearing3_4,-1,test
8115,2,RM_002_XJTU,40Hz10kN/Bearing3_4/365.csv,0,0,0,2,25600,XJTU/40Hz10kN/Bearing3_4,-1,test
8116,2,RM_002_XJTU,40Hz10kN/Bearing3_4/366.csv,0,0,0,2,25600,XJTU/40Hz10kN/Bearing3_4,-1,test
8117,2,RM_002_XJTU,40Hz10kN/Bearing3_4/367.csv,0,0,0,2,25600,XJTU/40Hz10kN/Bearing3_4,-1,test
8118,2,RM_002_XJTU,40Hz10kN/Bearing3_4/368.csv,0,0,0,2,25600,XJTU/40Hz10kN/Bearing3_4,-1,test
8119,2,RM_002_XJTU,40Hz10kN/Bearing3_4/369.csv,0,0,0,2,25600,XJTU/40Hz10kN/Bearing3_4,-1,test
8120,2,RM_002_XJTU,40Hz10kN/Bearing3_4/370.csv,0,0,0,2,25600,XJTU/40Hz10kN/Bearing3_4,-1,test
8121,2,RM_002_XJTU,40Hz10kN/Bearing3_4/371.csv,0,0,0,2,25600,XJTU/40Hz10kN/Bearing3_4,-1,test
8122,2,RM_002_XJTU,40Hz10kN/Bearing3_4/372.csv,0,0,0,2,25600,XJTU/40Hz10kN/Bearing3_4,-1,test
8123,2,RM_002_XJTU,40Hz10kN/Bearing3_4/373.csv,0,0,0,2,25600,XJTU/40Hz10kN/Bearing3_4,-1,test
8124,2,RM_002_XJTU,40Hz10kN/Bearing3_4/374.csv,0,0,0,2,25600,XJTU/40Hz10kN/Bearing3_4,-1,test
8125,2,RM_002_XJTU,40Hz10kN/Bearing3_4/375.csv,0,0,0,2,25600,XJTU/40Hz10kN/Bearing3_4,-1,test
8126,2,RM_002_XJTU,40Hz10kN/Bearing3_4/376.csv,0,0,0,2,25600,XJTU/40Hz10kN/Bearing3_4,-1,test
8127,2,RM_002_XJTU,40Hz10kN/Bearing3_4/377.csv,0,0,0,2,25600,XJTU/40Hz10kN/Bearing3_4,-1,test
8128,2,RM_002_XJTU,40Hz10kN/Bearing3_4/378.csv,0,0,0,2,25600,XJTU/40Hz10kN/Bearing3_4,-1,test
8129,2,RM_002_XJTU,40Hz10kN/Bearing3_4/379.csv,0,0,0,2,25600,XJTU/40Hz10kN/Bearing3_4,-1,test
8130,2,RM_002_XJTU,40Hz10kN/Bearing3_4/380.csv,0,0,0,2,25600,XJTU/40Hz10kN/Bearing3_4,-1,test
8131,2,RM_002_XJTU,40Hz10kN/Bearing3_4/381.csv,0,0,0,2,25600,XJTU/40Hz10kN/Bearing3_4,-1,test
8132,2,RM_002_XJTU,40Hz10kN/Bearing3_4/382.csv,0,0,0,2,25600,XJTU/40Hz10kN/Bearing3_4,-1,test
8133,2,RM_002_XJTU,40Hz10kN/Bearing3_4/383.csv,0,0,0,2,25600,XJTU/40Hz10kN/Bearing3_4,-1,test
8134,2,RM_002_XJTU,40Hz10kN/Bearing3_4/384.csv,0,0,0,2,25600,XJTU/40Hz10kN/Bearing3_4,-1,test
8135,2,RM_002_XJTU,40Hz10kN/Bearing3_4/385.csv,0,0,0,2,25600,XJTU/40Hz10kN/Bearing3_4,-1,test
8136,2,RM_002_XJTU,40Hz10kN/Bearing3_4/386.csv,0,0,0,2,25600,XJTU/40Hz10kN/Bearing3_4,-1,test
8137,2,RM_002_XJTU,40Hz10kN/Bearing3_4/387.csv,0,0,0,2,25600,XJTU/40Hz10kN/Bearing3_4,-1,test
8138,2,RM_002_XJTU,40Hz10kN/Bearing3_4/388.csv,0,0,0,2,25600,XJTU/40Hz10kN/Bearing3_4,-1,test
8139,2,RM_002_XJTU,40Hz10kN/Bearing3_4/389.csv,0,0,0,2,25600,XJTU/40Hz10kN/Bearing3_4,-1,test
8140,2,RM_002_XJTU,40Hz10kN/Bearing3_4/390.csv,0,0,0,2,25600,XJTU/40Hz10kN/Bearing3_4,-1,test
8141,2,RM_002_XJTU,40Hz10kN/Bearing3_4/391.csv,0,0,0,2,25600,XJTU/40Hz10kN/Bearing3_4,-1,test
8142,2,RM_002_XJTU,40Hz10kN/Bearing3_4/392.csv,0,0,0,2,25600,XJTU/40Hz10kN/Bearing3_4,-1,test
8143,2,RM_002_XJTU,40Hz10kN/Bearing3_4/393.csv,0,0,0,2,25600,XJTU/40Hz10kN/Bearing3_4,-1,test
8144,2,RM_002_XJTU,40Hz10kN/Bearing3_4/394.csv,0,0,0,2,25600,XJTU/40Hz10kN/Bearing3_4,-1,test
8145,2,RM_002_XJTU,40Hz10kN/Bearing3_4/395.csv,0,0,0,2,25600,XJTU/40Hz10kN/Bearing3_4,-1,test
8146,2,RM_002_XJTU,40Hz10kN/Bearing3_4/396.csv,0,0,0,2,25600,XJTU/40Hz10kN/Bearing3_4,-1,test
8147,2,RM_002_XJTU,40Hz10kN/Bearing3_4/397.csv,0,0,0,2,25600,XJTU/40Hz10kN/Bearing3_4,-1,test
8148,2,RM_002_XJTU,40Hz10kN/Bearing3_4/398.csv,0,0,0,2,25600,XJTU/40Hz10kN/Bearing3_4,-1,test
8149,2,RM_002_XJTU,40Hz10kN/Bearing3_4/399.csv,0,0,0,2,25600,XJTU/40Hz10kN/Bearing3_4,-1,test
8150,2,RM_002_XJTU,40Hz10kN/Bearing3_4/400.csv,0,0,0,2,25600,XJTU/40Hz10kN/Bearing3_4,-1,test
8151,2,RM_002_XJTU,40Hz10kN/Bearing3_4/401.csv,0,0,0,2,25600,XJTU/40Hz10kN/Bearing3_4,-1,test
8152,2,RM_002_XJTU,40Hz10kN/Bearing3_4/402.csv,0,0,0,2,25600,XJTU/40Hz10kN/Bearing3_4,-1,test
8153,2,RM_002_XJTU,40Hz10kN/Bearing3_4/403.csv,0,0,0,2,25600,XJTU/40Hz10kN/Bearing3_4,-1,test
8154,2,RM_002_XJTU,40Hz10kN/Bearing3_4/404.csv,0,0,0,2,25600,XJTU/40Hz10kN/Bearing3_4,-1,test
8155,2,RM_002_XJTU,40Hz10kN/Bearing3_4/405.csv,0,0,0,2,25600,XJTU/40Hz10kN/Bearing3_4,-1,test
8156,2,RM_002_XJTU,40Hz10kN/Bearing3_4/406.csv,0,0,0,2,25600,XJTU/40Hz10kN/Bearing3_4,-1,test
8157,2,RM_002_XJTU,40Hz10kN/Bearing3_4/407.csv,0,0,0,2,25600,XJTU/40Hz10kN/Bearing3_4,-1,test
8158,2,RM_002_XJTU,40Hz10kN/Bearing3_4/408.csv,0,0,0,2,25600,XJTU/40Hz10kN/Bearing3_4,-1,test
8159,2,RM_002_XJTU,40Hz10kN/Bearing3_4/409.csv,0,0,0,2,25600,XJTU/40Hz10kN/Bearing3_4,-1,test
8160,2,RM_002_XJTU,40Hz10kN/Bearing3_4/410.csv,0,0,0,2,25600,XJTU/40Hz10kN/Bearing3_4,-1,test
8161,2,RM_002_XJTU,40Hz10kN/Bearing3_4/411.csv,0,0,0,2,25600,XJTU/40Hz10kN/Bearing3_4,-1,test
8162,2,RM_002_XJTU,40Hz10kN/Bearing3_4/412.csv,0,0,0,2,25600,XJTU/40Hz10kN/Bearing3_4,-1,test
8163,2,RM_002_XJTU,40Hz10kN/Bearing3_4/413.csv,0,0,0,2,25600,XJTU/40Hz10kN/Bearing3_4,-1,test
8164,2,RM_002_XJTU,40Hz10kN/Bearing3_4/414.csv,0,0,0,2,25600,XJTU/40Hz10kN/Bearing3_4,-1,test
8165,2,RM_002_XJTU,40Hz10kN/Bearing3_4/415.csv,0,0,0,2,25600,XJTU/40Hz10kN/Bearing3_4,-1,test
8166,2,RM_002_XJTU,40Hz10kN/Bearing3_4/416.csv,0,0,0,2,25600,XJTU/40Hz10kN/Bearing3_4,-1,test
8167,2,RM_002_XJTU,40Hz10kN/Bearing3_4/417.csv,0,0,0,2,25600,XJTU/40Hz10kN/Bearing3_4,-1,test
8168,2,RM_002_XJTU,40Hz10kN/Bearing3_4/418.csv,0,0,0,2,25600,XJTU/40Hz10kN/Bearing3_4,-1,test
8169,2,RM_002_XJTU,40Hz10kN/Bearing3_4/419.csv,0,0,0,2,25600,XJTU/40Hz10kN/Bearing3_4,-1,test
8170,2,RM_002_XJTU,40Hz10kN/Bearing3_4/420.csv,0,0,0,2,25600,XJTU/40Hz10kN/Bearing3_4,-1,test
8171,2,RM_002_XJTU,40Hz10kN/Bearing3_4/421.csv,0,0,0,2,25600,XJTU/40Hz10kN/Bearing3_4,-1,test
8172,2,RM_002_XJTU,40Hz10kN/Bearing3_4/422.csv,0,0,0,2,25600,XJTU/40Hz10kN/Bearing3_4,-1,test
8173,2,RM_002_XJTU,40Hz10kN/Bearing3_4/423.csv,0,0,0,2,25600,XJTU/40Hz10kN/Bearing3_4,-1,test
8174,2,RM_002_XJTU,40Hz10kN/Bearing3_4/424.csv,0,0,0,2,25600,XJTU/40Hz10kN/Bearing3_4,-1,test
8175,2,RM_002_XJTU,40Hz10kN/Bearing3_4/425.csv,0,0,0,2,25600,XJTU/40Hz10kN/Bearing3_4,-1,test
8176,2,RM_002_XJTU,40Hz10kN/Bearing3_4/426.csv,0,0,0,2,25600,XJTU/40Hz10kN/Bearing3_4,-1,test
8177,2,RM_002_XJTU,40Hz10kN/Bearing3_4/427.csv,0,0,0,2,25600,XJTU/40Hz10kN/Bearing3_4,-1,test
8178,2,RM_002_XJTU,40Hz10kN/Bearing3_4/428.csv,0,0,0,2,25600,XJTU/40Hz10kN/Bearing3_4,-1,test
8179,2,RM_002_XJTU,40Hz10kN/Bearing3_4/429.csv,0,0,0,2,25600,XJTU/40Hz10kN/Bearing3_4,-1,test
8180,2,RM_002_XJTU,40Hz10kN/Bearing3_4/430.csv,0,0,0,2,25600,XJTU/40Hz10kN/Bearing3_4,-1,test
8181,2,RM_002_XJTU,40Hz10kN/Bearing3_4/431.csv,0,0,0,2,25600,XJTU/40Hz10kN/Bearing3_4,-1,test
8182,2,RM_002_XJTU,40Hz10kN/Bearing3_4/432.csv,0,0,0,2,25600,XJTU/40Hz10kN/Bearing3_4,-1,test
8183,2,RM_002_XJTU,40Hz10kN/Bearing3_4/433.csv,0,0,0,2,25600,XJTU/40Hz10kN/Bearing3_4,-1,test
8184,2,RM_002_XJTU,40Hz10kN/Bearing3_4/434.csv,0,0,0,2,25600,XJTU/40Hz10kN/Bearing3_4,-1,test
8185,2,RM_002_XJTU,40Hz10kN/Bearing3_4/435.csv,0,0,0,2,25600,XJTU/40Hz10kN/Bearing3_4,-1,test
8186,2,RM_002_XJTU,40Hz10kN/Bearing3_4/436.csv,0,0,0,2,25600,XJTU/40Hz10kN/Bearing3_4,-1,test
8187,2,RM_002_XJTU,40Hz10kN/Bearing3_4/437.csv,0,0,0,2,25600,XJTU/40Hz10kN/Bearing3_4,-1,test
8188,2,RM_002_XJTU,40Hz10kN/Bearing3_4/438.csv,0,0,0,2,25600,XJTU/40Hz10kN/Bearing3_4,-1,test
8189,2,RM_002_XJTU,40Hz10kN/Bearing3_4/439.csv,0,0,0,2,25600,XJTU/40Hz10kN/Bearing3_4,-1,test
8190,2,RM_002_XJTU,40Hz10kN/Bearing3_4/440.csv,0,0,0,2,25600,XJTU/40Hz10kN/Bearing3_4,-1,test
8191,2,RM_002_XJTU,40Hz10kN/Bearing3_4/441.csv,0,0,0,2,25600,XJTU/40Hz10kN/Bearing3_4,-1,test
8192,2,RM_002_XJTU,40Hz10kN/Bearing3_4/442.csv,0,0,0,2,25600,XJTU/40Hz10kN/Bearing3_4,-1,test
8193,2,RM_002_XJTU,40Hz10kN/Bearing3_4/443.csv,0,0,0,2,25600,XJTU/40Hz10kN/Bearing3_4,-1,test
8194,2,RM_002_XJTU,40Hz10kN/Bearing3_4/444.csv,0,0,0,2,25600,XJTU/40Hz10kN/Bearing3_4,-1,test
8195,2,RM_002_XJTU,40Hz10kN/Bearing3_4/445.csv,0,0,0,2,25600,XJTU/40Hz10kN/Bearing3_4,-1,test
8196,2,RM_002_XJTU,40Hz10kN/Bearing3_4/446.csv,0,0,0,2,25600,XJTU/40Hz10kN/Bearing3_4,-1,test
8197,2,RM_002_XJTU,40Hz10kN/Bearing3_4/447.csv,0,0,0,2,25600,XJTU/40Hz10kN/Bearing3_4,-1,test
8198,2,RM_002_XJTU,40Hz10kN/Bearing3_4/448.csv,0,0,0,2,25600,XJTU/40Hz10kN/Bearing3_4,-1,test
8199,2,RM_002_XJTU,40Hz10kN/Bearing3_4/449.csv,0,0,0,2,25600,XJTU/40Hz10kN/Bearing3_4,-1,test
8200,2,RM_002_XJTU,40Hz10kN/Bearing3_4/450.csv,0,0,0,2,25600,XJTU/40Hz10kN/Bearing3_4,-1,test
8201,2,RM_002_XJTU,40Hz10kN/Bearing3_4/451.csv,0,0,0,2,25600,XJTU/40Hz10kN/Bearing3_4,-1,test
8202,2,RM_002_XJTU,40Hz10kN/Bearing3_4/452.csv,0,0,0,2,25600,XJTU/40Hz10kN/Bearing3_4,-1,test
8203,2,RM_002_XJTU,40Hz10kN/Bearing3_4/453.csv,0,0,0,2,25600,XJTU/40Hz10kN/Bearing3_4,-1,test
8204,2,RM_002_XJTU,40Hz10kN/Bearing3_4/454.csv,0,0,0,2,25600,XJTU/40Hz10kN/Bearing3_4,-1,test
8205,2,RM_002_XJTU,40Hz10kN/Bearing3_4/455.csv,0,0,0,2,25600,XJTU/40Hz10kN/Bearing3_4,-1,test
8206,2,RM_002_XJTU,40Hz10kN/Bearing3_4/456.csv,0,0,0,2,25600,XJTU/40Hz10kN/Bearing3_4,-1,test
8207,2,RM_002_XJTU,40Hz10kN/Bearing3_4/457.csv,0,0,0,2,25600,XJTU/40Hz10kN/Bearing3_4,-1,test
8208,2,RM_002_XJTU,40Hz10kN/Bearing3_4/458.csv,0,0,0,2,25600,XJTU/40Hz10kN/Bearing3_4,-1,test
8209,2,RM_002_XJTU,40Hz10kN/Bearing3_4/459.csv,0,0,0,2,25600,XJTU/40Hz10kN/Bearing3_4,-1,test
8210,2,RM_002_XJTU,40Hz10kN/Bearing3_4/460.csv,0,0,0,2,25600,XJTU/40Hz10kN/Bearing3_4,-1,test
8211,2,RM_002_XJTU,40Hz10kN/Bearing3_4/461.csv,0,0,0,2,25600,XJTU/40Hz10kN/Bearing3_4,-1,test
8212,2,RM_002_XJTU,40Hz10kN/Bearing3_4/462.csv,0,0,0,2,25600,XJTU/40Hz10kN/Bearing3_4,-1,test
8213,2,RM_002_XJTU,40Hz10kN/Bearing3_4/463.csv,0,0,0,2,25600,XJTU/40Hz10kN/Bearing3_4,-1,test
8214,2,RM_002_XJTU,40Hz10kN/Bearing3_4/464.csv,0,0,0,2,25600,XJTU/40Hz10kN/Bearing3_4,-1,test
8215,2,RM_002_XJTU,40Hz10kN/Bearing3_4/465.csv,0,0,0,2,25600,XJTU/40Hz10kN/Bearing3_4,-1,test
8216,2,RM_002_XJTU,40Hz10kN/Bearing3_4/466.csv,0,0,0,2,25600,XJTU/40Hz10kN/Bearing3_4,-1,test
8217,2,RM_002_XJTU,40Hz10kN/Bearing3_4/467.csv,0,0,0,2,25600,XJTU/40Hz10kN/Bearing3_4,-1,test
8218,2,RM_002_XJTU,40Hz10kN/Bearing3_4/468.csv,0,0,0,2,25600,XJTU/40Hz10kN/Bearing3_4,-1,test
8219,2,RM_002_XJTU,40Hz10kN/Bearing3_4/469.csv,0,0,0,2,25600,XJTU/40Hz10kN/Bearing3_4,-1,test
8220,2,RM_002_XJTU,40Hz10kN/Bearing3_4/470.csv,0,0,0,2,25600,XJTU/40Hz10kN/Bearing3_4,-1,test
8221,2,RM_002_XJTU,40Hz10kN/Bearing3_4/471.csv,0,0,0,2,25600,XJTU/40Hz10kN/Bearing3_4,-1,test
8222,2,RM_002_XJTU,40Hz10kN/Bearing3_4/472.csv,0,0,0,2,25600,XJTU/40Hz10kN/Bearing3_4,-1,test
8223,2,RM_002_XJTU,40Hz10kN/Bearing3_4/473.csv,0,0,0,2,25600,XJTU/40Hz10kN/Bearing3_4,-1,test
8224,2,RM_002_XJTU,40Hz10kN/Bearing3_4/474.csv,0,0,0,2,25600,XJTU/40Hz10kN/Bearing3_4,-1,test
8225,2,RM_002_XJTU,40Hz10kN/Bearing3_4/475.csv,0,0,0,2,25600,XJTU/40Hz10kN/Bearing3_4,-1,test
8226,2,RM_002_XJTU,40Hz10kN/Bearing3_4/476.csv,0,0,0,2,25600,XJTU/40Hz10kN/Bearing3_4,-1,test
8227,2,RM_002_XJTU,40Hz10kN/Bearing3_4/477.csv,0,0,0,2,25600,XJTU/40Hz10kN/Bearing3_4,-1,test
8228,2,RM_002_XJTU,40Hz10kN/Bearing3_4/478.csv,0,0,0,2,25600,XJTU/40Hz10kN/Bearing3_4,-1,test
8229,2,RM_002_XJTU,40Hz10kN/Bearing3_4/479.csv,0,0,0,2,25600,XJTU/40Hz10kN/Bearing3_4,-1,test
8230,2,RM_002_XJTU,40Hz10kN/Bearing3_4/480.csv,0,0,0,2,25600,XJTU/40Hz10kN/Bearing3_4,-1,test
8231,2,RM_002_XJTU,40Hz10kN/Bearing3_4/481.csv,0,0,0,2,25600,XJTU/40Hz10kN/Bearing3_4,-1,test
8232,2,RM_002_XJTU,40Hz10kN/Bearing3_4/482.csv,0,0,0,2,25600,XJTU/40Hz10kN/Bearing3_4,-1,test
8233,2,RM_002_XJTU,40Hz10kN/Bearing3_4/483.csv,0,0,0,2,25600,XJTU/40Hz10kN/Bearing3_4,-1,test
8234,2,RM_002_XJTU,40Hz10kN/Bearing3_4/484.csv,0,0,0,2,25600,XJTU/40Hz10kN/Bearing3_4,-1,test
8235,2,RM_002_XJTU,40Hz10kN/Bearing3_4/485.csv,0,0,0,2,25600,XJTU/40Hz10kN/Bearing3_4,-1,test
8236,2,RM_002_XJTU,40Hz10kN/Bearing3_4/486.csv,0,0,0,2,25600,XJTU/40Hz10kN/Bearing3_4,-1,test
8237,2,RM_002_XJTU,40Hz10kN/Bearing3_4/487.csv,0,0,0,2,25600,XJTU/40Hz10kN/Bearing3_4,-1,test
8238,2,RM_002_XJTU,40Hz10kN/Bearing3_4/488.csv,0,0,0,2,25600,XJTU/40Hz10kN/Bearing3_4,-1,test
8239,2,RM_002_XJTU,40Hz10kN/Bearing3_4/489.csv,0,0,0,2,25600,XJTU/40Hz10kN/Bearing3_4,-1,test
8240,2,RM_002_XJTU,40Hz10kN/Bearing3_4/490.csv,0,0,0,2,25600,XJTU/40Hz10kN/Bearing3_4,-1,test
8241,2,RM_002_XJTU,40Hz10kN/Bearing3_4/491.csv,0,0,0,2,25600,XJTU/40Hz10kN/Bearing3_4,-1,test
8242,2,RM_002_XJTU,40Hz10kN/Bearing3_4/492.csv,0,0,0,2,25600,XJTU/40Hz10kN/Bearing3_4,-1,test
8243,2,RM_002_XJTU,40Hz10kN/Bearing3_4/493.csv,0,0,0,2,25600,XJTU/40Hz10kN/Bearing3_4,-1,test
8244,2,RM_002_XJTU,40Hz10kN/Bearing3_4/494.csv,0,0,0,2,25600,XJTU/40Hz10kN/Bearing3_4,-1,test
8245,2,RM_002_XJTU,40Hz10kN/Bearing3_4/495.csv,0,0,0,2,25600,XJTU/40Hz10kN/Bearing3_4,-1,test
8246,2,RM_002_XJTU,40Hz10kN/Bearing3_4/496.csv,0,0,0,2,25600,XJTU/40Hz10kN/Bearing3_4,-1,test
8247,2,RM_002_XJTU,40Hz10kN/Bearing3_4/497.csv,0,0,0,2,25600,XJTU/40Hz10kN/Bearing3_4,-1,test
8248,2,RM_002_XJTU,40Hz10kN/Bearing3_4/498.csv,0,0,0,2,25600,XJTU/40Hz10kN/Bearing3_4,-1,test
8249,2,RM_002_XJTU,40Hz10kN/Bearing3_4/499.csv,0,0,0,2,25600,XJTU/40Hz10kN/Bearing3_4,-1,test
8250,2,RM_002_XJTU,40Hz10kN/Bearing3_4/500.csv,0,0,0,2,25600,XJTU/40Hz10kN/Bearing3_4,-1,test
8251,2,RM_002_XJTU,40Hz10kN/Bearing3_4/501.csv,0,0,0,2,25600,XJTU/40Hz10kN/Bearing3_4,-1,test
8252,2,RM_002_XJTU,40Hz10kN/Bearing3_4/502.csv,0,0,0,2,25600,XJTU/40Hz10kN/Bearing3_4,-1,test
8253,2,RM_002_XJTU,40Hz10kN/Bearing3_4/503.csv,0,0,0,2,25600,XJTU/40Hz10kN/Bearing3_4,-1,test
8254,2,RM_002_XJTU,40Hz10kN/Bearing3_4/504.csv,0,0,0,2,25600,XJTU/40Hz10kN/Bearing3_4,-1,test
8255,2,RM_002_XJTU,40Hz10kN/Bearing3_4/505.csv,0,0,0,2,25600,XJTU/40Hz10kN/Bearing3_4,-1,test
8256,2,RM_002_XJTU,40Hz10kN/Bearing3_4/506.csv,0,0,0,2,25600,XJTU/40Hz10kN/Bearing3_4,-1,test
8257,2,RM_002_XJTU,40Hz10kN/Bearing3_4/507.csv,0,0,0,2,25600,XJTU/40Hz10kN/Bearing3_4,-1,test
8258,2,RM_002_XJTU,40Hz10kN/Bearing3_4/508.csv,0,0,0,2,25600,XJTU/40Hz10kN/Bearing3_4,-1,test
8259,2,RM_002_XJTU,40Hz10kN/Bearing3_4/509.csv,0,0,0,2,25600,XJTU/40Hz10kN/Bearing3_4,-1,test
8260,2,RM_002_XJTU,40Hz10kN/Bearing3_4/510.csv,0,0,0,2,25600,XJTU/40Hz10kN/Bearing3_4,-1,test
8261,2,RM_002_XJTU,40Hz10kN/Bearing3_4/511.csv,0,0,0,2,25600,XJTU/40Hz10kN/Bearing3_4,-1,test
8262,2,RM_002_XJTU,40Hz10kN/Bearing3_4/512.csv,0,0,0,2,25600,XJTU/40Hz10kN/Bearing3_4,-1,test
8263,2,RM_002_XJTU,40Hz10kN/Bearing3_4/513.csv,0,0,0,2,25600,XJTU/40Hz10kN/Bearing3_4,-1,test
8264,2,RM_002_XJTU,40Hz10kN/Bearing3_4/514.csv,0,0,0,2,25600,XJTU/40Hz10kN/Bearing3_4,-1,test
8265,2,RM_002_XJTU,40Hz10kN/Bearing3_4/515.csv,0,0,0,2,25600,XJTU/40Hz10kN/Bearing3_4,-1,test
8266,2,RM_002_XJTU,40Hz10kN/Bearing3_4/516.csv,0,0,0,2,25600,XJTU/40Hz10kN/Bearing3_4,-1,test
8267,2,RM_002_XJTU,40Hz10kN/Bearing3_4/517.csv,0,0,0,2,25600,XJTU/40Hz10kN/Bearing3_4,-1,test
8268,2,RM_002_XJTU,40Hz10kN/Bearing3_4/518.csv,0,0,0,2,25600,XJTU/40Hz10kN/Bearing3_4,-1,test
8269,2,RM_002_XJTU,40Hz10kN/Bearing3_4/519.csv,0,0,0,2,25600,XJTU/40Hz10kN/Bearing3_4,-1,test
8270,2,RM_002_XJTU,40Hz10kN/Bearing3_4/520.csv,0,0,0,2,25600,XJTU/40Hz10kN/Bearing3_4,-1,test
8271,2,RM_002_XJTU,40Hz10kN/Bearing3_4/521.csv,0,0,0,2,25600,XJTU/40Hz10kN/Bearing3_4,-1,test
8272,2,RM_002_XJTU,40Hz10kN/Bearing3_4/522.csv,0,0,0,2,25600,XJTU/40Hz10kN/Bearing3_4,-1,test
8273,2,RM_002_XJTU,40Hz10kN/Bearing3_4/523.csv,0,0,0,2,25600,XJTU/40Hz10kN/Bearing3_4,-1,test
8274,2,RM_002_XJTU,40Hz10kN/Bearing3_4/524.csv,0,0,0,2,25600,XJTU/40Hz10kN/Bearing3_4,-1,test
8275,2,RM_002_XJTU,40Hz10kN/Bearing3_4/525.csv,0,0,0,2,25600,XJTU/40Hz10kN/Bearing3_4,-1,test
8276,2,RM_002_XJTU,40Hz10kN/Bearing3_4/526.csv,0,0,0,2,25600,XJTU/40Hz10kN/Bearing3_4,-1,test
8277,2,RM_002_XJTU,40Hz10kN/Bearing3_4/527.csv,0,0,0,2,25600,XJTU/40Hz10kN/Bearing3_4,-1,test
8278,2,RM_002_XJTU,40Hz10kN/Bearing3_4/528.csv,0,0,0,2,25600,XJTU/40Hz10kN/Bearing3_4,-1,test
8279,2,RM_002_XJTU,40Hz10kN/Bearing3_4/529.csv,0,0,0,2,25600,XJTU/40Hz10kN/Bearing3_4,-1,test
8280,2,RM_002_XJTU,40Hz10kN/Bearing3_4/530.csv,0,0,0,2,25600,XJTU/40Hz10kN/Bearing3_4,-1,test
8281,2,RM_002_XJTU,40Hz10kN/Bearing3_4/531.csv,0,0,0,2,25600,XJTU/40Hz10kN/Bearing3_4,-1,test
8282,2,RM_002_XJTU,40Hz10kN/Bearing3_4/532.csv,0,0,0,2,25600,XJTU/40Hz10kN/Bearing3_4,-1,test
8283,2,RM_002_XJTU,40Hz10kN/Bearing3_4/533.csv,0,0,0,2,25600,XJTU/40Hz10kN/Bearing3_4,-1,test
8284,2,RM_002_XJTU,40Hz10kN/Bearing3_4/534.csv,0,0,0,2,25600,XJTU/40Hz10kN/Bearing3_4,-1,test
8285,2,RM_002_XJTU,40Hz10kN/Bearing3_4/535.csv,0,0,0,2,25600,XJTU/40Hz10kN/Bearing3_4,-1,test
8286,2,RM_002_XJTU,40Hz10kN/Bearing3_4/536.csv,0,0,0,2,25600,XJTU/40Hz10kN/Bearing3_4,-1,test
8287,2,RM_002_XJTU,40Hz10kN/Bearing3_4/537.csv,0,0,0,2,25600,XJTU/40Hz10kN/Bearing3_4,-1,test
8288,2,RM_002_XJTU,40Hz10kN/Bearing3_4/538.csv,0,0,0,2,25600,XJTU/40Hz10kN/Bearing3_4,-1,test
8289,2,RM_002_XJTU,40Hz10kN/Bearing3_4/539.csv,0,0,0,2,25600,XJTU/40Hz10kN/Bearing3_4,-1,test
8290,2,RM_002_XJTU,40Hz10kN/Bearing3_4/540.csv,0,0,0,2,25600,XJTU/40Hz10kN/Bearing3_4,-1,test
8291,2,RM_002_XJTU,40Hz10kN/Bearing3_4/541.csv,0,0,0,2,25600,XJTU/40Hz10kN/Bearing3_4,-1,test
8292,2,RM_002_XJTU,40Hz10kN/Bearing3_4/542.csv,0,0,0,2,25600,XJTU/40Hz10kN/Bearing3_4,-1,test
8293,2,RM_002_XJTU,40Hz10kN/Bearing3_4/543.csv,0,0,0,2,25600,XJTU/40Hz10kN/Bearing3_4,-1,test
8294,2,RM_002_XJTU,40Hz10kN/Bearing3_4/544.csv,0,0,0,2,25600,XJTU/40Hz10kN/Bearing3_4,-1,test
8295,2,RM_002_XJTU,40Hz10kN/Bearing3_4/545.csv,0,0,0,2,25600,XJTU/40Hz10kN/Bearing3_4,-1,test
8296,2,RM_002_XJTU,40Hz10kN/Bearing3_4/546.csv,0,0,0,2,25600,XJTU/40Hz10kN/Bearing3_4,-1,test
8297,2,RM_002_XJTU,40Hz10kN/Bearing3_4/547.csv,0,0,0,2,25600,XJTU/40Hz10kN/Bearing3_4,-1,test
8298,2,RM_002_XJTU,40Hz10kN/Bearing3_4/548.csv,0,0,0,2,25600,XJTU/40Hz10kN/Bearing3_4,-1,test
8299,2,RM_002_XJTU,40Hz10kN/Bearing3_4/549.csv,0,0,0,2,25600,XJTU/40Hz10kN/Bearing3_4,-1,test
8300,2,RM_002_XJTU,40Hz10kN/Bearing3_4/550.csv,0,0,0,2,25600,XJTU/40Hz10kN/Bearing3_4,-1,test
8301,2,RM_002_XJTU,40Hz10kN/Bearing3_4/551.csv,0,0,0,2,25600,XJTU/40Hz10kN/Bearing3_4,-1,test
8302,2,RM_002_XJTU,40Hz10kN/Bearing3_4/552.csv,0,0,0,2,25600,XJTU/40Hz10kN/Bearing3_4,-1,test
8303,2,RM_002_XJTU,40Hz10kN/Bearing3_4/553.csv,0,0,0,2,25600,XJTU/40Hz10kN/Bearing3_4,-1,test
8304,2,RM_002_XJTU,40Hz10kN/Bearing3_4/554.csv,0,0,0,2,25600,XJTU/40Hz10kN/Bearing3_4,-1,test
8305,2,RM_002_XJTU,40Hz10kN/Bearing3_4/555.csv,0,0,0,2,25600,XJTU/40Hz10kN/Bearing3_4,-1,test
8306,2,RM_002_XJTU,40Hz10kN/Bearing3_4/556.csv,0,0,0,2,25600,XJTU/40Hz10kN/Bearing3_4,-1,test
8307,2,RM_002_XJTU,40Hz10kN/Bearing3_4/557.csv,0,0,0,2,25600,XJTU/40Hz10kN/Bearing3_4,-1,test
8308,2,RM_002_XJTU,40Hz10kN/Bearing3_4/558.csv,0,0,0,2,25600,XJTU/40Hz10kN/Bearing3_4,-1,test
8309,2,RM_002_XJTU,40Hz10kN/Bearing3_4/559.csv,0,0,0,2,25600,XJTU/40Hz10kN/Bearing3_4,-1,test
8310,2,RM_002_XJTU,40Hz10kN/Bearing3_4/560.csv,0,0,0,2,25600,XJTU/40Hz10kN/Bearing3_4,-1,test
8311,2,RM_002_XJTU,40Hz10kN/Bearing3_4/561.csv,0,0,0,2,25600,XJTU/40Hz10kN/Bearing3_4,-1,test
8312,2,RM_002_XJTU,40Hz10kN/Bearing3_4/562.csv,0,0,0,2,25600,XJTU/40Hz10kN/Bearing3_4,-1,test
8313,2,RM_002_XJTU,40Hz10kN/Bearing3_4/563.csv,0,0,0,2,25600,XJTU/40Hz10kN/Bearing3_4,-1,test
8314,2,RM_002_XJTU,40Hz10kN/Bearing3_4/564.csv,0,0,0,2,25600,XJTU/40Hz10kN/Bearing3_4,-1,test
8315,2,RM_002_XJTU,40Hz10kN/Bearing3_4/565.csv,0,0,0,2,25600,XJTU/40Hz10kN/Bearing3_4,-1,test
8316,2,RM_002_XJTU,40Hz10kN/Bearing3_4/566.csv,0,0,0,2,25600,XJTU/40Hz10kN/Bearing3_4,-1,test
8317,2,RM_002_XJTU,40Hz10kN/Bearing3_4/567.csv,0,0,0,2,25600,XJTU/40Hz10kN/Bearing3_4,-1,test
8318,2,RM_002_XJTU,40Hz10kN/Bearing3_4/568.csv,0,0,0,2,25600,XJTU/40Hz10kN/Bearing3_4,-1,test
8319,2,RM_002_XJTU,40Hz10kN/Bearing3_4/569.csv,0,0,0,2,25600,XJTU/40Hz10kN/Bearing3_4,-1,test
8320,2,RM_002_XJTU,40Hz10kN/Bearing3_4/570.csv,0,0,0,2,25600,XJTU/40Hz10kN/Bearing3_4,-1,test
8321,2,RM_002_XJTU,40Hz10kN/Bearing3_4/571.csv,0,0,0,2,25600,XJTU/40Hz10kN/Bearing3_4,-1,test
8322,2,RM_002_XJTU,40Hz10kN/Bearing3_4/572.csv,0,0,0,2,25600,XJTU/40Hz10kN/Bearing3_4,-1,test
8323,2,RM_002_XJTU,40Hz10kN/Bearing3_4/573.csv,0,0,0,2,25600,XJTU/40Hz10kN/Bearing3_4,-1,test
8324,2,RM_002_XJTU,40Hz10kN/Bearing3_4/574.csv,0,0,0,2,25600,XJTU/40Hz10kN/Bearing3_4,-1,test
8325,2,RM_002_XJTU,40Hz10kN/Bearing3_4/575.csv,0,0,0,2,25600,XJTU/40Hz10kN/Bearing3_4,-1,test
8326,2,RM_002_XJTU,40Hz10kN/Bearing3_4/576.csv,0,0,0,2,25600,XJTU/40Hz10kN/Bearing3_4,-1,test
8327,2,RM_002_XJTU,40Hz10kN/Bearing3_4/577.csv,0,0,0,2,25600,XJTU/40Hz10kN/Bearing3_4,-1,test
8328,2,RM_002_XJTU,40Hz10kN/Bearing3_4/578.csv,0,0,0,2,25600,XJTU/40Hz10kN/Bearing3_4,-1,test
8329,2,RM_002_XJTU,40Hz10kN/Bearing3_4/579.csv,0,0,0,2,25600,XJTU/40Hz10kN/Bearing3_4,-1,test
8330,2,RM_002_XJTU,40Hz10kN/Bearing3_4/580.csv,0,0,0,2,25600,XJTU/40Hz10kN/Bearing3_4,-1,test
8331,2,RM_002_XJTU,40Hz10kN/Bearing3_4/581.csv,0,0,0,2,25600,XJTU/40Hz10kN/Bearing3_4,-1,test
8332,2,RM_002_XJTU,40Hz10kN/Bearing3_4/582.csv,0,0,0,2,25600,XJTU/40Hz10kN/Bearing3_4,-1,test
8333,2,RM_002_XJTU,40Hz10kN/Bearing3_4/583.csv,0,0,0,2,25600,XJTU/40Hz10kN/Bearing3_4,-1,test
8334,2,RM_002_XJTU,40Hz10kN/Bearing3_4/584.csv,0,0,0,2,25600,XJTU/40Hz10kN/Bearing3_4,-1,test
8335,2,RM_002_XJTU,40Hz10kN/Bearing3_4/585.csv,0,0,0,2,25600,XJTU/40Hz10kN/Bearing3_4,-1,test
8336,2,RM_002_XJTU,40Hz10kN/Bearing3_4/586.csv,0,0,0,2,25600,XJTU/40Hz10kN/Bearing3_4,-1,test
8337,2,RM_002_XJTU,40Hz10kN/Bearing3_4/587.csv,0,0,0,2,25600,XJTU/40Hz10kN/Bearing3_4,-1,test
8338,2,RM_002_XJTU,40Hz10kN/Bearing3_4/588.csv,0,0,0,2,25600,XJTU/40Hz10kN/Bearing3_4,-1,test
8339,2,RM_002_XJTU,40Hz10kN/Bearing3_4/589.csv,0,0,0,2,25600,XJTU/40Hz10kN/Bearing3_4,-1,test
8340,2,RM_002_XJTU,40Hz10kN/Bearing3_4/590.csv,0,0,0,2,25600,XJTU/40Hz10kN/Bearing3_4,-1,test
8341,2,RM_002_XJTU,40Hz10kN/Bearing3_4/591.csv,0,0,0,2,25600,XJTU/40Hz10kN/Bearing3_4,-1,test
8342,2,RM_002_XJTU,40Hz10kN/Bearing3_4/592.csv,0,0,0,2,25600,XJTU/40Hz10kN/Bearing3_4,-1,test
8343,2,RM_002_XJTU,40Hz10kN/Bearing3_4/593.csv,0,0,0,2,25600,XJTU/40Hz10kN/Bearing3_4,-1,test
8344,2,RM_002_XJTU,40Hz10kN/Bearing3_4/594.csv,0,0,0,2,25600,XJTU/40Hz10kN/Bearing3_4,-1,test
8345,2,RM_002_XJTU,40Hz10kN/Bearing3_4/595.csv,0,0,0,2,25600,XJTU/40Hz10kN/Bearing3_4,-1,test
8346,2,RM_002_XJTU,40Hz10kN/Bearing3_4/596.csv,0,0,0,2,25600,XJTU/40Hz10kN/Bearing3_4,-1,test
8347,2,RM_002_XJTU,40Hz10kN/Bearing3_4/597.csv,0,0,0,2,25600,XJTU/40Hz10kN/Bearing3_4,-1,test
8348,2,RM_002_XJTU,40Hz10kN/Bearing3_4/598.csv,0,0,0,2,25600,XJTU/40Hz10kN/Bearing3_4,-1,test
8349,2,RM_002_XJTU,40Hz10kN/Bearing3_4/599.csv,0,0,0,2,25600,XJTU/40Hz10kN/Bearing3_4,-1,test
8350,2,RM_002_XJTU,40Hz10kN/Bearing3_4/600.csv,0,0,0,2,25600,XJTU/40Hz10kN/Bearing3_4,-1,test
8351,2,RM_002_XJTU,40Hz10kN/Bearing3_4/601.csv,0,0,0,2,25600,XJTU/40Hz10kN/Bearing3_4,-1,test
8352,2,RM_002_XJTU,40Hz10kN/Bearing3_4/602.csv,0,0,0,2,25600,XJTU/40Hz10kN/Bearing3_4,-1,test
8353,2,RM_002_XJTU,40Hz10kN/Bearing3_4/603.csv,0,0,0,2,25600,XJTU/40Hz10kN/Bearing3_4,-1,test
8354,2,RM_002_XJTU,40Hz10kN/Bearing3_4/604.csv,0,0,0,2,25600,XJTU/40Hz10kN/Bearing3_4,-1,test
8355,2,RM_002_XJTU,40Hz10kN/Bearing3_4/605.csv,0,0,0,2,25600,XJTU/40Hz10kN/Bearing3_4,-1,test
8356,2,RM_002_XJTU,40Hz10kN/Bearing3_4/606.csv,0,0,0,2,25600,XJTU/40Hz10kN/Bearing3_4,-1,test
8357,2,RM_002_XJTU,40Hz10kN/Bearing3_4/607.csv,0,0,0,2,25600,XJTU/40Hz10kN/Bearing3_4,-1,test
8358,2,RM_002_XJTU,40Hz10kN/Bearing3_4/608.csv,0,0,0,2,25600,XJTU/40Hz10kN/Bearing3_4,-1,test
8359,2,RM_002_XJTU,40Hz10kN/Bearing3_4/609.csv,0,0,0,2,25600,XJTU/40Hz10kN/Bearing3_4,-1,test
8360,2,RM_002_XJTU,40Hz10kN/Bearing3_4/610.csv,0,0,0,2,25600,XJTU/40Hz10kN/Bearing3_4,-1,test
8361,2,RM_002_XJTU,40Hz10kN/Bearing3_4/611.csv,0,0,0,2,25600,XJTU/40Hz10kN/Bearing3_4,-1,test
8362,2,RM_002_XJTU,40Hz10kN/Bearing3_4/612.csv,0,0,0,2,25600,XJTU/40Hz10kN/Bearing3_4,-1,test
8363,2,RM_002_XJTU,40Hz10kN/Bearing3_4/613.csv,0,0,0,2,25600,XJTU/40Hz10kN/Bearing3_4,-1,test
8364,2,RM_002_XJTU,40Hz10kN/Bearing3_4/614.csv,0,0,0,2,25600,XJTU/40Hz10kN/Bearing3_4,-1,test
8365,2,RM_002_XJTU,40Hz10kN/Bearing3_4/615.csv,0,0,0,2,25600,XJTU/40Hz10kN/Bearing3_4,-1,test
8366,2,RM_002_XJTU,40Hz10kN/Bearing3_4/616.csv,0,0,0,2,25600,XJTU/40Hz10kN/Bearing3_4,-1,test
8367,2,RM_002_XJTU,40Hz10kN/Bearing3_4/617.csv,0,0,0,2,25600,XJTU/40Hz10kN/Bearing3_4,-1,test
8368,2,RM_002_XJTU,40Hz10kN/Bearing3_4/618.csv,0,0,0,2,25600,XJTU/40Hz10kN/Bearing3_4,-1,test
8369,2,RM_002_XJTU,40Hz10kN/Bearing3_4/619.csv,0,0,0,2,25600,XJTU/40Hz10kN/Bearing3_4,-1,test
8370,2,RM_002_XJTU,40Hz10kN/Bearing3_4/620.csv,0,0,0,2,25600,XJTU/40Hz10kN/Bearing3_4,-1,test
8371,2,RM_002_XJTU,40Hz10kN/Bearing3_4/621.csv,0,0,0,2,25600,XJTU/40Hz10kN/Bearing3_4,-1,test
8372,2,RM_002_XJTU,40Hz10kN/Bearing3_4/622.csv,0,0,0,2,25600,XJTU/40Hz10kN/Bearing3_4,-1,test
8373,2,RM_002_XJTU,40Hz10kN/Bearing3_4/623.csv,0,0,0,2,25600,XJTU/40Hz10kN/Bearing3_4,-1,test
8374,2,RM_002_XJTU,40Hz10kN/Bearing3_4/624.csv,0,0,0,2,25600,XJTU/40Hz10kN/Bearing3_4,-1,test
8375,2,RM_002_XJTU,40Hz10kN/Bearing3_4/625.csv,0,0,0,2,25600,XJTU/40Hz10kN/Bearing3_4,-1,test
8376,2,RM_002_XJTU,40Hz10kN/Bearing3_4/626.csv,0,0,0,2,25600,XJTU/40Hz10kN/Bearing3_4,-1,test
8377,2,RM_002_XJTU,40Hz10kN/Bearing3_4/627.csv,0,0,0,2,25600,XJTU/40Hz10kN/Bearing3_4,-1,test
8378,2,RM_002_XJTU,40Hz10kN/Bearing3_4/628.csv,0,0,0,2,25600,XJTU/40Hz10kN/Bearing3_4,-1,test
8379,2,RM_002_XJTU,40Hz10kN/Bearing3_4/629.csv,0,0,0,2,25600,XJTU/40Hz10kN/Bearing3_4,-1,test
8380,2,RM_002_XJTU,40Hz10kN/Bearing3_4/630.csv,0,0,0,2,25600,XJTU/40Hz10kN/Bearing3_4,-1,test
8381,2,RM_002_XJTU,40Hz10kN/Bearing3_4/631.csv,0,0,0,2,25600,XJTU/40Hz10kN/Bearing3_4,-1,test
8382,2,RM_002_XJTU,40Hz10kN/Bearing3_4/632.csv,0,0,0,2,25600,XJTU/40Hz10kN/Bearing3_4,-1,test
8383,2,RM_002_XJTU,40Hz10kN/Bearing3_4/633.csv,0,0,0,2,25600,XJTU/40Hz10kN/Bearing3_4,-1,test
8384,2,RM_002_XJTU,40Hz10kN/Bearing3_4/634.csv,0,0,0,2,25600,XJTU/40Hz10kN/Bearing3_4,-1,test
8385,2,RM_002_XJTU,40Hz10kN/Bearing3_4/635.csv,0,0,0,2,25600,XJTU/40Hz10kN/Bearing3_4,-1,test
8386,2,RM_002_XJTU,40Hz10kN/Bearing3_4/636.csv,0,0,0,2,25600,XJTU/40Hz10kN/Bearing3_4,-1,test
8387,2,RM_002_XJTU,40Hz10kN/Bearing3_4/637.csv,0,0,0,2,25600,XJTU/40Hz10kN/Bearing3_4,-1,test
8388,2,RM_002_XJTU,40Hz10kN/Bearing3_4/638.csv,0,0,0,2,25600,XJTU/40Hz10kN/Bearing3_4,-1,test
8389,2,RM_002_XJTU,40Hz10kN/Bearing3_4/639.csv,0,0,0,2,25600,XJTU/40Hz10kN/Bearing3_4,-1,test
8390,2,RM_002_XJTU,40Hz10kN/Bearing3_4/640.csv,0,0,0,2,25600,XJTU/40Hz10kN/Bearing3_4,-1,test
8391,2,RM_002_XJTU,40Hz10kN/Bearing3_4/641.csv,0,0,0,2,25600,XJTU/40Hz10kN/Bearing3_4,-1,test
8392,2,RM_002_XJTU,40Hz10kN/Bearing3_4/642.csv,0,0,0,2,25600,XJTU/40Hz10kN/Bearing3_4,-1,test
8393,2,RM_002_XJTU,40Hz10kN/Bearing3_4/643.csv,0,0,0,2,25600,XJTU/40Hz10kN/Bearing3_4,-1,test
8394,2,RM_002_XJTU,40Hz10kN/Bearing3_4/644.csv,0,0,0,2,25600,XJTU/40Hz10kN/Bearing3_4,-1,test
8395,2,RM_002_XJTU,40Hz10kN/Bearing3_4/645.csv,0,0,0,2,25600,XJTU/40Hz10kN/Bearing3_4,-1,test
8396,2,RM_002_XJTU,40Hz10kN/Bearing3_4/646.csv,0,0,0,2,25600,XJTU/40Hz10kN/Bearing3_4,-1,test
8397,2,RM_002_XJTU,40Hz10kN/Bearing3_4/647.csv,0,0,0,2,25600,XJTU/40Hz10kN/Bearing3_4,-1,test
8398,2,RM_002_XJTU,40Hz10kN/Bearing3_4/648.csv,0,0,0,2,25600,XJTU/40Hz10kN/Bearing3_4,-1,test
8399,2,RM_002_XJTU,40Hz10kN/Bearing3_4/649.csv,0,0,0,2,25600,XJTU/40Hz10kN/Bearing3_4,-1,test
8400,2,RM_002_XJTU,40Hz10kN/Bearing3_4/650.csv,0,0,0,2,25600,XJTU/40Hz10kN/Bearing3_4,-1,test
8401,2,RM_002_XJTU,40Hz10kN/Bearing3_4/651.csv,0,0,0,2,25600,XJTU/40Hz10kN/Bearing3_4,-1,test
8402,2,RM_002_XJTU,40Hz10kN/Bearing3_4/652.csv,0,0,0,2,25600,XJTU/40Hz10kN/Bearing3_4,-1,test
8403,2,RM_002_XJTU,40Hz10kN/Bearing3_4/653.csv,0,0,0,2,25600,XJTU/40Hz10kN/Bearing3_4,-1,test
8404,2,RM_002_XJTU,40Hz10kN/Bearing3_4/654.csv,0,0,0,2,25600,XJTU/40Hz10kN/Bearing3_4,-1,test
8405,2,RM_002_XJTU,40Hz10kN/Bearing3_4/655.csv,0,0,0,2,25600,XJTU/40Hz10kN/Bearing3_4,-1,test
8406,2,RM_002_XJTU,40Hz10kN/Bearing3_4/656.csv,0,0,0,2,25600,XJTU/40Hz10kN/Bearing3_4,-1,test
8407,2,RM_002_XJTU,40Hz10kN/Bearing3_4/657.csv,0,0,0,2,25600,XJTU/40Hz10kN/Bearing3_4,-1,test
8408,2,RM_002_XJTU,40Hz10kN/Bearing3_4/658.csv,0,0,0,2,25600,XJTU/40Hz10kN/Bearing3_4,-1,test
8409,2,RM_002_XJTU,40Hz10kN/Bearing3_4/659.csv,0,0,0,2,25600,XJTU/40Hz10kN/Bearing3_4,-1,test
8410,2,RM_002_XJTU,40Hz10kN/Bearing3_4/660.csv,0,0,0,2,25600,XJTU/40Hz10kN/Bearing3_4,-1,test
8411,2,RM_002_XJTU,40Hz10kN/Bearing3_4/661.csv,0,0,0,2,25600,XJTU/40Hz10kN/Bearing3_4,-1,test
8412,2,RM_002_XJTU,40Hz10kN/Bearing3_4/662.csv,0,0,0,2,25600,XJTU/40Hz10kN/Bearing3_4,-1,test
8413,2,RM_002_XJTU,40Hz10kN/Bearing3_4/663.csv,0,0,0,2,25600,XJTU/40Hz10kN/Bearing3_4,-1,test
8414,2,RM_002_XJTU,40Hz10kN/Bearing3_4/664.csv,0,0,0,2,25600,XJTU/40Hz10kN/Bearing3_4,-1,test
8415,2,RM_002_XJTU,40Hz10kN/Bearing3_4/665.csv,0,0,0,2,25600,XJTU/40Hz10kN/Bearing3_4,-1,test
8416,2,RM_002_XJTU,40Hz10kN/Bearing3_4/666.csv,0,0,0,2,25600,XJTU/40Hz10kN/Bearing3_4,-1,test
8417,2,RM_002_XJTU,40Hz10kN/Bearing3_4/667.csv,0,0,0,2,25600,XJTU/40Hz10kN/Bearing3_4,-1,test
8418,2,RM_002_XJTU,40Hz10kN/Bearing3_4/668.csv,0,0,0,2,25600,XJTU/40Hz10kN/Bearing3_4,-1,test
8419,2,RM_002_XJTU,40Hz10kN/Bearing3_4/669.csv,0,0,0,2,25600,XJTU/40Hz10kN/Bearing3_4,-1,test
8420,2,RM_002_XJTU,40Hz10kN/Bearing3_4/670.csv,0,0,0,2,25600,XJTU/40Hz10kN/Bearing3_4,-1,test
8421,2,RM_002_XJTU,40Hz10kN/Bearing3_4/671.csv,0,0,0,2,25600,XJTU/40Hz10kN/Bearing3_4,-1,test
8422,2,RM_002_XJTU,40Hz10kN/Bearing3_4/672.csv,0,0,0,2,25600,XJTU/40Hz10kN/Bearing3_4,-1,test
8423,2,RM_002_XJTU,40Hz10kN/Bearing3_4/673.csv,0,0,0,2,25600,XJTU/40Hz10kN/Bearing3_4,-1,test
8424,2,RM_002_XJTU,40Hz10kN/Bearing3_4/674.csv,0,0,0,2,25600,XJTU/40Hz10kN/Bearing3_4,-1,test
8425,2,RM_002_XJTU,40Hz10kN/Bearing3_4/675.csv,0,0,0,2,25600,XJTU/40Hz10kN/Bearing3_4,-1,test
8426,2,RM_002_XJTU,40Hz10kN/Bearing3_4/676.csv,0,0,0,2,25600,XJTU/40Hz10kN/Bearing3_4,-1,test
8427,2,RM_002_XJTU,40Hz10kN/Bearing3_4/677.csv,0,0,0,2,25600,XJTU/40Hz10kN/Bearing3_4,-1,test
8428,2,RM_002_XJTU,40Hz10kN/Bearing3_4/678.csv,0,0,0,2,25600,XJTU/40Hz10kN/Bearing3_4,-1,test
8429,2,RM_002_XJTU,40Hz10kN/Bearing3_4/679.csv,0,0,0,2,25600,XJTU/40Hz10kN/Bearing3_4,-1,test
8430,2,RM_002_XJTU,40Hz10kN/Bearing3_4/680.csv,0,0,0,2,25600,XJTU/40Hz10kN/Bearing3_4,-1,test
8431,2,RM_002_XJTU,40Hz10kN/Bearing3_4/681.csv,0,0,0,2,25600,XJTU/40Hz10kN/Bearing3_4,-1,test
8432,2,RM_002_XJTU,40Hz10kN/Bearing3_4/682.csv,0,0,0,2,25600,XJTU/40Hz10kN/Bearing3_4,-1,test
8433,2,RM_002_XJTU,40Hz10kN/Bearing3_4/683.csv,0,0,0,2,25600,XJTU/40Hz10kN/Bearing3_4,-1,test
8434,2,RM_002_XJTU,40Hz10kN/Bearing3_4/684.csv,0,0,0,2,25600,XJTU/40Hz10kN/Bearing3_4,-1,test
8435,2,RM_002_XJTU,40Hz10kN/Bearing3_4/685.csv,0,0,0,2,25600,XJTU/40Hz10kN/Bearing3_4,-1,test
8436,2,RM_002_XJTU,40Hz10kN/Bearing3_4/686.csv,0,0,0,2,25600,XJTU/40Hz10kN/Bearing3_4,-1,test
8437,2,RM_002_XJTU,40Hz10kN/Bearing3_4/687.csv,0,0,0,2,25600,XJTU/40Hz10kN/Bearing3_4,-1,test
8438,2,RM_002_XJTU,40Hz10kN/Bearing3_4/688.csv,0,0,0,2,25600,XJTU/40Hz10kN/Bearing3_4,-1,test
8439,2,RM_002_XJTU,40Hz10kN/Bearing3_4/689.csv,0,0,0,2,25600,XJTU/40Hz10kN/Bearing3_4,-1,test
8440,2,RM_002_XJTU,40Hz10kN/Bearing3_4/690.csv,0,0,0,2,25600,XJTU/40Hz10kN/Bearing3_4,-1,test
8441,2,RM_002_XJTU,40Hz10kN/Bearing3_4/691.csv,0,0,0,2,25600,XJTU/40Hz10kN/Bearing3_4,-1,test
8442,2,RM_002_XJTU,40Hz10kN/Bearing3_4/692.csv,0,0,0,2,25600,XJTU/40Hz10kN/Bearing3_4,-1,test
8443,2,RM_002_XJTU,40Hz10kN/Bearing3_4/693.csv,0,0,0,2,25600,XJTU/40Hz10kN/Bearing3_4,-1,test
8444,2,RM_002_XJTU,40Hz10kN/Bearing3_4/694.csv,0,0,0,2,25600,XJTU/40Hz10kN/Bearing3_4,-1,test
8445,2,RM_002_XJTU,40Hz10kN/Bearing3_4/695.csv,0,0,0,2,25600,XJTU/40Hz10kN/Bearing3_4,-1,test
8446,2,RM_002_XJTU,40Hz10kN/Bearing3_4/696.csv,0,0,0,2,25600,XJTU/40Hz10kN/Bearing3_4,-1,test
8447,2,RM_002_XJTU,40Hz10kN/Bearing3_4/697.csv,0,0,0,2,25600,XJTU/40Hz10kN/Bearing3_4,-1,test
8448,2,RM_002_XJTU,40Hz10kN/Bearing3_4/698.csv,0,0,0,2,25600,XJTU/40Hz10kN/Bearing3_4,-1,test
8449,2,RM_002_XJTU,40Hz10kN/Bearing3_4/699.csv,0,0,0,2,25600,XJTU/40Hz10kN/Bearing3_4,-1,test
8450,2,RM_002_XJTU,40Hz10kN/Bearing3_4/700.csv,0,0,0,2,25600,XJTU/40Hz10kN/Bearing3_4,-1,test
8451,2,RM_002_XJTU,40Hz10kN/Bearing3_4/701.csv,0,0,0,2,25600,XJTU/40Hz10kN/Bearing3_4,-1,test
8452,2,RM_002_XJTU,40Hz10kN/Bearing3_4/702.csv,0,0,0,2,25600,XJTU/40Hz10kN/Bearing3_4,-1,test
8453,2,RM_002_XJTU,40Hz10kN/Bearing3_4/703.csv,0,0,0,2,25600,XJTU/40Hz10kN/Bearing3_4,-1,test
8454,2,RM_002_XJTU,40Hz10kN/Bearing3_4/704.csv,0,0,0,2,25600,XJTU/40Hz10kN/Bearing3_4,-1,test
8455,2,RM_002_XJTU,40Hz10kN/Bearing3_4/705.csv,0,0,0,2,25600,XJTU/40Hz10kN/Bearing3_4,-1,test
8456,2,RM_002_XJTU,40Hz10kN/Bearing3_4/706.csv,0,0,0,2,25600,XJTU/40Hz10kN/Bearing3_4,-1,test
8457,2,RM_002_XJTU,40Hz10kN/Bearing3_4/707.csv,0,0,0,2,25600,XJTU/40Hz10kN/Bearing3_4,-1,test
8458,2,RM_002_XJTU,40Hz10kN/Bearing3_4/708.csv,0,0,0,2,25600,XJTU/40Hz10kN/Bearing3_4,-1,test
8459,2,RM_002_XJTU,40Hz10kN/Bearing3_4/709.csv,0,0,0,2,25600,XJTU/40Hz10kN/Bearing3_4,-1,test
8460,2,RM_002_XJTU,40Hz10kN/Bearing3_4/710.csv,0,0,0,2,25600,XJTU/40Hz10kN/Bearing3_4,-1,test
8461,2,RM_002_XJTU,40Hz10kN/Bearing3_4/711.csv,0,0,0,2,25600,XJTU/40Hz10kN/Bearing3_4,-1,test
8462,2,RM_002_XJTU,40Hz10kN/Bearing3_4/712.csv,0,0,0,2,25600,XJTU/40Hz10kN/Bearing3_4,-1,test
8463,2,RM_002_XJTU,40Hz10kN/Bearing3_4/713.csv,0,0,0,2,25600,XJTU/40Hz10kN/Bearing3_4,-1,test
8464,2,RM_002_XJTU,40Hz10kN/Bearing3_4/714.csv,0,0,0,2,25600,XJTU/40Hz10kN/Bearing3_4,-1,test
8465,2,RM_002_XJTU,40Hz10kN/Bearing3_4/715.csv,0,0,0,2,25600,XJTU/40Hz10kN/Bearing3_4,-1,test
8466,2,RM_002_XJTU,40Hz10kN/Bearing3_4/716.csv,0,0,0,2,25600,XJTU/40Hz10kN/Bearing3_4,-1,test
8467,2,RM_002_XJTU,40Hz10kN/Bearing3_4/717.csv,0,0,0,2,25600,XJTU/40Hz10kN/Bearing3_4,-1,test
8468,2,RM_002_XJTU,40Hz10kN/Bearing3_4/718.csv,0,0,0,2,25600,XJTU/40Hz10kN/Bearing3_4,-1,test
8469,2,RM_002_XJTU,40Hz10kN/Bearing3_4/719.csv,0,0,0,2,25600,XJTU/40Hz10kN/Bearing3_4,-1,test
8470,2,RM_002_XJTU,40Hz10kN/Bearing3_4/720.csv,0,0,0,2,25600,XJTU/40Hz10kN/Bearing3_4,-1,test
8471,2,RM_002_XJTU,40Hz10kN/Bearing3_4/721.csv,0,0,0,2,25600,XJTU/40Hz10kN/Bearing3_4,-1,test
8472,2,RM_002_XJTU,40Hz10kN/Bearing3_4/722.csv,0,0,0,2,25600,XJTU/40Hz10kN/Bearing3_4,-1,test
8473,2,RM_002_XJTU,40Hz10kN/Bearing3_4/723.csv,0,0,0,2,25600,XJTU/40Hz10kN/Bearing3_4,-1,test
8474,2,RM_002_XJTU,40Hz10kN/Bearing3_4/724.csv,0,0,0,2,25600,XJTU/40Hz10kN/Bearing3_4,-1,test
8475,2,RM_002_XJTU,40Hz10kN/Bearing3_4/725.csv,0,0,0,2,25600,XJTU/40Hz10kN/Bearing3_4,-1,test
8476,2,RM_002_XJTU,40Hz10kN/Bearing3_4/726.csv,0,0,0,2,25600,XJTU/40Hz10kN/Bearing3_4,-1,test
8477,2,RM_002_XJTU,40Hz10kN/Bearing3_4/727.csv,0,0,0,2,25600,XJTU/40Hz10kN/Bearing3_4,-1,test
8478,2,RM_002_XJTU,40Hz10kN/Bearing3_4/728.csv,0,0,0,2,25600,XJTU/40Hz10kN/Bearing3_4,-1,test
8479,2,RM_002_XJTU,40Hz10kN/Bearing3_4/729.csv,0,0,0,2,25600,XJTU/40Hz10kN/Bearing3_4,-1,test
8480,2,RM_002_XJTU,40Hz10kN/Bearing3_4/730.csv,0,0,0,2,25600,XJTU/40Hz10kN/Bearing3_4,-1,test
8481,2,RM_002_XJTU,40Hz10kN/Bearing3_4/731.csv,0,0,0,2,25600,XJTU/40Hz10kN/Bearing3_4,-1,test
8482,2,RM_002_XJTU,40Hz10kN/Bearing3_4/732.csv,0,0,0,2,25600,XJTU/40Hz10kN/Bearing3_4,-1,test
8483,2,RM_002_XJTU,40Hz10kN/Bearing3_4/733.csv,0,0,0,2,25600,XJTU/40Hz10kN/Bearing3_4,-1,test
8484,2,RM_002_XJTU,40Hz10kN/Bearing3_4/734.csv,0,0,0,2,25600,XJTU/40Hz10kN/Bearing3_4,-1,test
8485,2,RM_002_XJTU,40Hz10kN/Bearing3_4/735.csv,0,0,0,2,25600,XJTU/40Hz10kN/Bearing3_4,-1,test
8486,2,RM_002_XJTU,40Hz10kN/Bearing3_4/736.csv,0,0,0,2,25600,XJTU/40Hz10kN/Bearing3_4,-1,test
8487,2,RM_002_XJTU,40Hz10kN/Bearing3_4/737.csv,0,0,0,2,25600,XJTU/40Hz10kN/Bearing3_4,-1,test
8488,2,RM_002_XJTU,40Hz10kN/Bearing3_4/738.csv,0,0,0,2,25600,XJTU/40Hz10kN/Bearing3_4,-1,test
8489,2,RM_002_XJTU,40Hz10kN/Bearing3_4/739.csv,0,0,0,2,25600,XJTU/40Hz10kN/Bearing3_4,-1,test
8490,2,RM_002_XJTU,40Hz10kN/Bearing3_4/740.csv,0,0,0,2,25600,XJTU/40Hz10kN/Bearing3_4,-1,test
8491,2,RM_002_XJTU,40Hz10kN/Bearing3_4/741.csv,0,0,0,2,25600,XJTU/40Hz10kN/Bearing3_4,-1,test
8492,2,RM_002_XJTU,40Hz10kN/Bearing3_4/742.csv,0,0,0,2,25600,XJTU/40Hz10kN/Bearing3_4,-1,test
8493,2,RM_002_XJTU,40Hz10kN/Bearing3_4/743.csv,0,0,0,2,25600,XJTU/40Hz10kN/Bearing3_4,-1,test
8494,2,RM_002_XJTU,40Hz10kN/Bearing3_4/744.csv,0,0,0,2,25600,XJTU/40Hz10kN/Bearing3_4,-1,test
8495,2,RM_002_XJTU,40Hz10kN/Bearing3_4/745.csv,0,0,0,2,25600,XJTU/40Hz10kN/Bearing3_4,-1,test
8496,2,RM_002_XJTU,40Hz10kN/Bearing3_4/746.csv,0,0,0,2,25600,XJTU/40Hz10kN/Bearing3_4,-1,test
8497,2,RM_002_XJTU,40Hz10kN/Bearing3_4/747.csv,0,0,0,2,25600,XJTU/40Hz10kN/Bearing3_4,-1,test
8498,2,RM_002_XJTU,40Hz10kN/Bearing3_4/748.csv,0,0,0,2,25600,XJTU/40Hz10kN/Bearing3_4,-1,test
8499,2,RM_002_XJTU,40Hz10kN/Bearing3_4/749.csv,0,0,0,2,25600,XJTU/40Hz10kN/Bearing3_4,-1,test
8500,2,RM_002_XJTU,40Hz10kN/Bearing3_4/750.csv,0,0,0,2,25600,XJTU/40Hz10kN/Bearing3_4,-1,test
8501,2,RM_002_XJTU,40Hz10kN/Bearing3_4/751.csv,0,0,0,2,25600,XJTU/40Hz10kN/Bearing3_4,-1,test
8502,2,RM_002_XJTU,40Hz10kN/Bearing3_4/752.csv,0,0,0,2,25600,XJTU/40Hz10kN/Bearing3_4,-1,test
8503,2,RM_002_XJTU,40Hz10kN/Bearing3_4/753.csv,0,0,0,2,25600,XJTU/40Hz10kN/Bearing3_4,-1,test
8504,2,RM_002_XJTU,40Hz10kN/Bearing3_4/754.csv,0,0,0,2,25600,XJTU/40Hz10kN/Bearing3_4,-1,test
8505,2,RM_002_XJTU,40Hz10kN/Bearing3_4/755.csv,0,0,0,2,25600,XJTU/40Hz10kN/Bearing3_4,-1,test
8506,2,RM_002_XJTU,40Hz10kN/Bearing3_4/756.csv,0,0,0,2,25600,XJTU/40Hz10kN/Bearing3_4,-1,test
8507,2,RM_002_XJTU,40Hz10kN/Bearing3_4/757.csv,0,0,0,2,25600,XJTU/40Hz10kN/Bearing3_4,-1,test
8508,2,RM_002_XJTU,40Hz10kN/Bearing3_4/758.csv,0,0,0,2,25600,XJTU/40Hz10kN/Bearing3_4,-1,test
8509,2,RM_002_XJTU,40Hz10kN/Bearing3_4/759.csv,0,0,0,2,25600,XJTU/40Hz10kN/Bearing3_4,-1,test
8510,2,RM_002_XJTU,40Hz10kN/Bearing3_4/760.csv,0,0,0,2,25600,XJTU/40Hz10kN/Bearing3_4,-1,test
8511,2,RM_002_XJTU,40Hz10kN/Bearing3_4/761.csv,0,0,0,2,25600,XJTU/40Hz10kN/Bearing3_4,-1,test
8512,2,RM_002_XJTU,40Hz10kN/Bearing3_4/762.csv,0,0,0,2,25600,XJTU/40Hz10kN/Bearing3_4,-1,test
8513,2,RM_002_XJTU,40Hz10kN/Bearing3_4/763.csv,0,0,0,2,25600,XJTU/40Hz10kN/Bearing3_4,-1,test
8514,2,RM_002_XJTU,40Hz10kN/Bearing3_4/764.csv,0,0,0,2,25600,XJTU/40Hz10kN/Bearing3_4,-1,test
8515,2,RM_002_XJTU,40Hz10kN/Bearing3_4/765.csv,0,0,0,2,25600,XJTU/40Hz10kN/Bearing3_4,-1,test
8516,2,RM_002_XJTU,40Hz10kN/Bearing3_4/766.csv,0,0,0,2,25600,XJTU/40Hz10kN/Bearing3_4,-1,test
8517,2,RM_002_XJTU,40Hz10kN/Bearing3_4/767.csv,0,0,0,2,25600,XJTU/40Hz10kN/Bearing3_4,-1,test
8518,2,RM_002_XJTU,40Hz10kN/Bearing3_4/768.csv,0,0,0,2,25600,XJTU/40Hz10kN/Bearing3_4,-1,test
8519,2,RM_002_XJTU,40Hz10kN/Bearing3_4/769.csv,0,0,0,2,25600,XJTU/40Hz10kN/Bearing3_4,-1,test
8520,2,RM_002_XJTU,40Hz10kN/Bearing3_4/770.csv,0,0,0,2,25600,XJTU/40Hz10kN/Bearing3_4,-1,test
8521,2,RM_002_XJTU,40Hz10kN/Bearing3_4/771.csv,0,0,0,2,25600,XJTU/40Hz10kN/Bearing3_4,-1,test
8522,2,RM_002_XJTU,40Hz10kN/Bearing3_4/772.csv,0,0,0,2,25600,XJTU/40Hz10kN/Bearing3_4,-1,test
8523,2,RM_002_XJTU,40Hz10kN/Bearing3_4/773.csv,0,0,0,2,25600,XJTU/40Hz10kN/Bearing3_4,-1,test
8524,2,RM_002_XJTU,40Hz10kN/Bearing3_4/774.csv,0,0,0,2,25600,XJTU/40Hz10kN/Bearing3_4,-1,test
8525,2,RM_002_XJTU,40Hz10kN/Bearing3_4/775.csv,0,0,0,2,25600,XJTU/40Hz10kN/Bearing3_4,-1,test
8526,2,RM_002_XJTU,40Hz10kN/Bearing3_4/776.csv,0,0,0,2,25600,XJTU/40Hz10kN/Bearing3_4,-1,test
8527,2,RM_002_XJTU,40Hz10kN/Bearing3_4/777.csv,0,0,0,2,25600,XJTU/40Hz10kN/Bearing3_4,-1,test
8528,2,RM_002_XJTU,40Hz10kN/Bearing3_4/778.csv,0,0,0,2,25600,XJTU/40Hz10kN/Bearing3_4,-1,test
8529,2,RM_002_XJTU,40Hz10kN/Bearing3_4/779.csv,0,0,0,2,25600,XJTU/40Hz10kN/Bearing3_4,-1,test
8530,2,RM_002_XJTU,40Hz10kN/Bearing3_4/780.csv,0,0,0,2,25600,XJTU/40Hz10kN/Bearing3_4,-1,test
8531,2,RM_002_XJTU,40Hz10kN/Bearing3_4/781.csv,0,0,0,2,25600,XJTU/40Hz10kN/Bearing3_4,-1,test
8532,2,RM_002_XJTU,40Hz10kN/Bearing3_4/782.csv,0,0,0,2,25600,XJTU/40Hz10kN/Bearing3_4,-1,test
8533,2,RM_002_XJTU,40Hz10kN/Bearing3_4/783.csv,0,0,0,2,25600,XJTU/40Hz10kN/Bearing3_4,-1,test
8534,2,RM_002_XJTU,40Hz10kN/Bearing3_4/784.csv,0,0,0,2,25600,XJTU/40Hz10kN/Bearing3_4,-1,test
8535,2,RM_002_XJTU,40Hz10kN/Bearing3_4/785.csv,0,0,0,2,25600,XJTU/40Hz10kN/Bearing3_4,-1,test
8536,2,RM_002_XJTU,40Hz10kN/Bearing3_4/786.csv,0,0,0,2,25600,XJTU/40Hz10kN/Bearing3_4,-1,test
8537,2,RM_002_XJTU,40Hz10kN/Bearing3_4/787.csv,0,0,0,2,25600,XJTU/40Hz10kN/Bearing3_4,-1,test
8538,2,RM_002_XJTU,40Hz10kN/Bearing3_4/788.csv,0,0,0,2,25600,XJTU/40Hz10kN/Bearing3_4,-1,test
8539,2,RM_002_XJTU,40Hz10kN/Bearing3_4/789.csv,0,0,0,2,25600,XJTU/40Hz10kN/Bearing3_4,-1,test
8540,2,RM_002_XJTU,40Hz10kN/Bearing3_4/790.csv,0,0,0,2,25600,XJTU/40Hz10kN/Bearing3_4,-1,test
8541,2,RM_002_XJTU,40Hz10kN/Bearing3_4/791.csv,0,0,0,2,25600,XJTU/40Hz10kN/Bearing3_4,-1,test
8542,2,RM_002_XJTU,40Hz10kN/Bearing3_4/792.csv,0,0,0,2,25600,XJTU/40Hz10kN/Bearing3_4,-1,test
8543,2,RM_002_XJTU,40Hz10kN/Bearing3_4/793.csv,0,0,0,2,25600,XJTU/40Hz10kN/Bearing3_4,-1,test
8544,2,RM_002_XJTU,40Hz10kN/Bearing3_4/794.csv,0,0,0,2,25600,XJTU/40Hz10kN/Bearing3_4,-1,test
8545,2,RM_002_XJTU,40Hz10kN/Bearing3_4/795.csv,0,0,0,2,25600,XJTU/40Hz10kN/Bearing3_4,-1,test
8546,2,RM_002_XJTU,40Hz10kN/Bearing3_4/796.csv,0,0,0,2,25600,XJTU/40Hz10kN/Bearing3_4,-1,test
8547,2,RM_002_XJTU,40Hz10kN/Bearing3_4/797.csv,0,0,0,2,25600,XJTU/40Hz10kN/Bearing3_4,-1,test
8548,2,RM_002_XJTU,40Hz10kN/Bearing3_4/798.csv,0,0,0,2,25600,XJTU/40Hz10kN/Bearing3_4,-1,test
8549,2,RM_002_XJTU,40Hz10kN/Bearing3_4/799.csv,0,0,0,2,25600,XJTU/40Hz10kN/Bearing3_4,-1,test
8550,2,RM_002_XJTU,40Hz10kN/Bearing3_4/800.csv,0,0,0,2,25600,XJTU/40Hz10kN/Bearing3_4,-1,test
8551,2,RM_002_XJTU,40Hz10kN/Bearing3_4/801.csv,0,0,0,2,25600,XJTU/40Hz10kN/Bearing3_4,-1,test
8552,2,RM_002_XJTU,40Hz10kN/Bearing3_4/802.csv,0,0,0,2,25600,XJTU/40Hz10kN/Bearing3_4,-1,test
8553,2,RM_002_XJTU,40Hz10kN/Bearing3_4/803.csv,0,0,0,2,25600,XJTU/40Hz10kN/Bearing3_4,-1,test
8554,2,RM_002_XJTU,40Hz10kN/Bearing3_4/804.csv,0,0,0,2,25600,XJTU/40Hz10kN/Bearing3_4,-1,test
8555,2,RM_002_XJTU,40Hz10kN/Bearing3_4/805.csv,0,0,0,2,25600,XJTU/40Hz10kN/Bearing3_4,-1,test
8556,2,RM_002_XJTU,40Hz10kN/Bearing3_4/806.csv,0,0,0,2,25600,XJTU/40Hz10kN/Bearing3_4,-1,test
8557,2,RM_002_XJTU,40Hz10kN/Bearing3_4/807.csv,0,0,0,2,25600,XJTU/40Hz10kN/Bearing3_4,-1,test
8558,2,RM_002_XJTU,40Hz10kN/Bearing3_4/808.csv,0,0,0,2,25600,XJTU/40Hz10kN/Bearing3_4,-1,test
8559,2,RM_002_XJTU,40Hz10kN/Bearing3_4/809.csv,0,0,0,2,25600,XJTU/40Hz10kN/Bearing3_4,-1,test
8560,2,RM_002_XJTU,40Hz10kN/Bearing3_4/810.csv,0,0,0,2,25600,XJTU/40Hz10kN/Bearing3_4,-1,test
8561,2,RM_002_XJTU,40Hz10kN/Bearing3_4/811.csv,0,0,0,2,25600,XJTU/40Hz10kN/Bearing3_4,-1,test
8562,2,RM_002_XJTU,40Hz10kN/Bearing3_4/812.csv,0,0,0,2,25600,XJTU/40Hz10kN/Bearing3_4,-1,test
8563,2,RM_002_XJTU,40Hz10kN/Bearing3_4/813.csv,0,0,0,2,25600,XJTU/40Hz10kN/Bearing3_4,-1,test
8564,2,RM_002_XJTU,40Hz10kN/Bearing3_4/814.csv,0,0,0,2,25600,XJTU/40Hz10kN/Bearing3_4,-1,test
8565,2,RM_002_XJTU,40Hz10kN/Bearing3_4/815.csv,0,0,0,2,25600,XJTU/40Hz10kN/Bearing3_4,-1,test
8566,2,RM_002_XJTU,40Hz10kN/Bearing3_4/816.csv,0,0,0,2,25600,XJTU/40Hz10kN/Bearing3_4,-1,test
8567,2,RM_002_XJTU,40Hz10kN/Bearing3_4/817.csv,0,0,0,2,25600,XJTU/40Hz10kN/Bearing3_4,-1,test
8568,2,RM_002_XJTU,40Hz10kN/Bearing3_4/818.csv,0,0,0,2,25600,XJTU/40Hz10kN/Bearing3_4,-1,test
8569,2,RM_002_XJTU,40Hz10kN/Bearing3_4/819.csv,0,0,0,2,25600,XJTU/40Hz10kN/Bearing3_4,-1,test
8570,2,RM_002_XJTU,40Hz10kN/Bearing3_4/820.csv,0,0,0,2,25600,XJTU/40Hz10kN/Bearing3_4,-1,test
8571,2,RM_002_XJTU,40Hz10kN/Bearing3_4/821.csv,0,0,0,2,25600,XJTU/40Hz10kN/Bearing3_4,-1,test
8572,2,RM_002_XJTU,40Hz10kN/Bearing3_4/822.csv,0,0,0,2,25600,XJTU/40Hz10kN/Bearing3_4,-1,test
8573,2,RM_002_XJTU,40Hz10kN/Bearing3_4/823.csv,0,0,0,2,25600,XJTU/40Hz10kN/Bearing3_4,-1,test
8574,2,RM_002_XJTU,40Hz10kN/Bearing3_4/824.csv,0,0,0,2,25600,XJTU/40Hz10kN/Bearing3_4,-1,test
8575,2,RM_002_XJTU,40Hz10kN/Bearing3_4/825.csv,0,0,0,2,25600,XJTU/40Hz10kN/Bearing3_4,-1,test
8576,2,RM_002_XJTU,40Hz10kN/Bearing3_4/826.csv,0,0,0,2,25600,XJTU/40Hz10kN/Bearing3_4,-1,test
8577,2,RM_002_XJTU,40Hz10kN/Bearing3_4/827.csv,0,0,0,2,25600,XJTU/40Hz10kN/Bearing3_4,-1,test
8578,2,RM_002_XJTU,40Hz10kN/Bearing3_4/828.csv,0,0,0,2,25600,XJTU/40Hz10kN/Bearing3_4,-1,test
8579,2,RM_002_XJTU,40Hz10kN/Bearing3_4/829.csv,0,0,0,2,25600,XJTU/40Hz10kN/Bearing3_4,-1,test
8580,2,RM_002_XJTU,40Hz10kN/Bearing3_4/830.csv,0,0,0,2,25600,XJTU/40Hz10kN/Bearing3_4,-1,test
8581,2,RM_002_XJTU,40Hz10kN/Bearing3_4/831.csv,0,0,0,2,25600,XJTU/40Hz10kN/Bearing3_4,-1,test
8582,2,RM_002_XJTU,40Hz10kN/Bearing3_4/832.csv,0,0,0,2,25600,XJTU/40Hz10kN/Bearing3_4,-1,test
8583,2,RM_002_XJTU,40Hz10kN/Bearing3_4/833.csv,0,0,0,2,25600,XJTU/40Hz10kN/Bearing3_4,-1,test
8584,2,RM_002_XJTU,40Hz10kN/Bearing3_4/834.csv,0,0,0,2,25600,XJTU/40Hz10kN/Bearing3_4,-1,test
8585,2,RM_002_XJTU,40Hz10kN/Bearing3_4/835.csv,0,0,0,2,25600,XJTU/40Hz10kN/Bearing3_4,-1,test
8586,2,RM_002_XJTU,40Hz10kN/Bearing3_4/836.csv,0,0,0,2,25600,XJTU/40Hz10kN/Bearing3_4,-1,test
8587,2,RM_002_XJTU,40Hz10kN/Bearing3_4/837.csv,0,0,0,2,25600,XJTU/40Hz10kN/Bearing3_4,-1,test
8588,2,RM_002_XJTU,40Hz10kN/Bearing3_4/838.csv,0,0,0,2,25600,XJTU/40Hz10kN/Bearing3_4,-1,test
8589,2,RM_002_XJTU,40Hz10kN/Bearing3_4/839.csv,0,0,0,2,25600,XJTU/40Hz10kN/Bearing3_4,-1,test
8590,2,RM_002_XJTU,40Hz10kN/Bearing3_4/840.csv,0,0,0,2,25600,XJTU/40Hz10kN/Bearing3_4,-1,test
8591,2,RM_002_XJTU,40Hz10kN/Bearing3_4/841.csv,0,0,0,2,25600,XJTU/40Hz10kN/Bearing3_4,-1,test
8592,2,RM_002_XJTU,40Hz10kN/Bearing3_4/842.csv,0,0,0,2,25600,XJTU/40Hz10kN/Bearing3_4,-1,test
8593,2,RM_002_XJTU,40Hz10kN/Bearing3_4/843.csv,0,0,0,2,25600,XJTU/40Hz10kN/Bearing3_4,-1,test
8594,2,RM_002_XJTU,40Hz10kN/Bearing3_4/844.csv,0,0,0,2,25600,XJTU/40Hz10kN/Bearing3_4,-1,test
8595,2,RM_002_XJTU,40Hz10kN/Bearing3_4/845.csv,0,0,0,2,25600,XJTU/40Hz10kN/Bearing3_4,-1,test
8596,2,RM_002_XJTU,40Hz10kN/Bearing3_4/846.csv,0,0,0,2,25600,XJTU/40Hz10kN/Bearing3_4,-1,test
8597,2,RM_002_XJTU,40Hz10kN/Bearing3_4/847.csv,0,0,0,2,25600,XJTU/40Hz10kN/Bearing3_4,-1,test
8598,2,RM_002_XJTU,40Hz10kN/Bearing3_4/848.csv,0,0,0,2,25600,XJTU/40Hz10kN/Bearing3_4,-1,test
8599,2,RM_002_XJTU,40Hz10kN/Bearing3_4/849.csv,0,0,0,2,25600,XJTU/40Hz10kN/Bearing3_4,-1,test
8600,2,RM_002_XJTU,40Hz10kN/Bearing3_4/850.csv,0,0,0,2,25600,XJTU/40Hz10kN/Bearing3_4,-1,test
8601,2,RM_002_XJTU,40Hz10kN/Bearing3_4/851.csv,0,0,0,2,25600,XJTU/40Hz10kN/Bearing3_4,-1,test
8602,2,RM_002_XJTU,40Hz10kN/Bearing3_4/852.csv,0,0,0,2,25600,XJTU/40Hz10kN/Bearing3_4,-1,test
8603,2,RM_002_XJTU,40Hz10kN/Bearing3_4/853.csv,0,0,0,2,25600,XJTU/40Hz10kN/Bearing3_4,-1,test
8604,2,RM_002_XJTU,40Hz10kN/Bearing3_4/854.csv,0,0,0,2,25600,XJTU/40Hz10kN/Bearing3_4,-1,test
8605,2,RM_002_XJTU,40Hz10kN/Bearing3_4/855.csv,0,0,0,2,25600,XJTU/40Hz10kN/Bearing3_4,-1,test
8606,2,RM_002_XJTU,40Hz10kN/Bearing3_4/856.csv,0,0,0,2,25600,XJTU/40Hz10kN/Bearing3_4,-1,test
8607,2,RM_002_XJTU,40Hz10kN/Bearing3_4/857.csv,0,0,0,2,25600,XJTU/40Hz10kN/Bearing3_4,-1,test
8608,2,RM_002_XJTU,40Hz10kN/Bearing3_4/858.csv,0,0,0,2,25600,XJTU/40Hz10kN/Bearing3_4,-1,test
8609,2,RM_002_XJTU,40Hz10kN/Bearing3_4/859.csv,0,0,0,2,25600,XJTU/40Hz10kN/Bearing3_4,-1,test
8610,2,RM_002_XJTU,40Hz10kN/Bearing3_4/860.csv,0,0,0,2,25600,XJTU/40Hz10kN/Bearing3_4,-1,test
8611,2,RM_002_XJTU,40Hz10kN/Bearing3_4/861.csv,0,0,0,2,25600,XJTU/40Hz10kN/Bearing3_4,-1,test
8612,2,RM_002_XJTU,40Hz10kN/Bearing3_4/862.csv,0,0,0,2,25600,XJTU/40Hz10kN/Bearing3_4,-1,test
8613,2,RM_002_XJTU,40Hz10kN/Bearing3_4/863.csv,0,0,0,2,25600,XJTU/40Hz10kN/Bearing3_4,-1,test
8614,2,RM_002_XJTU,40Hz10kN/Bearing3_4/864.csv,0,0,0,2,25600,XJTU/40Hz10kN/Bearing3_4,-1,test
8615,2,RM_002_XJTU,40Hz10kN/Bearing3_4/865.csv,0,0,0,2,25600,XJTU/40Hz10kN/Bearing3_4,-1,test
8616,2,RM_002_XJTU,40Hz10kN/Bearing3_4/866.csv,0,0,0,2,25600,XJTU/40Hz10kN/Bearing3_4,-1,test
8617,2,RM_002_XJTU,40Hz10kN/Bearing3_4/867.csv,0,0,0,2,25600,XJTU/40Hz10kN/Bearing3_4,-1,test
8618,2,RM_002_XJTU,40Hz10kN/Bearing3_4/868.csv,0,0,0,2,25600,XJTU/40Hz10kN/Bearing3_4,-1,test
8619,2,RM_002_XJTU,40Hz10kN/Bearing3_4/869.csv,0,0,0,2,25600,XJTU/40Hz10kN/Bearing3_4,-1,test
8620,2,RM_002_XJTU,40Hz10kN/Bearing3_4/870.csv,0,0,0,2,25600,XJTU/40Hz10kN/Bearing3_4,-1,test
8621,2,RM_002_XJTU,40Hz10kN/Bearing3_4/871.csv,0,0,0,2,25600,XJTU/40Hz10kN/Bearing3_4,-1,test
8622,2,RM_002_XJTU,40Hz10kN/Bearing3_4/872.csv,0,0,0,2,25600,XJTU/40Hz10kN/Bearing3_4,-1,test
8623,2,RM_002_XJTU,40Hz10kN/Bearing3_4/873.csv,0,0,0,2,25600,XJTU/40Hz10kN/Bearing3_4,-1,test
8624,2,RM_002_XJTU,40Hz10kN/Bearing3_4/874.csv,0,0,0,2,25600,XJTU/40Hz10kN/Bearing3_4,-1,test
8625,2,RM_002_XJTU,40Hz10kN/Bearing3_4/875.csv,0,0,0,2,25600,XJTU/40Hz10kN/Bearing3_4,-1,test
8626,2,RM_002_XJTU,40Hz10kN/Bearing3_4/876.csv,0,0,0,2,25600,XJTU/40Hz10kN/Bearing3_4,-1,test
8627,2,RM_002_XJTU,40Hz10kN/Bearing3_4/877.csv,0,0,0,2,25600,XJTU/40Hz10kN/Bearing3_4,-1,test
8628,2,RM_002_XJTU,40Hz10kN/Bearing3_4/878.csv,0,0,0,2,25600,XJTU/40Hz10kN/Bearing3_4,-1,test
8629,2,RM_002_XJTU,40Hz10kN/Bearing3_4/879.csv,0,0,0,2,25600,XJTU/40Hz10kN/Bearing3_4,-1,test
8630,2,RM_002_XJTU,40Hz10kN/Bearing3_4/880.csv,0,0,0,2,25600,XJTU/40Hz10kN/Bearing3_4,-1,test
8631,2,RM_002_XJTU,40Hz10kN/Bearing3_4/881.csv,0,0,0,2,25600,XJTU/40Hz10kN/Bearing3_4,-1,test
8632,2,RM_002_XJTU,40Hz10kN/Bearing3_4/882.csv,0,0,0,2,25600,XJTU/40Hz10kN/Bearing3_4,-1,test
8633,2,RM_002_XJTU,40Hz10kN/Bearing3_4/883.csv,0,0,0,2,25600,XJTU/40Hz10kN/Bearing3_4,-1,test
8634,2,RM_002_XJTU,40Hz10kN/Bearing3_4/884.csv,0,0,0,2,25600,XJTU/40Hz10kN/Bearing3_4,-1,test
8635,2,RM_002_XJTU,40Hz10kN/Bearing3_4/885.csv,0,0,0,2,25600,XJTU/40Hz10kN/Bearing3_4,-1,test
8636,2,RM_002_XJTU,40Hz10kN/Bearing3_4/886.csv,0,0,0,2,25600,XJTU/40Hz10kN/Bearing3_4,-1,test
8637,2,RM_002_XJTU,40Hz10kN/Bearing3_4/887.csv,0,0,0,2,25600,XJTU/40Hz10kN/Bearing3_4,-1,test
8638,2,RM_002_XJTU,40Hz10kN/Bearing3_4/888.csv,0,0,0,2,25600,XJTU/40Hz10kN/Bearing3_4,-1,test
8639,2,RM_002_XJTU,40Hz10kN/Bearing3_4/889.csv,0,0,0,2,25600,XJTU/40Hz10kN/Bearing3_4,-1,test
8640,2,RM_002_XJTU,40Hz10kN/Bearing3_4/890.csv,0,0,0,2,25600,XJTU/40Hz10kN/Bearing3_4,-1,test
8641,2,RM_002_XJTU,40Hz10kN/Bearing3_4/891.csv,0,0,0,2,25600,XJTU/40Hz10kN/Bearing3_4,-1,test
8642,2,RM_002_XJTU,40Hz10kN/Bearing3_4/892.csv,0,0,0,2,25600,XJTU/40Hz10kN/Bearing3_4,-1,test
8643,2,RM_002_XJTU,40Hz10kN/Bearing3_4/893.csv,0,0,0,2,25600,XJTU/40Hz10kN/Bearing3_4,-1,test
8644,2,RM_002_XJTU,40Hz10kN/Bearing3_4/894.csv,0,0,0,2,25600,XJTU/40Hz10kN/Bearing3_4,-1,test
8645,2,RM_002_XJTU,40Hz10kN/Bearing3_4/895.csv,0,0,0,2,25600,XJTU/40Hz10kN/Bearing3_4,-1,test
8646,2,RM_002_XJTU,40Hz10kN/Bearing3_4/896.csv,0,0,0,2,25600,XJTU/40Hz10kN/Bearing3_4,-1,test
8647,2,RM_002_XJTU,40Hz10kN/Bearing3_4/897.csv,0,0,0,2,25600,XJTU/40Hz10kN/Bearing3_4,-1,test
8648,2,RM_002_XJTU,40Hz10kN/Bearing3_4/898.csv,0,0,0,2,25600,XJTU/40Hz10kN/Bearing3_4,-1,test
8649,2,RM_002_XJTU,40Hz10kN/Bearing3_4/899.csv,0,0,0,2,25600,XJTU/40Hz10kN/Bearing3_4,-1,test
8650,2,RM_002_XJTU,40Hz10kN/Bearing3_4/900.csv,0,0,0,2,25600,XJTU/40Hz10kN/Bearing3_4,-1,test
8651,2,RM_002_XJTU,40Hz10kN/Bearing3_4/901.csv,0,0,0,2,25600,XJTU/40Hz10kN/Bearing3_4,-1,test
8652,2,RM_002_XJTU,40Hz10kN/Bearing3_4/902.csv,0,0,0,2,25600,XJTU/40Hz10kN/Bearing3_4,-1,test
8653,2,RM_002_XJTU,40Hz10kN/Bearing3_4/903.csv,0,0,0,2,25600,XJTU/40Hz10kN/Bearing3_4,-1,test
8654,2,RM_002_XJTU,40Hz10kN/Bearing3_4/904.csv,0,0,0,2,25600,XJTU/40Hz10kN/Bearing3_4,-1,test
8655,2,RM_002_XJTU,40Hz10kN/Bearing3_4/905.csv,0,0,0,2,25600,XJTU/40Hz10kN/Bearing3_4,-1,test
8656,2,RM_002_XJTU,40Hz10kN/Bearing3_4/906.csv,0,0,0,2,25600,XJTU/40Hz10kN/Bearing3_4,-1,test
8657,2,RM_002_XJTU,40Hz10kN/Bearing3_4/907.csv,0,0,0,2,25600,XJTU/40Hz10kN/Bearing3_4,-1,test
8658,2,RM_002_XJTU,40Hz10kN/Bearing3_4/908.csv,0,0,0,2,25600,XJTU/40Hz10kN/Bearing3_4,-1,test
8659,2,RM_002_XJTU,40Hz10kN/Bearing3_4/909.csv,0,0,0,2,25600,XJTU/40Hz10kN/Bearing3_4,-1,test
8660,2,RM_002_XJTU,40Hz10kN/Bearing3_4/910.csv,0,0,0,2,25600,XJTU/40Hz10kN/Bearing3_4,-1,test
8661,2,RM_002_XJTU,40Hz10kN/Bearing3_4/911.csv,0,0,0,2,25600,XJTU/40Hz10kN/Bearing3_4,-1,test
8662,2,RM_002_XJTU,40Hz10kN/Bearing3_4/912.csv,0,0,0,2,25600,XJTU/40Hz10kN/Bearing3_4,-1,test
8663,2,RM_002_XJTU,40Hz10kN/Bearing3_4/913.csv,0,0,0,2,25600,XJTU/40Hz10kN/Bearing3_4,-1,test
8664,2,RM_002_XJTU,40Hz10kN/Bearing3_4/914.csv,0,0,0,2,25600,XJTU/40Hz10kN/Bearing3_4,-1,test
8665,2,RM_002_XJTU,40Hz10kN/Bearing3_4/915.csv,0,0,0,2,25600,XJTU/40Hz10kN/Bearing3_4,-1,test
8666,2,RM_002_XJTU,40Hz10kN/Bearing3_4/916.csv,0,0,0,2,25600,XJTU/40Hz10kN/Bearing3_4,-1,test
8667,2,RM_002_XJTU,40Hz10kN/Bearing3_4/917.csv,0,0,0,2,25600,XJTU/40Hz10kN/Bearing3_4,-1,test
8668,2,RM_002_XJTU,40Hz10kN/Bearing3_4/918.csv,0,0,0,2,25600,XJTU/40Hz10kN/Bearing3_4,-1,test
8669,2,RM_002_XJTU,40Hz10kN/Bearing3_4/919.csv,0,0,0,2,25600,XJTU/40Hz10kN/Bearing3_4,-1,test
8670,2,RM_002_XJTU,40Hz10kN/Bearing3_4/920.csv,0,0,0,2,25600,XJTU/40Hz10kN/Bearing3_4,-1,test
8671,2,RM_002_XJTU,40Hz10kN/Bearing3_4/921.csv,0,0,0,2,25600,XJTU/40Hz10kN/Bearing3_4,-1,test
8672,2,RM_002_XJTU,40Hz10kN/Bearing3_4/922.csv,0,0,0,2,25600,XJTU/40Hz10kN/Bearing3_4,-1,test
8673,2,RM_002_XJTU,40Hz10kN/Bearing3_4/923.csv,0,0,0,2,25600,XJTU/40Hz10kN/Bearing3_4,-1,test
8674,2,RM_002_XJTU,40Hz10kN/Bearing3_4/924.csv,0,0,0,2,25600,XJTU/40Hz10kN/Bearing3_4,-1,test
8675,2,RM_002_XJTU,40Hz10kN/Bearing3_4/925.csv,0,0,0,2,25600,XJTU/40Hz10kN/Bearing3_4,-1,test
8676,2,RM_002_XJTU,40Hz10kN/Bearing3_4/926.csv,0,0,0,2,25600,XJTU/40Hz10kN/Bearing3_4,-1,test
8677,2,RM_002_XJTU,40Hz10kN/Bearing3_4/927.csv,0,0,0,2,25600,XJTU/40Hz10kN/Bearing3_4,-1,test
8678,2,RM_002_XJTU,40Hz10kN/Bearing3_4/928.csv,0,0,0,2,25600,XJTU/40Hz10kN/Bearing3_4,-1,test
8679,2,RM_002_XJTU,40Hz10kN/Bearing3_4/929.csv,0,0,0,2,25600,XJTU/40Hz10kN/Bearing3_4,-1,test
8680,2,RM_002_XJTU,40Hz10kN/Bearing3_4/930.csv,0,0,0,2,25600,XJTU/40Hz10kN/Bearing3_4,-1,test
8681,2,RM_002_XJTU,40Hz10kN/Bearing3_4/931.csv,0,0,0,2,25600,XJTU/40Hz10kN/Bearing3_4,-1,test
8682,2,RM_002_XJTU,40Hz10kN/Bearing3_4/932.csv,0,0,0,2,25600,XJTU/40Hz10kN/Bearing3_4,-1,test
8683,2,RM_002_XJTU,40Hz10kN/Bearing3_4/933.csv,0,0,0,2,25600,XJTU/40Hz10kN/Bearing3_4,-1,test
8684,2,RM_002_XJTU,40Hz10kN/Bearing3_4/934.csv,0,0,0,2,25600,XJTU/40Hz10kN/Bearing3_4,-1,test
8685,2,RM_002_XJTU,40Hz10kN/Bearing3_4/935.csv,0,0,0,2,25600,XJTU/40Hz10kN/Bearing3_4,-1,test
8686,2,RM_002_XJTU,40Hz10kN/Bearing3_4/936.csv,0,0,0,2,25600,XJTU/40Hz10kN/Bearing3_4,-1,test
8687,2,RM_002_XJTU,40Hz10kN/Bearing3_4/937.csv,0,0,0,2,25600,XJTU/40Hz10kN/Bearing3_4,-1,test
8688,2,RM_002_XJTU,40Hz10kN/Bearing3_4/938.csv,0,0,0,2,25600,XJTU/40Hz10kN/Bearing3_4,-1,test
8689,2,RM_002_XJTU,40Hz10kN/Bearing3_4/939.csv,0,0,0,2,25600,XJTU/40Hz10kN/Bearing3_4,-1,test
8690,2,RM_002_XJTU,40Hz10kN/Bearing3_4/940.csv,0,0,0,2,25600,XJTU/40Hz10kN/Bearing3_4,-1,test
8691,2,RM_002_XJTU,40Hz10kN/Bearing3_4/941.csv,0,0,0,2,25600,XJTU/40Hz10kN/Bearing3_4,-1,test
8692,2,RM_002_XJTU,40Hz10kN/Bearing3_4/942.csv,0,0,0,2,25600,XJTU/40Hz10kN/Bearing3_4,-1,test
8693,2,RM_002_XJTU,40Hz10kN/Bearing3_4/943.csv,0,0,0,2,25600,XJTU/40Hz10kN/Bearing3_4,-1,test
8694,2,RM_002_XJTU,40Hz10kN/Bearing3_4/944.csv,0,0,0,2,25600,XJTU/40Hz10kN/Bearing3_4,-1,test
8695,2,RM_002_XJTU,40Hz10kN/Bearing3_4/945.csv,0,0,0,2,25600,XJTU/40Hz10kN/Bearing3_4,-1,test
8696,2,RM_002_XJTU,40Hz10kN/Bearing3_4/946.csv,0,0,0,2,25600,XJTU/40Hz10kN/Bearing3_4,-1,test
8697,2,RM_002_XJTU,40Hz10kN/Bearing3_4/947.csv,0,0,0,2,25600,XJTU/40Hz10kN/Bearing3_4,-1,test
8698,2,RM_002_XJTU,40Hz10kN/Bearing3_4/948.csv,0,0,0,2,25600,XJTU/40Hz10kN/Bearing3_4,-1,test
8699,2,RM_002_XJTU,40Hz10kN/Bearing3_4/949.csv,0,0,0,2,25600,XJTU/40Hz10kN/Bearing3_4,-1,test
8700,2,RM_002_XJTU,40Hz10kN/Bearing3_4/950.csv,0,0,0,2,25600,XJTU/40Hz10kN/Bearing3_4,-1,test
8701,2,RM_002_XJTU,40Hz10kN/Bearing3_4/951.csv,0,0,0,2,25600,XJTU/40Hz10kN/Bearing3_4,-1,test
8702,2,RM_002_XJTU,40Hz10kN/Bearing3_4/952.csv,0,0,0,2,25600,XJTU/40Hz10kN/Bearing3_4,-1,test
8703,2,RM_002_XJTU,40Hz10kN/Bearing3_4/953.csv,0,0,0,2,25600,XJTU/40Hz10kN/Bearing3_4,-1,test
8704,2,RM_002_XJTU,40Hz10kN/Bearing3_4/954.csv,0,0,0,2,25600,XJTU/40Hz10kN/Bearing3_4,-1,test
8705,2,RM_002_XJTU,40Hz10kN/Bearing3_4/955.csv,0,0,0,2,25600,XJTU/40Hz10kN/Bearing3_4,-1,test
8706,2,RM_002_XJTU,40Hz10kN/Bearing3_4/956.csv,0,0,0,2,25600,XJTU/40Hz10kN/Bearing3_4,-1,test
8707,2,RM_002_XJTU,40Hz10kN/Bearing3_4/957.csv,0,0,0,2,25600,XJTU/40Hz10kN/Bearing3_4,-1,test
8708,2,RM_002_XJTU,40Hz10kN/Bearing3_4/958.csv,0,0,0,2,25600,XJTU/40Hz10kN/Bearing3_4,-1,test
8709,2,RM_002_XJTU,40Hz10kN/Bearing3_4/959.csv,0,0,0,2,25600,XJTU/40Hz10kN/Bearing3_4,-1,test
8710,2,RM_002_XJTU,40Hz10kN/Bearing3_4/960.csv,0,0,0,2,25600,XJTU/40Hz10kN/Bearing3_4,-1,test
8711,2,RM_002_XJTU,40Hz10kN/Bearing3_4/961.csv,0,0,0,2,25600,XJTU/40Hz10kN/Bearing3_4,-1,test
8712,2,RM_002_XJTU,40Hz10kN/Bearing3_4/962.csv,0,0,0,2,25600,XJTU/40Hz10kN/Bearing3_4,-1,test
8713,2,RM_002_XJTU,40Hz10kN/Bearing3_4/963.csv,0,0,0,2,25600,XJTU/40Hz10kN/Bearing3_4,-1,test
8714,2,RM_002_XJTU,40Hz10kN/Bearing3_4/964.csv,0,0,0,2,25600,XJTU/40Hz10kN/Bearing3_4,-1,test
8715,2,RM_002_XJTU,40Hz10kN/Bearing3_4/965.csv,0,0,0,2,25600,XJTU/40Hz10kN/Bearing3_4,-1,test
8716,2,RM_002_XJTU,40Hz10kN/Bearing3_4/966.csv,0,0,0,2,25600,XJTU/40Hz10kN/Bearing3_4,-1,test
8717,2,RM_002_XJTU,40Hz10kN/Bearing3_4/967.csv,0,0,0,2,25600,XJTU/40Hz10kN/Bearing3_4,-1,test
8718,2,RM_002_XJTU,40Hz10kN/Bearing3_4/968.csv,0,0,0,2,25600,XJTU/40Hz10kN/Bearing3_4,-1,test
8719,2,RM_002_XJTU,40Hz10kN/Bearing3_4/969.csv,0,0,0,2,25600,XJTU/40Hz10kN/Bearing3_4,-1,test
8720,2,RM_002_XJTU,40Hz10kN/Bearing3_4/970.csv,0,0,0,2,25600,XJTU/40Hz10kN/Bearing3_4,-1,test
8721,2,RM_002_XJTU,40Hz10kN/Bearing3_4/971.csv,0,0,0,2,25600,XJTU/40Hz10kN/Bearing3_4,-1,test
8722,2,RM_002_XJTU,40Hz10kN/Bearing3_4/972.csv,0,0,0,2,25600,XJTU/40Hz10kN/Bearing3_4,-1,test
8723,2,RM_002_XJTU,40Hz10kN/Bearing3_4/973.csv,0,0,0,2,25600,XJTU/40Hz10kN/Bearing3_4,-1,test
8724,2,RM_002_XJTU,40Hz10kN/Bearing3_4/974.csv,0,0,0,2,25600,XJTU/40Hz10kN/Bearing3_4,-1,test
8725,2,RM_002_XJTU,40Hz10kN/Bearing3_4/975.csv,0,0,0,2,25600,XJTU/40Hz10kN/Bearing3_4,-1,test
8726,2,RM_002_XJTU,40Hz10kN/Bearing3_4/976.csv,0,0,0,2,25600,XJTU/40Hz10kN/Bearing3_4,-1,test
8727,2,RM_002_XJTU,40Hz10kN/Bearing3_4/977.csv,0,0,0,2,25600,XJTU/40Hz10kN/Bearing3_4,-1,test
8728,2,RM_002_XJTU,40Hz10kN/Bearing3_4/978.csv,0,0,0,2,25600,XJTU/40Hz10kN/Bearing3_4,-1,test
8729,2,RM_002_XJTU,40Hz10kN/Bearing3_4/979.csv,0,0,0,2,25600,XJTU/40Hz10kN/Bearing3_4,-1,test
8730,2,RM_002_XJTU,40Hz10kN/Bearing3_4/980.csv,0,0,0,2,25600,XJTU/40Hz10kN/Bearing3_4,-1,test
8731,2,RM_002_XJTU,40Hz10kN/Bearing3_4/981.csv,0,0,0,2,25600,XJTU/40Hz10kN/Bearing3_4,-1,test
8732,2,RM_002_XJTU,40Hz10kN/Bearing3_4/982.csv,0,0,0,2,25600,XJTU/40Hz10kN/Bearing3_4,-1,test
8733,2,RM_002_XJTU,40Hz10kN/Bearing3_4/983.csv,0,0,0,2,25600,XJTU/40Hz10kN/Bearing3_4,-1,test
8734,2,RM_002_XJTU,40Hz10kN/Bearing3_4/984.csv,0,0,0,2,25600,XJTU/40Hz10kN/Bearing3_4,-1,test
8735,2,RM_002_XJTU,40Hz10kN/Bearing3_4/985.csv,0,0,0,2,25600,XJTU/40Hz10kN/Bearing3_4,-1,test
8736,2,RM_002_XJTU,40Hz10kN/Bearing3_4/986.csv,0,0,0,2,25600,XJTU/40Hz10kN/Bearing3_4,-1,test
8737,2,RM_002_XJTU,40Hz10kN/Bearing3_4/987.csv,0,0,0,2,25600,XJTU/40Hz10kN/Bearing3_4,-1,test
8738,2,RM_002_XJTU,40Hz10kN/Bearing3_4/988.csv,0,0,0,2,25600,XJTU/40Hz10kN/Bearing3_4,-1,test
8739,2,RM_002_XJTU,40Hz10kN/Bearing3_4/989.csv,0,0,0,2,25600,XJTU/40Hz10kN/Bearing3_4,-1,test
8740,2,RM_002_XJTU,40Hz10kN/Bearing3_4/990.csv,0,0,0,2,25600,XJTU/40Hz10kN/Bearing3_4,-1,test
8741,2,RM_002_XJTU,40Hz10kN/Bearing3_4/991.csv,0,0,0,2,25600,XJTU/40Hz10kN/Bearing3_4,-1,test
8742,2,RM_002_XJTU,40Hz10kN/Bearing3_4/992.csv,0,0,0,2,25600,XJTU/40Hz10kN/Bearing3_4,-1,test
8743,2,RM_002_XJTU,40Hz10kN/Bearing3_4/993.csv,0,0,0,2,25600,XJTU/40Hz10kN/Bearing3_4,-1,test
8744,2,RM_002_XJTU,40Hz10kN/Bearing3_4/994.csv,0,0,0,2,25600,XJTU/40Hz10kN/Bearing3_4,-1,test
8745,2,RM_002_XJTU,40Hz10kN/Bearing3_4/995.csv,0,0,0,2,25600,XJTU/40Hz10kN/Bearing3_4,-1,test
8746,2,RM_002_XJTU,40Hz10kN/Bearing3_4/996.csv,0,0,0,2,25600,XJTU/40Hz10kN/Bearing3_4,-1,test
8747,2,RM_002_XJTU,40Hz10kN/Bearing3_4/997.csv,0,0,0,2,25600,XJTU/40Hz10kN/Bearing3_4,-1,test
8748,2,RM_002_XJTU,40Hz10kN/Bearing3_4/998.csv,0,0,0,2,25600,XJTU/40Hz10kN/Bearing3_4,-1,test
8749,2,RM_002_XJTU,40Hz10kN/Bearing3_4/999.csv,0,0,0,2,25600,XJTU/40Hz10kN/Bearing3_4,-1,test
8750,2,RM_002_XJTU,40Hz10kN/Bearing3_4/1000.csv,0,0,0,2,25600,XJTU/40Hz10kN/Bearing3_4,-1,test
8751,2,RM_002_XJTU,40Hz10kN/Bearing3_4/1001.csv,0,0,0,2,25600,XJTU/40Hz10kN/Bearing3_4,-1,test
8752,2,RM_002_XJTU,40Hz10kN/Bearing3_4/1002.csv,0,0,0,2,25600,XJTU/40Hz10kN/Bearing3_4,-1,test
8753,2,RM_002_XJTU,40Hz10kN/Bearing3_4/1003.csv,0,0,0,2,25600,XJTU/40Hz10kN/Bearing3_4,-1,test
8754,2,RM_002_XJTU,40Hz10kN/Bearing3_4/1004.csv,0,0,0,2,25600,XJTU/40Hz10kN/Bearing3_4,-1,test
8755,2,RM_002_XJTU,40Hz10kN/Bearing3_4/1005.csv,0,0,0,2,25600,XJTU/40Hz10kN/Bearing3_4,-1,test
8756,2,RM_002_XJTU,40Hz10kN/Bearing3_4/1006.csv,0,0,0,2,25600,XJTU/40Hz10kN/Bearing3_4,-1,test
8757,2,RM_002_XJTU,40Hz10kN/Bearing3_4/1007.csv,0,0,0,2,25600,XJTU/40Hz10kN/Bearing3_4,-1,test
8758,2,RM_002_XJTU,40Hz10kN/Bearing3_4/1008.csv,0,0,0,2,25600,XJTU/40Hz10kN/Bearing3_4,-1,test
8759,2,RM_002_XJTU,40Hz10kN/Bearing3_4/1009.csv,0,0,0,2,25600,XJTU/40Hz10kN/Bearing3_4,-1,test
8760,2,RM_002_XJTU,40Hz10kN/Bearing3_4/1010.csv,0,0,0,2,25600,XJTU/40Hz10kN/Bearing3_4,-1,test
8761,2,RM_002_XJTU,40Hz10kN/Bearing3_4/1011.csv,0,0,0,2,25600,XJTU/40Hz10kN/Bearing3_4,-1,test
8762,2,RM_002_XJTU,40Hz10kN/Bearing3_4/1012.csv,0,0,0,2,25600,XJTU/40Hz10kN/Bearing3_4,-1,test
8763,2,RM_002_XJTU,40Hz10kN/Bearing3_4/1013.csv,0,0,0,2,25600,XJTU/40Hz10kN/Bearing3_4,-1,test
8764,2,RM_002_XJTU,40Hz10kN/Bearing3_4/1014.csv,0,0,0,2,25600,XJTU/40Hz10kN/Bearing3_4,-1,test
8765,2,RM_002_XJTU,40Hz10kN/Bearing3_4/1015.csv,0,0,0,2,25600,XJTU/40Hz10kN/Bearing3_4,-1,test
8766,2,RM_002_XJTU,40Hz10kN/Bearing3_4/1016.csv,0,0,0,2,25600,XJTU/40Hz10kN/Bearing3_4,-1,test
8767,2,RM_002_XJTU,40Hz10kN/Bearing3_4/1017.csv,0,0,0,2,25600,XJTU/40Hz10kN/Bearing3_4,-1,test
8768,2,RM_002_XJTU,40Hz10kN/Bearing3_4/1018.csv,0,0,0,2,25600,XJTU/40Hz10kN/Bearing3_4,-1,test
8769,2,RM_002_XJTU,40Hz10kN/Bearing3_4/1019.csv,0,0,0,2,25600,XJTU/40Hz10kN/Bearing3_4,-1,test
8770,2,RM_002_XJTU,40Hz10kN/Bearing3_4/1020.csv,0,0,0,2,25600,XJTU/40Hz10kN/Bearing3_4,-1,test
8771,2,RM_002_XJTU,40Hz10kN/Bearing3_4/1021.csv,0,0,0,2,25600,XJTU/40Hz10kN/Bearing3_4,-1,test
8772,2,RM_002_XJTU,40Hz10kN/Bearing3_4/1022.csv,0,0,0,2,25600,XJTU/40Hz10kN/Bearing3_4,-1,test
8773,2,RM_002_XJTU,40Hz10kN/Bearing3_4/1023.csv,0,0,0,2,25600,XJTU/40Hz10kN/Bearing3_4,-1,test
8774,2,RM_002_XJTU,40Hz10kN/Bearing3_4/1024.csv,0,0,0,2,25600,XJTU/40Hz10kN/Bearing3_4,-1,test
8775,2,RM_002_XJTU,40Hz10kN/Bearing3_4/1025.csv,0,0,0,2,25600,XJTU/40Hz10kN/Bearing3_4,-1,test
8776,2,RM_002_XJTU,40Hz10kN/Bearing3_4/1026.csv,0,0,0,2,25600,XJTU/40Hz10kN/Bearing3_4,-1,test
8777,2,RM_002_XJTU,40Hz10kN/Bearing3_4/1027.csv,0,0,0,2,25600,XJTU/40Hz10kN/Bearing3_4,-1,test
8778,2,RM_002_XJTU,40Hz10kN/Bearing3_4/1028.csv,0,0,0,2,25600,XJTU/40Hz10kN/Bearing3_4,-1,test
8779,2,RM_002_XJTU,40Hz10kN/Bearing3_4/1029.csv,0,0,0,2,25600,XJTU/40Hz10kN/Bearing3_4,-1,test
8780,2,RM_002_XJTU,40Hz10kN/Bearing3_4/1030.csv,0,0,0,2,25600,XJTU/40Hz10kN/Bearing3_4,-1,test
8781,2,RM_002_XJTU,40Hz10kN/Bearing3_4/1031.csv,0,0,0,2,25600,XJTU/40Hz10kN/Bearing3_4,-1,test
8782,2,RM_002_XJTU,40Hz10kN/Bearing3_4/1032.csv,0,0,0,2,25600,XJTU/40Hz10kN/Bearing3_4,-1,test
8783,2,RM_002_XJTU,40Hz10kN/Bearing3_4/1033.csv,0,0,0,2,25600,XJTU/40Hz10kN/Bearing3_4,-1,test
8784,2,RM_002_XJTU,40Hz10kN/Bearing3_4/1034.csv,0,0,0,2,25600,XJTU/40Hz10kN/Bearing3_4,-1,test
8785,2,RM_002_XJTU,40Hz10kN/Bearing3_4/1035.csv,0,0,0,2,25600,XJTU/40Hz10kN/Bearing3_4,-1,test
8786,2,RM_002_XJTU,40Hz10kN/Bearing3_4/1036.csv,0,0,0,2,25600,XJTU/40Hz10kN/Bearing3_4,-1,test
8787,2,RM_002_XJTU,40Hz10kN/Bearing3_4/1037.csv,0,0,0,2,25600,XJTU/40Hz10kN/Bearing3_4,-1,test
8788,2,RM_002_XJTU,40Hz10kN/Bearing3_4/1038.csv,0,0,0,2,25600,XJTU/40Hz10kN/Bearing3_4,-1,test
8789,2,RM_002_XJTU,40Hz10kN/Bearing3_4/1039.csv,0,0,0,2,25600,XJTU/40Hz10kN/Bearing3_4,-1,test
8790,2,RM_002_XJTU,40Hz10kN/Bearing3_4/1040.csv,0,0,0,2,25600,XJTU/40Hz10kN/Bearing3_4,-1,test
8791,2,RM_002_XJTU,40Hz10kN/Bearing3_4/1041.csv,0,0,0,2,25600,XJTU/40Hz10kN/Bearing3_4,-1,test
8792,2,RM_002_XJTU,40Hz10kN/Bearing3_4/1042.csv,0,0,0,2,25600,XJTU/40Hz10kN/Bearing3_4,-1,test
8793,2,RM_002_XJTU,40Hz10kN/Bearing3_4/1043.csv,0,0,0,2,25600,XJTU/40Hz10kN/Bearing3_4,-1,test
8794,2,RM_002_XJTU,40Hz10kN/Bearing3_4/1044.csv,0,0,0,2,25600,XJTU/40Hz10kN/Bearing3_4,-1,test
8795,2,RM_002_XJTU,40Hz10kN/Bearing3_4/1045.csv,0,0,0,2,25600,XJTU/40Hz10kN/Bearing3_4,-1,test
8796,2,RM_002_XJTU,40Hz10kN/Bearing3_4/1046.csv,0,0,0,2,25600,XJTU/40Hz10kN/Bearing3_4,-1,test
8797,2,RM_002_XJTU,40Hz10kN/Bearing3_4/1047.csv,0,0,0,2,25600,XJTU/40Hz10kN/Bearing3_4,-1,test
8798,2,RM_002_XJTU,40Hz10kN/Bearing3_4/1048.csv,0,0,0,2,25600,XJTU/40Hz10kN/Bearing3_4,-1,test
8799,2,RM_002_XJTU,40Hz10kN/Bearing3_4/1049.csv,0,0,0,2,25600,XJTU/40Hz10kN/Bearing3_4,-1,test
8800,2,RM_002_XJTU,40Hz10kN/Bearing3_4/1050.csv,0,0,0,2,25600,XJTU/40Hz10kN/Bearing3_4,-1,test
8801,2,RM_002_XJTU,40Hz10kN/Bearing3_4/1051.csv,0,0,0,2,25600,XJTU/40Hz10kN/Bearing3_4,-1,test
8802,2,RM_002_XJTU,40Hz10kN/Bearing3_4/1052.csv,0,0,0,2,25600,XJTU/40Hz10kN/Bearing3_4,-1,test
8803,2,RM_002_XJTU,40Hz10kN/Bearing3_4/1053.csv,0,0,0,2,25600,XJTU/40Hz10kN/Bearing3_4,-1,test
8804,2,RM_002_XJTU,40Hz10kN/Bearing3_4/1054.csv,0,0,0,2,25600,XJTU/40Hz10kN/Bearing3_4,-1,test
8805,2,RM_002_XJTU,40Hz10kN/Bearing3_4/1055.csv,0,0,0,2,25600,XJTU/40Hz10kN/Bearing3_4,-1,test
8806,2,RM_002_XJTU,40Hz10kN/Bearing3_4/1056.csv,0,0,0,2,25600,XJTU/40Hz10kN/Bearing3_4,-1,test
8807,2,RM_002_XJTU,40Hz10kN/Bearing3_4/1057.csv,0,0,0,2,25600,XJTU/40Hz10kN/Bearing3_4,-1,test
8808,2,RM_002_XJTU,40Hz10kN/Bearing3_4/1058.csv,0,0,0,2,25600,XJTU/40Hz10kN/Bearing3_4,-1,test
8809,2,RM_002_XJTU,40Hz10kN/Bearing3_4/1059.csv,0,0,0,2,25600,XJTU/40Hz10kN/Bearing3_4,-1,test
8810,2,RM_002_XJTU,40Hz10kN/Bearing3_4/1060.csv,0,0,0,2,25600,XJTU/40Hz10kN/Bearing3_4,-1,test
8811,2,RM_002_XJTU,40Hz10kN/Bearing3_4/1061.csv,0,0,0,2,25600,XJTU/40Hz10kN/Bearing3_4,-1,test
8812,2,RM_002_XJTU,40Hz10kN/Bearing3_4/1062.csv,0,0,0,2,25600,XJTU/40Hz10kN/Bearing3_4,-1,test
8813,2,RM_002_XJTU,40Hz10kN/Bearing3_4/1063.csv,0,0,0,2,25600,XJTU/40Hz10kN/Bearing3_4,-1,test
8814,2,RM_002_XJTU,40Hz10kN/Bearing3_4/1064.csv,0,0,0,2,25600,XJTU/40Hz10kN/Bearing3_4,-1,test
8815,2,RM_002_XJTU,40Hz10kN/Bearing3_4/1065.csv,0,0,0,2,25600,XJTU/40Hz10kN/Bearing3_4,-1,test
8816,2,RM_002_XJTU,40Hz10kN/Bearing3_4/1066.csv,0,0,0,2,25600,XJTU/40Hz10kN/Bearing3_4,-1,test
8817,2,RM_002_XJTU,40Hz10kN/Bearing3_4/1067.csv,0,0,0,2,25600,XJTU/40Hz10kN/Bearing3_4,-1,test
8818,2,RM_002_XJTU,40Hz10kN/Bearing3_4/1068.csv,0,0,0,2,25600,XJTU/40Hz10kN/Bearing3_4,-1,test
8819,2,RM_002_XJTU,40Hz10kN/Bearing3_4/1069.csv,0,0,0,2,25600,XJTU/40Hz10kN/Bearing3_4,-1,test
8820,2,RM_002_XJTU,40Hz10kN/Bearing3_4/1070.csv,0,0,0,2,25600,XJTU/40Hz10kN/Bearing3_4,-1,test
8821,2,RM_002_XJTU,40Hz10kN/Bearing3_4/1071.csv,0,0,0,2,25600,XJTU/40Hz10kN/Bearing3_4,-1,test
8822,2,RM_002_XJTU,40Hz10kN/Bearing3_4/1072.csv,0,0,0,2,25600,XJTU/40Hz10kN/Bearing3_4,-1,test
8823,2,RM_002_XJTU,40Hz10kN/Bearing3_4/1073.csv,0,0,0,2,25600,XJTU/40Hz10kN/Bearing3_4,-1,test
8824,2,RM_002_XJTU,40Hz10kN/Bearing3_4/1074.csv,0,0,0,2,25600,XJTU/40Hz10kN/Bearing3_4,-1,test
8825,2,RM_002_XJTU,40Hz10kN/Bearing3_4/1075.csv,0,0,0,2,25600,XJTU/40Hz10kN/Bearing3_4,-1,test
8826,2,RM_002_XJTU,40Hz10kN/Bearing3_4/1076.csv,0,0,0,2,25600,XJTU/40Hz10kN/Bearing3_4,-1,test
8827,2,RM_002_XJTU,40Hz10kN/Bearing3_4/1077.csv,0,0,0,2,25600,XJTU/40Hz10kN/Bearing3_4,-1,test
8828,2,RM_002_XJTU,40Hz10kN/Bearing3_4/1078.csv,0,0,0,2,25600,XJTU/40Hz10kN/Bearing3_4,-1,test
8829,2,RM_002_XJTU,40Hz10kN/Bearing3_4/1079.csv,0,0,0,2,25600,XJTU/40Hz10kN/Bearing3_4,-1,test
8830,2,RM_002_XJTU,40Hz10kN/Bearing3_4/1080.csv,0,0,0,2,25600,XJTU/40Hz10kN/Bearing3_4,-1,test
8831,2,RM_002_XJTU,40Hz10kN/Bearing3_4/1081.csv,0,0,0,2,25600,XJTU/40Hz10kN/Bearing3_4,-1,test
8832,2,RM_002_XJTU,40Hz10kN/Bearing3_4/1082.csv,0,0,0,2,25600,XJTU/40Hz10kN/Bearing3_4,-1,test
8833,2,RM_002_XJTU,40Hz10kN/Bearing3_4/1083.csv,0,0,0,2,25600,XJTU/40Hz10kN/Bearing3_4,-1,test
8834,2,RM_002_XJTU,40Hz10kN/Bearing3_4/1084.csv,0,0,0,2,25600,XJTU/40Hz10kN/Bearing3_4,-1,test
8835,2,RM_002_XJTU,40Hz10kN/Bearing3_4/1085.csv,0,0,0,2,25600,XJTU/40Hz10kN/Bearing3_4,-1,test
8836,2,RM_002_XJTU,40Hz10kN/Bearing3_4/1086.csv,0,0,0,2,25600,XJTU/40Hz10kN/Bearing3_4,-1,test
8837,2,RM_002_XJTU,40Hz10kN/Bearing3_4/1087.csv,0,0,0,2,25600,XJTU/40Hz10kN/Bearing3_4,-1,test
8838,2,RM_002_XJTU,40Hz10kN/Bearing3_4/1088.csv,0,0,0,2,25600,XJTU/40Hz10kN/Bearing3_4,-1,test
8839,2,RM_002_XJTU,40Hz10kN/Bearing3_4/1089.csv,0,0,0,2,25600,XJTU/40Hz10kN/Bearing3_4,-1,test
8840,2,RM_002_XJTU,40Hz10kN/Bearing3_4/1090.csv,0,0,0,2,25600,XJTU/40Hz10kN/Bearing3_4,-1,test
8841,2,RM_002_XJTU,40Hz10kN/Bearing3_4/1091.csv,0,0,0,2,25600,XJTU/40Hz10kN/Bearing3_4,-1,test
8842,2,RM_002_XJTU,40Hz10kN/Bearing3_4/1092.csv,0,0,0,2,25600,XJTU/40Hz10kN/Bearing3_4,-1,test
8843,2,RM_002_XJTU,40Hz10kN/Bearing3_4/1093.csv,0,0,0,2,25600,XJTU/40Hz10kN/Bearing3_4,-1,test
8844,2,RM_002_XJTU,40Hz10kN/Bearing3_4/1094.csv,0,0,0,2,25600,XJTU/40Hz10kN/Bearing3_4,-1,test
8845,2,RM_002_XJTU,40Hz10kN/Bearing3_4/1095.csv,0,0,0,2,25600,XJTU/40Hz10kN/Bearing3_4,-1,test
8846,2,RM_002_XJTU,40Hz10kN/Bearing3_4/1096.csv,0,0,0,2,25600,XJTU/40Hz10kN/Bearing3_4,-1,test
8847,2,RM_002_XJTU,40Hz10kN/Bearing3_4/1097.csv,0,0,0,2,25600,XJTU/40Hz10kN/Bearing3_4,-1,test
8848,2,RM_002_XJTU,40Hz10kN/Bearing3_4/1098.csv,0,0,0,2,25600,XJTU/40Hz10kN/Bearing3_4,-1,test
8849,2,RM_002_XJTU,40Hz10kN/Bearing3_4/1099.csv,0,0,0,2,25600,XJTU/40Hz10kN/Bearing3_4,-1,test
8850,2,RM_002_XJTU,40Hz10kN/Bearing3_4/1100.csv,0,0,0,2,25600,XJTU/40Hz10kN/Bearing3_4,-1,test
8851,2,RM_002_XJTU,40Hz10kN/Bearing3_4/1101.csv,0,0,0,2,25600,XJTU/40Hz10kN/Bearing3_4,-1,test
8852,2,RM_002_XJTU,40Hz10kN/Bearing3_4/1102.csv,0,0,0,2,25600,XJTU/40Hz10kN/Bearing3_4,-1,test
8853,2,RM_002_XJTU,40Hz10kN/Bearing3_4/1103.csv,0,0,0,2,25600,XJTU/40Hz10kN/Bearing3_4,-1,test
8854,2,RM_002_XJTU,40Hz10kN/Bearing3_4/1104.csv,0,0,0,2,25600,XJTU/40Hz10kN/Bearing3_4,-1,test
8855,2,RM_002_XJTU,40Hz10kN/Bearing3_4/1105.csv,0,0,0,2,25600,XJTU/40Hz10kN/Bearing3_4,-1,test
8856,2,RM_002_XJTU,40Hz10kN/Bearing3_4/1106.csv,0,0,0,2,25600,XJTU/40Hz10kN/Bearing3_4,-1,test
8857,2,RM_002_XJTU,40Hz10kN/Bearing3_4/1107.csv,0,0,0,2,25600,XJTU/40Hz10kN/Bearing3_4,-1,test
8858,2,RM_002_XJTU,40Hz10kN/Bearing3_4/1108.csv,0,0,0,2,25600,XJTU/40Hz10kN/Bearing3_4,-1,test
8859,2,RM_002_XJTU,40Hz10kN/Bearing3_4/1109.csv,0,0,0,2,25600,XJTU/40Hz10kN/Bearing3_4,-1,test
8860,2,RM_002_XJTU,40Hz10kN/Bearing3_4/1110.csv,0,0,0,2,25600,XJTU/40Hz10kN/Bearing3_4,-1,test
8861,2,RM_002_XJTU,40Hz10kN/Bearing3_4/1111.csv,0,0,0,2,25600,XJTU/40Hz10kN/Bearing3_4,-1,test
8862,2,RM_002_XJTU,40Hz10kN/Bearing3_4/1112.csv,0,0,0,2,25600,XJTU/40Hz10kN/Bearing3_4,-1,test
8863,2,RM_002_XJTU,40Hz10kN/Bearing3_4/1113.csv,0,0,0,2,25600,XJTU/40Hz10kN/Bearing3_4,-1,test
8864,2,RM_002_XJTU,40Hz10kN/Bearing3_4/1114.csv,0,0,0,2,25600,XJTU/40Hz10kN/Bearing3_4,-1,test
8865,2,RM_002_XJTU,40Hz10kN/Bearing3_4/1115.csv,0,0,0,2,25600,XJTU/40Hz10kN/Bearing3_4,-1,test
8866,2,RM_002_XJTU,40Hz10kN/Bearing3_4/1116.csv,0,0,0,2,25600,XJTU/40Hz10kN/Bearing3_4,-1,test
8867,2,RM_002_XJTU,40Hz10kN/Bearing3_4/1117.csv,0,0,0,2,25600,XJTU/40Hz10kN/Bearing3_4,-1,test
8868,2,RM_002_XJTU,40Hz10kN/Bearing3_4/1118.csv,0,0,0,2,25600,XJTU/40Hz10kN/Bearing3_4,-1,test
8869,2,RM_002_XJTU,40Hz10kN/Bearing3_4/1119.csv,0,0,0,2,25600,XJTU/40Hz10kN/Bearing3_4,-1,test
8870,2,RM_002_XJTU,40Hz10kN/Bearing3_4/1120.csv,0,0,0,2,25600,XJTU/40Hz10kN/Bearing3_4,-1,test
8871,2,RM_002_XJTU,40Hz10kN/Bearing3_4/1121.csv,0,0,0,2,25600,XJTU/40Hz10kN/Bearing3_4,-1,test
8872,2,RM_002_XJTU,40Hz10kN/Bearing3_4/1122.csv,0,0,0,2,25600,XJTU/40Hz10kN/Bearing3_4,-1,test
8873,2,RM_002_XJTU,40Hz10kN/Bearing3_4/1123.csv,0,0,0,2,25600,XJTU/40Hz10kN/Bearing3_4,-1,test
8874,2,RM_002_XJTU,40Hz10kN/Bearing3_4/1124.csv,0,0,0,2,25600,XJTU/40Hz10kN/Bearing3_4,-1,test
8875,2,RM_002_XJTU,40Hz10kN/Bearing3_4/1125.csv,0,0,0,2,25600,XJTU/40Hz10kN/Bearing3_4,-1,test
8876,2,RM_002_XJTU,40Hz10kN/Bearing3_4/1126.csv,0,0,0,2,25600,XJTU/40Hz10kN/Bearing3_4,-1,test
8877,2,RM_002_XJTU,40Hz10kN/Bearing3_4/1127.csv,0,0,0,2,25600,XJTU/40Hz10kN/Bearing3_4,-1,test
8878,2,RM_002_XJTU,40Hz10kN/Bearing3_4/1128.csv,0,0,0,2,25600,XJTU/40Hz10kN/Bearing3_4,-1,test
8879,2,RM_002_XJTU,40Hz10kN/Bearing3_4/1129.csv,0,0,0,2,25600,XJTU/40Hz10kN/Bearing3_4,-1,test
8880,2,RM_002_XJTU,40Hz10kN/Bearing3_4/1130.csv,0,0,0,2,25600,XJTU/40Hz10kN/Bearing3_4,-1,test
8881,2,RM_002_XJTU,40Hz10kN/Bearing3_4/1131.csv,0,0,0,2,25600,XJTU/40Hz10kN/Bearing3_4,-1,test
8882,2,RM_002_XJTU,40Hz10kN/Bearing3_4/1132.csv,0,0,0,2,25600,XJTU/40Hz10kN/Bearing3_4,-1,test
8883,2,RM_002_XJTU,40Hz10kN/Bearing3_4/1133.csv,0,0,0,2,25600,XJTU/40Hz10kN/Bearing3_4,-1,test
8884,2,RM_002_XJTU,40Hz10kN/Bearing3_4/1134.csv,0,0,0,2,25600,XJTU/40Hz10kN/Bearing3_4,-1,test
8885,2,RM_002_XJTU,40Hz10kN/Bearing3_4/1135.csv,0,0,0,2,25600,XJTU/40Hz10kN/Bearing3_4,-1,test
8886,2,RM_002_XJTU,40Hz10kN/Bearing3_4/1136.csv,0,0,0,2,25600,XJTU/40Hz10kN/Bearing3_4,-1,test
8887,2,RM_002_XJTU,40Hz10kN/Bearing3_4/1137.csv,0,0,0,2,25600,XJTU/40Hz10kN/Bearing3_4,-1,test
8888,2,RM_002_XJTU,40Hz10kN/Bearing3_4/1138.csv,0,0,0,2,25600,XJTU/40Hz10kN/Bearing3_4,-1,test
8889,2,RM_002_XJTU,40Hz10kN/Bearing3_4/1139.csv,0,0,0,2,25600,XJTU/40Hz10kN/Bearing3_4,-1,test
8890,2,RM_002_XJTU,40Hz10kN/Bearing3_4/1140.csv,0,0,0,2,25600,XJTU/40Hz10kN/Bearing3_4,-1,test
8891,2,RM_002_XJTU,40Hz10kN/Bearing3_4/1141.csv,0,0,0,2,25600,XJTU/40Hz10kN/Bearing3_4,-1,test
8892,2,RM_002_XJTU,40Hz10kN/Bearing3_4/1142.csv,0,0,0,2,25600,XJTU/40Hz10kN/Bearing3_4,-1,test
8893,2,RM_002_XJTU,40Hz10kN/Bearing3_4/1143.csv,0,0,0,2,25600,XJTU/40Hz10kN/Bearing3_4,-1,test
8894,2,RM_002_XJTU,40Hz10kN/Bearing3_4/1144.csv,0,0,0,2,25600,XJTU/40Hz10kN/Bearing3_4,-1,test
8895,2,RM_002_XJTU,40Hz10kN/Bearing3_4/1145.csv,0,0,0,2,25600,XJTU/40Hz10kN/Bearing3_4,-1,test
8896,2,RM_002_XJTU,40Hz10kN/Bearing3_4/1146.csv,0,0,0,2,25600,XJTU/40Hz10kN/Bearing3_4,-1,test
8897,2,RM_002_XJTU,40Hz10kN/Bearing3_4/1147.csv,0,0,0,2,25600,XJTU/40Hz10kN/Bearing3_4,-1,test
8898,2,RM_002_XJTU,40Hz10kN/Bearing3_4/1148.csv,0,0,0,2,25600,XJTU/40Hz10kN/Bearing3_4,-1,test
8899,2,RM_002_XJTU,40Hz10kN/Bearing3_4/1149.csv,0,0,0,2,25600,XJTU/40Hz10kN/Bearing3_4,-1,test
8900,2,RM_002_XJTU,40Hz10kN/Bearing3_4/1150.csv,0,0,0,2,25600,XJTU/40Hz10kN/Bearing3_4,-1,test
8901,2,RM_002_XJTU,40Hz10kN/Bearing3_4/1151.csv,0,0,0,2,25600,XJTU/40Hz10kN/Bearing3_4,-1,test
8902,2,RM_002_XJTU,40Hz10kN/Bearing3_4/1152.csv,0,0,0,2,25600,XJTU/40Hz10kN/Bearing3_4,-1,test
8903,2,RM_002_XJTU,40Hz10kN/Bearing3_4/1153.csv,0,0,0,2,25600,XJTU/40Hz10kN/Bearing3_4,-1,test
8904,2,RM_002_XJTU,40Hz10kN/Bearing3_4/1154.csv,0,0,0,2,25600,XJTU/40Hz10kN/Bearing3_4,-1,test
8905,2,RM_002_XJTU,40Hz10kN/Bearing3_4/1155.csv,0,0,0,2,25600,XJTU/40Hz10kN/Bearing3_4,-1,test
8906,2,RM_002_XJTU,40Hz10kN/Bearing3_4/1156.csv,0,0,0,2,25600,XJTU/40Hz10kN/Bearing3_4,-1,test
8907,2,RM_002_XJTU,40Hz10kN/Bearing3_4/1157.csv,0,0,0,2,25600,XJTU/40Hz10kN/Bearing3_4,-1,test
8908,2,RM_002_XJTU,40Hz10kN/Bearing3_4/1158.csv,0,0,0,2,25600,XJTU/40Hz10kN/Bearing3_4,-1,test
8909,2,RM_002_XJTU,40Hz10kN/Bearing3_4/1159.csv,0,0,0,2,25600,XJTU/40Hz10kN/Bearing3_4,-1,test
8910,2,RM_002_XJTU,40Hz10kN/Bearing3_4/1160.csv,0,0,0,2,25600,XJTU/40Hz10kN/Bearing3_4,-1,test
8911,2,RM_002_XJTU,40Hz10kN/Bearing3_4/1161.csv,0,0,0,2,25600,XJTU/40Hz10kN/Bearing3_4,-1,test
8912,2,RM_002_XJTU,40Hz10kN/Bearing3_4/1162.csv,0,0,0,2,25600,XJTU/40Hz10kN/Bearing3_4,-1,test
8913,2,RM_002_XJTU,40Hz10kN/Bearing3_4/1163.csv,0,0,0,2,25600,XJTU/40Hz10kN/Bearing3_4,-1,test
8914,2,RM_002_XJTU,40Hz10kN/Bearing3_4/1164.csv,0,0,0,2,25600,XJTU/40Hz10kN/Bearing3_4,-1,test
8915,2,RM_002_XJTU,40Hz10kN/Bearing3_4/1165.csv,0,0,0,2,25600,XJTU/40Hz10kN/Bearing3_4,-1,test
8916,2,RM_002_XJTU,40Hz10kN/Bearing3_4/1166.csv,0,0,0,2,25600,XJTU/40Hz10kN/Bearing3_4,-1,test
8917,2,RM_002_XJTU,40Hz10kN/Bearing3_4/1167.csv,0,0,0,2,25600,XJTU/40Hz10kN/Bearing3_4,-1,test
8918,2,RM_002_XJTU,40Hz10kN/Bearing3_4/1168.csv,0,0,0,2,25600,XJTU/40Hz10kN/Bearing3_4,-1,test
8919,2,RM_002_XJTU,40Hz10kN/Bearing3_4/1169.csv,0,0,0,2,25600,XJTU/40Hz10kN/Bearing3_4,-1,test
8920,2,RM_002_XJTU,40Hz10kN/Bearing3_4/1170.csv,0,0,0,2,25600,XJTU/40Hz10kN/Bearing3_4,-1,test
8921,2,RM_002_XJTU,40Hz10kN/Bearing3_4/1171.csv,0,0,0,2,25600,XJTU/40Hz10kN/Bearing3_4,-1,test
8922,2,RM_002_XJTU,40Hz10kN/Bearing3_4/1172.csv,0,0,0,2,25600,XJTU/40Hz10kN/Bearing3_4,-1,test
8923,2,RM_002_XJTU,40Hz10kN/Bearing3_4/1173.csv,0,0,0,2,25600,XJTU/40Hz10kN/Bearing3_4,-1,test
8924,2,RM_002_XJTU,40Hz10kN/Bearing3_4/1174.csv,0,0,0,2,25600,XJTU/40Hz10kN/Bearing3_4,-1,test
8925,2,RM_002_XJTU,40Hz10kN/Bearing3_4/1175.csv,0,0,0,2,25600,XJTU/40Hz10kN/Bearing3_4,-1,test
8926,2,RM_002_XJTU,40Hz10kN/Bearing3_4/1176.csv,0,0,0,2,25600,XJTU/40Hz10kN/Bearing3_4,-1,test
8927,2,RM_002_XJTU,40Hz10kN/Bearing3_4/1177.csv,0,0,0,2,25600,XJTU/40Hz10kN/Bearing3_4,-1,test
8928,2,RM_002_XJTU,40Hz10kN/Bearing3_4/1178.csv,0,0,0,2,25600,XJTU/40Hz10kN/Bearing3_4,-1,test
8929,2,RM_002_XJTU,40Hz10kN/Bearing3_4/1179.csv,0,0,0,2,25600,XJTU/40Hz10kN/Bearing3_4,-1,test
8930,2,RM_002_XJTU,40Hz10kN/Bearing3_4/1180.csv,0,0,0,2,25600,XJTU/40Hz10kN/Bearing3_4,-1,test
8931,2,RM_002_XJTU,40Hz10kN/Bearing3_4/1181.csv,0,0,0,2,25600,XJTU/40Hz10kN/Bearing3_4,-1,test
8932,2,RM_002_XJTU,40Hz10kN/Bearing3_4/1182.csv,0,0,0,2,25600,XJTU/40Hz10kN/Bearing3_4,-1,test
8933,2,RM_002_XJTU,40Hz10kN/Bearing3_4/1183.csv,0,0,0,2,25600,XJTU/40Hz10kN/Bearing3_4,-1,test
8934,2,RM_002_XJTU,40Hz10kN/Bearing3_4/1184.csv,0,0,0,2,25600,XJTU/40Hz10kN/Bearing3_4,-1,test
8935,2,RM_002_XJTU,40Hz10kN/Bearing3_4/1185.csv,0,0,0,2,25600,XJTU/40Hz10kN/Bearing3_4,-1,test
8936,2,RM_002_XJTU,40Hz10kN/Bearing3_4/1186.csv,0,0,0,2,25600,XJTU/40Hz10kN/Bearing3_4,-1,test
8937,2,RM_002_XJTU,40Hz10kN/Bearing3_4/1187.csv,0,0,0,2,25600,XJTU/40Hz10kN/Bearing3_4,-1,test
8938,2,RM_002_XJTU,40Hz10kN/Bearing3_4/1188.csv,0,0,0,2,25600,XJTU/40Hz10kN/Bearing3_4,-1,test
8939,2,RM_002_XJTU,40Hz10kN/Bearing3_4/1189.csv,0,0,0,2,25600,XJTU/40Hz10kN/Bearing3_4,-1,test
8940,2,RM_002_XJTU,40Hz10kN/Bearing3_4/1190.csv,0,0,0,2,25600,XJTU/40Hz10kN/Bearing3_4,-1,test
8941,2,RM_002_XJTU,40Hz10kN/Bearing3_4/1191.csv,0,0,0,2,25600,XJTU/40Hz10kN/Bearing3_4,-1,test
8942,2,RM_002_XJTU,40Hz10kN/Bearing3_4/1192.csv,0,0,0,2,25600,XJTU/40Hz10kN/Bearing3_4,-1,test
8943,2,RM_002_XJTU,40Hz10kN/Bearing3_4/1193.csv,0,0,0,2,25600,XJTU/40Hz10kN/Bearing3_4,-1,test
8944,2,RM_002_XJTU,40Hz10kN/Bearing3_4/1194.csv,0,0,0,2,25600,XJTU/40Hz10kN/Bearing3_4,-1,test
8945,2,RM_002_XJTU,40Hz10kN/Bearing3_4/1195.csv,0,0,0,2,25600,XJTU/40Hz10kN/Bearing3_4,-1,test
8946,2,RM_002_XJTU,40Hz10kN/Bearing3_4/1196.csv,0,0,0,2,25600,XJTU/40Hz10kN/Bearing3_4,-1,test
8947,2,RM_002_XJTU,40Hz10kN/Bearing3_4/1197.csv,0,0,0,2,25600,XJTU/40Hz10kN/Bearing3_4,-1,test
8948,2,RM_002_XJTU,40Hz10kN/Bearing3_4/1198.csv,0,0,0,2,25600,XJTU/40Hz10kN/Bearing3_4,-1,test
8949,2,RM_002_XJTU,40Hz10kN/Bearing3_4/1199.csv,0,0,0,2,25600,XJTU/40Hz10kN/Bearing3_4,-1,test
8950,2,RM_002_XJTU,40Hz10kN/Bearing3_4/1200.csv,0,0,0,2,25600,XJTU/40Hz10kN/Bearing3_4,-1,test
8951,2,RM_002_XJTU,40Hz10kN/Bearing3_4/1201.csv,0,0,0,2,25600,XJTU/40Hz10kN/Bearing3_4,-1,test
8952,2,RM_002_XJTU,40Hz10kN/Bearing3_4/1202.csv,0,0,0,2,25600,XJTU/40Hz10kN/Bearing3_4,-1,test
8953,2,RM_002_XJTU,40Hz10kN/Bearing3_4/1203.csv,0,0,0,2,25600,XJTU/40Hz10kN/Bearing3_4,-1,test
8954,2,RM_002_XJTU,40Hz10kN/Bearing3_4/1204.csv,0,0,0,2,25600,XJTU/40Hz10kN/Bearing3_4,-1,test
8955,2,RM_002_XJTU,40Hz10kN/Bearing3_4/1205.csv,0,0,0,2,25600,XJTU/40Hz10kN/Bearing3_4,-1,test
8956,2,RM_002_XJTU,40Hz10kN/Bearing3_4/1206.csv,0,0,0,2,25600,XJTU/40Hz10kN/Bearing3_4,-1,test
8957,2,RM_002_XJTU,40Hz10kN/Bearing3_4/1207.csv,0,0,0,2,25600,XJTU/40Hz10kN/Bearing3_4,-1,test
8958,2,RM_002_XJTU,40Hz10kN/Bearing3_4/1208.csv,0,0,0,2,25600,XJTU/40Hz10kN/Bearing3_4,-1,test
8959,2,RM_002_XJTU,40Hz10kN/Bearing3_4/1209.csv,0,0,0,2,25600,XJTU/40Hz10kN/Bearing3_4,-1,test
8960,2,RM_002_XJTU,40Hz10kN/Bearing3_4/1210.csv,0,0,0,2,25600,XJTU/40Hz10kN/Bearing3_4,-1,test
8961,2,RM_002_XJTU,40Hz10kN/Bearing3_4/1211.csv,0,0,0,2,25600,XJTU/40Hz10kN/Bearing3_4,-1,test
8962,2,RM_002_XJTU,40Hz10kN/Bearing3_4/1212.csv,0,0,0,2,25600,XJTU/40Hz10kN/Bearing3_4,-1,test
8963,2,RM_002_XJTU,40Hz10kN/Bearing3_4/1213.csv,0,0,0,2,25600,XJTU/40Hz10kN/Bearing3_4,-1,test
8964,2,RM_002_XJTU,40Hz10kN/Bearing3_4/1214.csv,0,0,0,2,25600,XJTU/40Hz10kN/Bearing3_4,-1,test
8965,2,RM_002_XJTU,40Hz10kN/Bearing3_4/1215.csv,0,0,0,2,25600,XJTU/40Hz10kN/Bearing3_4,-1,test
8966,2,RM_002_XJTU,40Hz10kN/Bearing3_4/1216.csv,0,0,0,2,25600,XJTU/40Hz10kN/Bearing3_4,-1,test
8967,2,RM_002_XJTU,40Hz10kN/Bearing3_4/1217.csv,0,0,0,2,25600,XJTU/40Hz10kN/Bearing3_4,-1,test
8968,2,RM_002_XJTU,40Hz10kN/Bearing3_4/1218.csv,0,0,0,2,25600,XJTU/40Hz10kN/Bearing3_4,-1,test
8969,2,RM_002_XJTU,40Hz10kN/Bearing3_4/1219.csv,0,0,0,2,25600,XJTU/40Hz10kN/Bearing3_4,-1,test
8970,2,RM_002_XJTU,40Hz10kN/Bearing3_4/1220.csv,0,0,0,2,25600,XJTU/40Hz10kN/Bearing3_4,-1,test
8971,2,RM_002_XJTU,40Hz10kN/Bearing3_4/1221.csv,0,0,0,2,25600,XJTU/40Hz10kN/Bearing3_4,-1,test
8972,2,RM_002_XJTU,40Hz10kN/Bearing3_4/1222.csv,0,0,0,2,25600,XJTU/40Hz10kN/Bearing3_4,-1,test
8973,2,RM_002_XJTU,40Hz10kN/Bearing3_4/1223.csv,0,0,0,2,25600,XJTU/40Hz10kN/Bearing3_4,-1,test
8974,2,RM_002_XJTU,40Hz10kN/Bearing3_4/1224.csv,0,0,0,2,25600,XJTU/40Hz10kN/Bearing3_4,-1,test
8975,2,RM_002_XJTU,40Hz10kN/Bearing3_4/1225.csv,0,0,0,2,25600,XJTU/40Hz10kN/Bearing3_4,-1,test
8976,2,RM_002_XJTU,40Hz10kN/Bearing3_4/1226.csv,0,0,0,2,25600,XJTU/40Hz10kN/Bearing3_4,-1,test
8977,2,RM_002_XJTU,40Hz10kN/Bearing3_4/1227.csv,0,0,0,2,25600,XJTU/40Hz10kN/Bearing3_4,-1,test
8978,2,RM_002_XJTU,40Hz10kN/Bearing3_4/1228.csv,0,0,0,2,25600,XJTU/40Hz10kN/Bearing3_4,-1,test
8979,2,RM_002_XJTU,40Hz10kN/Bearing3_4/1229.csv,0,0,0,2,25600,XJTU/40Hz10kN/Bearing3_4,-1,test
8980,2,RM_002_XJTU,40Hz10kN/Bearing3_4/1230.csv,0,0,0,2,25600,XJTU/40Hz10kN/Bearing3_4,-1,test
8981,2,RM_002_XJTU,40Hz10kN/Bearing3_4/1231.csv,0,0,0,2,25600,XJTU/40Hz10kN/Bearing3_4,-1,test
8982,2,RM_002_XJTU,40Hz10kN/Bearing3_4/1232.csv,0,0,0,2,25600,XJTU/40Hz10kN/Bearing3_4,-1,test
8983,2,RM_002_XJTU,40Hz10kN/Bearing3_4/1233.csv,0,0,0,2,25600,XJTU/40Hz10kN/Bearing3_4,-1,test
8984,2,RM_002_XJTU,40Hz10kN/Bearing3_4/1234.csv,0,0,0,2,25600,XJTU/40Hz10kN/Bearing3_4,-1,test
8985,2,RM_002_XJTU,40Hz10kN/Bearing3_4/1235.csv,0,0,0,2,25600,XJTU/40Hz10kN/Bearing3_4,-1,test
8986,2,RM_002_XJTU,40Hz10kN/Bearing3_4/1236.csv,0,0,0,2,25600,XJTU/40Hz10kN/Bearing3_4,-1,test
8987,2,RM_002_XJTU,40Hz10kN/Bearing3_4/1237.csv,0,0,0,2,25600,XJTU/40Hz10kN/Bearing3_4,-1,test
8988,2,RM_002_XJTU,40Hz10kN/Bearing3_4/1238.csv,0,0,0,2,25600,XJTU/40Hz10kN/Bearing3_4,-1,test
8989,2,RM_002_XJTU,40Hz10kN/Bearing3_4/1239.csv,0,0,0,2,25600,XJTU/40Hz10kN/Bearing3_4,-1,test
8990,2,RM_002_XJTU,40Hz10kN/Bearing3_4/1240.csv,0,0,0,2,25600,XJTU/40Hz10kN/Bearing3_4,-1,test
8991,2,RM_002_XJTU,40Hz10kN/Bearing3_4/1241.csv,0,0,0,2,25600,XJTU/40Hz10kN/Bearing3_4,-1,test
8992,2,RM_002_XJTU,40Hz10kN/Bearing3_4/1242.csv,0,0,0,2,25600,XJTU/40Hz10kN/Bearing3_4,-1,test
8993,2,RM_002_XJTU,40Hz10kN/Bearing3_4/1243.csv,0,0,0,2,25600,XJTU/40Hz10kN/Bearing3_4,-1,test
8994,2,RM_002_XJTU,40Hz10kN/Bearing3_4/1244.csv,0,0,0,2,25600,XJTU/40Hz10kN/Bearing3_4,-1,test
8995,2,RM_002_XJTU,40Hz10kN/Bearing3_4/1245.csv,0,0,0,2,25600,XJTU/40Hz10kN/Bearing3_4,-1,test
8996,2,RM_002_XJTU,40Hz10kN/Bearing3_4/1246.csv,0,0,0,2,25600,XJTU/40Hz10kN/Bearing3_4,-1,test
8997,2,RM_002_XJTU,40Hz10kN/Bearing3_4/1247.csv,0,0,0,2,25600,XJTU/40Hz10kN/Bearing3_4,-1,test
8998,2,RM_002_XJTU,40Hz10kN/Bearing3_4/1248.csv,0,0,0,2,25600,XJTU/40Hz10kN/Bearing3_4,-1,test
8999,2,RM_002_XJTU,40Hz10kN/Bearing3_4/1249.csv,0,0,0,2,25600,XJTU/40Hz10kN/Bearing3_4,-1,test
9000,2,RM_002_XJTU,40Hz10kN/Bearing3_4/1250.csv,0,0,0,2,25600,XJTU/40Hz10kN/Bearing3_4,-1,test
9001,2,RM_002_XJTU,40Hz10kN/Bearing3_4/1251.csv,0,0,0,2,25600,XJTU/40Hz10kN/Bearing3_4,-1,test
9002,2,RM_002_XJTU,40Hz10kN/Bearing3_4/1252.csv,0,0,0,2,25600,XJTU/40Hz10kN/Bearing3_4,-1,test
9003,2,RM_002_XJTU,40Hz10kN/Bearing3_4/1253.csv,0,0,0,2,25600,XJTU/40Hz10kN/Bearing3_4,-1,test
9004,2,RM_002_XJTU,40Hz10kN/Bearing3_4/1254.csv,0,0,0,2,25600,XJTU/40Hz10kN/Bearing3_4,-1,test
9005,2,RM_002_XJTU,40Hz10kN/Bearing3_4/1255.csv,0,0,0,2,25600,XJTU/40Hz10kN/Bearing3_4,-1,test
9006,2,RM_002_XJTU,40Hz10kN/Bearing3_4/1256.csv,0,0,0,2,25600,XJTU/40Hz10kN/Bearing3_4,-1,test
9007,2,RM_002_XJTU,40Hz10kN/Bearing3_4/1257.csv,0,0,0,2,25600,XJTU/40Hz10kN/Bearing3_4,-1,test
9008,2,RM_002_XJTU,40Hz10kN/Bearing3_4/1258.csv,0,0,0,2,25600,XJTU/40Hz10kN/Bearing3_4,-1,test
9009,2,RM_002_XJTU,40Hz10kN/Bearing3_4/1259.csv,0,0,0,2,25600,XJTU/40Hz10kN/Bearing3_4,-1,test
9010,2,RM_002_XJTU,40Hz10kN/Bearing3_4/1260.csv,0,0,0,2,25600,XJTU/40Hz10kN/Bearing3_4,-1,test
9011,2,RM_002_XJTU,40Hz10kN/Bearing3_4/1261.csv,0,0,0,2,25600,XJTU/40Hz10kN/Bearing3_4,-1,test
9012,2,RM_002_XJTU,40Hz10kN/Bearing3_4/1262.csv,0,0,0,2,25600,XJTU/40Hz10kN/Bearing3_4,-1,test
9013,2,RM_002_XJTU,40Hz10kN/Bearing3_4/1263.csv,0,0,0,2,25600,XJTU/40Hz10kN/Bearing3_4,-1,test
9014,2,RM_002_XJTU,40Hz10kN/Bearing3_4/1264.csv,0,0,0,2,25600,XJTU/40Hz10kN/Bearing3_4,-1,test
9015,2,RM_002_XJTU,40Hz10kN/Bearing3_4/1265.csv,0,0,0,2,25600,XJTU/40Hz10kN/Bearing3_4,-1,test
9016,2,RM_002_XJTU,40Hz10kN/Bearing3_4/1266.csv,0,0,0,2,25600,XJTU/40Hz10kN/Bearing3_4,-1,test
9017,2,RM_002_XJTU,40Hz10kN/Bearing3_4/1267.csv,0,0,0,2,25600,XJTU/40Hz10kN/Bearing3_4,-1,test
9018,2,RM_002_XJTU,40Hz10kN/Bearing3_4/1268.csv,0,0,0,2,25600,XJTU/40Hz10kN/Bearing3_4,-1,test
9019,2,RM_002_XJTU,40Hz10kN/Bearing3_4/1269.csv,0,0,0,2,25600,XJTU/40Hz10kN/Bearing3_4,-1,test
9020,2,RM_002_XJTU,40Hz10kN/Bearing3_4/1270.csv,0,0,0,2,25600,XJTU/40Hz10kN/Bearing3_4,-1,test
9021,2,RM_002_XJTU,40Hz10kN/Bearing3_4/1271.csv,0,0,0,2,25600,XJTU/40Hz10kN/Bearing3_4,-1,test
9022,2,RM_002_XJTU,40Hz10kN/Bearing3_4/1272.csv,0,0,0,2,25600,XJTU/40Hz10kN/Bearing3_4,-1,test
9023,2,RM_002_XJTU,40Hz10kN/Bearing3_4/1273.csv,0,0,0,2,25600,XJTU/40Hz10kN/Bearing3_4,-1,test
9024,2,RM_002_XJTU,40Hz10kN/Bearing3_4/1274.csv,0,0,0,2,25600,XJTU/40Hz10kN/Bearing3_4,-1,test
9025,2,RM_002_XJTU,40Hz10kN/Bearing3_4/1275.csv,0,0,0,2,25600,XJTU/40Hz10kN/Bearing3_4,-1,test
9026,2,RM_002_XJTU,40Hz10kN/Bearing3_4/1276.csv,0,0,0,2,25600,XJTU/40Hz10kN/Bearing3_4,-1,test
9027,2,RM_002_XJTU,40Hz10kN/Bearing3_4/1277.csv,0,0,0,2,25600,XJTU/40Hz10kN/Bearing3_4,-1,test
9028,2,RM_002_XJTU,40Hz10kN/Bearing3_4/1278.csv,0,0,0,2,25600,XJTU/40Hz10kN/Bearing3_4,-1,test
9029,2,RM_002_XJTU,40Hz10kN/Bearing3_4/1279.csv,0,0,0,2,25600,XJTU/40Hz10kN/Bearing3_4,-1,test
9030,2,RM_002_XJTU,40Hz10kN/Bearing3_4/1280.csv,0,0,0,2,25600,XJTU/40Hz10kN/Bearing3_4,-1,test
9031,2,RM_002_XJTU,40Hz10kN/Bearing3_4/1281.csv,0,0,0,2,25600,XJTU/40Hz10kN/Bearing3_4,-1,test
9032,2,RM_002_XJTU,40Hz10kN/Bearing3_4/1282.csv,0,0,0,2,25600,XJTU/40Hz10kN/Bearing3_4,-1,test
9033,2,RM_002_XJTU,40Hz10kN/Bearing3_4/1283.csv,0,0,0,2,25600,XJTU/40Hz10kN/Bearing3_4,-1,test
9034,2,RM_002_XJTU,40Hz10kN/Bearing3_4/1284.csv,0,0,0,2,25600,XJTU/40Hz10kN/Bearing3_4,-1,test
9035,2,RM_002_XJTU,40Hz10kN/Bearing3_4/1285.csv,0,0,0,2,25600,XJTU/40Hz10kN/Bearing3_4,-1,test
9036,2,RM_002_XJTU,40Hz10kN/Bearing3_4/1286.csv,0,0,0,2,25600,XJTU/40Hz10kN/Bearing3_4,-1,test
9037,2,RM_002_XJTU,40Hz10kN/Bearing3_4/1287.csv,0,0,0,2,25600,XJTU/40Hz10kN/Bearing3_4,-1,test
9038,2,RM_002_XJTU,40Hz10kN/Bearing3_4/1288.csv,0,0,0,2,25600,XJTU/40Hz10kN/Bearing3_4,-1,test
9039,2,RM_002_XJTU,40Hz10kN/Bearing3_4/1289.csv,0,0,0,2,25600,XJTU/40Hz10kN/Bearing3_4,-1,test
9040,2,RM_002_XJTU,40Hz10kN/Bearing3_4/1290.csv,0,0,0,2,25600,XJTU/40Hz10kN/Bearing3_4,-1,test
9041,2,RM_002_XJTU,40Hz10kN/Bearing3_4/1291.csv,0,0,0,2,25600,XJTU/40Hz10kN/Bearing3_4,-1,test
9042,2,RM_002_XJTU,40Hz10kN/Bearing3_4/1292.csv,0,0,0,2,25600,XJTU/40Hz10kN/Bearing3_4,-1,test
9043,2,RM_002_XJTU,40Hz10kN/Bearing3_4/1293.csv,0,0,0,2,25600,XJTU/40Hz10kN/Bearing3_4,-1,test
9044,2,RM_002_XJTU,40Hz10kN/Bearing3_4/1294.csv,0,0,0,2,25600,XJTU/40Hz10kN/Bearing3_4,-1,test
9045,2,RM_002_XJTU,40Hz10kN/Bearing3_4/1295.csv,0,0,0,2,25600,XJTU/40Hz10kN/Bearing3_4,-1,test
9046,2,RM_002_XJTU,40Hz10kN/Bearing3_4/1296.csv,0,0,0,2,25600,XJTU/40Hz10kN/Bearing3_4,-1,test
9047,2,RM_002_XJTU,40Hz10kN/Bearing3_4/1297.csv,0,0,0,2,25600,XJTU/40Hz10kN/Bearing3_4,-1,test
9048,2,RM_002_XJTU,40Hz10kN/Bearing3_4/1298.csv,0,0,0,2,25600,XJTU/40Hz10kN/Bearing3_4,-1,test
9049,2,RM_002_XJTU,40Hz10kN/Bearing3_4/1299.csv,0,0,0,2,25600,XJTU/40Hz10kN/Bearing3_4,-1,test
9050,2,RM_002_XJTU,40Hz10kN/Bearing3_4/1300.csv,0,0,0,2,25600,XJTU/40Hz10kN/Bearing3_4,-1,test
9051,2,RM_002_XJTU,40Hz10kN/Bearing3_4/1301.csv,0,0,0,2,25600,XJTU/40Hz10kN/Bearing3_4,-1,test
9052,2,RM_002_XJTU,40Hz10kN/Bearing3_4/1302.csv,0,0,0,2,25600,XJTU/40Hz10kN/Bearing3_4,-1,test
9053,2,RM_002_XJTU,40Hz10kN/Bearing3_4/1303.csv,0,0,0,2,25600,XJTU/40Hz10kN/Bearing3_4,-1,test
9054,2,RM_002_XJTU,40Hz10kN/Bearing3_4/1304.csv,0,0,0,2,25600,XJTU/40Hz10kN/Bearing3_4,-1,test
9055,2,RM_002_XJTU,40Hz10kN/Bearing3_4/1305.csv,0,0,0,2,25600,XJTU/40Hz10kN/Bearing3_4,-1,test
9056,2,RM_002_XJTU,40Hz10kN/Bearing3_4/1306.csv,0,0,0,2,25600,XJTU/40Hz10kN/Bearing3_4,-1,test
9057,2,RM_002_XJTU,40Hz10kN/Bearing3_4/1307.csv,0,0,0,2,25600,XJTU/40Hz10kN/Bearing3_4,-1,test
9058,2,RM_002_XJTU,40Hz10kN/Bearing3_4/1308.csv,0,0,0,2,25600,XJTU/40Hz10kN/Bearing3_4,-1,test
9059,2,RM_002_XJTU,40Hz10kN/Bearing3_4/1309.csv,0,0,0,2,25600,XJTU/40Hz10kN/Bearing3_4,-1,test
9060,2,RM_002_XJTU,40Hz10kN/Bearing3_4/1310.csv,0,0,0,2,25600,XJTU/40Hz10kN/Bearing3_4,-1,test
9061,2,RM_002_XJTU,40Hz10kN/Bearing3_4/1311.csv,0,0,0,2,25600,XJTU/40Hz10kN/Bearing3_4,-1,test
9062,2,RM_002_XJTU,40Hz10kN/Bearing3_4/1312.csv,0,0,0,2,25600,XJTU/40Hz10kN/Bearing3_4,-1,test
9063,2,RM_002_XJTU,40Hz10kN/Bearing3_4/1313.csv,0,0,0,2,25600,XJTU/40Hz10kN/Bearing3_4,-1,test
9064,2,RM_002_XJTU,40Hz10kN/Bearing3_4/1314.csv,0,0,0,2,25600,XJTU/40Hz10kN/Bearing3_4,-1,test
9065,2,RM_002_XJTU,40Hz10kN/Bearing3_4/1315.csv,0,0,0,2,25600,XJTU/40Hz10kN/Bearing3_4,-1,test
9066,2,RM_002_XJTU,40Hz10kN/Bearing3_4/1316.csv,0,0,0,2,25600,XJTU/40Hz10kN/Bearing3_4,-1,test
9067,2,RM_002_XJTU,40Hz10kN/Bearing3_4/1317.csv,0,0,0,2,25600,XJTU/40Hz10kN/Bearing3_4,-1,test
9068,2,RM_002_XJTU,40Hz10kN/Bearing3_4/1318.csv,0,0,0,2,25600,XJTU/40Hz10kN/Bearing3_4,-1,test
9069,2,RM_002_XJTU,40Hz10kN/Bearing3_4/1319.csv,0,0,0,2,25600,XJTU/40Hz10kN/Bearing3_4,-1,test
9070,2,RM_002_XJTU,40Hz10kN/Bearing3_4/1320.csv,0,0,0,2,25600,XJTU/40Hz10kN/Bearing3_4,-1,test
9071,2,RM_002_XJTU,40Hz10kN/Bearing3_4/1321.csv,0,0,0,2,25600,XJTU/40Hz10kN/Bearing3_4,-1,test
9072,2,RM_002_XJTU,40Hz10kN/Bearing3_4/1322.csv,0,0,0,2,25600,XJTU/40Hz10kN/Bearing3_4,-1,test
9073,2,RM_002_XJTU,40Hz10kN/Bearing3_4/1323.csv,0,0,0,2,25600,XJTU/40Hz10kN/Bearing3_4,-1,test
9074,2,RM_002_XJTU,40Hz10kN/Bearing3_4/1324.csv,0,0,0,2,25600,XJTU/40Hz10kN/Bearing3_4,-1,test
9075,2,RM_002_XJTU,40Hz10kN/Bearing3_4/1325.csv,0,0,0,2,25600,XJTU/40Hz10kN/Bearing3_4,-1,test
9076,2,RM_002_XJTU,40Hz10kN/Bearing3_4/1326.csv,0,0,0,2,25600,XJTU/40Hz10kN/Bearing3_4,-1,test
9077,2,RM_002_XJTU,40Hz10kN/Bearing3_4/1327.csv,0,0,0,2,25600,XJTU/40Hz10kN/Bearing3_4,-1,test
9078,2,RM_002_XJTU,40Hz10kN/Bearing3_4/1328.csv,0,0,0,2,25600,XJTU/40Hz10kN/Bearing3_4,-1,test
9079,2,RM_002_XJTU,40Hz10kN/Bearing3_4/1329.csv,0,0,0,2,25600,XJTU/40Hz10kN/Bearing3_4,-1,test
9080,2,RM_002_XJTU,40Hz10kN/Bearing3_4/1330.csv,0,0,0,2,25600,XJTU/40Hz10kN/Bearing3_4,-1,test
9081,2,RM_002_XJTU,40Hz10kN/Bearing3_4/1331.csv,0,0,0,2,25600,XJTU/40Hz10kN/Bearing3_4,-1,test
9082,2,RM_002_XJTU,40Hz10kN/Bearing3_4/1332.csv,0,0,0,2,25600,XJTU/40Hz10kN/Bearing3_4,-1,test
9083,2,RM_002_XJTU,40Hz10kN/Bearing3_4/1333.csv,0,0,0,2,25600,XJTU/40Hz10kN/Bearing3_4,-1,test
9084,2,RM_002_XJTU,40Hz10kN/Bearing3_4/1334.csv,0,0,0,2,25600,XJTU/40Hz10kN/Bearing3_4,-1,test
9085,2,RM_002_XJTU,40Hz10kN/Bearing3_4/1335.csv,0,0,0,2,25600,XJTU/40Hz10kN/Bearing3_4,-1,test
9086,2,RM_002_XJTU,40Hz10kN/Bearing3_4/1336.csv,0,0,0,2,25600,XJTU/40Hz10kN/Bearing3_4,-1,test
9087,2,RM_002_XJTU,40Hz10kN/Bearing3_4/1337.csv,0,0,0,2,25600,XJTU/40Hz10kN/Bearing3_4,-1,test
9088,2,RM_002_XJTU,40Hz10kN/Bearing3_4/1338.csv,0,0,0,2,25600,XJTU/40Hz10kN/Bearing3_4,-1,test
9089,2,RM_002_XJTU,40Hz10kN/Bearing3_4/1339.csv,0,0,0,2,25600,XJTU/40Hz10kN/Bearing3_4,-1,test
9090,2,RM_002_XJTU,40Hz10kN/Bearing3_4/1340.csv,0,0,0,2,25600,XJTU/40Hz10kN/Bearing3_4,-1,test
9091,2,RM_002_XJTU,40Hz10kN/Bearing3_4/1341.csv,0,0,0,2,25600,XJTU/40Hz10kN/Bearing3_4,-1,test
9092,2,RM_002_XJTU,40Hz10kN/Bearing3_4/1342.csv,0,0,0,2,25600,XJTU/40Hz10kN/Bearing3_4,-1,test
9093,2,RM_002_XJTU,40Hz10kN/Bearing3_4/1343.csv,0,0,0,2,25600,XJTU/40Hz10kN/Bearing3_4,-1,test
9094,2,RM_002_XJTU,40Hz10kN/Bearing3_4/1344.csv,0,0,0,2,25600,XJTU/40Hz10kN/Bearing3_4,-1,test
9095,2,RM_002_XJTU,40Hz10kN/Bearing3_4/1345.csv,0,0,0,2,25600,XJTU/40Hz10kN/Bearing3_4,-1,test
9096,2,RM_002_XJTU,40Hz10kN/Bearing3_4/1346.csv,0,0,0,2,25600,XJTU/40Hz10kN/Bearing3_4,-1,test
9097,2,RM_002_XJTU,40Hz10kN/Bearing3_4/1347.csv,0,0,0,2,25600,XJTU/40Hz10kN/Bearing3_4,-1,test
9098,2,RM_002_XJTU,40Hz10kN/Bearing3_4/1348.csv,0,0,0,2,25600,XJTU/40Hz10kN/Bearing3_4,-1,test
9099,2,RM_002_XJTU,40Hz10kN/Bearing3_4/1349.csv,0,0,0,2,25600,XJTU/40Hz10kN/Bearing3_4,-1,test
9100,2,RM_002_XJTU,40Hz10kN/Bearing3_4/1350.csv,0,0,0,2,25600,XJTU/40Hz10kN/Bearing3_4,-1,test
9101,2,RM_002_XJTU,40Hz10kN/Bearing3_4/1351.csv,0,0,0,2,25600,XJTU/40Hz10kN/Bearing3_4,-1,test
9102,2,RM_002_XJTU,40Hz10kN/Bearing3_4/1352.csv,0,0,0,2,25600,XJTU/40Hz10kN/Bearing3_4,-1,test
9103,2,RM_002_XJTU,40Hz10kN/Bearing3_4/1353.csv,0,0,0,2,25600,XJTU/40Hz10kN/Bearing3_4,-1,test
9104,2,RM_002_XJTU,40Hz10kN/Bearing3_4/1354.csv,0,0,0,2,25600,XJTU/40Hz10kN/Bearing3_4,-1,test
9105,2,RM_002_XJTU,40Hz10kN/Bearing3_4/1355.csv,0,0,0,2,25600,XJTU/40Hz10kN/Bearing3_4,-1,test
9106,2,RM_002_XJTU,40Hz10kN/Bearing3_4/1356.csv,0,0,0,2,25600,XJTU/40Hz10kN/Bearing3_4,-1,test
9107,2,RM_002_XJTU,40Hz10kN/Bearing3_4/1357.csv,0,0,0,2,25600,XJTU/40Hz10kN/Bearing3_4,-1,test
9108,2,RM_002_XJTU,40Hz10kN/Bearing3_4/1358.csv,0,0,0,2,25600,XJTU/40Hz10kN/Bearing3_4,-1,test
9109,2,RM_002_XJTU,40Hz10kN/Bearing3_4/1359.csv,0,0,0,2,25600,XJTU/40Hz10kN/Bearing3_4,-1,test
9110,2,RM_002_XJTU,40Hz10kN/Bearing3_4/1360.csv,0,0,0,2,25600,XJTU/40Hz10kN/Bearing3_4,-1,test
9111,2,RM_002_XJTU,40Hz10kN/Bearing3_4/1361.csv,0,0,0,2,25600,XJTU/40Hz10kN/Bearing3_4,-1,test
9112,2,RM_002_XJTU,40Hz10kN/Bearing3_4/1362.csv,0,0,0,2,25600,XJTU/40Hz10kN/Bearing3_4,-1,test
9113,2,RM_002_XJTU,40Hz10kN/Bearing3_4/1363.csv,0,0,0,2,25600,XJTU/40Hz10kN/Bearing3_4,-1,test
9114,2,RM_002_XJTU,40Hz10kN/Bearing3_4/1364.csv,0,0,0,2,25600,XJTU/40Hz10kN/Bearing3_4,-1,test
9115,2,RM_002_XJTU,40Hz10kN/Bearing3_4/1365.csv,0,0,0,2,25600,XJTU/40Hz10kN/Bearing3_4,-1,test
9116,2,RM_002_XJTU,40Hz10kN/Bearing3_4/1366.csv,0,0,0,2,25600,XJTU/40Hz10kN/Bearing3_4,-1,test
9117,2,RM_002_XJTU,40Hz10kN/Bearing3_4/1367.csv,0,0,0,2,25600,XJTU/40Hz10kN/Bearing3_4,-1,test
9118,2,RM_002_XJTU,40Hz10kN/Bearing3_4/1368.csv,0,0,0,2,25600,XJTU/40Hz10kN/Bearing3_4,-1,test
9119,2,RM_002_XJTU,40Hz10kN/Bearing3_4/1369.csv,0,0,0,2,25600,XJTU/40Hz10kN/Bearing3_4,-1,test
9120,2,RM_002_XJTU,40Hz10kN/Bearing3_4/1370.csv,0,0,0,2,25600,XJTU/40Hz10kN/Bearing3_4,-1,test
9121,2,RM_002_XJTU,40Hz10kN/Bearing3_4/1371.csv,0,0,0,2,25600,XJTU/40Hz10kN/Bearing3_4,-1,test
9122,2,RM_002_XJTU,40Hz10kN/Bearing3_4/1372.csv,0,0,0,2,25600,XJTU/40Hz10kN/Bearing3_4,-1,test
9123,2,RM_002_XJTU,40Hz10kN/Bearing3_4/1373.csv,0,0,0,2,25600,XJTU/40Hz10kN/Bearing3_4,-1,test
9124,2,RM_002_XJTU,40Hz10kN/Bearing3_4/1374.csv,0,0,0,2,25600,XJTU/40Hz10kN/Bearing3_4,-1,test
9125,2,RM_002_XJTU,40Hz10kN/Bearing3_4/1375.csv,0,0,0,2,25600,XJTU/40Hz10kN/Bearing3_4,-1,test
9126,2,RM_002_XJTU,40Hz10kN/Bearing3_4/1376.csv,0,0,0,2,25600,XJTU/40Hz10kN/Bearing3_4,-1,test
9127,2,RM_002_XJTU,40Hz10kN/Bearing3_4/1377.csv,0,0,0,2,25600,XJTU/40Hz10kN/Bearing3_4,-1,test
9128,2,RM_002_XJTU,40Hz10kN/Bearing3_4/1378.csv,0,0,0,2,25600,XJTU/40Hz10kN/Bearing3_4,-1,test
9129,2,RM_002_XJTU,40Hz10kN/Bearing3_4/1379.csv,0,0,0,2,25600,XJTU/40Hz10kN/Bearing3_4,-1,test
9130,2,RM_002_XJTU,40Hz10kN/Bearing3_4/1380.csv,0,0,0,2,25600,XJTU/40Hz10kN/Bearing3_4,-1,test
9131,2,RM_002_XJTU,40Hz10kN/Bearing3_4/1381.csv,0,0,0,2,25600,XJTU/40Hz10kN/Bearing3_4,-1,test
9132,2,RM_002_XJTU,40Hz10kN/Bearing3_4/1382.csv,0,0,0,2,25600,XJTU/40Hz10kN/Bearing3_4,-1,test
9133,2,RM_002_XJTU,40Hz10kN/Bearing3_4/1383.csv,0,0,0,2,25600,XJTU/40Hz10kN/Bearing3_4,-1,test
9134,2,RM_002_XJTU,40Hz10kN/Bearing3_4/1384.csv,0,0,0,2,25600,XJTU/40Hz10kN/Bearing3_4,-1,test
9135,2,RM_002_XJTU,40Hz10kN/Bearing3_4/1385.csv,0,0,0,2,25600,XJTU/40Hz10kN/Bearing3_4,-1,test
9136,2,RM_002_XJTU,40Hz10kN/Bearing3_4/1386.csv,0,0,0,2,25600,XJTU/40Hz10kN/Bearing3_4,-1,test
9137,2,RM_002_XJTU,40Hz10kN/Bearing3_4/1387.csv,0,0,0,2,25600,XJTU/40Hz10kN/Bearing3_4,-1,test
9138,2,RM_002_XJTU,40Hz10kN/Bearing3_4/1388.csv,0,0,0,2,25600,XJTU/40Hz10kN/Bearing3_4,-1,test
9139,2,RM_002_XJTU,40Hz10kN/Bearing3_4/1389.csv,0,0,0,2,25600,XJTU/40Hz10kN/Bearing3_4,-1,test
9140,2,RM_002_XJTU,40Hz10kN/Bearing3_4/1390.csv,0,0,0,2,25600,XJTU/40Hz10kN/Bearing3_4,-1,test
9141,2,RM_002_XJTU,40Hz10kN/Bearing3_4/1391.csv,0,0,0,2,25600,XJTU/40Hz10kN/Bearing3_4,-1,test
9142,2,RM_002_XJTU,40Hz10kN/Bearing3_4/1392.csv,0,0,0,2,25600,XJTU/40Hz10kN/Bearing3_4,-1,test
9143,2,RM_002_XJTU,40Hz10kN/Bearing3_4/1393.csv,0,0,0,2,25600,XJTU/40Hz10kN/Bearing3_4,-1,test
9144,2,RM_002_XJTU,40Hz10kN/Bearing3_4/1394.csv,0,0,0,2,25600,XJTU/40Hz10kN/Bearing3_4,-1,test
9145,2,RM_002_XJTU,40Hz10kN/Bearing3_4/1395.csv,0,0,0,2,25600,XJTU/40Hz10kN/Bearing3_4,-1,test
9146,2,RM_002_XJTU,40Hz10kN/Bearing3_4/1396.csv,0,0,0,2,25600,XJTU/40Hz10kN/Bearing3_4,-1,test
9147,2,RM_002_XJTU,40Hz10kN/Bearing3_4/1397.csv,0,0,0,2,25600,XJTU/40Hz10kN/Bearing3_4,-1,test
9148,2,RM_002_XJTU,40Hz10kN/Bearing3_4/1398.csv,0,0,0,2,25600,XJTU/40Hz10kN/Bearing3_4,-1,test
9149,2,RM_002_XJTU,40Hz10kN/Bearing3_4/1399.csv,0,0,0,2,25600,XJTU/40Hz10kN/Bearing3_4,-1,test
9150,2,RM_002_XJTU,40Hz10kN/Bearing3_4/1400.csv,0,0,0,2,25600,XJTU/40Hz10kN/Bearing3_4,-1,test
9151,2,RM_002_XJTU,40Hz10kN/Bearing3_4/1401.csv,0,0,0,2,25600,XJTU/40Hz10kN/Bearing3_4,-1,test
9152,2,RM_002_XJTU,40Hz10kN/Bearing3_4/1402.csv,0,0,0,2,25600,XJTU/40Hz10kN/Bearing3_4,-1,test
9153,2,RM_002_XJTU,40Hz10kN/Bearing3_4/1403.csv,0,0,0,2,25600,XJTU/40Hz10kN/Bearing3_4,-1,test
9154,2,RM_002_XJTU,40Hz10kN/Bearing3_4/1404.csv,0,0,0,2,25600,XJTU/40Hz10kN/Bearing3_4,-1,test
9155,2,RM_002_XJTU,40Hz10kN/Bearing3_4/1405.csv,0,0,0,2,25600,XJTU/40Hz10kN/Bearing3_4,-1,test
9156,2,RM_002_XJTU,40Hz10kN/Bearing3_4/1406.csv,0,0,0,2,25600,XJTU/40Hz10kN/Bearing3_4,-1,test
9157,2,RM_002_XJTU,40Hz10kN/Bearing3_4/1407.csv,0,0,0,2,25600,XJTU/40Hz10kN/Bearing3_4,-1,test
9158,2,RM_002_XJTU,40Hz10kN/Bearing3_4/1408.csv,0,0,0,2,25600,XJTU/40Hz10kN/Bearing3_4,-1,test
9159,2,RM_002_XJTU,40Hz10kN/Bearing3_4/1409.csv,0,0,0,2,25600,XJTU/40Hz10kN/Bearing3_4,-1,test
9160,2,RM_002_XJTU,40Hz10kN/Bearing3_4/1410.csv,0,0,0,2,25600,XJTU/40Hz10kN/Bearing3_4,-1,test
9161,2,RM_002_XJTU,40Hz10kN/Bearing3_4/1411.csv,0,0,0,2,25600,XJTU/40Hz10kN/Bearing3_4,-1,test
9162,2,RM_002_XJTU,40Hz10kN/Bearing3_4/1412.csv,0,0,0,2,25600,XJTU/40Hz10kN/Bearing3_4,-1,test
9163,2,RM_002_XJTU,40Hz10kN/Bearing3_4/1413.csv,0,0,0,2,25600,XJTU/40Hz10kN/Bearing3_4,-1,test
9164,2,RM_002_XJTU,40Hz10kN/Bearing3_4/1414.csv,0,0,0,2,25600,XJTU/40Hz10kN/Bearing3_4,-1,test
9165,2,RM_002_XJTU,40Hz10kN/Bearing3_4/1415.csv,0,0,0,2,25600,XJTU/40Hz10kN/Bearing3_4,-1,test
9166,2,RM_002_XJTU,40Hz10kN/Bearing3_4/1416.csv,0,0,0,2,25600,XJTU/40Hz10kN/Bearing3_4,-1,test
9167,2,RM_002_XJTU,40Hz10kN/Bearing3_4/1417.csv,0,0,0,2,25600,XJTU/40Hz10kN/Bearing3_4,-1,test
9168,2,RM_002_XJTU,40Hz10kN/Bearing3_4/1418.csv,0,0,0,2,25600,XJTU/40Hz10kN/Bearing3_4,-1,test
9169,2,RM_002_XJTU,40Hz10kN/Bearing3_4/1419.csv,0,0,0,2,25600,XJTU/40Hz10kN/Bearing3_4,-1,test
9170,2,RM_002_XJTU,40Hz10kN/Bearing3_4/1420.csv,0,0,0,2,25600,XJTU/40Hz10kN/Bearing3_4,-1,test
9171,2,RM_002_XJTU,40Hz10kN/Bearing3_4/1421.csv,0,0,0,2,25600,XJTU/40Hz10kN/Bearing3_4,-1,test
9172,2,RM_002_XJTU,40Hz10kN/Bearing3_4/1422.csv,0,0,0,2,25600,XJTU/40Hz10kN/Bearing3_4,-1,test
9173,2,RM_002_XJTU,40Hz10kN/Bearing3_4/1423.csv,0,0,0,2,25600,XJTU/40Hz10kN/Bearing3_4,-1,test
9174,2,RM_002_XJTU,40Hz10kN/Bearing3_4/1424.csv,0,0,0,2,25600,XJTU/40Hz10kN/Bearing3_4,-1,test
9175,2,RM_002_XJTU,40Hz10kN/Bearing3_4/1425.csv,0,0,0,2,25600,XJTU/40Hz10kN/Bearing3_4,-1,test
9176,2,RM_002_XJTU,40Hz10kN/Bearing3_4/1426.csv,0,0,0,2,25600,XJTU/40Hz10kN/Bearing3_4,-1,test
9177,2,RM_002_XJTU,40Hz10kN/Bearing3_4/1427.csv,0,0,0,2,25600,XJTU/40Hz10kN/Bearing3_4,-1,test
9178,2,RM_002_XJTU,40Hz10kN/Bearing3_4/1428.csv,0,0,0,2,25600,XJTU/40Hz10kN/Bearing3_4,-1,test
9179,2,RM_002_XJTU,40Hz10kN/Bearing3_4/1429.csv,0,0,0,2,25600,XJTU/40Hz10kN/Bearing3_4,-1,test
9180,2,RM_002_XJTU,40Hz10kN/Bearing3_4/1430.csv,0,0,0,2,25600,XJTU/40Hz10kN/Bearing3_4,-1,test
9181,2,RM_002_XJTU,40Hz10kN/Bearing3_4/1431.csv,0,0,0,2,25600,XJTU/40Hz10kN/Bearing3_4,-1,test
9182,2,RM_002_XJTU,40Hz10kN/Bearing3_4/1432.csv,0,0,0,2,25600,XJTU/40Hz10kN/Bearing3_4,-1,test
9183,2,RM_002_XJTU,40Hz10kN/Bearing3_4/1433.csv,0,0,0,2,25600,XJTU/40Hz10kN/Bearing3_4,-1,test
9184,2,RM_002_XJTU,40Hz10kN/Bearing3_4/1434.csv,0,0,0,2,25600,XJTU/40Hz10kN/Bearing3_4,-1,test
9185,2,RM_002_XJTU,40Hz10kN/Bearing3_4/1435.csv,0,0,0,2,25600,XJTU/40Hz10kN/Bearing3_4,-1,test
9186,2,RM_002_XJTU,40Hz10kN/Bearing3_4/1436.csv,0,0,0,2,25600,XJTU/40Hz10kN/Bearing3_4,-1,test
9187,2,RM_002_XJTU,40Hz10kN/Bearing3_4/1437.csv,0,0,0,2,25600,XJTU/40Hz10kN/Bearing3_4,-1,test
9188,2,RM_002_XJTU,40Hz10kN/Bearing3_4/1438.csv,0,0,0,2,25600,XJTU/40Hz10kN/Bearing3_4,-1,test
9189,2,RM_002_XJTU,40Hz10kN/Bearing3_4/1439.csv,0,0,0,2,25600,XJTU/40Hz10kN/Bearing3_4,-1,test
9190,2,RM_002_XJTU,40Hz10kN/Bearing3_4/1440.csv,0,0,0,2,25600,XJTU/40Hz10kN/Bearing3_4,-1,test
9206,2,RM_002_XJTU,40Hz10kN/Bearing3_4/1456.csv,14,1,1,2,25600,XJTU/40Hz10kN/Bearing3_4,-1,test
9207,2,RM_002_XJTU,40Hz10kN/Bearing3_4/1457.csv,14,1,1,2,25600,XJTU/40Hz10kN/Bearing3_4,-1,test
9208,2,RM_002_XJTU,40Hz10kN/Bearing3_4/1458.csv,14,1,1,2,25600,XJTU/40Hz10kN/Bearing3_4,-1,test
9209,2,RM_002_XJTU,40Hz10kN/Bearing3_4/1459.csv,14,1,1,2,25600,XJTU/40Hz10kN/Bearing3_4,-1,test
9210,2,RM_002_XJTU,40Hz10kN/Bearing3_4/1460.csv,14,1,1,2,25600,XJTU/40Hz10kN/Bearing3_4,-1,test
9211,2,RM_002_XJTU,40Hz10kN/Bearing3_4/1461.csv,14,1,1,2,25600,XJTU/40Hz10kN/Bearing3_4,-1,test
9212,2,RM_002_XJTU,40Hz10kN/Bearing3_4/1462.csv,14,1,1,2,25600,XJTU/40Hz10kN/Bearing3_4,-1,test
9213,2,RM_002_XJTU,40Hz10kN/Bearing3_4/1463.csv,14,1,1,2,25600,XJTU/40Hz10kN/Bearing3_4,-1,test
9214,2,RM_002_XJTU,40Hz10kN/Bearing3_4/1464.csv,14,1,1,2,25600,XJTU/40Hz10kN/Bearing3_4,-1,test
9215,2,RM_002_XJTU,40Hz10kN/Bearing3_4/1465.csv,14,1,1,2,25600,XJTU/40Hz10kN/Bearing3_4,-1,test
9216,2,RM_002_XJTU,40Hz10kN/Bearing3_4/1466.csv,14,1,1,2,25600,XJTU/40Hz10kN/Bearing3_4,-1,test
9217,2,RM_002_XJTU,40Hz10kN/Bearing3_4/1467.csv,14,1,1,2,25600,XJTU/40Hz10kN/Bearing3_4,-1,test
9218,2,RM_002_XJTU,40Hz10kN/Bearing3_4/1468.csv,14,1,1,2,25600,XJTU/40Hz10kN/Bearing3_4,-1,test
9219,2,RM_002_XJTU,40Hz10kN/Bearing3_4/1469.csv,14,1,1,2,25600,XJTU/40Hz10kN/Bearing3_4,-1,test
9220,2,RM_002_XJTU,40Hz10kN/Bearing3_4/1470.csv,14,1,1,2,25600,XJTU/40Hz10kN/Bearing3_4,-1,test
9221,2,RM_002_XJTU,40Hz10kN/Bearing3_4/1471.csv,14,1,1,2,25600,XJTU/40Hz10kN/Bearing3_4,-1,test
9222,2,RM_002_XJTU,40Hz10kN/Bearing3_4/1472.csv,14,1,1,2,25600,XJTU/40Hz10kN/Bearing3_4,-1,test
9223,2,RM_002_XJTU,40Hz10kN/Bearing3_4/1473.csv,14,1,1,2,25600,XJTU/40Hz10kN/Bearing3_4,-1,test
9224,2,RM_002_XJTU,40Hz10kN/Bearing3_4/1474.csv,14,1,1,2,25600,XJTU/40Hz10kN/Bearing3_4,-1,test
9225,2,RM_002_XJTU,40Hz10kN/Bearing3_4/1475.csv,14,1,1,2,25600,XJTU/40Hz10kN/Bearing3_4,-1,test
9226,2,RM_002_XJTU,40Hz10kN/Bearing3_4/1476.csv,14,1,1,2,25600,XJTU/40Hz10kN/Bearing3_4,-1,test
9227,2,RM_002_XJTU,40Hz10kN/Bearing3_4/1477.csv,14,1,1,2,25600,XJTU/40Hz10kN/Bearing3_4,-1,test
9228,2,RM_002_XJTU,40Hz10kN/Bearing3_4/1478.csv,14,1,1,2,25600,XJTU/40Hz10kN/Bearing3_4,-1,test
9229,2,RM_002_XJTU,40Hz10kN/Bearing3_4/1479.csv,14,1,1,2,25600,XJTU/40Hz10kN/Bearing3_4,-1,test
9230,2,RM_002_XJTU,40Hz10kN/Bearing3_4/1480.csv,14,1,1,2,25600,XJTU/40Hz10kN/Bearing3_4,-1,test
9231,2,RM_002_XJTU,40Hz10kN/Bearing3_4/1481.csv,14,1,1,2,25600,XJTU/40Hz10kN/Bearing3_4,-1,test
9232,2,RM_002_XJTU,40Hz10kN/Bearing3_4/1482.csv,14,1,1,2,25600,XJTU/40Hz10kN/Bearing3_4,-1,test
9233,2,RM_002_XJTU,40Hz10kN/Bearing3_4/1483.csv,14,1,1,2,25600,XJTU/40Hz10kN/Bearing3_4,-1,test
9234,2,RM_002_XJTU,40Hz10kN/Bearing3_4/1484.csv,14,1,1,2,25600,XJTU/40Hz10kN/Bearing3_4,-1,test
9235,2,RM_002_XJTU,40Hz10kN/Bearing3_4/1485.csv,14,1,1,2,25600,XJTU/40Hz10kN/Bearing3_4,-1,test
9236,2,RM_002_XJTU,40Hz10kN/Bearing3_4/1486.csv,14,1,1,2,25600,XJTU/40Hz10kN/Bearing3_4,-1,test
9237,2,RM_002_XJTU,40Hz10kN/Bearing3_4/1487.csv,14,1,1,2,25600,XJTU/40Hz10kN/Bearing3_4,-1,test
9238,2,RM_002_XJTU,40Hz10kN/Bearing3_4/1488.csv,14,1,1,2,25600,XJTU/40Hz10kN/Bearing3_4,-1,test
9239,2,RM_002_XJTU,40Hz10kN/Bearing3_4/1489.csv,14,1,1,2,25600,XJTU/40Hz10kN/Bearing3_4,-1,test
9240,2,RM_002_XJTU,40Hz10kN/Bearing3_4/1490.csv,14,1,1,2,25600,XJTU/40Hz10kN/Bearing3_4,-1,test
9241,2,RM_002_XJTU,40Hz10kN/Bearing3_4/1491.csv,14,1,1,2,25600,XJTU/40Hz10kN/Bearing3_4,-1,test
9242,2,RM_002_XJTU,40Hz10kN/Bearing3_4/1492.csv,14,1,1,2,25600,XJTU/40Hz10kN/Bearing3_4,-1,test
9243,2,RM_002_XJTU,40Hz10kN/Bearing3_4/1493.csv,14,1,1,2,25600,XJTU/40Hz10kN/Bearing3_4,-1,test
9244,2,RM_002_XJTU,40Hz10kN/Bearing3_4/1494.csv,14,1,1,2,25600,XJTU/40Hz10kN/Bearing3_4,-1,test
9245,2,RM_002_XJTU,40Hz10kN/Bearing3_4/1495.csv,14,1,1,2,25600,XJTU/40Hz10kN/Bearing3_4,-1,test
9246,2,RM_002_XJTU,40Hz10kN/Bearing3_4/1496.csv,14,1,1,2,25600,XJTU/40Hz10kN/Bearing3_4,-1,test
9247,2,RM_002_XJTU,40Hz10kN/Bearing3_4/1497.csv,14,1,1,2,25600,XJTU/40Hz10kN/Bearing3_4,-1,test
9248,2,RM_002_XJTU,40Hz10kN/Bearing3_4/1498.csv,14,1,1,2,25600,XJTU/40Hz10kN/Bearing3_4,-1,test
9249,2,RM_002_XJTU,40Hz10kN/Bearing3_4/1499.csv,14,1,1,2,25600,XJTU/40Hz10kN/Bearing3_4,-1,test
9250,2,RM_002_XJTU,40Hz10kN/Bearing3_4/1500.csv,14,1,1,2,25600,XJTU/40Hz10kN/Bearing3_4,-1,test
9251,2,RM_002_XJTU,40Hz10kN/Bearing3_4/1501.csv,14,1,1,2,25600,XJTU/40Hz10kN/Bearing3_4,-1,test
9252,2,RM_002_XJTU,40Hz10kN/Bearing3_4/1502.csv,14,1,1,2,25600,XJTU/40Hz10kN/Bearing3_4,-1,test
9253,2,RM_002_XJTU,40Hz10kN/Bearing3_4/1503.csv,14,1,1,2,25600,XJTU/40Hz10kN/Bearing3_4,-1,test
9254,2,RM_002_XJTU,40Hz10kN/Bearing3_4/1504.csv,14,1,1,2,25600,XJTU/40Hz10kN/Bearing3_4,-1,test
9255,2,RM_002_XJTU,40Hz10kN/Bearing3_4/1505.csv,14,1,1,2,25600,XJTU/40Hz10kN/Bearing3_4,-1,test
9256,2,RM_002_XJTU,40Hz10kN/Bearing3_4/1506.csv,14,1,1,2,25600,XJTU/40Hz10kN/Bearing3_4,-1,test
9257,2,RM_002_XJTU,40Hz10kN/Bearing3_4/1507.csv,14,1,1,2,25600,XJTU/40Hz10kN/Bearing3_4,-1,test
9258,2,RM_002_XJTU,40Hz10kN/Bearing3_4/1508.csv,14,1,1,2,25600,XJTU/40Hz10kN/Bearing3_4,-1,test
9259,2,RM_002_XJTU,40Hz10kN/Bearing3_4/1509.csv,14,1,1,2,25600,XJTU/40Hz10kN/Bearing3_4,-1,test
9260,2,RM_002_XJTU,40Hz10kN/Bearing3_4/1510.csv,14,1,1,2,25600,XJTU/40Hz10kN/Bearing3_4,-1,test
9261,2,RM_002_XJTU,40Hz10kN/Bearing3_4/1511.csv,14,1,1,2,25600,XJTU/40Hz10kN/Bearing3_4,-1,test
9262,2,RM_002_XJTU,40Hz10kN/Bearing3_4/1512.csv,14,1,1,2,25600,XJTU/40Hz10kN/Bearing3_4,-1,test
9263,2,RM_002_XJTU,40Hz10kN/Bearing3_4/1513.csv,14,1,1,2,25600,XJTU/40Hz10kN/Bearing3_4,-1,test
9264,2,RM_002_XJTU,40Hz10kN/Bearing3_4/1514.csv,14,1,1,2,25600,XJTU/40Hz10kN/Bearing3_4,-1,test
9265,2,RM_002_XJTU,40Hz10kN/Bearing3_4/1515.csv,14,1,1,2,25600,XJTU/40Hz10kN/Bearing3_4,-1,test
9266,2,RM_002_XJTU,40Hz10kN/Bearing3_5/1.csv,0,0,0,2,25600,XJTU/40Hz10kN/Bearing3_5,-1,test
9267,2,RM_002_XJTU,40Hz10kN/Bearing3_5/2.csv,0,0,0,2,25600,XJTU/40Hz10kN/Bearing3_5,-1,test
9268,2,RM_002_XJTU,40Hz10kN/Bearing3_5/3.csv,0,0,0,2,25600,XJTU/40Hz10kN/Bearing3_5,-1,test
9269,2,RM_002_XJTU,40Hz10kN/Bearing3_5/4.csv,0,0,0,2,25600,XJTU/40Hz10kN/Bearing3_5,-1,test
9270,2,RM_002_XJTU,40Hz10kN/Bearing3_5/5.csv,0,0,0,2,25600,XJTU/40Hz10kN/Bearing3_5,-1,test
9271,2,RM_002_XJTU,40Hz10kN/Bearing3_5/6.csv,0,0,0,2,25600,XJTU/40Hz10kN/Bearing3_5,-1,test
9272,2,RM_002_XJTU,40Hz10kN/Bearing3_5/7.csv,0,0,0,2,25600,XJTU/40Hz10kN/Bearing3_5,-1,test
9273,2,RM_002_XJTU,40Hz10kN/Bearing3_5/8.csv,0,0,0,2,25600,XJTU/40Hz10kN/Bearing3_5,-1,test
9274,2,RM_002_XJTU,40Hz10kN/Bearing3_5/9.csv,0,0,0,2,25600,XJTU/40Hz10kN/Bearing3_5,-1,test
9275,2,RM_002_XJTU,40Hz10kN/Bearing3_5/10.csv,0,0,0,2,25600,XJTU/40Hz10kN/Bearing3_5,-1,test
9276,2,RM_002_XJTU,40Hz10kN/Bearing3_5/11.csv,0,0,0,2,25600,XJTU/40Hz10kN/Bearing3_5,-1,test
9277,2,RM_002_XJTU,40Hz10kN/Bearing3_5/12.csv,0,0,0,2,25600,XJTU/40Hz10kN/Bearing3_5,-1,test
9335,2,RM_002_XJTU,40Hz10kN/Bearing3_5/70.csv,15,1,1,2,25600,XJTU/40Hz10kN/Bearing3_5,-1,test
9336,2,RM_002_XJTU,40Hz10kN/Bearing3_5/71.csv,15,1,1,2,25600,XJTU/40Hz10kN/Bearing3_5,-1,test
9337,2,RM_002_XJTU,40Hz10kN/Bearing3_5/72.csv,15,1,1,2,25600,XJTU/40Hz10kN/Bearing3_5,-1,test
9338,2,RM_002_XJTU,40Hz10kN/Bearing3_5/73.csv,15,1,1,2,25600,XJTU/40Hz10kN/Bearing3_5,-1,test
9339,2,RM_002_XJTU,40Hz10kN/Bearing3_5/74.csv,15,1,1,2,25600,XJTU/40Hz10kN/Bearing3_5,-1,test
9340,2,RM_002_XJTU,40Hz10kN/Bearing3_5/75.csv,15,1,1,2,25600,XJTU/40Hz10kN/Bearing3_5,-1,test
9341,2,RM_002_XJTU,40Hz10kN/Bearing3_5/76.csv,15,1,1,2,25600,XJTU/40Hz10kN/Bearing3_5,-1,test
9342,2,RM_002_XJTU,40Hz10kN/Bearing3_5/77.csv,15,1,1,2,25600,XJTU/40Hz10kN/Bearing3_5,-1,test
9343,2,RM_002_XJTU,40Hz10kN/Bearing3_5/78.csv,15,1,1,2,25600,XJTU/40Hz10kN/Bearing3_5,-1,test
9344,2,RM_002_XJTU,40Hz10kN/Bearing3_5/79.csv,15,1,1,2,25600,XJTU/40Hz10kN/Bearing3_5,-1,test
9345,2,RM_002_XJTU,40Hz10kN/Bearing3_5/80.csv,15,1,1,2,25600,XJTU/40Hz10kN/Bearing3_5,-1,test
9346,2,RM_002_XJTU,40Hz10kN/Bearing3_5/81.csv,15,1,1,2,25600,XJTU/40Hz10kN/Bearing3_5,-1,test
9347,2,RM_002_XJTU,40Hz10kN/Bearing3_5/82.csv,15,1,1,2,25600,XJTU/40Hz10kN/Bearing3_5,-1,test
9348,2,RM_002_XJTU,40Hz10kN/Bearing3_5/83.csv,15,1,1,2,25600,XJTU/40Hz10kN/Bearing3_5,-1,test
9349,2,RM_002_XJTU,40Hz10kN/Bearing3_5/84.csv,15,1,1,2,25600,XJTU/40Hz10kN/Bearing3_5,-1,test
9350,2,RM_002_XJTU,40Hz10kN/Bearing3_5/85.csv,15,1,1,2,25600,XJTU/40Hz10kN/Bearing3_5,-1,test
9351,2,RM_002_XJTU,40Hz10kN/Bearing3_5/86.csv,15,1,1,2,25600,XJTU/40Hz10kN/Bearing3_5,-1,test
9352,2,RM_002_XJTU,40Hz10kN/Bearing3_5/87.csv,15,1,1,2,25600,XJTU/40Hz10kN/Bearing3_5,-1,test
9353,2,RM_002_XJTU,40Hz10kN/Bearing3_5/88.csv,15,1,1,2,25600,XJTU/40Hz10kN/Bearing3_5,-1,test
9354,2,RM_002_XJTU,40Hz10kN/Bearing3_5/89.csv,15,1,1,2,25600,XJTU/40Hz10kN/Bearing3_5,-1,test
9355,2,RM_002_XJTU,40Hz10kN/Bearing3_5/90.csv,15,1,1,2,25600,XJTU/40Hz10kN/Bearing3_5,-1,test
9356,2,RM_002_XJTU,40Hz10kN/Bearing3_5/91.csv,15,1,1,2,25600,XJTU/40Hz10kN/Bearing3_5,-1,test
9357,2,RM_002_XJTU,40Hz10kN/Bearing3_5/92.csv,15,1,1,2,25600,XJTU/40Hz10kN/Bearing3_5,-1,test
9358,2,RM_002_XJTU,40Hz10kN/Bearing3_5/93.csv,15,1,1,2,25600,XJTU/40Hz10kN/Bearing3_5,-1,test
9359,2,RM_002_XJTU,40Hz10kN/Bearing3_5/94.csv,15,1,1,2,25600,XJTU/40Hz10kN/Bearing3_5,-1,test
9360,2,RM_002_XJTU,40Hz10kN/Bearing3_5/95.csv,15,1,1,2,25600,XJTU/40Hz10kN/Bearing3_5,-1,test
9361,2,RM_002_XJTU,40Hz10kN/Bearing3_5/96.csv,15,1,1,2,25600,XJTU/40Hz10kN/Bearing3_5,-1,test
9362,2,RM_002_XJTU,40Hz10kN/Bearing3_5/97.csv,15,1,1,2,25600,XJTU/40Hz10kN/Bearing3_5,-1,test
9363,2,RM_002_XJTU,40Hz10kN/Bearing3_5/98.csv,15,1,1,2,25600,XJTU/40Hz10kN/Bearing3_5,-1,test
9364,2,RM_002_XJTU,40Hz10kN/Bearing3_5/99.csv,15,1,1,2,25600,XJTU/40Hz10kN/Bearing3_5,-1,test
9365,2,RM_002_XJTU,40Hz10kN/Bearing3_5/100.csv,15,1,1,2,25600,XJTU/40Hz10kN/Bearing3_5,-1,test
9366,2,RM_002_XJTU,40Hz10kN/Bearing3_5/101.csv,15,1,1,2,25600,XJTU/40Hz10kN/Bearing3_5,-1,test
9367,2,RM_002_XJTU,40Hz10kN/Bearing3_5/102.csv,15,1,1,2,25600,XJTU/40Hz10kN/Bearing3_5,-1,test
9368,2,RM_002_XJTU,40Hz10kN/Bearing3_5/103.csv,15,1,1,2,25600,XJTU/40Hz10kN/Bearing3_5,-1,test
9369,2,RM_002_XJTU,40Hz10kN/Bearing3_5/104.csv,15,1,1,2,25600,XJTU/40Hz10kN/Bearing3_5,-1,test
9370,2,RM_002_XJTU,40Hz10kN/Bearing3_5/105.csv,15,1,1,2,25600,XJTU/40Hz10kN/Bearing3_5,-1,test
9371,2,RM_002_XJTU,40Hz10kN/Bearing3_5/106.csv,15,1,1,2,25600,XJTU/40Hz10kN/Bearing3_5,-1,test
9372,2,RM_002_XJTU,40Hz10kN/Bearing3_5/107.csv,15,1,1,2,25600,XJTU/40Hz10kN/Bearing3_5,-1,test
9373,2,RM_002_XJTU,40Hz10kN/Bearing3_5/108.csv,15,1,1,2,25600,XJTU/40Hz10kN/Bearing3_5,-1,test
9374,2,RM_002_XJTU,40Hz10kN/Bearing3_5/109.csv,15,1,1,2,25600,XJTU/40Hz10kN/Bearing3_5,-1,test
9375,2,RM_002_XJTU,40Hz10kN/Bearing3_5/110.csv,15,1,1,2,25600,XJTU/40Hz10kN/Bearing3_5,-1,test
9376,2,RM_002_XJTU,40Hz10kN/Bearing3_5/111.csv,15,1,1,2,25600,XJTU/40Hz10kN/Bearing3_5,-1,test
9377,2,RM_002_XJTU,40Hz10kN/Bearing3_5/112.csv,15,1,1,2,25600,XJTU/40Hz10kN/Bearing3_5,-1,test
9378,2,RM_002_XJTU,40Hz10kN/Bearing3_5/113.csv,15,1,1,2,25600,XJTU/40Hz10kN/Bearing3_5,-1,test
9379,2,RM_002_XJTU,40Hz10kN/Bearing3_5/114.csv,15,1,1,2,25600,XJTU/40Hz10kN/Bearing3_5,-1,test
