arm,seed,role,family,domain,domain_i,domain_j,metric,component,unit,mean,median,n,n_missing,n_batches,measurement_status,risk_reference,consistency_target,summary_scope,artifact
MLP16,42,core,domain_risk,0,,,candidate_risk,,CE + beta Brier,1.1278831240534783,1.11094069480896,1000,0,1000,recorded,relative,correction,"equal-weight summaries of recorded source-training batch statistics; changing models, not frozen population estimates",/tmp/p01-d1-20260919-1irHPs/artifacts/d1_pu_20260919/core/MLP16/seed_42/training_domains.csv
MLP16,42,core,domain_risk,0,,,reference_risk,,CE + beta Brier,0.8953840225636959,0.8944948315620422,1000,0,1000,recorded,relative,correction,"equal-weight summaries of recorded source-training batch statistics; changing models, not frozen population estimates",/tmp/p01-d1-20260919-1irHPs/artifacts/d1_pu_20260919/core/MLP16/seed_42/training_domains.csv
MLP16,42,core,domain_risk,0,,,excess,,CE + beta Brier,0.23249910383298994,0.20874902606010437,1000,0,1000,recorded,relative,correction,"equal-weight summaries of recorded source-training batch statistics; changing models, not frozen population estimates",/tmp/p01-d1-20260919-1irHPs/artifacts/d1_pu_20260919/core/MLP16/seed_42/training_domains.csv
MLP16,42,core,domain_risk,0,,,weight,,dimensionless,0.3333333432674408,0.3333333432674408,1000,0,1000,recorded,relative,correction,"equal-weight summaries of recorded source-training batch statistics; changing models, not frozen population estimates",/tmp/p01-d1-20260919-1irHPs/artifacts/d1_pu_20260919/core/MLP16/seed_42/training_domains.csv
MLP16,42,core,domain_risk,2,,,candidate_risk,,CE + beta Brier,1.1392395957708359,1.1247627139091492,1000,0,1000,recorded,relative,correction,"equal-weight summaries of recorded source-training batch statistics; changing models, not frozen population estimates",/tmp/p01-d1-20260919-1irHPs/artifacts/d1_pu_20260919/core/MLP16/seed_42/training_domains.csv
MLP16,42,core,domain_risk,2,,,reference_risk,,CE + beta Brier,0.9028331097364426,0.8912161290645599,1000,0,1000,recorded,relative,correction,"equal-weight summaries of recorded source-training batch statistics; changing models, not frozen population estimates",/tmp/p01-d1-20260919-1irHPs/artifacts/d1_pu_20260919/core/MLP16/seed_42/training_domains.csv
MLP16,42,core,domain_risk,2,,,excess,,CE + beta Brier,0.23640649016201495,0.23302525281906128,1000,0,1000,recorded,relative,correction,"equal-weight summaries of recorded source-training batch statistics; changing models, not frozen population estimates",/tmp/p01-d1-20260919-1irHPs/artifacts/d1_pu_20260919/core/MLP16/seed_42/training_domains.csv
MLP16,42,core,domain_risk,2,,,weight,,dimensionless,0.3333333432674408,0.3333333432674408,1000,0,1000,recorded,relative,correction,"equal-weight summaries of recorded source-training batch statistics; changing models, not frozen population estimates",/tmp/p01-d1-20260919-1irHPs/artifacts/d1_pu_20260919/core/MLP16/seed_42/training_domains.csv
MLP16,42,core,domain_risk,3,,,candidate_risk,,CE + beta Brier,1.144830447435379,1.1302964687347412,1000,0,1000,recorded,relative,correction,"equal-weight summaries of recorded source-training batch statistics; changing models, not frozen population estimates",/tmp/p01-d1-20260919-1irHPs/artifacts/d1_pu_20260919/core/MLP16/seed_42/training_domains.csv
MLP16,42,core,domain_risk,3,,,reference_risk,,CE + beta Brier,0.9222612332701683,0.8979472815990448,1000,0,1000,recorded,relative,correction,"equal-weight summaries of recorded source-training batch statistics; changing models, not frozen population estimates",/tmp/p01-d1-20260919-1irHPs/artifacts/d1_pu_20260919/core/MLP16/seed_42/training_domains.csv
MLP16,42,core,domain_risk,3,,,excess,,CE + beta Brier,0.22256921521574258,0.192909374833107,1000,0,1000,recorded,relative,correction,"equal-weight summaries of recorded source-training batch statistics; changing models, not frozen population estimates",/tmp/p01-d1-20260919-1irHPs/artifacts/d1_pu_20260919/core/MLP16/seed_42/training_domains.csv
MLP16,42,core,domain_risk,3,,,weight,,dimensionless,0.3333333432674408,0.3333333432674408,1000,0,1000,recorded,relative,correction,"equal-weight summaries of recorded source-training batch statistics; changing models, not frozen population estimates",/tmp/p01-d1-20260919-1irHPs/artifacts/d1_pu_20260919/core/MLP16/seed_42/training_domains.csv
MLP16,42,core,reference_prior,,0,2,reference_risk_difference_over_rho,,dimensionless (c_i-c_j)/rho,-0.029796348690986633,-0.0015954971313476562,1000,0,1000,recorded,relative,correction,"equal-weight summaries of recorded source-training batch statistics; changing models, not frozen population estimates",/tmp/p01-d1-20260919-1irHPs/artifacts/d1_pu_20260919/core/MLP16/seed_42/training_reference_prior.csv
MLP16,42,core,reference_prior,,0,3,reference_risk_difference_over_rho,,dimensionless (c_i-c_j)/rho,-0.10750884282588959,-0.06258046627044678,1000,0,1000,recorded,relative,correction,"equal-weight summaries of recorded source-training batch statistics; changing models, not frozen population estimates",/tmp/p01-d1-20260919-1irHPs/artifacts/d1_pu_20260919/core/MLP16/seed_42/training_reference_prior.csv
MLP16,42,core,reference_prior,,2,3,reference_risk_difference_over_rho,,dimensionless (c_i-c_j)/rho,-0.07771249413490296,-0.056083083152770996,1000,0,1000,recorded,relative,correction,"equal-weight summaries of recorded source-training batch statistics; changing models, not frozen population estimates",/tmp/p01-d1-20260919-1irHPs/artifacts/d1_pu_20260919/core/MLP16/seed_42/training_reference_prior.csv
MLP16,42,core,response,0,,,A,,squared probability L2 norm,0.08394149953313172,0.07707469910383224,1000,0,1000,recorded,relative,correction,"equal-weight summaries of recorded source-training batch statistics; changing models, not frozen population estimates",/tmp/p01-d1-20260919-1irHPs/artifacts/d1_pu_20260919/core/MLP16/seed_42/training_responses.csv
MLP16,42,core,response,0,,,b,,probability inner product,-0.01324776859395206,-0.0012980066239833832,1000,0,1000,recorded,relative,correction,"equal-weight summaries of recorded source-training batch statistics; changing models, not frozen population estimates",/tmp/p01-d1-20260919-1irHPs/artifacts/d1_pu_20260919/core/MLP16/seed_42/training_responses.csv
MLP16,42,core,response,0,,,sqrt_A,,probability L2 norm,0.28310121082582984,0.277623285559065,1000,0,1000,recorded,relative,correction,"equal-weight summaries of recorded source-training batch statistics; changing models, not frozen population estimates",/tmp/p01-d1-20260919-1irHPs/artifacts/d1_pu_20260919/core/MLP16/seed_42/training_responses.csv
MLP16,42,core,response,0,,,b_over_sqrt_A,,signed probability direction; undefined when A=0,-0.028879730715653733,-0.0048579953673261195,1000,0,1000,recorded,relative,correction,"equal-weight summaries of recorded source-training batch statistics; changing models, not frozen population estimates",/tmp/p01-d1-20260919-1irHPs/artifacts/d1_pu_20260919/core/MLP16/seed_42/training_responses.csv
MLP16,42,core,response,0,,,delta_p0_squared_norm,,squared probability L2 norm,7.673261025556929e-14,5.007420259689477e-14,1000,0,1000,recorded,relative,correction,"equal-weight summaries of recorded source-training batch statistics; changing models, not frozen population estimates",/tmp/p01-d1-20260919-1irHPs/artifacts/d1_pu_20260919/core/MLP16/seed_42/training_responses.csv
MLP16,42,core,response,0,,,delta_q_squared_norm,,squared probability L2 norm,1.1853851233922796e-15,8.881784197001252e-16,1000,0,1000,recorded,relative,correction,"equal-weight summaries of recorded source-training batch statistics; changing models, not frozen population estimates",/tmp/p01-d1-20260919-1irHPs/artifacts/d1_pu_20260919/core/MLP16/seed_42/training_responses.csv
MLP16,42,core,response,0,,,delta_v_squared_norm,,squared probability L2 norm,7.319147805190384e-14,4.947431353485854e-14,1000,0,1000,recorded,relative,correction,"equal-weight summaries of recorded source-training batch statistics; changing models, not frozen population estimates",/tmp/p01-d1-20260919-1irHPs/artifacts/d1_pu_20260919/core/MLP16/seed_42/training_responses.csv
MLP16,42,core,response,0,,,delta_p0_mean_vector,0,signed probability; frozen class-order index,4.395297310111346e-09,2.546585164964199e-09,1000,0,1000,recorded,relative,correction,"equal-weight summaries of recorded source-training batch statistics; changing models, not frozen population estimates",/tmp/p01-d1-20260919-1irHPs/artifacts/d1_pu_20260919/core/MLP16/seed_42/training_responses.csv
MLP16,42,core,response,0,,,delta_p0_mean_vector,1,signed probability; frozen class-order index,-1.3206154108047485e-09,0.0,1000,0,1000,recorded,relative,correction,"equal-weight summaries of recorded source-training batch statistics; changing models, not frozen population estimates",/tmp/p01-d1-20260919-1irHPs/artifacts/d1_pu_20260919/core/MLP16/seed_42/training_responses.csv
MLP16,42,core,response,0,,,delta_p0_mean_vector,2,signed probability; frozen class-order index,1.5795230865478515e-09,0.0,1000,0,1000,recorded,relative,correction,"equal-weight summaries of recorded source-training batch statistics; changing models, not frozen population estimates",/tmp/p01-d1-20260919-1irHPs/artifacts/d1_pu_20260919/core/MLP16/seed_42/training_responses.csv
MLP16,42,core,response,0,,,delta_q_mean_vector,0,signed probability; frozen class-order index,4.163011908531189e-10,0.0,1000,0,1000,recorded,relative,correction,"equal-weight summaries of recorded source-training batch statistics; changing models, not frozen population estimates",/tmp/p01-d1-20260919-1irHPs/artifacts/d1_pu_20260919/core/MLP16/seed_42/training_responses.csv
MLP16,42,core,response,0,,,delta_q_mean_vector,1,signed probability; frozen class-order index,-1.2218952178955079e-09,0.0,1000,0,1000,recorded,relative,correction,"equal-weight summaries of recorded source-training batch statistics; changing models, not frozen population estimates",/tmp/p01-d1-20260919-1irHPs/artifacts/d1_pu_20260919/core/MLP16/seed_42/training_responses.csv
MLP16,42,core,response,0,,,delta_q_mean_vector,2,signed probability; frozen class-order index,-2.905726432800293e-10,0.0,1000,0,1000,recorded,relative,correction,"equal-weight summaries of recorded source-training batch statistics; changing models, not frozen population estimates",/tmp/p01-d1-20260919-1irHPs/artifacts/d1_pu_20260919/core/MLP16/seed_42/training_responses.csv
MLP16,42,core,response,0,,,delta_v_mean_vector,0,signed probability; frozen class-order index,-4.098284989595413e-09,-3.259629011154175e-09,1000,0,1000,recorded,relative,correction,"equal-weight summaries of recorded source-training batch statistics; changing models, not frozen population estimates",/tmp/p01-d1-20260919-1irHPs/artifacts/d1_pu_20260919/core/MLP16/seed_42/training_responses.csv
MLP16,42,core,response,0,,,delta_v_mean_vector,1,signed probability; frozen class-order index,8.568167686462402e-11,3.725290298461914e-09,1000,0,1000,recorded,relative,correction,"equal-weight summaries of recorded source-training batch statistics; changing models, not frozen population estimates",/tmp/p01-d1-20260919-1irHPs/artifacts/d1_pu_20260919/core/MLP16/seed_42/training_responses.csv
MLP16,42,core,response,0,,,delta_v_mean_vector,2,signed probability; frozen class-order index,-1.870095729827881e-09,0.0,1000,0,1000,recorded,relative,correction,"equal-weight summaries of recorded source-training batch statistics; changing models, not frozen population estimates",/tmp/p01-d1-20260919-1irHPs/artifacts/d1_pu_20260919/core/MLP16/seed_42/training_responses.csv
MLP16,42,core,response,2,,,A,,squared probability L2 norm,0.0842991629531607,0.0765136256814003,1000,0,1000,recorded,relative,correction,"equal-weight summaries of recorded source-training batch statistics; changing models, not frozen population estimates",/tmp/p01-d1-20260919-1irHPs/artifacts/d1_pu_20260919/core/MLP16/seed_42/training_responses.csv
MLP16,42,core,response,2,,,b,,probability inner product,-0.014868787867948412,-0.011348282918334007,1000,0,1000,recorded,relative,correction,"equal-weight summaries of recorded source-training batch statistics; changing models, not frozen population estimates",/tmp/p01-d1-20260919-1irHPs/artifacts/d1_pu_20260919/core/MLP16/seed_42/training_responses.csv
MLP16,42,core,response,2,,,sqrt_A,,probability L2 norm,0.2835225336344545,0.276610963612418,1000,0,1000,recorded,relative,correction,"equal-weight summaries of recorded source-training batch statistics; changing models, not frozen population estimates",/tmp/p01-d1-20260919-1irHPs/artifacts/d1_pu_20260919/core/MLP16/seed_42/training_responses.csv
MLP16,42,core,response,2,,,b_over_sqrt_A,,signed probability direction; undefined when A=0,-0.032782035457175444,-0.03742415140895858,1000,0,1000,recorded,relative,correction,"equal-weight summaries of recorded source-training batch statistics; changing models, not frozen population estimates",/tmp/p01-d1-20260919-1irHPs/artifacts/d1_pu_20260919/core/MLP16/seed_42/training_responses.csv
MLP16,42,core,response,2,,,delta_p0_squared_norm,,squared probability L2 norm,9.167975429702602e-14,5.964684380633557e-14,1000,0,1000,recorded,relative,correction,"equal-weight summaries of recorded source-training batch statistics; changing models, not frozen population estimates",/tmp/p01-d1-20260919-1irHPs/artifacts/d1_pu_20260919/core/MLP16/seed_42/training_responses.csv
MLP16,42,core,response,2,,,delta_q_squared_norm,,squared probability L2 norm,1.2368500321158216e-15,9.488937413593135e-16,1000,0,1000,recorded,relative,correction,"equal-weight summaries of recorded source-training batch statistics; changing models, not frozen population estimates",/tmp/p01-d1-20260919-1irHPs/artifacts/d1_pu_20260919/core/MLP16/seed_42/training_responses.csv
MLP16,42,core,response,2,,,delta_v_squared_norm,,squared probability L2 norm,8.717948585257319e-14,5.735689700969715e-14,1000,0,1000,recorded,relative,correction,"equal-weight summaries of recorded source-training batch statistics; changing models, not frozen population estimates",/tmp/p01-d1-20260919-1irHPs/artifacts/d1_pu_20260919/core/MLP16/seed_42/training_responses.csv
MLP16,42,core,response,2,,,delta_p0_mean_vector,0,signed probability; frozen class-order index,-1.2498858268372714e-09,-1.6698322724550962e-09,1000,0,1000,recorded,relative,correction,"equal-weight summaries of recorded source-training batch statistics; changing models, not frozen population estimates",/tmp/p01-d1-20260919-1irHPs/artifacts/d1_pu_20260919/core/MLP16/seed_42/training_responses.csv
MLP16,42,core,response,2,,,delta_p0_mean_vector,1,signed probability; frozen class-order index,-1.4118850231170654e-09,0.0,1000,0,1000,recorded,relative,correction,"equal-weight summaries of recorded source-training batch statistics; changing models, not frozen population estimates",/tmp/p01-d1-20260919-1irHPs/artifacts/d1_pu_20260919/core/MLP16/seed_42/training_responses.csv
MLP16,42,core,response,2,,,delta_p0_mean_vector,2,signed probability; frozen class-order index,2.380460500717163e-09,0.0,1000,0,1000,recorded,relative,correction,"equal-weight summaries of recorded source-training batch statistics; changing models, not frozen population estimates",/tmp/p01-d1-20260919-1irHPs/artifacts/d1_pu_20260919/core/MLP16/seed_42/training_responses.csv
MLP16,42,core,response,2,,,delta_q_mean_vector,0,signed probability; frozen class-order index,-9.918585419654846e-11,0.0,1000,0,1000,recorded,relative,correction,"equal-weight summaries of recorded source-training batch statistics; changing models, not frozen population estimates",/tmp/p01-d1-20260919-1irHPs/artifacts/d1_pu_20260919/core/MLP16/seed_42/training_responses.csv
MLP16,42,core,response,2,,,delta_q_mean_vector,1,signed probability; frozen class-order index,6.705522537231445e-11,0.0,1000,0,1000,recorded,relative,correction,"equal-weight summaries of recorded source-training batch statistics; changing models, not frozen population estimates",/tmp/p01-d1-20260919-1irHPs/artifacts/d1_pu_20260919/core/MLP16/seed_42/training_responses.csv
MLP16,42,core,response,2,,,delta_q_mean_vector,2,signed probability; frozen class-order index,-7.450580596923828e-12,0.0,1000,0,1000,recorded,relative,correction,"equal-weight summaries of recorded source-training batch statistics; changing models, not frozen population estimates",/tmp/p01-d1-20260919-1irHPs/artifacts/d1_pu_20260919/core/MLP16/seed_42/training_responses.csv
MLP16,42,core,response,2,,,delta_v_mean_vector,0,signed probability; frozen class-order index,1.0337680578231812e-09,9.313225746154785e-10,1000,0,1000,recorded,relative,correction,"equal-weight summaries of recorded source-training batch statistics; changing models, not frozen population estimates",/tmp/p01-d1-20260919-1irHPs/artifacts/d1_pu_20260919/core/MLP16/seed_42/training_responses.csv
MLP16,42,core,response,2,,,delta_v_mean_vector,1,signed probability; frozen class-order index,1.5050172805786134e-09,0.0,1000,0,1000,recorded,relative,correction,"equal-weight summaries of recorded source-training batch statistics; changing models, not frozen population estimates",/tmp/p01-d1-20260919-1irHPs/artifacts/d1_pu_20260919/core/MLP16/seed_42/training_responses.csv
MLP16,42,core,response,2,,,delta_v_mean_vector,2,signed probability; frozen class-order index,-2.387911081314087e-09,0.0,1000,0,1000,recorded,relative,correction,"equal-weight summaries of recorded source-training batch statistics; changing models, not frozen population estimates",/tmp/p01-d1-20260919-1irHPs/artifacts/d1_pu_20260919/core/MLP16/seed_42/training_responses.csv
MLP16,42,core,response,3,,,A,,squared probability L2 norm,0.08597490763245151,0.0793822631239891,1000,0,1000,recorded,relative,correction,"equal-weight summaries of recorded source-training batch statistics; changing models, not frozen population estimates",/tmp/p01-d1-20260919-1irHPs/artifacts/d1_pu_20260919/core/MLP16/seed_42/training_responses.csv
MLP16,42,core,response,3,,,b,,probability inner product,-0.010657765000127255,-0.0036215968430042267,1000,0,1000,recorded,relative,correction,"equal-weight summaries of recorded source-training batch statistics; changing models, not frozen population estimates",/tmp/p01-d1-20260919-1irHPs/artifacts/d1_pu_20260919/core/MLP16/seed_42/training_responses.csv
MLP16,42,core,response,3,,,sqrt_A,,probability L2 norm,0.28701072865522415,0.2817483145713537,1000,0,1000,recorded,relative,correction,"equal-weight summaries of recorded source-training batch statistics; changing models, not frozen population estimates",/tmp/p01-d1-20260919-1irHPs/artifacts/d1_pu_20260919/core/MLP16/seed_42/training_responses.csv
MLP16,42,core,response,3,,,b_over_sqrt_A,,signed probability direction; undefined when A=0,-0.01819807698317425,-0.015255305169606048,1000,0,1000,recorded,relative,correction,"equal-weight summaries of recorded source-training batch statistics; changing models, not frozen population estimates",/tmp/p01-d1-20260919-1irHPs/artifacts/d1_pu_20260919/core/MLP16/seed_42/training_responses.csv
MLP16,42,core,response,3,,,delta_p0_squared_norm,,squared probability L2 norm,8.8179166639129e-14,5.75251651868669e-14,1000,0,1000,recorded,relative,correction,"equal-weight summaries of recorded source-training batch statistics; changing models, not frozen population estimates",/tmp/p01-d1-20260919-1irHPs/artifacts/d1_pu_20260919/core/MLP16/seed_42/training_responses.csv
MLP16,42,core,response,3,,,delta_q_squared_norm,,squared probability L2 norm,1.24969132264674e-15,9.575673587391975e-16,1000,0,1000,recorded,relative,correction,"equal-weight summaries of recorded source-training batch statistics; changing models, not frozen population estimates",/tmp/p01-d1-20260919-1irHPs/artifacts/d1_pu_20260919/core/MLP16/seed_42/training_responses.csv
MLP16,42,core,response,3,,,delta_v_squared_norm,,squared probability L2 norm,8.335476753273952e-14,5.499767308236869e-14,1000,0,1000,recorded,relative,correction,"equal-weight summaries of recorded source-training batch statistics; changing models, not frozen population estimates",/tmp/p01-d1-20260919-1irHPs/artifacts/d1_pu_20260919/core/MLP16/seed_42/training_responses.csv
MLP16,42,core,response,3,,,delta_p0_mean_vector,0,signed probability; frozen class-order index,-1.0029383702203632e-08,-2.939486876130104e-09,1000,0,1000,recorded,relative,correction,"equal-weight summaries of recorded source-training batch statistics; changing models, not frozen population estimates",/tmp/p01-d1-20260919-1irHPs/artifacts/d1_pu_20260919/core/MLP16/seed_42/training_responses.csv
MLP16,42,core,response,3,,,delta_p0_mean_vector,1,signed probability; frozen class-order index,2.5033950805664064e-09,0.0,1000,0,1000,recorded,relative,correction,"equal-weight summaries of recorded source-training batch statistics; changing models, not frozen population estimates",/tmp/p01-d1-20260919-1irHPs/artifacts/d1_pu_20260919/core/MLP16/seed_42/training_responses.csv
MLP16,42,core,response,3,,,delta_p0_mean_vector,2,signed probability; frozen class-order index,8.255243301391602e-09,7.450580596923828e-09,1000,0,1000,recorded,relative,correction,"equal-weight summaries of recorded source-training batch statistics; changing models, not frozen population estimates",/tmp/p01-d1-20260919-1irHPs/artifacts/d1_pu_20260919/core/MLP16/seed_42/training_responses.csv
MLP16,42,core,response,3,,,delta_q_mean_vector,0,signed probability; frozen class-order index,-7.553026080131531e-10,0.0,1000,0,1000,recorded,relative,correction,"equal-weight summaries of recorded source-training batch statistics; changing models, not frozen population estimates",/tmp/p01-d1-20260919-1irHPs/artifacts/d1_pu_20260919/core/MLP16/seed_42/training_responses.csv
MLP16,42,core,response,3,,,delta_q_mean_vector,1,signed probability; frozen class-order index,4.0978193283081055e-10,0.0,1000,0,1000,recorded,relative,correction,"equal-weight summaries of recorded source-training batch statistics; changing models, not frozen population estimates",/tmp/p01-d1-20260919-1irHPs/artifacts/d1_pu_20260919/core/MLP16/seed_42/training_responses.csv
MLP16,42,core,response,3,,,delta_q_mean_vector,2,signed probability; frozen class-order index,-4.470348358154297e-11,0.0,1000,0,1000,recorded,relative,correction,"equal-weight summaries of recorded source-training batch statistics; changing models, not frozen population estimates",/tmp/p01-d1-20260919-1irHPs/artifacts/d1_pu_20260919/core/MLP16/seed_42/training_responses.csv
MLP16,42,core,response,3,,,delta_v_mean_vector,0,signed probability; frozen class-order index,9.194016456604004e-09,1.862645149230957e-09,1000,0,1000,recorded,relative,correction,"equal-weight summaries of recorded source-training batch statistics; changing models, not frozen population estimates",/tmp/p01-d1-20260919-1irHPs/artifacts/d1_pu_20260919/core/MLP16/seed_42/training_responses.csv
MLP16,42,core,response,3,,,delta_v_mean_vector,1,signed probability; frozen class-order index,-2.1345913410186766e-09,0.0,1000,0,1000,recorded,relative,correction,"equal-weight summaries of recorded source-training batch statistics; changing models, not frozen population estimates",/tmp/p01-d1-20260919-1irHPs/artifacts/d1_pu_20260919/core/MLP16/seed_42/training_responses.csv
MLP16,42,core,response,3,,,delta_v_mean_vector,2,signed probability; frozen class-order index,-8.299946784973145e-09,-7.450580596923828e-09,1000,0,1000,recorded,relative,correction,"equal-weight summaries of recorded source-training batch statistics; changing models, not frozen population estimates",/tmp/p01-d1-20260919-1irHPs/artifacts/d1_pu_20260919/core/MLP16/seed_42/training_responses.csv
MLP16,42,core,objective,,,,loss,,CE + beta Brier + weighted consistency,0.23049160940785987,0.2167198359966278,1000,0,1000,recorded,relative,correction,"equal-weight summaries of recorded source-training batch statistics; changing models, not frozen population estimates",/tmp/p01-d1-20260919-1irHPs/artifacts/d1_pu_20260919/core/MLP16/seed_42/training_batches.csv
MLP16,42,core,objective,,,,risk_objective,,CE + beta Brier,0.23049160940785987,0.2167198359966278,1000,0,1000,recorded,relative,correction,"equal-weight summaries of recorded source-training batch statistics; changing models, not frozen population estimates",/tmp/p01-d1-20260919-1irHPs/artifacts/d1_pu_20260919/core/MLP16/seed_42/training_batches.csv
MLP16,42,core,objective,,,,diagnostic_excess,,CE + beta Brier,0.23049160940785987,0.2167198359966278,1000,0,1000,recorded,relative,correction,"equal-weight summaries of recorded source-training batch statistics; changing models, not frozen population estimates",/tmp/p01-d1-20260919-1irHPs/artifacts/d1_pu_20260919/core/MLP16/seed_42/training_batches.csv
MLP16,42,core,objective,,,,max_source_excess,,CE + beta Brier,0.4949599061124027,0.5060282349586487,1000,0,1000,recorded,relative,correction,"equal-weight summaries of recorded source-training batch statistics; changing models, not frozen population estimates",/tmp/p01-d1-20260919-1irHPs/artifacts/d1_pu_20260919/core/MLP16/seed_42/training_batches.csv
MLP16,42,core,objective,,,,source_envelope,,CE + beta Brier,0.6111286356598139,0.6192212998867035,1000,0,1000,recorded,relative,correction,"equal-weight summaries of recorded source-training batch statistics; changing models, not frozen population estimates",/tmp/p01-d1-20260919-1irHPs/artifacts/d1_pu_20260919/core/MLP16/seed_42/training_batches.csv
MLP16,42,core,objective,,,,correction_consistency,,unweighted squared probability L2 norm,8.12419128722226e-14,6.792714990749155e-14,1000,0,1000,recorded,relative,correction,"equal-weight summaries of recorded source-training batch statistics; changing models, not frozen population estimates",/tmp/p01-d1-20260919-1irHPs/artifacts/d1_pu_20260919/core/MLP16/seed_42/training_batches.csv
MLP16,42,core,objective,,,,candidate_output_consistency,,unweighted squared probability L2 norm,1.2239755274444254e-15,1.133352741557593e-15,1000,0,1000,recorded,relative,correction,"equal-weight summaries of recorded source-training batch statistics; changing models, not frozen population estimates",/tmp/p01-d1-20260919-1irHPs/artifacts/d1_pu_20260919/core/MLP16/seed_42/training_batches.csv
MLP16,42,core,objective,,,,reference_output_consistency,,squared probability L2 norm,8.553051257439845e-14,7.071763218958506e-14,1000,0,1000,recorded,relative,correction,"equal-weight summaries of recorded source-training batch statistics; changing models, not frozen population estimates",/tmp/p01-d1-20260919-1irHPs/artifacts/d1_pu_20260919/core/MLP16/seed_42/training_batches.csv
MLP16,42,core,objective,,,,pair_penalty,,selected unweighted squared probability L2 norm,8.12419128722226e-14,6.792714990749155e-14,1000,0,1000,recorded,relative,correction,"equal-weight summaries of recorded source-training batch statistics; changing models, not frozen population estimates",/tmp/p01-d1-20260919-1irHPs/artifacts/d1_pu_20260919/core/MLP16/seed_42/training_batches.csv
MLP16,123,core,domain_risk,0,,,candidate_risk,,CE + beta Brier,1.1330762056708337,1.1219839453697205,1000,0,1000,recorded,relative,correction,"equal-weight summaries of recorded source-training batch statistics; changing models, not frozen population estimates",/tmp/p01-d1-20260919-1irHPs/artifacts/d1_pu_20260919/core/MLP16/seed_123/training_domains.csv
MLP16,123,core,domain_risk,0,,,reference_risk,,CE + beta Brier,0.8920366529524326,0.8862411379814148,1000,0,1000,recorded,relative,correction,"equal-weight summaries of recorded source-training batch statistics; changing models, not frozen population estimates",/tmp/p01-d1-20260919-1irHPs/artifacts/d1_pu_20260919/core/MLP16/seed_123/training_domains.csv
MLP16,123,core,domain_risk,0,,,excess,,CE + beta Brier,0.241039551705122,0.22176269441843033,1000,0,1000,recorded,relative,correction,"equal-weight summaries of recorded source-training batch statistics; changing models, not frozen population estimates",/tmp/p01-d1-20260919-1irHPs/artifacts/d1_pu_20260919/core/MLP16/seed_123/training_domains.csv
MLP16,123,core,domain_risk,0,,,weight,,dimensionless,0.3333333432674408,0.3333333432674408,1000,0,1000,recorded,relative,correction,"equal-weight summaries of recorded source-training batch statistics; changing models, not frozen population estimates",/tmp/p01-d1-20260919-1irHPs/artifacts/d1_pu_20260919/core/MLP16/seed_123/training_domains.csv
MLP16,123,core,domain_risk,2,,,candidate_risk,,CE + beta Brier,1.1388194723129272,1.1297954320907593,1000,0,1000,recorded,relative,correction,"equal-weight summaries of recorded source-training batch statistics; changing models, not frozen population estimates",/tmp/p01-d1-20260919-1irHPs/artifacts/d1_pu_20260919/core/MLP16/seed_123/training_domains.csv
MLP16,123,core,domain_risk,2,,,reference_risk,,CE + beta Brier,0.8986859718561172,0.8900976777076721,1000,0,1000,recorded,relative,correction,"equal-weight summaries of recorded source-training batch statistics; changing models, not frozen population estimates",/tmp/p01-d1-20260919-1irHPs/artifacts/d1_pu_20260919/core/MLP16/seed_123/training_domains.csv
MLP16,123,core,domain_risk,2,,,excess,,CE + beta Brier,0.2401334983482957,0.23757484555244446,1000,0,1000,recorded,relative,correction,"equal-weight summaries of recorded source-training batch statistics; changing models, not frozen population estimates",/tmp/p01-d1-20260919-1irHPs/artifacts/d1_pu_20260919/core/MLP16/seed_123/training_domains.csv
MLP16,123,core,domain_risk,2,,,weight,,dimensionless,0.3333333432674408,0.3333333432674408,1000,0,1000,recorded,relative,correction,"equal-weight summaries of recorded source-training batch statistics; changing models, not frozen population estimates",/tmp/p01-d1-20260919-1irHPs/artifacts/d1_pu_20260919/core/MLP16/seed_123/training_domains.csv
MLP16,123,core,domain_risk,3,,,candidate_risk,,CE + beta Brier,1.1442001172304153,1.1332957744598389,1000,0,1000,recorded,relative,correction,"equal-weight summaries of recorded source-training batch statistics; changing models, not frozen population estimates",/tmp/p01-d1-20260919-1irHPs/artifacts/d1_pu_20260919/core/MLP16/seed_123/training_domains.csv
MLP16,123,core,domain_risk,3,,,reference_risk,,CE + beta Brier,0.9357936109304428,0.9071381986141205,1000,0,1000,recorded,relative,correction,"equal-weight summaries of recorded source-training batch statistics; changing models, not frozen population estimates",/tmp/p01-d1-20260919-1irHPs/artifacts/d1_pu_20260919/core/MLP16/seed_123/training_domains.csv
MLP16,123,core,domain_risk,3,,,excess,,CE + beta Brier,0.208406505394727,0.2098286896944046,1000,0,1000,recorded,relative,correction,"equal-weight summaries of recorded source-training batch statistics; changing models, not frozen population estimates",/tmp/p01-d1-20260919-1irHPs/artifacts/d1_pu_20260919/core/MLP16/seed_123/training_domains.csv
MLP16,123,core,domain_risk,3,,,weight,,dimensionless,0.3333333432674408,0.3333333432674408,1000,0,1000,recorded,relative,correction,"equal-weight summaries of recorded source-training batch statistics; changing models, not frozen population estimates",/tmp/p01-d1-20260919-1irHPs/artifacts/d1_pu_20260919/core/MLP16/seed_123/training_domains.csv
MLP16,123,core,reference_prior,,0,2,reference_risk_difference_over_rho,,dimensionless (c_i-c_j)/rho,-0.026597275614738465,-0.026183724403381348,1000,0,1000,recorded,relative,correction,"equal-weight summaries of recorded source-training batch statistics; changing models, not frozen population estimates",/tmp/p01-d1-20260919-1irHPs/artifacts/d1_pu_20260919/core/MLP16/seed_123/training_reference_prior.csv
MLP16,123,core,reference_prior,,0,3,reference_risk_difference_over_rho,,dimensionless (c_i-c_j)/rho,-0.17502783191204072,-0.10955584049224854,1000,0,1000,recorded,relative,correction,"equal-weight summaries of recorded source-training batch statistics; changing models, not frozen population estimates",/tmp/p01-d1-20260919-1irHPs/artifacts/d1_pu_20260919/core/MLP16/seed_123/training_reference_prior.csv
MLP16,123,core,reference_prior,,2,3,reference_risk_difference_over_rho,,dimensionless (c_i-c_j)/rho,-0.14843055629730226,-0.13476848602294922,1000,0,1000,recorded,relative,correction,"equal-weight summaries of recorded source-training batch statistics; changing models, not frozen population estimates",/tmp/p01-d1-20260919-1irHPs/artifacts/d1_pu_20260919/core/MLP16/seed_123/training_reference_prior.csv
MLP16,123,core,response,0,,,A,,squared probability L2 norm,0.0809462015312165,0.0739637054502964,1000,0,1000,recorded,relative,correction,"equal-weight summaries of recorded source-training batch statistics; changing models, not frozen population estimates",/tmp/p01-d1-20260919-1irHPs/artifacts/d1_pu_20260919/core/MLP16/seed_123/training_responses.csv
MLP16,123,core,response,0,,,b,,probability inner product,-0.01641466688364744,-0.006157010793685913,1000,0,1000,recorded,relative,correction,"equal-weight summaries of recorded source-training batch statistics; changing models, not frozen population estimates",/tmp/p01-d1-20260919-1irHPs/artifacts/d1_pu_20260919/core/MLP16/seed_123/training_responses.csv
MLP16,123,core,response,0,,,sqrt_A,,probability L2 norm,0.27758140770599793,0.27196269127804684,1000,0,1000,recorded,relative,correction,"equal-weight summaries of recorded source-training batch statistics; changing models, not frozen population estimates",/tmp/p01-d1-20260919-1irHPs/artifacts/d1_pu_20260919/core/MLP16/seed_123/training_responses.csv
MLP16,123,core,response,0,,,b_over_sqrt_A,,signed probability direction; undefined when A=0,-0.04126494827062161,-0.022192327186324,1000,0,1000,recorded,relative,correction,"equal-weight summaries of recorded source-training batch statistics; changing models, not frozen population estimates",/tmp/p01-d1-20260919-1irHPs/artifacts/d1_pu_20260919/core/MLP16/seed_123/training_responses.csv
MLP16,123,core,response,0,,,delta_p0_squared_norm,,squared probability L2 norm,7.665655054116488e-14,5.0209836288672705e-14,1000,0,1000,recorded,relative,correction,"equal-weight summaries of recorded source-training batch statistics; changing models, not frozen population estimates",/tmp/p01-d1-20260919-1irHPs/artifacts/d1_pu_20260919/core/MLP16/seed_123/training_responses.csv
MLP16,123,core,response,0,,,delta_q_squared_norm,,squared probability L2 norm,1.2470909721562506e-15,9.992007221626409e-16,1000,0,1000,recorded,relative,correction,"equal-weight summaries of recorded source-training batch statistics; changing models, not frozen population estimates",/tmp/p01-d1-20260919-1irHPs/artifacts/d1_pu_20260919/core/MLP16/seed_123/training_responses.csv
MLP16,123,core,response,0,,,delta_v_squared_norm,,squared probability L2 norm,7.191068660677979e-14,4.854450175173497e-14,1000,0,1000,recorded,relative,correction,"equal-weight summaries of recorded source-training batch statistics; changing models, not frozen population estimates",/tmp/p01-d1-20260919-1irHPs/artifacts/d1_pu_20260919/core/MLP16/seed_123/training_responses.csv
MLP16,123,core,response,0,,,delta_p0_mean_vector,0,signed probability; frozen class-order index,-1.0634157661115751e-09,0.0,1000,0,1000,recorded,relative,correction,"equal-weight summaries of recorded source-training batch statistics; changing models, not frozen population estimates",/tmp/p01-d1-20260919-1irHPs/artifacts/d1_pu_20260919/core/MLP16/seed_123/training_responses.csv
MLP16,123,core,response,0,,,delta_p0_mean_vector,1,signed probability; frozen class-order index,3.7606805562973025e-09,3.725290298461914e-09,1000,0,1000,recorded,relative,correction,"equal-weight summaries of recorded source-training batch statistics; changing models, not frozen population estimates",/tmp/p01-d1-20260919-1irHPs/artifacts/d1_pu_20260919/core/MLP16/seed_123/training_responses.csv
MLP16,123,core,response,0,,,delta_p0_mean_vector,2,signed probability; frozen class-order index,2.9243528842926027e-09,0.0,1000,0,1000,recorded,relative,correction,"equal-weight summaries of recorded source-training batch statistics; changing models, not frozen population estimates",/tmp/p01-d1-20260919-1irHPs/artifacts/d1_pu_20260919/core/MLP16/seed_123/training_responses.csv
MLP16,123,core,response,0,,,delta_q_mean_vector,0,signed probability; frozen class-order index,4.796311259269714e-10,0.0,1000,0,1000,recorded,relative,correction,"equal-weight summaries of recorded source-training batch statistics; changing models, not frozen population estimates",/tmp/p01-d1-20260919-1irHPs/artifacts/d1_pu_20260919/core/MLP16/seed_123/training_responses.csv
MLP16,123,core,response,0,,,delta_q_mean_vector,1,signed probability; frozen class-order index,-3.8743019104003904e-10,0.0,1000,0,1000,recorded,relative,correction,"equal-weight summaries of recorded source-training batch statistics; changing models, not frozen population estimates",/tmp/p01-d1-20260919-1irHPs/artifacts/d1_pu_20260919/core/MLP16/seed_123/training_responses.csv
MLP16,123,core,response,0,,,delta_q_mean_vector,2,signed probability; frozen class-order index,-8.940696716308594e-11,0.0,1000,0,1000,recorded,relative,correction,"equal-weight summaries of recorded source-training batch statistics; changing models, not frozen population estimates",/tmp/p01-d1-20260919-1irHPs/artifacts/d1_pu_20260919/core/MLP16/seed_123/training_responses.csv
MLP16,123,core,response,0,,,delta_v_mean_vector,0,signed probability; frozen class-order index,1.5408731997013093e-09,0.0,1000,0,1000,recorded,relative,correction,"equal-weight summaries of recorded source-training batch statistics; changing models, not frozen population estimates",/tmp/p01-d1-20260919-1irHPs/artifacts/d1_pu_20260919/core/MLP16/seed_123/training_responses.csv
MLP16,123,core,response,0,,,delta_v_mean_vector,1,signed probability; frozen class-order index,-4.16487455368042e-09,-3.725290298461914e-09,1000,0,1000,recorded,relative,correction,"equal-weight summaries of recorded source-training batch statistics; changing models, not frozen population estimates",/tmp/p01-d1-20260919-1irHPs/artifacts/d1_pu_20260919/core/MLP16/seed_123/training_responses.csv
MLP16,123,core,response,0,,,delta_v_mean_vector,2,signed probability; frozen class-order index,-3.0137598514556887e-09,0.0,1000,0,1000,recorded,relative,correction,"equal-weight summaries of recorded source-training batch statistics; changing models, not frozen population estimates",/tmp/p01-d1-20260919-1irHPs/artifacts/d1_pu_20260919/core/MLP16/seed_123/training_responses.csv
MLP16,123,core,response,2,,,A,,squared probability L2 norm,0.0813602215629071,0.07476627454161644,1000,0,1000,recorded,relative,correction,"equal-weight summaries of recorded source-training batch statistics; changing models, not frozen population estimates",/tmp/p01-d1-20260919-1irHPs/artifacts/d1_pu_20260919/core/MLP16/seed_123/training_responses.csv
MLP16,123,core,response,2,,,b,,probability inner product,-0.017265083013102412,-0.009288551285862923,1000,0,1000,recorded,relative,correction,"equal-weight summaries of recorded source-training batch statistics; changing models, not frozen population estimates",/tmp/p01-d1-20260919-1irHPs/artifacts/d1_pu_20260919/core/MLP16/seed_123/training_responses.csv
MLP16,123,core,response,2,,,sqrt_A,,probability L2 norm,0.27777456670466616,0.27343417762611005,1000,0,1000,recorded,relative,correction,"equal-weight summaries of recorded source-training batch statistics; changing models, not frozen population estimates",/tmp/p01-d1-20260919-1irHPs/artifacts/d1_pu_20260919/core/MLP16/seed_123/training_responses.csv
MLP16,123,core,response,2,,,b_over_sqrt_A,,signed probability direction; undefined when A=0,-0.04096258342243187,-0.03008734190174437,1000,0,1000,recorded,relative,correction,"equal-weight summaries of recorded source-training batch statistics; changing models, not frozen population estimates",/tmp/p01-d1-20260919-1irHPs/artifacts/d1_pu_20260919/core/MLP16/seed_123/training_responses.csv
MLP16,123,core,response,2,,,delta_p0_squared_norm,,squared probability L2 norm,8.990498388680851e-14,5.690260105283267e-14,1000,0,1000,recorded,relative,correction,"equal-weight summaries of recorded source-training batch statistics; changing models, not frozen population estimates",/tmp/p01-d1-20260919-1irHPs/artifacts/d1_pu_20260919/core/MLP16/seed_123/training_responses.csv
MLP16,123,core,response,2,,,delta_q_squared_norm,,squared probability L2 norm,1.2029145041170253e-15,9.43689570931383e-16,1000,0,1000,recorded,relative,correction,"equal-weight summaries of recorded source-training batch statistics; changing models, not frozen population estimates",/tmp/p01-d1-20260919-1irHPs/artifacts/d1_pu_20260919/core/MLP16/seed_123/training_responses.csv
MLP16,123,core,response,2,,,delta_v_squared_norm,,squared probability L2 norm,8.443663823687331e-14,5.4789506265251475e-14,1000,0,1000,recorded,relative,correction,"equal-weight summaries of recorded source-training batch statistics; changing models, not frozen population estimates",/tmp/p01-d1-20260919-1irHPs/artifacts/d1_pu_20260919/core/MLP16/seed_123/training_responses.csv
MLP16,123,core,response,2,,,delta_p0_mean_vector,0,signed probability; frozen class-order index,-6.798974936828017e-09,-3.310560714453459e-10,1000,0,1000,recorded,relative,correction,"equal-weight summaries of recorded source-training batch statistics; changing models, not frozen population estimates",/tmp/p01-d1-20260919-1irHPs/artifacts/d1_pu_20260919/core/MLP16/seed_123/training_responses.csv
MLP16,123,core,response,2,,,delta_p0_mean_vector,1,signed probability; frozen class-order index,2.00420618057251e-09,0.0,1000,0,1000,recorded,relative,correction,"equal-weight summaries of recorded source-training batch statistics; changing models, not frozen population estimates",/tmp/p01-d1-20260919-1irHPs/artifacts/d1_pu_20260919/core/MLP16/seed_123/training_responses.csv
MLP16,123,core,response,2,,,delta_p0_mean_vector,2,signed probability; frozen class-order index,3.63960862159729e-09,0.0,1000,0,1000,recorded,relative,correction,"equal-weight summaries of recorded source-training batch statistics; changing models, not frozen population estimates",/tmp/p01-d1-20260919-1irHPs/artifacts/d1_pu_20260919/core/MLP16/seed_123/training_responses.csv
MLP16,123,core,response,2,,,delta_q_mean_vector,0,signed probability; frozen class-order index,-2.1420419216156005e-11,0.0,1000,0,1000,recorded,relative,correction,"equal-weight summaries of recorded source-training batch statistics; changing models, not frozen population estimates",/tmp/p01-d1-20260919-1irHPs/artifacts/d1_pu_20260919/core/MLP16/seed_123/training_responses.csv
MLP16,123,core,response,2,,,delta_q_mean_vector,1,signed probability; frozen class-order index,0.0,0.0,1000,0,1000,recorded,relative,correction,"equal-weight summaries of recorded source-training batch statistics; changing models, not frozen population estimates",/tmp/p01-d1-20260919-1irHPs/artifacts/d1_pu_20260919/core/MLP16/seed_123/training_responses.csv
MLP16,123,core,response,2,,,delta_q_mean_vector,2,signed probability; frozen class-order index,-2.2351741790771485e-11,0.0,1000,0,1000,recorded,relative,correction,"equal-weight summaries of recorded source-training batch statistics; changing models, not frozen population estimates",/tmp/p01-d1-20260919-1irHPs/artifacts/d1_pu_20260919/core/MLP16/seed_123/training_responses.csv
MLP16,123,core,response,2,,,delta_v_mean_vector,0,signed probability; frozen class-order index,6.7511573433876034e-09,0.0,1000,0,1000,recorded,relative,correction,"equal-weight summaries of recorded source-training batch statistics; changing models, not frozen population estimates",/tmp/p01-d1-20260919-1irHPs/artifacts/d1_pu_20260919/core/MLP16/seed_123/training_responses.csv
MLP16,123,core,response,2,,,delta_v_mean_vector,1,signed probability; frozen class-order index,-1.9893050193786622e-09,-3.725290298461914e-09,1000,0,1000,recorded,relative,correction,"equal-weight summaries of recorded source-training batch statistics; changing models, not frozen population estimates",/tmp/p01-d1-20260919-1irHPs/artifacts/d1_pu_20260919/core/MLP16/seed_123/training_responses.csv
MLP16,123,core,response,2,,,delta_v_mean_vector,2,signed probability; frozen class-order index,-3.6619603633880615e-09,0.0,1000,0,1000,recorded,relative,correction,"equal-weight summaries of recorded source-training batch statistics; changing models, not frozen population estimates",/tmp/p01-d1-20260919-1irHPs/artifacts/d1_pu_20260919/core/MLP16/seed_123/training_responses.csv
MLP16,123,core,response,3,,,A,,squared probability L2 norm,0.08290422459132969,0.07878286391496658,1000,0,1000,recorded,relative,correction,"equal-weight summaries of recorded source-training batch statistics; changing models, not frozen population estimates",/tmp/p01-d1-20260919-1irHPs/artifacts/d1_pu_20260919/core/MLP16/seed_123/training_responses.csv
MLP16,123,core,response,3,,,b,,probability inner product,-0.00690292739495635,-0.0024413596838712692,1000,0,1000,recorded,relative,correction,"equal-weight summaries of recorded source-training batch statistics; changing models, not frozen population estimates",/tmp/p01-d1-20260919-1irHPs/artifacts/d1_pu_20260919/core/MLP16/seed_123/training_responses.csv
MLP16,123,core,response,3,,,sqrt_A,,probability L2 norm,0.2819722492748533,0.2806828508854521,1000,0,1000,recorded,relative,correction,"equal-weight summaries of recorded source-training batch statistics; changing models, not frozen population estimates",/tmp/p01-d1-20260919-1irHPs/artifacts/d1_pu_20260919/core/MLP16/seed_123/training_responses.csv
MLP16,123,core,response,3,,,b_over_sqrt_A,,signed probability direction; undefined when A=0,-0.006048161655563529,-0.008626816457095982,1000,0,1000,recorded,relative,correction,"equal-weight summaries of recorded source-training batch statistics; changing models, not frozen population estimates",/tmp/p01-d1-20260919-1irHPs/artifacts/d1_pu_20260919/core/MLP16/seed_123/training_responses.csv
MLP16,123,core,response,3,,,delta_p0_squared_norm,,squared probability L2 norm,9.033168922475922e-14,6.057863764655572e-14,1000,0,1000,recorded,relative,correction,"equal-weight summaries of recorded source-training batch statistics; changing models, not frozen population estimates",/tmp/p01-d1-20260919-1irHPs/artifacts/d1_pu_20260919/core/MLP16/seed_123/training_responses.csv
MLP16,123,core,response,3,,,delta_q_squared_norm,,squared probability L2 norm,1.2469192345321289e-15,9.575673587391975e-16,1000,0,1000,recorded,relative,correction,"equal-weight summaries of recorded source-training batch statistics; changing models, not frozen population estimates",/tmp/p01-d1-20260919-1irHPs/artifacts/d1_pu_20260919/core/MLP16/seed_123/training_responses.csv
MLP16,123,core,response,3,,,delta_v_squared_norm,,squared probability L2 norm,8.488303115949946e-14,5.895284260759581e-14,1000,0,1000,recorded,relative,correction,"equal-weight summaries of recorded source-training batch statistics; changing models, not frozen population estimates",/tmp/p01-d1-20260919-1irHPs/artifacts/d1_pu_20260919/core/MLP16/seed_123/training_responses.csv
MLP16,123,core,response,3,,,delta_p0_mean_vector,0,signed probability; frozen class-order index,-6.458314601331949e-09,-2.08092387765646e-09,1000,0,1000,recorded,relative,correction,"equal-weight summaries of recorded source-training batch statistics; changing models, not frozen population estimates",/tmp/p01-d1-20260919-1irHPs/artifacts/d1_pu_20260919/core/MLP16/seed_123/training_responses.csv
MLP16,123,core,response,3,,,delta_p0_mean_vector,1,signed probability; frozen class-order index,-8.437782526016236e-10,0.0,1000,0,1000,recorded,relative,correction,"equal-weight summaries of recorded source-training batch statistics; changing models, not frozen population estimates",/tmp/p01-d1-20260919-1irHPs/artifacts/d1_pu_20260919/core/MLP16/seed_123/training_responses.csv
MLP16,123,core,response,3,,,delta_p0_mean_vector,2,signed probability; frozen class-order index,7.688999176025391e-09,7.450580596923828e-09,1000,0,1000,recorded,relative,correction,"equal-weight summaries of recorded source-training batch statistics; changing models, not frozen population estimates",/tmp/p01-d1-20260919-1irHPs/artifacts/d1_pu_20260919/core/MLP16/seed_123/training_responses.csv
MLP16,123,core,response,3,,,delta_q_mean_vector,0,signed probability; frozen class-order index,-8.400529623031616e-10,0.0,1000,0,1000,recorded,relative,correction,"equal-weight summaries of recorded source-training batch statistics; changing models, not frozen population estimates",/tmp/p01-d1-20260919-1irHPs/artifacts/d1_pu_20260919/core/MLP16/seed_123/training_responses.csv
MLP16,123,core,response,3,,,delta_q_mean_vector,1,signed probability; frozen class-order index,5.140900611877442e-10,0.0,1000,0,1000,recorded,relative,correction,"equal-weight summaries of recorded source-training batch statistics; changing models, not frozen population estimates",/tmp/p01-d1-20260919-1irHPs/artifacts/d1_pu_20260919/core/MLP16/seed_123/training_responses.csv
MLP16,123,core,response,3,,,delta_q_mean_vector,2,signed probability; frozen class-order index,2.7567148208618163e-10,0.0,1000,0,1000,recorded,relative,correction,"equal-weight summaries of recorded source-training batch statistics; changing models, not frozen population estimates",/tmp/p01-d1-20260919-1irHPs/artifacts/d1_pu_20260919/core/MLP16/seed_123/training_responses.csv
MLP16,123,core,response,3,,,delta_v_mean_vector,0,signed probability; frozen class-order index,5.7220458984375e-09,1.862645149230957e-09,1000,0,1000,recorded,relative,correction,"equal-weight summaries of recorded source-training batch statistics; changing models, not frozen population estimates",/tmp/p01-d1-20260919-1irHPs/artifacts/d1_pu_20260919/core/MLP16/seed_123/training_responses.csv
MLP16,123,core,response,3,,,delta_v_mean_vector,1,signed probability; frozen class-order index,1.3150274753570556e-09,0.0,1000,0,1000,recorded,relative,correction,"equal-weight summaries of recorded source-training batch statistics; changing models, not frozen population estimates",/tmp/p01-d1-20260919-1irHPs/artifacts/d1_pu_20260919/core/MLP16/seed_123/training_responses.csv
MLP16,123,core,response,3,,,delta_v_mean_vector,2,signed probability; frozen class-order index,-7.413327693939209e-09,-7.450580596923828e-09,1000,0,1000,recorded,relative,correction,"equal-weight summaries of recorded source-training batch statistics; changing models, not frozen population estimates",/tmp/p01-d1-20260919-1irHPs/artifacts/d1_pu_20260919/core/MLP16/seed_123/training_responses.csv
MLP16,123,core,objective,,,,loss,,CE + beta Brier + weighted consistency,0.22985985828301636,0.2369416058063507,1000,0,1000,recorded,relative,correction,"equal-weight summaries of recorded source-training batch statistics; changing models, not frozen population estimates",/tmp/p01-d1-20260919-1irHPs/artifacts/d1_pu_20260919/core/MLP16/seed_123/training_batches.csv
MLP16,123,core,objective,,,,risk_objective,,CE + beta Brier,0.22985985828301636,0.2369416058063507,1000,0,1000,recorded,relative,correction,"equal-weight summaries of recorded source-training batch statistics; changing models, not frozen population estimates",/tmp/p01-d1-20260919-1irHPs/artifacts/d1_pu_20260919/core/MLP16/seed_123/training_batches.csv
MLP16,123,core,objective,,,,diagnostic_excess,,CE + beta Brier,0.22985985828301636,0.2369416058063507,1000,0,1000,recorded,relative,correction,"equal-weight summaries of recorded source-training batch statistics; changing models, not frozen population estimates",/tmp/p01-d1-20260919-1irHPs/artifacts/d1_pu_20260919/core/MLP16/seed_123/training_batches.csv
MLP16,123,core,objective,,,,max_source_excess,,CE + beta Brier,0.4796402751542628,0.5040191411972046,1000,0,1000,recorded,relative,correction,"equal-weight summaries of recorded source-training batch statistics; changing models, not frozen population estimates",/tmp/p01-d1-20260919-1irHPs/artifacts/d1_pu_20260919/core/MLP16/seed_123/training_batches.csv
MLP16,123,core,objective,,,,source_envelope,,CE + beta Brier,0.6012750325426459,0.6119914948940277,1000,0,1000,recorded,relative,correction,"equal-weight summaries of recorded source-training batch statistics; changing models, not frozen population estimates",/tmp/p01-d1-20260919-1irHPs/artifacts/d1_pu_20260919/core/MLP16/seed_123/training_batches.csv
MLP16,123,core,objective,,,,correction_consistency,,unweighted squared probability L2 norm,8.041012088948495e-14,6.803354402193026e-14,1000,0,1000,recorded,relative,correction,"equal-weight summaries of recorded source-training batch statistics; changing models, not frozen population estimates",/tmp/p01-d1-20260919-1irHPs/artifacts/d1_pu_20260919/core/MLP16/seed_123/training_batches.csv
MLP16,123,core,objective,,,,candidate_output_consistency,,unweighted squared probability L2 norm,1.2323082715156963e-15,1.1518563880486e-15,1000,0,1000,recorded,relative,correction,"equal-weight summaries of recorded source-training batch statistics; changing models, not frozen population estimates",/tmp/p01-d1-20260919-1irHPs/artifacts/d1_pu_20260919/core/MLP16/seed_123/training_batches.csv
MLP16,123,core,objective,,,,reference_output_consistency,,squared probability L2 norm,8.56310768791221e-14,7.246171707369492e-14,1000,0,1000,recorded,relative,correction,"equal-weight summaries of recorded source-training batch statistics; changing models, not frozen population estimates",/tmp/p01-d1-20260919-1irHPs/artifacts/d1_pu_20260919/core/MLP16/seed_123/training_batches.csv
MLP16,123,core,objective,,,,pair_penalty,,selected unweighted squared probability L2 norm,8.041012088948495e-14,6.803354402193026e-14,1000,0,1000,recorded,relative,correction,"equal-weight summaries of recorded source-training batch statistics; changing models, not frozen population estimates",/tmp/p01-d1-20260919-1irHPs/artifacts/d1_pu_20260919/core/MLP16/seed_123/training_batches.csv
MLP16,456,core,domain_risk,0,,,candidate_risk,,CE + beta Brier,1.1255287056565284,1.114844262599945,1000,0,1000,recorded,relative,correction,"equal-weight summaries of recorded source-training batch statistics; changing models, not frozen population estimates",/tmp/p01-d1-20260919-1irHPs/artifacts/d1_pu_20260919/core/MLP16/seed_456/training_domains.csv
MLP16,456,core,domain_risk,0,,,reference_risk,,CE + beta Brier,0.8881843837797642,0.8874300718307495,1000,0,1000,recorded,relative,correction,"equal-weight summaries of recorded source-training batch statistics; changing models, not frozen population estimates",/tmp/p01-d1-20260919-1irHPs/artifacts/d1_pu_20260919/core/MLP16/seed_456/training_domains.csv
MLP16,456,core,domain_risk,0,,,excess,,CE + beta Brier,0.23734432008862497,0.22327543795108795,1000,0,1000,recorded,relative,correction,"equal-weight summaries of recorded source-training batch statistics; changing models, not frozen population estimates",/tmp/p01-d1-20260919-1irHPs/artifacts/d1_pu_20260919/core/MLP16/seed_456/training_domains.csv
MLP16,456,core,domain_risk,0,,,weight,,dimensionless,0.3333333432674408,0.3333333432674408,1000,0,1000,recorded,relative,correction,"equal-weight summaries of recorded source-training batch statistics; changing models, not frozen population estimates",/tmp/p01-d1-20260919-1irHPs/artifacts/d1_pu_20260919/core/MLP16/seed_456/training_domains.csv
MLP16,456,core,domain_risk,2,,,candidate_risk,,CE + beta Brier,1.1435612374544144,1.1391473412513733,1000,0,1000,recorded,relative,correction,"equal-weight summaries of recorded source-training batch statistics; changing models, not frozen population estimates",/tmp/p01-d1-20260919-1irHPs/artifacts/d1_pu_20260919/core/MLP16/seed_456/training_domains.csv
MLP16,456,core,domain_risk,2,,,reference_risk,,CE + beta Brier,0.8810557746291161,0.8711451292037964,1000,0,1000,recorded,relative,correction,"equal-weight summaries of recorded source-training batch statistics; changing models, not frozen population estimates",/tmp/p01-d1-20260919-1irHPs/artifacts/d1_pu_20260919/core/MLP16/seed_456/training_domains.csv
MLP16,456,core,domain_risk,2,,,excess,,CE + beta Brier,0.26250546517595647,0.24184510856866837,1000,0,1000,recorded,relative,correction,"equal-weight summaries of recorded source-training batch statistics; changing models, not frozen population estimates",/tmp/p01-d1-20260919-1irHPs/artifacts/d1_pu_20260919/core/MLP16/seed_456/training_domains.csv
MLP16,456,core,domain_risk,2,,,weight,,dimensionless,0.3333333432674408,0.3333333432674408,1000,0,1000,recorded,relative,correction,"equal-weight summaries of recorded source-training batch statistics; changing models, not frozen population estimates",/tmp/p01-d1-20260919-1irHPs/artifacts/d1_pu_20260919/core/MLP16/seed_456/training_domains.csv
MLP16,456,core,domain_risk,3,,,candidate_risk,,CE + beta Brier,1.147734015762806,1.137013554573059,1000,0,1000,recorded,relative,correction,"equal-weight summaries of recorded source-training batch statistics; changing models, not frozen population estimates",/tmp/p01-d1-20260919-1irHPs/artifacts/d1_pu_20260919/core/MLP16/seed_456/training_domains.csv
MLP16,456,core,domain_risk,3,,,reference_risk,,CE + beta Brier,0.9340598204731941,0.908710777759552,1000,0,1000,recorded,relative,correction,"equal-weight summaries of recorded source-training batch statistics; changing models, not frozen population estimates",/tmp/p01-d1-20260919-1irHPs/artifacts/d1_pu_20260919/core/MLP16/seed_456/training_domains.csv
MLP16,456,core,domain_risk,3,,,excess,,CE + beta Brier,0.21367419664002954,0.2044680416584015,1000,0,1000,recorded,relative,correction,"equal-weight summaries of recorded source-training batch statistics; changing models, not frozen population estimates",/tmp/p01-d1-20260919-1irHPs/artifacts/d1_pu_20260919/core/MLP16/seed_456/training_domains.csv
MLP16,456,core,domain_risk,3,,,weight,,dimensionless,0.3333333432674408,0.3333333432674408,1000,0,1000,recorded,relative,correction,"equal-weight summaries of recorded source-training batch statistics; changing models, not frozen population estimates",/tmp/p01-d1-20260919-1irHPs/artifacts/d1_pu_20260919/core/MLP16/seed_456/training_domains.csv
MLP16,456,core,reference_prior,,0,2,reference_risk_difference_over_rho,,dimensionless (c_i-c_j)/rho,0.02851443660259247,0.004777431488037109,1000,0,1000,recorded,relative,correction,"equal-weight summaries of recorded source-training batch statistics; changing models, not frozen population estimates",/tmp/p01-d1-20260919-1irHPs/artifacts/d1_pu_20260919/core/MLP16/seed_456/training_reference_prior.csv
MLP16,456,core,reference_prior,,0,3,reference_risk_difference_over_rho,,dimensionless (c_i-c_j)/rho,-0.18350174677371978,-0.1104898452758789,1000,0,1000,recorded,relative,correction,"equal-weight summaries of recorded source-training batch statistics; changing models, not frozen population estimates",/tmp/p01-d1-20260919-1irHPs/artifacts/d1_pu_20260919/core/MLP16/seed_456/training_reference_prior.csv
MLP16,456,core,reference_prior,,2,3,reference_risk_difference_over_rho,,dimensionless (c_i-c_j)/rho,-0.21201618337631226,-0.23196065425872803,1000,0,1000,recorded,relative,correction,"equal-weight summaries of recorded source-training batch statistics; changing models, not frozen population estimates",/tmp/p01-d1-20260919-1irHPs/artifacts/d1_pu_20260919/core/MLP16/seed_456/training_reference_prior.csv
MLP16,456,core,response,0,,,A,,squared probability L2 norm,0.08107347014918924,0.07343079522252083,1000,0,1000,recorded,relative,correction,"equal-weight summaries of recorded source-training batch statistics; changing models, not frozen population estimates",/tmp/p01-d1-20260919-1irHPs/artifacts/d1_pu_20260919/core/MLP16/seed_456/training_responses.csv
MLP16,456,core,response,0,,,b,,probability inner product,-0.01640325659327209,-0.006935685873031616,1000,0,1000,recorded,relative,correction,"equal-weight summaries of recorded source-training batch statistics; changing models, not frozen population estimates",/tmp/p01-d1-20260919-1irHPs/artifacts/d1_pu_20260919/core/MLP16/seed_456/training_responses.csv
MLP16,456,core,response,0,,,sqrt_A,,probability L2 norm,0.27783536224489835,0.27098115922285393,1000,0,1000,recorded,relative,correction,"equal-weight summaries of recorded source-training batch statistics; changing models, not frozen population estimates",/tmp/p01-d1-20260919-1irHPs/artifacts/d1_pu_20260919/core/MLP16/seed_456/training_responses.csv
MLP16,456,core,response,0,,,b_over_sqrt_A,,signed probability direction; undefined when A=0,-0.04152688822644031,-0.023799440659682307,1000,0,1000,recorded,relative,correction,"equal-weight summaries of recorded source-training batch statistics; changing models, not frozen population estimates",/tmp/p01-d1-20260919-1irHPs/artifacts/d1_pu_20260919/core/MLP16/seed_456/training_responses.csv
MLP16,456,core,response,0,,,delta_p0_squared_norm,,squared probability L2 norm,7.425386744379011e-14,4.832682783681777e-14,1000,0,1000,recorded,relative,correction,"equal-weight summaries of recorded source-training batch statistics; changing models, not frozen population estimates",/tmp/p01-d1-20260919-1irHPs/artifacts/d1_pu_20260919/core/MLP16/seed_456/training_responses.csv
MLP16,456,core,response,0,,,delta_q_squared_norm,,squared probability L2 norm,1.2940655491622265e-15,9.992007221626409e-16,1000,0,1000,recorded,relative,correction,"equal-weight summaries of recorded source-training batch statistics; changing models, not frozen population estimates",/tmp/p01-d1-20260919-1irHPs/artifacts/d1_pu_20260919/core/MLP16/seed_456/training_responses.csv
MLP16,456,core,response,0,,,delta_v_squared_norm,,squared probability L2 norm,7.027041101781428e-14,4.6629367034256575e-14,1000,0,1000,recorded,relative,correction,"equal-weight summaries of recorded source-training batch statistics; changing models, not frozen population estimates",/tmp/p01-d1-20260919-1irHPs/artifacts/d1_pu_20260919/core/MLP16/seed_456/training_responses.csv
MLP16,456,core,response,0,,,delta_p0_mean_vector,0,signed probability; frozen class-order index,-1.9349549802427648e-09,0.0,1000,0,1000,recorded,relative,correction,"equal-weight summaries of recorded source-training batch statistics; changing models, not frozen population estimates",/tmp/p01-d1-20260919-1irHPs/artifacts/d1_pu_20260919/core/MLP16/seed_456/training_responses.csv
MLP16,456,core,response,0,,,delta_p0_mean_vector,1,signed probability; frozen class-order index,3.607943654060364e-09,7.450580596923828e-09,1000,0,1000,recorded,relative,correction,"equal-weight summaries of recorded source-training batch statistics; changing models, not frozen population estimates",/tmp/p01-d1-20260919-1irHPs/artifacts/d1_pu_20260919/core/MLP16/seed_456/training_responses.csv
MLP16,456,core,response,0,,,delta_p0_mean_vector,2,signed probability; frozen class-order index,2.1830201148986815e-09,0.0,1000,0,1000,recorded,relative,correction,"equal-weight summaries of recorded source-training batch statistics; changing models, not frozen population estimates",/tmp/p01-d1-20260919-1irHPs/artifacts/d1_pu_20260919/core/MLP16/seed_456/training_responses.csv
MLP16,456,core,response,0,,,delta_q_mean_vector,0,signed probability; frozen class-order index,5.075708031654358e-10,0.0,1000,0,1000,recorded,relative,correction,"equal-weight summaries of recorded source-training batch statistics; changing models, not frozen population estimates",/tmp/p01-d1-20260919-1irHPs/artifacts/d1_pu_20260919/core/MLP16/seed_456/training_responses.csv
MLP16,456,core,response,0,,,delta_q_mean_vector,1,signed probability; frozen class-order index,-9.5367431640625e-10,0.0,1000,0,1000,recorded,relative,correction,"equal-weight summaries of recorded source-training batch statistics; changing models, not frozen population estimates",/tmp/p01-d1-20260919-1irHPs/artifacts/d1_pu_20260919/core/MLP16/seed_456/training_responses.csv
MLP16,456,core,response,0,,,delta_q_mean_vector,2,signed probability; frozen class-order index,1.043081283569336e-10,0.0,1000,0,1000,recorded,relative,correction,"equal-weight summaries of recorded source-training batch statistics; changing models, not frozen population estimates",/tmp/p01-d1-20260919-1irHPs/artifacts/d1_pu_20260919/core/MLP16/seed_456/training_responses.csv
MLP16,456,core,response,0,,,delta_v_mean_vector,0,signed probability; frozen class-order index,2.3534521460533143e-09,0.0,1000,0,1000,recorded,relative,correction,"equal-weight summaries of recorded source-training batch statistics; changing models, not frozen population estimates",/tmp/p01-d1-20260919-1irHPs/artifacts/d1_pu_20260919/core/MLP16/seed_456/training_responses.csv
MLP16,456,core,response,0,,,delta_v_mean_vector,1,signed probability; frozen class-order index,-4.57465648651123e-09,-3.725290298461914e-09,1000,0,1000,recorded,relative,correction,"equal-weight summaries of recorded source-training batch statistics; changing models, not frozen population estimates",/tmp/p01-d1-20260919-1irHPs/artifacts/d1_pu_20260919/core/MLP16/seed_456/training_responses.csv
MLP16,456,core,response,0,,,delta_v_mean_vector,2,signed probability; frozen class-order index,-2.0787119865417482e-09,0.0,1000,0,1000,recorded,relative,correction,"equal-weight summaries of recorded source-training batch statistics; changing models, not frozen population estimates",/tmp/p01-d1-20260919-1irHPs/artifacts/d1_pu_20260919/core/MLP16/seed_456/training_responses.csv
MLP16,456,core,response,2,,,A,,squared probability L2 norm,0.08420909377187491,0.07579432800412178,1000,0,1000,recorded,relative,correction,"equal-weight summaries of recorded source-training batch statistics; changing models, not frozen population estimates",/tmp/p01-d1-20260919-1irHPs/artifacts/d1_pu_20260919/core/MLP16/seed_456/training_responses.csv
MLP16,456,core,response,2,,,b,,probability inner product,-0.021922717943787574,-0.011796172708272934,1000,0,1000,recorded,relative,correction,"equal-weight summaries of recorded source-training batch statistics; changing models, not frozen population estimates",/tmp/p01-d1-20260919-1irHPs/artifacts/d1_pu_20260919/core/MLP16/seed_456/training_responses.csv
MLP16,456,core,response,2,,,sqrt_A,,probability L2 norm,0.28318031551579487,0.27530769694414214,1000,0,1000,recorded,relative,correction,"equal-weight summaries of recorded source-training batch statistics; changing models, not frozen population estimates",/tmp/p01-d1-20260919-1irHPs/artifacts/d1_pu_20260919/core/MLP16/seed_456/training_responses.csv
MLP16,456,core,response,2,,,b_over_sqrt_A,,signed probability direction; undefined when A=0,-0.055979428712505684,-0.03959036172024874,1000,0,1000,recorded,relative,correction,"equal-weight summaries of recorded source-training batch statistics; changing models, not frozen population estimates",/tmp/p01-d1-20260919-1irHPs/artifacts/d1_pu_20260919/core/MLP16/seed_456/training_responses.csv
MLP16,456,core,response,2,,,delta_p0_squared_norm,,squared probability L2 norm,8.432080766379428e-14,5.2513665955316625e-14,1000,0,1000,recorded,relative,correction,"equal-weight summaries of recorded source-training batch statistics; changing models, not frozen population estimates",/tmp/p01-d1-20260919-1irHPs/artifacts/d1_pu_20260919/core/MLP16/seed_456/training_responses.csv
MLP16,456,core,response,2,,,delta_q_squared_norm,,squared probability L2 norm,1.2755005385223227e-15,9.870576578308032e-16,1000,0,1000,recorded,relative,correction,"equal-weight summaries of recorded source-training batch statistics; changing models, not frozen population estimates",/tmp/p01-d1-20260919-1irHPs/artifacts/d1_pu_20260919/core/MLP16/seed_456/training_responses.csv
MLP16,456,core,response,2,,,delta_v_squared_norm,,squared probability L2 norm,7.960736670559187e-14,5.082045895221654e-14,1000,0,1000,recorded,relative,correction,"equal-weight summaries of recorded source-training batch statistics; changing models, not frozen population estimates",/tmp/p01-d1-20260919-1irHPs/artifacts/d1_pu_20260919/core/MLP16/seed_456/training_responses.csv
MLP16,456,core,response,2,,,delta_p0_mean_vector,0,signed probability; frozen class-order index,-5.660913302563131e-09,-6.948539521545172e-10,1000,0,1000,recorded,relative,correction,"equal-weight summaries of recorded source-training batch statistics; changing models, not frozen population estimates",/tmp/p01-d1-20260919-1irHPs/artifacts/d1_pu_20260919/core/MLP16/seed_456/training_responses.csv
MLP16,456,core,response,2,,,delta_p0_mean_vector,1,signed probability; frozen class-order index,1.1008232831954955e-09,0.0,1000,0,1000,recorded,relative,correction,"equal-weight summaries of recorded source-training batch statistics; changing models, not frozen population estimates",/tmp/p01-d1-20260919-1irHPs/artifacts/d1_pu_20260919/core/MLP16/seed_456/training_responses.csv
MLP16,456,core,response,2,,,delta_p0_mean_vector,2,signed probability; frozen class-order index,2.864748239517212e-09,1.862645149230957e-09,1000,0,1000,recorded,relative,correction,"equal-weight summaries of recorded source-training batch statistics; changing models, not frozen population estimates",/tmp/p01-d1-20260919-1irHPs/artifacts/d1_pu_20260919/core/MLP16/seed_456/training_responses.csv
MLP16,456,core,response,2,,,delta_q_mean_vector,0,signed probability; frozen class-order index,-2.7008354663848878e-11,0.0,1000,0,1000,recorded,relative,correction,"equal-weight summaries of recorded source-training batch statistics; changing models, not frozen population estimates",/tmp/p01-d1-20260919-1irHPs/artifacts/d1_pu_20260919/core/MLP16/seed_456/training_responses.csv
MLP16,456,core,response,2,,,delta_q_mean_vector,1,signed probability; frozen class-order index,3.0547380447387697e-10,0.0,1000,0,1000,recorded,relative,correction,"equal-weight summaries of recorded source-training batch statistics; changing models, not frozen population estimates",/tmp/p01-d1-20260919-1irHPs/artifacts/d1_pu_20260919/core/MLP16/seed_456/training_responses.csv
MLP16,456,core,response,2,,,delta_q_mean_vector,2,signed probability; frozen class-order index,1.043081283569336e-10,0.0,1000,0,1000,recorded,relative,correction,"equal-weight summaries of recorded source-training batch statistics; changing models, not frozen population estimates",/tmp/p01-d1-20260919-1irHPs/artifacts/d1_pu_20260919/core/MLP16/seed_456/training_responses.csv
MLP16,456,core,response,2,,,delta_v_mean_vector,0,signed probability; frozen class-order index,5.648937076330185e-09,0.0,1000,0,1000,recorded,relative,correction,"equal-weight summaries of recorded source-training batch statistics; changing models, not frozen population estimates",/tmp/p01-d1-20260919-1irHPs/artifacts/d1_pu_20260919/core/MLP16/seed_456/training_responses.csv
MLP16,456,core,response,2,,,delta_v_mean_vector,1,signed probability; frozen class-order index,-7.934868335723877e-10,0.0,1000,0,1000,recorded,relative,correction,"equal-weight summaries of recorded source-training batch statistics; changing models, not frozen population estimates",/tmp/p01-d1-20260919-1irHPs/artifacts/d1_pu_20260919/core/MLP16/seed_456/training_responses.csv
MLP16,456,core,response,2,,,delta_v_mean_vector,2,signed probability; frozen class-order index,-2.7604401111602783e-09,0.0,1000,0,1000,recorded,relative,correction,"equal-weight summaries of recorded source-training batch statistics; changing models, not frozen population estimates",/tmp/p01-d1-20260919-1irHPs/artifacts/d1_pu_20260919/core/MLP16/seed_456/training_responses.csv
MLP16,456,core,response,3,,,A,,squared probability L2 norm,0.08347289695095969,0.07837279513478279,1000,0,1000,recorded,relative,correction,"equal-weight summaries of recorded source-training batch statistics; changing models, not frozen population estimates",/tmp/p01-d1-20260919-1irHPs/artifacts/d1_pu_20260919/core/MLP16/seed_456/training_responses.csv
MLP16,456,core,response,3,,,b,,probability inner product,-0.008170594186987727,-0.003740958869457245,1000,0,1000,recorded,relative,correction,"equal-weight summaries of recorded source-training batch statistics; changing models, not frozen population estimates",/tmp/p01-d1-20260919-1irHPs/artifacts/d1_pu_20260919/core/MLP16/seed_456/training_responses.csv
MLP16,456,core,response,3,,,sqrt_A,,probability L2 norm,0.2832243107273812,0.2799514062316648,1000,0,1000,recorded,relative,correction,"equal-weight summaries of recorded source-training batch statistics; changing models, not frozen population estimates",/tmp/p01-d1-20260919-1irHPs/artifacts/d1_pu_20260919/core/MLP16/seed_456/training_responses.csv
MLP16,456,core,response,3,,,b_over_sqrt_A,,signed probability direction; undefined when A=0,-0.012450603285177156,-0.01295652197636996,1000,0,1000,recorded,relative,correction,"equal-weight summaries of recorded source-training batch statistics; changing models, not frozen population estimates",/tmp/p01-d1-20260919-1irHPs/artifacts/d1_pu_20260919/core/MLP16/seed_456/training_responses.csv
MLP16,456,core,response,3,,,delta_p0_squared_norm,,squared probability L2 norm,9.438529620961304e-14,5.888345366855674e-14,1000,0,1000,recorded,relative,correction,"equal-weight summaries of recorded source-training batch statistics; changing models, not frozen population estimates",/tmp/p01-d1-20260919-1irHPs/artifacts/d1_pu_20260919/core/MLP16/seed_456/training_responses.csv
MLP16,456,core,response,3,,,delta_q_squared_norm,,squared probability L2 norm,1.3386999841991098e-15,1.1102230246251565e-15,1000,0,1000,recorded,relative,correction,"equal-weight summaries of recorded source-training batch statistics; changing models, not frozen population estimates",/tmp/p01-d1-20260919-1irHPs/artifacts/d1_pu_20260919/core/MLP16/seed_456/training_responses.csv
MLP16,456,core,response,3,,,delta_v_squared_norm,,squared probability L2 norm,8.880952917511564e-14,5.563605132152816e-14,1000,0,1000,recorded,relative,correction,"equal-weight summaries of recorded source-training batch statistics; changing models, not frozen population estimates",/tmp/p01-d1-20260919-1irHPs/artifacts/d1_pu_20260919/core/MLP16/seed_456/training_responses.csv
MLP16,456,core,response,3,,,delta_p0_mean_vector,0,signed probability; frozen class-order index,-7.474242011085152e-09,-2.0372681319713593e-09,1000,0,1000,recorded,relative,correction,"equal-weight summaries of recorded source-training batch statistics; changing models, not frozen population estimates",/tmp/p01-d1-20260919-1irHPs/artifacts/d1_pu_20260919/core/MLP16/seed_456/training_responses.csv
MLP16,456,core,response,3,,,delta_p0_mean_vector,1,signed probability; frozen class-order index,2.985820174217224e-09,0.0,1000,0,1000,recorded,relative,correction,"equal-weight summaries of recorded source-training batch statistics; changing models, not frozen population estimates",/tmp/p01-d1-20260919-1irHPs/artifacts/d1_pu_20260919/core/MLP16/seed_456/training_responses.csv
MLP16,456,core,response,3,,,delta_p0_mean_vector,2,signed probability; frozen class-order index,7.349997758865357e-09,7.450580596923828e-09,1000,0,1000,recorded,relative,correction,"equal-weight summaries of recorded source-training batch statistics; changing models, not frozen population estimates",/tmp/p01-d1-20260919-1irHPs/artifacts/d1_pu_20260919/core/MLP16/seed_456/training_responses.csv
MLP16,456,core,response,3,,,delta_q_mean_vector,0,signed probability; frozen class-order index,-8.940696716308593e-10,0.0,1000,0,1000,recorded,relative,correction,"equal-weight summaries of recorded source-training batch statistics; changing models, not frozen population estimates",/tmp/p01-d1-20260919-1irHPs/artifacts/d1_pu_20260919/core/MLP16/seed_456/training_responses.csv
MLP16,456,core,response,3,,,delta_q_mean_vector,1,signed probability; frozen class-order index,2.4586915969848634e-10,0.0,1000,0,1000,recorded,relative,correction,"equal-weight summaries of recorded source-training batch statistics; changing models, not frozen population estimates",/tmp/p01-d1-20260919-1irHPs/artifacts/d1_pu_20260919/core/MLP16/seed_456/training_responses.csv
MLP16,456,core,response,3,,,delta_q_mean_vector,2,signed probability; frozen class-order index,-1.7136335372924804e-10,0.0,1000,0,1000,recorded,relative,correction,"equal-weight summaries of recorded source-training batch statistics; changing models, not frozen population estimates",/tmp/p01-d1-20260919-1irHPs/artifacts/d1_pu_20260919/core/MLP16/seed_456/training_responses.csv
MLP16,456,core,response,3,,,delta_v_mean_vector,0,signed probability; frozen class-order index,6.4037740230560306e-09,4.656612873077393e-10,1000,0,1000,recorded,relative,correction,"equal-weight summaries of recorded source-training batch statistics; changing models, not frozen population estimates",/tmp/p01-d1-20260919-1irHPs/artifacts/d1_pu_20260919/core/MLP16/seed_456/training_responses.csv
MLP16,456,core,response,3,,,delta_v_mean_vector,1,signed probability; frozen class-order index,-2.775341272354126e-09,0.0,1000,0,1000,recorded,relative,correction,"equal-weight summaries of recorded source-training batch statistics; changing models, not frozen population estimates",/tmp/p01-d1-20260919-1irHPs/artifacts/d1_pu_20260919/core/MLP16/seed_456/training_responses.csv
MLP16,456,core,response,3,,,delta_v_mean_vector,2,signed probability; frozen class-order index,-7.521361112594605e-09,-7.450580596923828e-09,1000,0,1000,recorded,relative,correction,"equal-weight summaries of recorded source-training batch statistics; changing models, not frozen population estimates",/tmp/p01-d1-20260919-1irHPs/artifacts/d1_pu_20260919/core/MLP16/seed_456/training_responses.csv
MLP16,456,core,objective,,,,loss,,CE + beta Brier + weighted consistency,0.23784133392517107,0.2403864860534668,1000,0,1000,recorded,relative,correction,"equal-weight summaries of recorded source-training batch statistics; changing models, not frozen population estimates",/tmp/p01-d1-20260919-1irHPs/artifacts/d1_pu_20260919/core/MLP16/seed_456/training_batches.csv
MLP16,456,core,objective,,,,risk_objective,,CE + beta Brier,0.23784133392517107,0.2403864860534668,1000,0,1000,recorded,relative,correction,"equal-weight summaries of recorded source-training batch statistics; changing models, not frozen population estimates",/tmp/p01-d1-20260919-1irHPs/artifacts/d1_pu_20260919/core/MLP16/seed_456/training_batches.csv
MLP16,456,core,objective,,,,diagnostic_excess,,CE + beta Brier,0.23784133392517107,0.2403864860534668,1000,0,1000,recorded,relative,correction,"equal-weight summaries of recorded source-training batch statistics; changing models, not frozen population estimates",/tmp/p01-d1-20260919-1irHPs/artifacts/d1_pu_20260919/core/MLP16/seed_456/training_batches.csv
MLP16,456,core,objective,,,,max_source_excess,,CE + beta Brier,0.48448264542222025,0.5073845088481903,1000,0,1000,recorded,relative,correction,"equal-weight summaries of recorded source-training batch statistics; changing models, not frozen population estimates",/tmp/p01-d1-20260919-1irHPs/artifacts/d1_pu_20260919/core/MLP16/seed_456/training_batches.csv
MLP16,456,core,objective,,,,source_envelope,,CE + beta Brier,0.6083439419716596,0.6270515322685242,1000,0,1000,recorded,relative,correction,"equal-weight summaries of recorded source-training batch statistics; changing models, not frozen population estimates",/tmp/p01-d1-20260919-1irHPs/artifacts/d1_pu_20260919/core/MLP16/seed_456/training_batches.csv
MLP16,456,core,objective,,,,correction_consistency,,unweighted squared probability L2 norm,7.956243799479197e-14,6.672267244462772e-14,1000,0,1000,recorded,relative,correction,"equal-weight summaries of recorded source-training batch statistics; changing models, not frozen population estimates",/tmp/p01-d1-20260919-1irHPs/artifacts/d1_pu_20260919/core/MLP16/seed_456/training_batches.csv
MLP16,456,core,objective,,,,candidate_output_consistency,,unweighted squared probability L2 norm,1.3027553946610585e-15,1.2281842739311386e-15,1000,0,1000,recorded,relative,correction,"equal-weight summaries of recorded source-training batch statistics; changing models, not frozen population estimates",/tmp/p01-d1-20260919-1irHPs/artifacts/d1_pu_20260919/core/MLP16/seed_456/training_batches.csv
MLP16,456,core,objective,,,,reference_output_consistency,,squared probability L2 norm,8.431999266520957e-14,7.08563185881049e-14,1000,0,1000,recorded,relative,correction,"equal-weight summaries of recorded source-training batch statistics; changing models, not frozen population estimates",/tmp/p01-d1-20260919-1irHPs/artifacts/d1_pu_20260919/core/MLP16/seed_456/training_batches.csv
MLP16,456,core,objective,,,,pair_penalty,,selected unweighted squared probability L2 norm,7.956243799479197e-14,6.672267244462772e-14,1000,0,1000,recorded,relative,correction,"equal-weight summaries of recorded source-training batch statistics; changing models, not frozen population estimates",/tmp/p01-d1-20260919-1irHPs/artifacts/d1_pu_20260919/core/MLP16/seed_456/training_batches.csv
O,42,core,domain_risk,0,,,candidate_risk,,CE + beta Brier,0.9786515850126744,0.9849858582019806,1000,0,1000,recorded,relative,correction,"equal-weight summaries of recorded source-training batch statistics; changing models, not frozen population estimates",/tmp/p01-d1-20260919-1irHPs/artifacts/d1_pu_20260919/core/O/seed_42/training_domains.csv
O,42,core,domain_risk,0,,,reference_risk,,CE + beta Brier,0.8953840225636959,0.8944948315620422,1000,0,1000,recorded,relative,correction,"equal-weight summaries of recorded source-training batch statistics; changing models, not frozen population estimates",/tmp/p01-d1-20260919-1irHPs/artifacts/d1_pu_20260919/core/O/seed_42/training_domains.csv
O,42,core,domain_risk,0,,,excess,,CE + beta Brier,0.08326756422035396,0.07438815012574196,1000,0,1000,recorded,relative,correction,"equal-weight summaries of recorded source-training batch statistics; changing models, not frozen population estimates",/tmp/p01-d1-20260919-1irHPs/artifacts/d1_pu_20260919/core/O/seed_42/training_domains.csv
O,42,core,domain_risk,0,,,weight,,dimensionless,0.3333333432674408,0.3333333432674408,1000,0,1000,recorded,relative,correction,"equal-weight summaries of recorded source-training batch statistics; changing models, not frozen population estimates",/tmp/p01-d1-20260919-1irHPs/artifacts/d1_pu_20260919/core/O/seed_42/training_domains.csv
O,42,core,domain_risk,2,,,candidate_risk,,CE + beta Brier,0.9967414323389531,1.0005950331687927,1000,0,1000,recorded,relative,correction,"equal-weight summaries of recorded source-training batch statistics; changing models, not frozen population estimates",/tmp/p01-d1-20260919-1irHPs/artifacts/d1_pu_20260919/core/O/seed_42/training_domains.csv
O,42,core,domain_risk,2,,,reference_risk,,CE + beta Brier,0.9028331097364426,0.8912161290645599,1000,0,1000,recorded,relative,correction,"equal-weight summaries of recorded source-training batch statistics; changing models, not frozen population estimates",/tmp/p01-d1-20260919-1irHPs/artifacts/d1_pu_20260919/core/O/seed_42/training_domains.csv
O,42,core,domain_risk,2,,,excess,,CE + beta Brier,0.09390832418669015,0.08502005785703659,1000,0,1000,recorded,relative,correction,"equal-weight summaries of recorded source-training batch statistics; changing models, not frozen population estimates",/tmp/p01-d1-20260919-1irHPs/artifacts/d1_pu_20260919/core/O/seed_42/training_domains.csv
O,42,core,domain_risk,2,,,weight,,dimensionless,0.3333333432674408,0.3333333432674408,1000,0,1000,recorded,relative,correction,"equal-weight summaries of recorded source-training batch statistics; changing models, not frozen population estimates",/tmp/p01-d1-20260919-1irHPs/artifacts/d1_pu_20260919/core/O/seed_42/training_domains.csv
O,42,core,domain_risk,3,,,candidate_risk,,CE + beta Brier,0.9322752169966698,0.9326817989349365,1000,0,1000,recorded,relative,correction,"equal-weight summaries of recorded source-training batch statistics; changing models, not frozen population estimates",/tmp/p01-d1-20260919-1irHPs/artifacts/d1_pu_20260919/core/O/seed_42/training_domains.csv
O,42,core,domain_risk,3,,,reference_risk,,CE + beta Brier,0.9222612332701683,0.8979472815990448,1000,0,1000,recorded,relative,correction,"equal-weight summaries of recorded source-training batch statistics; changing models, not frozen population estimates",/tmp/p01-d1-20260919-1irHPs/artifacts/d1_pu_20260919/core/O/seed_42/training_domains.csv
O,42,core,domain_risk,3,,,excess,,CE + beta Brier,0.010013983708806335,-0.017007209360599518,1000,0,1000,recorded,relative,correction,"equal-weight summaries of recorded source-training batch statistics; changing models, not frozen population estimates",/tmp/p01-d1-20260919-1irHPs/artifacts/d1_pu_20260919/core/O/seed_42/training_domains.csv
O,42,core,domain_risk,3,,,weight,,dimensionless,0.3333333432674408,0.3333333432674408,1000,0,1000,recorded,relative,correction,"equal-weight summaries of recorded source-training batch statistics; changing models, not frozen population estimates",/tmp/p01-d1-20260919-1irHPs/artifacts/d1_pu_20260919/core/O/seed_42/training_domains.csv
O,42,core,reference_prior,,0,2,reference_risk_difference_over_rho,,dimensionless (c_i-c_j)/rho,-0.029796348690986633,-0.0015954971313476562,1000,0,1000,recorded,relative,correction,"equal-weight summaries of recorded source-training batch statistics; changing models, not frozen population estimates",/tmp/p01-d1-20260919-1irHPs/artifacts/d1_pu_20260919/core/O/seed_42/training_reference_prior.csv
O,42,core,reference_prior,,0,3,reference_risk_difference_over_rho,,dimensionless (c_i-c_j)/rho,-0.10750884282588959,-0.06258046627044678,1000,0,1000,recorded,relative,correction,"equal-weight summaries of recorded source-training batch statistics; changing models, not frozen population estimates",/tmp/p01-d1-20260919-1irHPs/artifacts/d1_pu_20260919/core/O/seed_42/training_reference_prior.csv
O,42,core,reference_prior,,2,3,reference_risk_difference_over_rho,,dimensionless (c_i-c_j)/rho,-0.07771249413490296,-0.056083083152770996,1000,0,1000,recorded,relative,correction,"equal-weight summaries of recorded source-training batch statistics; changing models, not frozen population estimates",/tmp/p01-d1-20260919-1irHPs/artifacts/d1_pu_20260919/core/O/seed_42/training_reference_prior.csv
O,42,core,response,0,,,A,,squared probability L2 norm,0.057274373319465666,0.049551451578736305,1000,0,1000,recorded,relative,correction,"equal-weight summaries of recorded source-training batch statistics; changing models, not frozen population estimates",/tmp/p01-d1-20260919-1irHPs/artifacts/d1_pu_20260919/core/O/seed_42/training_responses.csv
O,42,core,response,0,,,b,,probability inner product,0.01494383567222394,0.014966533053666353,1000,0,1000,recorded,relative,correction,"equal-weight summaries of recorded source-training batch statistics; changing models, not frozen population estimates",/tmp/p01-d1-20260919-1irHPs/artifacts/d1_pu_20260919/core/O/seed_42/training_responses.csv
O,42,core,response,0,,,sqrt_A,,probability L2 norm,0.2269216337391441,0.22260155143453655,1000,0,1000,recorded,relative,correction,"equal-weight summaries of recorded source-training batch statistics; changing models, not frozen population estimates",/tmp/p01-d1-20260919-1irHPs/artifacts/d1_pu_20260919/core/O/seed_42/training_responses.csv
O,42,core,response,0,,,b_over_sqrt_A,,signed probability direction; undefined when A=0,0.0872272335747276,0.07124871497675839,1000,0,1000,recorded,relative,correction,"equal-weight summaries of recorded source-training batch statistics; changing models, not frozen population estimates",/tmp/p01-d1-20260919-1irHPs/artifacts/d1_pu_20260919/core/O/seed_42/training_responses.csv
O,42,core,response,0,,,delta_p0_squared_norm,,squared probability L2 norm,7.673261025556929e-14,5.007420259689477e-14,1000,0,1000,recorded,relative,correction,"equal-weight summaries of recorded source-training batch statistics; changing models, not frozen population estimates",/tmp/p01-d1-20260919-1irHPs/artifacts/d1_pu_20260919/core/O/seed_42/training_responses.csv
O,42,core,response,0,,,delta_q_squared_norm,,squared probability L2 norm,6.617831089743009e-07,4.123447467918595e-07,1000,0,1000,recorded,relative,correction,"equal-weight summaries of recorded source-training batch statistics; changing models, not frozen population estimates",/tmp/p01-d1-20260919-1irHPs/artifacts/d1_pu_20260919/core/O/seed_42/training_responses.csv
O,42,core,response,0,,,delta_v_squared_norm,,squared probability L2 norm,6.617944030181677e-07,4.1211372092675447e-07,1000,0,1000,recorded,relative,correction,"equal-weight summaries of recorded source-training batch statistics; changing models, not frozen population estimates",/tmp/p01-d1-20260919-1irHPs/artifacts/d1_pu_20260919/core/O/seed_42/training_responses.csv
O,42,core,response,0,,,delta_p0_mean_vector,0,signed probability; frozen class-order index,4.395297310111346e-09,2.546585164964199e-09,1000,0,1000,recorded,relative,correction,"equal-weight summaries of recorded source-training batch statistics; changing models, not frozen population estimates",/tmp/p01-d1-20260919-1irHPs/artifacts/d1_pu_20260919/core/O/seed_42/training_responses.csv
O,42,core,response,0,,,delta_p0_mean_vector,1,signed probability; frozen class-order index,-1.3206154108047485e-09,0.0,1000,0,1000,recorded,relative,correction,"equal-weight summaries of recorded source-training batch statistics; changing models, not frozen population estimates",/tmp/p01-d1-20260919-1irHPs/artifacts/d1_pu_20260919/core/O/seed_42/training_responses.csv
O,42,core,response,0,,,delta_p0_mean_vector,2,signed probability; frozen class-order index,1.5795230865478515e-09,0.0,1000,0,1000,recorded,relative,correction,"equal-weight summaries of recorded source-training batch statistics; changing models, not frozen population estimates",/tmp/p01-d1-20260919-1irHPs/artifacts/d1_pu_20260919/core/O/seed_42/training_responses.csv
O,42,core,response,0,,,delta_q_mean_vector,0,signed probability; frozen class-order index,-1.2750749912811443e-05,-1.0222196578979492e-05,1000,0,1000,recorded,relative,correction,"equal-weight summaries of recorded source-training batch statistics; changing models, not frozen population estimates",/tmp/p01-d1-20260919-1irHPs/artifacts/d1_pu_20260919/core/O/seed_42/training_responses.csv
O,42,core,response,0,,,delta_q_mean_vector,1,signed probability; frozen class-order index,3.053921833634376e-05,2.07461416721344e-05,1000,0,1000,recorded,relative,correction,"equal-weight summaries of recorded source-training batch statistics; changing models, not frozen population estimates",/tmp/p01-d1-20260919-1irHPs/artifacts/d1_pu_20260919/core/O/seed_42/training_responses.csv
O,42,core,response,0,,,delta_q_mean_vector,2,signed probability; frozen class-order index,-1.7788920551538466e-05,-1.1719763278961182e-05,1000,0,1000,recorded,relative,correction,"equal-weight summaries of recorded source-training batch statistics; changing models, not frozen population estimates",/tmp/p01-d1-20260919-1irHPs/artifacts/d1_pu_20260919/core/O/seed_42/training_responses.csv
O,42,core,response,0,,,delta_v_mean_vector,0,signed probability; frozen class-order index,-1.2755097210174427e-05,-1.025572419166565e-05,1000,0,1000,recorded,relative,correction,"equal-weight summaries of recorded source-training batch statistics; changing models, not frozen population estimates",/tmp/p01-d1-20260919-1irHPs/artifacts/d1_pu_20260919/core/O/seed_42/training_responses.csv
O,42,core,response,0,,,delta_v_mean_vector,1,signed probability; frozen class-order index,3.0540581792593e-05,2.0772218704223633e-05,1000,0,1000,recorded,relative,correction,"equal-weight summaries of recorded source-training batch statistics; changing models, not frozen population estimates",/tmp/p01-d1-20260919-1irHPs/artifacts/d1_pu_20260919/core/O/seed_42/training_responses.csv
O,42,core,response,0,,,delta_v_mean_vector,2,signed probability; frozen class-order index,-1.779049076139927e-05,-1.1693686246871948e-05,1000,0,1000,recorded,relative,correction,"equal-weight summaries of recorded source-training batch statistics; changing models, not frozen population estimates",/tmp/p01-d1-20260919-1irHPs/artifacts/d1_pu_20260919/core/O/seed_42/training_responses.csv
O,42,core,response,2,,,A,,squared probability L2 norm,0.06099494829960168,0.05364079959690571,1000,0,1000,recorded,relative,correction,"equal-weight summaries of recorded source-training batch statistics; changing models, not frozen population estimates",/tmp/p01-d1-20260919-1irHPs/artifacts/d1_pu_20260919/core/O/seed_42/training_responses.csv
O,42,core,response,2,,,b,,probability inner product,0.012352241700515151,0.007489681243896484,1000,0,1000,recorded,relative,correction,"equal-weight summaries of recorded source-training batch statistics; changing models, not frozen population estimates",/tmp/p01-d1-20260919-1irHPs/artifacts/d1_pu_20260919/core/O/seed_42/training_responses.csv
O,42,core,response,2,,,sqrt_A,,probability L2 norm,0.23375296213005076,0.23160480131134625,1000,0,1000,recorded,relative,correction,"equal-weight summaries of recorded source-training batch statistics; changing models, not frozen population estimates",/tmp/p01-d1-20260919-1irHPs/artifacts/d1_pu_20260919/core/O/seed_42/training_responses.csv
O,42,core,response,2,,,b_over_sqrt_A,,signed probability direction; undefined when A=0,0.06905689161920109,0.03539307383643911,1000,0,1000,recorded,relative,correction,"equal-weight summaries of recorded source-training batch statistics; changing models, not frozen population estimates",/tmp/p01-d1-20260919-1irHPs/artifacts/d1_pu_20260919/core/O/seed_42/training_responses.csv
O,42,core,response,2,,,delta_p0_squared_norm,,squared probability L2 norm,9.167975429702602e-14,5.964684380633557e-14,1000,0,1000,recorded,relative,correction,"equal-weight summaries of recorded source-training batch statistics; changing models, not frozen population estimates",/tmp/p01-d1-20260919-1irHPs/artifacts/d1_pu_20260919/core/O/seed_42/training_responses.csv
O,42,core,response,2,,,delta_q_squared_norm,,squared probability L2 norm,8.577187491844995e-07,4.7333132613402995e-07,1000,0,1000,recorded,relative,correction,"equal-weight summaries of recorded source-training batch statistics; changing models, not frozen population estimates",/tmp/p01-d1-20260919-1irHPs/artifacts/d1_pu_20260919/core/O/seed_42/training_responses.csv
O,42,core,response,2,,,delta_v_squared_norm,,squared probability L2 norm,8.577018581177876e-07,4.733660432520992e-07,1000,0,1000,recorded,relative,correction,"equal-weight summaries of recorded source-training batch statistics; changing models, not frozen population estimates",/tmp/p01-d1-20260919-1irHPs/artifacts/d1_pu_20260919/core/O/seed_42/training_responses.csv
O,42,core,response,2,,,delta_p0_mean_vector,0,signed probability; frozen class-order index,-1.2498858268372714e-09,-1.6698322724550962e-09,1000,0,1000,recorded,relative,correction,"equal-weight summaries of recorded source-training batch statistics; changing models, not frozen population estimates",/tmp/p01-d1-20260919-1irHPs/artifacts/d1_pu_20260919/core/O/seed_42/training_responses.csv
O,42,core,response,2,,,delta_p0_mean_vector,1,signed probability; frozen class-order index,-1.4118850231170654e-09,0.0,1000,0,1000,recorded,relative,correction,"equal-weight summaries of recorded source-training batch statistics; changing models, not frozen population estimates",/tmp/p01-d1-20260919-1irHPs/artifacts/d1_pu_20260919/core/O/seed_42/training_responses.csv
O,42,core,response,2,,,delta_p0_mean_vector,2,signed probability; frozen class-order index,2.380460500717163e-09,0.0,1000,0,1000,recorded,relative,correction,"equal-weight summaries of recorded source-training batch statistics; changing models, not frozen population estimates",/tmp/p01-d1-20260919-1irHPs/artifacts/d1_pu_20260919/core/O/seed_42/training_responses.csv
O,42,core,response,2,,,delta_q_mean_vector,0,signed probability; frozen class-order index,8.450303372228518e-06,4.60352748632431e-06,1000,0,1000,recorded,relative,correction,"equal-weight summaries of recorded source-training batch statistics; changing models, not frozen population estimates",/tmp/p01-d1-20260919-1irHPs/artifacts/d1_pu_20260919/core/O/seed_42/training_responses.csv
O,42,core,response,2,,,delta_q_mean_vector,1,signed probability; frozen class-order index,5.518022924661636e-06,1.0069459676742554e-05,1000,0,1000,recorded,relative,correction,"equal-weight summaries of recorded source-training batch statistics; changing models, not frozen population estimates",/tmp/p01-d1-20260919-1irHPs/artifacts/d1_pu_20260919/core/O/seed_42/training_responses.csv
O,42,core,response,2,,,delta_q_mean_vector,2,signed probability; frozen class-order index,-1.3967543840408325e-05,-1.4349818229675293e-05,1000,0,1000,recorded,relative,correction,"equal-weight summaries of recorded source-training batch statistics; changing models, not frozen population estimates",/tmp/p01-d1-20260919-1irHPs/artifacts/d1_pu_20260919/core/O/seed_42/training_responses.csv
O,42,core,response,2,,,delta_v_mean_vector,0,signed probability; frozen class-order index,8.451562520349399e-06,4.682224243879318e-06,1000,0,1000,recorded,relative,correction,"equal-weight summaries of recorded source-training batch statistics; changing models, not frozen population estimates",/tmp/p01-d1-20260919-1irHPs/artifacts/d1_pu_20260919/core/O/seed_42/training_responses.csv
O,42,core,response,2,,,delta_v_mean_vector,1,signed probability; frozen class-order index,5.519485101103783e-06,1.0069459676742554e-05,1000,0,1000,recorded,relative,correction,"equal-weight summaries of recorded source-training batch statistics; changing models, not frozen population estimates",/tmp/p01-d1-20260919-1irHPs/artifacts/d1_pu_20260919/core/O/seed_42/training_responses.csv
O,42,core,response,2,,,delta_v_mean_vector,2,signed probability; frozen class-order index,-1.396992802619934e-05,-1.4390796422958374e-05,1000,0,1000,recorded,relative,correction,"equal-weight summaries of recorded source-training batch statistics; changing models, not frozen population estimates",/tmp/p01-d1-20260919-1irHPs/artifacts/d1_pu_20260919/core/O/seed_42/training_responses.csv
O,42,core,response,3,,,A,,squared probability L2 norm,0.057605030986946075,0.04827260412275791,1000,0,1000,recorded,relative,correction,"equal-weight summaries of recorded source-training batch statistics; changing models, not frozen population estimates",/tmp/p01-d1-20260919-1irHPs/artifacts/d1_pu_20260919/core/O/seed_42/training_responses.csv
O,42,core,response,3,,,b,,probability inner product,0.03818434514338151,0.04219941049814224,1000,0,1000,recorded,relative,correction,"equal-weight summaries of recorded source-training batch statistics; changing models, not frozen population estimates",/tmp/p01-d1-20260919-1irHPs/artifacts/d1_pu_20260919/core/O/seed_42/training_responses.csv
O,42,core,response,3,,,sqrt_A,,probability L2 norm,0.22758729813010983,0.21971024022114446,1000,0,1000,recorded,relative,correction,"equal-weight summaries of recorded source-training batch statistics; changing models, not frozen population estimates",/tmp/p01-d1-20260919-1irHPs/artifacts/d1_pu_20260919/core/O/seed_42/training_responses.csv
O,42,core,response,3,,,b_over_sqrt_A,,signed probability direction; undefined when A=0,0.18205170358370978,0.2183912145069285,1000,0,1000,recorded,relative,correction,"equal-weight summaries of recorded source-training batch statistics; changing models, not frozen population estimates",/tmp/p01-d1-20260919-1irHPs/artifacts/d1_pu_20260919/core/O/seed_42/training_responses.csv
O,42,core,response,3,,,delta_p0_squared_norm,,squared probability L2 norm,8.8179166639129e-14,5.75251651868669e-14,1000,0,1000,recorded,relative,correction,"equal-weight summaries of recorded source-training batch statistics; changing models, not frozen population estimates",/tmp/p01-d1-20260919-1irHPs/artifacts/d1_pu_20260919/core/O/seed_42/training_responses.csv
O,42,core,response,3,,,delta_q_squared_norm,,squared probability L2 norm,7.684065789471672e-07,4.587393220845115e-07,1000,0,1000,recorded,relative,correction,"equal-weight summaries of recorded source-training batch statistics; changing models, not frozen population estimates",/tmp/p01-d1-20260919-1irHPs/artifacts/d1_pu_20260919/core/O/seed_42/training_responses.csv
O,42,core,response,3,,,delta_v_squared_norm,,squared probability L2 norm,7.683968532310459e-07,4.5866299558383616e-07,1000,0,1000,recorded,relative,correction,"equal-weight summaries of recorded source-training batch statistics; changing models, not frozen population estimates",/tmp/p01-d1-20260919-1irHPs/artifacts/d1_pu_20260919/core/O/seed_42/training_responses.csv
O,42,core,response,3,,,delta_p0_mean_vector,0,signed probability; frozen class-order index,-1.0029383702203632e-08,-2.939486876130104e-09,1000,0,1000,recorded,relative,correction,"equal-weight summaries of recorded source-training batch statistics; changing models, not frozen population estimates",/tmp/p01-d1-20260919-1irHPs/artifacts/d1_pu_20260919/core/O/seed_42/training_responses.csv
O,42,core,response,3,,,delta_p0_mean_vector,1,signed probability; frozen class-order index,2.5033950805664064e-09,0.0,1000,0,1000,recorded,relative,correction,"equal-weight summaries of recorded source-training batch statistics; changing models, not frozen population estimates",/tmp/p01-d1-20260919-1irHPs/artifacts/d1_pu_20260919/core/O/seed_42/training_responses.csv
O,42,core,response,3,,,delta_p0_mean_vector,2,signed probability; frozen class-order index,8.255243301391602e-09,7.450580596923828e-09,1000,0,1000,recorded,relative,correction,"equal-weight summaries of recorded source-training batch statistics; changing models, not frozen population estimates",/tmp/p01-d1-20260919-1irHPs/artifacts/d1_pu_20260919/core/O/seed_42/training_responses.csv
O,42,core,response,3,,,delta_q_mean_vector,0,signed probability; frozen class-order index,-2.596879203338176e-05,-1.845322549343109e-05,1000,0,1000,recorded,relative,correction,"equal-weight summaries of recorded source-training batch statistics; changing models, not frozen population estimates",/tmp/p01-d1-20260919-1irHPs/artifacts/d1_pu_20260919/core/O/seed_42/training_responses.csv
O,42,core,response,3,,,delta_q_mean_vector,1,signed probability; frozen class-order index,1.189894787967205e-05,4.580244421958923e-06,1000,0,1000,recorded,relative,correction,"equal-weight summaries of recorded source-training batch statistics; changing models, not frozen population estimates",/tmp/p01-d1-20260919-1irHPs/artifacts/d1_pu_20260919/core/O/seed_42/training_responses.csv
O,42,core,response,3,,,delta_q_mean_vector,2,signed probability; frozen class-order index,1.407056674361229e-05,1.1481344699859619e-05,1000,0,1000,recorded,relative,correction,"equal-weight summaries of recorded source-training batch statistics; changing models, not frozen population estimates",/tmp/p01-d1-20260919-1irHPs/artifacts/d1_pu_20260919/core/O/seed_42/training_responses.csv
O,42,core,response,3,,,delta_v_mean_vector,0,signed probability; frozen class-order index,-2.5958907091990115e-05,-1.831725239753723e-05,1000,0,1000,recorded,relative,correction,"equal-weight summaries of recorded source-training batch statistics; changing models, not frozen population estimates",/tmp/p01-d1-20260919-1irHPs/artifacts/d1_pu_20260919/core/O/seed_42/training_responses.csv
O,42,core,response,3,,,delta_v_mean_vector,1,signed probability; frozen class-order index,1.189638301730156e-05,4.61190938949585e-06,1000,0,1000,recorded,relative,correction,"equal-weight summaries of recorded source-training batch statistics; changing models, not frozen population estimates",/tmp/p01-d1-20260919-1irHPs/artifacts/d1_pu_20260919/core/O/seed_42/training_responses.csv
O,42,core,response,3,,,delta_v_mean_vector,2,signed probability; frozen class-order index,1.4062315225601197e-05,1.1477619409561157e-05,1000,0,1000,recorded,relative,correction,"equal-weight summaries of recorded source-training batch statistics; changing models, not frozen population estimates",/tmp/p01-d1-20260919-1irHPs/artifacts/d1_pu_20260919/core/O/seed_42/training_responses.csv
O,42,core,objective,,,,loss,,CE + beta Brier + weighted consistency,0.06239662519991907,0.04580894857645035,1000,0,1000,recorded,relative,correction,"equal-weight summaries of recorded source-training batch statistics; changing models, not frozen population estimates",/tmp/p01-d1-20260919-1irHPs/artifacts/d1_pu_20260919/core/O/seed_42/training_batches.csv
O,42,core,objective,,,,risk_objective,,CE + beta Brier,0.06239662519991907,0.04580894857645035,1000,0,1000,recorded,relative,correction,"equal-weight summaries of recorded source-training batch statistics; changing models, not frozen population estimates",/tmp/p01-d1-20260919-1irHPs/artifacts/d1_pu_20260919/core/O/seed_42/training_batches.csv
O,42,core,objective,,,,diagnostic_excess,,CE + beta Brier,0.06239662519991907,0.04580894857645035,1000,0,1000,recorded,relative,correction,"equal-weight summaries of recorded source-training batch statistics; changing models, not frozen population estimates",/tmp/p01-d1-20260919-1irHPs/artifacts/d1_pu_20260919/core/O/seed_42/training_batches.csv
O,42,core,objective,,,,max_source_excess,,CE + beta Brier,0.2949890778530389,0.2554682046175003,1000,0,1000,recorded,relative,correction,"equal-weight summaries of recorded source-training batch statistics; changing models, not frozen population estimates",/tmp/p01-d1-20260919-1irHPs/artifacts/d1_pu_20260919/core/O/seed_42/training_batches.csv
O,42,core,objective,,,,source_envelope,,CE + beta Brier,0.4262554725594819,0.39713890850543976,1000,0,1000,recorded,relative,correction,"equal-weight summaries of recorded source-training batch statistics; changing models, not frozen population estimates",/tmp/p01-d1-20260919-1irHPs/artifacts/d1_pu_20260919/core/O/seed_42/training_batches.csv
O,42,core,objective,,,,correction_consistency,,unweighted squared probability L2 norm,7.626310590149732e-07,5.39015871936499e-07,1000,0,1000,recorded,relative,correction,"equal-weight summaries of recorded source-training batch statistics; changing models, not frozen population estimates",/tmp/p01-d1-20260919-1irHPs/artifacts/d1_pu_20260919/core/O/seed_42/training_batches.csv
O,42,core,objective,,,,candidate_output_consistency,,unweighted squared probability L2 norm,7.626361661253744e-07,5.390211583744531e-07,1000,0,1000,recorded,relative,correction,"equal-weight summaries of recorded source-training batch statistics; changing models, not frozen population estimates",/tmp/p01-d1-20260919-1irHPs/artifacts/d1_pu_20260919/core/O/seed_42/training_batches.csv
O,42,core,objective,,,,reference_output_consistency,,squared probability L2 norm,8.553051257439845e-14,7.071763218958506e-14,1000,0,1000,recorded,relative,correction,"equal-weight summaries of recorded source-training batch statistics; changing models, not frozen population estimates",/tmp/p01-d1-20260919-1irHPs/artifacts/d1_pu_20260919/core/O/seed_42/training_batches.csv
O,42,core,objective,,,,pair_penalty,,selected unweighted squared probability L2 norm,7.626310590149732e-07,5.39015871936499e-07,1000,0,1000,recorded,relative,correction,"equal-weight summaries of recorded source-training batch statistics; changing models, not frozen population estimates",/tmp/p01-d1-20260919-1irHPs/artifacts/d1_pu_20260919/core/O/seed_42/training_batches.csv
O,123,core,domain_risk,0,,,candidate_risk,,CE + beta Brier,0.9762708001732826,0.9796058833599091,1000,0,1000,recorded,relative,correction,"equal-weight summaries of recorded source-training batch statistics; changing models, not frozen population estimates",/tmp/p01-d1-20260919-1irHPs/artifacts/d1_pu_20260919/core/O/seed_123/training_domains.csv
O,123,core,domain_risk,0,,,reference_risk,,CE + beta Brier,0.8920366529524326,0.8862411379814148,1000,0,1000,recorded,relative,correction,"equal-weight summaries of recorded source-training batch statistics; changing models, not frozen population estimates",/tmp/p01-d1-20260919-1irHPs/artifacts/d1_pu_20260919/core/O/seed_123/training_domains.csv
O,123,core,domain_risk,0,,,excess,,CE + beta Brier,0.08423415020876564,0.07144001498818398,1000,0,1000,recorded,relative,correction,"equal-weight summaries of recorded source-training batch statistics; changing models, not frozen population estimates",/tmp/p01-d1-20260919-1irHPs/artifacts/d1_pu_20260919/core/O/seed_123/training_domains.csv
O,123,core,domain_risk,0,,,weight,,dimensionless,0.3333333432674408,0.3333333432674408,1000,0,1000,recorded,relative,correction,"equal-weight summaries of recorded source-training batch statistics; changing models, not frozen population estimates",/tmp/p01-d1-20260919-1irHPs/artifacts/d1_pu_20260919/core/O/seed_123/training_domains.csv
O,123,core,domain_risk,2,,,candidate_risk,,CE + beta Brier,0.9895282034873962,0.9984872043132782,1000,0,1000,recorded,relative,correction,"equal-weight summaries of recorded source-training batch statistics; changing models, not frozen population estimates",/tmp/p01-d1-20260919-1irHPs/artifacts/d1_pu_20260919/core/O/seed_123/training_domains.csv
O,123,core,domain_risk,2,,,reference_risk,,CE + beta Brier,0.8986859718561172,0.8900976777076721,1000,0,1000,recorded,relative,correction,"equal-weight summaries of recorded source-training batch statistics; changing models, not frozen population estimates",/tmp/p01-d1-20260919-1irHPs/artifacts/d1_pu_20260919/core/O/seed_123/training_domains.csv
O,123,core,domain_risk,2,,,excess,,CE + beta Brier,0.0908422306701541,0.07231373339891434,1000,0,1000,recorded,relative,correction,"equal-weight summaries of recorded source-training batch statistics; changing models, not frozen population estimates",/tmp/p01-d1-20260919-1irHPs/artifacts/d1_pu_20260919/core/O/seed_123/training_domains.csv
O,123,core,domain_risk,2,,,weight,,dimensionless,0.3333333432674408,0.3333333432674408,1000,0,1000,recorded,relative,correction,"equal-weight summaries of recorded source-training batch statistics; changing models, not frozen population estimates",/tmp/p01-d1-20260919-1irHPs/artifacts/d1_pu_20260919/core/O/seed_123/training_domains.csv
O,123,core,domain_risk,3,,,candidate_risk,,CE + beta Brier,0.9413986012935639,0.9361863434314728,1000,0,1000,recorded,relative,correction,"equal-weight summaries of recorded source-training batch statistics; changing models, not frozen population estimates",/tmp/p01-d1-20260919-1irHPs/artifacts/d1_pu_20260919/core/O/seed_123/training_domains.csv
O,123,core,domain_risk,3,,,reference_risk,,CE + beta Brier,0.9357936109304428,0.9071381986141205,1000,0,1000,recorded,relative,correction,"equal-weight summaries of recorded source-training batch statistics; changing models, not frozen population estimates",/tmp/p01-d1-20260919-1irHPs/artifacts/d1_pu_20260919/core/O/seed_123/training_domains.csv
O,123,core,domain_risk,3,,,excess,,CE + beta Brier,0.005604990782681852,-0.002451956272125244,1000,0,1000,recorded,relative,correction,"equal-weight summaries of recorded source-training batch statistics; changing models, not frozen population estimates",/tmp/p01-d1-20260919-1irHPs/artifacts/d1_pu_20260919/core/O/seed_123/training_domains.csv
O,123,core,domain_risk,3,,,weight,,dimensionless,0.3333333432674408,0.3333333432674408,1000,0,1000,recorded,relative,correction,"equal-weight summaries of recorded source-training batch statistics; changing models, not frozen population estimates",/tmp/p01-d1-20260919-1irHPs/artifacts/d1_pu_20260919/core/O/seed_123/training_domains.csv
O,123,core,reference_prior,,0,2,reference_risk_difference_over_rho,,dimensionless (c_i-c_j)/rho,-0.026597275614738465,-0.026183724403381348,1000,0,1000,recorded,relative,correction,"equal-weight summaries of recorded source-training batch statistics; changing models, not frozen population estimates",/tmp/p01-d1-20260919-1irHPs/artifacts/d1_pu_20260919/core/O/seed_123/training_reference_prior.csv
O,123,core,reference_prior,,0,3,reference_risk_difference_over_rho,,dimensionless (c_i-c_j)/rho,-0.17502783191204072,-0.10955584049224854,1000,0,1000,recorded,relative,correction,"equal-weight summaries of recorded source-training batch statistics; changing models, not frozen population estimates",/tmp/p01-d1-20260919-1irHPs/artifacts/d1_pu_20260919/core/O/seed_123/training_reference_prior.csv
O,123,core,reference_prior,,2,3,reference_risk_difference_over_rho,,dimensionless (c_i-c_j)/rho,-0.14843055629730226,-0.13476848602294922,1000,0,1000,recorded,relative,correction,"equal-weight summaries of recorded source-training batch statistics; changing models, not frozen population estimates",/tmp/p01-d1-20260919-1irHPs/artifacts/d1_pu_20260919/core/O/seed_123/training_reference_prior.csv
O,123,core,response,0,,,A,,squared probability L2 norm,0.05516726054833271,0.04584352858364582,1000,0,1000,recorded,relative,correction,"equal-weight summaries of recorded source-training batch statistics; changing models, not frozen population estimates",/tmp/p01-d1-20260919-1irHPs/artifacts/d1_pu_20260919/core/O/seed_123/training_responses.csv
O,123,core,response,0,,,b,,probability inner product,0.014936176158022136,0.012303133495151997,1000,0,1000,recorded,relative,correction,"equal-weight summaries of recorded source-training batch statistics; changing models, not frozen population estimates",/tmp/p01-d1-20260919-1irHPs/artifacts/d1_pu_20260919/core/O/seed_123/training_responses.csv
O,123,core,response,0,,,sqrt_A,,probability L2 norm,0.2209715260688047,0.21411071211804758,1000,0,1000,recorded,relative,correction,"equal-weight summaries of recorded source-training batch statistics; changing models, not frozen population estimates",/tmp/p01-d1-20260919-1irHPs/artifacts/d1_pu_20260919/core/O/seed_123/training_responses.csv
O,123,core,response,0,,,b_over_sqrt_A,,signed probability direction; undefined when A=0,0.08915215775163803,0.06606924104340728,1000,0,1000,recorded,relative,correction,"equal-weight summaries of recorded source-training batch statistics; changing models, not frozen population estimates",/tmp/p01-d1-20260919-1irHPs/artifacts/d1_pu_20260919/core/O/seed_123/training_responses.csv
O,123,core,response,0,,,delta_p0_squared_norm,,squared probability L2 norm,7.665655054116488e-14,5.0209836288672705e-14,1000,0,1000,recorded,relative,correction,"equal-weight summaries of recorded source-training batch statistics; changing models, not frozen population estimates",/tmp/p01-d1-20260919-1irHPs/artifacts/d1_pu_20260919/core/O/seed_123/training_responses.csv
O,123,core,response,0,,,delta_q_squared_norm,,squared probability L2 norm,8.994094895101723e-07,4.779220148520835e-07,1000,0,1000,recorded,relative,correction,"equal-weight summaries of recorded source-training batch statistics; changing models, not frozen population estimates",/tmp/p01-d1-20260919-1irHPs/artifacts/d1_pu_20260919/core/O/seed_123/training_responses.csv
O,123,core,response,0,,,delta_v_squared_norm,,squared probability L2 norm,8.994374580482134e-07,4.778244715453184e-07,1000,0,1000,recorded,relative,correction,"equal-weight summaries of recorded source-training batch statistics; changing models, not frozen population estimates",/tmp/p01-d1-20260919-1irHPs/artifacts/d1_pu_20260919/core/O/seed_123/training_responses.csv
O,123,core,response,0,,,delta_p0_mean_vector,0,signed probability; frozen class-order index,-1.0634157661115751e-09,0.0,1000,0,1000,recorded,relative,correction,"equal-weight summaries of recorded source-training batch statistics; changing models, not frozen population estimates",/tmp/p01-d1-20260919-1irHPs/artifacts/d1_pu_20260919/core/O/seed_123/training_responses.csv
O,123,core,response,0,,,delta_p0_mean_vector,1,signed probability; frozen class-order index,3.7606805562973025e-09,3.725290298461914e-09,1000,0,1000,recorded,relative,correction,"equal-weight summaries of recorded source-training batch statistics; changing models, not frozen population estimates",/tmp/p01-d1-20260919-1irHPs/artifacts/d1_pu_20260919/core/O/seed_123/training_responses.csv
O,123,core,response,0,,,delta_p0_mean_vector,2,signed probability; frozen class-order index,2.9243528842926027e-09,0.0,1000,0,1000,recorded,relative,correction,"equal-weight summaries of recorded source-training batch statistics; changing models, not frozen population estimates",/tmp/p01-d1-20260919-1irHPs/artifacts/d1_pu_20260919/core/O/seed_123/training_responses.csv
O,123,core,response,0,,,delta_q_mean_vector,0,signed probability; frozen class-order index,1.4475860225502403e-06,9.872019290924072e-07,1000,0,1000,recorded,relative,correction,"equal-weight summaries of recorded source-training batch statistics; changing models, not frozen population estimates",/tmp/p01-d1-20260919-1irHPs/artifacts/d1_pu_20260919/core/O/seed_123/training_responses.csv
O,123,core,response,0,,,delta_q_mean_vector,1,signed probability; frozen class-order index,2.630818635225296e-05,1.0831281542778015e-05,1000,0,1000,recorded,relative,correction,"equal-weight summaries of recorded source-training batch statistics; changing models, not frozen population estimates",/tmp/p01-d1-20260919-1irHPs/artifacts/d1_pu_20260919/core/O/seed_123/training_responses.csv
O,123,core,response,0,,,delta_q_mean_vector,2,signed probability; frozen class-order index,-2.7757493779063226e-05,-1.1418014764785767e-05,1000,0,1000,recorded,relative,correction,"equal-weight summaries of recorded source-training batch statistics; changing models, not frozen population estimates",/tmp/p01-d1-20260919-1irHPs/artifacts/d1_pu_20260919/core/O/seed_123/training_responses.csv
O,123,core,response,0,,,delta_v_mean_vector,0,signed probability; frozen class-order index,1.4486889413092284e-06,9.592622518539429e-07,1000,0,1000,recorded,relative,correction,"equal-weight summaries of recorded source-training batch statistics; changing models, not frozen population estimates",/tmp/p01-d1-20260919-1irHPs/artifacts/d1_pu_20260919/core/O/seed_123/training_responses.csv
O,123,core,response,0,,,delta_v_mean_vector,1,signed probability; frozen class-order index,2.630445547401905e-05,1.0831281542778015e-05,1000,0,1000,recorded,relative,correction,"equal-weight summaries of recorded source-training batch statistics; changing models, not frozen population estimates",/tmp/p01-d1-20260919-1irHPs/artifacts/d1_pu_20260919/core/O/seed_123/training_responses.csv
O,123,core,response,0,,,delta_v_mean_vector,2,signed probability; frozen class-order index,-2.776043675839901e-05,-1.1336058378219604e-05,1000,0,1000,recorded,relative,correction,"equal-weight summaries of recorded source-training batch statistics; changing models, not frozen population estimates",/tmp/p01-d1-20260919-1irHPs/artifacts/d1_pu_20260919/core/O/seed_123/training_responses.csv
O,123,core,response,2,,,A,,squared probability L2 norm,0.05648788689562934,0.04717966541647911,1000,0,1000,recorded,relative,correction,"equal-weight summaries of recorded source-training batch statistics; changing models, not frozen population estimates",/tmp/p01-d1-20260919-1irHPs/artifacts/d1_pu_20260919/core/O/seed_123/training_responses.csv
O,123,core,response,2,,,b,,probability inner product,0.011554807919426821,0.01196724222972989,1000,0,1000,recorded,relative,correction,"equal-weight summaries of recorded source-training batch statistics; changing models, not frozen population estimates",/tmp/p01-d1-20260919-1irHPs/artifacts/d1_pu_20260919/core/O/seed_123/training_responses.csv
O,123,core,response,2,,,sqrt_A,,probability L2 norm,0.22448782282524501,0.2172088053739034,1000,0,1000,recorded,relative,correction,"equal-weight summaries of recorded source-training batch statistics; changing models, not frozen population estimates",/tmp/p01-d1-20260919-1irHPs/artifacts/d1_pu_20260919/core/O/seed_123/training_responses.csv
O,123,core,response,2,,,b_over_sqrt_A,,signed probability direction; undefined when A=0,0.06727181021792626,0.05410478803534496,1000,0,1000,recorded,relative,correction,"equal-weight summaries of recorded source-training batch statistics; changing models, not frozen population estimates",/tmp/p01-d1-20260919-1irHPs/artifacts/d1_pu_20260919/core/O/seed_123/training_responses.csv
O,123,core,response,2,,,delta_p0_squared_norm,,squared probability L2 norm,8.990498388680851e-14,5.690260105283267e-14,1000,0,1000,recorded,relative,correction,"equal-weight summaries of recorded source-training batch statistics; changing models, not frozen population estimates",/tmp/p01-d1-20260919-1irHPs/artifacts/d1_pu_20260919/core/O/seed_123/training_responses.csv
O,123,core,response,2,,,delta_q_squared_norm,,squared probability L2 norm,9.43761287625633e-07,5.018468982598279e-07,1000,0,1000,recorded,relative,correction,"equal-weight summaries of recorded source-training batch statistics; changing models, not frozen population estimates",/tmp/p01-d1-20260919-1irHPs/artifacts/d1_pu_20260919/core/O/seed_123/training_responses.csv
O,123,core,response,2,,,delta_v_squared_norm,,squared probability L2 norm,9.437373659317849e-07,5.019329876176926e-07,1000,0,1000,recorded,relative,correction,"equal-weight summaries of recorded source-training batch statistics; changing models, not frozen population estimates",/tmp/p01-d1-20260919-1irHPs/artifacts/d1_pu_20260919/core/O/seed_123/training_responses.csv
O,123,core,response,2,,,delta_p0_mean_vector,0,signed probability; frozen class-order index,-6.798974936828017e-09,-3.310560714453459e-10,1000,0,1000,recorded,relative,correction,"equal-weight summaries of recorded source-training batch statistics; changing models, not frozen population estimates",/tmp/p01-d1-20260919-1irHPs/artifacts/d1_pu_20260919/core/O/seed_123/training_responses.csv
O,123,core,response,2,,,delta_p0_mean_vector,1,signed probability; frozen class-order index,2.00420618057251e-09,0.0,1000,0,1000,recorded,relative,correction,"equal-weight summaries of recorded source-training batch statistics; changing models, not frozen population estimates",/tmp/p01-d1-20260919-1irHPs/artifacts/d1_pu_20260919/core/O/seed_123/training_responses.csv
O,123,core,response,2,,,delta_p0_mean_vector,2,signed probability; frozen class-order index,3.63960862159729e-09,0.0,1000,0,1000,recorded,relative,correction,"equal-weight summaries of recorded source-training batch statistics; changing models, not frozen population estimates",/tmp/p01-d1-20260919-1irHPs/artifacts/d1_pu_20260919/core/O/seed_123/training_responses.csv
O,123,core,response,2,,,delta_q_mean_vector,0,signed probability; frozen class-order index,2.5459977769060062e-05,1.2434786185622215e-05,1000,0,1000,recorded,relative,correction,"equal-weight summaries of recorded source-training batch statistics; changing models, not frozen population estimates",/tmp/p01-d1-20260919-1irHPs/artifacts/d1_pu_20260919/core/O/seed_123/training_responses.csv
O,123,core,response,2,,,delta_q_mean_vector,1,signed probability; frozen class-order index,-1.5962358564138414e-05,-1.1835247278213501e-05,1000,0,1000,recorded,relative,correction,"equal-weight summaries of recorded source-training batch statistics; changing models, not frozen population estimates",/tmp/p01-d1-20260919-1irHPs/artifacts/d1_pu_20260919/core/O/seed_123/training_responses.csv
O,123,core,response,2,,,delta_q_mean_vector,2,signed probability; frozen class-order index,-9.49818268418312e-06,-1.775100827217102e-06,1000,0,1000,recorded,relative,correction,"equal-weight summaries of recorded source-training batch statistics; changing models, not frozen population estimates",/tmp/p01-d1-20260919-1irHPs/artifacts/d1_pu_20260919/core/O/seed_123/training_responses.csv
O,123,core,response,2,,,delta_v_mean_vector,0,signed probability; frozen class-order index,2.546672636526637e-05,1.2318138033151627e-05,1000,0,1000,recorded,relative,correction,"equal-weight summaries of recorded source-training batch statistics; changing models, not frozen population estimates",/tmp/p01-d1-20260919-1irHPs/artifacts/d1_pu_20260919/core/O/seed_123/training_responses.csv
O,123,core,response,2,,,delta_v_mean_vector,1,signed probability; frozen class-order index,-1.596435345709324e-05,-1.187250018119812e-05,1000,0,1000,recorded,relative,correction,"equal-weight summaries of recorded source-training batch statistics; changing models, not frozen population estimates",/tmp/p01-d1-20260919-1irHPs/artifacts/d1_pu_20260919/core/O/seed_123/training_responses.csv
O,123,core,response,2,,,delta_v_mean_vector,2,signed probability; frozen class-order index,-9.50181856751442e-06,-1.817941665649414e-06,1000,0,1000,recorded,relative,correction,"equal-weight summaries of recorded source-training batch statistics; changing models, not frozen population estimates",/tmp/p01-d1-20260919-1irHPs/artifacts/d1_pu_20260919/core/O/seed_123/training_responses.csv
O,123,core,response,3,,,A,,squared probability L2 norm,0.05353946334210923,0.04403703846037388,1000,0,1000,recorded,relative,correction,"equal-weight summaries of recorded source-training batch statistics; changing models, not frozen population estimates",/tmp/p01-d1-20260919-1irHPs/artifacts/d1_pu_20260919/core/O/seed_123/training_responses.csv
O,123,core,response,3,,,b,,probability inner product,0.03768403737735935,0.03943036124110222,1000,0,1000,recorded,relative,correction,"equal-weight summaries of recorded source-training batch statistics; changing models, not frozen population estimates",/tmp/p01-d1-20260919-1irHPs/artifacts/d1_pu_20260919/core/O/seed_123/training_responses.csv
O,123,core,response,3,,,sqrt_A,,probability L2 norm,0.21862141926435896,0.2098500370067659,1000,0,1000,recorded,relative,correction,"equal-weight summaries of recorded source-training batch statistics; changing models, not frozen population estimates",/tmp/p01-d1-20260919-1irHPs/artifacts/d1_pu_20260919/core/O/seed_123/training_responses.csv
O,123,core,response,3,,,b_over_sqrt_A,,signed probability direction; undefined when A=0,0.18568915085906298,0.20765849612173842,1000,0,1000,recorded,relative,correction,"equal-weight summaries of recorded source-training batch statistics; changing models, not frozen population estimates",/tmp/p01-d1-20260919-1irHPs/artifacts/d1_pu_20260919/core/O/seed_123/training_responses.csv
O,123,core,response,3,,,delta_p0_squared_norm,,squared probability L2 norm,9.033168922475922e-14,6.057863764655572e-14,1000,0,1000,recorded,relative,correction,"equal-weight summaries of recorded source-training batch statistics; changing models, not frozen population estimates",/tmp/p01-d1-20260919-1irHPs/artifacts/d1_pu_20260919/core/O/seed_123/training_responses.csv
O,123,core,response,3,,,delta_q_squared_norm,,squared probability L2 norm,9.299645745155516e-07,5.022962454859226e-07,1000,0,1000,recorded,relative,correction,"equal-weight summaries of recorded source-training batch statistics; changing models, not frozen population estimates",/tmp/p01-d1-20260919-1irHPs/artifacts/d1_pu_20260919/core/O/seed_123/training_responses.csv
O,123,core,response,3,,,delta_v_squared_norm,,squared probability L2 norm,9.299687165988945e-07,5.023435392104147e-07,1000,0,1000,recorded,relative,correction,"equal-weight summaries of recorded source-training batch statistics; changing models, not frozen population estimates",/tmp/p01-d1-20260919-1irHPs/artifacts/d1_pu_20260919/core/O/seed_123/training_responses.csv
O,123,core,response,3,,,delta_p0_mean_vector,0,signed probability; frozen class-order index,-6.458314601331949e-09,-2.08092387765646e-09,1000,0,1000,recorded,relative,correction,"equal-weight summaries of recorded source-training batch statistics; changing models, not frozen population estimates",/tmp/p01-d1-20260919-1irHPs/artifacts/d1_pu_20260919/core/O/seed_123/training_responses.csv
O,123,core,response,3,,,delta_p0_mean_vector,1,signed probability; frozen class-order index,-8.437782526016236e-10,0.0,1000,0,1000,recorded,relative,correction,"equal-weight summaries of recorded source-training batch statistics; changing models, not frozen population estimates",/tmp/p01-d1-20260919-1irHPs/artifacts/d1_pu_20260919/core/O/seed_123/training_responses.csv
O,123,core,response,3,,,delta_p0_mean_vector,2,signed probability; frozen class-order index,7.688999176025391e-09,7.450580596923828e-09,1000,0,1000,recorded,relative,correction,"equal-weight summaries of recorded source-training batch statistics; changing models, not frozen population estimates",/tmp/p01-d1-20260919-1irHPs/artifacts/d1_pu_20260919/core/O/seed_123/training_responses.csv
O,123,core,response,3,,,delta_q_mean_vector,0,signed probability; frozen class-order index,-2.988395851571113e-05,-1.2548640370368958e-05,1000,0,1000,recorded,relative,correction,"equal-weight summaries of recorded source-training batch statistics; changing models, not frozen population estimates",/tmp/p01-d1-20260919-1irHPs/artifacts/d1_pu_20260919/core/O/seed_123/training_responses.csv
O,123,core,response,3,,,delta_q_mean_vector,1,signed probability; frozen class-order index,1.1397098191082477e-05,4.597008228302002e-06,1000,0,1000,recorded,relative,correction,"equal-weight summaries of recorded source-training batch statistics; changing models, not frozen population estimates",/tmp/p01-d1-20260919-1irHPs/artifacts/d1_pu_20260919/core/O/seed_123/training_responses.csv
O,123,core,response,3,,,delta_q_mean_vector,2,signed probability; frozen class-order index,1.848692074418068e-05,7.6070427894592285e-06,1000,0,1000,recorded,relative,correction,"equal-weight summaries of recorded source-training batch statistics; changing models, not frozen population estimates",/tmp/p01-d1-20260919-1irHPs/artifacts/d1_pu_20260919/core/O/seed_123/training_responses.csv
O,123,core,response,3,,,delta_v_mean_vector,0,signed probability; frozen class-order index,-2.98775527626276e-05,-1.2500211596488953e-05,1000,0,1000,recorded,relative,correction,"equal-weight summaries of recorded source-training batch statistics; changing models, not frozen population estimates",/tmp/p01-d1-20260919-1irHPs/artifacts/d1_pu_20260919/core/O/seed_123/training_responses.csv
O,123,core,response,3,,,delta_v_mean_vector,1,signed probability; frozen class-order index,1.1397911235690118e-05,4.63239848613739e-06,1000,0,1000,recorded,relative,correction,"equal-weight summaries of recorded source-training batch statistics; changing models, not frozen population estimates",/tmp/p01-d1-20260919-1irHPs/artifacts/d1_pu_20260919/core/O/seed_123/training_responses.csv
O,123,core,response,3,,,delta_v_mean_vector,2,signed probability; frozen class-order index,1.8479209393262865e-05,7.485970854759216e-06,1000,0,1000,recorded,relative,correction,"equal-weight summaries of recorded source-training batch statistics; changing models, not frozen population estimates",/tmp/p01-d1-20260919-1irHPs/artifacts/d1_pu_20260919/core/O/seed_123/training_responses.csv
O,123,core,objective,,,,loss,,CE + beta Brier + weighted consistency,0.06022712538571796,0.0510780718177557,1000,0,1000,recorded,relative,correction,"equal-weight summaries of recorded source-training batch statistics; changing models, not frozen population estimates",/tmp/p01-d1-20260919-1irHPs/artifacts/d1_pu_20260919/core/O/seed_123/training_batches.csv
O,123,core,objective,,,,risk_objective,,CE + beta Brier,0.06022712538571796,0.0510780718177557,1000,0,1000,recorded,relative,correction,"equal-weight summaries of recorded source-training batch statistics; changing models, not frozen population estimates",/tmp/p01-d1-20260919-1irHPs/artifacts/d1_pu_20260919/core/O/seed_123/training_batches.csv
O,123,core,objective,,,,diagnostic_excess,,CE + beta Brier,0.06022712538571796,0.0510780718177557,1000,0,1000,recorded,relative,correction,"equal-weight summaries of recorded source-training batch statistics; changing models, not frozen population estimates",/tmp/p01-d1-20260919-1irHPs/artifacts/d1_pu_20260919/core/O/seed_123/training_batches.csv
O,123,core,objective,,,,max_source_excess,,CE + beta Brier,0.2768408271635417,0.2476344183087349,1000,0,1000,recorded,relative,correction,"equal-weight summaries of recorded source-training batch statistics; changing models, not frozen population estimates",/tmp/p01-d1-20260919-1irHPs/artifacts/d1_pu_20260919/core/O/seed_123/training_batches.csv
O,123,core,objective,,,,source_envelope,,CE + beta Brier,0.4123677615113556,0.39011864364147186,1000,0,1000,recorded,relative,correction,"equal-weight summaries of recorded source-training batch statistics; changing models, not frozen population estimates",/tmp/p01-d1-20260919-1irHPs/artifacts/d1_pu_20260919/core/O/seed_123/training_batches.csv
O,123,core,objective,,,,correction_consistency,,unweighted squared probability L2 norm,9.24381206883651e-07,6.362730005093908e-07,1000,0,1000,recorded,relative,correction,"equal-weight summaries of recorded source-training batch statistics; changing models, not frozen population estimates",/tmp/p01-d1-20260919-1irHPs/artifacts/d1_pu_20260919/core/O/seed_123/training_batches.csv
O,123,core,objective,,,,candidate_output_consistency,,unweighted squared probability L2 norm,9.24378477749066e-07,6.363097782013938e-07,1000,0,1000,recorded,relative,correction,"equal-weight summaries of recorded source-training batch statistics; changing models, not frozen population estimates",/tmp/p01-d1-20260919-1irHPs/artifacts/d1_pu_20260919/core/O/seed_123/training_batches.csv
O,123,core,objective,,,,reference_output_consistency,,squared probability L2 norm,8.56310768791221e-14,7.246171707369492e-14,1000,0,1000,recorded,relative,correction,"equal-weight summaries of recorded source-training batch statistics; changing models, not frozen population estimates",/tmp/p01-d1-20260919-1irHPs/artifacts/d1_pu_20260919/core/O/seed_123/training_batches.csv
O,123,core,objective,,,,pair_penalty,,selected unweighted squared probability L2 norm,9.24381206883651e-07,6.362730005093908e-07,1000,0,1000,recorded,relative,correction,"equal-weight summaries of recorded source-training batch statistics; changing models, not frozen population estimates",/tmp/p01-d1-20260919-1irHPs/artifacts/d1_pu_20260919/core/O/seed_123/training_batches.csv
O,456,core,domain_risk,0,,,candidate_risk,,CE + beta Brier,0.9746507058739662,0.9765401780605316,1000,0,1000,recorded,relative,correction,"equal-weight summaries of recorded source-training batch statistics; changing models, not frozen population estimates",/tmp/p01-d1-20260919-1irHPs/artifacts/d1_pu_20260919/core/O/seed_456/training_domains.csv
O,456,core,domain_risk,0,,,reference_risk,,CE + beta Brier,0.8881843837797642,0.8874300718307495,1000,0,1000,recorded,relative,correction,"equal-weight summaries of recorded source-training batch statistics; changing models, not frozen population estimates",/tmp/p01-d1-20260919-1irHPs/artifacts/d1_pu_20260919/core/O/seed_456/training_domains.csv
O,456,core,domain_risk,0,,,excess,,CE + beta Brier,0.0864663185365498,0.07369523122906685,1000,0,1000,recorded,relative,correction,"equal-weight summaries of recorded source-training batch statistics; changing models, not frozen population estimates",/tmp/p01-d1-20260919-1irHPs/artifacts/d1_pu_20260919/core/O/seed_456/training_domains.csv
O,456,core,domain_risk,0,,,weight,,dimensionless,0.3333333432674408,0.3333333432674408,1000,0,1000,recorded,relative,correction,"equal-weight summaries of recorded source-training batch statistics; changing models, not frozen population estimates",/tmp/p01-d1-20260919-1irHPs/artifacts/d1_pu_20260919/core/O/seed_456/training_domains.csv
O,456,core,domain_risk,2,,,candidate_risk,,CE + beta Brier,0.9971845880448819,1.012820839881897,1000,0,1000,recorded,relative,correction,"equal-weight summaries of recorded source-training batch statistics; changing models, not frozen population estimates",/tmp/p01-d1-20260919-1irHPs/artifacts/d1_pu_20260919/core/O/seed_456/training_domains.csv
O,456,core,domain_risk,2,,,reference_risk,,CE + beta Brier,0.8810557746291161,0.8711451292037964,1000,0,1000,recorded,relative,correction,"equal-weight summaries of recorded source-training batch statistics; changing models, not frozen population estimates",/tmp/p01-d1-20260919-1irHPs/artifacts/d1_pu_20260919/core/O/seed_456/training_domains.csv
O,456,core,domain_risk,2,,,excess,,CE + beta Brier,0.11612881180178374,0.0993829295039177,1000,0,1000,recorded,relative,correction,"equal-weight summaries of recorded source-training batch statistics; changing models, not frozen population estimates",/tmp/p01-d1-20260919-1irHPs/artifacts/d1_pu_20260919/core/O/seed_456/training_domains.csv
O,456,core,domain_risk,2,,,weight,,dimensionless,0.3333333432674408,0.3333333432674408,1000,0,1000,recorded,relative,correction,"equal-weight summaries of recorded source-training batch statistics; changing models, not frozen population estimates",/tmp/p01-d1-20260919-1irHPs/artifacts/d1_pu_20260919/core/O/seed_456/training_domains.csv
O,456,core,domain_risk,3,,,candidate_risk,,CE + beta Brier,0.9486346552073955,0.9611942172050476,1000,0,1000,recorded,relative,correction,"equal-weight summaries of recorded source-training batch statistics; changing models, not frozen population estimates",/tmp/p01-d1-20260919-1irHPs/artifacts/d1_pu_20260919/core/O/seed_456/training_domains.csv
O,456,core,domain_risk,3,,,reference_risk,,CE + beta Brier,0.9340598204731941,0.908710777759552,1000,0,1000,recorded,relative,correction,"equal-weight summaries of recorded source-training batch statistics; changing models, not frozen population estimates",/tmp/p01-d1-20260919-1irHPs/artifacts/d1_pu_20260919/core/O/seed_456/training_domains.csv
O,456,core,domain_risk,3,,,excess,,CE + beta Brier,0.01457483664341271,-0.0015850076451897621,1000,0,1000,recorded,relative,correction,"equal-weight summaries of recorded source-training batch statistics; changing models, not frozen population estimates",/tmp/p01-d1-20260919-1irHPs/artifacts/d1_pu_20260919/core/O/seed_456/training_domains.csv
O,456,core,domain_risk,3,,,weight,,dimensionless,0.3333333432674408,0.3333333432674408,1000,0,1000,recorded,relative,correction,"equal-weight summaries of recorded source-training batch statistics; changing models, not frozen population estimates",/tmp/p01-d1-20260919-1irHPs/artifacts/d1_pu_20260919/core/O/seed_456/training_domains.csv
O,456,core,reference_prior,,0,2,reference_risk_difference_over_rho,,dimensionless (c_i-c_j)/rho,0.02851443660259247,0.004777431488037109,1000,0,1000,recorded,relative,correction,"equal-weight summaries of recorded source-training batch statistics; changing models, not frozen population estimates",/tmp/p01-d1-20260919-1irHPs/artifacts/d1_pu_20260919/core/O/seed_456/training_reference_prior.csv
O,456,core,reference_prior,,0,3,reference_risk_difference_over_rho,,dimensionless (c_i-c_j)/rho,-0.18350174677371978,-0.1104898452758789,1000,0,1000,recorded,relative,correction,"equal-weight summaries of recorded source-training batch statistics; changing models, not frozen population estimates",/tmp/p01-d1-20260919-1irHPs/artifacts/d1_pu_20260919/core/O/seed_456/training_reference_prior.csv
O,456,core,reference_prior,,2,3,reference_risk_difference_over_rho,,dimensionless (c_i-c_j)/rho,-0.21201618337631226,-0.23196065425872803,1000,0,1000,recorded,relative,correction,"equal-weight summaries of recorded source-training batch statistics; changing models, not frozen population estimates",/tmp/p01-d1-20260919-1irHPs/artifacts/d1_pu_20260919/core/O/seed_456/training_reference_prior.csv
O,456,core,response,0,,,A,,squared probability L2 norm,0.0553505658977665,0.046970151364803314,1000,0,1000,recorded,relative,correction,"equal-weight summaries of recorded source-training batch statistics; changing models, not frozen population estimates",/tmp/p01-d1-20260919-1irHPs/artifacts/d1_pu_20260919/core/O/seed_456/training_responses.csv
O,456,core,response,0,,,b,,probability inner product,0.013473570346133784,0.012763552367687225,1000,0,1000,recorded,relative,correction,"equal-weight summaries of recorded source-training batch statistics; changing models, not frozen population estimates",/tmp/p01-d1-20260919-1irHPs/artifacts/d1_pu_20260919/core/O/seed_456/training_responses.csv
O,456,core,response,0,,,sqrt_A,,probability L2 norm,0.22258409071956842,0.21672597154751555,1000,0,1000,recorded,relative,correction,"equal-weight summaries of recorded source-training batch statistics; changing models, not frozen population estimates",/tmp/p01-d1-20260919-1irHPs/artifacts/d1_pu_20260919/core/O/seed_456/training_responses.csv
O,456,core,response,0,,,b_over_sqrt_A,,signed probability direction; undefined when A=0,0.08900644311579357,0.0639942278694998,1000,0,1000,recorded,relative,correction,"equal-weight summaries of recorded source-training batch statistics; changing models, not frozen population estimates",/tmp/p01-d1-20260919-1irHPs/artifacts/d1_pu_20260919/core/O/seed_456/training_responses.csv
O,456,core,response,0,,,delta_p0_squared_norm,,squared probability L2 norm,7.425386744379011e-14,4.832682783681777e-14,1000,0,1000,recorded,relative,correction,"equal-weight summaries of recorded source-training batch statistics; changing models, not frozen population estimates",/tmp/p01-d1-20260919-1irHPs/artifacts/d1_pu_20260919/core/O/seed_456/training_responses.csv
O,456,core,response,0,,,delta_q_squared_norm,,squared probability L2 norm,7.947077346537324e-07,4.388501793073374e-07,1000,0,1000,recorded,relative,correction,"equal-weight summaries of recorded source-training batch statistics; changing models, not frozen population estimates",/tmp/p01-d1-20260919-1irHPs/artifacts/d1_pu_20260919/core/O/seed_456/training_responses.csv
O,456,core,response,0,,,delta_v_squared_norm,,squared probability L2 norm,7.947382093744793e-07,4.3893838608255464e-07,1000,0,1000,recorded,relative,correction,"equal-weight summaries of recorded source-training batch statistics; changing models, not frozen population estimates",/tmp/p01-d1-20260919-1irHPs/artifacts/d1_pu_20260919/core/O/seed_456/training_responses.csv
O,456,core,response,0,,,delta_p0_mean_vector,0,signed probability; frozen class-order index,-1.9349549802427648e-09,0.0,1000,0,1000,recorded,relative,correction,"equal-weight summaries of recorded source-training batch statistics; changing models, not frozen population estimates",/tmp/p01-d1-20260919-1irHPs/artifacts/d1_pu_20260919/core/O/seed_456/training_responses.csv
O,456,core,response,0,,,delta_p0_mean_vector,1,signed probability; frozen class-order index,3.607943654060364e-09,7.450580596923828e-09,1000,0,1000,recorded,relative,correction,"equal-weight summaries of recorded source-training batch statistics; changing models, not frozen population estimates",/tmp/p01-d1-20260919-1irHPs/artifacts/d1_pu_20260919/core/O/seed_456/training_responses.csv
O,456,core,response,0,,,delta_p0_mean_vector,2,signed probability; frozen class-order index,2.1830201148986815e-09,0.0,1000,0,1000,recorded,relative,correction,"equal-weight summaries of recorded source-training batch statistics; changing models, not frozen population estimates",/tmp/p01-d1-20260919-1irHPs/artifacts/d1_pu_20260919/core/O/seed_456/training_responses.csv
O,456,core,response,0,,,delta_q_mean_vector,0,signed probability; frozen class-order index,4.094699048437178e-06,-2.494547516107559e-06,1000,0,1000,recorded,relative,correction,"equal-weight summaries of recorded source-training batch statistics; changing models, not frozen population estimates",/tmp/p01-d1-20260919-1irHPs/artifacts/d1_pu_20260919/core/O/seed_456/training_responses.csv
O,456,core,response,0,,,delta_q_mean_vector,1,signed probability; frozen class-order index,3.3984705805778503e-06,4.999339580535889e-06,1000,0,1000,recorded,relative,correction,"equal-weight summaries of recorded source-training batch statistics; changing models, not frozen population estimates",/tmp/p01-d1-20260919-1irHPs/artifacts/d1_pu_20260919/core/O/seed_456/training_responses.csv
O,456,core,response,0,,,delta_q_mean_vector,2,signed probability; frozen class-order index,-7.4936281889677045e-06,-7.37607479095459e-07,1000,0,1000,recorded,relative,correction,"equal-weight summaries of recorded source-training batch statistics; changing models, not frozen population estimates",/tmp/p01-d1-20260919-1irHPs/artifacts/d1_pu_20260919/core/O/seed_456/training_responses.csv
O,456,core,response,0,,,delta_v_mean_vector,0,signed probability; frozen class-order index,4.0966861124616115e-06,-2.4759210646152496e-06,1000,0,1000,recorded,relative,correction,"equal-weight summaries of recorded source-training batch statistics; changing models, not frozen population estimates",/tmp/p01-d1-20260919-1irHPs/artifacts/d1_pu_20260919/core/O/seed_456/training_responses.csv
O,456,core,response,0,,,delta_v_mean_vector,1,signed probability; frozen class-order index,3.3948048949241636e-06,5.062669515609741e-06,1000,0,1000,recorded,relative,correction,"equal-weight summaries of recorded source-training batch statistics; changing models, not frozen population estimates",/tmp/p01-d1-20260919-1irHPs/artifacts/d1_pu_20260919/core/O/seed_456/training_responses.csv
O,456,core,response,0,,,delta_v_mean_vector,2,signed probability; frozen class-order index,-7.495835423469543e-06,-7.059425115585327e-07,1000,0,1000,recorded,relative,correction,"equal-weight summaries of recorded source-training batch statistics; changing models, not frozen population estimates",/tmp/p01-d1-20260919-1irHPs/artifacts/d1_pu_20260919/core/O/seed_456/training_responses.csv
O,456,core,response,2,,,A,,squared probability L2 norm,0.05774290671758354,0.05012212134897709,1000,0,1000,recorded,relative,correction,"equal-weight summaries of recorded source-training batch statistics; changing models, not frozen population estimates",/tmp/p01-d1-20260919-1irHPs/artifacts/d1_pu_20260919/core/O/seed_456/training_responses.csv
O,456,core,response,2,,,b,,probability inner product,0.004813331374898553,0.004347478272393346,1000,0,1000,recorded,relative,correction,"equal-weight summaries of recorded source-training batch statistics; changing models, not frozen population estimates",/tmp/p01-d1-20260919-1irHPs/artifacts/d1_pu_20260919/core/O/seed_456/training_responses.csv
O,456,core,response,2,,,sqrt_A,,probability L2 norm,0.22750718072416165,0.22387970176569616,1000,0,1000,recorded,relative,correction,"equal-weight summaries of recorded source-training batch statistics; changing models, not frozen population estimates",/tmp/p01-d1-20260919-1irHPs/artifacts/d1_pu_20260919/core/O/seed_456/training_responses.csv
O,456,core,response,2,,,b_over_sqrt_A,,signed probability direction; undefined when A=0,0.05011240627260669,0.02375576078179553,1000,0,1000,recorded,relative,correction,"equal-weight summaries of recorded source-training batch statistics; changing models, not frozen population estimates",/tmp/p01-d1-20260919-1irHPs/artifacts/d1_pu_20260919/core/O/seed_456/training_responses.csv
O,456,core,response,2,,,delta_p0_squared_norm,,squared probability L2 norm,8.432080766379428e-14,5.2513665955316625e-14,1000,0,1000,recorded,relative,correction,"equal-weight summaries of recorded source-training batch statistics; changing models, not frozen population estimates",/tmp/p01-d1-20260919-1irHPs/artifacts/d1_pu_20260919/core/O/seed_456/training_responses.csv
O,456,core,response,2,,,delta_q_squared_norm,,squared probability L2 norm,9.000280977090602e-07,4.844004877213592e-07,1000,0,1000,recorded,relative,correction,"equal-weight summaries of recorded source-training batch statistics; changing models, not frozen population estimates",/tmp/p01-d1-20260919-1irHPs/artifacts/d1_pu_20260919/core/O/seed_456/training_responses.csv
O,456,core,response,2,,,delta_v_squared_norm,,squared probability L2 norm,9.000202627266752e-07,4.846671117775259e-07,1000,0,1000,recorded,relative,correction,"equal-weight summaries of recorded source-training batch statistics; changing models, not frozen population estimates",/tmp/p01-d1-20260919-1irHPs/artifacts/d1_pu_20260919/core/O/seed_456/training_responses.csv
O,456,core,response,2,,,delta_p0_mean_vector,0,signed probability; frozen class-order index,-5.660913302563131e-09,-6.948539521545172e-10,1000,0,1000,recorded,relative,correction,"equal-weight summaries of recorded source-training batch statistics; changing models, not frozen population estimates",/tmp/p01-d1-20260919-1irHPs/artifacts/d1_pu_20260919/core/O/seed_456/training_responses.csv
O,456,core,response,2,,,delta_p0_mean_vector,1,signed probability; frozen class-order index,1.1008232831954955e-09,0.0,1000,0,1000,recorded,relative,correction,"equal-weight summaries of recorded source-training batch statistics; changing models, not frozen population estimates",/tmp/p01-d1-20260919-1irHPs/artifacts/d1_pu_20260919/core/O/seed_456/training_responses.csv
O,456,core,response,2,,,delta_p0_mean_vector,2,signed probability; frozen class-order index,2.864748239517212e-09,1.862645149230957e-09,1000,0,1000,recorded,relative,correction,"equal-weight summaries of recorded source-training batch statistics; changing models, not frozen population estimates",/tmp/p01-d1-20260919-1irHPs/artifacts/d1_pu_20260919/core/O/seed_456/training_responses.csv
O,456,core,response,2,,,delta_q_mean_vector,0,signed probability; frozen class-order index,1.4784100058022887e-06,2.1886080503463745e-06,1000,0,1000,recorded,relative,correction,"equal-weight summaries of recorded source-training batch statistics; changing models, not frozen population estimates",/tmp/p01-d1-20260919-1irHPs/artifacts/d1_pu_20260919/core/O/seed_456/training_responses.csv
O,456,core,response,2,,,delta_q_mean_vector,1,signed probability; frozen class-order index,-1.9316965714097024e-05,-1.3574957847595215e-05,1000,0,1000,recorded,relative,correction,"equal-weight summaries of recorded source-training batch statistics; changing models, not frozen population estimates",/tmp/p01-d1-20260919-1irHPs/artifacts/d1_pu_20260919/core/O/seed_456/training_responses.csv
O,456,core,response,2,,,delta_q_mean_vector,2,signed probability; frozen class-order index,1.7840292304754256e-05,9.968876838684082e-06,1000,0,1000,recorded,relative,correction,"equal-weight summaries of recorded source-training batch statistics; changing models, not frozen population estimates",/tmp/p01-d1-20260919-1irHPs/artifacts/d1_pu_20260919/core/O/seed_456/training_responses.csv
O,456,core,response,2,,,delta_v_mean_vector,0,signed probability; frozen class-order index,1.484071952290833e-06,2.1513551473617554e-06,1000,0,1000,recorded,relative,correction,"equal-weight summaries of recorded source-training batch statistics; changing models, not frozen population estimates",/tmp/p01-d1-20260919-1irHPs/artifacts/d1_pu_20260919/core/O/seed_456/training_responses.csv
O,456,core,response,2,,,delta_v_mean_vector,1,signed probability; frozen class-order index,-1.931798830628395e-05,-1.3593584299087524e-05,1000,0,1000,recorded,relative,correction,"equal-weight summaries of recorded source-training batch statistics; changing models, not frozen population estimates",/tmp/p01-d1-20260919-1irHPs/artifacts/d1_pu_20260919/core/O/seed_456/training_responses.csv
O,456,core,response,2,,,delta_v_mean_vector,2,signed probability; frozen class-order index,1.7837436869740486e-05,9.970739483833313e-06,1000,0,1000,recorded,relative,correction,"equal-weight summaries of recorded source-training batch statistics; changing models, not frozen population estimates",/tmp/p01-d1-20260919-1irHPs/artifacts/d1_pu_20260919/core/O/seed_456/training_responses.csv
O,456,core,response,3,,,A,,squared probability L2 norm,0.05361822244920768,0.04568910039961338,1000,0,1000,recorded,relative,correction,"equal-weight summaries of recorded source-training batch statistics; changing models, not frozen population estimates",/tmp/p01-d1-20260919-1irHPs/artifacts/d1_pu_20260919/core/O/seed_456/training_responses.csv
O,456,core,response,3,,,b,,probability inner product,0.03523804006469436,0.03807530365884304,1000,0,1000,recorded,relative,correction,"equal-weight summaries of recorded source-training batch statistics; changing models, not frozen population estimates",/tmp/p01-d1-20260919-1irHPs/artifacts/d1_pu_20260919/core/O/seed_456/training_responses.csv
O,456,core,response,3,,,sqrt_A,,probability L2 norm,0.22014438065894762,0.21375002618335437,1000,0,1000,recorded,relative,correction,"equal-weight summaries of recorded source-training batch statistics; changing models, not frozen population estimates",/tmp/p01-d1-20260919-1irHPs/artifacts/d1_pu_20260919/core/O/seed_456/training_responses.csv
O,456,core,response,3,,,b_over_sqrt_A,,signed probability direction; undefined when A=0,0.17858102604732362,0.20037344411244706,1000,0,1000,recorded,relative,correction,"equal-weight summaries of recorded source-training batch statistics; changing models, not frozen population estimates",/tmp/p01-d1-20260919-1irHPs/artifacts/d1_pu_20260919/core/O/seed_456/training_responses.csv
O,456,core,response,3,,,delta_p0_squared_norm,,squared probability L2 norm,9.438529620961304e-14,5.888345366855674e-14,1000,0,1000,recorded,relative,correction,"equal-weight summaries of recorded source-training batch statistics; changing models, not frozen population estimates",/tmp/p01-d1-20260919-1irHPs/artifacts/d1_pu_20260919/core/O/seed_456/training_responses.csv
O,456,core,response,3,,,delta_q_squared_norm,,squared probability L2 norm,8.472815135881495e-07,4.721205328905853e-07,1000,0,1000,recorded,relative,correction,"equal-weight summaries of recorded source-training batch statistics; changing models, not frozen population estimates",/tmp/p01-d1-20260919-1irHPs/artifacts/d1_pu_20260919/core/O/seed_456/training_responses.csv
O,456,core,response,3,,,delta_v_squared_norm,,squared probability L2 norm,8.472635710141674e-07,4.7206515318976017e-07,1000,0,1000,recorded,relative,correction,"equal-weight summaries of recorded source-training batch statistics; changing models, not frozen population estimates",/tmp/p01-d1-20260919-1irHPs/artifacts/d1_pu_20260919/core/O/seed_456/training_responses.csv
O,456,core,response,3,,,delta_p0_mean_vector,0,signed probability; frozen class-order index,-7.474242011085152e-09,-2.0372681319713593e-09,1000,0,1000,recorded,relative,correction,"equal-weight summaries of recorded source-training batch statistics; changing models, not frozen population estimates",/tmp/p01-d1-20260919-1irHPs/artifacts/d1_pu_20260919/core/O/seed_456/training_responses.csv
O,456,core,response,3,,,delta_p0_mean_vector,1,signed probability; frozen class-order index,2.985820174217224e-09,0.0,1000,0,1000,recorded,relative,correction,"equal-weight summaries of recorded source-training batch statistics; changing models, not frozen population estimates",/tmp/p01-d1-20260919-1irHPs/artifacts/d1_pu_20260919/core/O/seed_456/training_responses.csv
O,456,core,response,3,,,delta_p0_mean_vector,2,signed probability; frozen class-order index,7.349997758865357e-09,7.450580596923828e-09,1000,0,1000,recorded,relative,correction,"equal-weight summaries of recorded source-training batch statistics; changing models, not frozen population estimates",/tmp/p01-d1-20260919-1irHPs/artifacts/d1_pu_20260919/core/O/seed_456/training_responses.csv
O,456,core,response,3,,,delta_q_mean_vector,0,signed probability; frozen class-order index,-2.685995091451332e-05,-1.4183111488819122e-05,1000,0,1000,recorded,relative,correction,"equal-weight summaries of recorded source-training batch statistics; changing models, not frozen population estimates",/tmp/p01-d1-20260919-1irHPs/artifacts/d1_pu_20260919/core/O/seed_456/training_responses.csv
O,456,core,response,3,,,delta_q_mean_vector,1,signed probability; frozen class-order index,5.950093269348144e-06,6.515532732009888e-06,1000,0,1000,recorded,relative,correction,"equal-weight summaries of recorded source-training batch statistics; changing models, not frozen population estimates",/tmp/p01-d1-20260919-1irHPs/artifacts/d1_pu_20260919/core/O/seed_456/training_responses.csv
O,456,core,response,3,,,delta_q_mean_vector,2,signed probability; frozen class-order index,2.090933546423912e-05,1.9002705812454224e-05,1000,0,1000,recorded,relative,correction,"equal-weight summaries of recorded source-training batch statistics; changing models, not frozen population estimates",/tmp/p01-d1-20260919-1irHPs/artifacts/d1_pu_20260919/core/O/seed_456/training_responses.csv
O,456,core,response,3,,,delta_v_mean_vector,0,signed probability; frozen class-order index,-2.6852532813791185e-05,-1.423712819814682e-05,1000,0,1000,recorded,relative,correction,"equal-weight summaries of recorded source-training batch statistics; changing models, not frozen population estimates",/tmp/p01-d1-20260919-1irHPs/artifacts/d1_pu_20260919/core/O/seed_456/training_responses.csv
O,456,core,response,3,,,delta_v_mean_vector,1,signed probability; frozen class-order index,5.947215482592583e-06,6.474554538726807e-06,1000,0,1000,recorded,relative,correction,"equal-weight summaries of recorded source-training batch statistics; changing models, not frozen population estimates",/tmp/p01-d1-20260919-1irHPs/artifacts/d1_pu_20260919/core/O/seed_456/training_responses.csv
O,456,core,response,3,,,delta_v_mean_vector,2,signed probability; frozen class-order index,2.090197801589966e-05,1.8991529941558838e-05,1000,0,1000,recorded,relative,correction,"equal-weight summaries of recorded source-training batch statistics; changing models, not frozen population estimates",/tmp/p01-d1-20260919-1irHPs/artifacts/d1_pu_20260919/core/O/seed_456/training_responses.csv
O,456,core,objective,,,,loss,,CE + beta Brier + weighted consistency,0.07238999117336789,0.05206115171313286,1000,0,1000,recorded,relative,correction,"equal-weight summaries of recorded source-training batch statistics; changing models, not frozen population estimates",/tmp/p01-d1-20260919-1irHPs/artifacts/d1_pu_20260919/core/O/seed_456/training_batches.csv
O,456,core,objective,,,,risk_objective,,CE + beta Brier,0.07238999117336789,0.05206115171313286,1000,0,1000,recorded,relative,correction,"equal-weight summaries of recorded source-training batch statistics; changing models, not frozen population estimates",/tmp/p01-d1-20260919-1irHPs/artifacts/d1_pu_20260919/core/O/seed_456/training_batches.csv
O,456,core,objective,,,,diagnostic_excess,,CE + beta Brier,0.07238999117336789,0.05206115171313286,1000,0,1000,recorded,relative,correction,"equal-weight summaries of recorded source-training batch statistics; changing models, not frozen population estimates",/tmp/p01-d1-20260919-1irHPs/artifacts/d1_pu_20260919/core/O/seed_456/training_batches.csv
O,456,core,objective,,,,max_source_excess,,CE + beta Brier,0.28231621264480056,0.2511165142059326,1000,0,1000,recorded,relative,correction,"equal-weight summaries of recorded source-training batch statistics; changing models, not frozen population estimates",/tmp/p01-d1-20260919-1irHPs/artifacts/d1_pu_20260919/core/O/seed_456/training_batches.csv
O,456,core,objective,,,,source_envelope,,CE + beta Brier,0.4225951538532972,0.3997676968574524,1000,0,1000,recorded,relative,correction,"equal-weight summaries of recorded source-training batch statistics; changing models, not frozen population estimates",/tmp/p01-d1-20260919-1irHPs/artifacts/d1_pu_20260919/core/O/seed_456/training_batches.csv
O,456,core,objective,,,,correction_consistency,,unweighted squared probability L2 norm,8.473407047706605e-07,5.58024822794323e-07,1000,0,1000,recorded,relative,correction,"equal-weight summaries of recorded source-training batch statistics; changing models, not frozen population estimates",/tmp/p01-d1-20260919-1irHPs/artifacts/d1_pu_20260919/core/O/seed_456/training_batches.csv
O,456,core,objective,,,,candidate_output_consistency,,unweighted squared probability L2 norm,8.47339141453629e-07,5.581116226949234e-07,1000,0,1000,recorded,relative,correction,"equal-weight summaries of recorded source-training batch statistics; changing models, not frozen population estimates",/tmp/p01-d1-20260919-1irHPs/artifacts/d1_pu_20260919/core/O/seed_456/training_batches.csv
O,456,core,objective,,,,reference_output_consistency,,squared probability L2 norm,8.431999266520957e-14,7.08563185881049e-14,1000,0,1000,recorded,relative,correction,"equal-weight summaries of recorded source-training batch statistics; changing models, not frozen population estimates",/tmp/p01-d1-20260919-1irHPs/artifacts/d1_pu_20260919/core/O/seed_456/training_batches.csv
O,456,core,objective,,,,pair_penalty,,selected unweighted squared probability L2 norm,8.473407047706605e-07,5.58024822794323e-07,1000,0,1000,recorded,relative,correction,"equal-weight summaries of recorded source-training batch statistics; changing models, not frozen population estimates",/tmp/p01-d1-20260919-1irHPs/artifacts/d1_pu_20260919/core/O/seed_456/training_batches.csv
UO,42,core,domain_risk,0,,,candidate_risk,,CE + beta Brier,0.9977712960243225,1.007769525051117,1000,0,1000,recorded,absolute,candidate,"equal-weight summaries of recorded source-training batch statistics; changing models, not frozen population estimates",/tmp/p01-d1-20260919-1irHPs/artifacts/d1_pu_20260919/core/UO/seed_42/training_domains.csv
UO,42,core,domain_risk,0,,,reference_risk,,CE + beta Brier,0.8953840225636959,0.8944948315620422,1000,0,1000,recorded,absolute,candidate,"equal-weight summaries of recorded source-training batch statistics; changing models, not frozen population estimates",/tmp/p01-d1-20260919-1irHPs/artifacts/d1_pu_20260919/core/UO/seed_42/training_domains.csv
UO,42,core,domain_risk,0,,,excess,,CE + beta Brier,0.10238727474492043,0.08858583495020866,1000,0,1000,recorded,absolute,candidate,"equal-weight summaries of recorded source-training batch statistics; changing models, not frozen population estimates",/tmp/p01-d1-20260919-1irHPs/artifacts/d1_pu_20260919/core/UO/seed_42/training_domains.csv
UO,42,core,domain_risk,0,,,weight,,dimensionless,0.3371018969435245,0.3143773376941681,1000,0,1000,recorded,absolute,candidate,"equal-weight summaries of recorded source-training batch statistics; changing models, not frozen population estimates",/tmp/p01-d1-20260919-1irHPs/artifacts/d1_pu_20260919/core/UO/seed_42/training_domains.csv
UO,42,core,domain_risk,2,,,candidate_risk,,CE + beta Brier,1.013924603074789,1.0293670892715454,1000,0,1000,recorded,absolute,candidate,"equal-weight summaries of recorded source-training batch statistics; changing models, not frozen population estimates",/tmp/p01-d1-20260919-1irHPs/artifacts/d1_pu_20260919/core/UO/seed_42/training_domains.csv
UO,42,core,domain_risk,2,,,reference_risk,,CE + beta Brier,0.9028331097364426,0.8912161290645599,1000,0,1000,recorded,absolute,candidate,"equal-weight summaries of recorded source-training batch statistics; changing models, not frozen population estimates",/tmp/p01-d1-20260919-1irHPs/artifacts/d1_pu_20260919/core/UO/seed_42/training_domains.csv
UO,42,core,domain_risk,2,,,excess,,CE + beta Brier,0.11109149434883148,0.11292511969804764,1000,0,1000,recorded,absolute,candidate,"equal-weight summaries of recorded source-training batch statistics; changing models, not frozen population estimates",/tmp/p01-d1-20260919-1irHPs/artifacts/d1_pu_20260919/core/UO/seed_42/training_domains.csv
UO,42,core,domain_risk,2,,,weight,,dimensionless,0.35708461836539207,0.3389066010713577,1000,0,1000,recorded,absolute,candidate,"equal-weight summaries of recorded source-training batch statistics; changing models, not frozen population estimates",/tmp/p01-d1-20260919-1irHPs/artifacts/d1_pu_20260919/core/UO/seed_42/training_domains.csv
UO,42,core,domain_risk,3,,,candidate_risk,,CE + beta Brier,0.9679370627701283,0.9759272336959839,1000,0,1000,recorded,absolute,candidate,"equal-weight summaries of recorded source-training batch statistics; changing models, not frozen population estimates",/tmp/p01-d1-20260919-1irHPs/artifacts/d1_pu_20260919/core/UO/seed_42/training_domains.csv
UO,42,core,domain_risk,3,,,reference_risk,,CE + beta Brier,0.9222612332701683,0.8979472815990448,1000,0,1000,recorded,absolute,candidate,"equal-weight summaries of recorded source-training batch statistics; changing models, not frozen population estimates",/tmp/p01-d1-20260919-1irHPs/artifacts/d1_pu_20260919/core/UO/seed_42/training_domains.csv
UO,42,core,domain_risk,3,,,excess,,CE + beta Brier,0.045675831342115995,0.044981587678194046,1000,0,1000,recorded,absolute,candidate,"equal-weight summaries of recorded source-training batch statistics; changing models, not frozen population estimates",/tmp/p01-d1-20260919-1irHPs/artifacts/d1_pu_20260919/core/UO/seed_42/training_domains.csv
UO,42,core,domain_risk,3,,,weight,,dimensionless,0.3058134840652347,0.28806935250759125,1000,0,1000,recorded,absolute,candidate,"equal-weight summaries of recorded source-training batch statistics; changing models, not frozen population estimates",/tmp/p01-d1-20260919-1irHPs/artifacts/d1_pu_20260919/core/UO/seed_42/training_domains.csv
UO,42,core,reference_prior,,0,2,reference_risk_difference_over_rho,,dimensionless (c_i-c_j)/rho,-0.029796348690986633,-0.0015954971313476562,1000,0,1000,recorded,absolute,candidate,"equal-weight summaries of recorded source-training batch statistics; changing models, not frozen population estimates",/tmp/p01-d1-20260919-1irHPs/artifacts/d1_pu_20260919/core/UO/seed_42/training_reference_prior.csv
UO,42,core,reference_prior,,0,3,reference_risk_difference_over_rho,,dimensionless (c_i-c_j)/rho,-0.10750884282588959,-0.06258046627044678,1000,0,1000,recorded,absolute,candidate,"equal-weight summaries of recorded source-training batch statistics; changing models, not frozen population estimates",/tmp/p01-d1-20260919-1irHPs/artifacts/d1_pu_20260919/core/UO/seed_42/training_reference_prior.csv
UO,42,core,reference_prior,,2,3,reference_risk_difference_over_rho,,dimensionless (c_i-c_j)/rho,-0.07771249413490296,-0.056083083152770996,1000,0,1000,recorded,absolute,candidate,"equal-weight summaries of recorded source-training batch statistics; changing models, not frozen population estimates",/tmp/p01-d1-20260919-1irHPs/artifacts/d1_pu_20260919/core/UO/seed_42/training_reference_prior.csv
UO,42,core,response,0,,,A,,squared probability L2 norm,0.0516238191484008,0.044931698590517044,1000,0,1000,recorded,absolute,candidate,"equal-weight summaries of recorded source-training batch statistics; changing models, not frozen population estimates",/tmp/p01-d1-20260919-1irHPs/artifacts/d1_pu_20260919/core/UO/seed_42/training_responses.csv
UO,42,core,response,0,,,b,,probability inner product,0.0073531662947498265,0.011245619505643845,1000,0,1000,recorded,absolute,candidate,"equal-weight summaries of recorded source-training batch statistics; changing models, not frozen population estimates",/tmp/p01-d1-20260919-1irHPs/artifacts/d1_pu_20260919/core/UO/seed_42/training_responses.csv
UO,42,core,response,0,,,sqrt_A,,probability L2 norm,0.2168080339502103,0.21197098417545207,1000,0,1000,recorded,absolute,candidate,"equal-weight summaries of recorded source-training batch statistics; changing models, not frozen population estimates",/tmp/p01-d1-20260919-1irHPs/artifacts/d1_pu_20260919/core/UO/seed_42/training_responses.csv
UO,42,core,response,0,,,b_over_sqrt_A,,signed probability direction; undefined when A=0,0.06071478275798579,0.056127042004777555,1000,0,1000,recorded,absolute,candidate,"equal-weight summaries of recorded source-training batch statistics; changing models, not frozen population estimates",/tmp/p01-d1-20260919-1irHPs/artifacts/d1_pu_20260919/core/UO/seed_42/training_responses.csv
UO,42,core,response,0,,,delta_p0_squared_norm,,squared probability L2 norm,7.673261025556929e-14,5.007420259689477e-14,1000,0,1000,recorded,absolute,candidate,"equal-weight summaries of recorded source-training batch statistics; changing models, not frozen population estimates",/tmp/p01-d1-20260919-1irHPs/artifacts/d1_pu_20260919/core/UO/seed_42/training_responses.csv
UO,42,core,response,0,,,delta_q_squared_norm,,squared probability L2 norm,4.5447784921615054e-07,2.8861764178600424e-07,1000,0,1000,recorded,absolute,candidate,"equal-weight summaries of recorded source-training batch statistics; changing models, not frozen population estimates",/tmp/p01-d1-20260919-1irHPs/artifacts/d1_pu_20260919/core/UO/seed_42/training_responses.csv
UO,42,core,response,0,,,delta_v_squared_norm,,squared probability L2 norm,4.544856069667036e-07,2.8861819600933813e-07,1000,0,1000,recorded,absolute,candidate,"equal-weight summaries of recorded source-training batch statistics; changing models, not frozen population estimates",/tmp/p01-d1-20260919-1irHPs/artifacts/d1_pu_20260919/core/UO/seed_42/training_responses.csv
UO,42,core,response,0,,,delta_p0_mean_vector,0,signed probability; frozen class-order index,4.395297310111346e-09,2.546585164964199e-09,1000,0,1000,recorded,absolute,candidate,"equal-weight summaries of recorded source-training batch statistics; changing models, not frozen population estimates",/tmp/p01-d1-20260919-1irHPs/artifacts/d1_pu_20260919/core/UO/seed_42/training_responses.csv
UO,42,core,response,0,,,delta_p0_mean_vector,1,signed probability; frozen class-order index,-1.3206154108047485e-09,0.0,1000,0,1000,recorded,absolute,candidate,"equal-weight summaries of recorded source-training batch statistics; changing models, not frozen population estimates",/tmp/p01-d1-20260919-1irHPs/artifacts/d1_pu_20260919/core/UO/seed_42/training_responses.csv
UO,42,core,response,0,,,delta_p0_mean_vector,2,signed probability; frozen class-order index,1.5795230865478515e-09,0.0,1000,0,1000,recorded,absolute,candidate,"equal-weight summaries of recorded source-training batch statistics; changing models, not frozen population estimates",/tmp/p01-d1-20260919-1irHPs/artifacts/d1_pu_20260919/core/UO/seed_42/training_responses.csv
UO,42,core,response,0,,,delta_q_mean_vector,0,signed probability; frozen class-order index,-1.3890012924093754e-05,-1.161498948931694e-05,1000,0,1000,recorded,absolute,candidate,"equal-weight summaries of recorded source-training batch statistics; changing models, not frozen population estimates",/tmp/p01-d1-20260919-1irHPs/artifacts/d1_pu_20260919/core/UO/seed_42/training_responses.csv
UO,42,core,response,0,,,delta_q_mean_vector,1,signed probability; frozen class-order index,2.5026511400938033e-05,1.8887221813201904e-05,1000,0,1000,recorded,absolute,candidate,"equal-weight summaries of recorded source-training batch statistics; changing models, not frozen population estimates",/tmp/p01-d1-20260919-1irHPs/artifacts/d1_pu_20260919/core/UO/seed_42/training_responses.csv
UO,42,core,response,0,,,delta_q_mean_vector,2,signed probability; frozen class-order index,-1.1136163026094436e-05,-7.990747690200806e-06,1000,0,1000,recorded,absolute,candidate,"equal-weight summaries of recorded source-training batch statistics; changing models, not frozen population estimates",/tmp/p01-d1-20260919-1irHPs/artifacts/d1_pu_20260919/core/UO/seed_42/training_responses.csv
UO,42,core,response,0,,,delta_v_mean_vector,0,signed probability; frozen class-order index,-1.389443059451878e-05,-1.1625932529568672e-05,1000,0,1000,recorded,absolute,candidate,"equal-weight summaries of recorded source-training batch statistics; changing models, not frozen population estimates",/tmp/p01-d1-20260919-1irHPs/artifacts/d1_pu_20260919/core/UO/seed_42/training_responses.csv
UO,42,core,response,0,,,delta_v_mean_vector,1,signed probability; frozen class-order index,2.5027815252542496e-05,1.887790858745575e-05,1000,0,1000,recorded,absolute,candidate,"equal-weight summaries of recorded source-training batch statistics; changing models, not frozen population estimates",/tmp/p01-d1-20260919-1irHPs/artifacts/d1_pu_20260919/core/UO/seed_42/training_responses.csv
UO,42,core,response,0,,,delta_v_mean_vector,2,signed probability; frozen class-order index,-1.1137735098600387e-05,-7.983297109603882e-06,1000,0,1000,recorded,absolute,candidate,"equal-weight summaries of recorded source-training batch statistics; changing models, not frozen population estimates",/tmp/p01-d1-20260919-1irHPs/artifacts/d1_pu_20260919/core/UO/seed_42/training_responses.csv
UO,42,core,response,2,,,A,,squared probability L2 norm,0.05365401114779524,0.04879775084555149,1000,0,1000,recorded,absolute,candidate,"equal-weight summaries of recorded source-training batch statistics; changing models, not frozen population estimates",/tmp/p01-d1-20260919-1irHPs/artifacts/d1_pu_20260919/core/UO/seed_42/training_responses.csv
UO,42,core,response,2,,,b,,probability inner product,0.004391980195301585,0.003576315939426422,1000,0,1000,recorded,absolute,candidate,"equal-weight summaries of recorded source-training batch statistics; changing models, not frozen population estimates",/tmp/p01-d1-20260919-1irHPs/artifacts/d1_pu_20260919/core/UO/seed_42/training_responses.csv
UO,42,core,response,2,,,sqrt_A,,probability L2 norm,0.22119465776735156,0.22090212677890855,1000,0,1000,recorded,absolute,candidate,"equal-weight summaries of recorded source-training batch statistics; changing models, not frozen population estimates",/tmp/p01-d1-20260919-1irHPs/artifacts/d1_pu_20260919/core/UO/seed_42/training_responses.csv
UO,42,core,response,2,,,b_over_sqrt_A,,signed probability direction; undefined when A=0,0.045128856222497855,0.019214676710343374,1000,0,1000,recorded,absolute,candidate,"equal-weight summaries of recorded source-training batch statistics; changing models, not frozen population estimates",/tmp/p01-d1-20260919-1irHPs/artifacts/d1_pu_20260919/core/UO/seed_42/training_responses.csv
UO,42,core,response,2,,,delta_p0_squared_norm,,squared probability L2 norm,9.167975429702602e-14,5.964684380633557e-14,1000,0,1000,recorded,absolute,candidate,"equal-weight summaries of recorded source-training batch statistics; changing models, not frozen population estimates",/tmp/p01-d1-20260919-1irHPs/artifacts/d1_pu_20260919/core/UO/seed_42/training_responses.csv
UO,42,core,response,2,,,delta_q_squared_norm,,squared probability L2 norm,5.785219529575448e-07,3.3769563856367313e-07,1000,0,1000,recorded,absolute,candidate,"equal-weight summaries of recorded source-training batch statistics; changing models, not frozen population estimates",/tmp/p01-d1-20260919-1irHPs/artifacts/d1_pu_20260919/core/UO/seed_42/training_responses.csv
UO,42,core,response,2,,,delta_v_squared_norm,,squared probability L2 norm,5.785076947039114e-07,3.377518851266359e-07,1000,0,1000,recorded,absolute,candidate,"equal-weight summaries of recorded source-training batch statistics; changing models, not frozen population estimates",/tmp/p01-d1-20260919-1irHPs/artifacts/d1_pu_20260919/core/UO/seed_42/training_responses.csv
UO,42,core,response,2,,,delta_p0_mean_vector,0,signed probability; frozen class-order index,-1.2498858268372714e-09,-1.6698322724550962e-09,1000,0,1000,recorded,absolute,candidate,"equal-weight summaries of recorded source-training batch statistics; changing models, not frozen population estimates",/tmp/p01-d1-20260919-1irHPs/artifacts/d1_pu_20260919/core/UO/seed_42/training_responses.csv
UO,42,core,response,2,,,delta_p0_mean_vector,1,signed probability; frozen class-order index,-1.4118850231170654e-09,0.0,1000,0,1000,recorded,absolute,candidate,"equal-weight summaries of recorded source-training batch statistics; changing models, not frozen population estimates",/tmp/p01-d1-20260919-1irHPs/artifacts/d1_pu_20260919/core/UO/seed_42/training_responses.csv
UO,42,core,response,2,,,delta_p0_mean_vector,2,signed probability; frozen class-order index,2.380460500717163e-09,0.0,1000,0,1000,recorded,absolute,candidate,"equal-weight summaries of recorded source-training batch statistics; changing models, not frozen population estimates",/tmp/p01-d1-20260919-1irHPs/artifacts/d1_pu_20260919/core/UO/seed_42/training_responses.csv
UO,42,core,response,2,,,delta_q_mean_vector,0,signed probability; frozen class-order index,7.062673103064299e-06,3.954395651817322e-06,1000,0,1000,recorded,absolute,candidate,"equal-weight summaries of recorded source-training batch statistics; changing models, not frozen population estimates",/tmp/p01-d1-20260919-1irHPs/artifacts/d1_pu_20260919/core/UO/seed_42/training_responses.csv
UO,42,core,response,2,,,delta_q_mean_vector,1,signed probability; frozen class-order index,2.955300733447075e-06,4.392117261886597e-06,1000,0,1000,recorded,absolute,candidate,"equal-weight summaries of recorded source-training batch statistics; changing models, not frozen population estimates",/tmp/p01-d1-20260919-1irHPs/artifacts/d1_pu_20260919/core/UO/seed_42/training_responses.csv
UO,42,core,response,2,,,delta_q_mean_vector,2,signed probability; frozen class-order index,-1.0017618536949157e-05,-1.3886019587516785e-05,1000,0,1000,recorded,absolute,candidate,"equal-weight summaries of recorded source-training batch statistics; changing models, not frozen population estimates",/tmp/p01-d1-20260919-1irHPs/artifacts/d1_pu_20260919/core/UO/seed_42/training_responses.csv
UO,42,core,response,2,,,delta_v_mean_vector,0,signed probability; frozen class-order index,7.0638445904478435e-06,3.9674341678619385e-06,1000,0,1000,recorded,absolute,candidate,"equal-weight summaries of recorded source-training batch statistics; changing models, not frozen population estimates",/tmp/p01-d1-20260919-1irHPs/artifacts/d1_pu_20260919/core/UO/seed_42/training_responses.csv
UO,42,core,response,2,,,delta_v_mean_vector,1,signed probability; frozen class-order index,2.9567312449216843e-06,4.451721906661987e-06,1000,0,1000,recorded,absolute,candidate,"equal-weight summaries of recorded source-training batch statistics; changing models, not frozen population estimates",/tmp/p01-d1-20260919-1irHPs/artifacts/d1_pu_20260919/core/UO/seed_42/training_responses.csv
UO,42,core,response,2,,,delta_v_mean_vector,2,signed probability; frozen class-order index,-1.0019998997449875e-05,-1.3893470168113708e-05,1000,0,1000,recorded,absolute,candidate,"equal-weight summaries of recorded source-training batch statistics; changing models, not frozen population estimates",/tmp/p01-d1-20260919-1irHPs/artifacts/d1_pu_20260919/core/UO/seed_42/training_responses.csv
UO,42,core,response,3,,,A,,squared probability L2 norm,0.050707678061444314,0.042839882895350456,1000,0,1000,recorded,absolute,candidate,"equal-weight summaries of recorded source-training batch statistics; changing models, not frozen population estimates",/tmp/p01-d1-20260919-1irHPs/artifacts/d1_pu_20260919/core/UO/seed_42/training_responses.csv
UO,42,core,response,3,,,b,,probability inner product,0.024672711396589875,0.02700275182723999,1000,0,1000,recorded,absolute,candidate,"equal-weight summaries of recorded source-training batch statistics; changing models, not frozen population estimates",/tmp/p01-d1-20260919-1irHPs/artifacts/d1_pu_20260919/core/UO/seed_42/training_responses.csv
UO,42,core,response,3,,,sqrt_A,,probability L2 norm,0.2153694098472071,0.20697795791089663,1000,0,1000,recorded,absolute,candidate,"equal-weight summaries of recorded source-training batch statistics; changing models, not frozen population estimates",/tmp/p01-d1-20260919-1irHPs/artifacts/d1_pu_20260919/core/UO/seed_42/training_responses.csv
UO,42,core,response,3,,,b_over_sqrt_A,,signed probability direction; undefined when A=0,0.13539828032971757,0.12524724496970974,1000,0,1000,recorded,absolute,candidate,"equal-weight summaries of recorded source-training batch statistics; changing models, not frozen population estimates",/tmp/p01-d1-20260919-1irHPs/artifacts/d1_pu_20260919/core/UO/seed_42/training_responses.csv
UO,42,core,response,3,,,delta_p0_squared_norm,,squared probability L2 norm,8.8179166639129e-14,5.75251651868669e-14,1000,0,1000,recorded,absolute,candidate,"equal-weight summaries of recorded source-training batch statistics; changing models, not frozen population estimates",/tmp/p01-d1-20260919-1irHPs/artifacts/d1_pu_20260919/core/UO/seed_42/training_responses.csv
UO,42,core,response,3,,,delta_q_squared_norm,,squared probability L2 norm,5.495932904129308e-07,3.42499575367583e-07,1000,0,1000,recorded,absolute,candidate,"equal-weight summaries of recorded source-training batch statistics; changing models, not frozen population estimates",/tmp/p01-d1-20260919-1irHPs/artifacts/d1_pu_20260919/core/UO/seed_42/training_responses.csv
UO,42,core,response,3,,,delta_v_squared_norm,,squared probability L2 norm,5.4958203816724e-07,3.425662953304709e-07,1000,0,1000,recorded,absolute,candidate,"equal-weight summaries of recorded source-training batch statistics; changing models, not frozen population estimates",/tmp/p01-d1-20260919-1irHPs/artifacts/d1_pu_20260919/core/UO/seed_42/training_responses.csv
UO,42,core,response,3,,,delta_p0_mean_vector,0,signed probability; frozen class-order index,-1.0029383702203632e-08,-2.939486876130104e-09,1000,0,1000,recorded,absolute,candidate,"equal-weight summaries of recorded source-training batch statistics; changing models, not frozen population estimates",/tmp/p01-d1-20260919-1irHPs/artifacts/d1_pu_20260919/core/UO/seed_42/training_responses.csv
UO,42,core,response,3,,,delta_p0_mean_vector,1,signed probability; frozen class-order index,2.5033950805664064e-09,0.0,1000,0,1000,recorded,absolute,candidate,"equal-weight summaries of recorded source-training batch statistics; changing models, not frozen population estimates",/tmp/p01-d1-20260919-1irHPs/artifacts/d1_pu_20260919/core/UO/seed_42/training_responses.csv
UO,42,core,response,3,,,delta_p0_mean_vector,2,signed probability; frozen class-order index,8.255243301391602e-09,7.450580596923828e-09,1000,0,1000,recorded,absolute,candidate,"equal-weight summaries of recorded source-training batch statistics; changing models, not frozen population estimates",/tmp/p01-d1-20260919-1irHPs/artifacts/d1_pu_20260919/core/UO/seed_42/training_responses.csv
UO,42,core,response,3,,,delta_q_mean_vector,0,signed probability; frozen class-order index,-2.3024255759082734e-05,-1.7940066754817963e-05,1000,0,1000,recorded,absolute,candidate,"equal-weight summaries of recorded source-training batch statistics; changing models, not frozen population estimates",/tmp/p01-d1-20260919-1irHPs/artifacts/d1_pu_20260919/core/UO/seed_42/training_responses.csv
UO,42,core,response,3,,,delta_q_mean_vector,1,signed probability; frozen class-order index,7.550649344921112e-06,4.108995199203491e-06,1000,0,1000,recorded,absolute,candidate,"equal-weight summaries of recorded source-training batch statistics; changing models, not frozen population estimates",/tmp/p01-d1-20260919-1irHPs/artifacts/d1_pu_20260919/core/UO/seed_42/training_responses.csv
UO,42,core,response,3,,,delta_q_mean_vector,2,signed probability; frozen class-order index,1.5472080558538437e-05,8.344650268554688e-06,1000,0,1000,recorded,absolute,candidate,"equal-weight summaries of recorded source-training batch statistics; changing models, not frozen population estimates",/tmp/p01-d1-20260919-1irHPs/artifacts/d1_pu_20260919/core/UO/seed_42/training_responses.csv
UO,42,core,response,3,,,delta_v_mean_vector,0,signed probability; frozen class-order index,-2.301434671971947e-05,-1.7893267795443535e-05,1000,0,1000,recorded,absolute,candidate,"equal-weight summaries of recorded source-training batch statistics; changing models, not frozen population estimates",/tmp/p01-d1-20260919-1irHPs/artifacts/d1_pu_20260919/core/UO/seed_42/training_responses.csv
UO,42,core,response,3,,,delta_v_mean_vector,1,signed probability; frozen class-order index,7.548132911324501e-06,4.079192876815796e-06,1000,0,1000,recorded,absolute,candidate,"equal-weight summaries of recorded source-training batch statistics; changing models, not frozen population estimates",/tmp/p01-d1-20260919-1irHPs/artifacts/d1_pu_20260919/core/UO/seed_42/training_responses.csv
UO,42,core,response,3,,,delta_v_mean_vector,2,signed probability; frozen class-order index,1.546381786465645e-05,8.404254913330078e-06,1000,0,1000,recorded,absolute,candidate,"equal-weight summaries of recorded source-training batch statistics; changing models, not frozen population estimates",/tmp/p01-d1-20260919-1irHPs/artifacts/d1_pu_20260919/core/UO/seed_42/training_responses.csv
UO,42,core,objective,,,,loss,,CE + beta Brier + weighted consistency,1.0334858166575431,1.032747507095337,1000,0,1000,recorded,absolute,candidate,"equal-weight summaries of recorded source-training batch statistics; changing models, not frozen population estimates",/tmp/p01-d1-20260919-1irHPs/artifacts/d1_pu_20260919/core/UO/seed_42/training_batches.csv
UO,42,core,objective,,,,risk_objective,,CE + beta Brier,1.0334857712984085,1.0327474474906921,1000,0,1000,recorded,absolute,candidate,"equal-weight summaries of recorded source-training batch statistics; changing models, not frozen population estimates",/tmp/p01-d1-20260919-1irHPs/artifacts/d1_pu_20260919/core/UO/seed_42/training_batches.csv
UO,42,core,objective,,,,diagnostic_excess,,CE + beta Brier,0.1557245338410139,0.14188238978385925,1000,0,1000,recorded,absolute,candidate,"equal-weight summaries of recorded source-training batch statistics; changing models, not frozen population estimates",/tmp/p01-d1-20260919-1irHPs/artifacts/d1_pu_20260919/core/UO/seed_42/training_batches.csv
UO,42,core,objective,,,,max_source_excess,,CE + beta Brier,0.2910501976944506,0.27488352358341217,1000,0,1000,recorded,absolute,candidate,"equal-weight summaries of recorded source-training batch statistics; changing models, not frozen population estimates",/tmp/p01-d1-20260919-1irHPs/artifacts/d1_pu_20260919/core/UO/seed_42/training_batches.csv
UO,42,core,objective,,,,source_envelope,,CE + beta Brier,0.43037761095911264,0.41653546690940857,1000,0,1000,recorded,absolute,candidate,"equal-weight summaries of recorded source-training batch statistics; changing models, not frozen population estimates",/tmp/p01-d1-20260919-1irHPs/artifacts/d1_pu_20260919/core/UO/seed_42/training_batches.csv
UO,42,core,objective,,,,correction_consistency,,unweighted squared probability L2 norm,5.275251284928562e-07,3.836998843098627e-07,1000,0,1000,recorded,absolute,candidate,"equal-weight summaries of recorded source-training batch statistics; changing models, not frozen population estimates",/tmp/p01-d1-20260919-1irHPs/artifacts/d1_pu_20260919/core/UO/seed_42/training_batches.csv
UO,42,core,objective,,,,candidate_output_consistency,,unweighted squared probability L2 norm,5.275310456028804e-07,3.8366506771581044e-07,1000,0,1000,recorded,absolute,candidate,"equal-weight summaries of recorded source-training batch statistics; changing models, not frozen population estimates",/tmp/p01-d1-20260919-1irHPs/artifacts/d1_pu_20260919/core/UO/seed_42/training_batches.csv
UO,42,core,objective,,,,reference_output_consistency,,squared probability L2 norm,8.553051257439845e-14,7.071763218958506e-14,1000,0,1000,recorded,absolute,candidate,"equal-weight summaries of recorded source-training batch statistics; changing models, not frozen population estimates",/tmp/p01-d1-20260919-1irHPs/artifacts/d1_pu_20260919/core/UO/seed_42/training_batches.csv
UO,42,core,objective,,,,pair_penalty,,selected unweighted squared probability L2 norm,5.275310456028804e-07,3.8366506771581044e-07,1000,0,1000,recorded,absolute,candidate,"equal-weight summaries of recorded source-training batch statistics; changing models, not frozen population estimates",/tmp/p01-d1-20260919-1irHPs/artifacts/d1_pu_20260919/core/UO/seed_42/training_batches.csv
UO,123,core,domain_risk,0,,,candidate_risk,,CE + beta Brier,0.99540617197752,1.0033262372016907,1000,0,1000,recorded,absolute,candidate,"equal-weight summaries of recorded source-training batch statistics; changing models, not frozen population estimates",/tmp/p01-d1-20260919-1irHPs/artifacts/d1_pu_20260919/core/UO/seed_123/training_domains.csv
UO,123,core,domain_risk,0,,,reference_risk,,CE + beta Brier,0.8920366529524326,0.8862411379814148,1000,0,1000,recorded,absolute,candidate,"equal-weight summaries of recorded source-training batch statistics; changing models, not frozen population estimates",/tmp/p01-d1-20260919-1irHPs/artifacts/d1_pu_20260919/core/UO/seed_123/training_domains.csv
UO,123,core,domain_risk,0,,,excess,,CE + beta Brier,0.1033695190679282,0.08712127804756165,1000,0,1000,recorded,absolute,candidate,"equal-weight summaries of recorded source-training batch statistics; changing models, not frozen population estimates",/tmp/p01-d1-20260919-1irHPs/artifacts/d1_pu_20260919/core/UO/seed_123/training_domains.csv
UO,123,core,domain_risk,0,,,weight,,dimensionless,0.33361297130584716,0.3161325454711914,1000,0,1000,recorded,absolute,candidate,"equal-weight summaries of recorded source-training batch statistics; changing models, not frozen population estimates",/tmp/p01-d1-20260919-1irHPs/artifacts/d1_pu_20260919/core/UO/seed_123/training_domains.csv
UO,123,core,domain_risk,2,,,candidate_risk,,CE + beta Brier,1.0094250573813914,1.014414668083191,1000,0,1000,recorded,absolute,candidate,"equal-weight summaries of recorded source-training batch statistics; changing models, not frozen population estimates",/tmp/p01-d1-20260919-1irHPs/artifacts/d1_pu_20260919/core/UO/seed_123/training_domains.csv
UO,123,core,domain_risk,2,,,reference_risk,,CE + beta Brier,0.8986859718561172,0.8900976777076721,1000,0,1000,recorded,absolute,candidate,"equal-weight summaries of recorded source-training batch statistics; changing models, not frozen population estimates",/tmp/p01-d1-20260919-1irHPs/artifacts/d1_pu_20260919/core/UO/seed_123/training_domains.csv
UO,123,core,domain_risk,2,,,excess,,CE + beta Brier,0.11073908253014088,0.10687719285488129,1000,0,1000,recorded,absolute,candidate,"equal-weight summaries of recorded source-training batch statistics; changing models, not frozen population estimates",/tmp/p01-d1-20260919-1irHPs/artifacts/d1_pu_20260919/core/UO/seed_123/training_domains.csv
UO,123,core,domain_risk,2,,,weight,,dimensionless,0.351177815021947,0.33122123777866364,1000,0,1000,recorded,absolute,candidate,"equal-weight summaries of recorded source-training batch statistics; changing models, not frozen population estimates",/tmp/p01-d1-20260919-1irHPs/artifacts/d1_pu_20260919/core/UO/seed_123/training_domains.csv
UO,123,core,domain_risk,3,,,candidate_risk,,CE + beta Brier,0.9762941716015339,0.9753939509391785,1000,0,1000,recorded,absolute,candidate,"equal-weight summaries of recorded source-training batch statistics; changing models, not frozen population estimates",/tmp/p01-d1-20260919-1irHPs/artifacts/d1_pu_20260919/core/UO/seed_123/training_domains.csv
UO,123,core,domain_risk,3,,,reference_risk,,CE + beta Brier,0.9357936109304428,0.9071381986141205,1000,0,1000,recorded,absolute,candidate,"equal-weight summaries of recorded source-training batch statistics; changing models, not frozen population estimates",/tmp/p01-d1-20260919-1irHPs/artifacts/d1_pu_20260919/core/UO/seed_123/training_domains.csv
UO,123,core,domain_risk,3,,,excess,,CE + beta Brier,0.04050056357961148,0.03392072767019272,1000,0,1000,recorded,absolute,candidate,"equal-weight summaries of recorded source-training batch statistics; changing models, not frozen population estimates",/tmp/p01-d1-20260919-1irHPs/artifacts/d1_pu_20260919/core/UO/seed_123/training_domains.csv
UO,123,core,domain_risk,3,,,weight,,dimensionless,0.31520921081118286,0.295688271522522,1000,0,1000,recorded,absolute,candidate,"equal-weight summaries of recorded source-training batch statistics; changing models, not frozen population estimates",/tmp/p01-d1-20260919-1irHPs/artifacts/d1_pu_20260919/core/UO/seed_123/training_domains.csv
UO,123,core,reference_prior,,0,2,reference_risk_difference_over_rho,,dimensionless (c_i-c_j)/rho,-0.026597275614738465,-0.026183724403381348,1000,0,1000,recorded,absolute,candidate,"equal-weight summaries of recorded source-training batch statistics; changing models, not frozen population estimates",/tmp/p01-d1-20260919-1irHPs/artifacts/d1_pu_20260919/core/UO/seed_123/training_reference_prior.csv
UO,123,core,reference_prior,,0,3,reference_risk_difference_over_rho,,dimensionless (c_i-c_j)/rho,-0.17502783191204072,-0.10955584049224854,1000,0,1000,recorded,absolute,candidate,"equal-weight summaries of recorded source-training batch statistics; changing models, not frozen population estimates",/tmp/p01-d1-20260919-1irHPs/artifacts/d1_pu_20260919/core/UO/seed_123/training_reference_prior.csv
UO,123,core,reference_prior,,2,3,reference_risk_difference_over_rho,,dimensionless (c_i-c_j)/rho,-0.14843055629730226,-0.13476848602294922,1000,0,1000,recorded,absolute,candidate,"equal-weight summaries of recorded source-training batch statistics; changing models, not frozen population estimates",/tmp/p01-d1-20260919-1irHPs/artifacts/d1_pu_20260919/core/UO/seed_123/training_reference_prior.csv
UO,123,core,response,0,,,A,,squared probability L2 norm,0.05052929464250337,0.04499737359583378,1000,0,1000,recorded,absolute,candidate,"equal-weight summaries of recorded source-training batch statistics; changing models, not frozen population estimates",/tmp/p01-d1-20260919-1irHPs/artifacts/d1_pu_20260919/core/UO/seed_123/training_responses.csv
UO,123,core,response,0,,,b,,probability inner product,0.007216724138474092,0.007142379879951477,1000,0,1000,recorded,absolute,candidate,"equal-weight summaries of recorded source-training batch statistics; changing models, not frozen population estimates",/tmp/p01-d1-20260919-1irHPs/artifacts/d1_pu_20260919/core/UO/seed_123/training_responses.csv
UO,123,core,response,0,,,sqrt_A,,probability L2 norm,0.2136079727765505,0.21212582858088763,1000,0,1000,recorded,absolute,candidate,"equal-weight summaries of recorded source-training batch statistics; changing models, not frozen population estimates",/tmp/p01-d1-20260919-1irHPs/artifacts/d1_pu_20260919/core/UO/seed_123/training_responses.csv
UO,123,core,response,0,,,b_over_sqrt_A,,signed probability direction; undefined when A=0,0.0555411206208614,0.04066514184390212,1000,0,1000,recorded,absolute,candidate,"equal-weight summaries of recorded source-training batch statistics; changing models, not frozen population estimates",/tmp/p01-d1-20260919-1irHPs/artifacts/d1_pu_20260919/core/UO/seed_123/training_responses.csv
UO,123,core,response,0,,,delta_p0_squared_norm,,squared probability L2 norm,7.665655054116488e-14,5.0209836288672705e-14,1000,0,1000,recorded,absolute,candidate,"equal-weight summaries of recorded source-training batch statistics; changing models, not frozen population estimates",/tmp/p01-d1-20260919-1irHPs/artifacts/d1_pu_20260919/core/UO/seed_123/training_responses.csv
UO,123,core,response,0,,,delta_q_squared_norm,,squared probability L2 norm,6.350096075344869e-07,3.7251029993967677e-07,1000,0,1000,recorded,absolute,candidate,"equal-weight summaries of recorded source-training batch statistics; changing models, not frozen population estimates",/tmp/p01-d1-20260919-1irHPs/artifacts/d1_pu_20260919/core/UO/seed_123/training_responses.csv
UO,123,core,response,0,,,delta_v_squared_norm,,squared probability L2 norm,6.350346312330446e-07,3.7255824736348586e-07,1000,0,1000,recorded,absolute,candidate,"equal-weight summaries of recorded source-training batch statistics; changing models, not frozen population estimates",/tmp/p01-d1-20260919-1irHPs/artifacts/d1_pu_20260919/core/UO/seed_123/training_responses.csv
UO,123,core,response,0,,,delta_p0_mean_vector,0,signed probability; frozen class-order index,-1.0634157661115751e-09,0.0,1000,0,1000,recorded,absolute,candidate,"equal-weight summaries of recorded source-training batch statistics; changing models, not frozen population estimates",/tmp/p01-d1-20260919-1irHPs/artifacts/d1_pu_20260919/core/UO/seed_123/training_responses.csv
UO,123,core,response,0,,,delta_p0_mean_vector,1,signed probability; frozen class-order index,3.7606805562973025e-09,3.725290298461914e-09,1000,0,1000,recorded,absolute,candidate,"equal-weight summaries of recorded source-training batch statistics; changing models, not frozen population estimates",/tmp/p01-d1-20260919-1irHPs/artifacts/d1_pu_20260919/core/UO/seed_123/training_responses.csv
UO,123,core,response,0,,,delta_p0_mean_vector,2,signed probability; frozen class-order index,2.9243528842926027e-09,0.0,1000,0,1000,recorded,absolute,candidate,"equal-weight summaries of recorded source-training batch statistics; changing models, not frozen population estimates",/tmp/p01-d1-20260919-1irHPs/artifacts/d1_pu_20260919/core/UO/seed_123/training_responses.csv
UO,123,core,response,0,,,delta_q_mean_vector,0,signed probability; frozen class-order index,5.917769158259034e-07,-5.234032869338989e-07,1000,0,1000,recorded,absolute,candidate,"equal-weight summaries of recorded source-training batch statistics; changing models, not frozen population estimates",/tmp/p01-d1-20260919-1irHPs/artifacts/d1_pu_20260919/core/UO/seed_123/training_responses.csv
UO,123,core,response,0,,,delta_q_mean_vector,1,signed probability; frozen class-order index,1.847906596958637e-05,5.623325705528259e-06,1000,0,1000,recorded,absolute,candidate,"equal-weight summaries of recorded source-training batch statistics; changing models, not frozen population estimates",/tmp/p01-d1-20260919-1irHPs/artifacts/d1_pu_20260919/core/UO/seed_123/training_responses.csv
UO,123,core,response,0,,,delta_q_mean_vector,2,signed probability; frozen class-order index,-1.9070953130722045e-05,-1.1373311281204224e-05,1000,0,1000,recorded,absolute,candidate,"equal-weight summaries of recorded source-training batch statistics; changing models, not frozen population estimates",/tmp/p01-d1-20260919-1irHPs/artifacts/d1_pu_20260919/core/UO/seed_123/training_responses.csv
UO,123,core,response,0,,,delta_v_mean_vector,0,signed probability; frozen class-order index,5.927914753556251e-07,-6.016343832015991e-07,1000,0,1000,recorded,absolute,candidate,"equal-weight summaries of recorded source-training batch statistics; changing models, not frozen population estimates",/tmp/p01-d1-20260919-1irHPs/artifacts/d1_pu_20260919/core/UO/seed_123/training_responses.csv
UO,123,core,response,0,,,delta_v_mean_vector,1,signed probability; frozen class-order index,1.847528666257858e-05,5.602836608886719e-06,1000,0,1000,recorded,absolute,candidate,"equal-weight summaries of recorded source-training batch statistics; changing models, not frozen population estimates",/tmp/p01-d1-20260919-1irHPs/artifacts/d1_pu_20260919/core/UO/seed_123/training_responses.csv
UO,123,core,response,0,,,delta_v_mean_vector,2,signed probability; frozen class-order index,-1.9073877483606337e-05,-1.1388212442398071e-05,1000,0,1000,recorded,absolute,candidate,"equal-weight summaries of recorded source-training batch statistics; changing models, not frozen population estimates",/tmp/p01-d1-20260919-1irHPs/artifacts/d1_pu_20260919/core/UO/seed_123/training_responses.csv
UO,123,core,response,2,,,A,,squared probability L2 norm,0.051665551445446906,0.04576608166098595,1000,0,1000,recorded,absolute,candidate,"equal-weight summaries of recorded source-training batch statistics; changing models, not frozen population estimates",/tmp/p01-d1-20260919-1irHPs/artifacts/d1_pu_20260919/core/UO/seed_123/training_responses.csv
UO,123,core,response,2,,,b,,probability inner product,0.0036484860233031214,0.0035539111122488976,1000,0,1000,recorded,absolute,candidate,"equal-weight summaries of recorded source-training batch statistics; changing models, not frozen population estimates",/tmp/p01-d1-20260919-1irHPs/artifacts/d1_pu_20260919/core/UO/seed_123/training_responses.csv
UO,123,core,response,2,,,sqrt_A,,probability L2 norm,0.217137592960186,0.21393006299280587,1000,0,1000,recorded,absolute,candidate,"equal-weight summaries of recorded source-training batch statistics; changing models, not frozen population estimates",/tmp/p01-d1-20260919-1irHPs/artifacts/d1_pu_20260919/core/UO/seed_123/training_responses.csv
UO,123,core,response,2,,,b_over_sqrt_A,,signed probability direction; undefined when A=0,0.03719542293376398,0.016000020108162316,1000,0,1000,recorded,absolute,candidate,"equal-weight summaries of recorded source-training batch statistics; changing models, not frozen population estimates",/tmp/p01-d1-20260919-1irHPs/artifacts/d1_pu_20260919/core/UO/seed_123/training_responses.csv
UO,123,core,response,2,,,delta_p0_squared_norm,,squared probability L2 norm,8.990498388680851e-14,5.690260105283267e-14,1000,0,1000,recorded,absolute,candidate,"equal-weight summaries of recorded source-training batch statistics; changing models, not frozen population estimates",/tmp/p01-d1-20260919-1irHPs/artifacts/d1_pu_20260919/core/UO/seed_123/training_responses.csv
UO,123,core,response,2,,,delta_q_squared_norm,,squared probability L2 norm,6.520914880677742e-07,3.729737869662131e-07,1000,0,1000,recorded,absolute,candidate,"equal-weight summaries of recorded source-training batch statistics; changing models, not frozen population estimates",/tmp/p01-d1-20260919-1irHPs/artifacts/d1_pu_20260919/core/UO/seed_123/training_responses.csv
UO,123,core,response,2,,,delta_v_squared_norm,,squared probability L2 norm,6.520717754786575e-07,3.7291056287358515e-07,1000,0,1000,recorded,absolute,candidate,"equal-weight summaries of recorded source-training batch statistics; changing models, not frozen population estimates",/tmp/p01-d1-20260919-1irHPs/artifacts/d1_pu_20260919/core/UO/seed_123/training_responses.csv
UO,123,core,response,2,,,delta_p0_mean_vector,0,signed probability; frozen class-order index,-6.798974936828017e-09,-3.310560714453459e-10,1000,0,1000,recorded,absolute,candidate,"equal-weight summaries of recorded source-training batch statistics; changing models, not frozen population estimates",/tmp/p01-d1-20260919-1irHPs/artifacts/d1_pu_20260919/core/UO/seed_123/training_responses.csv
UO,123,core,response,2,,,delta_p0_mean_vector,1,signed probability; frozen class-order index,2.00420618057251e-09,0.0,1000,0,1000,recorded,absolute,candidate,"equal-weight summaries of recorded source-training batch statistics; changing models, not frozen population estimates",/tmp/p01-d1-20260919-1irHPs/artifacts/d1_pu_20260919/core/UO/seed_123/training_responses.csv
UO,123,core,response,2,,,delta_p0_mean_vector,2,signed probability; frozen class-order index,3.63960862159729e-09,0.0,1000,0,1000,recorded,absolute,candidate,"equal-weight summaries of recorded source-training batch statistics; changing models, not frozen population estimates",/tmp/p01-d1-20260919-1irHPs/artifacts/d1_pu_20260919/core/UO/seed_123/training_responses.csv
UO,123,core,response,2,,,delta_q_mean_vector,0,signed probability; frozen class-order index,2.2556669951882215e-05,1.3101845979690552e-05,1000,0,1000,recorded,absolute,candidate,"equal-weight summaries of recorded source-training batch statistics; changing models, not frozen population estimates",/tmp/p01-d1-20260919-1irHPs/artifacts/d1_pu_20260919/core/UO/seed_123/training_responses.csv
UO,123,core,response,2,,,delta_q_mean_vector,1,signed probability; frozen class-order index,-1.4023371040821075e-05,-8.683651685714722e-06,1000,0,1000,recorded,absolute,candidate,"equal-weight summaries of recorded source-training batch statistics; changing models, not frozen population estimates",/tmp/p01-d1-20260919-1irHPs/artifacts/d1_pu_20260919/core/UO/seed_123/training_responses.csv
UO,123,core,response,2,,,delta_q_mean_vector,2,signed probability; frozen class-order index,-8.533339947462081e-06,-5.561858415603638e-06,1000,0,1000,recorded,absolute,candidate,"equal-weight summaries of recorded source-training batch statistics; changing models, not frozen population estimates",/tmp/p01-d1-20260919-1irHPs/artifacts/d1_pu_20260919/core/UO/seed_123/training_responses.csv
UO,123,core,response,2,,,delta_v_mean_vector,0,signed probability; frozen class-order index,2.2563423146493733e-05,1.307763159275055e-05,1000,0,1000,recorded,absolute,candidate,"equal-weight summaries of recorded source-training batch statistics; changing models, not frozen population estimates",/tmp/p01-d1-20260919-1irHPs/artifacts/d1_pu_20260919/core/UO/seed_123/training_responses.csv
UO,123,core,response,2,,,delta_v_mean_vector,1,signed probability; frozen class-order index,-1.4025364071130753e-05,-8.663162589073181e-06,1000,0,1000,recorded,absolute,candidate,"equal-weight summaries of recorded source-training batch statistics; changing models, not frozen population estimates",/tmp/p01-d1-20260919-1irHPs/artifacts/d1_pu_20260919/core/UO/seed_123/training_responses.csv
UO,123,core,response,2,,,delta_v_mean_vector,2,signed probability; frozen class-order index,-8.53697955608368e-06,-5.632638931274414e-06,1000,0,1000,recorded,absolute,candidate,"equal-weight summaries of recorded source-training batch statistics; changing models, not frozen population estimates",/tmp/p01-d1-20260919-1irHPs/artifacts/d1_pu_20260919/core/UO/seed_123/training_responses.csv
UO,123,core,response,3,,,A,,squared probability L2 norm,0.04822923131124116,0.04004472866654396,1000,0,1000,recorded,absolute,candidate,"equal-weight summaries of recorded source-training batch statistics; changing models, not frozen population estimates",/tmp/p01-d1-20260919-1irHPs/artifacts/d1_pu_20260919/core/UO/seed_123/training_responses.csv
UO,123,core,response,3,,,b,,probability inner product,0.02503074214514345,0.0279650017619133,1000,0,1000,recorded,absolute,candidate,"equal-weight summaries of recorded source-training batch statistics; changing models, not frozen population estimates",/tmp/p01-d1-20260919-1irHPs/artifacts/d1_pu_20260919/core/UO/seed_123/training_responses.csv
UO,123,core,response,3,,,sqrt_A,,probability L2 norm,0.20866788571775144,0.20011178895459297,1000,0,1000,recorded,absolute,candidate,"equal-weight summaries of recorded source-training batch statistics; changing models, not frozen population estimates",/tmp/p01-d1-20260919-1irHPs/artifacts/d1_pu_20260919/core/UO/seed_123/training_responses.csv
UO,123,core,response,3,,,b_over_sqrt_A,,signed probability direction; undefined when A=0,0.1441509229836172,0.1304710394513879,1000,0,1000,recorded,absolute,candidate,"equal-weight summaries of recorded source-training batch statistics; changing models, not frozen population estimates",/tmp/p01-d1-20260919-1irHPs/artifacts/d1_pu_20260919/core/UO/seed_123/training_responses.csv
UO,123,core,response,3,,,delta_p0_squared_norm,,squared probability L2 norm,9.033168922475922e-14,6.057863764655572e-14,1000,0,1000,recorded,absolute,candidate,"equal-weight summaries of recorded source-training batch statistics; changing models, not frozen population estimates",/tmp/p01-d1-20260919-1irHPs/artifacts/d1_pu_20260919/core/UO/seed_123/training_responses.csv
UO,123,core,response,3,,,delta_q_squared_norm,,squared probability L2 norm,6.853238352182433e-07,3.7016364728970075e-07,1000,0,1000,recorded,absolute,candidate,"equal-weight summaries of recorded source-training batch statistics; changing models, not frozen population estimates",/tmp/p01-d1-20260919-1irHPs/artifacts/d1_pu_20260919/core/UO/seed_123/training_responses.csv
UO,123,core,response,3,,,delta_v_squared_norm,,squared probability L2 norm,6.853270490889684e-07,3.702470792177337e-07,1000,0,1000,recorded,absolute,candidate,"equal-weight summaries of recorded source-training batch statistics; changing models, not frozen population estimates",/tmp/p01-d1-20260919-1irHPs/artifacts/d1_pu_20260919/core/UO/seed_123/training_responses.csv
UO,123,core,response,3,,,delta_p0_mean_vector,0,signed probability; frozen class-order index,-6.458314601331949e-09,-2.08092387765646e-09,1000,0,1000,recorded,absolute,candidate,"equal-weight summaries of recorded source-training batch statistics; changing models, not frozen population estimates",/tmp/p01-d1-20260919-1irHPs/artifacts/d1_pu_20260919/core/UO/seed_123/training_responses.csv
UO,123,core,response,3,,,delta_p0_mean_vector,1,signed probability; frozen class-order index,-8.437782526016236e-10,0.0,1000,0,1000,recorded,absolute,candidate,"equal-weight summaries of recorded source-training batch statistics; changing models, not frozen population estimates",/tmp/p01-d1-20260919-1irHPs/artifacts/d1_pu_20260919/core/UO/seed_123/training_responses.csv
UO,123,core,response,3,,,delta_p0_mean_vector,2,signed probability; frozen class-order index,7.688999176025391e-09,7.450580596923828e-09,1000,0,1000,recorded,absolute,candidate,"equal-weight summaries of recorded source-training batch statistics; changing models, not frozen population estimates",/tmp/p01-d1-20260919-1irHPs/artifacts/d1_pu_20260919/core/UO/seed_123/training_responses.csv
UO,123,core,response,3,,,delta_q_mean_vector,0,signed probability; frozen class-order index,-2.5785066885873675e-05,-8.784700185060501e-06,1000,0,1000,recorded,absolute,candidate,"equal-weight summaries of recorded source-training batch statistics; changing models, not frozen population estimates",/tmp/p01-d1-20260919-1irHPs/artifacts/d1_pu_20260919/core/UO/seed_123/training_responses.csv
UO,123,core,response,3,,,delta_q_mean_vector,1,signed probability; frozen class-order index,5.739754065871239e-06,1.3634562492370605e-06,1000,0,1000,recorded,absolute,candidate,"equal-weight summaries of recorded source-training batch statistics; changing models, not frozen population estimates",/tmp/p01-d1-20260919-1irHPs/artifacts/d1_pu_20260919/core/UO/seed_123/training_responses.csv
UO,123,core,response,3,,,delta_q_mean_vector,2,signed probability; frozen class-order index,2.0044371485710144e-05,6.545335054397583e-06,1000,0,1000,recorded,absolute,candidate,"equal-weight summaries of recorded source-training batch statistics; changing models, not frozen population estimates",/tmp/p01-d1-20260919-1irHPs/artifacts/d1_pu_20260919/core/UO/seed_123/training_responses.csv
UO,123,core,response,3,,,delta_v_mean_vector,0,signed probability; frozen class-order index,-2.5778629467822612e-05,-8.88860085979104e-06,1000,0,1000,recorded,absolute,candidate,"equal-weight summaries of recorded source-training batch statistics; changing models, not frozen population estimates",/tmp/p01-d1-20260919-1irHPs/artifacts/d1_pu_20260919/core/UO/seed_123/training_responses.csv
UO,123,core,response,3,,,delta_v_mean_vector,1,signed probability; frozen class-order index,5.740538239479065e-06,1.3690441846847534e-06,1000,0,1000,recorded,absolute,candidate,"equal-weight summaries of recorded source-training batch statistics; changing models, not frozen population estimates",/tmp/p01-d1-20260919-1irHPs/artifacts/d1_pu_20260919/core/UO/seed_123/training_responses.csv
UO,123,core,response,3,,,delta_v_mean_vector,2,signed probability; frozen class-order index,2.0036682486534117e-05,6.4782798290252686e-06,1000,0,1000,recorded,absolute,candidate,"equal-weight summaries of recorded source-training batch statistics; changing models, not frozen population estimates",/tmp/p01-d1-20260919-1irHPs/artifacts/d1_pu_20260919/core/UO/seed_123/training_responses.csv
UO,123,core,objective,,,,loss,,CE + beta Brier + weighted consistency,1.0285943333506584,1.033183515071869,1000,0,1000,recorded,absolute,candidate,"equal-weight summaries of recorded source-training batch statistics; changing models, not frozen population estimates",/tmp/p01-d1-20260919-1irHPs/artifacts/d1_pu_20260919/core/UO/seed_123/training_batches.csv
UO,123,core,objective,,,,risk_objective,,CE + beta Brier,1.0285942738056182,1.0331834554672241,1000,0,1000,recorded,absolute,candidate,"equal-weight summaries of recorded source-training batch statistics; changing models, not frozen population estimates",/tmp/p01-d1-20260919-1irHPs/artifacts/d1_pu_20260919/core/UO/seed_123/training_batches.csv
UO,123,core,objective,,,,diagnostic_excess,,CE + beta Brier,0.14892475584149362,0.13786639273166656,1000,0,1000,recorded,absolute,candidate,"equal-weight summaries of recorded source-training batch statistics; changing models, not frozen population estimates",/tmp/p01-d1-20260919-1irHPs/artifacts/d1_pu_20260919/core/UO/seed_123/training_batches.csv
UO,123,core,objective,,,,max_source_excess,,CE + beta Brier,0.28177060615085064,0.2737731486558914,1000,0,1000,recorded,absolute,candidate,"equal-weight summaries of recorded source-training batch statistics; changing models, not frozen population estimates",/tmp/p01-d1-20260919-1irHPs/artifacts/d1_pu_20260919/core/UO/seed_123/training_batches.csv
UO,123,core,objective,,,,source_envelope,,CE + beta Brier,0.42357783298194407,0.4125194698572159,1000,0,1000,recorded,absolute,candidate,"equal-weight summaries of recorded source-training batch statistics; changing models, not frozen population estimates",/tmp/p01-d1-20260919-1irHPs/artifacts/d1_pu_20260919/core/UO/seed_123/training_batches.csv
UO,123,core,objective,,,,correction_consistency,,unweighted squared probability L2 norm,6.574778389493163e-07,4.729814975235058e-07,1000,0,1000,recorded,absolute,candidate,"equal-weight summaries of recorded source-training batch statistics; changing models, not frozen population estimates",/tmp/p01-d1-20260919-1irHPs/artifacts/d1_pu_20260919/core/UO/seed_123/training_batches.csv
UO,123,core,objective,,,,candidate_output_consistency,,unweighted squared probability L2 norm,6.574749949005421e-07,4.730095355398589e-07,1000,0,1000,recorded,absolute,candidate,"equal-weight summaries of recorded source-training batch statistics; changing models, not frozen population estimates",/tmp/p01-d1-20260919-1irHPs/artifacts/d1_pu_20260919/core/UO/seed_123/training_batches.csv
UO,123,core,objective,,,,reference_output_consistency,,squared probability L2 norm,8.56310768791221e-14,7.246171707369492e-14,1000,0,1000,recorded,absolute,candidate,"equal-weight summaries of recorded source-training batch statistics; changing models, not frozen population estimates",/tmp/p01-d1-20260919-1irHPs/artifacts/d1_pu_20260919/core/UO/seed_123/training_batches.csv
UO,123,core,objective,,,,pair_penalty,,selected unweighted squared probability L2 norm,6.574749949005421e-07,4.730095355398589e-07,1000,0,1000,recorded,absolute,candidate,"equal-weight summaries of recorded source-training batch statistics; changing models, not frozen population estimates",/tmp/p01-d1-20260919-1irHPs/artifacts/d1_pu_20260919/core/UO/seed_123/training_batches.csv
UO,456,core,domain_risk,0,,,candidate_risk,,CE + beta Brier,0.9885805530250072,0.9911421835422516,1000,0,1000,recorded,absolute,candidate,"equal-weight summaries of recorded source-training batch statistics; changing models, not frozen population estimates",/tmp/p01-d1-20260919-1irHPs/artifacts/d1_pu_20260919/core/UO/seed_456/training_domains.csv
UO,456,core,domain_risk,0,,,reference_risk,,CE + beta Brier,0.8881843837797642,0.8874300718307495,1000,0,1000,recorded,absolute,candidate,"equal-weight summaries of recorded source-training batch statistics; changing models, not frozen population estimates",/tmp/p01-d1-20260919-1irHPs/artifacts/d1_pu_20260919/core/UO/seed_456/training_domains.csv
UO,456,core,domain_risk,0,,,excess,,CE + beta Brier,0.10039616914186626,0.08357559144496918,1000,0,1000,recorded,absolute,candidate,"equal-weight summaries of recorded source-training batch statistics; changing models, not frozen population estimates",/tmp/p01-d1-20260919-1irHPs/artifacts/d1_pu_20260919/core/UO/seed_456/training_domains.csv
UO,456,core,domain_risk,0,,,weight,,dimensionless,0.32818534377217295,0.30853214859962463,1000,0,1000,recorded,absolute,candidate,"equal-weight summaries of recorded source-training batch statistics; changing models, not frozen population estimates",/tmp/p01-d1-20260919-1irHPs/artifacts/d1_pu_20260919/core/UO/seed_456/training_domains.csv
UO,456,core,domain_risk,2,,,candidate_risk,,CE + beta Brier,1.0093635025322438,1.027067482471466,1000,0,1000,recorded,absolute,candidate,"equal-weight summaries of recorded source-training batch statistics; changing models, not frozen population estimates",/tmp/p01-d1-20260919-1irHPs/artifacts/d1_pu_20260919/core/UO/seed_456/training_domains.csv
UO,456,core,domain_risk,2,,,reference_risk,,CE + beta Brier,0.8810557746291161,0.8711451292037964,1000,0,1000,recorded,absolute,candidate,"equal-weight summaries of recorded source-training batch statistics; changing models, not frozen population estimates",/tmp/p01-d1-20260919-1irHPs/artifacts/d1_pu_20260919/core/UO/seed_456/training_domains.csv
UO,456,core,domain_risk,2,,,excess,,CE + beta Brier,0.12830772796645762,0.12063241004943848,1000,0,1000,recorded,absolute,candidate,"equal-weight summaries of recorded source-training batch statistics; changing models, not frozen population estimates",/tmp/p01-d1-20260919-1irHPs/artifacts/d1_pu_20260919/core/UO/seed_456/training_domains.csv
UO,456,core,domain_risk,2,,,weight,,dimensionless,0.35350122855231164,0.33395780622959137,1000,0,1000,recorded,absolute,candidate,"equal-weight summaries of recorded source-training batch statistics; changing models, not frozen population estimates",/tmp/p01-d1-20260919-1irHPs/artifacts/d1_pu_20260919/core/UO/seed_456/training_domains.csv
UO,456,core,domain_risk,3,,,candidate_risk,,CE + beta Brier,0.9790796039700508,0.9885633587837219,1000,0,1000,recorded,absolute,candidate,"equal-weight summaries of recorded source-training batch statistics; changing models, not frozen population estimates",/tmp/p01-d1-20260919-1irHPs/artifacts/d1_pu_20260919/core/UO/seed_456/training_domains.csv
UO,456,core,domain_risk,3,,,reference_risk,,CE + beta Brier,0.9340598204731941,0.908710777759552,1000,0,1000,recorded,absolute,candidate,"equal-weight summaries of recorded source-training batch statistics; changing models, not frozen population estimates",/tmp/p01-d1-20260919-1irHPs/artifacts/d1_pu_20260919/core/UO/seed_456/training_domains.csv
UO,456,core,domain_risk,3,,,excess,,CE + beta Brier,0.0450197853827849,0.03776626102626324,1000,0,1000,recorded,absolute,candidate,"equal-weight summaries of recorded source-training batch statistics; changing models, not frozen population estimates",/tmp/p01-d1-20260919-1irHPs/artifacts/d1_pu_20260919/core/UO/seed_456/training_domains.csv
UO,456,core,domain_risk,3,,,weight,,dimensionless,0.3183134262673557,0.30124978721141815,1000,0,1000,recorded,absolute,candidate,"equal-weight summaries of recorded source-training batch statistics; changing models, not frozen population estimates",/tmp/p01-d1-20260919-1irHPs/artifacts/d1_pu_20260919/core/UO/seed_456/training_domains.csv
UO,456,core,reference_prior,,0,2,reference_risk_difference_over_rho,,dimensionless (c_i-c_j)/rho,0.02851443660259247,0.004777431488037109,1000,0,1000,recorded,absolute,candidate,"equal-weight summaries of recorded source-training batch statistics; changing models, not frozen population estimates",/tmp/p01-d1-20260919-1irHPs/artifacts/d1_pu_20260919/core/UO/seed_456/training_reference_prior.csv
UO,456,core,reference_prior,,0,3,reference_risk_difference_over_rho,,dimensionless (c_i-c_j)/rho,-0.18350174677371978,-0.1104898452758789,1000,0,1000,recorded,absolute,candidate,"equal-weight summaries of recorded source-training batch statistics; changing models, not frozen population estimates",/tmp/p01-d1-20260919-1irHPs/artifacts/d1_pu_20260919/core/UO/seed_456/training_reference_prior.csv
UO,456,core,reference_prior,,2,3,reference_risk_difference_over_rho,,dimensionless (c_i-c_j)/rho,-0.21201618337631226,-0.23196065425872803,1000,0,1000,recorded,absolute,candidate,"equal-weight summaries of recorded source-training batch statistics; changing models, not frozen population estimates",/tmp/p01-d1-20260919-1irHPs/artifacts/d1_pu_20260919/core/UO/seed_456/training_reference_prior.csv
UO,456,core,response,0,,,A,,squared probability L2 norm,0.05024924823129549,0.04399716481566429,1000,0,1000,recorded,absolute,candidate,"equal-weight summaries of recorded source-training batch statistics; changing models, not frozen population estimates",/tmp/p01-d1-20260919-1irHPs/artifacts/d1_pu_20260919/core/UO/seed_456/training_responses.csv
UO,456,core,response,0,,,b,,probability inner product,0.00719737657927908,0.0101356515660882,1000,0,1000,recorded,absolute,candidate,"equal-weight summaries of recorded source-training batch statistics; changing models, not frozen population estimates",/tmp/p01-d1-20260919-1irHPs/artifacts/d1_pu_20260919/core/UO/seed_456/training_responses.csv
UO,456,core,response,0,,,sqrt_A,,probability L2 norm,0.2127817503429864,0.20975499564431388,1000,0,1000,recorded,absolute,candidate,"equal-weight summaries of recorded source-training batch statistics; changing models, not frozen population estimates",/tmp/p01-d1-20260919-1irHPs/artifacts/d1_pu_20260919/core/UO/seed_456/training_responses.csv
UO,456,core,response,0,,,b_over_sqrt_A,,signed probability direction; undefined when A=0,0.058764444466036174,0.050884943891563374,1000,0,1000,recorded,absolute,candidate,"equal-weight summaries of recorded source-training batch statistics; changing models, not frozen population estimates",/tmp/p01-d1-20260919-1irHPs/artifacts/d1_pu_20260919/core/UO/seed_456/training_responses.csv
UO,456,core,response,0,,,delta_p0_squared_norm,,squared probability L2 norm,7.425386744379011e-14,4.832682783681777e-14,1000,0,1000,recorded,absolute,candidate,"equal-weight summaries of recorded source-training batch statistics; changing models, not frozen population estimates",/tmp/p01-d1-20260919-1irHPs/artifacts/d1_pu_20260919/core/UO/seed_456/training_responses.csv
UO,456,core,response,0,,,delta_q_squared_norm,,squared probability L2 norm,5.912996943356896e-07,3.42871814495993e-07,1000,0,1000,recorded,absolute,candidate,"equal-weight summaries of recorded source-training batch statistics; changing models, not frozen population estimates",/tmp/p01-d1-20260919-1irHPs/artifacts/d1_pu_20260919/core/UO/seed_456/training_responses.csv
UO,456,core,response,0,,,delta_v_squared_norm,,squared probability L2 norm,5.913269123706266e-07,3.428013997108792e-07,1000,0,1000,recorded,absolute,candidate,"equal-weight summaries of recorded source-training batch statistics; changing models, not frozen population estimates",/tmp/p01-d1-20260919-1irHPs/artifacts/d1_pu_20260919/core/UO/seed_456/training_responses.csv
UO,456,core,response,0,,,delta_p0_mean_vector,0,signed probability; frozen class-order index,-1.9349549802427648e-09,0.0,1000,0,1000,recorded,absolute,candidate,"equal-weight summaries of recorded source-training batch statistics; changing models, not frozen population estimates",/tmp/p01-d1-20260919-1irHPs/artifacts/d1_pu_20260919/core/UO/seed_456/training_responses.csv
UO,456,core,response,0,,,delta_p0_mean_vector,1,signed probability; frozen class-order index,3.607943654060364e-09,7.450580596923828e-09,1000,0,1000,recorded,absolute,candidate,"equal-weight summaries of recorded source-training batch statistics; changing models, not frozen population estimates",/tmp/p01-d1-20260919-1irHPs/artifacts/d1_pu_20260919/core/UO/seed_456/training_responses.csv
UO,456,core,response,0,,,delta_p0_mean_vector,2,signed probability; frozen class-order index,2.1830201148986815e-09,0.0,1000,0,1000,recorded,absolute,candidate,"equal-weight summaries of recorded source-training batch statistics; changing models, not frozen population estimates",/tmp/p01-d1-20260919-1irHPs/artifacts/d1_pu_20260919/core/UO/seed_456/training_responses.csv
UO,456,core,response,0,,,delta_q_mean_vector,0,signed probability; frozen class-order index,3.1888793455436825e-06,-4.7888606786727905e-06,1000,0,1000,recorded,absolute,candidate,"equal-weight summaries of recorded source-training batch statistics; changing models, not frozen population estimates",/tmp/p01-d1-20260919-1irHPs/artifacts/d1_pu_20260919/core/UO/seed_456/training_responses.csv
UO,456,core,response,0,,,delta_q_mean_vector,1,signed probability; frozen class-order index,4.170218482613564e-06,1.0482966899871826e-05,1000,0,1000,recorded,absolute,candidate,"equal-weight summaries of recorded source-training batch statistics; changing models, not frozen population estimates",/tmp/p01-d1-20260919-1irHPs/artifacts/d1_pu_20260919/core/UO/seed_456/training_responses.csv
UO,456,core,response,0,,,delta_q_mean_vector,2,signed probability; frozen class-order index,-7.360663264989853e-06,-9.052455425262451e-07,1000,0,1000,recorded,absolute,candidate,"equal-weight summaries of recorded source-training batch statistics; changing models, not frozen population estimates",/tmp/p01-d1-20260919-1irHPs/artifacts/d1_pu_20260919/core/UO/seed_456/training_responses.csv
UO,456,core,response,0,,,delta_v_mean_vector,0,signed probability; frozen class-order index,3.190888557583094e-06,-4.902482032775879e-06,1000,0,1000,recorded,absolute,candidate,"equal-weight summaries of recorded source-training batch statistics; changing models, not frozen population estimates",/tmp/p01-d1-20260919-1irHPs/artifacts/d1_pu_20260919/core/UO/seed_456/training_responses.csv
UO,456,core,response,0,,,delta_v_mean_vector,1,signed probability; frozen class-order index,4.166577011346817e-06,1.0503455996513367e-05,1000,0,1000,recorded,absolute,candidate,"equal-weight summaries of recorded source-training batch statistics; changing models, not frozen population estimates",/tmp/p01-d1-20260919-1irHPs/artifacts/d1_pu_20260919/core/UO/seed_456/training_responses.csv
UO,456,core,response,0,,,delta_v_mean_vector,2,signed probability; frozen class-order index,-7.362846285104752e-06,-9.033828973770142e-07,1000,0,1000,recorded,absolute,candidate,"equal-weight summaries of recorded source-training batch statistics; changing models, not frozen population estimates",/tmp/p01-d1-20260919-1irHPs/artifacts/d1_pu_20260919/core/UO/seed_456/training_responses.csv
UO,456,core,response,2,,,A,,squared probability L2 norm,0.05290901325759478,0.047390786930918694,1000,0,1000,recorded,absolute,candidate,"equal-weight summaries of recorded source-training batch statistics; changing models, not frozen population estimates",/tmp/p01-d1-20260919-1irHPs/artifacts/d1_pu_20260919/core/UO/seed_456/training_responses.csv
UO,456,core,response,2,,,b,,probability inner product,-0.0003923699399456382,0.0035351216793060303,1000,0,1000,recorded,absolute,candidate,"equal-weight summaries of recorded source-training batch statistics; changing models, not frozen population estimates",/tmp/p01-d1-20260919-1irHPs/artifacts/d1_pu_20260919/core/UO/seed_456/training_responses.csv
UO,456,core,response,2,,,sqrt_A,,probability L2 norm,0.21935872681876165,0.21769424068941712,1000,0,1000,recorded,absolute,candidate,"equal-weight summaries of recorded source-training batch statistics; changing models, not frozen population estimates",/tmp/p01-d1-20260919-1irHPs/artifacts/d1_pu_20260919/core/UO/seed_456/training_responses.csv
UO,456,core,response,2,,,b_over_sqrt_A,,signed probability direction; undefined when A=0,0.023910141410759537,0.015092150810521503,1000,0,1000,recorded,absolute,candidate,"equal-weight summaries of recorded source-training batch statistics; changing models, not frozen population estimates",/tmp/p01-d1-20260919-1irHPs/artifacts/d1_pu_20260919/core/UO/seed_456/training_responses.csv
UO,456,core,response,2,,,delta_p0_squared_norm,,squared probability L2 norm,8.432080766379428e-14,5.2513665955316625e-14,1000,0,1000,recorded,absolute,candidate,"equal-weight summaries of recorded source-training batch statistics; changing models, not frozen population estimates",/tmp/p01-d1-20260919-1irHPs/artifacts/d1_pu_20260919/core/UO/seed_456/training_responses.csv
UO,456,core,response,2,,,delta_q_squared_norm,,squared probability L2 norm,6.474523078466854e-07,3.7292673482625105e-07,1000,0,1000,recorded,absolute,candidate,"equal-weight summaries of recorded source-training batch statistics; changing models, not frozen population estimates",/tmp/p01-d1-20260919-1irHPs/artifacts/d1_pu_20260919/core/UO/seed_456/training_responses.csv
UO,456,core,response,2,,,delta_v_squared_norm,,squared probability L2 norm,6.474466894068609e-07,3.7298788413409056e-07,1000,0,1000,recorded,absolute,candidate,"equal-weight summaries of recorded source-training batch statistics; changing models, not frozen population estimates",/tmp/p01-d1-20260919-1irHPs/artifacts/d1_pu_20260919/core/UO/seed_456/training_responses.csv
UO,456,core,response,2,,,delta_p0_mean_vector,0,signed probability; frozen class-order index,-5.660913302563131e-09,-6.948539521545172e-10,1000,0,1000,recorded,absolute,candidate,"equal-weight summaries of recorded source-training batch statistics; changing models, not frozen population estimates",/tmp/p01-d1-20260919-1irHPs/artifacts/d1_pu_20260919/core/UO/seed_456/training_responses.csv
UO,456,core,response,2,,,delta_p0_mean_vector,1,signed probability; frozen class-order index,1.1008232831954955e-09,0.0,1000,0,1000,recorded,absolute,candidate,"equal-weight summaries of recorded source-training batch statistics; changing models, not frozen population estimates",/tmp/p01-d1-20260919-1irHPs/artifacts/d1_pu_20260919/core/UO/seed_456/training_responses.csv
UO,456,core,response,2,,,delta_p0_mean_vector,2,signed probability; frozen class-order index,2.864748239517212e-09,1.862645149230957e-09,1000,0,1000,recorded,absolute,candidate,"equal-weight summaries of recorded source-training batch statistics; changing models, not frozen population estimates",/tmp/p01-d1-20260919-1irHPs/artifacts/d1_pu_20260919/core/UO/seed_456/training_responses.csv
UO,456,core,response,2,,,delta_q_mean_vector,0,signed probability; frozen class-order index,7.80878879595548e-07,2.51084566116333e-06,1000,0,1000,recorded,absolute,candidate,"equal-weight summaries of recorded source-training batch statistics; changing models, not frozen population estimates",/tmp/p01-d1-20260919-1irHPs/artifacts/d1_pu_20260919/core/UO/seed_456/training_responses.csv
UO,456,core,response,2,,,delta_q_mean_vector,1,signed probability; frozen class-order index,-1.7232099547982217e-05,-1.7289072275161743e-05,1000,0,1000,recorded,absolute,candidate,"equal-weight summaries of recorded source-training batch statistics; changing models, not frozen population estimates",/tmp/p01-d1-20260919-1irHPs/artifacts/d1_pu_20260919/core/UO/seed_456/training_responses.csv
UO,456,core,response,2,,,delta_q_mean_vector,2,signed probability; frozen class-order index,1.645192876458168e-05,8.165836334228516e-06,1000,0,1000,recorded,absolute,candidate,"equal-weight summaries of recorded source-training batch statistics; changing models, not frozen population estimates",/tmp/p01-d1-20260919-1irHPs/artifacts/d1_pu_20260919/core/UO/seed_456/training_responses.csv
UO,456,core,response,2,,,delta_v_mean_vector,0,signed probability; frozen class-order index,7.865084917284548e-07,2.5741755962371826e-06,1000,0,1000,recorded,absolute,candidate,"equal-weight summaries of recorded source-training batch statistics; changing models, not frozen population estimates",/tmp/p01-d1-20260919-1irHPs/artifacts/d1_pu_20260919/core/UO/seed_456/training_responses.csv
UO,456,core,response,2,,,delta_v_mean_vector,1,signed probability; frozen class-order index,-1.7233191058039665e-05,-1.733936369419098e-05,1000,0,1000,recorded,absolute,candidate,"equal-weight summaries of recorded source-training batch statistics; changing models, not frozen population estimates",/tmp/p01-d1-20260919-1irHPs/artifacts/d1_pu_20260919/core/UO/seed_456/training_responses.csv
UO,456,core,response,2,,,delta_v_mean_vector,2,signed probability; frozen class-order index,1.6449060291051866e-05,8.206814527511597e-06,1000,0,1000,recorded,absolute,candidate,"equal-weight summaries of recorded source-training batch statistics; changing models, not frozen population estimates",/tmp/p01-d1-20260919-1irHPs/artifacts/d1_pu_20260919/core/UO/seed_456/training_responses.csv
UO,456,core,response,3,,,A,,squared probability L2 norm,0.04780787527374923,0.04139870032668114,1000,0,1000,recorded,absolute,candidate,"equal-weight summaries of recorded source-training batch statistics; changing models, not frozen population estimates",/tmp/p01-d1-20260919-1irHPs/artifacts/d1_pu_20260919/core/UO/seed_456/training_responses.csv
UO,456,core,response,3,,,b,,probability inner product,0.023699113130103797,0.02451982442289591,1000,0,1000,recorded,absolute,candidate,"equal-weight summaries of recorded source-training batch statistics; changing models, not frozen population estimates",/tmp/p01-d1-20260919-1irHPs/artifacts/d1_pu_20260919/core/UO/seed_456/training_responses.csv
UO,456,core,response,3,,,sqrt_A,,probability L2 norm,0.20821188650690103,0.20346668629844622,1000,0,1000,recorded,absolute,candidate,"equal-weight summaries of recorded source-training batch statistics; changing models, not frozen population estimates",/tmp/p01-d1-20260919-1irHPs/artifacts/d1_pu_20260919/core/UO/seed_456/training_responses.csv
UO,456,core,response,3,,,b_over_sqrt_A,,signed probability direction; undefined when A=0,0.13462713238705715,0.12518526383956452,1000,0,1000,recorded,absolute,candidate,"equal-weight summaries of recorded source-training batch statistics; changing models, not frozen population estimates",/tmp/p01-d1-20260919-1irHPs/artifacts/d1_pu_20260919/core/UO/seed_456/training_responses.csv
UO,456,core,response,3,,,delta_p0_squared_norm,,squared probability L2 norm,9.438529620961304e-14,5.888345366855674e-14,1000,0,1000,recorded,absolute,candidate,"equal-weight summaries of recorded source-training batch statistics; changing models, not frozen population estimates",/tmp/p01-d1-20260919-1irHPs/artifacts/d1_pu_20260919/core/UO/seed_456/training_responses.csv
UO,456,core,response,3,,,delta_q_squared_norm,,squared probability L2 norm,6.550639745982467e-07,3.764134959283183e-07,1000,0,1000,recorded,absolute,candidate,"equal-weight summaries of recorded source-training batch statistics; changing models, not frozen population estimates",/tmp/p01-d1-20260919-1irHPs/artifacts/d1_pu_20260919/core/UO/seed_456/training_responses.csv
UO,456,core,response,3,,,delta_v_squared_norm,,squared probability L2 norm,6.550477587571324e-07,3.763894653729949e-07,1000,0,1000,recorded,absolute,candidate,"equal-weight summaries of recorded source-training batch statistics; changing models, not frozen population estimates",/tmp/p01-d1-20260919-1irHPs/artifacts/d1_pu_20260919/core/UO/seed_456/training_responses.csv
UO,456,core,response,3,,,delta_p0_mean_vector,0,signed probability; frozen class-order index,-7.474242011085152e-09,-2.0372681319713593e-09,1000,0,1000,recorded,absolute,candidate,"equal-weight summaries of recorded source-training batch statistics; changing models, not frozen population estimates",/tmp/p01-d1-20260919-1irHPs/artifacts/d1_pu_20260919/core/UO/seed_456/training_responses.csv
UO,456,core,response,3,,,delta_p0_mean_vector,1,signed probability; frozen class-order index,2.985820174217224e-09,0.0,1000,0,1000,recorded,absolute,candidate,"equal-weight summaries of recorded source-training batch statistics; changing models, not frozen population estimates",/tmp/p01-d1-20260919-1irHPs/artifacts/d1_pu_20260919/core/UO/seed_456/training_responses.csv
UO,456,core,response,3,,,delta_p0_mean_vector,2,signed probability; frozen class-order index,7.349997758865357e-09,7.450580596923828e-09,1000,0,1000,recorded,absolute,candidate,"equal-weight summaries of recorded source-training batch statistics; changing models, not frozen population estimates",/tmp/p01-d1-20260919-1irHPs/artifacts/d1_pu_20260919/core/UO/seed_456/training_responses.csv
UO,456,core,response,3,,,delta_q_mean_vector,0,signed probability; frozen class-order index,-2.698158426210284e-05,-1.2434087693691254e-05,1000,0,1000,recorded,absolute,candidate,"equal-weight summaries of recorded source-training batch statistics; changing models, not frozen population estimates",/tmp/p01-d1-20260919-1irHPs/artifacts/d1_pu_20260919/core/UO/seed_456/training_responses.csv
UO,456,core,response,3,,,delta_q_mean_vector,1,signed probability; frozen class-order index,5.851220339536667e-06,6.366521120071411e-06,1000,0,1000,recorded,absolute,candidate,"equal-weight summaries of recorded source-training batch statistics; changing models, not frozen population estimates",/tmp/p01-d1-20260919-1irHPs/artifacts/d1_pu_20260919/core/UO/seed_456/training_responses.csv
UO,456,core,response,3,,,delta_q_mean_vector,2,signed probability; frozen class-order index,2.113071084022522e-05,1.7976388335227966e-05,1000,0,1000,recorded,absolute,candidate,"equal-weight summaries of recorded source-training batch statistics; changing models, not frozen population estimates",/tmp/p01-d1-20260919-1irHPs/artifacts/d1_pu_20260919/core/UO/seed_456/training_responses.csv
UO,456,core,response,3,,,delta_v_mean_vector,0,signed probability; frozen class-order index,-2.6974212378263474e-05,-1.2427102774381638e-05,1000,0,1000,recorded,absolute,candidate,"equal-weight summaries of recorded source-training batch statistics; changing models, not frozen population estimates",/tmp/p01-d1-20260919-1irHPs/artifacts/d1_pu_20260919/core/UO/seed_456/training_responses.csv
UO,456,core,response,3,,,delta_v_mean_vector,1,signed probability; frozen class-order index,5.848227068781853e-06,6.407499313354492e-06,1000,0,1000,recorded,absolute,candidate,"equal-weight summaries of recorded source-training batch statistics; changing models, not frozen population estimates",/tmp/p01-d1-20260919-1irHPs/artifacts/d1_pu_20260919/core/UO/seed_456/training_responses.csv
UO,456,core,response,3,,,delta_v_mean_vector,2,signed probability; frozen class-order index,2.1123360842466354e-05,1.7939135432243347e-05,1000,0,1000,recorded,absolute,candidate,"equal-weight summaries of recorded source-training batch statistics; changing models, not frozen population estimates",/tmp/p01-d1-20260919-1irHPs/artifacts/d1_pu_20260919/core/UO/seed_456/training_responses.csv
UO,456,core,objective,,,,loss,,CE + beta Brier + weighted consistency,1.0306981319785118,1.040213704109192,1000,0,1000,recorded,absolute,candidate,"equal-weight summaries of recorded source-training batch statistics; changing models, not frozen population estimates",/tmp/p01-d1-20260919-1irHPs/artifacts/d1_pu_20260919/core/UO/seed_456/training_batches.csv
UO,456,core,objective,,,,risk_objective,,CE + beta Brier,1.0306980745196344,1.0402136445045471,1000,0,1000,recorded,absolute,candidate,"equal-weight summaries of recorded source-training batch statistics; changing models, not frozen population estimates",/tmp/p01-d1-20260919-1irHPs/artifacts/d1_pu_20260919/core/UO/seed_456/training_batches.csv
UO,456,core,objective,,,,diagnostic_excess,,CE + beta Brier,0.15426868066191674,0.14008361101150513,1000,0,1000,recorded,absolute,candidate,"equal-weight summaries of recorded source-training batch statistics; changing models, not frozen population estimates",/tmp/p01-d1-20260919-1irHPs/artifacts/d1_pu_20260919/core/UO/seed_456/training_batches.csv
UO,456,core,objective,,,,max_source_excess,,CE + beta Brier,0.28331241506524385,0.2697940021753311,1000,0,1000,recorded,absolute,candidate,"equal-weight summaries of recorded source-training batch statistics; changing models, not frozen population estimates",/tmp/p01-d1-20260919-1irHPs/artifacts/d1_pu_20260919/core/UO/seed_456/training_batches.csv
UO,456,core,objective,,,,source_envelope,,CE + beta Brier,0.4289217578098178,0.41473668813705444,1000,0,1000,recorded,absolute,candidate,"equal-weight summaries of recorded source-training batch statistics; changing models, not frozen population estimates",/tmp/p01-d1-20260919-1irHPs/artifacts/d1_pu_20260919/core/UO/seed_456/training_batches.csv
UO,456,core,objective,,,,correction_consistency,,unweighted squared probability L2 norm,6.31273803793908e-07,4.4497907936147385e-07,1000,0,1000,recorded,absolute,candidate,"equal-weight summaries of recorded source-training batch statistics; changing models, not frozen population estimates",/tmp/p01-d1-20260919-1irHPs/artifacts/d1_pu_20260919/core/UO/seed_456/training_batches.csv
UO,456,core,objective,,,,candidate_output_consistency,,unweighted squared probability L2 norm,6.31272007312722e-07,4.4490028017207806e-07,1000,0,1000,recorded,absolute,candidate,"equal-weight summaries of recorded source-training batch statistics; changing models, not frozen population estimates",/tmp/p01-d1-20260919-1irHPs/artifacts/d1_pu_20260919/core/UO/seed_456/training_batches.csv
UO,456,core,objective,,,,reference_output_consistency,,squared probability L2 norm,8.431999266520957e-14,7.08563185881049e-14,1000,0,1000,recorded,absolute,candidate,"equal-weight summaries of recorded source-training batch statistics; changing models, not frozen population estimates",/tmp/p01-d1-20260919-1irHPs/artifacts/d1_pu_20260919/core/UO/seed_456/training_batches.csv
UO,456,core,objective,,,,pair_penalty,,selected unweighted squared probability L2 norm,6.31272007312722e-07,4.4490028017207806e-07,1000,0,1000,recorded,absolute,candidate,"equal-weight summaries of recorded source-training batch statistics; changing models, not frozen population estimates",/tmp/p01-d1-20260919-1irHPs/artifacts/d1_pu_20260919/core/UO/seed_456/training_batches.csv
RO,42,core,domain_risk,0,,,candidate_risk,,CE + beta Brier,0.9826789253950119,1.0006340742111206,1000,0,1000,recorded,relative,candidate,"equal-weight summaries of recorded source-training batch statistics; changing models, not frozen population estimates",/tmp/p01-d1-20260919-1irHPs/artifacts/d1_pu_20260919/core/RO/seed_42/training_domains.csv
RO,42,core,domain_risk,0,,,reference_risk,,CE + beta Brier,0.8953840225636959,0.8944948315620422,1000,0,1000,recorded,relative,candidate,"equal-weight summaries of recorded source-training batch statistics; changing models, not frozen population estimates",/tmp/p01-d1-20260919-1irHPs/artifacts/d1_pu_20260919/core/RO/seed_42/training_domains.csv
RO,42,core,domain_risk,0,,,excess,,CE + beta Brier,0.08729490629117936,0.06912466883659363,1000,0,1000,recorded,relative,candidate,"equal-weight summaries of recorded source-training batch statistics; changing models, not frozen population estimates",/tmp/p01-d1-20260919-1irHPs/artifacts/d1_pu_20260919/core/RO/seed_42/training_domains.csv
RO,42,core,domain_risk,0,,,weight,,dimensionless,0.34927701905090364,0.3220657557249069,1000,0,1000,recorded,relative,candidate,"equal-weight summaries of recorded source-training batch statistics; changing models, not frozen population estimates",/tmp/p01-d1-20260919-1irHPs/artifacts/d1_pu_20260919/core/RO/seed_42/training_domains.csv
RO,42,core,domain_risk,2,,,candidate_risk,,CE + beta Brier,0.9952109091877938,1.0186486840248108,1000,0,1000,recorded,relative,candidate,"equal-weight summaries of recorded source-training batch statistics; changing models, not frozen population estimates",/tmp/p01-d1-20260919-1irHPs/artifacts/d1_pu_20260919/core/RO/seed_42/training_domains.csv
RO,42,core,domain_risk,2,,,reference_risk,,CE + beta Brier,0.9028331097364426,0.8912161290645599,1000,0,1000,recorded,relative,candidate,"equal-weight summaries of recorded source-training batch statistics; changing models, not frozen population estimates",/tmp/p01-d1-20260919-1irHPs/artifacts/d1_pu_20260919/core/RO/seed_42/training_domains.csv
RO,42,core,domain_risk,2,,,excess,,CE + beta Brier,0.09237780173262582,0.08326329290866852,1000,0,1000,recorded,relative,candidate,"equal-weight summaries of recorded source-training batch statistics; changing models, not frozen population estimates",/tmp/p01-d1-20260919-1irHPs/artifacts/d1_pu_20260919/core/RO/seed_42/training_domains.csv
RO,42,core,domain_risk,2,,,weight,,dimensionless,0.35725876004062596,0.3387066423892975,1000,0,1000,recorded,relative,candidate,"equal-weight summaries of recorded source-training batch statistics; changing models, not frozen population estimates",/tmp/p01-d1-20260919-1irHPs/artifacts/d1_pu_20260919/core/RO/seed_42/training_domains.csv
RO,42,core,domain_risk,3,,,candidate_risk,,CE + beta Brier,0.9568956160247326,0.9670342803001404,1000,0,1000,recorded,relative,candidate,"equal-weight summaries of recorded source-training batch statistics; changing models, not frozen population estimates",/tmp/p01-d1-20260919-1irHPs/artifacts/d1_pu_20260919/core/RO/seed_42/training_domains.csv
RO,42,core,domain_risk,3,,,reference_risk,,CE + beta Brier,0.9222612332701683,0.8979472815990448,1000,0,1000,recorded,relative,candidate,"equal-weight summaries of recorded source-training batch statistics; changing models, not frozen population estimates",/tmp/p01-d1-20260919-1irHPs/artifacts/d1_pu_20260919/core/RO/seed_42/training_domains.csv
RO,42,core,domain_risk,3,,,excess,,CE + beta Brier,0.03463438349822536,0.024320445954799652,1000,0,1000,recorded,relative,candidate,"equal-weight summaries of recorded source-training batch statistics; changing models, not frozen population estimates",/tmp/p01-d1-20260919-1irHPs/artifacts/d1_pu_20260919/core/RO/seed_42/training_domains.csv
RO,42,core,domain_risk,3,,,weight,,dimensionless,0.2934642222682014,0.2644282281398773,1000,0,1000,recorded,relative,candidate,"equal-weight summaries of recorded source-training batch statistics; changing models, not frozen population estimates",/tmp/p01-d1-20260919-1irHPs/artifacts/d1_pu_20260919/core/RO/seed_42/training_domains.csv
RO,42,core,reference_prior,,0,2,reference_risk_difference_over_rho,,dimensionless (c_i-c_j)/rho,-0.029796348690986633,-0.0015954971313476562,1000,0,1000,recorded,relative,candidate,"equal-weight summaries of recorded source-training batch statistics; changing models, not frozen population estimates",/tmp/p01-d1-20260919-1irHPs/artifacts/d1_pu_20260919/core/RO/seed_42/training_reference_prior.csv
RO,42,core,reference_prior,,0,3,reference_risk_difference_over_rho,,dimensionless (c_i-c_j)/rho,-0.10750884282588959,-0.06258046627044678,1000,0,1000,recorded,relative,candidate,"equal-weight summaries of recorded source-training batch statistics; changing models, not frozen population estimates",/tmp/p01-d1-20260919-1irHPs/artifacts/d1_pu_20260919/core/RO/seed_42/training_reference_prior.csv
RO,42,core,reference_prior,,2,3,reference_risk_difference_over_rho,,dimensionless (c_i-c_j)/rho,-0.07771249413490296,-0.056083083152770996,1000,0,1000,recorded,relative,candidate,"equal-weight summaries of recorded source-training batch statistics; changing models, not frozen population estimates",/tmp/p01-d1-20260919-1irHPs/artifacts/d1_pu_20260919/core/RO/seed_42/training_reference_prior.csv
RO,42,core,response,0,,,A,,squared probability L2 norm,0.040725000102305786,0.031817175447940826,1000,0,1000,recorded,relative,candidate,"equal-weight summaries of recorded source-training batch statistics; changing models, not frozen population estimates",/tmp/p01-d1-20260919-1irHPs/artifacts/d1_pu_20260919/core/RO/seed_42/training_responses.csv
RO,42,core,response,0,,,b,,probability inner product,0.006864106965018437,0.008451702538877726,1000,0,1000,recorded,relative,candidate,"equal-weight summaries of recorded source-training batch statistics; changing models, not frozen population estimates",/tmp/p01-d1-20260919-1irHPs/artifacts/d1_pu_20260919/core/RO/seed_42/training_responses.csv
RO,42,core,response,0,,,sqrt_A,,probability L2 norm,0.1887881300024608,0.17837368654800922,1000,0,1000,recorded,relative,candidate,"equal-weight summaries of recorded source-training batch statistics; changing models, not frozen population estimates",/tmp/p01-d1-20260919-1irHPs/artifacts/d1_pu_20260919/core/RO/seed_42/training_responses.csv
RO,42,core,response,0,,,b_over_sqrt_A,,signed probability direction; undefined when A=0,0.07179866456813479,0.05049677515485222,1000,0,1000,recorded,relative,candidate,"equal-weight summaries of recorded source-training batch statistics; changing models, not frozen population estimates",/tmp/p01-d1-20260919-1irHPs/artifacts/d1_pu_20260919/core/RO/seed_42/training_responses.csv
RO,42,core,response,0,,,delta_p0_squared_norm,,squared probability L2 norm,7.673261025556929e-14,5.007420259689477e-14,1000,0,1000,recorded,relative,candidate,"equal-weight summaries of recorded source-training batch statistics; changing models, not frozen population estimates",/tmp/p01-d1-20260919-1irHPs/artifacts/d1_pu_20260919/core/RO/seed_42/training_responses.csv
RO,42,core,response,0,,,delta_q_squared_norm,,squared probability L2 norm,6.130750632766801e-07,3.9611177271581255e-07,1000,0,1000,recorded,relative,candidate,"equal-weight summaries of recorded source-training batch statistics; changing models, not frozen population estimates",/tmp/p01-d1-20260919-1irHPs/artifacts/d1_pu_20260919/core/RO/seed_42/training_responses.csv
RO,42,core,response,0,,,delta_v_squared_norm,,squared probability L2 norm,6.130863962580113e-07,3.962052801398386e-07,1000,0,1000,recorded,relative,candidate,"equal-weight summaries of recorded source-training batch statistics; changing models, not frozen population estimates",/tmp/p01-d1-20260919-1irHPs/artifacts/d1_pu_20260919/core/RO/seed_42/training_responses.csv
RO,42,core,response,0,,,delta_p0_mean_vector,0,signed probability; frozen class-order index,4.395297310111346e-09,2.546585164964199e-09,1000,0,1000,recorded,relative,candidate,"equal-weight summaries of recorded source-training batch statistics; changing models, not frozen population estimates",/tmp/p01-d1-20260919-1irHPs/artifacts/d1_pu_20260919/core/RO/seed_42/training_responses.csv
RO,42,core,response,0,,,delta_p0_mean_vector,1,signed probability; frozen class-order index,-1.3206154108047485e-09,0.0,1000,0,1000,recorded,relative,candidate,"equal-weight summaries of recorded source-training batch statistics; changing models, not frozen population estimates",/tmp/p01-d1-20260919-1irHPs/artifacts/d1_pu_20260919/core/RO/seed_42/training_responses.csv
RO,42,core,response,0,,,delta_p0_mean_vector,2,signed probability; frozen class-order index,1.5795230865478515e-09,0.0,1000,0,1000,recorded,relative,candidate,"equal-weight summaries of recorded source-training batch statistics; changing models, not frozen population estimates",/tmp/p01-d1-20260919-1irHPs/artifacts/d1_pu_20260919/core/RO/seed_42/training_responses.csv
RO,42,core,response,0,,,delta_q_mean_vector,0,signed probability; frozen class-order index,-1.402566465549171e-05,-1.269439235329628e-05,1000,0,1000,recorded,relative,candidate,"equal-weight summaries of recorded source-training batch statistics; changing models, not frozen population estimates",/tmp/p01-d1-20260919-1irHPs/artifacts/d1_pu_20260919/core/RO/seed_42/training_responses.csv
RO,42,core,response,0,,,delta_q_mean_vector,1,signed probability; frozen class-order index,3.056631237268448e-05,2.3595988750457764e-05,1000,0,1000,recorded,relative,candidate,"equal-weight summaries of recorded source-training batch statistics; changing models, not frozen population estimates",/tmp/p01-d1-20260919-1irHPs/artifacts/d1_pu_20260919/core/RO/seed_42/training_responses.csv
RO,42,core,response,0,,,delta_q_mean_vector,2,signed probability; frozen class-order index,-1.6539521515369415e-05,-8.56444239616394e-06,1000,0,1000,recorded,relative,candidate,"equal-weight summaries of recorded source-training batch statistics; changing models, not frozen population estimates",/tmp/p01-d1-20260919-1irHPs/artifacts/d1_pu_20260919/core/RO/seed_42/training_responses.csv
RO,42,core,response,0,,,delta_v_mean_vector,0,signed probability; frozen class-order index,-1.4030087157152593e-05,-1.2720935046672821e-05,1000,0,1000,recorded,relative,candidate,"equal-weight summaries of recorded source-training batch statistics; changing models, not frozen population estimates",/tmp/p01-d1-20260919-1irHPs/artifacts/d1_pu_20260919/core/RO/seed_42/training_responses.csv
RO,42,core,response,0,,,delta_v_mean_vector,1,signed probability; frozen class-order index,3.056763112545013e-05,2.3595988750457764e-05,1000,0,1000,recorded,relative,candidate,"equal-weight summaries of recorded source-training batch statistics; changing models, not frozen population estimates",/tmp/p01-d1-20260919-1irHPs/artifacts/d1_pu_20260919/core/RO/seed_42/training_responses.csv
RO,42,core,response,0,,,delta_v_mean_vector,2,signed probability; frozen class-order index,-1.6541101038455963e-05,-8.579343557357788e-06,1000,0,1000,recorded,relative,candidate,"equal-weight summaries of recorded source-training batch statistics; changing models, not frozen population estimates",/tmp/p01-d1-20260919-1irHPs/artifacts/d1_pu_20260919/core/RO/seed_42/training_responses.csv
RO,42,core,response,2,,,A,,squared probability L2 norm,0.041389308252371845,0.0329172033816576,1000,0,1000,recorded,relative,candidate,"equal-weight summaries of recorded source-training batch statistics; changing models, not frozen population estimates",/tmp/p01-d1-20260919-1irHPs/artifacts/d1_pu_20260919/core/RO/seed_42/training_responses.csv
RO,42,core,response,2,,,b,,probability inner product,0.004129556060535834,0.0029139267280697823,1000,0,1000,recorded,relative,candidate,"equal-weight summaries of recorded source-training batch statistics; changing models, not frozen population estimates",/tmp/p01-d1-20260919-1irHPs/artifacts/d1_pu_20260919/core/RO/seed_42/training_responses.csv
RO,42,core,response,2,,,sqrt_A,,probability L2 norm,0.19058288617157648,0.18143098736138646,1000,0,1000,recorded,relative,candidate,"equal-weight summaries of recorded source-training batch statistics; changing models, not frozen population estimates",/tmp/p01-d1-20260919-1irHPs/artifacts/d1_pu_20260919/core/RO/seed_42/training_responses.csv
RO,42,core,response,2,,,b_over_sqrt_A,,signed probability direction; undefined when A=0,0.05397837921505132,0.017765584917852306,1000,0,1000,recorded,relative,candidate,"equal-weight summaries of recorded source-training batch statistics; changing models, not frozen population estimates",/tmp/p01-d1-20260919-1irHPs/artifacts/d1_pu_20260919/core/RO/seed_42/training_responses.csv
RO,42,core,response,2,,,delta_p0_squared_norm,,squared probability L2 norm,9.167975429702602e-14,5.964684380633557e-14,1000,0,1000,recorded,relative,candidate,"equal-weight summaries of recorded source-training batch statistics; changing models, not frozen population estimates",/tmp/p01-d1-20260919-1irHPs/artifacts/d1_pu_20260919/core/RO/seed_42/training_responses.csv
RO,42,core,response,2,,,delta_q_squared_norm,,squared probability L2 norm,8.067172351343687e-07,4.5445692364864954e-07,1000,0,1000,recorded,relative,candidate,"equal-weight summaries of recorded source-training batch statistics; changing models, not frozen population estimates",/tmp/p01-d1-20260919-1irHPs/artifacts/d1_pu_20260919/core/RO/seed_42/training_responses.csv
RO,42,core,response,2,,,delta_v_squared_norm,,squared probability L2 norm,8.066968833995159e-07,4.5440806673013867e-07,1000,0,1000,recorded,relative,candidate,"equal-weight summaries of recorded source-training batch statistics; changing models, not frozen population estimates",/tmp/p01-d1-20260919-1irHPs/artifacts/d1_pu_20260919/core/RO/seed_42/training_responses.csv
RO,42,core,response,2,,,delta_p0_mean_vector,0,signed probability; frozen class-order index,-1.2498858268372714e-09,-1.6698322724550962e-09,1000,0,1000,recorded,relative,candidate,"equal-weight summaries of recorded source-training batch statistics; changing models, not frozen population estimates",/tmp/p01-d1-20260919-1irHPs/artifacts/d1_pu_20260919/core/RO/seed_42/training_responses.csv
RO,42,core,response,2,,,delta_p0_mean_vector,1,signed probability; frozen class-order index,-1.4118850231170654e-09,0.0,1000,0,1000,recorded,relative,candidate,"equal-weight summaries of recorded source-training batch statistics; changing models, not frozen population estimates",/tmp/p01-d1-20260919-1irHPs/artifacts/d1_pu_20260919/core/RO/seed_42/training_responses.csv
RO,42,core,response,2,,,delta_p0_mean_vector,2,signed probability; frozen class-order index,2.380460500717163e-09,0.0,1000,0,1000,recorded,relative,candidate,"equal-weight summaries of recorded source-training batch statistics; changing models, not frozen population estimates",/tmp/p01-d1-20260919-1irHPs/artifacts/d1_pu_20260919/core/RO/seed_42/training_responses.csv
RO,42,core,response,2,,,delta_q_mean_vector,0,signed probability; frozen class-order index,1.011146092787385e-05,6.057904101908207e-06,1000,0,1000,recorded,relative,candidate,"equal-weight summaries of recorded source-training batch statistics; changing models, not frozen population estimates",/tmp/p01-d1-20260919-1irHPs/artifacts/d1_pu_20260919/core/RO/seed_42/training_responses.csv
RO,42,core,response,2,,,delta_q_mean_vector,1,signed probability; frozen class-order index,8.929602801799774e-06,4.503875970840454e-06,1000,0,1000,recorded,relative,candidate,"equal-weight summaries of recorded source-training batch statistics; changing models, not frozen population estimates",/tmp/p01-d1-20260919-1irHPs/artifacts/d1_pu_20260919/core/RO/seed_42/training_responses.csv
RO,42,core,response,2,,,delta_q_mean_vector,2,signed probability; frozen class-order index,-1.904206722974777e-05,-1.6789883375167847e-05,1000,0,1000,recorded,relative,candidate,"equal-weight summaries of recorded source-training batch statistics; changing models, not frozen population estimates",/tmp/p01-d1-20260919-1irHPs/artifacts/d1_pu_20260919/core/RO/seed_42/training_responses.csv
RO,42,core,response,2,,,delta_v_mean_vector,0,signed probability; frozen class-order index,1.0112684249179438e-05,6.066169589757919e-06,1000,0,1000,recorded,relative,candidate,"equal-weight summaries of recorded source-training batch statistics; changing models, not frozen population estimates",/tmp/p01-d1-20260919-1irHPs/artifacts/d1_pu_20260919/core/RO/seed_42/training_responses.csv
RO,42,core,response,2,,,delta_v_mean_vector,1,signed probability; frozen class-order index,8.931022137403487e-06,4.4461339712142944e-06,1000,0,1000,recorded,relative,candidate,"equal-weight summaries of recorded source-training batch statistics; changing models, not frozen population estimates",/tmp/p01-d1-20260919-1irHPs/artifacts/d1_pu_20260919/core/RO/seed_42/training_responses.csv
RO,42,core,response,2,,,delta_v_mean_vector,2,signed probability; frozen class-order index,-1.904444769024849e-05,-1.6827136278152466e-05,1000,0,1000,recorded,relative,candidate,"equal-weight summaries of recorded source-training batch statistics; changing models, not frozen population estimates",/tmp/p01-d1-20260919-1irHPs/artifacts/d1_pu_20260919/core/RO/seed_42/training_responses.csv
RO,42,core,response,3,,,A,,squared probability L2 norm,0.042171915388200434,0.03464856371283531,1000,0,1000,recorded,relative,candidate,"equal-weight summaries of recorded source-training batch statistics; changing models, not frozen population estimates",/tmp/p01-d1-20260919-1irHPs/artifacts/d1_pu_20260919/core/RO/seed_42/training_responses.csv
RO,42,core,response,3,,,b,,probability inner product,0.0245137521373108,0.023055361583828926,1000,0,1000,recorded,relative,candidate,"equal-weight summaries of recorded source-training batch statistics; changing models, not frozen population estimates",/tmp/p01-d1-20260919-1irHPs/artifacts/d1_pu_20260919/core/RO/seed_42/training_responses.csv
RO,42,core,response,3,,,sqrt_A,,probability L2 norm,0.1935925365690945,0.186141246419542,1000,0,1000,recorded,relative,candidate,"equal-weight summaries of recorded source-training batch statistics; changing models, not frozen population estimates",/tmp/p01-d1-20260919-1irHPs/artifacts/d1_pu_20260919/core/RO/seed_42/training_responses.csv
RO,42,core,response,3,,,b_over_sqrt_A,,signed probability direction; undefined when A=0,0.1450374908625353,0.13864466104414325,1000,0,1000,recorded,relative,candidate,"equal-weight summaries of recorded source-training batch statistics; changing models, not frozen population estimates",/tmp/p01-d1-20260919-1irHPs/artifacts/d1_pu_20260919/core/RO/seed_42/training_responses.csv
RO,42,core,response,3,,,delta_p0_squared_norm,,squared probability L2 norm,8.8179166639129e-14,5.75251651868669e-14,1000,0,1000,recorded,relative,candidate,"equal-weight summaries of recorded source-training batch statistics; changing models, not frozen population estimates",/tmp/p01-d1-20260919-1irHPs/artifacts/d1_pu_20260919/core/RO/seed_42/training_responses.csv
RO,42,core,response,3,,,delta_q_squared_norm,,squared probability L2 norm,7.374582630472747e-07,4.6059081171279104e-07,1000,0,1000,recorded,relative,candidate,"equal-weight summaries of recorded source-training batch statistics; changing models, not frozen population estimates",/tmp/p01-d1-20260919-1irHPs/artifacts/d1_pu_20260919/core/RO/seed_42/training_responses.csv
RO,42,core,response,3,,,delta_v_squared_norm,,squared probability L2 norm,7.374469235071346e-07,4.608173895803702e-07,1000,0,1000,recorded,relative,candidate,"equal-weight summaries of recorded source-training batch statistics; changing models, not frozen population estimates",/tmp/p01-d1-20260919-1irHPs/artifacts/d1_pu_20260919/core/RO/seed_42/training_responses.csv
RO,42,core,response,3,,,delta_p0_mean_vector,0,signed probability; frozen class-order index,-1.0029383702203632e-08,-2.939486876130104e-09,1000,0,1000,recorded,relative,candidate,"equal-weight summaries of recorded source-training batch statistics; changing models, not frozen population estimates",/tmp/p01-d1-20260919-1irHPs/artifacts/d1_pu_20260919/core/RO/seed_42/training_responses.csv
RO,42,core,response,3,,,delta_p0_mean_vector,1,signed probability; frozen class-order index,2.5033950805664064e-09,0.0,1000,0,1000,recorded,relative,candidate,"equal-weight summaries of recorded source-training batch statistics; changing models, not frozen population estimates",/tmp/p01-d1-20260919-1irHPs/artifacts/d1_pu_20260919/core/RO/seed_42/training_responses.csv
RO,42,core,response,3,,,delta_p0_mean_vector,2,signed probability; frozen class-order index,8.255243301391602e-09,7.450580596923828e-09,1000,0,1000,recorded,relative,candidate,"equal-weight summaries of recorded source-training batch statistics; changing models, not frozen population estimates",/tmp/p01-d1-20260919-1irHPs/artifacts/d1_pu_20260919/core/RO/seed_42/training_responses.csv
RO,42,core,response,3,,,delta_q_mean_vector,0,signed probability; frozen class-order index,-2.8056468348950148e-05,-2.1826825104653835e-05,1000,0,1000,recorded,relative,candidate,"equal-weight summaries of recorded source-training batch statistics; changing models, not frozen population estimates",/tmp/p01-d1-20260919-1irHPs/artifacts/d1_pu_20260919/core/RO/seed_42/training_responses.csv
RO,42,core,response,3,,,delta_q_mean_vector,1,signed probability; frozen class-order index,1.8365754745900632e-05,1.1850148439407349e-05,1000,0,1000,recorded,relative,candidate,"equal-weight summaries of recorded source-training batch statistics; changing models, not frozen population estimates",/tmp/p01-d1-20260919-1irHPs/artifacts/d1_pu_20260919/core/RO/seed_42/training_responses.csv
RO,42,core,response,3,,,delta_q_mean_vector,2,signed probability; frozen class-order index,9.69085656106472e-06,4.7869980335235596e-06,1000,0,1000,recorded,relative,candidate,"equal-weight summaries of recorded source-training batch statistics; changing models, not frozen population estimates",/tmp/p01-d1-20260919-1irHPs/artifacts/d1_pu_20260919/core/RO/seed_42/training_responses.csv
RO,42,core,response,3,,,delta_v_mean_vector,0,signed probability; frozen class-order index,-2.8046492137946188e-05,-2.1818792447447777e-05,1000,0,1000,recorded,relative,candidate,"equal-weight summaries of recorded source-training batch statistics; changing models, not frozen population estimates",/tmp/p01-d1-20260919-1irHPs/artifacts/d1_pu_20260919/core/RO/seed_42/training_responses.csv
RO,42,core,response,3,,,delta_v_mean_vector,1,signed probability; frozen class-order index,1.8363221548497677e-05,1.191161572933197e-05,1000,0,1000,recorded,relative,candidate,"equal-weight summaries of recorded source-training batch statistics; changing models, not frozen population estimates",/tmp/p01-d1-20260919-1irHPs/artifacts/d1_pu_20260919/core/RO/seed_42/training_responses.csv
RO,42,core,response,3,,,delta_v_mean_vector,2,signed probability; frozen class-order index,9.682603180408478e-06,4.734843969345093e-06,1000,0,1000,recorded,relative,candidate,"equal-weight summaries of recorded source-training batch statistics; changing models, not frozen population estimates",/tmp/p01-d1-20260919-1irHPs/artifacts/d1_pu_20260919/core/RO/seed_42/training_responses.csv
RO,42,core,objective,,,,loss,,CE + beta Brier + weighted consistency,0.11606229201544192,0.09100548550486565,1000,0,1000,recorded,relative,candidate,"equal-weight summaries of recorded source-training batch statistics; changing models, not frozen population estimates",/tmp/p01-d1-20260919-1irHPs/artifacts/d1_pu_20260919/core/RO/seed_42/training_batches.csv
RO,42,core,objective,,,,risk_objective,,CE + beta Brier,0.11606222058832645,0.0910053551197052,1000,0,1000,recorded,relative,candidate,"equal-weight summaries of recorded source-training batch statistics; changing models, not frozen population estimates",/tmp/p01-d1-20260919-1irHPs/artifacts/d1_pu_20260919/core/RO/seed_42/training_batches.csv
RO,42,core,objective,,,,diagnostic_excess,,CE + beta Brier,0.11606222058832645,0.0910053551197052,1000,0,1000,recorded,relative,candidate,"equal-weight summaries of recorded source-training batch statistics; changing models, not frozen population estimates",/tmp/p01-d1-20260919-1irHPs/artifacts/d1_pu_20260919/core/RO/seed_42/training_batches.csv
RO,42,core,objective,,,,max_source_excess,,CE + beta Brier,0.22946413983311503,0.20623982697725296,1000,0,1000,recorded,relative,candidate,"equal-weight summaries of recorded source-training batch statistics; changing models, not frozen population estimates",/tmp/p01-d1-20260919-1irHPs/artifacts/d1_pu_20260919/core/RO/seed_42/training_batches.csv
RO,42,core,objective,,,,source_envelope,,CE + beta Brier,0.39071529772877694,0.3656584322452545,1000,0,1000,recorded,relative,candidate,"equal-weight summaries of recorded source-training batch statistics; changing models, not frozen population estimates",/tmp/p01-d1-20260919-1irHPs/artifacts/d1_pu_20260919/core/RO/seed_42/training_batches.csv
RO,42,core,objective,,,,correction_consistency,,unweighted squared probability L2 norm,7.190767548725941e-07,5.385863914852962e-07,1000,0,1000,recorded,relative,candidate,"equal-weight summaries of recorded source-training batch statistics; changing models, not frozen population estimates",/tmp/p01-d1-20260919-1irHPs/artifacts/d1_pu_20260919/core/RO/seed_42/training_batches.csv
RO,42,core,objective,,,,candidate_output_consistency,,unweighted squared probability L2 norm,7.190835412604901e-07,5.38581957698625e-07,1000,0,1000,recorded,relative,candidate,"equal-weight summaries of recorded source-training batch statistics; changing models, not frozen population estimates",/tmp/p01-d1-20260919-1irHPs/artifacts/d1_pu_20260919/core/RO/seed_42/training_batches.csv
RO,42,core,objective,,,,reference_output_consistency,,squared probability L2 norm,8.553051257439845e-14,7.071763218958506e-14,1000,0,1000,recorded,relative,candidate,"equal-weight summaries of recorded source-training batch statistics; changing models, not frozen population estimates",/tmp/p01-d1-20260919-1irHPs/artifacts/d1_pu_20260919/core/RO/seed_42/training_batches.csv
RO,42,core,objective,,,,pair_penalty,,selected unweighted squared probability L2 norm,7.190835412604901e-07,5.38581957698625e-07,1000,0,1000,recorded,relative,candidate,"equal-weight summaries of recorded source-training batch statistics; changing models, not frozen population estimates",/tmp/p01-d1-20260919-1irHPs/artifacts/d1_pu_20260919/core/RO/seed_42/training_batches.csv
RO,123,core,domain_risk,0,,,candidate_risk,,CE + beta Brier,0.984136306911707,0.9998984038829803,1000,0,1000,recorded,relative,candidate,"equal-weight summaries of recorded source-training batch statistics; changing models, not frozen population estimates",/tmp/p01-d1-20260919-1irHPs/artifacts/d1_pu_20260919/core/RO/seed_123/training_domains.csv
RO,123,core,domain_risk,0,,,reference_risk,,CE + beta Brier,0.8920366529524326,0.8862411379814148,1000,0,1000,recorded,relative,candidate,"equal-weight summaries of recorded source-training batch statistics; changing models, not frozen population estimates",/tmp/p01-d1-20260919-1irHPs/artifacts/d1_pu_20260919/core/RO/seed_123/training_domains.csv
RO,123,core,domain_risk,0,,,excess,,CE + beta Brier,0.09209965561702847,0.07540829479694366,1000,0,1000,recorded,relative,candidate,"equal-weight summaries of recorded source-training batch statistics; changing models, not frozen population estimates",/tmp/p01-d1-20260919-1irHPs/artifacts/d1_pu_20260919/core/RO/seed_123/training_domains.csv
RO,123,core,domain_risk,0,,,weight,,dimensionless,0.35568627777509393,0.3348378390073776,1000,0,1000,recorded,relative,candidate,"equal-weight summaries of recorded source-training batch statistics; changing models, not frozen population estimates",/tmp/p01-d1-20260919-1irHPs/artifacts/d1_pu_20260919/core/RO/seed_123/training_domains.csv
RO,123,core,domain_risk,2,,,candidate_risk,,CE + beta Brier,0.9910828820765019,1.0104956030845642,1000,0,1000,recorded,relative,candidate,"equal-weight summaries of recorded source-training batch statistics; changing models, not frozen population estimates",/tmp/p01-d1-20260919-1irHPs/artifacts/d1_pu_20260919/core/RO/seed_123/training_domains.csv
RO,123,core,domain_risk,2,,,reference_risk,,CE + beta Brier,0.8986859718561172,0.8900976777076721,1000,0,1000,recorded,relative,candidate,"equal-weight summaries of recorded source-training batch statistics; changing models, not frozen population estimates",/tmp/p01-d1-20260919-1irHPs/artifacts/d1_pu_20260919/core/RO/seed_123/training_domains.csv
RO,123,core,domain_risk,2,,,excess,,CE + beta Brier,0.09239690774842166,0.08657687902450562,1000,0,1000,recorded,relative,candidate,"equal-weight summaries of recorded source-training batch statistics; changing models, not frozen population estimates",/tmp/p01-d1-20260919-1irHPs/artifacts/d1_pu_20260919/core/RO/seed_123/training_domains.csv
RO,123,core,domain_risk,2,,,weight,,dimensionless,0.35529741290491074,0.3323497027158737,1000,0,1000,recorded,relative,candidate,"equal-weight summaries of recorded source-training batch statistics; changing models, not frozen population estimates",/tmp/p01-d1-20260919-1irHPs/artifacts/d1_pu_20260919/core/RO/seed_123/training_domains.csv
RO,123,core,domain_risk,3,,,candidate_risk,,CE + beta Brier,0.9691616989970208,0.9828576147556305,1000,0,1000,recorded,relative,candidate,"equal-weight summaries of recorded source-training batch statistics; changing models, not frozen population estimates",/tmp/p01-d1-20260919-1irHPs/artifacts/d1_pu_20260919/core/RO/seed_123/training_domains.csv
RO,123,core,domain_risk,3,,,reference_risk,,CE + beta Brier,0.9357936109304428,0.9071381986141205,1000,0,1000,recorded,relative,candidate,"equal-weight summaries of recorded source-training batch statistics; changing models, not frozen population estimates",/tmp/p01-d1-20260919-1irHPs/artifacts/d1_pu_20260919/core/RO/seed_123/training_domains.csv
RO,123,core,domain_risk,3,,,excess,,CE + beta Brier,0.03336808959394694,0.02045808732509613,1000,0,1000,recorded,relative,candidate,"equal-weight summaries of recorded source-training batch statistics; changing models, not frozen population estimates",/tmp/p01-d1-20260919-1irHPs/artifacts/d1_pu_20260919/core/RO/seed_123/training_domains.csv
RO,123,core,domain_risk,3,,,weight,,dimensionless,0.28901630882546303,0.26025041937828064,1000,0,1000,recorded,relative,candidate,"equal-weight summaries of recorded source-training batch statistics; changing models, not frozen population estimates",/tmp/p01-d1-20260919-1irHPs/artifacts/d1_pu_20260919/core/RO/seed_123/training_domains.csv
RO,123,core,reference_prior,,0,2,reference_risk_difference_over_rho,,dimensionless (c_i-c_j)/rho,-0.026597275614738465,-0.026183724403381348,1000,0,1000,recorded,relative,candidate,"equal-weight summaries of recorded source-training batch statistics; changing models, not frozen population estimates",/tmp/p01-d1-20260919-1irHPs/artifacts/d1_pu_20260919/core/RO/seed_123/training_reference_prior.csv
RO,123,core,reference_prior,,0,3,reference_risk_difference_over_rho,,dimensionless (c_i-c_j)/rho,-0.17502783191204072,-0.10955584049224854,1000,0,1000,recorded,relative,candidate,"equal-weight summaries of recorded source-training batch statistics; changing models, not frozen population estimates",/tmp/p01-d1-20260919-1irHPs/artifacts/d1_pu_20260919/core/RO/seed_123/training_reference_prior.csv
RO,123,core,reference_prior,,2,3,reference_risk_difference_over_rho,,dimensionless (c_i-c_j)/rho,-0.14843055629730226,-0.13476848602294922,1000,0,1000,recorded,relative,candidate,"equal-weight summaries of recorded source-training batch statistics; changing models, not frozen population estimates",/tmp/p01-d1-20260919-1irHPs/artifacts/d1_pu_20260919/core/RO/seed_123/training_reference_prior.csv
RO,123,core,response,0,,,A,,squared probability L2 norm,0.04029867810499854,0.03087793570011854,1000,0,1000,recorded,relative,candidate,"equal-weight summaries of recorded source-training batch statistics; changing models, not frozen population estimates",/tmp/p01-d1-20260919-1irHPs/artifacts/d1_pu_20260919/core/RO/seed_123/training_responses.csv
RO,123,core,response,0,,,b,,probability inner product,0.006320004912326113,0.007017736788839102,1000,0,1000,recorded,relative,candidate,"equal-weight summaries of recorded source-training batch statistics; changing models, not frozen population estimates",/tmp/p01-d1-20260919-1irHPs/artifacts/d1_pu_20260919/core/RO/seed_123/training_responses.csv
RO,123,core,response,0,,,sqrt_A,,probability L2 norm,0.18622487525101358,0.17572106865567888,1000,0,1000,recorded,relative,candidate,"equal-weight summaries of recorded source-training batch statistics; changing models, not frozen population estimates",/tmp/p01-d1-20260919-1irHPs/artifacts/d1_pu_20260919/core/RO/seed_123/training_responses.csv
RO,123,core,response,0,,,b_over_sqrt_A,,signed probability direction; undefined when A=0,0.06420316354366504,0.04044101416926706,1000,0,1000,recorded,relative,candidate,"equal-weight summaries of recorded source-training batch statistics; changing models, not frozen population estimates",/tmp/p01-d1-20260919-1irHPs/artifacts/d1_pu_20260919/core/RO/seed_123/training_responses.csv
RO,123,core,response,0,,,delta_p0_squared_norm,,squared probability L2 norm,7.665655054116488e-14,5.0209836288672705e-14,1000,0,1000,recorded,relative,candidate,"equal-weight summaries of recorded source-training batch statistics; changing models, not frozen population estimates",/tmp/p01-d1-20260919-1irHPs/artifacts/d1_pu_20260919/core/RO/seed_123/training_responses.csv
RO,123,core,response,0,,,delta_q_squared_norm,,squared probability L2 norm,7.770871628911546e-07,4.6615596716037544e-07,1000,0,1000,recorded,relative,candidate,"equal-weight summaries of recorded source-training batch statistics; changing models, not frozen population estimates",/tmp/p01-d1-20260919-1irHPs/artifacts/d1_pu_20260919/core/RO/seed_123/training_responses.csv
RO,123,core,response,0,,,delta_v_squared_norm,,squared probability L2 norm,7.771145143617985e-07,4.662637991259544e-07,1000,0,1000,recorded,relative,candidate,"equal-weight summaries of recorded source-training batch statistics; changing models, not frozen population estimates",/tmp/p01-d1-20260919-1irHPs/artifacts/d1_pu_20260919/core/RO/seed_123/training_responses.csv
RO,123,core,response,0,,,delta_p0_mean_vector,0,signed probability; frozen class-order index,-1.0634157661115751e-09,0.0,1000,0,1000,recorded,relative,candidate,"equal-weight summaries of recorded source-training batch statistics; changing models, not frozen population estimates",/tmp/p01-d1-20260919-1irHPs/artifacts/d1_pu_20260919/core/RO/seed_123/training_responses.csv
RO,123,core,response,0,,,delta_p0_mean_vector,1,signed probability; frozen class-order index,3.7606805562973025e-09,3.725290298461914e-09,1000,0,1000,recorded,relative,candidate,"equal-weight summaries of recorded source-training batch statistics; changing models, not frozen population estimates",/tmp/p01-d1-20260919-1irHPs/artifacts/d1_pu_20260919/core/RO/seed_123/training_responses.csv
RO,123,core,response,0,,,delta_p0_mean_vector,2,signed probability; frozen class-order index,2.9243528842926027e-09,0.0,1000,0,1000,recorded,relative,candidate,"equal-weight summaries of recorded source-training batch statistics; changing models, not frozen population estimates",/tmp/p01-d1-20260919-1irHPs/artifacts/d1_pu_20260919/core/RO/seed_123/training_responses.csv
RO,123,core,response,0,,,delta_q_mean_vector,0,signed probability; frozen class-order index,3.3771698945201933e-06,-5.383044481277466e-07,1000,0,1000,recorded,relative,candidate,"equal-weight summaries of recorded source-training batch statistics; changing models, not frozen population estimates",/tmp/p01-d1-20260919-1irHPs/artifacts/d1_pu_20260919/core/RO/seed_123/training_responses.csv
RO,123,core,response,0,,,delta_q_mean_vector,1,signed probability; frozen class-order index,2.5036504492163657e-05,1.3247132301330566e-05,1000,0,1000,recorded,relative,candidate,"equal-weight summaries of recorded source-training batch statistics; changing models, not frozen population estimates",/tmp/p01-d1-20260919-1irHPs/artifacts/d1_pu_20260919/core/RO/seed_123/training_responses.csv
RO,123,core,response,0,,,delta_q_mean_vector,2,signed probability; frozen class-order index,-2.8412915766239165e-05,-1.6123056411743164e-05,1000,0,1000,recorded,relative,candidate,"equal-weight summaries of recorded source-training batch statistics; changing models, not frozen population estimates",/tmp/p01-d1-20260919-1irHPs/artifacts/d1_pu_20260919/core/RO/seed_123/training_responses.csv
RO,123,core,response,0,,,delta_v_mean_vector,0,signed probability; frozen class-order index,3.378244349732995e-06,-5.364418029785156e-07,1000,0,1000,recorded,relative,candidate,"equal-weight summaries of recorded source-training batch statistics; changing models, not frozen population estimates",/tmp/p01-d1-20260919-1irHPs/artifacts/d1_pu_20260919/core/RO/seed_123/training_responses.csv
RO,123,core,response,0,,,delta_v_mean_vector,1,signed probability; frozen class-order index,2.5032736361026764e-05,1.3226643204689026e-05,1000,0,1000,recorded,relative,candidate,"equal-weight summaries of recorded source-training batch statistics; changing models, not frozen population estimates",/tmp/p01-d1-20260919-1irHPs/artifacts/d1_pu_20260919/core/RO/seed_123/training_responses.csv
RO,123,core,response,0,,,delta_v_mean_vector,2,signed probability; frozen class-order index,-2.841584011912346e-05,-1.6178935766220093e-05,1000,0,1000,recorded,relative,candidate,"equal-weight summaries of recorded source-training batch statistics; changing models, not frozen population estimates",/tmp/p01-d1-20260919-1irHPs/artifacts/d1_pu_20260919/core/RO/seed_123/training_responses.csv
RO,123,core,response,2,,,A,,squared probability L2 norm,0.039523511005565524,0.030124057084321976,1000,0,1000,recorded,relative,candidate,"equal-weight summaries of recorded source-training batch statistics; changing models, not frozen population estimates",/tmp/p01-d1-20260919-1irHPs/artifacts/d1_pu_20260919/core/RO/seed_123/training_responses.csv
RO,123,core,response,2,,,b,,probability inner product,0.0038158459824044256,0.003004291094839573,1000,0,1000,recorded,relative,candidate,"equal-weight summaries of recorded source-training batch statistics; changing models, not frozen population estimates",/tmp/p01-d1-20260919-1irHPs/artifacts/d1_pu_20260919/core/RO/seed_123/training_responses.csv
RO,123,core,response,2,,,sqrt_A,,probability L2 norm,0.18524465486133856,0.17356280097648302,1000,0,1000,recorded,relative,candidate,"equal-weight summaries of recorded source-training batch statistics; changing models, not frozen population estimates",/tmp/p01-d1-20260919-1irHPs/artifacts/d1_pu_20260919/core/RO/seed_123/training_responses.csv
RO,123,core,response,2,,,b_over_sqrt_A,,signed probability direction; undefined when A=0,0.043884583202463114,0.014927077446851903,1000,0,1000,recorded,relative,candidate,"equal-weight summaries of recorded source-training batch statistics; changing models, not frozen population estimates",/tmp/p01-d1-20260919-1irHPs/artifacts/d1_pu_20260919/core/RO/seed_123/training_responses.csv
RO,123,core,response,2,,,delta_p0_squared_norm,,squared probability L2 norm,8.990498388680851e-14,5.690260105283267e-14,1000,0,1000,recorded,relative,candidate,"equal-weight summaries of recorded source-training batch statistics; changing models, not frozen population estimates",/tmp/p01-d1-20260919-1irHPs/artifacts/d1_pu_20260919/core/RO/seed_123/training_responses.csv
RO,123,core,response,2,,,delta_q_squared_norm,,squared probability L2 norm,8.319715200260092e-07,4.541926301726562e-07,1000,0,1000,recorded,relative,candidate,"equal-weight summaries of recorded source-training batch statistics; changing models, not frozen population estimates",/tmp/p01-d1-20260919-1irHPs/artifacts/d1_pu_20260919/core/RO/seed_123/training_responses.csv
RO,123,core,response,2,,,delta_v_squared_norm,,squared probability L2 norm,8.319447648759137e-07,4.5419810135172156e-07,1000,0,1000,recorded,relative,candidate,"equal-weight summaries of recorded source-training batch statistics; changing models, not frozen population estimates",/tmp/p01-d1-20260919-1irHPs/artifacts/d1_pu_20260919/core/RO/seed_123/training_responses.csv
RO,123,core,response,2,,,delta_p0_mean_vector,0,signed probability; frozen class-order index,-6.798974936828017e-09,-3.310560714453459e-10,1000,0,1000,recorded,relative,candidate,"equal-weight summaries of recorded source-training batch statistics; changing models, not frozen population estimates",/tmp/p01-d1-20260919-1irHPs/artifacts/d1_pu_20260919/core/RO/seed_123/training_responses.csv
RO,123,core,response,2,,,delta_p0_mean_vector,1,signed probability; frozen class-order index,2.00420618057251e-09,0.0,1000,0,1000,recorded,relative,candidate,"equal-weight summaries of recorded source-training batch statistics; changing models, not frozen population estimates",/tmp/p01-d1-20260919-1irHPs/artifacts/d1_pu_20260919/core/RO/seed_123/training_responses.csv
RO,123,core,response,2,,,delta_p0_mean_vector,2,signed probability; frozen class-order index,3.63960862159729e-09,0.0,1000,0,1000,recorded,relative,candidate,"equal-weight summaries of recorded source-training batch statistics; changing models, not frozen population estimates",/tmp/p01-d1-20260919-1irHPs/artifacts/d1_pu_20260919/core/RO/seed_123/training_responses.csv
RO,123,core,response,2,,,delta_q_mean_vector,0,signed probability; frozen class-order index,2.8473420010413974e-05,1.5651341527700424e-05,1000,0,1000,recorded,relative,candidate,"equal-weight summaries of recorded source-training batch statistics; changing models, not frozen population estimates",/tmp/p01-d1-20260919-1irHPs/artifacts/d1_pu_20260919/core/RO/seed_123/training_responses.csv
RO,123,core,response,2,,,delta_q_mean_vector,1,signed probability; frozen class-order index,-1.678583025932312e-05,-7.782131433486938e-06,1000,0,1000,recorded,relative,candidate,"equal-weight summaries of recorded source-training batch statistics; changing models, not frozen population estimates",/tmp/p01-d1-20260919-1irHPs/artifacts/d1_pu_20260919/core/RO/seed_123/training_responses.csv
RO,123,core,response,2,,,delta_q_mean_vector,2,signed probability; frozen class-order index,-1.168961077928543e-05,-5.427747964859009e-06,1000,0,1000,recorded,relative,candidate,"equal-weight summaries of recorded source-training batch statistics; changing models, not frozen population estimates",/tmp/p01-d1-20260919-1irHPs/artifacts/d1_pu_20260919/core/RO/seed_123/training_responses.csv
RO,123,core,response,2,,,delta_v_mean_vector,0,signed probability; frozen class-order index,2.848013356560841e-05,1.560896635055542e-05,1000,0,1000,recorded,relative,candidate,"equal-weight summaries of recorded source-training batch statistics; changing models, not frozen population estimates",/tmp/p01-d1-20260919-1irHPs/artifacts/d1_pu_20260919/core/RO/seed_123/training_responses.csv
RO,123,core,response,2,,,delta_v_mean_vector,1,signed probability; frozen class-order index,-1.6787830740213393e-05,-7.811933755874634e-06,1000,0,1000,recorded,relative,candidate,"equal-weight summaries of recorded source-training batch statistics; changing models, not frozen population estimates",/tmp/p01-d1-20260919-1irHPs/artifacts/d1_pu_20260919/core/RO/seed_123/training_responses.csv
RO,123,core,response,2,,,delta_v_mean_vector,2,signed probability; frozen class-order index,-1.1693250387907027e-05,-5.4370611906051636e-06,1000,0,1000,recorded,relative,candidate,"equal-weight summaries of recorded source-training batch statistics; changing models, not frozen population estimates",/tmp/p01-d1-20260919-1irHPs/artifacts/d1_pu_20260919/core/RO/seed_123/training_responses.csv
RO,123,core,response,3,,,A,,squared probability L2 norm,0.04075842311349697,0.03133302554488182,1000,0,1000,recorded,relative,candidate,"equal-weight summaries of recorded source-training batch statistics; changing models, not frozen population estimates",/tmp/p01-d1-20260919-1irHPs/artifacts/d1_pu_20260919/core/RO/seed_123/training_responses.csv
RO,123,core,response,3,,,b,,probability inner product,0.024693698929273523,0.027094468474388123,1000,0,1000,recorded,relative,candidate,"equal-weight summaries of recorded source-training batch statistics; changing models, not frozen population estimates",/tmp/p01-d1-20260919-1irHPs/artifacts/d1_pu_20260919/core/RO/seed_123/training_responses.csv
RO,123,core,response,3,,,sqrt_A,,probability L2 norm,0.18807403260487873,0.17701137119534258,1000,0,1000,recorded,relative,candidate,"equal-weight summaries of recorded source-training batch statistics; changing models, not frozen population estimates",/tmp/p01-d1-20260919-1irHPs/artifacts/d1_pu_20260919/core/RO/seed_123/training_responses.csv
RO,123,core,response,3,,,b_over_sqrt_A,,signed probability direction; undefined when A=0,0.15641345035241727,0.16989151292558824,1000,0,1000,recorded,relative,candidate,"equal-weight summaries of recorded source-training batch statistics; changing models, not frozen population estimates",/tmp/p01-d1-20260919-1irHPs/artifacts/d1_pu_20260919/core/RO/seed_123/training_responses.csv
RO,123,core,response,3,,,delta_p0_squared_norm,,squared probability L2 norm,9.033168922475922e-14,6.057863764655572e-14,1000,0,1000,recorded,relative,candidate,"equal-weight summaries of recorded source-training batch statistics; changing models, not frozen population estimates",/tmp/p01-d1-20260919-1irHPs/artifacts/d1_pu_20260919/core/RO/seed_123/training_responses.csv
RO,123,core,response,3,,,delta_q_squared_norm,,squared probability L2 norm,8.235224854731272e-07,4.6128154451707815e-07,1000,0,1000,recorded,relative,candidate,"equal-weight summaries of recorded source-training batch statistics; changing models, not frozen population estimates",/tmp/p01-d1-20260919-1irHPs/artifacts/d1_pu_20260919/core/RO/seed_123/training_responses.csv
RO,123,core,response,3,,,delta_v_squared_norm,,squared probability L2 norm,8.23525872483799e-07,4.612046780039236e-07,1000,0,1000,recorded,relative,candidate,"equal-weight summaries of recorded source-training batch statistics; changing models, not frozen population estimates",/tmp/p01-d1-20260919-1irHPs/artifacts/d1_pu_20260919/core/RO/seed_123/training_responses.csv
RO,123,core,response,3,,,delta_p0_mean_vector,0,signed probability; frozen class-order index,-6.458314601331949e-09,-2.08092387765646e-09,1000,0,1000,recorded,relative,candidate,"equal-weight summaries of recorded source-training batch statistics; changing models, not frozen population estimates",/tmp/p01-d1-20260919-1irHPs/artifacts/d1_pu_20260919/core/RO/seed_123/training_responses.csv
RO,123,core,response,3,,,delta_p0_mean_vector,1,signed probability; frozen class-order index,-8.437782526016236e-10,0.0,1000,0,1000,recorded,relative,candidate,"equal-weight summaries of recorded source-training batch statistics; changing models, not frozen population estimates",/tmp/p01-d1-20260919-1irHPs/artifacts/d1_pu_20260919/core/RO/seed_123/training_responses.csv
RO,123,core,response,3,,,delta_p0_mean_vector,2,signed probability; frozen class-order index,7.688999176025391e-09,7.450580596923828e-09,1000,0,1000,recorded,relative,candidate,"equal-weight summaries of recorded source-training batch statistics; changing models, not frozen population estimates",/tmp/p01-d1-20260919-1irHPs/artifacts/d1_pu_20260919/core/RO/seed_123/training_responses.csv
RO,123,core,response,3,,,delta_q_mean_vector,0,signed probability; frozen class-order index,-3.121461614500731e-05,-1.2587755918502808e-05,1000,0,1000,recorded,relative,candidate,"equal-weight summaries of recorded source-training batch statistics; changing models, not frozen population estimates",/tmp/p01-d1-20260919-1irHPs/artifacts/d1_pu_20260919/core/RO/seed_123/training_responses.csv
RO,123,core,response,3,,,delta_q_mean_vector,1,signed probability; frozen class-order index,1.5570785850286485e-05,2.902001142501831e-06,1000,0,1000,recorded,relative,candidate,"equal-weight summaries of recorded source-training batch statistics; changing models, not frozen population estimates",/tmp/p01-d1-20260919-1irHPs/artifacts/d1_pu_20260919/core/RO/seed_123/training_responses.csv
RO,123,core,response,3,,,delta_q_mean_vector,2,signed probability; frozen class-order index,1.5642333775758745e-05,2.1960586309432983e-06,1000,0,1000,recorded,relative,candidate,"equal-weight summaries of recorded source-training batch statistics; changing models, not frozen population estimates",/tmp/p01-d1-20260919-1irHPs/artifacts/d1_pu_20260919/core/RO/seed_123/training_responses.csv
RO,123,core,response,3,,,delta_v_mean_vector,0,signed probability; frozen class-order index,-3.12082179589197e-05,-1.2569129467010498e-05,1000,0,1000,recorded,relative,candidate,"equal-weight summaries of recorded source-training batch statistics; changing models, not frozen population estimates",/tmp/p01-d1-20260919-1irHPs/artifacts/d1_pu_20260919/core/RO/seed_123/training_responses.csv
RO,123,core,response,3,,,delta_v_mean_vector,1,signed probability; frozen class-order index,1.5571614727377892e-05,2.8852373361587524e-06,1000,0,1000,recorded,relative,candidate,"equal-weight summaries of recorded source-training batch statistics; changing models, not frozen population estimates",/tmp/p01-d1-20260919-1irHPs/artifacts/d1_pu_20260919/core/RO/seed_123/training_responses.csv
RO,123,core,response,3,,,delta_v_mean_vector,2,signed probability; frozen class-order index,1.5634644776582718e-05,2.1457672119140625e-06,1000,0,1000,recorded,relative,candidate,"equal-weight summaries of recorded source-training batch statistics; changing models, not frozen population estimates",/tmp/p01-d1-20260919-1irHPs/artifacts/d1_pu_20260919/core/RO/seed_123/training_responses.csv
RO,123,core,objective,,,,loss,,CE + beta Brier + weighted consistency,0.1129536290684482,0.09083615988492966,1000,0,1000,recorded,relative,candidate,"equal-weight summaries of recorded source-training batch statistics; changing models, not frozen population estimates",/tmp/p01-d1-20260919-1irHPs/artifacts/d1_pu_20260919/core/RO/seed_123/training_batches.csv
RO,123,core,objective,,,,risk_objective,,CE + beta Brier,0.1129535485059023,0.09083613753318787,1000,0,1000,recorded,relative,candidate,"equal-weight summaries of recorded source-training batch statistics; changing models, not frozen population estimates",/tmp/p01-d1-20260919-1irHPs/artifacts/d1_pu_20260919/core/RO/seed_123/training_batches.csv
RO,123,core,objective,,,,diagnostic_excess,,CE + beta Brier,0.1129535485059023,0.09083613753318787,1000,0,1000,recorded,relative,candidate,"equal-weight summaries of recorded source-training batch statistics; changing models, not frozen population estimates",/tmp/p01-d1-20260919-1irHPs/artifacts/d1_pu_20260919/core/RO/seed_123/training_batches.csv
RO,123,core,objective,,,,max_source_excess,,CE + beta Brier,0.22335080932360143,0.19481827318668365,1000,0,1000,recorded,relative,candidate,"equal-weight summaries of recorded source-training batch statistics; changing models, not frozen population estimates",/tmp/p01-d1-20260919-1irHPs/artifacts/d1_pu_20260919/core/RO/seed_123/training_batches.csv
RO,123,core,objective,,,,source_envelope,,CE + beta Brier,0.387606625624001,0.3654892146587372,1000,0,1000,recorded,relative,candidate,"equal-weight summaries of recorded source-training batch statistics; changing models, not frozen population estimates",/tmp/p01-d1-20260919-1irHPs/artifacts/d1_pu_20260919/core/RO/seed_123/training_batches.csv
RO,123,core,objective,,,,correction_consistency,,unweighted squared probability L2 norm,8.10861742131297e-07,5.821435991038015e-07,1000,0,1000,recorded,relative,candidate,"equal-weight summaries of recorded source-training batch statistics; changing models, not frozen population estimates",/tmp/p01-d1-20260919-1irHPs/artifacts/d1_pu_20260919/core/RO/seed_123/training_batches.csv
RO,123,core,objective,,,,candidate_output_consistency,,unweighted squared probability L2 norm,8.108604140362185e-07,5.822588491355418e-07,1000,0,1000,recorded,relative,candidate,"equal-weight summaries of recorded source-training batch statistics; changing models, not frozen population estimates",/tmp/p01-d1-20260919-1irHPs/artifacts/d1_pu_20260919/core/RO/seed_123/training_batches.csv
RO,123,core,objective,,,,reference_output_consistency,,squared probability L2 norm,8.56310768791221e-14,7.246171707369492e-14,1000,0,1000,recorded,relative,candidate,"equal-weight summaries of recorded source-training batch statistics; changing models, not frozen population estimates",/tmp/p01-d1-20260919-1irHPs/artifacts/d1_pu_20260919/core/RO/seed_123/training_batches.csv
RO,123,core,objective,,,,pair_penalty,,selected unweighted squared probability L2 norm,8.108604140362185e-07,5.822588491355418e-07,1000,0,1000,recorded,relative,candidate,"equal-weight summaries of recorded source-training batch statistics; changing models, not frozen population estimates",/tmp/p01-d1-20260919-1irHPs/artifacts/d1_pu_20260919/core/RO/seed_123/training_batches.csv
RO,456,core,domain_risk,0,,,candidate_risk,,CE + beta Brier,0.9804202117919922,1.000499427318573,1000,0,1000,recorded,relative,candidate,"equal-weight summaries of recorded source-training batch statistics; changing models, not frozen population estimates",/tmp/p01-d1-20260919-1irHPs/artifacts/d1_pu_20260919/core/RO/seed_456/training_domains.csv
RO,456,core,domain_risk,0,,,reference_risk,,CE + beta Brier,0.8881843837797642,0.8874300718307495,1000,0,1000,recorded,relative,candidate,"equal-weight summaries of recorded source-training batch statistics; changing models, not frozen population estimates",/tmp/p01-d1-20260919-1irHPs/artifacts/d1_pu_20260919/core/RO/seed_456/training_domains.csv
RO,456,core,domain_risk,0,,,excess,,CE + beta Brier,0.0922358250785619,0.07347271591424942,1000,0,1000,recorded,relative,candidate,"equal-weight summaries of recorded source-training batch statistics; changing models, not frozen population estimates",/tmp/p01-d1-20260919-1irHPs/artifacts/d1_pu_20260919/core/RO/seed_456/training_domains.csv
RO,456,core,domain_risk,0,,,weight,,dimensionless,0.3449742547534406,0.3137909322977066,1000,0,1000,recorded,relative,candidate,"equal-weight summaries of recorded source-training batch statistics; changing models, not frozen population estimates",/tmp/p01-d1-20260919-1irHPs/artifacts/d1_pu_20260919/core/RO/seed_456/training_domains.csv
RO,456,core,domain_risk,2,,,candidate_risk,,CE + beta Brier,0.9896141039729118,1.0087839365005493,1000,0,1000,recorded,relative,candidate,"equal-weight summaries of recorded source-training batch statistics; changing models, not frozen population estimates",/tmp/p01-d1-20260919-1irHPs/artifacts/d1_pu_20260919/core/RO/seed_456/training_domains.csv
RO,456,core,domain_risk,2,,,reference_risk,,CE + beta Brier,0.8810557746291161,0.8711451292037964,1000,0,1000,recorded,relative,candidate,"equal-weight summaries of recorded source-training batch statistics; changing models, not frozen population estimates",/tmp/p01-d1-20260919-1irHPs/artifacts/d1_pu_20260919/core/RO/seed_456/training_domains.csv
RO,456,core,domain_risk,2,,,excess,,CE + beta Brier,0.10855833073239773,0.10790302231907845,1000,0,1000,recorded,relative,candidate,"equal-weight summaries of recorded source-training batch statistics; changing models, not frozen population estimates",/tmp/p01-d1-20260919-1irHPs/artifacts/d1_pu_20260919/core/RO/seed_456/training_domains.csv
RO,456,core,domain_risk,2,,,weight,,dimensionless,0.36773978843772787,0.3570423871278763,1000,0,1000,recorded,relative,candidate,"equal-weight summaries of recorded source-training batch statistics; changing models, not frozen population estimates",/tmp/p01-d1-20260919-1irHPs/artifacts/d1_pu_20260919/core/RO/seed_456/training_domains.csv
RO,456,core,domain_risk,3,,,candidate_risk,,CE + beta Brier,0.9742600972056389,0.9946704506874084,1000,0,1000,recorded,relative,candidate,"equal-weight summaries of recorded source-training batch statistics; changing models, not frozen population estimates",/tmp/p01-d1-20260919-1irHPs/artifacts/d1_pu_20260919/core/RO/seed_456/training_domains.csv
RO,456,core,domain_risk,3,,,reference_risk,,CE + beta Brier,0.9340598204731941,0.908710777759552,1000,0,1000,recorded,relative,candidate,"equal-weight summaries of recorded source-training batch statistics; changing models, not frozen population estimates",/tmp/p01-d1-20260919-1irHPs/artifacts/d1_pu_20260919/core/RO/seed_456/training_domains.csv
RO,456,core,domain_risk,3,,,excess,,CE + beta Brier,0.040200278455857184,0.024836016818881035,1000,0,1000,recorded,relative,candidate,"equal-weight summaries of recorded source-training batch statistics; changing models, not frozen population estimates",/tmp/p01-d1-20260919-1irHPs/artifacts/d1_pu_20260919/core/RO/seed_456/training_domains.csv
RO,456,core,domain_risk,3,,,weight,,dimensionless,0.2872859574193135,0.2711561620235443,1000,0,1000,recorded,relative,candidate,"equal-weight summaries of recorded source-training batch statistics; changing models, not frozen population estimates",/tmp/p01-d1-20260919-1irHPs/artifacts/d1_pu_20260919/core/RO/seed_456/training_domains.csv
RO,456,core,reference_prior,,0,2,reference_risk_difference_over_rho,,dimensionless (c_i-c_j)/rho,0.02851443660259247,0.004777431488037109,1000,0,1000,recorded,relative,candidate,"equal-weight summaries of recorded source-training batch statistics; changing models, not frozen population estimates",/tmp/p01-d1-20260919-1irHPs/artifacts/d1_pu_20260919/core/RO/seed_456/training_reference_prior.csv
RO,456,core,reference_prior,,0,3,reference_risk_difference_over_rho,,dimensionless (c_i-c_j)/rho,-0.18350174677371978,-0.1104898452758789,1000,0,1000,recorded,relative,candidate,"equal-weight summaries of recorded source-training batch statistics; changing models, not frozen population estimates",/tmp/p01-d1-20260919-1irHPs/artifacts/d1_pu_20260919/core/RO/seed_456/training_reference_prior.csv
RO,456,core,reference_prior,,2,3,reference_risk_difference_over_rho,,dimensionless (c_i-c_j)/rho,-0.21201618337631226,-0.23196065425872803,1000,0,1000,recorded,relative,candidate,"equal-weight summaries of recorded source-training batch statistics; changing models, not frozen population estimates",/tmp/p01-d1-20260919-1irHPs/artifacts/d1_pu_20260919/core/RO/seed_456/training_reference_prior.csv
RO,456,core,response,0,,,A,,squared probability L2 norm,0.04089960600389168,0.030862594954669476,1000,0,1000,recorded,relative,candidate,"equal-weight summaries of recorded source-training batch statistics; changing models, not frozen population estimates",/tmp/p01-d1-20260919-1irHPs/artifacts/d1_pu_20260919/core/RO/seed_456/training_responses.csv
RO,456,core,response,0,,,b,,probability inner product,0.005738856859505177,0.008588890545070171,1000,0,1000,recorded,relative,candidate,"equal-weight summaries of recorded source-training batch statistics; changing models, not frozen population estimates",/tmp/p01-d1-20260919-1irHPs/artifacts/d1_pu_20260919/core/RO/seed_456/training_responses.csv
RO,456,core,response,0,,,sqrt_A,,probability L2 norm,0.18757428325497247,0.1756775187354076,1000,0,1000,recorded,relative,candidate,"equal-weight summaries of recorded source-training batch statistics; changing models, not frozen population estimates",/tmp/p01-d1-20260919-1irHPs/artifacts/d1_pu_20260919/core/RO/seed_456/training_responses.csv
RO,456,core,response,0,,,b_over_sqrt_A,,signed probability direction; undefined when A=0,0.06748574777786027,0.05182059900383384,1000,0,1000,recorded,relative,candidate,"equal-weight summaries of recorded source-training batch statistics; changing models, not frozen population estimates",/tmp/p01-d1-20260919-1irHPs/artifacts/d1_pu_20260919/core/RO/seed_456/training_responses.csv
RO,456,core,response,0,,,delta_p0_squared_norm,,squared probability L2 norm,7.425386744379011e-14,4.832682783681777e-14,1000,0,1000,recorded,relative,candidate,"equal-weight summaries of recorded source-training batch statistics; changing models, not frozen population estimates",/tmp/p01-d1-20260919-1irHPs/artifacts/d1_pu_20260919/core/RO/seed_456/training_responses.csv
RO,456,core,response,0,,,delta_q_squared_norm,,squared probability L2 norm,7.283284792478639e-07,3.9461636447413184e-07,1000,0,1000,recorded,relative,candidate,"equal-weight summaries of recorded source-training batch statistics; changing models, not frozen population estimates",/tmp/p01-d1-20260919-1irHPs/artifacts/d1_pu_20260919/core/RO/seed_456/training_responses.csv
RO,456,core,response,0,,,delta_v_squared_norm,,squared probability L2 norm,7.2835729492704e-07,3.9462403833567805e-07,1000,0,1000,recorded,relative,candidate,"equal-weight summaries of recorded source-training batch statistics; changing models, not frozen population estimates",/tmp/p01-d1-20260919-1irHPs/artifacts/d1_pu_20260919/core/RO/seed_456/training_responses.csv
RO,456,core,response,0,,,delta_p0_mean_vector,0,signed probability; frozen class-order index,-1.9349549802427648e-09,0.0,1000,0,1000,recorded,relative,candidate,"equal-weight summaries of recorded source-training batch statistics; changing models, not frozen population estimates",/tmp/p01-d1-20260919-1irHPs/artifacts/d1_pu_20260919/core/RO/seed_456/training_responses.csv
RO,456,core,response,0,,,delta_p0_mean_vector,1,signed probability; frozen class-order index,3.607943654060364e-09,7.450580596923828e-09,1000,0,1000,recorded,relative,candidate,"equal-weight summaries of recorded source-training batch statistics; changing models, not frozen population estimates",/tmp/p01-d1-20260919-1irHPs/artifacts/d1_pu_20260919/core/RO/seed_456/training_responses.csv
RO,456,core,response,0,,,delta_p0_mean_vector,2,signed probability; frozen class-order index,2.1830201148986815e-09,0.0,1000,0,1000,recorded,relative,candidate,"equal-weight summaries of recorded source-training batch statistics; changing models, not frozen population estimates",/tmp/p01-d1-20260919-1irHPs/artifacts/d1_pu_20260919/core/RO/seed_456/training_responses.csv
RO,456,core,response,0,,,delta_q_mean_vector,0,signed probability; frozen class-order index,4.717729869298637e-06,-4.583969712257385e-06,1000,0,1000,recorded,relative,candidate,"equal-weight summaries of recorded source-training batch statistics; changing models, not frozen population estimates",/tmp/p01-d1-20260919-1irHPs/artifacts/d1_pu_20260919/core/RO/seed_456/training_responses.csv
RO,456,core,response,0,,,delta_q_mean_vector,1,signed probability; frozen class-order index,8.279141038656235e-06,7.107853889465332e-06,1000,0,1000,recorded,relative,candidate,"equal-weight summaries of recorded source-training batch statistics; changing models, not frozen population estimates",/tmp/p01-d1-20260919-1irHPs/artifacts/d1_pu_20260919/core/RO/seed_456/training_responses.csv
RO,456,core,response,0,,,delta_q_mean_vector,2,signed probability; frozen class-order index,-1.2997165322303772e-05,-4.449859261512756e-06,1000,0,1000,recorded,relative,candidate,"equal-weight summaries of recorded source-training batch statistics; changing models, not frozen population estimates",/tmp/p01-d1-20260919-1irHPs/artifacts/d1_pu_20260919/core/RO/seed_456/training_responses.csv
RO,456,core,response,0,,,delta_v_mean_vector,0,signed probability; frozen class-order index,4.7196687082760035e-06,-4.53554093837738e-06,1000,0,1000,recorded,relative,candidate,"equal-weight summaries of recorded source-training batch statistics; changing models, not frozen population estimates",/tmp/p01-d1-20260919-1irHPs/artifacts/d1_pu_20260919/core/RO/seed_456/training_responses.csv
RO,456,core,response,0,,,delta_v_mean_vector,1,signed probability; frozen class-order index,8.275525644421578e-06,7.098540663719177e-06,1000,0,1000,recorded,relative,candidate,"equal-weight summaries of recorded source-training batch statistics; changing models, not frozen population estimates",/tmp/p01-d1-20260919-1irHPs/artifacts/d1_pu_20260919/core/RO/seed_456/training_responses.csv
RO,456,core,response,0,,,delta_v_mean_vector,2,signed probability; frozen class-order index,-1.299935020506382e-05,-4.520639777183533e-06,1000,0,1000,recorded,relative,candidate,"equal-weight summaries of recorded source-training batch statistics; changing models, not frozen population estimates",/tmp/p01-d1-20260919-1irHPs/artifacts/d1_pu_20260919/core/RO/seed_456/training_responses.csv
RO,456,core,response,2,,,A,,squared probability L2 norm,0.04199185536010191,0.033410973846912384,1000,0,1000,recorded,relative,candidate,"equal-weight summaries of recorded source-training batch statistics; changing models, not frozen population estimates",/tmp/p01-d1-20260919-1irHPs/artifacts/d1_pu_20260919/core/RO/seed_456/training_responses.csv
RO,456,core,response,2,,,b,,probability inner product,0.0005665353210642934,-0.001424572430551052,1000,0,1000,recorded,relative,candidate,"equal-weight summaries of recorded source-training batch statistics; changing models, not frozen population estimates",/tmp/p01-d1-20260919-1irHPs/artifacts/d1_pu_20260919/core/RO/seed_456/training_responses.csv
RO,456,core,response,2,,,sqrt_A,,probability L2 norm,0.19148977245092555,0.18278668521445418,1000,0,1000,recorded,relative,candidate,"equal-weight summaries of recorded source-training batch statistics; changing models, not frozen population estimates",/tmp/p01-d1-20260919-1irHPs/artifacts/d1_pu_20260919/core/RO/seed_456/training_responses.csv
RO,456,core,response,2,,,b_over_sqrt_A,,signed probability direction; undefined when A=0,0.029429448370984067,-0.00900071331934752,1000,0,1000,recorded,relative,candidate,"equal-weight summaries of recorded source-training batch statistics; changing models, not frozen population estimates",/tmp/p01-d1-20260919-1irHPs/artifacts/d1_pu_20260919/core/RO/seed_456/training_responses.csv
RO,456,core,response,2,,,delta_p0_squared_norm,,squared probability L2 norm,8.432080766379428e-14,5.2513665955316625e-14,1000,0,1000,recorded,relative,candidate,"equal-weight summaries of recorded source-training batch statistics; changing models, not frozen population estimates",/tmp/p01-d1-20260919-1irHPs/artifacts/d1_pu_20260919/core/RO/seed_456/training_responses.csv
RO,456,core,response,2,,,delta_q_squared_norm,,squared probability L2 norm,8.321581844126236e-07,4.617952669150327e-07,1000,0,1000,recorded,relative,candidate,"equal-weight summaries of recorded source-training batch statistics; changing models, not frozen population estimates",/tmp/p01-d1-20260919-1irHPs/artifacts/d1_pu_20260919/core/RO/seed_456/training_responses.csv
RO,456,core,response,2,,,delta_v_squared_norm,,squared probability L2 norm,8.321471074697051e-07,4.6172493739504716e-07,1000,0,1000,recorded,relative,candidate,"equal-weight summaries of recorded source-training batch statistics; changing models, not frozen population estimates",/tmp/p01-d1-20260919-1irHPs/artifacts/d1_pu_20260919/core/RO/seed_456/training_responses.csv
RO,456,core,response,2,,,delta_p0_mean_vector,0,signed probability; frozen class-order index,-5.660913302563131e-09,-6.948539521545172e-10,1000,0,1000,recorded,relative,candidate,"equal-weight summaries of recorded source-training batch statistics; changing models, not frozen population estimates",/tmp/p01-d1-20260919-1irHPs/artifacts/d1_pu_20260919/core/RO/seed_456/training_responses.csv
RO,456,core,response,2,,,delta_p0_mean_vector,1,signed probability; frozen class-order index,1.1008232831954955e-09,0.0,1000,0,1000,recorded,relative,candidate,"equal-weight summaries of recorded source-training batch statistics; changing models, not frozen population estimates",/tmp/p01-d1-20260919-1irHPs/artifacts/d1_pu_20260919/core/RO/seed_456/training_responses.csv
RO,456,core,response,2,,,delta_p0_mean_vector,2,signed probability; frozen class-order index,2.864748239517212e-09,1.862645149230957e-09,1000,0,1000,recorded,relative,candidate,"equal-weight summaries of recorded source-training batch statistics; changing models, not frozen population estimates",/tmp/p01-d1-20260919-1irHPs/artifacts/d1_pu_20260919/core/RO/seed_456/training_responses.csv
RO,456,core,response,2,,,delta_q_mean_vector,0,signed probability; frozen class-order index,4.010906792245806e-06,4.880130290985107e-06,1000,0,1000,recorded,relative,candidate,"equal-weight summaries of recorded source-training batch statistics; changing models, not frozen population estimates",/tmp/p01-d1-20260919-1irHPs/artifacts/d1_pu_20260919/core/RO/seed_456/training_responses.csv
RO,456,core,response,2,,,delta_q_mean_vector,1,signed probability; frozen class-order index,-1.688181981444359e-05,-1.6860663890838623e-05,1000,0,1000,recorded,relative,candidate,"equal-weight summaries of recorded source-training batch statistics; changing models, not frozen population estimates",/tmp/p01-d1-20260919-1irHPs/artifacts/d1_pu_20260919/core/RO/seed_456/training_responses.csv
RO,456,core,response,2,,,delta_q_mean_vector,2,signed probability; frozen class-order index,1.2871211394667626e-05,5.725771188735962e-06,1000,0,1000,recorded,relative,candidate,"equal-weight summaries of recorded source-training batch statistics; changing models, not frozen population estimates",/tmp/p01-d1-20260919-1irHPs/artifacts/d1_pu_20260919/core/RO/seed_456/training_responses.csv
RO,456,core,response,2,,,delta_v_mean_vector,0,signed probability; frozen class-order index,4.016545892227441e-06,4.7925859689712524e-06,1000,0,1000,recorded,relative,candidate,"equal-weight summaries of recorded source-training batch statistics; changing models, not frozen population estimates",/tmp/p01-d1-20260919-1irHPs/artifacts/d1_pu_20260919/core/RO/seed_456/training_responses.csv
RO,456,core,response,2,,,delta_v_mean_vector,1,signed probability; frozen class-order index,-1.6882922500371934e-05,-1.6825273633003235e-05,1000,0,1000,recorded,relative,candidate,"equal-weight summaries of recorded source-training batch statistics; changing models, not frozen population estimates",/tmp/p01-d1-20260919-1irHPs/artifacts/d1_pu_20260919/core/RO/seed_456/training_responses.csv
RO,456,core,response,2,,,delta_v_mean_vector,2,signed probability; frozen class-order index,1.286834105849266e-05,5.763024091720581e-06,1000,0,1000,recorded,relative,candidate,"equal-weight summaries of recorded source-training batch statistics; changing models, not frozen population estimates",/tmp/p01-d1-20260919-1irHPs/artifacts/d1_pu_20260919/core/RO/seed_456/training_responses.csv
RO,456,core,response,3,,,A,,squared probability L2 norm,0.04098797655862291,0.032899461686611176,1000,0,1000,recorded,relative,candidate,"equal-weight summaries of recorded source-training batch statistics; changing models, not frozen population estimates",/tmp/p01-d1-20260919-1irHPs/artifacts/d1_pu_20260919/core/RO/seed_456/training_responses.csv
RO,456,core,response,3,,,b,,probability inner product,0.022697277490980924,0.022454743273556232,1000,0,1000,recorded,relative,candidate,"equal-weight summaries of recorded source-training batch statistics; changing models, not frozen population estimates",/tmp/p01-d1-20260919-1irHPs/artifacts/d1_pu_20260919/core/RO/seed_456/training_responses.csv
RO,456,core,response,3,,,sqrt_A,,probability L2 norm,0.1900774764411099,0.18138207272075765,1000,0,1000,recorded,relative,candidate,"equal-weight summaries of recorded source-training batch statistics; changing models, not frozen population estimates",/tmp/p01-d1-20260919-1irHPs/artifacts/d1_pu_20260919/core/RO/seed_456/training_responses.csv
RO,456,core,response,3,,,b_over_sqrt_A,,signed probability direction; undefined when A=0,0.14210988162268287,0.14015692673198848,1000,0,1000,recorded,relative,candidate,"equal-weight summaries of recorded source-training batch statistics; changing models, not frozen population estimates",/tmp/p01-d1-20260919-1irHPs/artifacts/d1_pu_20260919/core/RO/seed_456/training_responses.csv
RO,456,core,response,3,,,delta_p0_squared_norm,,squared probability L2 norm,9.438529620961304e-14,5.888345366855674e-14,1000,0,1000,recorded,relative,candidate,"equal-weight summaries of recorded source-training batch statistics; changing models, not frozen population estimates",/tmp/p01-d1-20260919-1irHPs/artifacts/d1_pu_20260919/core/RO/seed_456/training_responses.csv
RO,456,core,response,3,,,delta_q_squared_norm,,squared probability L2 norm,8.141190109276497e-07,4.771427200012113e-07,1000,0,1000,recorded,relative,candidate,"equal-weight summaries of recorded source-training batch statistics; changing models, not frozen population estimates",/tmp/p01-d1-20260919-1irHPs/artifacts/d1_pu_20260919/core/RO/seed_456/training_responses.csv
RO,456,core,response,3,,,delta_v_squared_norm,,squared probability L2 norm,8.141017914975457e-07,4.770288484223784e-07,1000,0,1000,recorded,relative,candidate,"equal-weight summaries of recorded source-training batch statistics; changing models, not frozen population estimates",/tmp/p01-d1-20260919-1irHPs/artifacts/d1_pu_20260919/core/RO/seed_456/training_responses.csv
RO,456,core,response,3,,,delta_p0_mean_vector,0,signed probability; frozen class-order index,-7.474242011085152e-09,-2.0372681319713593e-09,1000,0,1000,recorded,relative,candidate,"equal-weight summaries of recorded source-training batch statistics; changing models, not frozen population estimates",/tmp/p01-d1-20260919-1irHPs/artifacts/d1_pu_20260919/core/RO/seed_456/training_responses.csv
RO,456,core,response,3,,,delta_p0_mean_vector,1,signed probability; frozen class-order index,2.985820174217224e-09,0.0,1000,0,1000,recorded,relative,candidate,"equal-weight summaries of recorded source-training batch statistics; changing models, not frozen population estimates",/tmp/p01-d1-20260919-1irHPs/artifacts/d1_pu_20260919/core/RO/seed_456/training_responses.csv
RO,456,core,response,3,,,delta_p0_mean_vector,2,signed probability; frozen class-order index,7.349997758865357e-09,7.450580596923828e-09,1000,0,1000,recorded,relative,candidate,"equal-weight summaries of recorded source-training batch statistics; changing models, not frozen population estimates",/tmp/p01-d1-20260919-1irHPs/artifacts/d1_pu_20260919/core/RO/seed_456/training_responses.csv
RO,456,core,response,3,,,delta_q_mean_vector,0,signed probability; frozen class-order index,-3.25238456716761e-05,-1.080147922039032e-05,1000,0,1000,recorded,relative,candidate,"equal-weight summaries of recorded source-training batch statistics; changing models, not frozen population estimates",/tmp/p01-d1-20260919-1irHPs/artifacts/d1_pu_20260919/core/RO/seed_456/training_responses.csv
RO,456,core,response,3,,,delta_q_mean_vector,1,signed probability; frozen class-order index,1.4106285758316517e-05,1.1879950761795044e-05,1000,0,1000,recorded,relative,candidate,"equal-weight summaries of recorded source-training batch statistics; changing models, not frozen population estimates",/tmp/p01-d1-20260919-1irHPs/artifacts/d1_pu_20260919/core/RO/seed_456/training_responses.csv
RO,456,core,response,3,,,delta_q_mean_vector,2,signed probability; frozen class-order index,1.841808296740055e-05,1.5877187252044678e-05,1000,0,1000,recorded,relative,candidate,"equal-weight summaries of recorded source-training batch statistics; changing models, not frozen population estimates",/tmp/p01-d1-20260919-1irHPs/artifacts/d1_pu_20260919/core/RO/seed_456/training_responses.csv
RO,456,core,response,3,,,delta_v_mean_vector,0,signed probability; frozen class-order index,-3.251650265883654e-05,-1.0773539543151855e-05,1000,0,1000,recorded,relative,candidate,"equal-weight summaries of recorded source-training batch statistics; changing models, not frozen population estimates",/tmp/p01-d1-20260919-1irHPs/artifacts/d1_pu_20260919/core/RO/seed_456/training_responses.csv
RO,456,core,response,3,,,delta_v_mean_vector,1,signed probability; frozen class-order index,1.41032999381423e-05,1.1896714568138123e-05,1000,0,1000,recorded,relative,candidate,"equal-weight summaries of recorded source-training batch statistics; changing models, not frozen population estimates",/tmp/p01-d1-20260919-1irHPs/artifacts/d1_pu_20260919/core/RO/seed_456/training_responses.csv
RO,456,core,response,3,,,delta_v_mean_vector,2,signed probability; frozen class-order index,1.8410734832286835e-05,1.58604234457016e-05,1000,0,1000,recorded,relative,candidate,"equal-weight summaries of recorded source-training batch statistics; changing models, not frozen population estimates",/tmp/p01-d1-20260919-1irHPs/artifacts/d1_pu_20260919/core/RO/seed_456/training_responses.csv
RO,456,core,objective,,,,loss,,CE + beta Brier + weighted consistency,0.12109615494700847,0.09958002716302872,1000,0,1000,recorded,relative,candidate,"equal-weight summaries of recorded source-training batch statistics; changing models, not frozen population estimates",/tmp/p01-d1-20260919-1irHPs/artifacts/d1_pu_20260919/core/RO/seed_456/training_batches.csv
RO,456,core,objective,,,,risk_objective,,CE + beta Brier,0.12109607635438442,0.09957997500896454,1000,0,1000,recorded,relative,candidate,"equal-weight summaries of recorded source-training batch statistics; changing models, not frozen population estimates",/tmp/p01-d1-20260919-1irHPs/artifacts/d1_pu_20260919/core/RO/seed_456/training_batches.csv
RO,456,core,objective,,,,diagnostic_excess,,CE + beta Brier,0.12109607635438442,0.09957997500896454,1000,0,1000,recorded,relative,candidate,"equal-weight summaries of recorded source-training batch statistics; changing models, not frozen population estimates",/tmp/p01-d1-20260919-1irHPs/artifacts/d1_pu_20260919/core/RO/seed_456/training_batches.csv
RO,456,core,objective,,,,max_source_excess,,CE + beta Brier,0.23050629839953035,0.20516721159219742,1000,0,1000,recorded,relative,candidate,"equal-weight summaries of recorded source-training batch statistics; changing models, not frozen population estimates",/tmp/p01-d1-20260919-1irHPs/artifacts/d1_pu_20260919/core/RO/seed_456/training_batches.csv
RO,456,core,objective,,,,source_envelope,,CE + beta Brier,0.3957491534948349,0.37423305213451385,1000,0,1000,recorded,relative,candidate,"equal-weight summaries of recorded source-training batch statistics; changing models, not frozen population estimates",/tmp/p01-d1-20260919-1irHPs/artifacts/d1_pu_20260919/core/RO/seed_456/training_batches.csv
RO,456,core,objective,,,,correction_consistency,,unweighted squared probability L2 norm,7.915354195902058e-07,5.502009798874496e-07,1000,0,1000,recorded,relative,candidate,"equal-weight summaries of recorded source-training batch statistics; changing models, not frozen population estimates",/tmp/p01-d1-20260919-1irHPs/artifacts/d1_pu_20260919/core/RO/seed_456/training_batches.csv
RO,456,core,objective,,,,candidate_output_consistency,,unweighted squared probability L2 norm,7.915352447784851e-07,5.501019586517941e-07,1000,0,1000,recorded,relative,candidate,"equal-weight summaries of recorded source-training batch statistics; changing models, not frozen population estimates",/tmp/p01-d1-20260919-1irHPs/artifacts/d1_pu_20260919/core/RO/seed_456/training_batches.csv
RO,456,core,objective,,,,reference_output_consistency,,squared probability L2 norm,8.431999266520957e-14,7.08563185881049e-14,1000,0,1000,recorded,relative,candidate,"equal-weight summaries of recorded source-training batch statistics; changing models, not frozen population estimates",/tmp/p01-d1-20260919-1irHPs/artifacts/d1_pu_20260919/core/RO/seed_456/training_batches.csv
RO,456,core,objective,,,,pair_penalty,,selected unweighted squared probability L2 norm,7.915352447784851e-07,5.501019586517941e-07,1000,0,1000,recorded,relative,candidate,"equal-weight summaries of recorded source-training batch statistics; changing models, not frozen population estimates",/tmp/p01-d1-20260919-1irHPs/artifacts/d1_pu_20260919/core/RO/seed_456/training_batches.csv
RC,42,core,domain_risk,0,,,candidate_risk,,CE + beta Brier,0.9826789276897907,1.0006340742111206,1000,0,1000,recorded,relative,correction,"equal-weight summaries of recorded source-training batch statistics; changing models, not frozen population estimates",/tmp/p01-d1-20260919-1irHPs/artifacts/d1_pu_20260919/core/RC/seed_42/training_domains.csv
RC,42,core,domain_risk,0,,,reference_risk,,CE + beta Brier,0.8953840225636959,0.8944948315620422,1000,0,1000,recorded,relative,correction,"equal-weight summaries of recorded source-training batch statistics; changing models, not frozen population estimates",/tmp/p01-d1-20260919-1irHPs/artifacts/d1_pu_20260919/core/RC/seed_42/training_domains.csv
RC,42,core,domain_risk,0,,,excess,,CE + beta Brier,0.08729490595124662,0.06912467256188393,1000,0,1000,recorded,relative,correction,"equal-weight summaries of recorded source-training batch statistics; changing models, not frozen population estimates",/tmp/p01-d1-20260919-1irHPs/artifacts/d1_pu_20260919/core/RC/seed_42/training_domains.csv
RC,42,core,domain_risk,0,,,weight,,dimensionless,0.3492770205968991,0.3220658004283905,1000,0,1000,recorded,relative,correction,"equal-weight summaries of recorded source-training batch statistics; changing models, not frozen population estimates",/tmp/p01-d1-20260919-1irHPs/artifacts/d1_pu_20260919/core/RC/seed_42/training_domains.csv
RC,42,core,domain_risk,2,,,candidate_risk,,CE + beta Brier,0.9952109088301658,1.0186486840248108,1000,0,1000,recorded,relative,correction,"equal-weight summaries of recorded source-training batch statistics; changing models, not frozen population estimates",/tmp/p01-d1-20260919-1irHPs/artifacts/d1_pu_20260919/core/RC/seed_42/training_domains.csv
RC,42,core,domain_risk,2,,,reference_risk,,CE + beta Brier,0.9028331097364426,0.8912161290645599,1000,0,1000,recorded,relative,correction,"equal-weight summaries of recorded source-training batch statistics; changing models, not frozen population estimates",/tmp/p01-d1-20260919-1irHPs/artifacts/d1_pu_20260919/core/RC/seed_42/training_domains.csv
RC,42,core,domain_risk,2,,,excess,,CE + beta Brier,0.09237779874214902,0.08326327800750732,1000,0,1000,recorded,relative,correction,"equal-weight summaries of recorded source-training batch statistics; changing models, not frozen population estimates",/tmp/p01-d1-20260919-1irHPs/artifacts/d1_pu_20260919/core/RC/seed_42/training_domains.csv
RC,42,core,domain_risk,2,,,weight,,dimensionless,0.35725875772535803,0.3387066423892975,1000,0,1000,recorded,relative,correction,"equal-weight summaries of recorded source-training batch statistics; changing models, not frozen population estimates",/tmp/p01-d1-20260919-1irHPs/artifacts/d1_pu_20260919/core/RC/seed_42/training_domains.csv
RC,42,core,domain_risk,3,,,candidate_risk,,CE + beta Brier,0.9568956133723259,0.9670343399047852,1000,0,1000,recorded,relative,correction,"equal-weight summaries of recorded source-training batch statistics; changing models, not frozen population estimates",/tmp/p01-d1-20260919-1irHPs/artifacts/d1_pu_20260919/core/RC/seed_42/training_domains.csv
RC,42,core,domain_risk,3,,,reference_risk,,CE + beta Brier,0.9222612332701683,0.8979472815990448,1000,0,1000,recorded,relative,correction,"equal-weight summaries of recorded source-training batch statistics; changing models, not frozen population estimates",/tmp/p01-d1-20260919-1irHPs/artifacts/d1_pu_20260919/core/RC/seed_42/training_domains.csv
RC,42,core,domain_risk,3,,,excess,,CE + beta Brier,0.03463438071496785,0.02432044968008995,1000,0,1000,recorded,relative,correction,"equal-weight summaries of recorded source-training batch statistics; changing models, not frozen population estimates",/tmp/p01-d1-20260919-1irHPs/artifacts/d1_pu_20260919/core/RC/seed_42/training_domains.csv
RC,42,core,domain_risk,3,,,weight,,dimensionless,0.29346422137878836,0.26442819833755493,1000,0,1000,recorded,relative,correction,"equal-weight summaries of recorded source-training batch statistics; changing models, not frozen population estimates",/tmp/p01-d1-20260919-1irHPs/artifacts/d1_pu_20260919/core/RC/seed_42/training_domains.csv
RC,42,core,reference_prior,,0,2,reference_risk_difference_over_rho,,dimensionless (c_i-c_j)/rho,-0.029796348690986633,-0.0015954971313476562,1000,0,1000,recorded,relative,correction,"equal-weight summaries of recorded source-training batch statistics; changing models, not frozen population estimates",/tmp/p01-d1-20260919-1irHPs/artifacts/d1_pu_20260919/core/RC/seed_42/training_reference_prior.csv
RC,42,core,reference_prior,,0,3,reference_risk_difference_over_rho,,dimensionless (c_i-c_j)/rho,-0.10750884282588959,-0.06258046627044678,1000,0,1000,recorded,relative,correction,"equal-weight summaries of recorded source-training batch statistics; changing models, not frozen population estimates",/tmp/p01-d1-20260919-1irHPs/artifacts/d1_pu_20260919/core/RC/seed_42/training_reference_prior.csv
RC,42,core,reference_prior,,2,3,reference_risk_difference_over_rho,,dimensionless (c_i-c_j)/rho,-0.07771249413490296,-0.056083083152770996,1000,0,1000,recorded,relative,correction,"equal-weight summaries of recorded source-training batch statistics; changing models, not frozen population estimates",/tmp/p01-d1-20260919-1irHPs/artifacts/d1_pu_20260919/core/RC/seed_42/training_reference_prior.csv
RC,42,core,response,0,,,A,,squared probability L2 norm,0.040725000095553694,0.03181717358529568,1000,0,1000,recorded,relative,correction,"equal-weight summaries of recorded source-training batch statistics; changing models, not frozen population estimates",/tmp/p01-d1-20260919-1irHPs/artifacts/d1_pu_20260919/core/RC/seed_42/training_responses.csv
RC,42,core,response,0,,,b,,probability inner product,0.006864107281435281,0.008451704401522875,1000,0,1000,recorded,relative,correction,"equal-weight summaries of recorded source-training batch statistics; changing models, not frozen population estimates",/tmp/p01-d1-20260919-1irHPs/artifacts/d1_pu_20260919/core/RC/seed_42/training_responses.csv
RC,42,core,response,0,,,sqrt_A,,probability L2 norm,0.1887881300561354,0.17837368132511483,1000,0,1000,recorded,relative,correction,"equal-weight summaries of recorded source-training batch statistics; changing models, not frozen population estimates",/tmp/p01-d1-20260919-1irHPs/artifacts/d1_pu_20260919/core/RC/seed_42/training_responses.csv
RC,42,core,response,0,,,b_over_sqrt_A,,signed probability direction; undefined when A=0,0.07179866722026443,0.05049676475451233,1000,0,1000,recorded,relative,correction,"equal-weight summaries of recorded source-training batch statistics; changing models, not frozen population estimates",/tmp/p01-d1-20260919-1irHPs/artifacts/d1_pu_20260919/core/RC/seed_42/training_responses.csv
RC,42,core,response,0,,,delta_p0_squared_norm,,squared probability L2 norm,7.673261025556929e-14,5.007420259689477e-14,1000,0,1000,recorded,relative,correction,"equal-weight summaries of recorded source-training batch statistics; changing models, not frozen population estimates",/tmp/p01-d1-20260919-1irHPs/artifacts/d1_pu_20260919/core/RC/seed_42/training_responses.csv
RC,42,core,response,0,,,delta_q_squared_norm,,squared probability L2 norm,6.130752986230892e-07,3.9609783186733694e-07,1000,0,1000,recorded,relative,correction,"equal-weight summaries of recorded source-training batch statistics; changing models, not frozen population estimates",/tmp/p01-d1-20260919-1irHPs/artifacts/d1_pu_20260919/core/RC/seed_42/training_responses.csv
RC,42,core,response,0,,,delta_v_squared_norm,,squared probability L2 norm,6.130866321761852e-07,3.9619131086965353e-07,1000,0,1000,recorded,relative,correction,"equal-weight summaries of recorded source-training batch statistics; changing models, not frozen population estimates",/tmp/p01-d1-20260919-1irHPs/artifacts/d1_pu_20260919/core/RC/seed_42/training_responses.csv
RC,42,core,response,0,,,delta_p0_mean_vector,0,signed probability; frozen class-order index,4.395297310111346e-09,2.546585164964199e-09,1000,0,1000,recorded,relative,correction,"equal-weight summaries of recorded source-training batch statistics; changing models, not frozen population estimates",/tmp/p01-d1-20260919-1irHPs/artifacts/d1_pu_20260919/core/RC/seed_42/training_responses.csv
RC,42,core,response,0,,,delta_p0_mean_vector,1,signed probability; frozen class-order index,-1.3206154108047485e-09,0.0,1000,0,1000,recorded,relative,correction,"equal-weight summaries of recorded source-training batch statistics; changing models, not frozen population estimates",/tmp/p01-d1-20260919-1irHPs/artifacts/d1_pu_20260919/core/RC/seed_42/training_responses.csv
RC,42,core,response,0,,,delta_p0_mean_vector,2,signed probability; frozen class-order index,1.5795230865478515e-09,0.0,1000,0,1000,recorded,relative,correction,"equal-weight summaries of recorded source-training batch statistics; changing models, not frozen population estimates",/tmp/p01-d1-20260919-1irHPs/artifacts/d1_pu_20260919/core/RC/seed_42/training_responses.csv
RC,42,core,response,0,,,delta_q_mean_vector,0,signed probability; frozen class-order index,-1.402500260155648e-05,-1.2706499546766281e-05,1000,0,1000,recorded,relative,correction,"equal-weight summaries of recorded source-training batch statistics; changing models, not frozen population estimates",/tmp/p01-d1-20260919-1irHPs/artifacts/d1_pu_20260919/core/RC/seed_42/training_responses.csv
RC,42,core,response,0,,,delta_q_mean_vector,1,signed probability; frozen class-order index,3.0566006898880005e-05,2.360716462135315e-05,1000,0,1000,recorded,relative,correction,"equal-weight summaries of recorded source-training batch statistics; changing models, not frozen population estimates",/tmp/p01-d1-20260919-1irHPs/artifacts/d1_pu_20260919/core/RC/seed_42/training_responses.csv
RC,42,core,response,0,,,delta_q_mean_vector,2,signed probability; frozen class-order index,-1.6539715230464934e-05,-8.560717105865479e-06,1000,0,1000,recorded,relative,correction,"equal-weight summaries of recorded source-training batch statistics; changing models, not frozen population estimates",/tmp/p01-d1-20260919-1irHPs/artifacts/d1_pu_20260919/core/RC/seed_42/training_responses.csv
RC,42,core,response,0,,,delta_v_mean_vector,0,signed probability; frozen class-order index,-1.4029400481376798e-05,-1.2733042240142822e-05,1000,0,1000,recorded,relative,correction,"equal-weight summaries of recorded source-training batch statistics; changing models, not frozen population estimates",/tmp/p01-d1-20260919-1irHPs/artifacts/d1_pu_20260919/core/RC/seed_42/training_responses.csv
RC,42,core,response,0,,,delta_v_mean_vector,1,signed probability; frozen class-order index,3.056732565164566e-05,2.360716462135315e-05,1000,0,1000,recorded,relative,correction,"equal-weight summaries of recorded source-training batch statistics; changing models, not frozen population estimates",/tmp/p01-d1-20260919-1irHPs/artifacts/d1_pu_20260919/core/RC/seed_42/training_responses.csv
RC,42,core,response,0,,,delta_v_mean_vector,2,signed probability; frozen class-order index,-1.6541294753551485e-05,-8.58306884765625e-06,1000,0,1000,recorded,relative,correction,"equal-weight summaries of recorded source-training batch statistics; changing models, not frozen population estimates",/tmp/p01-d1-20260919-1irHPs/artifacts/d1_pu_20260919/core/RC/seed_42/training_responses.csv
RC,42,core,response,2,,,A,,squared probability L2 norm,0.04138930838252418,0.0329172033816576,1000,0,1000,recorded,relative,correction,"equal-weight summaries of recorded source-training batch statistics; changing models, not frozen population estimates",/tmp/p01-d1-20260919-1irHPs/artifacts/d1_pu_20260919/core/RC/seed_42/training_responses.csv
RC,42,core,response,2,,,b,,probability inner product,0.00412955671158852,0.0029139239341020584,1000,0,1000,recorded,relative,correction,"equal-weight summaries of recorded source-training batch statistics; changing models, not frozen population estimates",/tmp/p01-d1-20260919-1irHPs/artifacts/d1_pu_20260919/core/RC/seed_42/training_responses.csv
RC,42,core,response,2,,,sqrt_A,,probability L2 norm,0.1905828866029321,0.18143098736138646,1000,0,1000,recorded,relative,correction,"equal-weight summaries of recorded source-training batch statistics; changing models, not frozen population estimates",/tmp/p01-d1-20260919-1irHPs/artifacts/d1_pu_20260919/core/RC/seed_42/training_responses.csv
RC,42,core,response,2,,,b_over_sqrt_A,,signed probability direction; undefined when A=0,0.05397838147965136,0.017765590818550045,1000,0,1000,recorded,relative,correction,"equal-weight summaries of recorded source-training batch statistics; changing models, not frozen population estimates",/tmp/p01-d1-20260919-1irHPs/artifacts/d1_pu_20260919/core/RC/seed_42/training_responses.csv
RC,42,core,response,2,,,delta_p0_squared_norm,,squared probability L2 norm,9.167975429702602e-14,5.964684380633557e-14,1000,0,1000,recorded,relative,correction,"equal-weight summaries of recorded source-training batch statistics; changing models, not frozen population estimates",/tmp/p01-d1-20260919-1irHPs/artifacts/d1_pu_20260919/core/RC/seed_42/training_responses.csv
RC,42,core,response,2,,,delta_q_squared_norm,,squared probability L2 norm,8.067173074255418e-07,4.544527030247991e-07,1000,0,1000,recorded,relative,correction,"equal-weight summaries of recorded source-training batch statistics; changing models, not frozen population estimates",/tmp/p01-d1-20260919-1irHPs/artifacts/d1_pu_20260919/core/RC/seed_42/training_responses.csv
RC,42,core,response,2,,,delta_v_squared_norm,,squared probability L2 norm,8.06696921193173e-07,4.5440422979936557e-07,1000,0,1000,recorded,relative,correction,"equal-weight summaries of recorded source-training batch statistics; changing models, not frozen population estimates",/tmp/p01-d1-20260919-1irHPs/artifacts/d1_pu_20260919/core/RC/seed_42/training_responses.csv
RC,42,core,response,2,,,delta_p0_mean_vector,0,signed probability; frozen class-order index,-1.2498858268372714e-09,-1.6698322724550962e-09,1000,0,1000,recorded,relative,correction,"equal-weight summaries of recorded source-training batch statistics; changing models, not frozen population estimates",/tmp/p01-d1-20260919-1irHPs/artifacts/d1_pu_20260919/core/RC/seed_42/training_responses.csv
RC,42,core,response,2,,,delta_p0_mean_vector,1,signed probability; frozen class-order index,-1.4118850231170654e-09,0.0,1000,0,1000,recorded,relative,correction,"equal-weight summaries of recorded source-training batch statistics; changing models, not frozen population estimates",/tmp/p01-d1-20260919-1irHPs/artifacts/d1_pu_20260919/core/RC/seed_42/training_responses.csv
RC,42,core,response,2,,,delta_p0_mean_vector,2,signed probability; frozen class-order index,2.380460500717163e-09,0.0,1000,0,1000,recorded,relative,correction,"equal-weight summaries of recorded source-training batch statistics; changing models, not frozen population estimates",/tmp/p01-d1-20260919-1irHPs/artifacts/d1_pu_20260919/core/RC/seed_42/training_responses.csv
RC,42,core,response,2,,,delta_q_mean_vector,0,signed probability; frozen class-order index,1.0111757321283222e-05,6.06500543653965e-06,1000,0,1000,recorded,relative,correction,"equal-weight summaries of recorded source-training batch statistics; changing models, not frozen population estimates",/tmp/p01-d1-20260919-1irHPs/artifacts/d1_pu_20260919/core/RC/seed_42/training_responses.csv
RC,42,core,response,2,,,delta_q_mean_vector,1,signed probability; frozen class-order index,8.929694071412086e-06,4.494562745094299e-06,1000,0,1000,recorded,relative,correction,"equal-weight summaries of recorded source-training batch statistics; changing models, not frozen population estimates",/tmp/p01-d1-20260919-1irHPs/artifacts/d1_pu_20260919/core/RC/seed_42/training_responses.csv
RC,42,core,response,2,,,delta_q_mean_vector,2,signed probability; frozen class-order index,-1.9042100757360458e-05,-1.675635576248169e-05,1000,0,1000,recorded,relative,correction,"equal-weight summaries of recorded source-training batch statistics; changing models, not frozen population estimates",/tmp/p01-d1-20260919-1irHPs/artifacts/d1_pu_20260919/core/RC/seed_42/training_responses.csv
RC,42,core,response,2,,,delta_v_mean_vector,0,signed probability; frozen class-order index,1.0112941468833014e-05,6.073270924389362e-06,1000,0,1000,recorded,relative,correction,"equal-weight summaries of recorded source-training batch statistics; changing models, not frozen population estimates",/tmp/p01-d1-20260919-1irHPs/artifacts/d1_pu_20260919/core/RC/seed_42/training_responses.csv
RC,42,core,response,2,,,delta_v_mean_vector,1,signed probability; frozen class-order index,8.9311134070158e-06,4.43682074546814e-06,1000,0,1000,recorded,relative,correction,"equal-weight summaries of recorded source-training batch statistics; changing models, not frozen population estimates",/tmp/p01-d1-20260919-1irHPs/artifacts/d1_pu_20260919/core/RC/seed_42/training_responses.csv
RC,42,core,response,2,,,delta_v_mean_vector,2,signed probability; frozen class-order index,-1.9044481217861175e-05,-1.679360866546631e-05,1000,0,1000,recorded,relative,correction,"equal-weight summaries of recorded source-training batch statistics; changing models, not frozen population estimates",/tmp/p01-d1-20260919-1irHPs/artifacts/d1_pu_20260919/core/RC/seed_42/training_responses.csv
RC,42,core,response,3,,,A,,squared probability L2 norm,0.042171915579936464,0.03464856185019016,1000,0,1000,recorded,relative,correction,"equal-weight summaries of recorded source-training batch statistics; changing models, not frozen population estimates",/tmp/p01-d1-20260919-1irHPs/artifacts/d1_pu_20260919/core/RC/seed_42/training_responses.csv
RC,42,core,response,3,,,b,,probability inner product,0.024513752840925006,0.02305536065250635,1000,0,1000,recorded,relative,correction,"equal-weight summaries of recorded source-training batch statistics; changing models, not frozen population estimates",/tmp/p01-d1-20260919-1irHPs/artifacts/d1_pu_20260919/core/RC/seed_42/training_responses.csv
RC,42,core,response,3,,,sqrt_A,,probability L2 norm,0.19359253715364239,0.18614124141596977,1000,0,1000,recorded,relative,correction,"equal-weight summaries of recorded source-training batch statistics; changing models, not frozen population estimates",/tmp/p01-d1-20260919-1irHPs/artifacts/d1_pu_20260919/core/RC/seed_42/training_responses.csv
RC,42,core,response,3,,,b_over_sqrt_A,,signed probability direction; undefined when A=0,0.14503749262870594,0.13864467961725313,1000,0,1000,recorded,relative,correction,"equal-weight summaries of recorded source-training batch statistics; changing models, not frozen population estimates",/tmp/p01-d1-20260919-1irHPs/artifacts/d1_pu_20260919/core/RC/seed_42/training_responses.csv
RC,42,core,response,3,,,delta_p0_squared_norm,,squared probability L2 norm,8.8179166639129e-14,5.75251651868669e-14,1000,0,1000,recorded,relative,correction,"equal-weight summaries of recorded source-training batch statistics; changing models, not frozen population estimates",/tmp/p01-d1-20260919-1irHPs/artifacts/d1_pu_20260919/core/RC/seed_42/training_responses.csv
RC,42,core,response,3,,,delta_q_squared_norm,,squared probability L2 norm,7.374598488618655e-07,4.606252588246207e-07,1000,0,1000,recorded,relative,correction,"equal-weight summaries of recorded source-training batch statistics; changing models, not frozen population estimates",/tmp/p01-d1-20260919-1irHPs/artifacts/d1_pu_20260919/core/RC/seed_42/training_responses.csv
RC,42,core,response,3,,,delta_v_squared_norm,,squared probability L2 norm,7.374485339822212e-07,4.6085183669219987e-07,1000,0,1000,recorded,relative,correction,"equal-weight summaries of recorded source-training batch statistics; changing models, not frozen population estimates",/tmp/p01-d1-20260919-1irHPs/artifacts/d1_pu_20260919/core/RC/seed_42/training_responses.csv
RC,42,core,response,3,,,delta_p0_mean_vector,0,signed probability; frozen class-order index,-1.0029383702203632e-08,-2.939486876130104e-09,1000,0,1000,recorded,relative,correction,"equal-weight summaries of recorded source-training batch statistics; changing models, not frozen population estimates",/tmp/p01-d1-20260919-1irHPs/artifacts/d1_pu_20260919/core/RC/seed_42/training_responses.csv
RC,42,core,response,3,,,delta_p0_mean_vector,1,signed probability; frozen class-order index,2.5033950805664064e-09,0.0,1000,0,1000,recorded,relative,correction,"equal-weight summaries of recorded source-training batch statistics; changing models, not frozen population estimates",/tmp/p01-d1-20260919-1irHPs/artifacts/d1_pu_20260919/core/RC/seed_42/training_responses.csv
RC,42,core,response,3,,,delta_p0_mean_vector,2,signed probability; frozen class-order index,8.255243301391602e-09,7.450580596923828e-09,1000,0,1000,recorded,relative,correction,"equal-weight summaries of recorded source-training batch statistics; changing models, not frozen population estimates",/tmp/p01-d1-20260919-1irHPs/artifacts/d1_pu_20260919/core/RC/seed_42/training_responses.csv
RC,42,core,response,3,,,delta_q_mean_vector,0,signed probability; frozen class-order index,-2.805640094447881e-05,-2.183008473366499e-05,1000,0,1000,recorded,relative,correction,"equal-weight summaries of recorded source-training batch statistics; changing models, not frozen population estimates",/tmp/p01-d1-20260919-1irHPs/artifacts/d1_pu_20260919/core/RC/seed_42/training_responses.csv
RC,42,core,response,3,,,delta_q_mean_vector,1,signed probability; frozen class-order index,1.8364867195487023e-05,1.1846423149108887e-05,1000,0,1000,recorded,relative,correction,"equal-weight summaries of recorded source-training batch statistics; changing models, not frozen population estimates",/tmp/p01-d1-20260919-1irHPs/artifacts/d1_pu_20260919/core/RC/seed_42/training_responses.csv
RC,42,core,response,3,,,delta_q_mean_vector,2,signed probability; frozen class-order index,9.691119194030762e-06,4.7907233238220215e-06,1000,0,1000,recorded,relative,correction,"equal-weight summaries of recorded source-training batch statistics; changing models, not frozen population estimates",/tmp/p01-d1-20260919-1irHPs/artifacts/d1_pu_20260919/core/RC/seed_42/training_responses.csv
RC,42,core,response,3,,,delta_v_mean_vector,0,signed probability; frozen class-order index,-2.8046448482200503e-05,-2.182205207645893e-05,1000,0,1000,recorded,relative,correction,"equal-weight summaries of recorded source-training batch statistics; changing models, not frozen population estimates",/tmp/p01-d1-20260919-1irHPs/artifacts/d1_pu_20260919/core/RC/seed_42/training_responses.csv
RC,42,core,response,3,,,delta_v_mean_vector,1,signed probability; frozen class-order index,1.8362345173954965e-05,1.1907890439033508e-05,1000,0,1000,recorded,relative,correction,"equal-weight summaries of recorded source-training batch statistics; changing models, not frozen population estimates",/tmp/p01-d1-20260919-1irHPs/artifacts/d1_pu_20260919/core/RC/seed_42/training_responses.csv
RC,42,core,response,3,,,delta_v_mean_vector,2,signed probability; frozen class-order index,9.68286395072937e-06,4.738569259643555e-06,1000,0,1000,recorded,relative,correction,"equal-weight summaries of recorded source-training batch statistics; changing models, not frozen population estimates",/tmp/p01-d1-20260919-1irHPs/artifacts/d1_pu_20260919/core/RC/seed_42/training_responses.csv
RC,42,core,objective,,,,loss,,CE + beta Brier + weighted consistency,0.116062289720423,0.09100548550486565,1000,0,1000,recorded,relative,correction,"equal-weight summaries of recorded source-training batch statistics; changing models, not frozen population estimates",/tmp/p01-d1-20260919-1irHPs/artifacts/d1_pu_20260919/core/RC/seed_42/training_batches.csv
RC,42,core,objective,,,,risk_objective,,CE + beta Brier,0.11606221829354763,0.0910053551197052,1000,0,1000,recorded,relative,correction,"equal-weight summaries of recorded source-training batch statistics; changing models, not frozen population estimates",/tmp/p01-d1-20260919-1irHPs/artifacts/d1_pu_20260919/core/RC/seed_42/training_batches.csv
RC,42,core,objective,,,,diagnostic_excess,,CE + beta Brier,0.11606221829354763,0.0910053551197052,1000,0,1000,recorded,relative,correction,"equal-weight summaries of recorded source-training batch statistics; changing models, not frozen population estimates",/tmp/p01-d1-20260919-1irHPs/artifacts/d1_pu_20260919/core/RC/seed_42/training_batches.csv
RC,42,core,objective,,,,max_source_excess,,CE + beta Brier,0.2294641377273947,0.20623984932899475,1000,0,1000,recorded,relative,correction,"equal-weight summaries of recorded source-training batch statistics; changing models, not frozen population estimates",/tmp/p01-d1-20260919-1irHPs/artifacts/d1_pu_20260919/core/RC/seed_42/training_batches.csv
RC,42,core,objective,,,,source_envelope,,CE + beta Brier,0.3907152953967452,0.3656584322452545,1000,0,1000,recorded,relative,correction,"equal-weight summaries of recorded source-training batch statistics; changing models, not frozen population estimates",/tmp/p01-d1-20260919-1irHPs/artifacts/d1_pu_20260919/core/RC/seed_42/training_batches.csv
RC,42,core,objective,,,,correction_consistency,,unweighted squared probability L2 norm,7.190773806318163e-07,5.385765575738333e-07,1000,0,1000,recorded,relative,correction,"equal-weight summaries of recorded source-training batch statistics; changing models, not frozen population estimates",/tmp/p01-d1-20260919-1irHPs/artifacts/d1_pu_20260919/core/RC/seed_42/training_batches.csv
RC,42,core,objective,,,,candidate_output_consistency,,unweighted squared probability L2 norm,7.190841742148457e-07,5.385724364259659e-07,1000,0,1000,recorded,relative,correction,"equal-weight summaries of recorded source-training batch statistics; changing models, not frozen population estimates",/tmp/p01-d1-20260919-1irHPs/artifacts/d1_pu_20260919/core/RC/seed_42/training_batches.csv
RC,42,core,objective,,,,reference_output_consistency,,squared probability L2 norm,8.553051257439845e-14,7.071763218958506e-14,1000,0,1000,recorded,relative,correction,"equal-weight summaries of recorded source-training batch statistics; changing models, not frozen population estimates",/tmp/p01-d1-20260919-1irHPs/artifacts/d1_pu_20260919/core/RC/seed_42/training_batches.csv
RC,42,core,objective,,,,pair_penalty,,selected unweighted squared probability L2 norm,7.190773806318163e-07,5.385765575738333e-07,1000,0,1000,recorded,relative,correction,"equal-weight summaries of recorded source-training batch statistics; changing models, not frozen population estimates",/tmp/p01-d1-20260919-1irHPs/artifacts/d1_pu_20260919/core/RC/seed_42/training_batches.csv
RC,123,core,domain_risk,0,,,candidate_risk,,CE + beta Brier,0.9841363096833229,0.9998984336853027,1000,0,1000,recorded,relative,correction,"equal-weight summaries of recorded source-training batch statistics; changing models, not frozen population estimates",/tmp/p01-d1-20260919-1irHPs/artifacts/d1_pu_20260919/core/RC/seed_123/training_domains.csv
RC,123,core,domain_risk,0,,,reference_risk,,CE + beta Brier,0.8920366529524326,0.8862411379814148,1000,0,1000,recorded,relative,correction,"equal-weight summaries of recorded source-training batch statistics; changing models, not frozen population estimates",/tmp/p01-d1-20260919-1irHPs/artifacts/d1_pu_20260919/core/RC/seed_123/training_domains.csv
RC,123,core,domain_risk,0,,,excess,,CE + beta Brier,0.09209965541725978,0.07540829479694366,1000,0,1000,recorded,relative,correction,"equal-weight summaries of recorded source-training batch statistics; changing models, not frozen population estimates",/tmp/p01-d1-20260919-1irHPs/artifacts/d1_pu_20260919/core/RC/seed_123/training_domains.csv
RC,123,core,domain_risk,0,,,weight,,dimensionless,0.35568627558834853,0.3348378539085388,1000,0,1000,recorded,relative,correction,"equal-weight summaries of recorded source-training batch statistics; changing models, not frozen population estimates",/tmp/p01-d1-20260919-1irHPs/artifacts/d1_pu_20260919/core/RC/seed_123/training_domains.csv
RC,123,core,domain_risk,2,,,candidate_risk,,CE + beta Brier,0.9910828815698624,1.0104956030845642,1000,0,1000,recorded,relative,correction,"equal-weight summaries of recorded source-training batch statistics; changing models, not frozen population estimates",/tmp/p01-d1-20260919-1irHPs/artifacts/d1_pu_20260919/core/RC/seed_123/training_domains.csv
RC,123,core,domain_risk,2,,,reference_risk,,CE + beta Brier,0.8986859718561172,0.8900976777076721,1000,0,1000,recorded,relative,correction,"equal-weight summaries of recorded source-training batch statistics; changing models, not frozen population estimates",/tmp/p01-d1-20260919-1irHPs/artifacts/d1_pu_20260919/core/RC/seed_123/training_domains.csv
RC,123,core,domain_risk,2,,,excess,,CE + beta Brier,0.09239690946578048,0.0865769013762474,1000,0,1000,recorded,relative,correction,"equal-weight summaries of recorded source-training batch statistics; changing models, not frozen population estimates",/tmp/p01-d1-20260919-1irHPs/artifacts/d1_pu_20260919/core/RC/seed_123/training_domains.csv
RC,123,core,domain_risk,2,,,weight,,dimensionless,0.35529741370026025,0.3323497027158737,1000,0,1000,recorded,relative,correction,"equal-weight summaries of recorded source-training batch statistics; changing models, not frozen population estimates",/tmp/p01-d1-20260919-1irHPs/artifacts/d1_pu_20260919/core/RC/seed_123/training_domains.csv
RC,123,core,domain_risk,3,,,candidate_risk,,CE + beta Brier,0.9691617012917996,0.9828576445579529,1000,0,1000,recorded,relative,correction,"equal-weight summaries of recorded source-training batch statistics; changing models, not frozen population estimates",/tmp/p01-d1-20260919-1irHPs/artifacts/d1_pu_20260919/core/RC/seed_123/training_domains.csv
RC,123,core,domain_risk,3,,,reference_risk,,CE + beta Brier,0.9357936109304428,0.9071381986141205,1000,0,1000,recorded,relative,correction,"equal-weight summaries of recorded source-training batch statistics; changing models, not frozen population estimates",/tmp/p01-d1-20260919-1irHPs/artifacts/d1_pu_20260919/core/RC/seed_123/training_domains.csv
RC,123,core,domain_risk,3,,,excess,,CE + beta Brier,0.033368091905023906,0.02045810967683792,1000,0,1000,recorded,relative,correction,"equal-weight summaries of recorded source-training batch statistics; changing models, not frozen population estimates",/tmp/p01-d1-20260919-1irHPs/artifacts/d1_pu_20260919/core/RC/seed_123/training_domains.csv
RC,123,core,domain_risk,3,,,weight,,dimensionless,0.28901630924828353,0.26025040447711945,1000,0,1000,recorded,relative,correction,"equal-weight summaries of recorded source-training batch statistics; changing models, not frozen population estimates",/tmp/p01-d1-20260919-1irHPs/artifacts/d1_pu_20260919/core/RC/seed_123/training_domains.csv
RC,123,core,reference_prior,,0,2,reference_risk_difference_over_rho,,dimensionless (c_i-c_j)/rho,-0.026597275614738465,-0.026183724403381348,1000,0,1000,recorded,relative,correction,"equal-weight summaries of recorded source-training batch statistics; changing models, not frozen population estimates",/tmp/p01-d1-20260919-1irHPs/artifacts/d1_pu_20260919/core/RC/seed_123/training_reference_prior.csv
RC,123,core,reference_prior,,0,3,reference_risk_difference_over_rho,,dimensionless (c_i-c_j)/rho,-0.17502783191204072,-0.10955584049224854,1000,0,1000,recorded,relative,correction,"equal-weight summaries of recorded source-training batch statistics; changing models, not frozen population estimates",/tmp/p01-d1-20260919-1irHPs/artifacts/d1_pu_20260919/core/RC/seed_123/training_reference_prior.csv
RC,123,core,reference_prior,,2,3,reference_risk_difference_over_rho,,dimensionless (c_i-c_j)/rho,-0.14843055629730226,-0.13476848602294922,1000,0,1000,recorded,relative,correction,"equal-weight summaries of recorded source-training batch statistics; changing models, not frozen population estimates",/tmp/p01-d1-20260919-1irHPs/artifacts/d1_pu_20260919/core/RC/seed_123/training_reference_prior.csv
RC,123,core,response,0,,,A,,squared probability L2 norm,0.04029867860209197,0.03087793756276369,1000,0,1000,recorded,relative,correction,"equal-weight summaries of recorded source-training batch statistics; changing models, not frozen population estimates",/tmp/p01-d1-20260919-1irHPs/artifacts/d1_pu_20260919/core/RC/seed_123/training_responses.csv
RC,123,core,response,0,,,b,,probability inner product,0.006320004679262638,0.007017730735242367,1000,0,1000,recorded,relative,correction,"equal-weight summaries of recorded source-training batch statistics; changing models, not frozen population estimates",/tmp/p01-d1-20260919-1irHPs/artifacts/d1_pu_20260919/core/RC/seed_123/training_responses.csv
RC,123,core,response,0,,,sqrt_A,,probability L2 norm,0.1862248767553184,0.17572107394952968,1000,0,1000,recorded,relative,correction,"equal-weight summaries of recorded source-training batch statistics; changing models, not frozen population estimates",/tmp/p01-d1-20260919-1irHPs/artifacts/d1_pu_20260919/core/RC/seed_123/training_responses.csv
RC,123,core,response,0,,,b_over_sqrt_A,,signed probability direction; undefined when A=0,0.06420316217332026,0.04044113357566953,1000,0,1000,recorded,relative,correction,"equal-weight summaries of recorded source-training batch statistics; changing models, not frozen population estimates",/tmp/p01-d1-20260919-1irHPs/artifacts/d1_pu_20260919/core/RC/seed_123/training_responses.csv
RC,123,core,response,0,,,delta_p0_squared_norm,,squared probability L2 norm,7.665655054116488e-14,5.0209836288672705e-14,1000,0,1000,recorded,relative,correction,"equal-weight summaries of recorded source-training batch statistics; changing models, not frozen population estimates",/tmp/p01-d1-20260919-1irHPs/artifacts/d1_pu_20260919/core/RC/seed_123/training_responses.csv
RC,123,core,response,0,,,delta_q_squared_norm,,squared probability L2 norm,7.770873656058885e-07,4.661697516894492e-07,1000,0,1000,recorded,relative,correction,"equal-weight summaries of recorded source-training batch statistics; changing models, not frozen population estimates",/tmp/p01-d1-20260919-1irHPs/artifacts/d1_pu_20260919/core/RC/seed_123/training_responses.csv
RC,123,core,response,0,,,delta_v_squared_norm,,squared probability L2 norm,7.771147317900961e-07,4.662775552333187e-07,1000,0,1000,recorded,relative,correction,"equal-weight summaries of recorded source-training batch statistics; changing models, not frozen population estimates",/tmp/p01-d1-20260919-1irHPs/artifacts/d1_pu_20260919/core/RC/seed_123/training_responses.csv
RC,123,core,response,0,,,delta_p0_mean_vector,0,signed probability; frozen class-order index,-1.0634157661115751e-09,0.0,1000,0,1000,recorded,relative,correction,"equal-weight summaries of recorded source-training batch statistics; changing models, not frozen population estimates",/tmp/p01-d1-20260919-1irHPs/artifacts/d1_pu_20260919/core/RC/seed_123/training_responses.csv
RC,123,core,response,0,,,delta_p0_mean_vector,1,signed probability; frozen class-order index,3.7606805562973025e-09,3.725290298461914e-09,1000,0,1000,recorded,relative,correction,"equal-weight summaries of recorded source-training batch statistics; changing models, not frozen population estimates",/tmp/p01-d1-20260919-1irHPs/artifacts/d1_pu_20260919/core/RC/seed_123/training_responses.csv
RC,123,core,response,0,,,delta_p0_mean_vector,2,signed probability; frozen class-order index,2.9243528842926027e-09,0.0,1000,0,1000,recorded,relative,correction,"equal-weight summaries of recorded source-training batch statistics; changing models, not frozen population estimates",/tmp/p01-d1-20260919-1irHPs/artifacts/d1_pu_20260919/core/RC/seed_123/training_responses.csv
RC,123,core,response,0,,,delta_q_mean_vector,0,signed probability; frozen class-order index,3.3768839202821254e-06,-5.364418029785156e-07,1000,0,1000,recorded,relative,correction,"equal-weight summaries of recorded source-training batch statistics; changing models, not frozen population estimates",/tmp/p01-d1-20260919-1irHPs/artifacts/d1_pu_20260919/core/RC/seed_123/training_responses.csv
RC,123,core,response,0,,,delta_q_mean_vector,1,signed probability; frozen class-order index,2.503632754087448e-05,1.3245269656181335e-05,1000,0,1000,recorded,relative,correction,"equal-weight summaries of recorded source-training batch statistics; changing models, not frozen population estimates",/tmp/p01-d1-20260919-1irHPs/artifacts/d1_pu_20260919/core/RC/seed_123/training_responses.csv
RC,123,core,response,0,,,delta_q_mean_vector,2,signed probability; frozen class-order index,-2.8413347899913786e-05,-1.6130506992340088e-05,1000,0,1000,recorded,relative,correction,"equal-weight summaries of recorded source-training batch statistics; changing models, not frozen population estimates",/tmp/p01-d1-20260919-1irHPs/artifacts/d1_pu_20260919/core/RC/seed_123/training_responses.csv
RC,123,core,response,0,,,delta_v_mean_vector,0,signed probability; frozen class-order index,3.3778987708501516e-06,-5.345791578292847e-07,1000,0,1000,recorded,relative,correction,"equal-weight summaries of recorded source-training batch statistics; changing models, not frozen population estimates",/tmp/p01-d1-20260919-1irHPs/artifacts/d1_pu_20260919/core/RC/seed_123/training_responses.csv
RC,123,core,response,0,,,delta_v_mean_vector,1,signed probability; frozen class-order index,2.5032559409737588e-05,1.3224780559539795e-05,1000,0,1000,recorded,relative,correction,"equal-weight summaries of recorded source-training batch statistics; changing models, not frozen population estimates",/tmp/p01-d1-20260919-1irHPs/artifacts/d1_pu_20260919/core/RC/seed_123/training_responses.csv
RC,123,core,response,0,,,delta_v_mean_vector,2,signed probability; frozen class-order index,-2.8416272252798082e-05,-1.6186386346817017e-05,1000,0,1000,recorded,relative,correction,"equal-weight summaries of recorded source-training batch statistics; changing models, not frozen population estimates",/tmp/p01-d1-20260919-1irHPs/artifacts/d1_pu_20260919/core/RC/seed_123/training_responses.csv
RC,123,core,response,2,,,A,,squared probability L2 norm,0.03952351145102875,0.030124057084321976,1000,0,1000,recorded,relative,correction,"equal-weight summaries of recorded source-training batch statistics; changing models, not frozen population estimates",/tmp/p01-d1-20260919-1irHPs/artifacts/d1_pu_20260919/core/RC/seed_123/training_responses.csv
RC,123,core,response,2,,,b,,probability inner product,0.003815845818025991,0.003004288300871849,1000,0,1000,recorded,relative,correction,"equal-weight summaries of recorded source-training batch statistics; changing models, not frozen population estimates",/tmp/p01-d1-20260919-1irHPs/artifacts/d1_pu_20260919/core/RC/seed_123/training_responses.csv
RC,123,core,response,2,,,sqrt_A,,probability L2 norm,0.18524465614747224,0.17356280097648302,1000,0,1000,recorded,relative,correction,"equal-weight summaries of recorded source-training batch statistics; changing models, not frozen population estimates",/tmp/p01-d1-20260919-1irHPs/artifacts/d1_pu_20260919/core/RC/seed_123/training_responses.csv
RC,123,core,response,2,,,b_over_sqrt_A,,signed probability direction; undefined when A=0,0.043884584158373305,0.014927108444093819,1000,0,1000,recorded,relative,correction,"equal-weight summaries of recorded source-training batch statistics; changing models, not frozen population estimates",/tmp/p01-d1-20260919-1irHPs/artifacts/d1_pu_20260919/core/RC/seed_123/training_responses.csv
RC,123,core,response,2,,,delta_p0_squared_norm,,squared probability L2 norm,8.990498388680851e-14,5.690260105283267e-14,1000,0,1000,recorded,relative,correction,"equal-weight summaries of recorded source-training batch statistics; changing models, not frozen population estimates",/tmp/p01-d1-20260919-1irHPs/artifacts/d1_pu_20260919/core/RC/seed_123/training_responses.csv
RC,123,core,response,2,,,delta_q_squared_norm,,squared probability L2 norm,8.319706484445355e-07,4.5418005356623325e-07,1000,0,1000,recorded,relative,correction,"equal-weight summaries of recorded source-training batch statistics; changing models, not frozen population estimates",/tmp/p01-d1-20260919-1irHPs/artifacts/d1_pu_20260919/core/RC/seed_123/training_responses.csv
RC,123,core,response,2,,,delta_v_squared_norm,,squared probability L2 norm,8.319439139781171e-07,4.541855389561533e-07,1000,0,1000,recorded,relative,correction,"equal-weight summaries of recorded source-training batch statistics; changing models, not frozen population estimates",/tmp/p01-d1-20260919-1irHPs/artifacts/d1_pu_20260919/core/RC/seed_123/training_responses.csv
RC,123,core,response,2,,,delta_p0_mean_vector,0,signed probability; frozen class-order index,-6.798974936828017e-09,-3.310560714453459e-10,1000,0,1000,recorded,relative,correction,"equal-weight summaries of recorded source-training batch statistics; changing models, not frozen population estimates",/tmp/p01-d1-20260919-1irHPs/artifacts/d1_pu_20260919/core/RC/seed_123/training_responses.csv
RC,123,core,response,2,,,delta_p0_mean_vector,1,signed probability; frozen class-order index,2.00420618057251e-09,0.0,1000,0,1000,recorded,relative,correction,"equal-weight summaries of recorded source-training batch statistics; changing models, not frozen population estimates",/tmp/p01-d1-20260919-1irHPs/artifacts/d1_pu_20260919/core/RC/seed_123/training_responses.csv
RC,123,core,response,2,,,delta_p0_mean_vector,2,signed probability; frozen class-order index,3.63960862159729e-09,0.0,1000,0,1000,recorded,relative,correction,"equal-weight summaries of recorded source-training batch statistics; changing models, not frozen population estimates",/tmp/p01-d1-20260919-1irHPs/artifacts/d1_pu_20260919/core/RC/seed_123/training_responses.csv
RC,123,core,response,2,,,delta_q_mean_vector,0,signed probability; frozen class-order index,2.8473820129875094e-05,1.5649013221263885e-05,1000,0,1000,recorded,relative,correction,"equal-weight summaries of recorded source-training batch statistics; changing models, not frozen population estimates",/tmp/p01-d1-20260919-1irHPs/artifacts/d1_pu_20260919/core/RC/seed_123/training_responses.csv
RC,123,core,response,2,,,delta_q_mean_vector,1,signed probability; frozen class-order index,-1.6785362735390664e-05,-7.7858567237854e-06,1000,0,1000,recorded,relative,correction,"equal-weight summaries of recorded source-training batch statistics; changing models, not frozen population estimates",/tmp/p01-d1-20260919-1irHPs/artifacts/d1_pu_20260919/core/RC/seed_123/training_responses.csv
RC,123,core,response,2,,,delta_q_mean_vector,2,signed probability; frozen class-order index,-1.1688515543937683e-05,-5.427747964859009e-06,1000,0,1000,recorded,relative,correction,"equal-weight summaries of recorded source-training batch statistics; changing models, not frozen population estimates",/tmp/p01-d1-20260919-1irHPs/artifacts/d1_pu_20260919/core/RC/seed_123/training_responses.csv
RC,123,core,response,2,,,delta_v_mean_vector,0,signed probability; frozen class-order index,2.8480595734436064e-05,1.560710370540619e-05,1000,0,1000,recorded,relative,correction,"equal-weight summaries of recorded source-training batch statistics; changing models, not frozen population estimates",/tmp/p01-d1-20260919-1irHPs/artifacts/d1_pu_20260919/core/RC/seed_123/training_responses.csv
RC,123,core,response,2,,,delta_v_mean_vector,1,signed probability; frozen class-order index,-1.678736321628094e-05,-7.815659046173096e-06,1000,0,1000,recorded,relative,correction,"equal-weight summaries of recorded source-training batch statistics; changing models, not frozen population estimates",/tmp/p01-d1-20260919-1irHPs/artifacts/d1_pu_20260919/core/RC/seed_123/training_responses.csv
RC,123,core,response,2,,,delta_v_mean_vector,2,signed probability; frozen class-order index,-1.169215515255928e-05,-5.4370611906051636e-06,1000,0,1000,recorded,relative,correction,"equal-weight summaries of recorded source-training batch statistics; changing models, not frozen population estimates",/tmp/p01-d1-20260919-1irHPs/artifacts/d1_pu_20260919/core/RC/seed_123/training_responses.csv
RC,123,core,response,3,,,A,,squared probability L2 norm,0.04075842333561741,0.03133302927017212,1000,0,1000,recorded,relative,correction,"equal-weight summaries of recorded source-training batch statistics; changing models, not frozen population estimates",/tmp/p01-d1-20260919-1irHPs/artifacts/d1_pu_20260919/core/RC/seed_123/training_responses.csv
RC,123,core,response,3,,,b,,probability inner product,0.024693698658724315,0.02709446009248495,1000,0,1000,recorded,relative,correction,"equal-weight summaries of recorded source-training batch statistics; changing models, not frozen population estimates",/tmp/p01-d1-20260919-1irHPs/artifacts/d1_pu_20260919/core/RC/seed_123/training_responses.csv
RC,123,core,response,3,,,sqrt_A,,probability L2 norm,0.18807403346716994,0.17701138171829442,1000,0,1000,recorded,relative,correction,"equal-weight summaries of recorded source-training batch statistics; changing models, not frozen population estimates",/tmp/p01-d1-20260919-1irHPs/artifacts/d1_pu_20260919/core/RC/seed_123/training_responses.csv
RC,123,core,response,3,,,b_over_sqrt_A,,signed probability direction; undefined when A=0,0.15641344842340704,0.1698914989272683,1000,0,1000,recorded,relative,correction,"equal-weight summaries of recorded source-training batch statistics; changing models, not frozen population estimates",/tmp/p01-d1-20260919-1irHPs/artifacts/d1_pu_20260919/core/RC/seed_123/training_responses.csv
RC,123,core,response,3,,,delta_p0_squared_norm,,squared probability L2 norm,9.033168922475922e-14,6.057863764655572e-14,1000,0,1000,recorded,relative,correction,"equal-weight summaries of recorded source-training batch statistics; changing models, not frozen population estimates",/tmp/p01-d1-20260919-1irHPs/artifacts/d1_pu_20260919/core/RC/seed_123/training_responses.csv
RC,123,core,response,3,,,delta_q_squared_norm,,squared probability L2 norm,8.235236863338713e-07,4.612557802374795e-07,1000,0,1000,recorded,relative,correction,"equal-weight summaries of recorded source-training batch statistics; changing models, not frozen population estimates",/tmp/p01-d1-20260919-1irHPs/artifacts/d1_pu_20260919/core/RC/seed_123/training_responses.csv
RC,123,core,response,3,,,delta_v_squared_norm,,squared probability L2 norm,8.235270775558412e-07,4.6117892793517967e-07,1000,0,1000,recorded,relative,correction,"equal-weight summaries of recorded source-training batch statistics; changing models, not frozen population estimates",/tmp/p01-d1-20260919-1irHPs/artifacts/d1_pu_20260919/core/RC/seed_123/training_responses.csv
RC,123,core,response,3,,,delta_p0_mean_vector,0,signed probability; frozen class-order index,-6.458314601331949e-09,-2.08092387765646e-09,1000,0,1000,recorded,relative,correction,"equal-weight summaries of recorded source-training batch statistics; changing models, not frozen population estimates",/tmp/p01-d1-20260919-1irHPs/artifacts/d1_pu_20260919/core/RC/seed_123/training_responses.csv
RC,123,core,response,3,,,delta_p0_mean_vector,1,signed probability; frozen class-order index,-8.437782526016236e-10,0.0,1000,0,1000,recorded,relative,correction,"equal-weight summaries of recorded source-training batch statistics; changing models, not frozen population estimates",/tmp/p01-d1-20260919-1irHPs/artifacts/d1_pu_20260919/core/RC/seed_123/training_responses.csv
RC,123,core,response,3,,,delta_p0_mean_vector,2,signed probability; frozen class-order index,7.688999176025391e-09,7.450580596923828e-09,1000,0,1000,recorded,relative,correction,"equal-weight summaries of recorded source-training batch statistics; changing models, not frozen population estimates",/tmp/p01-d1-20260919-1irHPs/artifacts/d1_pu_20260919/core/RC/seed_123/training_responses.csv
RC,123,core,response,3,,,delta_q_mean_vector,0,signed probability; frozen class-order index,-3.1214947113767265e-05,-1.2585893273353577e-05,1000,0,1000,recorded,relative,correction,"equal-weight summaries of recorded source-training batch statistics; changing models, not frozen population estimates",/tmp/p01-d1-20260919-1irHPs/artifacts/d1_pu_20260919/core/RC/seed_123/training_responses.csv
RC,123,core,response,3,,,delta_q_mean_vector,1,signed probability; frozen class-order index,1.557096280157566e-05,2.907589077949524e-06,1000,0,1000,recorded,relative,correction,"equal-weight summaries of recorded source-training batch statistics; changing models, not frozen population estimates",/tmp/p01-d1-20260919-1irHPs/artifacts/d1_pu_20260919/core/RC/seed_123/training_responses.csv
RC,123,core,response,3,,,delta_q_mean_vector,2,signed probability; frozen class-order index,1.5642620623111724e-05,2.1867454051971436e-06,1000,0,1000,recorded,relative,correction,"equal-weight summaries of recorded source-training batch statistics; changing models, not frozen population estimates",/tmp/p01-d1-20260919-1irHPs/artifacts/d1_pu_20260919/core/RC/seed_123/training_responses.csv
RC,123,core,response,3,,,delta_v_mean_vector,0,signed probability; frozen class-order index,-3.12085805926472e-05,-1.2569129467010498e-05,1000,0,1000,recorded,relative,correction,"equal-weight summaries of recorded source-training batch statistics; changing models, not frozen population estimates",/tmp/p01-d1-20260919-1irHPs/artifacts/d1_pu_20260919/core/RC/seed_123/training_responses.csv
RC,123,core,response,3,,,delta_v_mean_vector,1,signed probability; frozen class-order index,1.5571791678667067e-05,2.8908252716064453e-06,1000,0,1000,recorded,relative,correction,"equal-weight summaries of recorded source-training batch statistics; changing models, not frozen population estimates",/tmp/p01-d1-20260919-1irHPs/artifacts/d1_pu_20260919/core/RC/seed_123/training_responses.csv
RC,123,core,response,3,,,delta_v_mean_vector,2,signed probability; frozen class-order index,1.56349316239357e-05,2.1364539861679077e-06,1000,0,1000,recorded,relative,correction,"equal-weight summaries of recorded source-training batch statistics; changing models, not frozen population estimates",/tmp/p01-d1-20260919-1irHPs/artifacts/d1_pu_20260919/core/RC/seed_123/training_responses.csv
RC,123,core,objective,,,,loss,,CE + beta Brier + weighted consistency,0.11295363008894492,0.09083615988492966,1000,0,1000,recorded,relative,correction,"equal-weight summaries of recorded source-training batch statistics; changing models, not frozen population estimates",/tmp/p01-d1-20260919-1irHPs/artifacts/d1_pu_20260919/core/RC/seed_123/training_batches.csv
RC,123,core,objective,,,,risk_objective,,CE + beta Brier,0.11295354951918125,0.09083613753318787,1000,0,1000,recorded,relative,correction,"equal-weight summaries of recorded source-training batch statistics; changing models, not frozen population estimates",/tmp/p01-d1-20260919-1irHPs/artifacts/d1_pu_20260919/core/RC/seed_123/training_batches.csv
RC,123,core,objective,,,,diagnostic_excess,,CE + beta Brier,0.11295354951918125,0.09083613753318787,1000,0,1000,recorded,relative,correction,"equal-weight summaries of recorded source-training batch statistics; changing models, not frozen population estimates",/tmp/p01-d1-20260919-1irHPs/artifacts/d1_pu_20260919/core/RC/seed_123/training_batches.csv
RC,123,core,objective,,,,max_source_excess,,CE + beta Brier,0.223350810660515,0.19481825828552246,1000,0,1000,recorded,relative,correction,"equal-weight summaries of recorded source-training batch statistics; changing models, not frozen population estimates",/tmp/p01-d1-20260919-1irHPs/artifacts/d1_pu_20260919/core/RC/seed_123/training_batches.csv
RC,123,core,objective,,,,source_envelope,,CE + beta Brier,0.3876066266223788,0.3654892146587372,1000,0,1000,recorded,relative,correction,"equal-weight summaries of recorded source-training batch statistics; changing models, not frozen population estimates",/tmp/p01-d1-20260919-1irHPs/artifacts/d1_pu_20260919/core/RC/seed_123/training_batches.csv
RC,123,core,objective,,,,correction_consistency,,unweighted squared probability L2 norm,8.108619282058971e-07,5.821438833208958e-07,1000,0,1000,recorded,relative,correction,"equal-weight summaries of recorded source-training batch statistics; changing models, not frozen population estimates",/tmp/p01-d1-20260919-1irHPs/artifacts/d1_pu_20260919/core/RC/seed_123/training_batches.csv
RC,123,core,objective,,,,candidate_output_consistency,,unweighted squared probability L2 norm,8.10860589453788e-07,5.822588775572513e-07,1000,0,1000,recorded,relative,correction,"equal-weight summaries of recorded source-training batch statistics; changing models, not frozen population estimates",/tmp/p01-d1-20260919-1irHPs/artifacts/d1_pu_20260919/core/RC/seed_123/training_batches.csv
RC,123,core,objective,,,,reference_output_consistency,,squared probability L2 norm,8.56310768791221e-14,7.246171707369492e-14,1000,0,1000,recorded,relative,correction,"equal-weight summaries of recorded source-training batch statistics; changing models, not frozen population estimates",/tmp/p01-d1-20260919-1irHPs/artifacts/d1_pu_20260919/core/RC/seed_123/training_batches.csv
RC,123,core,objective,,,,pair_penalty,,selected unweighted squared probability L2 norm,8.108619282058971e-07,5.821438833208958e-07,1000,0,1000,recorded,relative,correction,"equal-weight summaries of recorded source-training batch statistics; changing models, not frozen population estimates",/tmp/p01-d1-20260919-1irHPs/artifacts/d1_pu_20260919/core/RC/seed_123/training_batches.csv
RC,456,core,domain_risk,0,,,candidate_risk,,CE + beta Brier,0.9804202108979225,1.000499427318573,1000,0,1000,recorded,relative,correction,"equal-weight summaries of recorded source-training batch statistics; changing models, not frozen population estimates",/tmp/p01-d1-20260919-1irHPs/artifacts/d1_pu_20260919/core/RC/seed_456/training_domains.csv
RC,456,core,domain_risk,0,,,reference_risk,,CE + beta Brier,0.8881843837797642,0.8874300718307495,1000,0,1000,recorded,relative,correction,"equal-weight summaries of recorded source-training batch statistics; changing models, not frozen population estimates",/tmp/p01-d1-20260919-1irHPs/artifacts/d1_pu_20260919/core/RC/seed_456/training_domains.csv
RC,456,core,domain_risk,0,,,excess,,CE + beta Brier,0.09223582546086982,0.07347273826599121,1000,0,1000,recorded,relative,correction,"equal-weight summaries of recorded source-training batch statistics; changing models, not frozen population estimates",/tmp/p01-d1-20260919-1irHPs/artifacts/d1_pu_20260919/core/RC/seed_456/training_domains.csv
RC,456,core,domain_risk,0,,,weight,,dimensionless,0.34497425658255815,0.3137909322977066,1000,0,1000,recorded,relative,correction,"equal-weight summaries of recorded source-training batch statistics; changing models, not frozen population estimates",/tmp/p01-d1-20260919-1irHPs/artifacts/d1_pu_20260919/core/RC/seed_456/training_domains.csv
RC,456,core,domain_risk,2,,,candidate_risk,,CE + beta Brier,0.9896141067147255,1.0087839365005493,1000,0,1000,recorded,relative,correction,"equal-weight summaries of recorded source-training batch statistics; changing models, not frozen population estimates",/tmp/p01-d1-20260919-1irHPs/artifacts/d1_pu_20260919/core/RC/seed_456/training_domains.csv
RC,456,core,domain_risk,2,,,reference_risk,,CE + beta Brier,0.8810557746291161,0.8711451292037964,1000,0,1000,recorded,relative,correction,"equal-weight summaries of recorded source-training batch statistics; changing models, not frozen population estimates",/tmp/p01-d1-20260919-1irHPs/artifacts/d1_pu_20260919/core/RC/seed_456/training_domains.csv
RC,456,core,domain_risk,2,,,excess,,CE + beta Brier,0.10855833121854812,0.10790301486849785,1000,0,1000,recorded,relative,correction,"equal-weight summaries of recorded source-training batch statistics; changing models, not frozen population estimates",/tmp/p01-d1-20260919-1irHPs/artifacts/d1_pu_20260919/core/RC/seed_456/training_domains.csv
RC,456,core,domain_risk,2,,,weight,,dimensionless,0.3677397900898941,0.3570423722267151,1000,0,1000,recorded,relative,correction,"equal-weight summaries of recorded source-training batch statistics; changing models, not frozen population estimates",/tmp/p01-d1-20260919-1irHPs/artifacts/d1_pu_20260919/core/RC/seed_456/training_domains.csv
RC,456,core,domain_risk,3,,,candidate_risk,,CE + beta Brier,0.9742600937485695,0.9946704208850861,1000,0,1000,recorded,relative,correction,"equal-weight summaries of recorded source-training batch statistics; changing models, not frozen population estimates",/tmp/p01-d1-20260919-1irHPs/artifacts/d1_pu_20260919/core/RC/seed_456/training_domains.csv
RC,456,core,domain_risk,3,,,reference_risk,,CE + beta Brier,0.9340598204731941,0.908710777759552,1000,0,1000,recorded,relative,correction,"equal-weight summaries of recorded source-training batch statistics; changing models, not frozen population estimates",/tmp/p01-d1-20260919-1irHPs/artifacts/d1_pu_20260919/core/RC/seed_456/training_domains.csv
RC,456,core,domain_risk,3,,,excess,,CE + beta Brier,0.040200275846291336,0.024835982359945774,1000,0,1000,recorded,relative,correction,"equal-weight summaries of recorded source-training batch statistics; changing models, not frozen population estimates",/tmp/p01-d1-20260919-1irHPs/artifacts/d1_pu_20260919/core/RC/seed_456/training_domains.csv
RC,456,core,domain_risk,3,,,weight,,dimensionless,0.28728595489263536,0.2711561620235443,1000,0,1000,recorded,relative,correction,"equal-weight summaries of recorded source-training batch statistics; changing models, not frozen population estimates",/tmp/p01-d1-20260919-1irHPs/artifacts/d1_pu_20260919/core/RC/seed_456/training_domains.csv
RC,456,core,reference_prior,,0,2,reference_risk_difference_over_rho,,dimensionless (c_i-c_j)/rho,0.02851443660259247,0.004777431488037109,1000,0,1000,recorded,relative,correction,"equal-weight summaries of recorded source-training batch statistics; changing models, not frozen population estimates",/tmp/p01-d1-20260919-1irHPs/artifacts/d1_pu_20260919/core/RC/seed_456/training_reference_prior.csv
RC,456,core,reference_prior,,0,3,reference_risk_difference_over_rho,,dimensionless (c_i-c_j)/rho,-0.18350174677371978,-0.1104898452758789,1000,0,1000,recorded,relative,correction,"equal-weight summaries of recorded source-training batch statistics; changing models, not frozen population estimates",/tmp/p01-d1-20260919-1irHPs/artifacts/d1_pu_20260919/core/RC/seed_456/training_reference_prior.csv
RC,456,core,reference_prior,,2,3,reference_risk_difference_over_rho,,dimensionless (c_i-c_j)/rho,-0.21201618337631226,-0.23196065425872803,1000,0,1000,recorded,relative,correction,"equal-weight summaries of recorded source-training batch statistics; changing models, not frozen population estimates",/tmp/p01-d1-20260919-1irHPs/artifacts/d1_pu_20260919/core/RC/seed_456/training_reference_prior.csv
RC,456,core,response,0,,,A,,squared probability L2 norm,0.040899605803890154,0.030862594954669476,1000,0,1000,recorded,relative,correction,"equal-weight summaries of recorded source-training batch statistics; changing models, not frozen population estimates",/tmp/p01-d1-20260919-1irHPs/artifacts/d1_pu_20260919/core/RC/seed_456/training_responses.csv
RC,456,core,response,0,,,b,,probability inner product,0.005738857002463192,0.008588887751102448,1000,0,1000,recorded,relative,correction,"equal-weight summaries of recorded source-training batch statistics; changing models, not frozen population estimates",/tmp/p01-d1-20260919-1irHPs/artifacts/d1_pu_20260919/core/RC/seed_456/training_responses.csv
RC,456,core,response,0,,,sqrt_A,,probability L2 norm,0.18757428300987827,0.1756775187374014,1000,0,1000,recorded,relative,correction,"equal-weight summaries of recorded source-training batch statistics; changing models, not frozen population estimates",/tmp/p01-d1-20260919-1irHPs/artifacts/d1_pu_20260919/core/RC/seed_456/training_responses.csv
RC,456,core,response,0,,,b_over_sqrt_A,,signed probability direction; undefined when A=0,0.06748574855806917,0.05182060045172278,1000,0,1000,recorded,relative,correction,"equal-weight summaries of recorded source-training batch statistics; changing models, not frozen population estimates",/tmp/p01-d1-20260919-1irHPs/artifacts/d1_pu_20260919/core/RC/seed_456/training_responses.csv
RC,456,core,response,0,,,delta_p0_squared_norm,,squared probability L2 norm,7.425386744379011e-14,4.832682783681777e-14,1000,0,1000,recorded,relative,correction,"equal-weight summaries of recorded source-training batch statistics; changing models, not frozen population estimates",/tmp/p01-d1-20260919-1irHPs/artifacts/d1_pu_20260919/core/RC/seed_456/training_responses.csv
RC,456,core,response,0,,,delta_q_squared_norm,,squared probability L2 norm,7.283292520168239e-07,3.946204429894351e-07,1000,0,1000,recorded,relative,correction,"equal-weight summaries of recorded source-training batch statistics; changing models, not frozen population estimates",/tmp/p01-d1-20260919-1irHPs/artifacts/d1_pu_20260919/core/RC/seed_456/training_responses.csv
RC,456,core,response,0,,,delta_v_squared_norm,,squared probability L2 norm,7.283580347692276e-07,3.946209261584954e-07,1000,0,1000,recorded,relative,correction,"equal-weight summaries of recorded source-training batch statistics; changing models, not frozen population estimates",/tmp/p01-d1-20260919-1irHPs/artifacts/d1_pu_20260919/core/RC/seed_456/training_responses.csv
RC,456,core,response,0,,,delta_p0_mean_vector,0,signed probability; frozen class-order index,-1.9349549802427648e-09,0.0,1000,0,1000,recorded,relative,correction,"equal-weight summaries of recorded source-training batch statistics; changing models, not frozen population estimates",/tmp/p01-d1-20260919-1irHPs/artifacts/d1_pu_20260919/core/RC/seed_456/training_responses.csv
RC,456,core,response,0,,,delta_p0_mean_vector,1,signed probability; frozen class-order index,3.607943654060364e-09,7.450580596923828e-09,1000,0,1000,recorded,relative,correction,"equal-weight summaries of recorded source-training batch statistics; changing models, not frozen population estimates",/tmp/p01-d1-20260919-1irHPs/artifacts/d1_pu_20260919/core/RC/seed_456/training_responses.csv
RC,456,core,response,0,,,delta_p0_mean_vector,2,signed probability; frozen class-order index,2.1830201148986815e-09,0.0,1000,0,1000,recorded,relative,correction,"equal-weight summaries of recorded source-training batch statistics; changing models, not frozen population estimates",/tmp/p01-d1-20260919-1irHPs/artifacts/d1_pu_20260919/core/RC/seed_456/training_responses.csv
RC,456,core,response,0,,,delta_q_mean_vector,0,signed probability; frozen class-order index,4.717271134722978e-06,-4.583969712257385e-06,1000,0,1000,recorded,relative,correction,"equal-weight summaries of recorded source-training batch statistics; changing models, not frozen population estimates",/tmp/p01-d1-20260919-1irHPs/artifacts/d1_pu_20260919/core/RC/seed_456/training_responses.csv
RC,456,core,response,0,,,delta_q_mean_vector,1,signed probability; frozen class-order index,8.278943598270417e-06,7.096678018569946e-06,1000,0,1000,recorded,relative,correction,"equal-weight summaries of recorded source-training batch statistics; changing models, not frozen population estimates",/tmp/p01-d1-20260919-1irHPs/artifacts/d1_pu_20260919/core/RC/seed_456/training_responses.csv
RC,456,core,response,0,,,delta_q_mean_vector,2,signed probability; frozen class-order index,-1.2996992096304894e-05,-4.4405460357666016e-06,1000,0,1000,recorded,relative,correction,"equal-weight summaries of recorded source-training batch statistics; changing models, not frozen population estimates",/tmp/p01-d1-20260919-1irHPs/artifacts/d1_pu_20260919/core/RC/seed_456/training_responses.csv
RC,456,core,response,0,,,delta_v_mean_vector,0,signed probability; frozen class-order index,4.719212418422103e-06,-4.533678293228149e-06,1000,0,1000,recorded,relative,correction,"equal-weight summaries of recorded source-training batch statistics; changing models, not frozen population estimates",/tmp/p01-d1-20260919-1irHPs/artifacts/d1_pu_20260919/core/RC/seed_456/training_responses.csv
RC,456,core,response,0,,,delta_v_mean_vector,1,signed probability; frozen class-order index,8.27532820403576e-06,7.0873647928237915e-06,1000,0,1000,recorded,relative,correction,"equal-weight summaries of recorded source-training batch statistics; changing models, not frozen population estimates",/tmp/p01-d1-20260919-1irHPs/artifacts/d1_pu_20260919/core/RC/seed_456/training_responses.csv
RC,456,core,response,0,,,delta_v_mean_vector,2,signed probability; frozen class-order index,-1.2999169528484345e-05,-4.511326551437378e-06,1000,0,1000,recorded,relative,correction,"equal-weight summaries of recorded source-training batch statistics; changing models, not frozen population estimates",/tmp/p01-d1-20260919-1irHPs/artifacts/d1_pu_20260919/core/RC/seed_456/training_responses.csv
RC,456,core,response,2,,,A,,squared probability L2 norm,0.04199185518280137,0.033410971984267235,1000,0,1000,recorded,relative,correction,"equal-weight summaries of recorded source-training batch statistics; changing models, not frozen population estimates",/tmp/p01-d1-20260919-1irHPs/artifacts/d1_pu_20260919/core/RC/seed_456/training_responses.csv
RC,456,core,response,2,,,b,,probability inner product,0.0005665356051176787,-0.0014245737111195922,1000,0,1000,recorded,relative,correction,"equal-weight summaries of recorded source-training batch statistics; changing models, not frozen population estimates",/tmp/p01-d1-20260919-1irHPs/artifacts/d1_pu_20260919/core/RC/seed_456/training_responses.csv
RC,456,core,response,2,,,sqrt_A,,probability L2 norm,0.19148977226251374,0.18278668012041954,1000,0,1000,recorded,relative,correction,"equal-weight summaries of recorded source-training batch statistics; changing models, not frozen population estimates",/tmp/p01-d1-20260919-1irHPs/artifacts/d1_pu_20260919/core/RC/seed_456/training_responses.csv
RC,456,core,response,2,,,b_over_sqrt_A,,signed probability direction; undefined when A=0,0.02942945047250654,-0.009000705283762102,1000,0,1000,recorded,relative,correction,"equal-weight summaries of recorded source-training batch statistics; changing models, not frozen population estimates",/tmp/p01-d1-20260919-1irHPs/artifacts/d1_pu_20260919/core/RC/seed_456/training_responses.csv
RC,456,core,response,2,,,delta_p0_squared_norm,,squared probability L2 norm,8.432080766379428e-14,5.2513665955316625e-14,1000,0,1000,recorded,relative,correction,"equal-weight summaries of recorded source-training batch statistics; changing models, not frozen population estimates",/tmp/p01-d1-20260919-1irHPs/artifacts/d1_pu_20260919/core/RC/seed_456/training_responses.csv
RC,456,core,response,2,,,delta_q_squared_norm,,squared probability L2 norm,8.321576717387202e-07,4.617770201775784e-07,1000,0,1000,recorded,relative,correction,"equal-weight summaries of recorded source-training batch statistics; changing models, not frozen population estimates",/tmp/p01-d1-20260919-1irHPs/artifacts/d1_pu_20260919/core/RC/seed_456/training_responses.csv
RC,456,core,response,2,,,delta_v_squared_norm,,squared probability L2 norm,8.321466077114703e-07,4.6170670486844756e-07,1000,0,1000,recorded,relative,correction,"equal-weight summaries of recorded source-training batch statistics; changing models, not frozen population estimates",/tmp/p01-d1-20260919-1irHPs/artifacts/d1_pu_20260919/core/RC/seed_456/training_responses.csv
RC,456,core,response,2,,,delta_p0_mean_vector,0,signed probability; frozen class-order index,-5.660913302563131e-09,-6.948539521545172e-10,1000,0,1000,recorded,relative,correction,"equal-weight summaries of recorded source-training batch statistics; changing models, not frozen population estimates",/tmp/p01-d1-20260919-1irHPs/artifacts/d1_pu_20260919/core/RC/seed_456/training_responses.csv
RC,456,core,response,2,,,delta_p0_mean_vector,1,signed probability; frozen class-order index,1.1008232831954955e-09,0.0,1000,0,1000,recorded,relative,correction,"equal-weight summaries of recorded source-training batch statistics; changing models, not frozen population estimates",/tmp/p01-d1-20260919-1irHPs/artifacts/d1_pu_20260919/core/RC/seed_456/training_responses.csv
RC,456,core,response,2,,,delta_p0_mean_vector,2,signed probability; frozen class-order index,2.864748239517212e-09,1.862645149230957e-09,1000,0,1000,recorded,relative,correction,"equal-weight summaries of recorded source-training batch statistics; changing models, not frozen population estimates",/tmp/p01-d1-20260919-1irHPs/artifacts/d1_pu_20260919/core/RC/seed_456/training_responses.csv
RC,456,core,response,2,,,delta_q_mean_vector,0,signed probability; frozen class-order index,4.010525008197874e-06,4.881992936134338e-06,1000,0,1000,recorded,relative,correction,"equal-weight summaries of recorded source-training batch statistics; changing models, not frozen population estimates",/tmp/p01-d1-20260919-1irHPs/artifacts/d1_pu_20260919/core/RC/seed_456/training_responses.csv
RC,456,core,response,2,,,delta_q_mean_vector,1,signed probability; frozen class-order index,-1.6881205141544343e-05,-1.6845762729644775e-05,1000,0,1000,recorded,relative,correction,"equal-weight summaries of recorded source-training batch statistics; changing models, not frozen population estimates",/tmp/p01-d1-20260919-1irHPs/artifacts/d1_pu_20260919/core/RC/seed_456/training_responses.csv
RC,456,core,response,2,,,delta_q_mean_vector,2,signed probability; frozen class-order index,1.2871192768216133e-05,5.7443976402282715e-06,1000,0,1000,recorded,relative,correction,"equal-weight summaries of recorded source-training batch statistics; changing models, not frozen population estimates",/tmp/p01-d1-20260919-1irHPs/artifacts/d1_pu_20260919/core/RC/seed_456/training_responses.csv
RC,456,core,response,2,,,delta_v_mean_vector,0,signed probability; frozen class-order index,4.016115795820951e-06,4.794448614120483e-06,1000,0,1000,recorded,relative,correction,"equal-weight summaries of recorded source-training batch statistics; changing models, not frozen population estimates",/tmp/p01-d1-20260919-1irHPs/artifacts/d1_pu_20260919/core/RC/seed_456/training_responses.csv
RC,456,core,response,2,,,delta_v_mean_vector,1,signed probability; frozen class-order index,-1.688230037689209e-05,-1.6810372471809387e-05,1000,0,1000,recorded,relative,correction,"equal-weight summaries of recorded source-training batch statistics; changing models, not frozen population estimates",/tmp/p01-d1-20260919-1irHPs/artifacts/d1_pu_20260919/core/RC/seed_456/training_responses.csv
RC,456,core,response,2,,,delta_v_mean_vector,2,signed probability; frozen class-order index,1.2868328019976616e-05,5.781650543212891e-06,1000,0,1000,recorded,relative,correction,"equal-weight summaries of recorded source-training batch statistics; changing models, not frozen population estimates",/tmp/p01-d1-20260919-1irHPs/artifacts/d1_pu_20260919/core/RC/seed_456/training_responses.csv
RC,456,core,response,3,,,A,,squared probability L2 norm,0.04098797640635166,0.032899463549256325,1000,0,1000,recorded,relative,correction,"equal-weight summaries of recorded source-training batch statistics; changing models, not frozen population estimates",/tmp/p01-d1-20260919-1irHPs/artifacts/d1_pu_20260919/core/RC/seed_456/training_responses.csv
RC,456,core,response,3,,,b,,probability inner product,0.02269727797084488,0.022454739548265934,1000,0,1000,recorded,relative,correction,"equal-weight summaries of recorded source-training batch statistics; changing models, not frozen population estimates",/tmp/p01-d1-20260919-1irHPs/artifacts/d1_pu_20260919/core/RC/seed_456/training_responses.csv
RC,456,core,response,3,,,sqrt_A,,probability L2 norm,0.19007747626348215,0.1813820778574251,1000,0,1000,recorded,relative,correction,"equal-weight summaries of recorded source-training batch statistics; changing models, not frozen population estimates",/tmp/p01-d1-20260919-1irHPs/artifacts/d1_pu_20260919/core/RC/seed_456/training_responses.csv
RC,456,core,response,3,,,b_over_sqrt_A,,signed probability direction; undefined when A=0,0.14210988229828603,0.14015692669844104,1000,0,1000,recorded,relative,correction,"equal-weight summaries of recorded source-training batch statistics; changing models, not frozen population estimates",/tmp/p01-d1-20260919-1irHPs/artifacts/d1_pu_20260919/core/RC/seed_456/training_responses.csv
RC,456,core,response,3,,,delta_p0_squared_norm,,squared probability L2 norm,9.438529620961304e-14,5.888345366855674e-14,1000,0,1000,recorded,relative,correction,"equal-weight summaries of recorded source-training batch statistics; changing models, not frozen population estimates",/tmp/p01-d1-20260919-1irHPs/artifacts/d1_pu_20260919/core/RC/seed_456/training_responses.csv
RC,456,core,response,3,,,delta_q_squared_norm,,squared probability L2 norm,8.141184344210295e-07,4.771353587784688e-07,1000,0,1000,recorded,relative,correction,"equal-weight summaries of recorded source-training batch statistics; changing models, not frozen population estimates",/tmp/p01-d1-20260919-1irHPs/artifacts/d1_pu_20260919/core/RC/seed_456/training_responses.csv
RC,456,core,response,3,,,delta_v_squared_norm,,squared probability L2 norm,8.141010920286185e-07,4.770215014104906e-07,1000,0,1000,recorded,relative,correction,"equal-weight summaries of recorded source-training batch statistics; changing models, not frozen population estimates",/tmp/p01-d1-20260919-1irHPs/artifacts/d1_pu_20260919/core/RC/seed_456/training_responses.csv
RC,456,core,response,3,,,delta_p0_mean_vector,0,signed probability; frozen class-order index,-7.474242011085152e-09,-2.0372681319713593e-09,1000,0,1000,recorded,relative,correction,"equal-weight summaries of recorded source-training batch statistics; changing models, not frozen population estimates",/tmp/p01-d1-20260919-1irHPs/artifacts/d1_pu_20260919/core/RC/seed_456/training_responses.csv
RC,456,core,response,3,,,delta_p0_mean_vector,1,signed probability; frozen class-order index,2.985820174217224e-09,0.0,1000,0,1000,recorded,relative,correction,"equal-weight summaries of recorded source-training batch statistics; changing models, not frozen population estimates",/tmp/p01-d1-20260919-1irHPs/artifacts/d1_pu_20260919/core/RC/seed_456/training_responses.csv
RC,456,core,response,3,,,delta_p0_mean_vector,2,signed probability; frozen class-order index,7.349997758865357e-09,7.450580596923828e-09,1000,0,1000,recorded,relative,correction,"equal-weight summaries of recorded source-training batch statistics; changing models, not frozen population estimates",/tmp/p01-d1-20260919-1irHPs/artifacts/d1_pu_20260919/core/RC/seed_456/training_responses.csv
RC,456,core,response,3,,,delta_q_mean_vector,0,signed probability; frozen class-order index,-3.2523615867830814e-05,-1.0797753930091858e-05,1000,0,1000,recorded,relative,correction,"equal-weight summaries of recorded source-training batch statistics; changing models, not frozen population estimates",/tmp/p01-d1-20260919-1irHPs/artifacts/d1_pu_20260919/core/RC/seed_456/training_responses.csv
RC,456,core,response,3,,,delta_q_mean_vector,1,signed probability; frozen class-order index,1.4106616377830505e-05,1.1866912245750427e-05,1000,0,1000,recorded,relative,correction,"equal-weight summaries of recorded source-training batch statistics; changing models, not frozen population estimates",/tmp/p01-d1-20260919-1irHPs/artifacts/d1_pu_20260919/core/RC/seed_456/training_responses.csv
RC,456,core,response,3,,,delta_q_mean_vector,2,signed probability; frozen class-order index,1.8418150022625923e-05,1.58846378326416e-05,1000,0,1000,recorded,relative,correction,"equal-weight summaries of recorded source-training batch statistics; changing models, not frozen population estimates",/tmp/p01-d1-20260919-1irHPs/artifacts/d1_pu_20260919/core/RC/seed_456/training_responses.csv
RC,456,core,response,3,,,delta_v_mean_vector,0,signed probability; frozen class-order index,-3.251625935081393e-05,-1.0769814252853394e-05,1000,0,1000,recorded,relative,correction,"equal-weight summaries of recorded source-training batch statistics; changing models, not frozen population estimates",/tmp/p01-d1-20260919-1irHPs/artifacts/d1_pu_20260919/core/RC/seed_456/training_responses.csv
RC,456,core,response,3,,,delta_v_mean_vector,1,signed probability; frozen class-order index,1.4103633351624012e-05,1.1883676052093506e-05,1000,0,1000,recorded,relative,correction,"equal-weight summaries of recorded source-training batch statistics; changing models, not frozen population estimates",/tmp/p01-d1-20260919-1irHPs/artifacts/d1_pu_20260919/core/RC/seed_456/training_responses.csv
RC,456,core,response,3,,,delta_v_mean_vector,2,signed probability; frozen class-order index,1.8410801887512207e-05,1.5867874026298523e-05,1000,0,1000,recorded,relative,correction,"equal-weight summaries of recorded source-training batch statistics; changing models, not frozen population estimates",/tmp/p01-d1-20260919-1irHPs/artifacts/d1_pu_20260919/core/RC/seed_456/training_responses.csv
RC,456,core,objective,,,,loss,,CE + beta Brier + weighted consistency,0.12109615446976386,0.09958001226186752,1000,0,1000,recorded,relative,correction,"equal-weight summaries of recorded source-training batch statistics; changing models, not frozen population estimates",/tmp/p01-d1-20260919-1irHPs/artifacts/d1_pu_20260919/core/RC/seed_456/training_batches.csv
RC,456,core,objective,,,,risk_objective,,CE + beta Brier,0.12109607587754727,0.09957996010780334,1000,0,1000,recorded,relative,correction,"equal-weight summaries of recorded source-training batch statistics; changing models, not frozen population estimates",/tmp/p01-d1-20260919-1irHPs/artifacts/d1_pu_20260919/core/RC/seed_456/training_batches.csv
RC,456,core,objective,,,,diagnostic_excess,,CE + beta Brier,0.12109607587754727,0.09957996010780334,1000,0,1000,recorded,relative,correction,"equal-weight summaries of recorded source-training batch statistics; changing models, not frozen population estimates",/tmp/p01-d1-20260919-1irHPs/artifacts/d1_pu_20260919/core/RC/seed_456/training_batches.csv
RC,456,core,objective,,,,max_source_excess,,CE + beta Brier,0.2305062981545925,0.2051672339439392,1000,0,1000,recorded,relative,correction,"equal-weight summaries of recorded source-training batch statistics; changing models, not frozen population estimates",/tmp/p01-d1-20260919-1irHPs/artifacts/d1_pu_20260919/core/RC/seed_456/training_batches.csv
RC,456,core,objective,,,,source_envelope,,CE + beta Brier,0.3957491529658437,0.37423303723335266,1000,0,1000,recorded,relative,correction,"equal-weight summaries of recorded source-training batch statistics; changing models, not frozen population estimates",/tmp/p01-d1-20260919-1irHPs/artifacts/d1_pu_20260919/core/RC/seed_456/training_batches.csv
RC,456,core,objective,,,,correction_consistency,,unweighted squared probability L2 norm,7.915352674519038e-07,5.501981377165066e-07,1000,0,1000,recorded,relative,correction,"equal-weight summaries of recorded source-training batch statistics; changing models, not frozen population estimates",/tmp/p01-d1-20260919-1irHPs/artifacts/d1_pu_20260919/core/RC/seed_456/training_batches.csv
RC,456,core,objective,,,,candidate_output_consistency,,unweighted squared probability L2 norm,7.915351441166729e-07,5.500998838670057e-07,1000,0,1000,recorded,relative,correction,"equal-weight summaries of recorded source-training batch statistics; changing models, not frozen population estimates",/tmp/p01-d1-20260919-1irHPs/artifacts/d1_pu_20260919/core/RC/seed_456/training_batches.csv
RC,456,core,objective,,,,reference_output_consistency,,squared probability L2 norm,8.431999266520957e-14,7.08563185881049e-14,1000,0,1000,recorded,relative,correction,"equal-weight summaries of recorded source-training batch statistics; changing models, not frozen population estimates",/tmp/p01-d1-20260919-1irHPs/artifacts/d1_pu_20260919/core/RC/seed_456/training_batches.csv
RC,456,core,objective,,,,pair_penalty,,selected unweighted squared probability L2 norm,7.915352674519038e-07,5.501981377165066e-07,1000,0,1000,recorded,relative,correction,"equal-weight summaries of recorded source-training batch statistics; changing models, not frozen population estimates",/tmp/p01-d1-20260919-1irHPs/artifacts/d1_pu_20260919/core/RC/seed_456/training_batches.csv
MLP16_all,42,diagnostic,domain_risk,0,,,candidate_risk,,CE + beta Brier,1.0925972932875156,1.064291536808014,1000,0,1000,recorded,relative,correction,"equal-weight summaries of recorded source-training batch statistics; changing models, not frozen population estimates",/tmp/p01-d1-20260919-1irHPs/artifacts/d1_pu_20260919/diagnostics/MLP16_all/seed_42/training_domains.csv
MLP16_all,42,diagnostic,domain_risk,0,,,reference_risk,,CE + beta Brier,0.8953840225636959,0.8944948315620422,1000,0,1000,recorded,relative,correction,"equal-weight summaries of recorded source-training batch statistics; changing models, not frozen population estimates",/tmp/p01-d1-20260919-1irHPs/artifacts/d1_pu_20260919/diagnostics/MLP16_all/seed_42/training_domains.csv
MLP16_all,42,diagnostic,domain_risk,0,,,excess,,CE + beta Brier,0.1972132726199925,0.1809433475136757,1000,0,1000,recorded,relative,correction,"equal-weight summaries of recorded source-training batch statistics; changing models, not frozen population estimates",/tmp/p01-d1-20260919-1irHPs/artifacts/d1_pu_20260919/diagnostics/MLP16_all/seed_42/training_domains.csv
MLP16_all,42,diagnostic,domain_risk,0,,,weight,,dimensionless,0.3333333432674408,0.3333333432674408,1000,0,1000,recorded,relative,correction,"equal-weight summaries of recorded source-training batch statistics; changing models, not frozen population estimates",/tmp/p01-d1-20260919-1irHPs/artifacts/d1_pu_20260919/diagnostics/MLP16_all/seed_42/training_domains.csv
MLP16_all,42,diagnostic,domain_risk,2,,,candidate_risk,,CE + beta Brier,1.1079383967518805,1.0722497701644897,1000,0,1000,recorded,relative,correction,"equal-weight summaries of recorded source-training batch statistics; changing models, not frozen population estimates",/tmp/p01-d1-20260919-1irHPs/artifacts/d1_pu_20260919/diagnostics/MLP16_all/seed_42/training_domains.csv
MLP16_all,42,diagnostic,domain_risk,2,,,reference_risk,,CE + beta Brier,0.9028331097364426,0.8912161290645599,1000,0,1000,recorded,relative,correction,"equal-weight summaries of recorded source-training batch statistics; changing models, not frozen population estimates",/tmp/p01-d1-20260919-1irHPs/artifacts/d1_pu_20260919/diagnostics/MLP16_all/seed_42/training_domains.csv
MLP16_all,42,diagnostic,domain_risk,2,,,excess,,CE + beta Brier,0.20510528653673826,0.190061517059803,1000,0,1000,recorded,relative,correction,"equal-weight summaries of recorded source-training batch statistics; changing models, not frozen population estimates",/tmp/p01-d1-20260919-1irHPs/artifacts/d1_pu_20260919/diagnostics/MLP16_all/seed_42/training_domains.csv
MLP16_all,42,diagnostic,domain_risk,2,,,weight,,dimensionless,0.3333333432674408,0.3333333432674408,1000,0,1000,recorded,relative,correction,"equal-weight summaries of recorded source-training batch statistics; changing models, not frozen population estimates",/tmp/p01-d1-20260919-1irHPs/artifacts/d1_pu_20260919/diagnostics/MLP16_all/seed_42/training_domains.csv
MLP16_all,42,diagnostic,domain_risk,3,,,candidate_risk,,CE + beta Brier,1.081658927798271,1.061848759651184,1000,0,1000,recorded,relative,correction,"equal-weight summaries of recorded source-training batch statistics; changing models, not frozen population estimates",/tmp/p01-d1-20260919-1irHPs/artifacts/d1_pu_20260919/diagnostics/MLP16_all/seed_42/training_domains.csv
MLP16_all,42,diagnostic,domain_risk,3,,,reference_risk,,CE + beta Brier,0.9222612332701683,0.8979472815990448,1000,0,1000,recorded,relative,correction,"equal-weight summaries of recorded source-training batch statistics; changing models, not frozen population estimates",/tmp/p01-d1-20260919-1irHPs/artifacts/d1_pu_20260919/diagnostics/MLP16_all/seed_42/training_domains.csv
MLP16_all,42,diagnostic,domain_risk,3,,,excess,,CE + beta Brier,0.15939769784081728,0.14367088675498962,1000,0,1000,recorded,relative,correction,"equal-weight summaries of recorded source-training batch statistics; changing models, not frozen population estimates",/tmp/p01-d1-20260919-1irHPs/artifacts/d1_pu_20260919/diagnostics/MLP16_all/seed_42/training_domains.csv
MLP16_all,42,diagnostic,domain_risk,3,,,weight,,dimensionless,0.3333333432674408,0.3333333432674408,1000,0,1000,recorded,relative,correction,"equal-weight summaries of recorded source-training batch statistics; changing models, not frozen population estimates",/tmp/p01-d1-20260919-1irHPs/artifacts/d1_pu_20260919/diagnostics/MLP16_all/seed_42/training_domains.csv
MLP16_all,42,diagnostic,reference_prior,,0,2,reference_risk_difference_over_rho,,dimensionless (c_i-c_j)/rho,-0.029796348690986633,-0.0015954971313476562,1000,0,1000,recorded,relative,correction,"equal-weight summaries of recorded source-training batch statistics; changing models, not frozen population estimates",/tmp/p01-d1-20260919-1irHPs/artifacts/d1_pu_20260919/diagnostics/MLP16_all/seed_42/training_reference_prior.csv
MLP16_all,42,diagnostic,reference_prior,,0,3,reference_risk_difference_over_rho,,dimensionless (c_i-c_j)/rho,-0.10750884282588959,-0.06258046627044678,1000,0,1000,recorded,relative,correction,"equal-weight summaries of recorded source-training batch statistics; changing models, not frozen population estimates",/tmp/p01-d1-20260919-1irHPs/artifacts/d1_pu_20260919/diagnostics/MLP16_all/seed_42/training_reference_prior.csv
MLP16_all,42,diagnostic,reference_prior,,2,3,reference_risk_difference_over_rho,,dimensionless (c_i-c_j)/rho,-0.07771249413490296,-0.056083083152770996,1000,0,1000,recorded,relative,correction,"equal-weight summaries of recorded source-training batch statistics; changing models, not frozen population estimates",/tmp/p01-d1-20260919-1irHPs/artifacts/d1_pu_20260919/diagnostics/MLP16_all/seed_42/training_reference_prior.csv
MLP16_all,42,diagnostic,response,0,,,A,,squared probability L2 norm,0.08222778719523921,0.07640424743294716,1000,0,1000,recorded,relative,correction,"equal-weight summaries of recorded source-training batch statistics; changing models, not frozen population estimates",/tmp/p01-d1-20260919-1irHPs/artifacts/d1_pu_20260919/diagnostics/MLP16_all/seed_42/training_responses.csv
MLP16_all,42,diagnostic,response,0,,,b,,probability inner product,-0.005019454931374639,-0.0004232563078403473,1000,0,1000,recorded,relative,correction,"equal-weight summaries of recorded source-training batch statistics; changing models, not frozen population estimates",/tmp/p01-d1-20260919-1irHPs/artifacts/d1_pu_20260919/diagnostics/MLP16_all/seed_42/training_responses.csv
MLP16_all,42,diagnostic,response,0,,,sqrt_A,,probability L2 norm,0.2744244016197545,0.27641317824404366,1000,0,1000,recorded,relative,correction,"equal-weight summaries of recorded source-training batch statistics; changing models, not frozen population estimates",/tmp/p01-d1-20260919-1irHPs/artifacts/d1_pu_20260919/diagnostics/MLP16_all/seed_42/training_responses.csv
MLP16_all,42,diagnostic,response,0,,,b_over_sqrt_A,,signed probability direction; undefined when A=0,0.017661870297139483,-0.0013146263751793986,1000,0,1000,recorded,relative,correction,"equal-weight summaries of recorded source-training batch statistics; changing models, not frozen population estimates",/tmp/p01-d1-20260919-1irHPs/artifacts/d1_pu_20260919/diagnostics/MLP16_all/seed_42/training_responses.csv
MLP16_all,42,diagnostic,response,0,,,delta_p0_squared_norm,,squared probability L2 norm,7.673261025556929e-14,5.007420259689477e-14,1000,0,1000,recorded,relative,correction,"equal-weight summaries of recorded source-training batch statistics; changing models, not frozen population estimates",/tmp/p01-d1-20260919-1irHPs/artifacts/d1_pu_20260919/diagnostics/MLP16_all/seed_42/training_responses.csv
MLP16_all,42,diagnostic,response,0,,,delta_q_squared_norm,,squared probability L2 norm,2.533549677140312e-07,9.31261823211571e-08,1000,0,1000,recorded,relative,correction,"equal-weight summaries of recorded source-training batch statistics; changing models, not frozen population estimates",/tmp/p01-d1-20260919-1irHPs/artifacts/d1_pu_20260919/diagnostics/MLP16_all/seed_42/training_responses.csv
MLP16_all,42,diagnostic,response,0,,,delta_v_squared_norm,,squared probability L2 norm,2.5336409660089986e-07,9.309550108582698e-08,1000,0,1000,recorded,relative,correction,"equal-weight summaries of recorded source-training batch statistics; changing models, not frozen population estimates",/tmp/p01-d1-20260919-1irHPs/artifacts/d1_pu_20260919/diagnostics/MLP16_all/seed_42/training_responses.csv
MLP16_all,42,diagnostic,response,0,,,delta_p0_mean_vector,0,signed probability; frozen class-order index,4.395297310111346e-09,2.546585164964199e-09,1000,0,1000,recorded,relative,correction,"equal-weight summaries of recorded source-training batch statistics; changing models, not frozen population estimates",/tmp/p01-d1-20260919-1irHPs/artifacts/d1_pu_20260919/diagnostics/MLP16_all/seed_42/training_responses.csv
MLP16_all,42,diagnostic,response,0,,,delta_p0_mean_vector,1,signed probability; frozen class-order index,-1.3206154108047485e-09,0.0,1000,0,1000,recorded,relative,correction,"equal-weight summaries of recorded source-training batch statistics; changing models, not frozen population estimates",/tmp/p01-d1-20260919-1irHPs/artifacts/d1_pu_20260919/diagnostics/MLP16_all/seed_42/training_responses.csv
MLP16_all,42,diagnostic,response,0,,,delta_p0_mean_vector,2,signed probability; frozen class-order index,1.5795230865478515e-09,0.0,1000,0,1000,recorded,relative,correction,"equal-weight summaries of recorded source-training batch statistics; changing models, not frozen population estimates",/tmp/p01-d1-20260919-1irHPs/artifacts/d1_pu_20260919/diagnostics/MLP16_all/seed_42/training_responses.csv
MLP16_all,42,diagnostic,response,0,,,delta_q_mean_vector,0,signed probability; frozen class-order index,-2.3243712494149804e-06,4.023313522338867e-07,1000,0,1000,recorded,relative,correction,"equal-weight summaries of recorded source-training batch statistics; changing models, not frozen population estimates",/tmp/p01-d1-20260919-1irHPs/artifacts/d1_pu_20260919/diagnostics/MLP16_all/seed_42/training_responses.csv
MLP16_all,42,diagnostic,response,0,,,delta_q_mean_vector,1,signed probability; frozen class-order index,5.168788135051728e-06,2.942979335784912e-07,1000,0,1000,recorded,relative,correction,"equal-weight summaries of recorded source-training batch statistics; changing models, not frozen population estimates",/tmp/p01-d1-20260919-1irHPs/artifacts/d1_pu_20260919/diagnostics/MLP16_all/seed_42/training_responses.csv
MLP16_all,42,diagnostic,response,0,,,delta_q_mean_vector,2,signed probability; frozen class-order index,-2.8438568115234377e-06,-2.246350049972534e-06,1000,0,1000,recorded,relative,correction,"equal-weight summaries of recorded source-training batch statistics; changing models, not frozen population estimates",/tmp/p01-d1-20260919-1irHPs/artifacts/d1_pu_20260919/diagnostics/MLP16_all/seed_42/training_responses.csv
MLP16_all,42,diagnostic,response,0,,,delta_v_mean_vector,0,signed probability; frozen class-order index,-2.3289512610062958e-06,4.5821070671081543e-07,1000,0,1000,recorded,relative,correction,"equal-weight summaries of recorded source-training batch statistics; changing models, not frozen population estimates",/tmp/p01-d1-20260919-1irHPs/artifacts/d1_pu_20260919/diagnostics/MLP16_all/seed_42/training_responses.csv
MLP16_all,42,diagnostic,response,0,,,delta_v_mean_vector,1,signed probability; frozen class-order index,5.170129239559174e-06,2.905726432800293e-07,1000,0,1000,recorded,relative,correction,"equal-weight summaries of recorded source-training batch statistics; changing models, not frozen population estimates",/tmp/p01-d1-20260919-1irHPs/artifacts/d1_pu_20260919/diagnostics/MLP16_all/seed_42/training_responses.csv
MLP16_all,42,diagnostic,response,0,,,delta_v_mean_vector,2,signed probability; frozen class-order index,-2.8454363346099855e-06,-2.246350049972534e-06,1000,0,1000,recorded,relative,correction,"equal-weight summaries of recorded source-training batch statistics; changing models, not frozen population estimates",/tmp/p01-d1-20260919-1irHPs/artifacts/d1_pu_20260919/diagnostics/MLP16_all/seed_42/training_responses.csv
MLP16_all,42,diagnostic,response,2,,,A,,squared probability L2 norm,0.08487714093946852,0.07772168889641762,1000,0,1000,recorded,relative,correction,"equal-weight summaries of recorded source-training batch statistics; changing models, not frozen population estimates",/tmp/p01-d1-20260919-1irHPs/artifacts/d1_pu_20260919/diagnostics/MLP16_all/seed_42/training_responses.csv
MLP16_all,42,diagnostic,response,2,,,b,,probability inner product,-0.006766774572432042,-0.008651115000247955,1000,0,1000,recorded,relative,correction,"equal-weight summaries of recorded source-training batch statistics; changing models, not frozen population estimates",/tmp/p01-d1-20260919-1irHPs/artifacts/d1_pu_20260919/diagnostics/MLP16_all/seed_42/training_responses.csv
MLP16_all,42,diagnostic,response,2,,,sqrt_A,,probability L2 norm,0.2775180538411771,0.2787860961036897,1000,0,1000,recorded,relative,correction,"equal-weight summaries of recorded source-training batch statistics; changing models, not frozen population estimates",/tmp/p01-d1-20260919-1irHPs/artifacts/d1_pu_20260919/diagnostics/MLP16_all/seed_42/training_responses.csv
MLP16_all,42,diagnostic,response,2,,,b_over_sqrt_A,,signed probability direction; undefined when A=0,0.010271289747694062,-0.03428939309748916,1000,0,1000,recorded,relative,correction,"equal-weight summaries of recorded source-training batch statistics; changing models, not frozen population estimates",/tmp/p01-d1-20260919-1irHPs/artifacts/d1_pu_20260919/diagnostics/MLP16_all/seed_42/training_responses.csv
MLP16_all,42,diagnostic,response,2,,,delta_p0_squared_norm,,squared probability L2 norm,9.167975429702602e-14,5.964684380633557e-14,1000,0,1000,recorded,relative,correction,"equal-weight summaries of recorded source-training batch statistics; changing models, not frozen population estimates",/tmp/p01-d1-20260919-1irHPs/artifacts/d1_pu_20260919/diagnostics/MLP16_all/seed_42/training_responses.csv
MLP16_all,42,diagnostic,response,2,,,delta_q_squared_norm,,squared probability L2 norm,2.9642282251152174e-07,9.579969173501013e-08,1000,0,1000,recorded,relative,correction,"equal-weight summaries of recorded source-training batch statistics; changing models, not frozen population estimates",/tmp/p01-d1-20260919-1irHPs/artifacts/d1_pu_20260919/diagnostics/MLP16_all/seed_42/training_responses.csv
MLP16_all,42,diagnostic,response,2,,,delta_v_squared_norm,,squared probability L2 norm,2.9641372630828665e-07,9.576009318834622e-08,1000,0,1000,recorded,relative,correction,"equal-weight summaries of recorded source-training batch statistics; changing models, not frozen population estimates",/tmp/p01-d1-20260919-1irHPs/artifacts/d1_pu_20260919/diagnostics/MLP16_all/seed_42/training_responses.csv
MLP16_all,42,diagnostic,response,2,,,delta_p0_mean_vector,0,signed probability; frozen class-order index,-1.2498858268372714e-09,-1.6698322724550962e-09,1000,0,1000,recorded,relative,correction,"equal-weight summaries of recorded source-training batch statistics; changing models, not frozen population estimates",/tmp/p01-d1-20260919-1irHPs/artifacts/d1_pu_20260919/diagnostics/MLP16_all/seed_42/training_responses.csv
MLP16_all,42,diagnostic,response,2,,,delta_p0_mean_vector,1,signed probability; frozen class-order index,-1.4118850231170654e-09,0.0,1000,0,1000,recorded,relative,correction,"equal-weight summaries of recorded source-training batch statistics; changing models, not frozen population estimates",/tmp/p01-d1-20260919-1irHPs/artifacts/d1_pu_20260919/diagnostics/MLP16_all/seed_42/training_responses.csv
MLP16_all,42,diagnostic,response,2,,,delta_p0_mean_vector,2,signed probability; frozen class-order index,2.380460500717163e-09,0.0,1000,0,1000,recorded,relative,correction,"equal-weight summaries of recorded source-training batch statistics; changing models, not frozen population estimates",/tmp/p01-d1-20260919-1irHPs/artifacts/d1_pu_20260919/diagnostics/MLP16_all/seed_42/training_responses.csv
MLP16_all,42,diagnostic,response,2,,,delta_q_mean_vector,0,signed probability; frozen class-order index,-1.0828906670212745e-06,-5.122274160385132e-07,1000,0,1000,recorded,relative,correction,"equal-weight summaries of recorded source-training batch statistics; changing models, not frozen population estimates",/tmp/p01-d1-20260919-1irHPs/artifacts/d1_pu_20260919/diagnostics/MLP16_all/seed_42/training_responses.csv
MLP16_all,42,diagnostic,response,2,,,delta_q_mean_vector,1,signed probability; frozen class-order index,7.518976926803589e-07,-4.1350722312927246e-07,1000,0,1000,recorded,relative,correction,"equal-weight summaries of recorded source-training batch statistics; changing models, not frozen population estimates",/tmp/p01-d1-20260919-1irHPs/artifacts/d1_pu_20260919/diagnostics/MLP16_all/seed_42/training_responses.csv
MLP16_all,42,diagnostic,response,2,,,delta_q_mean_vector,2,signed probability; frozen class-order index,3.3204630017280577e-07,-5.029141902923584e-07,1000,0,1000,recorded,relative,correction,"equal-weight summaries of recorded source-training batch statistics; changing models, not frozen population estimates",/tmp/p01-d1-20260919-1irHPs/artifacts/d1_pu_20260919/diagnostics/MLP16_all/seed_42/training_responses.csv
MLP16_all,42,diagnostic,response,2,,,delta_v_mean_vector,0,signed probability; frozen class-order index,-1.0816761059686542e-06,-4.544854164123535e-07,1000,0,1000,recorded,relative,correction,"equal-weight summaries of recorded source-training batch statistics; changing models, not frozen population estimates",/tmp/p01-d1-20260919-1irHPs/artifacts/d1_pu_20260919/diagnostics/MLP16_all/seed_42/training_responses.csv
MLP16_all,42,diagnostic,response,2,,,delta_v_mean_vector,1,signed probability; frozen class-order index,7.532835006713867e-07,-4.023313522338867e-07,1000,0,1000,recorded,relative,correction,"equal-weight summaries of recorded source-training batch statistics; changing models, not frozen population estimates",/tmp/p01-d1-20260919-1irHPs/artifacts/d1_pu_20260919/diagnostics/MLP16_all/seed_42/training_responses.csv
MLP16_all,42,diagnostic,response,2,,,delta_v_mean_vector,2,signed probability; frozen class-order index,3.296658396720886e-07,-5.252659320831299e-07,1000,0,1000,recorded,relative,correction,"equal-weight summaries of recorded source-training batch statistics; changing models, not frozen population estimates",/tmp/p01-d1-20260919-1irHPs/artifacts/d1_pu_20260919/diagnostics/MLP16_all/seed_42/training_responses.csv
MLP16_all,42,diagnostic,response,3,,,A,,squared probability L2 norm,0.08444608622253873,0.07599607482552528,1000,0,1000,recorded,relative,correction,"equal-weight summaries of recorded source-training batch statistics; changing models, not frozen population estimates",/tmp/p01-d1-20260919-1irHPs/artifacts/d1_pu_20260919/diagnostics/MLP16_all/seed_42/training_responses.csv
MLP16_all,42,diagnostic,response,3,,,b,,probability inner product,0.006819151150994003,0.00969620794057846,1000,0,1000,recorded,relative,correction,"equal-weight summaries of recorded source-training batch statistics; changing models, not frozen population estimates",/tmp/p01-d1-20260919-1irHPs/artifacts/d1_pu_20260919/diagnostics/MLP16_all/seed_42/training_responses.csv
MLP16_all,42,diagnostic,response,3,,,sqrt_A,,probability L2 norm,0.27871493928507446,0.27567384492995506,1000,0,1000,recorded,relative,correction,"equal-weight summaries of recorded source-training batch statistics; changing models, not frozen population estimates",/tmp/p01-d1-20260919-1irHPs/artifacts/d1_pu_20260919/diagnostics/MLP16_all/seed_42/training_responses.csv
MLP16_all,42,diagnostic,response,3,,,b_over_sqrt_A,,signed probability direction; undefined when A=0,0.06236143559797184,0.039321805401360516,1000,0,1000,recorded,relative,correction,"equal-weight summaries of recorded source-training batch statistics; changing models, not frozen population estimates",/tmp/p01-d1-20260919-1irHPs/artifacts/d1_pu_20260919/diagnostics/MLP16_all/seed_42/training_responses.csv
MLP16_all,42,diagnostic,response,3,,,delta_p0_squared_norm,,squared probability L2 norm,8.8179166639129e-14,5.75251651868669e-14,1000,0,1000,recorded,relative,correction,"equal-weight summaries of recorded source-training batch statistics; changing models, not frozen population estimates",/tmp/p01-d1-20260919-1irHPs/artifacts/d1_pu_20260919/diagnostics/MLP16_all/seed_42/training_responses.csv
MLP16_all,42,diagnostic,response,3,,,delta_q_squared_norm,,squared probability L2 norm,2.5962955813002563e-07,7.990352912656817e-08,1000,0,1000,recorded,relative,correction,"equal-weight summaries of recorded source-training batch statistics; changing models, not frozen population estimates",/tmp/p01-d1-20260919-1irHPs/artifacts/d1_pu_20260919/diagnostics/MLP16_all/seed_42/training_responses.csv
MLP16_all,42,diagnostic,response,3,,,delta_v_squared_norm,,squared probability L2 norm,2.596301515429e-07,7.987568295675374e-08,1000,0,1000,recorded,relative,correction,"equal-weight summaries of recorded source-training batch statistics; changing models, not frozen population estimates",/tmp/p01-d1-20260919-1irHPs/artifacts/d1_pu_20260919/diagnostics/MLP16_all/seed_42/training_responses.csv
MLP16_all,42,diagnostic,response,3,,,delta_p0_mean_vector,0,signed probability; frozen class-order index,-1.0029383702203632e-08,-2.939486876130104e-09,1000,0,1000,recorded,relative,correction,"equal-weight summaries of recorded source-training batch statistics; changing models, not frozen population estimates",/tmp/p01-d1-20260919-1irHPs/artifacts/d1_pu_20260919/diagnostics/MLP16_all/seed_42/training_responses.csv
MLP16_all,42,diagnostic,response,3,,,delta_p0_mean_vector,1,signed probability; frozen class-order index,2.5033950805664064e-09,0.0,1000,0,1000,recorded,relative,correction,"equal-weight summaries of recorded source-training batch statistics; changing models, not frozen population estimates",/tmp/p01-d1-20260919-1irHPs/artifacts/d1_pu_20260919/diagnostics/MLP16_all/seed_42/training_responses.csv
MLP16_all,42,diagnostic,response,3,,,delta_p0_mean_vector,2,signed probability; frozen class-order index,8.255243301391602e-09,7.450580596923828e-09,1000,0,1000,recorded,relative,correction,"equal-weight summaries of recorded source-training batch statistics; changing models, not frozen population estimates",/tmp/p01-d1-20260919-1irHPs/artifacts/d1_pu_20260919/diagnostics/MLP16_all/seed_42/training_responses.csv
MLP16_all,42,diagnostic,response,3,,,delta_q_mean_vector,0,signed probability; frozen class-order index,-1.738693960942328e-05,-8.959323167800903e-06,1000,0,1000,recorded,relative,correction,"equal-weight summaries of recorded source-training batch statistics; changing models, not frozen population estimates",/tmp/p01-d1-20260919-1irHPs/artifacts/d1_pu_20260919/diagnostics/MLP16_all/seed_42/training_responses.csv
MLP16_all,42,diagnostic,response,3,,,delta_q_mean_vector,1,signed probability; frozen class-order index,1.5475139021873474e-05,5.345791578292847e-06,1000,0,1000,recorded,relative,correction,"equal-weight summaries of recorded source-training batch statistics; changing models, not frozen population estimates",/tmp/p01-d1-20260919-1irHPs/artifacts/d1_pu_20260919/diagnostics/MLP16_all/seed_42/training_responses.csv
MLP16_all,42,diagnostic,response,3,,,delta_q_mean_vector,2,signed probability; frozen class-order index,1.912705600261688e-06,2.7120113372802734e-06,1000,0,1000,recorded,relative,correction,"equal-weight summaries of recorded source-training batch statistics; changing models, not frozen population estimates",/tmp/p01-d1-20260919-1irHPs/artifacts/d1_pu_20260919/diagnostics/MLP16_all/seed_42/training_responses.csv
MLP16_all,42,diagnostic,response,3,,,delta_v_mean_vector,0,signed probability; frozen class-order index,-1.7377054784446954e-05,-8.950475603342056e-06,1000,0,1000,recorded,relative,correction,"equal-weight summaries of recorded source-training batch statistics; changing models, not frozen population estimates",/tmp/p01-d1-20260919-1irHPs/artifacts/d1_pu_20260919/diagnostics/MLP16_all/seed_42/training_responses.csv
MLP16_all,42,diagnostic,response,3,,,delta_v_mean_vector,1,signed probability; frozen class-order index,1.5472572296857833e-05,5.373731255531311e-06,1000,0,1000,recorded,relative,correction,"equal-weight summaries of recorded source-training batch statistics; changing models, not frozen population estimates",/tmp/p01-d1-20260919-1irHPs/artifacts/d1_pu_20260919/diagnostics/MLP16_all/seed_42/training_responses.csv
MLP16_all,42,diagnostic,response,3,,,delta_v_mean_vector,2,signed probability; frozen class-order index,1.9044503569602966e-06,2.687796950340271e-06,1000,0,1000,recorded,relative,correction,"equal-weight summaries of recorded source-training batch statistics; changing models, not frozen population estimates",/tmp/p01-d1-20260919-1irHPs/artifacts/d1_pu_20260919/diagnostics/MLP16_all/seed_42/training_responses.csv
MLP16_all,42,diagnostic,objective,,,,loss,,CE + beta Brier + weighted consistency,0.1872387579716742,0.1613943874835968,1000,0,1000,recorded,relative,correction,"equal-weight summaries of recorded source-training batch statistics; changing models, not frozen population estimates",/tmp/p01-d1-20260919-1irHPs/artifacts/d1_pu_20260919/diagnostics/MLP16_all/seed_42/training_batches.csv
MLP16_all,42,diagnostic,objective,,,,risk_objective,,CE + beta Brier,0.1872387579716742,0.1613943874835968,1000,0,1000,recorded,relative,correction,"equal-weight summaries of recorded source-training batch statistics; changing models, not frozen population estimates",/tmp/p01-d1-20260919-1irHPs/artifacts/d1_pu_20260919/diagnostics/MLP16_all/seed_42/training_batches.csv
MLP16_all,42,diagnostic,objective,,,,diagnostic_excess,,CE + beta Brier,0.1872387579716742,0.1613943874835968,1000,0,1000,recorded,relative,correction,"equal-weight summaries of recorded source-training batch statistics; changing models, not frozen population estimates",/tmp/p01-d1-20260919-1irHPs/artifacts/d1_pu_20260919/diagnostics/MLP16_all/seed_42/training_batches.csv
MLP16_all,42,diagnostic,objective,,,,max_source_excess,,CE + beta Brier,0.4797008894942701,0.47204624116420746,1000,0,1000,recorded,relative,correction,"equal-weight summaries of recorded source-training batch statistics; changing models, not frozen population estimates",/tmp/p01-d1-20260919-1irHPs/artifacts/d1_pu_20260919/diagnostics/MLP16_all/seed_42/training_batches.csv
MLP16_all,42,diagnostic,objective,,,,source_envelope,,CE + beta Brier,0.5877855907380581,0.5719511210918427,1000,0,1000,recorded,relative,correction,"equal-weight summaries of recorded source-training batch statistics; changing models, not frozen population estimates",/tmp/p01-d1-20260919-1irHPs/artifacts/d1_pu_20260919/diagnostics/MLP16_all/seed_42/training_batches.csv
MLP16_all,42,diagnostic,objective,,,,correction_consistency,,unweighted squared probability L2 norm,2.6980266529945524e-07,1.1753595430263886e-07,1000,0,1000,recorded,relative,correction,"equal-weight summaries of recorded source-training batch statistics; changing models, not frozen population estimates",/tmp/p01-d1-20260919-1irHPs/artifacts/d1_pu_20260919/diagnostics/MLP16_all/seed_42/training_batches.csv
MLP16_all,42,diagnostic,objective,,,,candidate_output_consistency,,unweighted squared probability L2 norm,2.6980245773975534e-07,1.1748915440534802e-07,1000,0,1000,recorded,relative,correction,"equal-weight summaries of recorded source-training batch statistics; changing models, not frozen population estimates",/tmp/p01-d1-20260919-1irHPs/artifacts/d1_pu_20260919/diagnostics/MLP16_all/seed_42/training_batches.csv
MLP16_all,42,diagnostic,objective,,,,reference_output_consistency,,squared probability L2 norm,8.553051257439845e-14,7.071763218958506e-14,1000,0,1000,recorded,relative,correction,"equal-weight summaries of recorded source-training batch statistics; changing models, not frozen population estimates",/tmp/p01-d1-20260919-1irHPs/artifacts/d1_pu_20260919/diagnostics/MLP16_all/seed_42/training_batches.csv
MLP16_all,42,diagnostic,objective,,,,pair_penalty,,selected unweighted squared probability L2 norm,2.6980266529945524e-07,1.1753595430263886e-07,1000,0,1000,recorded,relative,correction,"equal-weight summaries of recorded source-training batch statistics; changing models, not frozen population estimates",/tmp/p01-d1-20260919-1irHPs/artifacts/d1_pu_20260919/diagnostics/MLP16_all/seed_42/training_batches.csv
MLP32,42,diagnostic,domain_risk,0,,,candidate_risk,,CE + beta Brier,1.1182447860240936,1.092978596687317,1000,0,1000,recorded,relative,correction,"equal-weight summaries of recorded source-training batch statistics; changing models, not frozen population estimates",/tmp/p01-d1-20260919-1irHPs/artifacts/d1_pu_20260919/diagnostics/MLP32/seed_42/training_domains.csv
MLP32,42,diagnostic,domain_risk,0,,,reference_risk,,CE + beta Brier,0.8953840225636959,0.8944948315620422,1000,0,1000,recorded,relative,correction,"equal-weight summaries of recorded source-training batch statistics; changing models, not frozen population estimates",/tmp/p01-d1-20260919-1irHPs/artifacts/d1_pu_20260919/diagnostics/MLP32/seed_42/training_domains.csv
MLP32,42,diagnostic,domain_risk,0,,,excess,,CE + beta Brier,0.22286076200380922,0.1994226723909378,1000,0,1000,recorded,relative,correction,"equal-weight summaries of recorded source-training batch statistics; changing models, not frozen population estimates",/tmp/p01-d1-20260919-1irHPs/artifacts/d1_pu_20260919/diagnostics/MLP32/seed_42/training_domains.csv
MLP32,42,diagnostic,domain_risk,0,,,weight,,dimensionless,0.3333333432674408,0.3333333432674408,1000,0,1000,recorded,relative,correction,"equal-weight summaries of recorded source-training batch statistics; changing models, not frozen population estimates",/tmp/p01-d1-20260919-1irHPs/artifacts/d1_pu_20260919/diagnostics/MLP32/seed_42/training_domains.csv
MLP32,42,diagnostic,domain_risk,2,,,candidate_risk,,CE + beta Brier,1.1307637155056,1.1067978739738464,1000,0,1000,recorded,relative,correction,"equal-weight summaries of recorded source-training batch statistics; changing models, not frozen population estimates",/tmp/p01-d1-20260919-1irHPs/artifacts/d1_pu_20260919/diagnostics/MLP32/seed_42/training_domains.csv
MLP32,42,diagnostic,domain_risk,2,,,reference_risk,,CE + beta Brier,0.9028331097364426,0.8912161290645599,1000,0,1000,recorded,relative,correction,"equal-weight summaries of recorded source-training batch statistics; changing models, not frozen population estimates",/tmp/p01-d1-20260919-1irHPs/artifacts/d1_pu_20260919/diagnostics/MLP32/seed_42/training_domains.csv
MLP32,42,diagnostic,domain_risk,2,,,excess,,CE + beta Brier,0.22793060709536075,0.22523321956396103,1000,0,1000,recorded,relative,correction,"equal-weight summaries of recorded source-training batch statistics; changing models, not frozen population estimates",/tmp/p01-d1-20260919-1irHPs/artifacts/d1_pu_20260919/diagnostics/MLP32/seed_42/training_domains.csv
MLP32,42,diagnostic,domain_risk,2,,,weight,,dimensionless,0.3333333432674408,0.3333333432674408,1000,0,1000,recorded,relative,correction,"equal-weight summaries of recorded source-training batch statistics; changing models, not frozen population estimates",/tmp/p01-d1-20260919-1irHPs/artifacts/d1_pu_20260919/diagnostics/MLP32/seed_42/training_domains.csv
MLP32,42,diagnostic,domain_risk,3,,,candidate_risk,,CE + beta Brier,1.1355089603066444,1.1202598214149475,1000,0,1000,recorded,relative,correction,"equal-weight summaries of recorded source-training batch statistics; changing models, not frozen population estimates",/tmp/p01-d1-20260919-1irHPs/artifacts/d1_pu_20260919/diagnostics/MLP32/seed_42/training_domains.csv
MLP32,42,diagnostic,domain_risk,3,,,reference_risk,,CE + beta Brier,0.9222612332701683,0.8979472815990448,1000,0,1000,recorded,relative,correction,"equal-weight summaries of recorded source-training batch statistics; changing models, not frozen population estimates",/tmp/p01-d1-20260919-1irHPs/artifacts/d1_pu_20260919/diagnostics/MLP32/seed_42/training_domains.csv
MLP32,42,diagnostic,domain_risk,3,,,excess,,CE + beta Brier,0.21324772637337447,0.18231820315122604,1000,0,1000,recorded,relative,correction,"equal-weight summaries of recorded source-training batch statistics; changing models, not frozen population estimates",/tmp/p01-d1-20260919-1irHPs/artifacts/d1_pu_20260919/diagnostics/MLP32/seed_42/training_domains.csv
MLP32,42,diagnostic,domain_risk,3,,,weight,,dimensionless,0.3333333432674408,0.3333333432674408,1000,0,1000,recorded,relative,correction,"equal-weight summaries of recorded source-training batch statistics; changing models, not frozen population estimates",/tmp/p01-d1-20260919-1irHPs/artifacts/d1_pu_20260919/diagnostics/MLP32/seed_42/training_domains.csv
MLP32,42,diagnostic,reference_prior,,0,2,reference_risk_difference_over_rho,,dimensionless (c_i-c_j)/rho,-0.029796348690986633,-0.0015954971313476562,1000,0,1000,recorded,relative,correction,"equal-weight summaries of recorded source-training batch statistics; changing models, not frozen population estimates",/tmp/p01-d1-20260919-1irHPs/artifacts/d1_pu_20260919/diagnostics/MLP32/seed_42/training_reference_prior.csv
MLP32,42,diagnostic,reference_prior,,0,3,reference_risk_difference_over_rho,,dimensionless (c_i-c_j)/rho,-0.10750884282588959,-0.06258046627044678,1000,0,1000,recorded,relative,correction,"equal-weight summaries of recorded source-training batch statistics; changing models, not frozen population estimates",/tmp/p01-d1-20260919-1irHPs/artifacts/d1_pu_20260919/diagnostics/MLP32/seed_42/training_reference_prior.csv
MLP32,42,diagnostic,reference_prior,,2,3,reference_risk_difference_over_rho,,dimensionless (c_i-c_j)/rho,-0.07771249413490296,-0.056083083152770996,1000,0,1000,recorded,relative,correction,"equal-weight summaries of recorded source-training batch statistics; changing models, not frozen population estimates",/tmp/p01-d1-20260919-1irHPs/artifacts/d1_pu_20260919/diagnostics/MLP32/seed_42/training_reference_prior.csv
MLP32,42,diagnostic,response,0,,,A,,squared probability L2 norm,0.08136780415009708,0.07507819682359695,1000,0,1000,recorded,relative,correction,"equal-weight summaries of recorded source-training batch statistics; changing models, not frozen population estimates",/tmp/p01-d1-20260919-1irHPs/artifacts/d1_pu_20260919/diagnostics/MLP32/seed_42/training_responses.csv
MLP32,42,diagnostic,response,0,,,b,,probability inner product,-0.012574423592537642,0.0010682642459869385,1000,0,1000,recorded,relative,correction,"equal-weight summaries of recorded source-training batch statistics; changing models, not frozen population estimates",/tmp/p01-d1-20260919-1irHPs/artifacts/d1_pu_20260919/diagnostics/MLP32/seed_42/training_responses.csv
MLP32,42,diagnostic,response,0,,,sqrt_A,,probability L2 norm,0.2784400905679886,0.2740036082973061,1000,0,1000,recorded,relative,correction,"equal-weight summaries of recorded source-training batch statistics; changing models, not frozen population estimates",/tmp/p01-d1-20260919-1irHPs/artifacts/d1_pu_20260919/diagnostics/MLP32/seed_42/training_responses.csv
MLP32,42,diagnostic,response,0,,,b_over_sqrt_A,,signed probability direction; undefined when A=0,-0.02702064276879668,0.0039328337440398264,1000,0,1000,recorded,relative,correction,"equal-weight summaries of recorded source-training batch statistics; changing models, not frozen population estimates",/tmp/p01-d1-20260919-1irHPs/artifacts/d1_pu_20260919/diagnostics/MLP32/seed_42/training_responses.csv
MLP32,42,diagnostic,response,0,,,delta_p0_squared_norm,,squared probability L2 norm,7.673261025556929e-14,5.007420259689477e-14,1000,0,1000,recorded,relative,correction,"equal-weight summaries of recorded source-training batch statistics; changing models, not frozen population estimates",/tmp/p01-d1-20260919-1irHPs/artifacts/d1_pu_20260919/diagnostics/MLP32/seed_42/training_responses.csv
MLP32,42,diagnostic,response,0,,,delta_q_squared_norm,,squared probability L2 norm,1.3103094997912734e-15,9.992007221626409e-16,1000,0,1000,recorded,relative,correction,"equal-weight summaries of recorded source-training batch statistics; changing models, not frozen population estimates",/tmp/p01-d1-20260919-1irHPs/artifacts/d1_pu_20260919/diagnostics/MLP32/seed_42/training_responses.csv
MLP32,42,diagnostic,response,0,,,delta_v_squared_norm,,squared probability L2 norm,7.239828701821605e-14,4.841960166146464e-14,1000,0,1000,recorded,relative,correction,"equal-weight summaries of recorded source-training batch statistics; changing models, not frozen population estimates",/tmp/p01-d1-20260919-1irHPs/artifacts/d1_pu_20260919/diagnostics/MLP32/seed_42/training_responses.csv
MLP32,42,diagnostic,response,0,,,delta_p0_mean_vector,0,signed probability; frozen class-order index,4.395297310111346e-09,2.546585164964199e-09,1000,0,1000,recorded,relative,correction,"equal-weight summaries of recorded source-training batch statistics; changing models, not frozen population estimates",/tmp/p01-d1-20260919-1irHPs/artifacts/d1_pu_20260919/diagnostics/MLP32/seed_42/training_responses.csv
MLP32,42,diagnostic,response,0,,,delta_p0_mean_vector,1,signed probability; frozen class-order index,-1.3206154108047485e-09,0.0,1000,0,1000,recorded,relative,correction,"equal-weight summaries of recorded source-training batch statistics; changing models, not frozen population estimates",/tmp/p01-d1-20260919-1irHPs/artifacts/d1_pu_20260919/diagnostics/MLP32/seed_42/training_responses.csv
MLP32,42,diagnostic,response,0,,,delta_p0_mean_vector,2,signed probability; frozen class-order index,1.5795230865478515e-09,0.0,1000,0,1000,recorded,relative,correction,"equal-weight summaries of recorded source-training batch statistics; changing models, not frozen population estimates",/tmp/p01-d1-20260919-1irHPs/artifacts/d1_pu_20260919/diagnostics/MLP32/seed_42/training_responses.csv
MLP32,42,diagnostic,response,0,,,delta_q_mean_vector,0,signed probability; frozen class-order index,4.3958425521850584e-10,0.0,1000,0,1000,recorded,relative,correction,"equal-weight summaries of recorded source-training batch statistics; changing models, not frozen population estimates",/tmp/p01-d1-20260919-1irHPs/artifacts/d1_pu_20260919/diagnostics/MLP32/seed_42/training_responses.csv
MLP32,42,diagnostic,response,0,,,delta_q_mean_vector,1,signed probability; frozen class-order index,-6.258487701416016e-10,0.0,1000,0,1000,recorded,relative,correction,"equal-weight summaries of recorded source-training batch statistics; changing models, not frozen population estimates",/tmp/p01-d1-20260919-1irHPs/artifacts/d1_pu_20260919/diagnostics/MLP32/seed_42/training_responses.csv
MLP32,42,diagnostic,response,0,,,delta_q_mean_vector,2,signed probability; frozen class-order index,-3.650784492492676e-10,0.0,1000,0,1000,recorded,relative,correction,"equal-weight summaries of recorded source-training batch statistics; changing models, not frozen population estimates",/tmp/p01-d1-20260919-1irHPs/artifacts/d1_pu_20260919/diagnostics/MLP32/seed_42/training_responses.csv
MLP32,42,diagnostic,response,0,,,delta_v_mean_vector,0,signed probability; frozen class-order index,-4.126690328121185e-09,-3.725290298461914e-09,1000,0,1000,recorded,relative,correction,"equal-weight summaries of recorded source-training batch statistics; changing models, not frozen population estimates",/tmp/p01-d1-20260919-1irHPs/artifacts/d1_pu_20260919/diagnostics/MLP32/seed_42/training_responses.csv
MLP32,42,diagnostic,response,0,,,delta_v_mean_vector,1,signed probability; frozen class-order index,6.92903995513916e-10,0.0,1000,0,1000,recorded,relative,correction,"equal-weight summaries of recorded source-training batch statistics; changing models, not frozen population estimates",/tmp/p01-d1-20260919-1irHPs/artifacts/d1_pu_20260919/diagnostics/MLP32/seed_42/training_responses.csv
MLP32,42,diagnostic,response,0,,,delta_v_mean_vector,2,signed probability; frozen class-order index,-1.9446015357971192e-09,0.0,1000,0,1000,recorded,relative,correction,"equal-weight summaries of recorded source-training batch statistics; changing models, not frozen population estimates",/tmp/p01-d1-20260919-1irHPs/artifacts/d1_pu_20260919/diagnostics/MLP32/seed_42/training_responses.csv
MLP32,42,diagnostic,response,2,,,A,,squared probability L2 norm,0.08210128572303801,0.07441870868206024,1000,0,1000,recorded,relative,correction,"equal-weight summaries of recorded source-training batch statistics; changing models, not frozen population estimates",/tmp/p01-d1-20260919-1irHPs/artifacts/d1_pu_20260919/diagnostics/MLP32/seed_42/training_responses.csv
MLP32,42,diagnostic,response,2,,,b,,probability inner product,-0.014346889872103929,-0.01107509434223175,1000,0,1000,recorded,relative,correction,"equal-weight summaries of recorded source-training batch statistics; changing models, not frozen population estimates",/tmp/p01-d1-20260919-1irHPs/artifacts/d1_pu_20260919/diagnostics/MLP32/seed_42/training_responses.csv
MLP32,42,diagnostic,response,2,,,sqrt_A,,probability L2 norm,0.2795137880169483,0.27279792245503076,1000,0,1000,recorded,relative,correction,"equal-weight summaries of recorded source-training batch statistics; changing models, not frozen population estimates",/tmp/p01-d1-20260919-1irHPs/artifacts/d1_pu_20260919/diagnostics/MLP32/seed_42/training_responses.csv
MLP32,42,diagnostic,response,2,,,b_over_sqrt_A,,signed probability direction; undefined when A=0,-0.03184560638242105,-0.035475469525821354,1000,0,1000,recorded,relative,correction,"equal-weight summaries of recorded source-training batch statistics; changing models, not frozen population estimates",/tmp/p01-d1-20260919-1irHPs/artifacts/d1_pu_20260919/diagnostics/MLP32/seed_42/training_responses.csv
MLP32,42,diagnostic,response,2,,,delta_p0_squared_norm,,squared probability L2 norm,9.167975429702602e-14,5.964684380633557e-14,1000,0,1000,recorded,relative,correction,"equal-weight summaries of recorded source-training batch statistics; changing models, not frozen population estimates",/tmp/p01-d1-20260919-1irHPs/artifacts/d1_pu_20260919/diagnostics/MLP32/seed_42/training_responses.csv
MLP32,42,diagnostic,response,2,,,delta_q_squared_norm,,squared probability L2 norm,1.401884684726351e-15,1.124100812432971e-15,1000,0,1000,recorded,relative,correction,"equal-weight summaries of recorded source-training batch statistics; changing models, not frozen population estimates",/tmp/p01-d1-20260919-1irHPs/artifacts/d1_pu_20260919/diagnostics/MLP32/seed_42/training_responses.csv
MLP32,42,diagnostic,response,2,,,delta_v_squared_norm,,squared probability L2 norm,8.615368748271512e-14,5.589972928987663e-14,1000,0,1000,recorded,relative,correction,"equal-weight summaries of recorded source-training batch statistics; changing models, not frozen population estimates",/tmp/p01-d1-20260919-1irHPs/artifacts/d1_pu_20260919/diagnostics/MLP32/seed_42/training_responses.csv
MLP32,42,diagnostic,response,2,,,delta_p0_mean_vector,0,signed probability; frozen class-order index,-1.2498858268372714e-09,-1.6698322724550962e-09,1000,0,1000,recorded,relative,correction,"equal-weight summaries of recorded source-training batch statistics; changing models, not frozen population estimates",/tmp/p01-d1-20260919-1irHPs/artifacts/d1_pu_20260919/diagnostics/MLP32/seed_42/training_responses.csv
MLP32,42,diagnostic,response,2,,,delta_p0_mean_vector,1,signed probability; frozen class-order index,-1.4118850231170654e-09,0.0,1000,0,1000,recorded,relative,correction,"equal-weight summaries of recorded source-training batch statistics; changing models, not frozen population estimates",/tmp/p01-d1-20260919-1irHPs/artifacts/d1_pu_20260919/diagnostics/MLP32/seed_42/training_responses.csv
MLP32,42,diagnostic,response,2,,,delta_p0_mean_vector,2,signed probability; frozen class-order index,2.380460500717163e-09,0.0,1000,0,1000,recorded,relative,correction,"equal-weight summaries of recorded source-training batch statistics; changing models, not frozen population estimates",/tmp/p01-d1-20260919-1irHPs/artifacts/d1_pu_20260919/diagnostics/MLP32/seed_42/training_responses.csv
MLP32,42,diagnostic,response,2,,,delta_q_mean_vector,0,signed probability; frozen class-order index,-3.906898200511932e-10,0.0,1000,0,1000,recorded,relative,correction,"equal-weight summaries of recorded source-training batch statistics; changing models, not frozen population estimates",/tmp/p01-d1-20260919-1irHPs/artifacts/d1_pu_20260919/diagnostics/MLP32/seed_42/training_responses.csv
MLP32,42,diagnostic,response,2,,,delta_q_mean_vector,1,signed probability; frozen class-order index,1.266598701477051e-10,0.0,1000,0,1000,recorded,relative,correction,"equal-weight summaries of recorded source-training batch statistics; changing models, not frozen population estimates",/tmp/p01-d1-20260919-1irHPs/artifacts/d1_pu_20260919/diagnostics/MLP32/seed_42/training_responses.csv
MLP32,42,diagnostic,response,2,,,delta_q_mean_vector,2,signed probability; frozen class-order index,2.7567148208618163e-10,0.0,1000,0,1000,recorded,relative,correction,"equal-weight summaries of recorded source-training batch statistics; changing models, not frozen population estimates",/tmp/p01-d1-20260919-1irHPs/artifacts/d1_pu_20260919/diagnostics/MLP32/seed_42/training_responses.csv
MLP32,42,diagnostic,response,2,,,delta_v_mean_vector,0,signed probability; frozen class-order index,8.489005267620086e-10,1.862645149230957e-09,1000,0,1000,recorded,relative,correction,"equal-weight summaries of recorded source-training batch statistics; changing models, not frozen population estimates",/tmp/p01-d1-20260919-1irHPs/artifacts/d1_pu_20260919/diagnostics/MLP32/seed_42/training_responses.csv
MLP32,42,diagnostic,response,2,,,delta_v_mean_vector,1,signed probability; frozen class-order index,1.55717134475708e-09,0.0,1000,0,1000,recorded,relative,correction,"equal-weight summaries of recorded source-training batch statistics; changing models, not frozen population estimates",/tmp/p01-d1-20260919-1irHPs/artifacts/d1_pu_20260919/diagnostics/MLP32/seed_42/training_responses.csv
MLP32,42,diagnostic,response,2,,,delta_v_mean_vector,2,signed probability; frozen class-order index,-2.1047890186309812e-09,0.0,1000,0,1000,recorded,relative,correction,"equal-weight summaries of recorded source-training batch statistics; changing models, not frozen population estimates",/tmp/p01-d1-20260919-1irHPs/artifacts/d1_pu_20260919/diagnostics/MLP32/seed_42/training_responses.csv
MLP32,42,diagnostic,response,3,,,A,,squared probability L2 norm,0.08352830810309388,0.07729892060160637,1000,0,1000,recorded,relative,correction,"equal-weight summaries of recorded source-training batch statistics; changing models, not frozen population estimates",/tmp/p01-d1-20260919-1irHPs/artifacts/d1_pu_20260919/diagnostics/MLP32/seed_42/training_responses.csv
MLP32,42,diagnostic,response,3,,,b,,probability inner product,-0.009895764611661435,-0.0020031332969665527,1000,0,1000,recorded,relative,correction,"equal-weight summaries of recorded source-training batch statistics; changing models, not frozen population estimates",/tmp/p01-d1-20260919-1irHPs/artifacts/d1_pu_20260919/diagnostics/MLP32/seed_42/training_responses.csv
MLP32,42,diagnostic,response,3,,,sqrt_A,,probability L2 norm,0.28252941625992933,0.27802669326524004,1000,0,1000,recorded,relative,correction,"equal-weight summaries of recorded source-training batch statistics; changing models, not frozen population estimates",/tmp/p01-d1-20260919-1irHPs/artifacts/d1_pu_20260919/diagnostics/MLP32/seed_42/training_responses.csv
MLP32,42,diagnostic,response,3,,,b_over_sqrt_A,,signed probability direction; undefined when A=0,-0.015736867930848778,-0.006834438537168228,1000,0,1000,recorded,relative,correction,"equal-weight summaries of recorded source-training batch statistics; changing models, not frozen population estimates",/tmp/p01-d1-20260919-1irHPs/artifacts/d1_pu_20260919/diagnostics/MLP32/seed_42/training_responses.csv
MLP32,42,diagnostic,response,3,,,delta_p0_squared_norm,,squared probability L2 norm,8.8179166639129e-14,5.75251651868669e-14,1000,0,1000,recorded,relative,correction,"equal-weight summaries of recorded source-training batch statistics; changing models, not frozen population estimates",/tmp/p01-d1-20260919-1irHPs/artifacts/d1_pu_20260919/diagnostics/MLP32/seed_42/training_responses.csv
MLP32,42,diagnostic,response,3,,,delta_q_squared_norm,,squared probability L2 norm,1.3966362788497832e-15,1.1102230246251565e-15,1000,0,1000,recorded,relative,correction,"equal-weight summaries of recorded source-training batch statistics; changing models, not frozen population estimates",/tmp/p01-d1-20260919-1irHPs/artifacts/d1_pu_20260919/diagnostics/MLP32/seed_42/training_responses.csv
MLP32,42,diagnostic,response,3,,,delta_v_squared_norm,,squared probability L2 norm,8.297154283076758e-14,5.512257317263902e-14,1000,0,1000,recorded,relative,correction,"equal-weight summaries of recorded source-training batch statistics; changing models, not frozen population estimates",/tmp/p01-d1-20260919-1irHPs/artifacts/d1_pu_20260919/diagnostics/MLP32/seed_42/training_responses.csv
MLP32,42,diagnostic,response,3,,,delta_p0_mean_vector,0,signed probability; frozen class-order index,-1.0029383702203632e-08,-2.939486876130104e-09,1000,0,1000,recorded,relative,correction,"equal-weight summaries of recorded source-training batch statistics; changing models, not frozen population estimates",/tmp/p01-d1-20260919-1irHPs/artifacts/d1_pu_20260919/diagnostics/MLP32/seed_42/training_responses.csv
MLP32,42,diagnostic,response,3,,,delta_p0_mean_vector,1,signed probability; frozen class-order index,2.5033950805664064e-09,0.0,1000,0,1000,recorded,relative,correction,"equal-weight summaries of recorded source-training batch statistics; changing models, not frozen population estimates",/tmp/p01-d1-20260919-1irHPs/artifacts/d1_pu_20260919/diagnostics/MLP32/seed_42/training_responses.csv
MLP32,42,diagnostic,response,3,,,delta_p0_mean_vector,2,signed probability; frozen class-order index,8.255243301391602e-09,7.450580596923828e-09,1000,0,1000,recorded,relative,correction,"equal-weight summaries of recorded source-training batch statistics; changing models, not frozen population estimates",/tmp/p01-d1-20260919-1irHPs/artifacts/d1_pu_20260919/diagnostics/MLP32/seed_42/training_responses.csv
MLP32,42,diagnostic,response,3,,,delta_q_mean_vector,0,signed probability; frozen class-order index,-6.137415766716004e-10,0.0,1000,0,1000,recorded,relative,correction,"equal-weight summaries of recorded source-training batch statistics; changing models, not frozen population estimates",/tmp/p01-d1-20260919-1irHPs/artifacts/d1_pu_20260919/diagnostics/MLP32/seed_42/training_responses.csv
MLP32,42,diagnostic,response,3,,,delta_q_mean_vector,1,signed probability; frozen class-order index,7.37607479095459e-10,0.0,1000,0,1000,recorded,relative,correction,"equal-weight summaries of recorded source-training batch statistics; changing models, not frozen population estimates",/tmp/p01-d1-20260919-1irHPs/artifacts/d1_pu_20260919/diagnostics/MLP32/seed_42/training_responses.csv
MLP32,42,diagnostic,response,3,,,delta_q_mean_vector,2,signed probability; frozen class-order index,3.501772880554199e-10,0.0,1000,0,1000,recorded,relative,correction,"equal-weight summaries of recorded source-training batch statistics; changing models, not frozen population estimates",/tmp/p01-d1-20260919-1irHPs/artifacts/d1_pu_20260919/diagnostics/MLP32/seed_42/training_responses.csv
MLP32,42,diagnostic,response,3,,,delta_v_mean_vector,0,signed probability; frozen class-order index,9.310431778430939e-09,3.725290298461914e-09,1000,0,1000,recorded,relative,correction,"equal-weight summaries of recorded source-training batch statistics; changing models, not frozen population estimates",/tmp/p01-d1-20260919-1irHPs/artifacts/d1_pu_20260919/diagnostics/MLP32/seed_42/training_responses.csv
MLP32,42,diagnostic,response,3,,,delta_v_mean_vector,1,signed probability; frozen class-order index,-1.7918646335601806e-09,0.0,1000,0,1000,recorded,relative,correction,"equal-weight summaries of recorded source-training batch statistics; changing models, not frozen population estimates",/tmp/p01-d1-20260919-1irHPs/artifacts/d1_pu_20260919/diagnostics/MLP32/seed_42/training_responses.csv
MLP32,42,diagnostic,response,3,,,delta_v_mean_vector,2,signed probability; frozen class-order index,-7.905066013336181e-09,-7.450580596923828e-09,1000,0,1000,recorded,relative,correction,"equal-weight summaries of recorded source-training batch statistics; changing models, not frozen population estimates",/tmp/p01-d1-20260919-1irHPs/artifacts/d1_pu_20260919/diagnostics/MLP32/seed_42/training_responses.csv
MLP32,42,diagnostic,objective,,,,loss,,CE + beta Brier + weighted consistency,0.22134637147083414,0.20450005680322647,1000,0,1000,recorded,relative,correction,"equal-weight summaries of recorded source-training batch statistics; changing models, not frozen population estimates",/tmp/p01-d1-20260919-1irHPs/artifacts/d1_pu_20260919/diagnostics/MLP32/seed_42/training_batches.csv
MLP32,42,diagnostic,objective,,,,risk_objective,,CE + beta Brier,0.22134637147083414,0.20450005680322647,1000,0,1000,recorded,relative,correction,"equal-weight summaries of recorded source-training batch statistics; changing models, not frozen population estimates",/tmp/p01-d1-20260919-1irHPs/artifacts/d1_pu_20260919/diagnostics/MLP32/seed_42/training_batches.csv
MLP32,42,diagnostic,objective,,,,diagnostic_excess,,CE + beta Brier,0.22134637147083414,0.20450005680322647,1000,0,1000,recorded,relative,correction,"equal-weight summaries of recorded source-training batch statistics; changing models, not frozen population estimates",/tmp/p01-d1-20260919-1irHPs/artifacts/d1_pu_20260919/diagnostics/MLP32/seed_42/training_batches.csv
MLP32,42,diagnostic,objective,,,,max_source_excess,,CE + beta Brier,0.4866231541335583,0.49498017132282257,1000,0,1000,recorded,relative,correction,"equal-weight summaries of recorded source-training batch statistics; changing models, not frozen population estimates",/tmp/p01-d1-20260919-1irHPs/artifacts/d1_pu_20260919/diagnostics/MLP32/seed_42/training_batches.csv
MLP32,42,diagnostic,objective,,,,source_envelope,,CE + beta Brier,0.6027082864195108,0.6083669364452362,1000,0,1000,recorded,relative,correction,"equal-weight summaries of recorded source-training batch statistics; changing models, not frozen population estimates",/tmp/p01-d1-20260919-1irHPs/artifacts/d1_pu_20260919/diagnostics/MLP32/seed_42/training_batches.csv
MLP32,42,diagnostic,objective,,,,correction_consistency,,unweighted squared probability L2 norm,8.050784134249807e-14,6.792714651935976e-14,1000,0,1000,recorded,relative,correction,"equal-weight summaries of recorded source-training batch statistics; changing models, not frozen population estimates",/tmp/p01-d1-20260919-1irHPs/artifacts/d1_pu_20260919/diagnostics/MLP32/seed_42/training_batches.csv
MLP32,42,diagnostic,objective,,,,candidate_output_consistency,,unweighted squared probability L2 norm,1.3696101935677971e-15,1.2466879733617048e-15,1000,0,1000,recorded,relative,correction,"equal-weight summaries of recorded source-training batch statistics; changing models, not frozen population estimates",/tmp/p01-d1-20260919-1irHPs/artifacts/d1_pu_20260919/diagnostics/MLP32/seed_42/training_batches.csv
MLP32,42,diagnostic,objective,,,,reference_output_consistency,,squared probability L2 norm,8.553051257439845e-14,7.071763218958506e-14,1000,0,1000,recorded,relative,correction,"equal-weight summaries of recorded source-training batch statistics; changing models, not frozen population estimates",/tmp/p01-d1-20260919-1irHPs/artifacts/d1_pu_20260919/diagnostics/MLP32/seed_42/training_batches.csv
MLP32,42,diagnostic,objective,,,,pair_penalty,,selected unweighted squared probability L2 norm,8.050784134249807e-14,6.792714651935976e-14,1000,0,1000,recorded,relative,correction,"equal-weight summaries of recorded source-training batch statistics; changing models, not frozen population estimates",/tmp/p01-d1-20260919-1irHPs/artifacts/d1_pu_20260919/diagnostics/MLP32/seed_42/training_batches.csv
MLP8,42,diagnostic,domain_risk,0,,,candidate_risk,,CE + beta Brier,1.141779550731182,1.1058352589607239,1000,0,1000,recorded,relative,correction,"equal-weight summaries of recorded source-training batch statistics; changing models, not frozen population estimates",/tmp/p01-d1-20260919-1irHPs/artifacts/d1_pu_20260919/diagnostics/MLP8/seed_42/training_domains.csv
MLP8,42,diagnostic,domain_risk,0,,,reference_risk,,CE + beta Brier,0.8953840225636959,0.8944948315620422,1000,0,1000,recorded,relative,correction,"equal-weight summaries of recorded source-training batch statistics; changing models, not frozen population estimates",/tmp/p01-d1-20260919-1irHPs/artifacts/d1_pu_20260919/diagnostics/MLP8/seed_42/training_domains.csv
MLP8,42,diagnostic,domain_risk,0,,,excess,,CE + beta Brier,0.24639553192816674,0.22437943518161774,1000,0,1000,recorded,relative,correction,"equal-weight summaries of recorded source-training batch statistics; changing models, not frozen population estimates",/tmp/p01-d1-20260919-1irHPs/artifacts/d1_pu_20260919/diagnostics/MLP8/seed_42/training_domains.csv
MLP8,42,diagnostic,domain_risk,0,,,weight,,dimensionless,0.3333333432674408,0.3333333432674408,1000,0,1000,recorded,relative,correction,"equal-weight summaries of recorded source-training batch statistics; changing models, not frozen population estimates",/tmp/p01-d1-20260919-1irHPs/artifacts/d1_pu_20260919/diagnostics/MLP8/seed_42/training_domains.csv
MLP8,42,diagnostic,domain_risk,2,,,candidate_risk,,CE + beta Brier,1.153024298250675,1.1269664764404297,1000,0,1000,recorded,relative,correction,"equal-weight summaries of recorded source-training batch statistics; changing models, not frozen population estimates",/tmp/p01-d1-20260919-1irHPs/artifacts/d1_pu_20260919/diagnostics/MLP8/seed_42/training_domains.csv
MLP8,42,diagnostic,domain_risk,2,,,reference_risk,,CE + beta Brier,0.9028331097364426,0.8912161290645599,1000,0,1000,recorded,relative,correction,"equal-weight summaries of recorded source-training batch statistics; changing models, not frozen population estimates",/tmp/p01-d1-20260919-1irHPs/artifacts/d1_pu_20260919/diagnostics/MLP8/seed_42/training_domains.csv
MLP8,42,diagnostic,domain_risk,2,,,excess,,CE + beta Brier,0.250191193100065,0.23900090903043747,1000,0,1000,recorded,relative,correction,"equal-weight summaries of recorded source-training batch statistics; changing models, not frozen population estimates",/tmp/p01-d1-20260919-1irHPs/artifacts/d1_pu_20260919/diagnostics/MLP8/seed_42/training_domains.csv
MLP8,42,diagnostic,domain_risk,2,,,weight,,dimensionless,0.3333333432674408,0.3333333432674408,1000,0,1000,recorded,relative,correction,"equal-weight summaries of recorded source-training batch statistics; changing models, not frozen population estimates",/tmp/p01-d1-20260919-1irHPs/artifacts/d1_pu_20260919/diagnostics/MLP8/seed_42/training_domains.csv
MLP8,42,diagnostic,domain_risk,3,,,candidate_risk,,CE + beta Brier,1.1536469619870187,1.1190441846847534,1000,0,1000,recorded,relative,correction,"equal-weight summaries of recorded source-training batch statistics; changing models, not frozen population estimates",/tmp/p01-d1-20260919-1irHPs/artifacts/d1_pu_20260919/diagnostics/MLP8/seed_42/training_domains.csv
MLP8,42,diagnostic,domain_risk,3,,,reference_risk,,CE + beta Brier,0.9222612332701683,0.8979472815990448,1000,0,1000,recorded,relative,correction,"equal-weight summaries of recorded source-training batch statistics; changing models, not frozen population estimates",/tmp/p01-d1-20260919-1irHPs/artifacts/d1_pu_20260919/diagnostics/MLP8/seed_42/training_domains.csv
MLP8,42,diagnostic,domain_risk,3,,,excess,,CE + beta Brier,0.2313857288695872,0.20177920907735825,1000,0,1000,recorded,relative,correction,"equal-weight summaries of recorded source-training batch statistics; changing models, not frozen population estimates",/tmp/p01-d1-20260919-1irHPs/artifacts/d1_pu_20260919/diagnostics/MLP8/seed_42/training_domains.csv
MLP8,42,diagnostic,domain_risk,3,,,weight,,dimensionless,0.3333333432674408,0.3333333432674408,1000,0,1000,recorded,relative,correction,"equal-weight summaries of recorded source-training batch statistics; changing models, not frozen population estimates",/tmp/p01-d1-20260919-1irHPs/artifacts/d1_pu_20260919/diagnostics/MLP8/seed_42/training_domains.csv
MLP8,42,diagnostic,reference_prior,,0,2,reference_risk_difference_over_rho,,dimensionless (c_i-c_j)/rho,-0.029796348690986633,-0.0015954971313476562,1000,0,1000,recorded,relative,correction,"equal-weight summaries of recorded source-training batch statistics; changing models, not frozen population estimates",/tmp/p01-d1-20260919-1irHPs/artifacts/d1_pu_20260919/diagnostics/MLP8/seed_42/training_reference_prior.csv
MLP8,42,diagnostic,reference_prior,,0,3,reference_risk_difference_over_rho,,dimensionless (c_i-c_j)/rho,-0.10750884282588959,-0.06258046627044678,1000,0,1000,recorded,relative,correction,"equal-weight summaries of recorded source-training batch statistics; changing models, not frozen population estimates",/tmp/p01-d1-20260919-1irHPs/artifacts/d1_pu_20260919/diagnostics/MLP8/seed_42/training_reference_prior.csv
MLP8,42,diagnostic,reference_prior,,2,3,reference_risk_difference_over_rho,,dimensionless (c_i-c_j)/rho,-0.07771249413490296,-0.056083083152770996,1000,0,1000,recorded,relative,correction,"equal-weight summaries of recorded source-training batch statistics; changing models, not frozen population estimates",/tmp/p01-d1-20260919-1irHPs/artifacts/d1_pu_20260919/diagnostics/MLP8/seed_42/training_reference_prior.csv
MLP8,42,diagnostic,response,0,,,A,,squared probability L2 norm,0.09022691029682756,0.0833955705165863,1000,0,1000,recorded,relative,correction,"equal-weight summaries of recorded source-training batch statistics; changing models, not frozen population estimates",/tmp/p01-d1-20260919-1irHPs/artifacts/d1_pu_20260919/diagnostics/MLP8/seed_42/training_responses.csv
MLP8,42,diagnostic,response,0,,,b,,probability inner product,-0.014176477517932653,-0.002413187175989151,1000,0,1000,recorded,relative,correction,"equal-weight summaries of recorded source-training batch statistics; changing models, not frozen population estimates",/tmp/p01-d1-20260919-1irHPs/artifacts/d1_pu_20260919/diagnostics/MLP8/seed_42/training_responses.csv
MLP8,42,diagnostic,response,0,,,sqrt_A,,probability L2 norm,0.29323096500044427,0.28878291226699876,1000,0,1000,recorded,relative,correction,"equal-weight summaries of recorded source-training batch statistics; changing models, not frozen population estimates",/tmp/p01-d1-20260919-1irHPs/artifacts/d1_pu_20260919/diagnostics/MLP8/seed_42/training_responses.csv
MLP8,42,diagnostic,response,0,,,b_over_sqrt_A,,signed probability direction; undefined when A=0,-0.027751096523728855,-0.008019108227098103,1000,0,1000,recorded,relative,correction,"equal-weight summaries of recorded source-training batch statistics; changing models, not frozen population estimates",/tmp/p01-d1-20260919-1irHPs/artifacts/d1_pu_20260919/diagnostics/MLP8/seed_42/training_responses.csv
MLP8,42,diagnostic,response,0,,,delta_p0_squared_norm,,squared probability L2 norm,7.673261025556929e-14,5.007420259689477e-14,1000,0,1000,recorded,relative,correction,"equal-weight summaries of recorded source-training batch statistics; changing models, not frozen population estimates",/tmp/p01-d1-20260919-1irHPs/artifacts/d1_pu_20260919/diagnostics/MLP8/seed_42/training_responses.csv
MLP8,42,diagnostic,response,0,,,delta_q_squared_norm,,squared probability L2 norm,9.49870607516723e-16,7.095019016745141e-16,1000,0,1000,recorded,relative,correction,"equal-weight summaries of recorded source-training batch statistics; changing models, not frozen population estimates",/tmp/p01-d1-20260919-1irHPs/artifacts/d1_pu_20260919/diagnostics/MLP8/seed_42/training_responses.csv
MLP8,42,diagnostic,response,0,,,delta_v_squared_norm,,squared probability L2 norm,7.272142805471448e-14,4.8433479449272454e-14,1000,0,1000,recorded,relative,correction,"equal-weight summaries of recorded source-training batch statistics; changing models, not frozen population estimates",/tmp/p01-d1-20260919-1irHPs/artifacts/d1_pu_20260919/diagnostics/MLP8/seed_42/training_responses.csv
MLP8,42,diagnostic,response,0,,,delta_p0_mean_vector,0,signed probability; frozen class-order index,4.395297310111346e-09,2.546585164964199e-09,1000,0,1000,recorded,relative,correction,"equal-weight summaries of recorded source-training batch statistics; changing models, not frozen population estimates",/tmp/p01-d1-20260919-1irHPs/artifacts/d1_pu_20260919/diagnostics/MLP8/seed_42/training_responses.csv
MLP8,42,diagnostic,response,0,,,delta_p0_mean_vector,1,signed probability; frozen class-order index,-1.3206154108047485e-09,0.0,1000,0,1000,recorded,relative,correction,"equal-weight summaries of recorded source-training batch statistics; changing models, not frozen population estimates",/tmp/p01-d1-20260919-1irHPs/artifacts/d1_pu_20260919/diagnostics/MLP8/seed_42/training_responses.csv
MLP8,42,diagnostic,response,0,,,delta_p0_mean_vector,2,signed probability; frozen class-order index,1.5795230865478515e-09,0.0,1000,0,1000,recorded,relative,correction,"equal-weight summaries of recorded source-training batch statistics; changing models, not frozen population estimates",/tmp/p01-d1-20260919-1irHPs/artifacts/d1_pu_20260919/diagnostics/MLP8/seed_42/training_responses.csv
MLP8,42,diagnostic,response,0,,,delta_q_mean_vector,0,signed probability; frozen class-order index,4.84054908156395e-10,0.0,1000,0,1000,recorded,relative,correction,"equal-weight summaries of recorded source-training batch statistics; changing models, not frozen population estimates",/tmp/p01-d1-20260919-1irHPs/artifacts/d1_pu_20260919/diagnostics/MLP8/seed_42/training_responses.csv
MLP8,42,diagnostic,response,0,,,delta_q_mean_vector,1,signed probability; frozen class-order index,3.725290298461914e-11,0.0,1000,0,1000,recorded,relative,correction,"equal-weight summaries of recorded source-training batch statistics; changing models, not frozen population estimates",/tmp/p01-d1-20260919-1irHPs/artifacts/d1_pu_20260919/diagnostics/MLP8/seed_42/training_responses.csv
MLP8,42,diagnostic,response,0,,,delta_q_mean_vector,2,signed probability; frozen class-order index,7.450580596923828e-11,0.0,1000,0,1000,recorded,relative,correction,"equal-weight summaries of recorded source-training batch statistics; changing models, not frozen population estimates",/tmp/p01-d1-20260919-1irHPs/artifacts/d1_pu_20260919/diagnostics/MLP8/seed_42/training_responses.csv
MLP8,42,diagnostic,response,0,,,delta_v_mean_vector,0,signed probability; frozen class-order index,-3.944383934140205e-09,-3.725290298461914e-09,1000,0,1000,recorded,relative,correction,"equal-weight summaries of recorded source-training batch statistics; changing models, not frozen population estimates",/tmp/p01-d1-20260919-1irHPs/artifacts/d1_pu_20260919/diagnostics/MLP8/seed_42/training_responses.csv
MLP8,42,diagnostic,response,0,,,delta_v_mean_vector,1,signed probability; frozen class-order index,1.3560056686401367e-09,3.725290298461914e-09,1000,0,1000,recorded,relative,correction,"equal-weight summaries of recorded source-training batch statistics; changing models, not frozen population estimates",/tmp/p01-d1-20260919-1irHPs/artifacts/d1_pu_20260919/diagnostics/MLP8/seed_42/training_responses.csv
MLP8,42,diagnostic,response,0,,,delta_v_mean_vector,2,signed probability; frozen class-order index,-1.5050172805786134e-09,0.0,1000,0,1000,recorded,relative,correction,"equal-weight summaries of recorded source-training batch statistics; changing models, not frozen population estimates",/tmp/p01-d1-20260919-1irHPs/artifacts/d1_pu_20260919/diagnostics/MLP8/seed_42/training_responses.csv
MLP8,42,diagnostic,response,2,,,A,,squared probability L2 norm,0.09035259514022619,0.08270395919680595,1000,0,1000,recorded,relative,correction,"equal-weight summaries of recorded source-training batch statistics; changing models, not frozen population estimates",/tmp/p01-d1-20260919-1irHPs/artifacts/d1_pu_20260919/diagnostics/MLP8/seed_42/training_responses.csv
MLP8,42,diagnostic,response,2,,,b,,probability inner product,-0.01581463916506618,-0.015175580978393555,1000,0,1000,recorded,relative,correction,"equal-weight summaries of recorded source-training batch statistics; changing models, not frozen population estimates",/tmp/p01-d1-20260919-1irHPs/artifacts/d1_pu_20260919/diagnostics/MLP8/seed_42/training_responses.csv
MLP8,42,diagnostic,response,2,,,sqrt_A,,probability L2 norm,0.2930462586084871,0.28758295015045116,1000,0,1000,recorded,relative,correction,"equal-weight summaries of recorded source-training batch statistics; changing models, not frozen population estimates",/tmp/p01-d1-20260919-1irHPs/artifacts/d1_pu_20260919/diagnostics/MLP8/seed_42/training_responses.csv
MLP8,42,diagnostic,response,2,,,b_over_sqrt_A,,signed probability direction; undefined when A=0,-0.032014630883836305,-0.045341596525493424,1000,0,1000,recorded,relative,correction,"equal-weight summaries of recorded source-training batch statistics; changing models, not frozen population estimates",/tmp/p01-d1-20260919-1irHPs/artifacts/d1_pu_20260919/diagnostics/MLP8/seed_42/training_responses.csv
MLP8,42,diagnostic,response,2,,,delta_p0_squared_norm,,squared probability L2 norm,9.167975429702602e-14,5.964684380633557e-14,1000,0,1000,recorded,relative,correction,"equal-weight summaries of recorded source-training batch statistics; changing models, not frozen population estimates",/tmp/p01-d1-20260919-1irHPs/artifacts/d1_pu_20260919/diagnostics/MLP8/seed_42/training_responses.csv
MLP8,42,diagnostic,response,2,,,delta_q_squared_norm,,squared probability L2 norm,1.0297327227015707e-15,8.066464163292153e-16,1000,0,1000,recorded,relative,correction,"equal-weight summaries of recorded source-training batch statistics; changing models, not frozen population estimates",/tmp/p01-d1-20260919-1irHPs/artifacts/d1_pu_20260919/diagnostics/MLP8/seed_42/training_responses.csv
MLP8,42,diagnostic,response,2,,,delta_v_squared_norm,,squared probability L2 norm,8.736238295281584e-14,5.689893001203927e-14,1000,0,1000,recorded,relative,correction,"equal-weight summaries of recorded source-training batch statistics; changing models, not frozen population estimates",/tmp/p01-d1-20260919-1irHPs/artifacts/d1_pu_20260919/diagnostics/MLP8/seed_42/training_responses.csv
MLP8,42,diagnostic,response,2,,,delta_p0_mean_vector,0,signed probability; frozen class-order index,-1.2498858268372714e-09,-1.6698322724550962e-09,1000,0,1000,recorded,relative,correction,"equal-weight summaries of recorded source-training batch statistics; changing models, not frozen population estimates",/tmp/p01-d1-20260919-1irHPs/artifacts/d1_pu_20260919/diagnostics/MLP8/seed_42/training_responses.csv
MLP8,42,diagnostic,response,2,,,delta_p0_mean_vector,1,signed probability; frozen class-order index,-1.4118850231170654e-09,0.0,1000,0,1000,recorded,relative,correction,"equal-weight summaries of recorded source-training batch statistics; changing models, not frozen population estimates",/tmp/p01-d1-20260919-1irHPs/artifacts/d1_pu_20260919/diagnostics/MLP8/seed_42/training_responses.csv
MLP8,42,diagnostic,response,2,,,delta_p0_mean_vector,2,signed probability; frozen class-order index,2.380460500717163e-09,0.0,1000,0,1000,recorded,relative,correction,"equal-weight summaries of recorded source-training batch statistics; changing models, not frozen population estimates",/tmp/p01-d1-20260919-1irHPs/artifacts/d1_pu_20260919/diagnostics/MLP8/seed_42/training_responses.csv
MLP8,42,diagnostic,response,2,,,delta_q_mean_vector,0,signed probability; frozen class-order index,-2.1746382117271425e-10,0.0,1000,0,1000,recorded,relative,correction,"equal-weight summaries of recorded source-training batch statistics; changing models, not frozen population estimates",/tmp/p01-d1-20260919-1irHPs/artifacts/d1_pu_20260919/diagnostics/MLP8/seed_42/training_responses.csv
MLP8,42,diagnostic,response,2,,,delta_q_mean_vector,1,signed probability; frozen class-order index,2.384185791015625e-10,0.0,1000,0,1000,recorded,relative,correction,"equal-weight summaries of recorded source-training batch statistics; changing models, not frozen population estimates",/tmp/p01-d1-20260919-1irHPs/artifacts/d1_pu_20260919/diagnostics/MLP8/seed_42/training_responses.csv
MLP8,42,diagnostic,response,2,,,delta_q_mean_vector,2,signed probability; frozen class-order index,-3.278255462646484e-10,0.0,1000,0,1000,recorded,relative,correction,"equal-weight summaries of recorded source-training batch statistics; changing models, not frozen population estimates",/tmp/p01-d1-20260919-1irHPs/artifacts/d1_pu_20260919/diagnostics/MLP8/seed_42/training_responses.csv
MLP8,42,diagnostic,response,2,,,delta_v_mean_vector,0,signed probability; frozen class-order index,9.872019290924073e-10,1.862645149230957e-09,1000,0,1000,recorded,relative,correction,"equal-weight summaries of recorded source-training batch statistics; changing models, not frozen population estimates",/tmp/p01-d1-20260919-1irHPs/artifacts/d1_pu_20260919/diagnostics/MLP8/seed_42/training_responses.csv
MLP8,42,diagnostic,response,2,,,delta_v_mean_vector,1,signed probability; frozen class-order index,1.6875565052032471e-09,0.0,1000,0,1000,recorded,relative,correction,"equal-weight summaries of recorded source-training batch statistics; changing models, not frozen population estimates",/tmp/p01-d1-20260919-1irHPs/artifacts/d1_pu_20260919/diagnostics/MLP8/seed_42/training_responses.csv
MLP8,42,diagnostic,response,2,,,delta_v_mean_vector,2,signed probability; frozen class-order index,-2.7082860469818114e-09,0.0,1000,0,1000,recorded,relative,correction,"equal-weight summaries of recorded source-training batch statistics; changing models, not frozen population estimates",/tmp/p01-d1-20260919-1irHPs/artifacts/d1_pu_20260919/diagnostics/MLP8/seed_42/training_responses.csv
MLP8,42,diagnostic,response,3,,,A,,squared probability L2 norm,0.09307326661562547,0.08829226344823837,1000,0,1000,recorded,relative,correction,"equal-weight summaries of recorded source-training batch statistics; changing models, not frozen population estimates",/tmp/p01-d1-20260919-1irHPs/artifacts/d1_pu_20260919/diagnostics/MLP8/seed_42/training_responses.csv
MLP8,42,diagnostic,response,3,,,b,,probability inner product,-0.009534808830358088,-0.005258616060018539,1000,0,1000,recorded,relative,correction,"equal-weight summaries of recorded source-training batch statistics; changing models, not frozen population estimates",/tmp/p01-d1-20260919-1irHPs/artifacts/d1_pu_20260919/diagnostics/MLP8/seed_42/training_responses.csv
MLP8,42,diagnostic,response,3,,,sqrt_A,,probability L2 norm,0.2986035734159605,0.29714010285966097,1000,0,1000,recorded,relative,correction,"equal-weight summaries of recorded source-training batch statistics; changing models, not frozen population estimates",/tmp/p01-d1-20260919-1irHPs/artifacts/d1_pu_20260919/diagnostics/MLP8/seed_42/training_responses.csv
MLP8,42,diagnostic,response,3,,,b_over_sqrt_A,,signed probability direction; undefined when A=0,-0.010955969814928537,-0.015241989269230765,1000,0,1000,recorded,relative,correction,"equal-weight summaries of recorded source-training batch statistics; changing models, not frozen population estimates",/tmp/p01-d1-20260919-1irHPs/artifacts/d1_pu_20260919/diagnostics/MLP8/seed_42/training_responses.csv
MLP8,42,diagnostic,response,3,,,delta_p0_squared_norm,,squared probability L2 norm,8.8179166639129e-14,5.75251651868669e-14,1000,0,1000,recorded,relative,correction,"equal-weight summaries of recorded source-training batch statistics; changing models, not frozen population estimates",/tmp/p01-d1-20260919-1irHPs/artifacts/d1_pu_20260919/diagnostics/MLP8/seed_42/training_responses.csv
MLP8,42,diagnostic,response,3,,,delta_q_squared_norm,,squared probability L2 norm,9.955057611588103e-16,7.077671781985373e-16,1000,0,1000,recorded,relative,correction,"equal-weight summaries of recorded source-training batch statistics; changing models, not frozen population estimates",/tmp/p01-d1-20260919-1irHPs/artifacts/d1_pu_20260919/diagnostics/MLP8/seed_42/training_responses.csv
MLP8,42,diagnostic,response,3,,,delta_v_squared_norm,,squared probability L2 norm,8.374352253315287e-14,5.542788450441094e-14,1000,0,1000,recorded,relative,correction,"equal-weight summaries of recorded source-training batch statistics; changing models, not frozen population estimates",/tmp/p01-d1-20260919-1irHPs/artifacts/d1_pu_20260919/diagnostics/MLP8/seed_42/training_responses.csv
MLP8,42,diagnostic,response,3,,,delta_p0_mean_vector,0,signed probability; frozen class-order index,-1.0029383702203632e-08,-2.939486876130104e-09,1000,0,1000,recorded,relative,correction,"equal-weight summaries of recorded source-training batch statistics; changing models, not frozen population estimates",/tmp/p01-d1-20260919-1irHPs/artifacts/d1_pu_20260919/diagnostics/MLP8/seed_42/training_responses.csv
MLP8,42,diagnostic,response,3,,,delta_p0_mean_vector,1,signed probability; frozen class-order index,2.5033950805664064e-09,0.0,1000,0,1000,recorded,relative,correction,"equal-weight summaries of recorded source-training batch statistics; changing models, not frozen population estimates",/tmp/p01-d1-20260919-1irHPs/artifacts/d1_pu_20260919/diagnostics/MLP8/seed_42/training_responses.csv
MLP8,42,diagnostic,response,3,,,delta_p0_mean_vector,2,signed probability; frozen class-order index,8.255243301391602e-09,7.450580596923828e-09,1000,0,1000,recorded,relative,correction,"equal-weight summaries of recorded source-training batch statistics; changing models, not frozen population estimates",/tmp/p01-d1-20260919-1irHPs/artifacts/d1_pu_20260919/diagnostics/MLP8/seed_42/training_responses.csv
MLP8,42,diagnostic,response,3,,,delta_q_mean_vector,0,signed probability; frozen class-order index,-7.199123501777649e-10,0.0,1000,0,1000,recorded,relative,correction,"equal-weight summaries of recorded source-training batch statistics; changing models, not frozen population estimates",/tmp/p01-d1-20260919-1irHPs/artifacts/d1_pu_20260919/diagnostics/MLP8/seed_42/training_responses.csv
MLP8,42,diagnostic,response,3,,,delta_q_mean_vector,1,signed probability; frozen class-order index,1.9371509552001952e-10,0.0,1000,0,1000,recorded,relative,correction,"equal-weight summaries of recorded source-training batch statistics; changing models, not frozen population estimates",/tmp/p01-d1-20260919-1irHPs/artifacts/d1_pu_20260919/diagnostics/MLP8/seed_42/training_responses.csv
MLP8,42,diagnostic,response,3,,,delta_q_mean_vector,2,signed probability; frozen class-order index,2.384185791015625e-10,0.0,1000,0,1000,recorded,relative,correction,"equal-weight summaries of recorded source-training batch statistics; changing models, not frozen population estimates",/tmp/p01-d1-20260919-1irHPs/artifacts/d1_pu_20260919/diagnostics/MLP8/seed_42/training_responses.csv
MLP8,42,diagnostic,response,3,,,delta_v_mean_vector,0,signed probability; frozen class-order index,9.297393262386323e-09,2.7939677238464355e-09,1000,0,1000,recorded,relative,correction,"equal-weight summaries of recorded source-training batch statistics; changing models, not frozen population estimates",/tmp/p01-d1-20260919-1irHPs/artifacts/d1_pu_20260919/diagnostics/MLP8/seed_42/training_responses.csv
MLP8,42,diagnostic,response,3,,,delta_v_mean_vector,1,signed probability; frozen class-order index,-2.343207597732544e-09,0.0,1000,0,1000,recorded,relative,correction,"equal-weight summaries of recorded source-training batch statistics; changing models, not frozen population estimates",/tmp/p01-d1-20260919-1irHPs/artifacts/d1_pu_20260919/diagnostics/MLP8/seed_42/training_responses.csv
MLP8,42,diagnostic,response,3,,,delta_v_mean_vector,2,signed probability; frozen class-order index,-8.01682472229004e-09,-7.450580596923828e-09,1000,0,1000,recorded,relative,correction,"equal-weight summaries of recorded source-training batch statistics; changing models, not frozen population estimates",/tmp/p01-d1-20260919-1irHPs/artifacts/d1_pu_20260919/diagnostics/MLP8/seed_42/training_responses.csv
MLP8,42,diagnostic,objective,,,,loss,,CE + beta Brier + weighted consistency,0.24265749200177378,0.23503345251083374,1000,0,1000,recorded,relative,correction,"equal-weight summaries of recorded source-training batch statistics; changing models, not frozen population estimates",/tmp/p01-d1-20260919-1irHPs/artifacts/d1_pu_20260919/diagnostics/MLP8/seed_42/training_batches.csv
MLP8,42,diagnostic,objective,,,,risk_objective,,CE + beta Brier,0.24265749200177378,0.23503345251083374,1000,0,1000,recorded,relative,correction,"equal-weight summaries of recorded source-training batch statistics; changing models, not frozen population estimates",/tmp/p01-d1-20260919-1irHPs/artifacts/d1_pu_20260919/diagnostics/MLP8/seed_42/training_batches.csv
MLP8,42,diagnostic,objective,,,,diagnostic_excess,,CE + beta Brier,0.24265749200177378,0.23503345251083374,1000,0,1000,recorded,relative,correction,"equal-weight summaries of recorded source-training batch statistics; changing models, not frozen population estimates",/tmp/p01-d1-20260919-1irHPs/artifacts/d1_pu_20260919/diagnostics/MLP8/seed_42/training_batches.csv
MLP8,42,diagnostic,objective,,,,max_source_excess,,CE + beta Brier,0.5257379440907389,0.5274342894554138,1000,0,1000,recorded,relative,correction,"equal-weight summaries of recorded source-training batch statistics; changing models, not frozen population estimates",/tmp/p01-d1-20260919-1irHPs/artifacts/d1_pu_20260919/diagnostics/MLP8/seed_42/training_batches.csv
MLP8,42,diagnostic,objective,,,,source_envelope,,CE + beta Brier,0.6358038788586855,0.6384391188621521,1000,0,1000,recorded,relative,correction,"equal-weight summaries of recorded source-training batch statistics; changing models, not frozen population estimates",/tmp/p01-d1-20260919-1irHPs/artifacts/d1_pu_20260919/diagnostics/MLP8/seed_42/training_batches.csv
MLP8,42,diagnostic,objective,,,,correction_consistency,,unweighted squared probability L2 norm,8.127578019119926e-14,6.81312645189891e-14,1000,0,1000,recorded,relative,correction,"equal-weight summaries of recorded source-training batch statistics; changing models, not frozen population estimates",/tmp/p01-d1-20260919-1irHPs/artifacts/d1_pu_20260919/diagnostics/MLP8/seed_42/training_batches.csv
MLP8,42,diagnostic,objective,,,,candidate_output_consistency,,unweighted squared probability L2 norm,9.917030606858686e-16,9.066821720702506e-16,1000,0,1000,recorded,relative,correction,"equal-weight summaries of recorded source-training batch statistics; changing models, not frozen population estimates",/tmp/p01-d1-20260919-1irHPs/artifacts/d1_pu_20260919/diagnostics/MLP8/seed_42/training_batches.csv
MLP8,42,diagnostic,objective,,,,reference_output_consistency,,squared probability L2 norm,8.553051257439845e-14,7.071763218958506e-14,1000,0,1000,recorded,relative,correction,"equal-weight summaries of recorded source-training batch statistics; changing models, not frozen population estimates",/tmp/p01-d1-20260919-1irHPs/artifacts/d1_pu_20260919/diagnostics/MLP8/seed_42/training_batches.csv
MLP8,42,diagnostic,objective,,,,pair_penalty,,selected unweighted squared probability L2 norm,8.127578019119926e-14,6.81312645189891e-14,1000,0,1000,recorded,relative,correction,"equal-weight summaries of recorded source-training batch statistics; changing models, not frozen population estimates",/tmp/p01-d1-20260919-1irHPs/artifacts/d1_pu_20260919/diagnostics/MLP8/seed_42/training_batches.csv
linear,42,diagnostic,domain_risk,0,,,candidate_risk,,CE + beta Brier,1.1547598924636842,1.166812241077423,1000,0,1000,recorded,relative,correction,"equal-weight summaries of recorded source-training batch statistics; changing models, not frozen population estimates",/tmp/p01-d1-20260919-1irHPs/artifacts/d1_pu_20260919/diagnostics/linear/seed_42/training_domains.csv
linear,42,diagnostic,domain_risk,0,,,reference_risk,,CE + beta Brier,0.8953840225636959,0.8944948315620422,1000,0,1000,recorded,relative,correction,"equal-weight summaries of recorded source-training batch statistics; changing models, not frozen population estimates",/tmp/p01-d1-20260919-1irHPs/artifacts/d1_pu_20260919/diagnostics/linear/seed_42/training_domains.csv
linear,42,diagnostic,domain_risk,0,,,excess,,CE + beta Brier,0.2593758714273572,0.24849940836429596,1000,0,1000,recorded,relative,correction,"equal-weight summaries of recorded source-training batch statistics; changing models, not frozen population estimates",/tmp/p01-d1-20260919-1irHPs/artifacts/d1_pu_20260919/diagnostics/linear/seed_42/training_domains.csv
linear,42,diagnostic,domain_risk,0,,,weight,,dimensionless,0.3333333432674408,0.3333333432674408,1000,0,1000,recorded,relative,correction,"equal-weight summaries of recorded source-training batch statistics; changing models, not frozen population estimates",/tmp/p01-d1-20260919-1irHPs/artifacts/d1_pu_20260919/diagnostics/linear/seed_42/training_domains.csv
linear,42,diagnostic,domain_risk,2,,,candidate_risk,,CE + beta Brier,1.1622446380257607,1.1778069138526917,1000,0,1000,recorded,relative,correction,"equal-weight summaries of recorded source-training batch statistics; changing models, not frozen population estimates",/tmp/p01-d1-20260919-1irHPs/artifacts/d1_pu_20260919/diagnostics/linear/seed_42/training_domains.csv
linear,42,diagnostic,domain_risk,2,,,reference_risk,,CE + beta Brier,0.9028331097364426,0.8912161290645599,1000,0,1000,recorded,relative,correction,"equal-weight summaries of recorded source-training batch statistics; changing models, not frozen population estimates",/tmp/p01-d1-20260919-1irHPs/artifacts/d1_pu_20260919/diagnostics/linear/seed_42/training_domains.csv
linear,42,diagnostic,domain_risk,2,,,excess,,CE + beta Brier,0.2594115300606936,0.2596379667520523,1000,0,1000,recorded,relative,correction,"equal-weight summaries of recorded source-training batch statistics; changing models, not frozen population estimates",/tmp/p01-d1-20260919-1irHPs/artifacts/d1_pu_20260919/diagnostics/linear/seed_42/training_domains.csv
linear,42,diagnostic,domain_risk,2,,,weight,,dimensionless,0.3333333432674408,0.3333333432674408,1000,0,1000,recorded,relative,correction,"equal-weight summaries of recorded source-training batch statistics; changing models, not frozen population estimates",/tmp/p01-d1-20260919-1irHPs/artifacts/d1_pu_20260919/diagnostics/linear/seed_42/training_domains.csv
linear,42,diagnostic,domain_risk,3,,,candidate_risk,,CE + beta Brier,1.1683551726937293,1.1803406476974487,1000,0,1000,recorded,relative,correction,"equal-weight summaries of recorded source-training batch statistics; changing models, not frozen population estimates",/tmp/p01-d1-20260919-1irHPs/artifacts/d1_pu_20260919/diagnostics/linear/seed_42/training_domains.csv
linear,42,diagnostic,domain_risk,3,,,reference_risk,,CE + beta Brier,0.9222612332701683,0.8979472815990448,1000,0,1000,recorded,relative,correction,"equal-weight summaries of recorded source-training batch statistics; changing models, not frozen population estimates",/tmp/p01-d1-20260919-1irHPs/artifacts/d1_pu_20260919/diagnostics/linear/seed_42/training_domains.csv
linear,42,diagnostic,domain_risk,3,,,excess,,CE + beta Brier,0.24609394362382592,0.24114370346069336,1000,0,1000,recorded,relative,correction,"equal-weight summaries of recorded source-training batch statistics; changing models, not frozen population estimates",/tmp/p01-d1-20260919-1irHPs/artifacts/d1_pu_20260919/diagnostics/linear/seed_42/training_domains.csv
linear,42,diagnostic,domain_risk,3,,,weight,,dimensionless,0.3333333432674408,0.3333333432674408,1000,0,1000,recorded,relative,correction,"equal-weight summaries of recorded source-training batch statistics; changing models, not frozen population estimates",/tmp/p01-d1-20260919-1irHPs/artifacts/d1_pu_20260919/diagnostics/linear/seed_42/training_domains.csv
linear,42,diagnostic,reference_prior,,0,2,reference_risk_difference_over_rho,,dimensionless (c_i-c_j)/rho,-0.029796348690986633,-0.0015954971313476562,1000,0,1000,recorded,relative,correction,"equal-weight summaries of recorded source-training batch statistics; changing models, not frozen population estimates",/tmp/p01-d1-20260919-1irHPs/artifacts/d1_pu_20260919/diagnostics/linear/seed_42/training_reference_prior.csv
linear,42,diagnostic,reference_prior,,0,3,reference_risk_difference_over_rho,,dimensionless (c_i-c_j)/rho,-0.10750884282588959,-0.06258046627044678,1000,0,1000,recorded,relative,correction,"equal-weight summaries of recorded source-training batch statistics; changing models, not frozen population estimates",/tmp/p01-d1-20260919-1irHPs/artifacts/d1_pu_20260919/diagnostics/linear/seed_42/training_reference_prior.csv
linear,42,diagnostic,reference_prior,,2,3,reference_risk_difference_over_rho,,dimensionless (c_i-c_j)/rho,-0.07771249413490296,-0.056083083152770996,1000,0,1000,recorded,relative,correction,"equal-weight summaries of recorded source-training batch statistics; changing models, not frozen population estimates",/tmp/p01-d1-20260919-1irHPs/artifacts/d1_pu_20260919/diagnostics/linear/seed_42/training_reference_prior.csv
linear,42,diagnostic,response,0,,,A,,squared probability L2 norm,0.08439528376050294,0.08151993155479431,1000,0,1000,recorded,relative,correction,"equal-weight summaries of recorded source-training batch statistics; changing models, not frozen population estimates",/tmp/p01-d1-20260919-1irHPs/artifacts/d1_pu_20260919/diagnostics/linear/seed_42/training_responses.csv
linear,42,diagnostic,response,0,,,b,,probability inner product,-0.017855206785723568,-0.005912512540817261,1000,0,1000,recorded,relative,correction,"equal-weight summaries of recorded source-training batch statistics; changing models, not frozen population estimates",/tmp/p01-d1-20260919-1irHPs/artifacts/d1_pu_20260919/diagnostics/linear/seed_42/training_responses.csv
linear,42,diagnostic,response,0,,,sqrt_A,,probability L2 norm,0.2845298175954056,0.28551693520965715,1000,0,1000,recorded,relative,correction,"equal-weight summaries of recorded source-training batch statistics; changing models, not frozen population estimates",/tmp/p01-d1-20260919-1irHPs/artifacts/d1_pu_20260919/diagnostics/linear/seed_42/training_responses.csv
linear,42,diagnostic,response,0,,,b_over_sqrt_A,,signed probability direction; undefined when A=0,-0.04844851882386051,-0.021875256911245776,1000,0,1000,recorded,relative,correction,"equal-weight summaries of recorded source-training batch statistics; changing models, not frozen population estimates",/tmp/p01-d1-20260919-1irHPs/artifacts/d1_pu_20260919/diagnostics/linear/seed_42/training_responses.csv
linear,42,diagnostic,response,0,,,delta_p0_squared_norm,,squared probability L2 norm,7.673261025556929e-14,5.007420259689477e-14,1000,0,1000,recorded,relative,correction,"equal-weight summaries of recorded source-training batch statistics; changing models, not frozen population estimates",/tmp/p01-d1-20260919-1irHPs/artifacts/d1_pu_20260919/diagnostics/linear/seed_42/training_responses.csv
linear,42,diagnostic,response,0,,,delta_q_squared_norm,,squared probability L2 norm,1.7522866838093343e-15,1.3322676295501878e-15,1000,0,1000,recorded,relative,correction,"equal-weight summaries of recorded source-training batch statistics; changing models, not frozen population estimates",/tmp/p01-d1-20260919-1irHPs/artifacts/d1_pu_20260919/diagnostics/linear/seed_42/training_responses.csv
linear,42,diagnostic,response,0,,,delta_v_squared_norm,,squared probability L2 norm,6.729868485405576e-14,4.3298697960381105e-14,1000,0,1000,recorded,relative,correction,"equal-weight summaries of recorded source-training batch statistics; changing models, not frozen population estimates",/tmp/p01-d1-20260919-1irHPs/artifacts/d1_pu_20260919/diagnostics/linear/seed_42/training_responses.csv
linear,42,diagnostic,response,0,,,delta_p0_mean_vector,0,signed probability; frozen class-order index,4.395297310111346e-09,2.546585164964199e-09,1000,0,1000,recorded,relative,correction,"equal-weight summaries of recorded source-training batch statistics; changing models, not frozen population estimates",/tmp/p01-d1-20260919-1irHPs/artifacts/d1_pu_20260919/diagnostics/linear/seed_42/training_responses.csv
linear,42,diagnostic,response,0,,,delta_p0_mean_vector,1,signed probability; frozen class-order index,-1.3206154108047485e-09,0.0,1000,0,1000,recorded,relative,correction,"equal-weight summaries of recorded source-training batch statistics; changing models, not frozen population estimates",/tmp/p01-d1-20260919-1irHPs/artifacts/d1_pu_20260919/diagnostics/linear/seed_42/training_responses.csv
linear,42,diagnostic,response,0,,,delta_p0_mean_vector,2,signed probability; frozen class-order index,1.5795230865478515e-09,0.0,1000,0,1000,recorded,relative,correction,"equal-weight summaries of recorded source-training batch statistics; changing models, not frozen population estimates",/tmp/p01-d1-20260919-1irHPs/artifacts/d1_pu_20260919/diagnostics/linear/seed_42/training_responses.csv
linear,42,diagnostic,response,0,,,delta_q_mean_vector,0,signed probability; frozen class-order index,5.732290446758271e-10,0.0,1000,0,1000,recorded,relative,correction,"equal-weight summaries of recorded source-training batch statistics; changing models, not frozen population estimates",/tmp/p01-d1-20260919-1irHPs/artifacts/d1_pu_20260919/diagnostics/linear/seed_42/training_responses.csv
linear,42,diagnostic,response,0,,,delta_q_mean_vector,1,signed probability; frozen class-order index,-9.08970832824707e-10,0.0,1000,0,1000,recorded,relative,correction,"equal-weight summaries of recorded source-training batch statistics; changing models, not frozen population estimates",/tmp/p01-d1-20260919-1irHPs/artifacts/d1_pu_20260919/diagnostics/linear/seed_42/training_responses.csv
linear,42,diagnostic,response,0,,,delta_q_mean_vector,2,signed probability; frozen class-order index,-2.384185791015625e-10,0.0,1000,0,1000,recorded,relative,correction,"equal-weight summaries of recorded source-training batch statistics; changing models, not frozen population estimates",/tmp/p01-d1-20260919-1irHPs/artifacts/d1_pu_20260919/diagnostics/linear/seed_42/training_responses.csv
linear,42,diagnostic,response,0,,,delta_v_mean_vector,0,signed probability; frozen class-order index,-3.8980506360530855e-09,-3.725290298461914e-09,1000,0,1000,recorded,relative,correction,"equal-weight summaries of recorded source-training batch statistics; changing models, not frozen population estimates",/tmp/p01-d1-20260919-1irHPs/artifacts/d1_pu_20260919/diagnostics/linear/seed_42/training_responses.csv
linear,42,diagnostic,response,0,,,delta_v_mean_vector,1,signed probability; frozen class-order index,3.986060619354248e-10,0.0,1000,0,1000,recorded,relative,correction,"equal-weight summaries of recorded source-training batch statistics; changing models, not frozen population estimates",/tmp/p01-d1-20260919-1irHPs/artifacts/d1_pu_20260919/diagnostics/linear/seed_42/training_responses.csv
linear,42,diagnostic,response,0,,,delta_v_mean_vector,2,signed probability; frozen class-order index,-1.817941665649414e-09,0.0,1000,0,1000,recorded,relative,correction,"equal-weight summaries of recorded source-training batch statistics; changing models, not frozen population estimates",/tmp/p01-d1-20260919-1irHPs/artifacts/d1_pu_20260919/diagnostics/linear/seed_42/training_responses.csv
linear,42,diagnostic,response,2,,,A,,squared probability L2 norm,0.0830917543862015,0.07887982949614525,1000,0,1000,recorded,relative,correction,"equal-weight summaries of recorded source-training batch statistics; changing models, not frozen population estimates",/tmp/p01-d1-20260919-1irHPs/artifacts/d1_pu_20260919/diagnostics/linear/seed_42/training_responses.csv
linear,42,diagnostic,response,2,,,b,,probability inner product,-0.01940134859737009,-0.014652863144874573,1000,0,1000,recorded,relative,correction,"equal-weight summaries of recorded source-training batch statistics; changing models, not frozen population estimates",/tmp/p01-d1-20260919-1irHPs/artifacts/d1_pu_20260919/diagnostics/linear/seed_42/training_responses.csv
linear,42,diagnostic,response,2,,,sqrt_A,,probability L2 norm,0.2818829175617188,0.2808555312318378,1000,0,1000,recorded,relative,correction,"equal-weight summaries of recorded source-training batch statistics; changing models, not frozen population estimates",/tmp/p01-d1-20260919-1irHPs/artifacts/d1_pu_20260919/diagnostics/linear/seed_42/training_responses.csv
linear,42,diagnostic,response,2,,,b_over_sqrt_A,,signed probability direction; undefined when A=0,-0.05157234153663674,-0.04996632782964445,1000,0,1000,recorded,relative,correction,"equal-weight summaries of recorded source-training batch statistics; changing models, not frozen population estimates",/tmp/p01-d1-20260919-1irHPs/artifacts/d1_pu_20260919/diagnostics/linear/seed_42/training_responses.csv
linear,42,diagnostic,response,2,,,delta_p0_squared_norm,,squared probability L2 norm,9.167975429702602e-14,5.964684380633557e-14,1000,0,1000,recorded,relative,correction,"equal-weight summaries of recorded source-training batch statistics; changing models, not frozen population estimates",/tmp/p01-d1-20260919-1irHPs/artifacts/d1_pu_20260919/diagnostics/linear/seed_42/training_responses.csv
linear,42,diagnostic,response,2,,,delta_q_squared_norm,,squared probability L2 norm,1.8853564542897773e-15,1.3322676295501878e-15,1000,0,1000,recorded,relative,correction,"equal-weight summaries of recorded source-training batch statistics; changing models, not frozen population estimates",/tmp/p01-d1-20260919-1irHPs/artifacts/d1_pu_20260919/diagnostics/linear/seed_42/training_responses.csv
linear,42,diagnostic,response,2,,,delta_v_squared_norm,,squared probability L2 norm,8.068417114981408e-14,5.181965967437918e-14,1000,0,1000,recorded,relative,correction,"equal-weight summaries of recorded source-training batch statistics; changing models, not frozen population estimates",/tmp/p01-d1-20260919-1irHPs/artifacts/d1_pu_20260919/diagnostics/linear/seed_42/training_responses.csv
linear,42,diagnostic,response,2,,,delta_p0_mean_vector,0,signed probability; frozen class-order index,-1.2498858268372714e-09,-1.6698322724550962e-09,1000,0,1000,recorded,relative,correction,"equal-weight summaries of recorded source-training batch statistics; changing models, not frozen population estimates",/tmp/p01-d1-20260919-1irHPs/artifacts/d1_pu_20260919/diagnostics/linear/seed_42/training_responses.csv
linear,42,diagnostic,response,2,,,delta_p0_mean_vector,1,signed probability; frozen class-order index,-1.4118850231170654e-09,0.0,1000,0,1000,recorded,relative,correction,"equal-weight summaries of recorded source-training batch statistics; changing models, not frozen population estimates",/tmp/p01-d1-20260919-1irHPs/artifacts/d1_pu_20260919/diagnostics/linear/seed_42/training_responses.csv
linear,42,diagnostic,response,2,,,delta_p0_mean_vector,2,signed probability; frozen class-order index,2.380460500717163e-09,0.0,1000,0,1000,recorded,relative,correction,"equal-weight summaries of recorded source-training batch statistics; changing models, not frozen population estimates",/tmp/p01-d1-20260919-1irHPs/artifacts/d1_pu_20260919/diagnostics/linear/seed_42/training_responses.csv
linear,42,diagnostic,response,2,,,delta_q_mean_vector,0,signed probability; frozen class-order index,-6.901100277900696e-10,0.0,1000,0,1000,recorded,relative,correction,"equal-weight summaries of recorded source-training batch statistics; changing models, not frozen population estimates",/tmp/p01-d1-20260919-1irHPs/artifacts/d1_pu_20260919/diagnostics/linear/seed_42/training_responses.csv
linear,42,diagnostic,response,2,,,delta_q_mean_vector,1,signed probability; frozen class-order index,-1.9371509552001952e-10,0.0,1000,0,1000,recorded,relative,correction,"equal-weight summaries of recorded source-training batch statistics; changing models, not frozen population estimates",/tmp/p01-d1-20260919-1irHPs/artifacts/d1_pu_20260919/diagnostics/linear/seed_42/training_responses.csv
linear,42,diagnostic,response,2,,,delta_q_mean_vector,2,signed probability; frozen class-order index,4.991888999938965e-10,0.0,1000,0,1000,recorded,relative,correction,"equal-weight summaries of recorded source-training batch statistics; changing models, not frozen population estimates",/tmp/p01-d1-20260919-1irHPs/artifacts/d1_pu_20260919/diagnostics/linear/seed_42/training_responses.csv
linear,42,diagnostic,response,2,,,delta_v_mean_vector,0,signed probability; frozen class-order index,5.634501576423645e-10,3.725290298461914e-09,1000,0,1000,recorded,relative,correction,"equal-weight summaries of recorded source-training batch statistics; changing models, not frozen population estimates",/tmp/p01-d1-20260919-1irHPs/artifacts/d1_pu_20260919/diagnostics/linear/seed_42/training_responses.csv
linear,42,diagnostic,response,2,,,delta_v_mean_vector,1,signed probability; frozen class-order index,1.2442469596862794e-09,0.0,1000,0,1000,recorded,relative,correction,"equal-weight summaries of recorded source-training batch statistics; changing models, not frozen population estimates",/tmp/p01-d1-20260919-1irHPs/artifacts/d1_pu_20260919/diagnostics/linear/seed_42/training_responses.csv
linear,42,diagnostic,response,2,,,delta_v_mean_vector,2,signed probability; frozen class-order index,-1.8812716007232666e-09,0.0,1000,0,1000,recorded,relative,correction,"equal-weight summaries of recorded source-training batch statistics; changing models, not frozen population estimates",/tmp/p01-d1-20260919-1irHPs/artifacts/d1_pu_20260919/diagnostics/linear/seed_42/training_responses.csv
linear,42,diagnostic,response,3,,,A,,squared probability L2 norm,0.08721793108456768,0.08396970108151436,1000,0,1000,recorded,relative,correction,"equal-weight summaries of recorded source-training batch statistics; changing models, not frozen population estimates",/tmp/p01-d1-20260919-1irHPs/artifacts/d1_pu_20260919/diagnostics/linear/seed_42/training_responses.csv
linear,42,diagnostic,response,3,,,b,,probability inner product,-0.013725151463411748,-0.007514003664255142,1000,0,1000,recorded,relative,correction,"equal-weight summaries of recorded source-training batch statistics; changing models, not frozen population estimates",/tmp/p01-d1-20260919-1irHPs/artifacts/d1_pu_20260919/diagnostics/linear/seed_42/training_responses.csv
linear,42,diagnostic,response,3,,,sqrt_A,,probability L2 norm,0.28928424791869356,0.2897752563173499,1000,0,1000,recorded,relative,correction,"equal-weight summaries of recorded source-training batch statistics; changing models, not frozen population estimates",/tmp/p01-d1-20260919-1irHPs/artifacts/d1_pu_20260919/diagnostics/linear/seed_42/training_responses.csv
linear,42,diagnostic,response,3,,,b_over_sqrt_A,,signed probability direction; undefined when A=0,-0.030420969506388798,-0.024002036090800743,1000,0,1000,recorded,relative,correction,"equal-weight summaries of recorded source-training batch statistics; changing models, not frozen population estimates",/tmp/p01-d1-20260919-1irHPs/artifacts/d1_pu_20260919/diagnostics/linear/seed_42/training_responses.csv
linear,42,diagnostic,response,3,,,delta_p0_squared_norm,,squared probability L2 norm,8.8179166639129e-14,5.75251651868669e-14,1000,0,1000,recorded,relative,correction,"equal-weight summaries of recorded source-training batch statistics; changing models, not frozen population estimates",/tmp/p01-d1-20260919-1irHPs/artifacts/d1_pu_20260919/diagnostics/linear/seed_42/training_responses.csv
linear,42,diagnostic,response,3,,,delta_q_squared_norm,,squared probability L2 norm,1.9394208461420703e-15,1.5334955527634975e-15,1000,0,1000,recorded,relative,correction,"equal-weight summaries of recorded source-training batch statistics; changing models, not frozen population estimates",/tmp/p01-d1-20260919-1irHPs/artifacts/d1_pu_20260919/diagnostics/linear/seed_42/training_responses.csv
linear,42,diagnostic,response,3,,,delta_v_squared_norm,,squared probability L2 norm,7.703031268402327e-14,5.090372567906343e-14,1000,0,1000,recorded,relative,correction,"equal-weight summaries of recorded source-training batch statistics; changing models, not frozen population estimates",/tmp/p01-d1-20260919-1irHPs/artifacts/d1_pu_20260919/diagnostics/linear/seed_42/training_responses.csv
linear,42,diagnostic,response,3,,,delta_p0_mean_vector,0,signed probability; frozen class-order index,-1.0029383702203632e-08,-2.939486876130104e-09,1000,0,1000,recorded,relative,correction,"equal-weight summaries of recorded source-training batch statistics; changing models, not frozen population estimates",/tmp/p01-d1-20260919-1irHPs/artifacts/d1_pu_20260919/diagnostics/linear/seed_42/training_responses.csv
linear,42,diagnostic,response,3,,,delta_p0_mean_vector,1,signed probability; frozen class-order index,2.5033950805664064e-09,0.0,1000,0,1000,recorded,relative,correction,"equal-weight summaries of recorded source-training batch statistics; changing models, not frozen population estimates",/tmp/p01-d1-20260919-1irHPs/artifacts/d1_pu_20260919/diagnostics/linear/seed_42/training_responses.csv
linear,42,diagnostic,response,3,,,delta_p0_mean_vector,2,signed probability; frozen class-order index,8.255243301391602e-09,7.450580596923828e-09,1000,0,1000,recorded,relative,correction,"equal-weight summaries of recorded source-training batch statistics; changing models, not frozen population estimates",/tmp/p01-d1-20260919-1irHPs/artifacts/d1_pu_20260919/diagnostics/linear/seed_42/training_responses.csv
linear,42,diagnostic,response,3,,,delta_q_mean_vector,0,signed probability; frozen class-order index,-6.668269634246826e-10,0.0,1000,0,1000,recorded,relative,correction,"equal-weight summaries of recorded source-training batch statistics; changing models, not frozen population estimates",/tmp/p01-d1-20260919-1irHPs/artifacts/d1_pu_20260919/diagnostics/linear/seed_42/training_responses.csv
linear,42,diagnostic,response,3,,,delta_q_mean_vector,1,signed probability; frozen class-order index,-2.0116567611694336e-10,0.0,1000,0,1000,recorded,relative,correction,"equal-weight summaries of recorded source-training batch statistics; changing models, not frozen population estimates",/tmp/p01-d1-20260919-1irHPs/artifacts/d1_pu_20260919/diagnostics/linear/seed_42/training_responses.csv
linear,42,diagnostic,response,3,,,delta_q_mean_vector,2,signed probability; frozen class-order index,5.21540641784668e-11,0.0,1000,0,1000,recorded,relative,correction,"equal-weight summaries of recorded source-training batch statistics; changing models, not frozen population estimates",/tmp/p01-d1-20260919-1irHPs/artifacts/d1_pu_20260919/diagnostics/linear/seed_42/training_responses.csv
linear,42,diagnostic,response,3,,,delta_v_mean_vector,0,signed probability; frozen class-order index,9.337440133094787e-09,1.862645149230957e-09,1000,0,1000,recorded,relative,correction,"equal-weight summaries of recorded source-training batch statistics; changing models, not frozen population estimates",/tmp/p01-d1-20260919-1irHPs/artifacts/d1_pu_20260919/diagnostics/linear/seed_42/training_responses.csv
linear,42,diagnostic,response,3,,,delta_v_mean_vector,1,signed probability; frozen class-order index,-2.7455389499664306e-09,0.0,1000,0,1000,recorded,relative,correction,"equal-weight summaries of recorded source-training batch statistics; changing models, not frozen population estimates",/tmp/p01-d1-20260919-1irHPs/artifacts/d1_pu_20260919/diagnostics/linear/seed_42/training_responses.csv
linear,42,diagnostic,response,3,,,delta_v_mean_vector,2,signed probability; frozen class-order index,-8.203089237213135e-09,-7.450580596923828e-09,1000,0,1000,recorded,relative,correction,"equal-weight summaries of recorded source-training batch statistics; changing models, not frozen population estimates",/tmp/p01-d1-20260919-1irHPs/artifacts/d1_pu_20260919/diagnostics/linear/seed_42/training_responses.csv
linear,42,diagnostic,objective,,,,loss,,CE + beta Brier + weighted consistency,0.2549604550990807,0.24280767887830734,1000,0,1000,recorded,relative,correction,"equal-weight summaries of recorded source-training batch statistics; changing models, not frozen population estimates",/tmp/p01-d1-20260919-1irHPs/artifacts/d1_pu_20260919/diagnostics/linear/seed_42/training_batches.csv
linear,42,diagnostic,objective,,,,risk_objective,,CE + beta Brier,0.2549604550990807,0.24280767887830734,1000,0,1000,recorded,relative,correction,"equal-weight summaries of recorded source-training batch statistics; changing models, not frozen population estimates",/tmp/p01-d1-20260919-1irHPs/artifacts/d1_pu_20260919/diagnostics/linear/seed_42/training_batches.csv
linear,42,diagnostic,objective,,,,diagnostic_excess,,CE + beta Brier,0.2549604550990807,0.24280767887830734,1000,0,1000,recorded,relative,correction,"equal-weight summaries of recorded source-training batch statistics; changing models, not frozen population estimates",/tmp/p01-d1-20260919-1irHPs/artifacts/d1_pu_20260919/diagnostics/linear/seed_42/training_batches.csv
linear,42,diagnostic,objective,,,,max_source_excess,,CE + beta Brier,0.48572968849912285,0.5098373293876648,1000,0,1000,recorded,relative,correction,"equal-weight summaries of recorded source-training batch statistics; changing models, not frozen population estimates",/tmp/p01-d1-20260919-1irHPs/artifacts/d1_pu_20260919/diagnostics/linear/seed_42/training_batches.csv
linear,42,diagnostic,objective,,,,source_envelope,,CE + beta Brier,0.6133261343985796,0.6256079077720642,1000,0,1000,recorded,relative,correction,"equal-weight summaries of recorded source-training batch statistics; changing models, not frozen population estimates",/tmp/p01-d1-20260919-1irHPs/artifacts/d1_pu_20260919/diagnostics/linear/seed_42/training_batches.csv
linear,42,diagnostic,objective,,,,correction_consistency,,unweighted squared probability L2 norm,7.5004391789763e-14,6.244079553538104e-14,1000,0,1000,recorded,relative,correction,"equal-weight summaries of recorded source-training batch statistics; changing models, not frozen population estimates",/tmp/p01-d1-20260919-1irHPs/artifacts/d1_pu_20260919/diagnostics/linear/seed_42/training_batches.csv
linear,42,diagnostic,objective,,,,candidate_output_consistency,,unweighted squared probability L2 norm,1.8590213819441896e-15,1.5173048356140867e-15,1000,0,1000,recorded,relative,correction,"equal-weight summaries of recorded source-training batch statistics; changing models, not frozen population estimates",/tmp/p01-d1-20260919-1irHPs/artifacts/d1_pu_20260919/diagnostics/linear/seed_42/training_batches.csv
linear,42,diagnostic,objective,,,,reference_output_consistency,,squared probability L2 norm,8.553051257439845e-14,7.071763218958506e-14,1000,0,1000,recorded,relative,correction,"equal-weight summaries of recorded source-training batch statistics; changing models, not frozen population estimates",/tmp/p01-d1-20260919-1irHPs/artifacts/d1_pu_20260919/diagnostics/linear/seed_42/training_batches.csv
linear,42,diagnostic,objective,,,,pair_penalty,,selected unweighted squared probability L2 norm,7.5004391789763e-14,6.244079553538104e-14,1000,0,1000,recorded,relative,correction,"equal-weight summaries of recorded source-training batch statistics; changing models, not frozen population estimates",/tmp/p01-d1-20260919-1irHPs/artifacts/d1_pu_20260919/diagnostics/linear/seed_42/training_batches.csv
only_chirplet_up,42,diagnostic,domain_risk,0,,,candidate_risk,,CE + beta Brier,1.1048324295878411,1.0822702646255493,1000,0,1000,recorded,relative,correction,"equal-weight summaries of recorded source-training batch statistics; changing models, not frozen population estimates",/tmp/p01-d1-20260919-1irHPs/artifacts/d1_pu_20260919/diagnostics/only_chirplet_up/seed_42/training_domains.csv
only_chirplet_up,42,diagnostic,domain_risk,0,,,reference_risk,,CE + beta Brier,0.8953840225636959,0.8944948315620422,1000,0,1000,recorded,relative,correction,"equal-weight summaries of recorded source-training batch statistics; changing models, not frozen population estimates",/tmp/p01-d1-20260919-1irHPs/artifacts/d1_pu_20260919/diagnostics/only_chirplet_up/seed_42/training_domains.csv
only_chirplet_up,42,diagnostic,domain_risk,0,,,excess,,CE + beta Brier,0.20944840913638474,0.19122464954853058,1000,0,1000,recorded,relative,correction,"equal-weight summaries of recorded source-training batch statistics; changing models, not frozen population estimates",/tmp/p01-d1-20260919-1irHPs/artifacts/d1_pu_20260919/diagnostics/only_chirplet_up/seed_42/training_domains.csv
only_chirplet_up,42,diagnostic,domain_risk,0,,,weight,,dimensionless,0.3333333432674408,0.3333333432674408,1000,0,1000,recorded,relative,correction,"equal-weight summaries of recorded source-training batch statistics; changing models, not frozen population estimates",/tmp/p01-d1-20260919-1irHPs/artifacts/d1_pu_20260919/diagnostics/only_chirplet_up/seed_42/training_domains.csv
only_chirplet_up,42,diagnostic,domain_risk,2,,,candidate_risk,,CE + beta Brier,1.1184681690335274,1.100552260875702,1000,0,1000,recorded,relative,correction,"equal-weight summaries of recorded source-training batch statistics; changing models, not frozen population estimates",/tmp/p01-d1-20260919-1irHPs/artifacts/d1_pu_20260919/diagnostics/only_chirplet_up/seed_42/training_domains.csv
only_chirplet_up,42,diagnostic,domain_risk,2,,,reference_risk,,CE + beta Brier,0.9028331097364426,0.8912161290645599,1000,0,1000,recorded,relative,correction,"equal-weight summaries of recorded source-training batch statistics; changing models, not frozen population estimates",/tmp/p01-d1-20260919-1irHPs/artifacts/d1_pu_20260919/diagnostics/only_chirplet_up/seed_42/training_domains.csv
only_chirplet_up,42,diagnostic,domain_risk,2,,,excess,,CE + beta Brier,0.21563506159372628,0.21363721042871475,1000,0,1000,recorded,relative,correction,"equal-weight summaries of recorded source-training batch statistics; changing models, not frozen population estimates",/tmp/p01-d1-20260919-1irHPs/artifacts/d1_pu_20260919/diagnostics/only_chirplet_up/seed_42/training_domains.csv
only_chirplet_up,42,diagnostic,domain_risk,2,,,weight,,dimensionless,0.3333333432674408,0.3333333432674408,1000,0,1000,recorded,relative,correction,"equal-weight summaries of recorded source-training batch statistics; changing models, not frozen population estimates",/tmp/p01-d1-20260919-1irHPs/artifacts/d1_pu_20260919/diagnostics/only_chirplet_up/seed_42/training_domains.csv
only_chirplet_up,42,diagnostic,domain_risk,3,,,candidate_risk,,CE + beta Brier,1.1045124910473822,1.0855602025985718,1000,0,1000,recorded,relative,correction,"equal-weight summaries of recorded source-training batch statistics; changing models, not frozen population estimates",/tmp/p01-d1-20260919-1irHPs/artifacts/d1_pu_20260919/diagnostics/only_chirplet_up/seed_42/training_domains.csv
only_chirplet_up,42,diagnostic,domain_risk,3,,,reference_risk,,CE + beta Brier,0.9222612332701683,0.8979472815990448,1000,0,1000,recorded,relative,correction,"equal-weight summaries of recorded source-training batch statistics; changing models, not frozen population estimates",/tmp/p01-d1-20260919-1irHPs/artifacts/d1_pu_20260919/diagnostics/only_chirplet_up/seed_42/training_domains.csv
only_chirplet_up,42,diagnostic,domain_risk,3,,,excess,,CE + beta Brier,0.1822512576021254,0.16840703040361404,1000,0,1000,recorded,relative,correction,"equal-weight summaries of recorded source-training batch statistics; changing models, not frozen population estimates",/tmp/p01-d1-20260919-1irHPs/artifacts/d1_pu_20260919/diagnostics/only_chirplet_up/seed_42/training_domains.csv
only_chirplet_up,42,diagnostic,domain_risk,3,,,weight,,dimensionless,0.3333333432674408,0.3333333432674408,1000,0,1000,recorded,relative,correction,"equal-weight summaries of recorded source-training batch statistics; changing models, not frozen population estimates",/tmp/p01-d1-20260919-1irHPs/artifacts/d1_pu_20260919/diagnostics/only_chirplet_up/seed_42/training_domains.csv
only_chirplet_up,42,diagnostic,reference_prior,,0,2,reference_risk_difference_over_rho,,dimensionless (c_i-c_j)/rho,-0.029796348690986633,-0.0015954971313476562,1000,0,1000,recorded,relative,correction,"equal-weight summaries of recorded source-training batch statistics; changing models, not frozen population estimates",/tmp/p01-d1-20260919-1irHPs/artifacts/d1_pu_20260919/diagnostics/only_chirplet_up/seed_42/training_reference_prior.csv
only_chirplet_up,42,diagnostic,reference_prior,,0,3,reference_risk_difference_over_rho,,dimensionless (c_i-c_j)/rho,-0.10750884282588959,-0.06258046627044678,1000,0,1000,recorded,relative,correction,"equal-weight summaries of recorded source-training batch statistics; changing models, not frozen population estimates",/tmp/p01-d1-20260919-1irHPs/artifacts/d1_pu_20260919/diagnostics/only_chirplet_up/seed_42/training_reference_prior.csv
only_chirplet_up,42,diagnostic,reference_prior,,2,3,reference_risk_difference_over_rho,,dimensionless (c_i-c_j)/rho,-0.07771249413490296,-0.056083083152770996,1000,0,1000,recorded,relative,correction,"equal-weight summaries of recorded source-training batch statistics; changing models, not frozen population estimates",/tmp/p01-d1-20260919-1irHPs/artifacts/d1_pu_20260919/diagnostics/only_chirplet_up/seed_42/training_reference_prior.csv
only_chirplet_up,42,diagnostic,response,0,,,A,,squared probability L2 norm,0.07283445719070733,0.06527531147003174,1000,0,1000,recorded,relative,correction,"equal-weight summaries of recorded source-training batch statistics; changing models, not frozen population estimates",/tmp/p01-d1-20260919-1irHPs/artifacts/d1_pu_20260919/diagnostics/only_chirplet_up/seed_42/training_responses.csv
only_chirplet_up,42,diagnostic,response,0,,,b,,probability inner product,-0.011122910486999898,-0.004248976707458496,1000,0,1000,recorded,relative,correction,"equal-weight summaries of recorded source-training batch statistics; changing models, not frozen population estimates",/tmp/p01-d1-20260919-1irHPs/artifacts/d1_pu_20260919/diagnostics/only_chirplet_up/seed_42/training_responses.csv
only_chirplet_up,42,diagnostic,response,0,,,sqrt_A,,probability L2 norm,0.2602748284443768,0.25549033327239,1000,0,1000,recorded,relative,correction,"equal-weight summaries of recorded source-training batch statistics; changing models, not frozen population estimates",/tmp/p01-d1-20260919-1irHPs/artifacts/d1_pu_20260919/diagnostics/only_chirplet_up/seed_42/training_responses.csv
only_chirplet_up,42,diagnostic,response,0,,,b_over_sqrt_A,,signed probability direction; undefined when A=0,-0.02074997089604414,-0.016086503783539277,1000,0,1000,recorded,relative,correction,"equal-weight summaries of recorded source-training batch statistics; changing models, not frozen population estimates",/tmp/p01-d1-20260919-1irHPs/artifacts/d1_pu_20260919/diagnostics/only_chirplet_up/seed_42/training_responses.csv
only_chirplet_up,42,diagnostic,response,0,,,delta_p0_squared_norm,,squared probability L2 norm,7.673261025556929e-14,5.007420259689477e-14,1000,0,1000,recorded,relative,correction,"equal-weight summaries of recorded source-training batch statistics; changing models, not frozen population estimates",/tmp/p01-d1-20260919-1irHPs/artifacts/d1_pu_20260919/diagnostics/only_chirplet_up/seed_42/training_responses.csv
only_chirplet_up,42,diagnostic,response,0,,,delta_q_squared_norm,,squared probability L2 norm,3.5754146649927266e-08,1.693610318653782e-08,1000,0,1000,recorded,relative,correction,"equal-weight summaries of recorded source-training batch statistics; changing models, not frozen population estimates",/tmp/p01-d1-20260919-1irHPs/artifacts/d1_pu_20260919/diagnostics/only_chirplet_up/seed_42/training_responses.csv
only_chirplet_up,42,diagnostic,response,0,,,delta_v_squared_norm,,squared probability L2 norm,3.575515792626771e-08,1.6931644530870926e-08,1000,0,1000,recorded,relative,correction,"equal-weight summaries of recorded source-training batch statistics; changing models, not frozen population estimates",/tmp/p01-d1-20260919-1irHPs/artifacts/d1_pu_20260919/diagnostics/only_chirplet_up/seed_42/training_responses.csv
only_chirplet_up,42,diagnostic,response,0,,,delta_p0_mean_vector,0,signed probability; frozen class-order index,4.395297310111346e-09,2.546585164964199e-09,1000,0,1000,recorded,relative,correction,"equal-weight summaries of recorded source-training batch statistics; changing models, not frozen population estimates",/tmp/p01-d1-20260919-1irHPs/artifacts/d1_pu_20260919/diagnostics/only_chirplet_up/seed_42/training_responses.csv
only_chirplet_up,42,diagnostic,response,0,,,delta_p0_mean_vector,1,signed probability; frozen class-order index,-1.3206154108047485e-09,0.0,1000,0,1000,recorded,relative,correction,"equal-weight summaries of recorded source-training batch statistics; changing models, not frozen population estimates",/tmp/p01-d1-20260919-1irHPs/artifacts/d1_pu_20260919/diagnostics/only_chirplet_up/seed_42/training_responses.csv
only_chirplet_up,42,diagnostic,response,0,,,delta_p0_mean_vector,2,signed probability; frozen class-order index,1.5795230865478515e-09,0.0,1000,0,1000,recorded,relative,correction,"equal-weight summaries of recorded source-training batch statistics; changing models, not frozen population estimates",/tmp/p01-d1-20260919-1irHPs/artifacts/d1_pu_20260919/diagnostics/only_chirplet_up/seed_42/training_responses.csv
only_chirplet_up,42,diagnostic,response,0,,,delta_q_mean_vector,0,signed probability; frozen class-order index,-4.263795912265778e-06,-3.595370799303055e-06,1000,0,1000,recorded,relative,correction,"equal-weight summaries of recorded source-training batch statistics; changing models, not frozen population estimates",/tmp/p01-d1-20260919-1irHPs/artifacts/d1_pu_20260919/diagnostics/only_chirplet_up/seed_42/training_responses.csv
only_chirplet_up,42,diagnostic,response,0,,,delta_q_mean_vector,1,signed probability; frozen class-order index,7.0100724697113035e-06,3.6209821701049805e-06,1000,0,1000,recorded,relative,correction,"equal-weight summaries of recorded source-training batch statistics; changing models, not frozen population estimates",/tmp/p01-d1-20260919-1irHPs/artifacts/d1_pu_20260919/diagnostics/only_chirplet_up/seed_42/training_responses.csv
only_chirplet_up,42,diagnostic,response,0,,,delta_q_mean_vector,2,signed probability; frozen class-order index,-2.746477723121643e-06,-2.7604401111602783e-06,1000,0,1000,recorded,relative,correction,"equal-weight summaries of recorded source-training batch statistics; changing models, not frozen population estimates",/tmp/p01-d1-20260919-1irHPs/artifacts/d1_pu_20260919/diagnostics/only_chirplet_up/seed_42/training_responses.csv
only_chirplet_up,42,diagnostic,response,0,,,delta_v_mean_vector,0,signed probability; frozen class-order index,-4.268230404704809e-06,-3.4999102354049683e-06,1000,0,1000,recorded,relative,correction,"equal-weight summaries of recorded source-training batch statistics; changing models, not frozen population estimates",/tmp/p01-d1-20260919-1irHPs/artifacts/d1_pu_20260919/diagnostics/only_chirplet_up/seed_42/training_responses.csv
only_chirplet_up,42,diagnostic,response,0,,,delta_v_mean_vector,1,signed probability; frozen class-order index,7.011353969573975e-06,3.635883331298828e-06,1000,0,1000,recorded,relative,correction,"equal-weight summaries of recorded source-training batch statistics; changing models, not frozen population estimates",/tmp/p01-d1-20260919-1irHPs/artifacts/d1_pu_20260919/diagnostics/only_chirplet_up/seed_42/training_responses.csv
only_chirplet_up,42,diagnostic,response,0,,,delta_v_mean_vector,2,signed probability; frozen class-order index,-2.748057246208191e-06,-2.7436763048171997e-06,1000,0,1000,recorded,relative,correction,"equal-weight summaries of recorded source-training batch statistics; changing models, not frozen population estimates",/tmp/p01-d1-20260919-1irHPs/artifacts/d1_pu_20260919/diagnostics/only_chirplet_up/seed_42/training_responses.csv
only_chirplet_up,42,diagnostic,response,2,,,A,,squared probability L2 norm,0.07432683510053903,0.0654948353767395,1000,0,1000,recorded,relative,correction,"equal-weight summaries of recorded source-training batch statistics; changing models, not frozen population estimates",/tmp/p01-d1-20260919-1irHPs/artifacts/d1_pu_20260919/diagnostics/only_chirplet_up/seed_42/training_responses.csv
only_chirplet_up,42,diagnostic,response,2,,,b,,probability inner product,-0.013333643120713532,-0.017714668065309525,1000,0,1000,recorded,relative,correction,"equal-weight summaries of recorded source-training batch statistics; changing models, not frozen population estimates",/tmp/p01-d1-20260919-1irHPs/artifacts/d1_pu_20260919/diagnostics/only_chirplet_up/seed_42/training_responses.csv
only_chirplet_up,42,diagnostic,response,2,,,sqrt_A,,probability L2 norm,0.26189660935083325,0.25591958643367824,1000,0,1000,recorded,relative,correction,"equal-weight summaries of recorded source-training batch statistics; changing models, not frozen population estimates",/tmp/p01-d1-20260919-1irHPs/artifacts/d1_pu_20260919/diagnostics/only_chirplet_up/seed_42/training_responses.csv
only_chirplet_up,42,diagnostic,response,2,,,b_over_sqrt_A,,signed probability direction; undefined when A=0,-0.030903048260833437,-0.06297607506963143,1000,0,1000,recorded,relative,correction,"equal-weight summaries of recorded source-training batch statistics; changing models, not frozen population estimates",/tmp/p01-d1-20260919-1irHPs/artifacts/d1_pu_20260919/diagnostics/only_chirplet_up/seed_42/training_responses.csv
only_chirplet_up,42,diagnostic,response,2,,,delta_p0_squared_norm,,squared probability L2 norm,9.167975429702602e-14,5.964684380633557e-14,1000,0,1000,recorded,relative,correction,"equal-weight summaries of recorded source-training batch statistics; changing models, not frozen population estimates",/tmp/p01-d1-20260919-1irHPs/artifacts/d1_pu_20260919/diagnostics/only_chirplet_up/seed_42/training_responses.csv
only_chirplet_up,42,diagnostic,response,2,,,delta_q_squared_norm,,squared probability L2 norm,4.6640330265690365e-08,1.8654818134677953e-08,1000,0,1000,recorded,relative,correction,"equal-weight summaries of recorded source-training batch statistics; changing models, not frozen population estimates",/tmp/p01-d1-20260919-1irHPs/artifacts/d1_pu_20260919/diagnostics/only_chirplet_up/seed_42/training_responses.csv
only_chirplet_up,42,diagnostic,response,2,,,delta_v_squared_norm,,squared probability L2 norm,4.664014643207537e-08,1.8649386035463067e-08,1000,0,1000,recorded,relative,correction,"equal-weight summaries of recorded source-training batch statistics; changing models, not frozen population estimates",/tmp/p01-d1-20260919-1irHPs/artifacts/d1_pu_20260919/diagnostics/only_chirplet_up/seed_42/training_responses.csv
only_chirplet_up,42,diagnostic,response,2,,,delta_p0_mean_vector,0,signed probability; frozen class-order index,-1.2498858268372714e-09,-1.6698322724550962e-09,1000,0,1000,recorded,relative,correction,"equal-weight summaries of recorded source-training batch statistics; changing models, not frozen population estimates",/tmp/p01-d1-20260919-1irHPs/artifacts/d1_pu_20260919/diagnostics/only_chirplet_up/seed_42/training_responses.csv
only_chirplet_up,42,diagnostic,response,2,,,delta_p0_mean_vector,1,signed probability; frozen class-order index,-1.4118850231170654e-09,0.0,1000,0,1000,recorded,relative,correction,"equal-weight summaries of recorded source-training batch statistics; changing models, not frozen population estimates",/tmp/p01-d1-20260919-1irHPs/artifacts/d1_pu_20260919/diagnostics/only_chirplet_up/seed_42/training_responses.csv
only_chirplet_up,42,diagnostic,response,2,,,delta_p0_mean_vector,2,signed probability; frozen class-order index,2.380460500717163e-09,0.0,1000,0,1000,recorded,relative,correction,"equal-weight summaries of recorded source-training batch statistics; changing models, not frozen population estimates",/tmp/p01-d1-20260919-1irHPs/artifacts/d1_pu_20260919/diagnostics/only_chirplet_up/seed_42/training_responses.csv
only_chirplet_up,42,diagnostic,response,2,,,delta_q_mean_vector,0,signed probability; frozen class-order index,-2.846357878297567e-06,-1.0579824447631836e-06,1000,0,1000,recorded,relative,correction,"equal-weight summaries of recorded source-training batch statistics; changing models, not frozen population estimates",/tmp/p01-d1-20260919-1irHPs/artifacts/d1_pu_20260919/diagnostics/only_chirplet_up/seed_42/training_responses.csv
only_chirplet_up,42,diagnostic,response,2,,,delta_q_mean_vector,1,signed probability; frozen class-order index,3.933355212211609e-06,4.0978193283081055e-08,1000,0,1000,recorded,relative,correction,"equal-weight summaries of recorded source-training batch statistics; changing models, not frozen population estimates",/tmp/p01-d1-20260919-1irHPs/artifacts/d1_pu_20260919/diagnostics/only_chirplet_up/seed_42/training_responses.csv
only_chirplet_up,42,diagnostic,response,2,,,delta_q_mean_vector,2,signed probability; frozen class-order index,-1.086551696062088e-06,9.499490261077881e-07,1000,0,1000,recorded,relative,correction,"equal-weight summaries of recorded source-training batch statistics; changing models, not frozen population estimates",/tmp/p01-d1-20260919-1irHPs/artifacts/d1_pu_20260919/diagnostics/only_chirplet_up/seed_42/training_responses.csv
only_chirplet_up,42,diagnostic,response,2,,,delta_v_mean_vector,0,signed probability; frozen class-order index,-2.8450489044189453e-06,-9.778887033462524e-07,1000,0,1000,recorded,relative,correction,"equal-weight summaries of recorded source-training batch statistics; changing models, not frozen population estimates",/tmp/p01-d1-20260919-1irHPs/artifacts/d1_pu_20260919/diagnostics/only_chirplet_up/seed_42/training_responses.csv
only_chirplet_up,42,diagnostic,response,2,,,delta_v_mean_vector,1,signed probability; frozen class-order index,3.934774547815323e-06,3.725290298461914e-09,1000,0,1000,recorded,relative,correction,"equal-weight summaries of recorded source-training batch statistics; changing models, not frozen population estimates",/tmp/p01-d1-20260919-1irHPs/artifacts/d1_pu_20260919/diagnostics/only_chirplet_up/seed_42/training_responses.csv
only_chirplet_up,42,diagnostic,response,2,,,delta_v_mean_vector,2,signed probability; frozen class-order index,-1.0889321565628051e-06,1.0244548320770264e-06,1000,0,1000,recorded,relative,correction,"equal-weight summaries of recorded source-training batch statistics; changing models, not frozen population estimates",/tmp/p01-d1-20260919-1irHPs/artifacts/d1_pu_20260919/diagnostics/only_chirplet_up/seed_42/training_responses.csv
only_chirplet_up,42,diagnostic,response,3,,,A,,squared probability L2 norm,0.07586052774824202,0.06634444743394852,1000,0,1000,recorded,relative,correction,"equal-weight summaries of recorded source-training batch statistics; changing models, not frozen population estimates",/tmp/p01-d1-20260919-1irHPs/artifacts/d1_pu_20260919/diagnostics/only_chirplet_up/seed_42/training_responses.csv
only_chirplet_up,42,diagnostic,response,3,,,b,,probability inner product,-0.002398251705802977,0.0023170746862888336,1000,0,1000,recorded,relative,correction,"equal-weight summaries of recorded source-training batch statistics; changing models, not frozen population estimates",/tmp/p01-d1-20260919-1irHPs/artifacts/d1_pu_20260919/diagnostics/only_chirplet_up/seed_42/training_responses.csv
only_chirplet_up,42,diagnostic,response,3,,,sqrt_A,,probability L2 norm,0.2648669691804197,0.2575738138013811,1000,0,1000,recorded,relative,correction,"equal-weight summaries of recorded source-training batch statistics; changing models, not frozen population estimates",/tmp/p01-d1-20260919-1irHPs/artifacts/d1_pu_20260919/diagnostics/only_chirplet_up/seed_42/training_responses.csv
only_chirplet_up,42,diagnostic,response,3,,,b_over_sqrt_A,,signed probability direction; undefined when A=0,0.02105907542450136,0.010035584694088582,1000,0,1000,recorded,relative,correction,"equal-weight summaries of recorded source-training batch statistics; changing models, not frozen population estimates",/tmp/p01-d1-20260919-1irHPs/artifacts/d1_pu_20260919/diagnostics/only_chirplet_up/seed_42/training_responses.csv
only_chirplet_up,42,diagnostic,response,3,,,delta_p0_squared_norm,,squared probability L2 norm,8.8179166639129e-14,5.75251651868669e-14,1000,0,1000,recorded,relative,correction,"equal-weight summaries of recorded source-training batch statistics; changing models, not frozen population estimates",/tmp/p01-d1-20260919-1irHPs/artifacts/d1_pu_20260919/diagnostics/only_chirplet_up/seed_42/training_responses.csv
only_chirplet_up,42,diagnostic,response,3,,,delta_q_squared_norm,,squared probability L2 norm,4.4372434350015145e-08,1.7086317249948024e-08,1000,0,1000,recorded,relative,correction,"equal-weight summaries of recorded source-training batch statistics; changing models, not frozen population estimates",/tmp/p01-d1-20260919-1irHPs/artifacts/d1_pu_20260919/diagnostics/only_chirplet_up/seed_42/training_responses.csv
only_chirplet_up,42,diagnostic,response,3,,,delta_v_squared_norm,,squared probability L2 norm,4.4372295387340444e-08,1.7078294334282873e-08,1000,0,1000,recorded,relative,correction,"equal-weight summaries of recorded source-training batch statistics; changing models, not frozen population estimates",/tmp/p01-d1-20260919-1irHPs/artifacts/d1_pu_20260919/diagnostics/only_chirplet_up/seed_42/training_responses.csv
only_chirplet_up,42,diagnostic,response,3,,,delta_p0_mean_vector,0,signed probability; frozen class-order index,-1.0029383702203632e-08,-2.939486876130104e-09,1000,0,1000,recorded,relative,correction,"equal-weight summaries of recorded source-training batch statistics; changing models, not frozen population estimates",/tmp/p01-d1-20260919-1irHPs/artifacts/d1_pu_20260919/diagnostics/only_chirplet_up/seed_42/training_responses.csv
only_chirplet_up,42,diagnostic,response,3,,,delta_p0_mean_vector,1,signed probability; frozen class-order index,2.5033950805664064e-09,0.0,1000,0,1000,recorded,relative,correction,"equal-weight summaries of recorded source-training batch statistics; changing models, not frozen population estimates",/tmp/p01-d1-20260919-1irHPs/artifacts/d1_pu_20260919/diagnostics/only_chirplet_up/seed_42/training_responses.csv
only_chirplet_up,42,diagnostic,response,3,,,delta_p0_mean_vector,2,signed probability; frozen class-order index,8.255243301391602e-09,7.450580596923828e-09,1000,0,1000,recorded,relative,correction,"equal-weight summaries of recorded source-training batch statistics; changing models, not frozen population estimates",/tmp/p01-d1-20260919-1irHPs/artifacts/d1_pu_20260919/diagnostics/only_chirplet_up/seed_42/training_responses.csv
only_chirplet_up,42,diagnostic,response,3,,,delta_q_mean_vector,0,signed probability; frozen class-order index,-1.6317246481776237e-06,-1.2759119272232056e-06,1000,0,1000,recorded,relative,correction,"equal-weight summaries of recorded source-training batch statistics; changing models, not frozen population estimates",/tmp/p01-d1-20260919-1irHPs/artifacts/d1_pu_20260919/diagnostics/only_chirplet_up/seed_42/training_responses.csv
only_chirplet_up,42,diagnostic,response,3,,,delta_q_mean_vector,1,signed probability; frozen class-order index,-1.1936500668525696e-06,-4.470348358154297e-08,1000,0,1000,recorded,relative,correction,"equal-weight summaries of recorded source-training batch statistics; changing models, not frozen population estimates",/tmp/p01-d1-20260919-1irHPs/artifacts/d1_pu_20260919/diagnostics/only_chirplet_up/seed_42/training_responses.csv
only_chirplet_up,42,diagnostic,response,3,,,delta_q_mean_vector,2,signed probability; frozen class-order index,2.825677394866943e-06,2.6598572731018066e-06,1000,0,1000,recorded,relative,correction,"equal-weight summaries of recorded source-training batch statistics; changing models, not frozen population estimates",/tmp/p01-d1-20260919-1irHPs/artifacts/d1_pu_20260919/diagnostics/only_chirplet_up/seed_42/training_responses.csv
only_chirplet_up,42,diagnostic,response,3,,,delta_v_mean_vector,0,signed probability; frozen class-order index,-1.621709205210209e-06,-1.261010766029358e-06,1000,0,1000,recorded,relative,correction,"equal-weight summaries of recorded source-training batch statistics; changing models, not frozen population estimates",/tmp/p01-d1-20260919-1irHPs/artifacts/d1_pu_20260919/diagnostics/only_chirplet_up/seed_42/training_responses.csv
only_chirplet_up,42,diagnostic,response,3,,,delta_v_mean_vector,1,signed probability; frozen class-order index,-1.1961571872234345e-06,-3.91155481338501e-08,1000,0,1000,recorded,relative,correction,"equal-weight summaries of recorded source-training batch statistics; changing models, not frozen population estimates",/tmp/p01-d1-20260919-1irHPs/artifacts/d1_pu_20260919/diagnostics/only_chirplet_up/seed_42/training_responses.csv
only_chirplet_up,42,diagnostic,response,3,,,delta_v_mean_vector,2,signed probability; frozen class-order index,2.817422151565552e-06,2.736225724220276e-06,1000,0,1000,recorded,relative,correction,"equal-weight summaries of recorded source-training batch statistics; changing models, not frozen population estimates",/tmp/p01-d1-20260919-1irHPs/artifacts/d1_pu_20260919/diagnostics/only_chirplet_up/seed_42/training_responses.csv
only_chirplet_up,42,diagnostic,objective,,,,loss,,CE + beta Brier + weighted consistency,0.20244491529063088,0.18236108869314194,1000,0,1000,recorded,relative,correction,"equal-weight summaries of recorded source-training batch statistics; changing models, not frozen population estimates",/tmp/p01-d1-20260919-1irHPs/artifacts/d1_pu_20260919/diagnostics/only_chirplet_up/seed_42/training_batches.csv
only_chirplet_up,42,diagnostic,objective,,,,risk_objective,,CE + beta Brier,0.20244491529063088,0.18236108869314194,1000,0,1000,recorded,relative,correction,"equal-weight summaries of recorded source-training batch statistics; changing models, not frozen population estimates",/tmp/p01-d1-20260919-1irHPs/artifacts/d1_pu_20260919/diagnostics/only_chirplet_up/seed_42/training_batches.csv
only_chirplet_up,42,diagnostic,objective,,,,diagnostic_excess,,CE + beta Brier,0.20244491529063088,0.18236108869314194,1000,0,1000,recorded,relative,correction,"equal-weight summaries of recorded source-training batch statistics; changing models, not frozen population estimates",/tmp/p01-d1-20260919-1irHPs/artifacts/d1_pu_20260919/diagnostics/only_chirplet_up/seed_42/training_batches.csv
only_chirplet_up,42,diagnostic,objective,,,,max_source_excess,,CE + beta Brier,0.4596888821981847,0.4410122334957123,1000,0,1000,recorded,relative,correction,"equal-weight summaries of recorded source-training batch statistics; changing models, not frozen population estimates",/tmp/p01-d1-20260919-1irHPs/artifacts/d1_pu_20260919/diagnostics/only_chirplet_up/seed_42/training_batches.csv
only_chirplet_up,42,diagnostic,objective,,,,source_envelope,,CE + beta Brier,0.5792137127071619,0.5556753873825073,1000,0,1000,recorded,relative,correction,"equal-weight summaries of recorded source-training batch statistics; changing models, not frozen population estimates",/tmp/p01-d1-20260919-1irHPs/artifacts/d1_pu_20260919/diagnostics/only_chirplet_up/seed_42/training_batches.csv
only_chirplet_up,42,diagnostic,objective,,,,correction_consistency,,unweighted squared probability L2 norm,4.225586780724766e-08,2.248838626428551e-08,1000,0,1000,recorded,relative,correction,"equal-weight summaries of recorded source-training batch statistics; changing models, not frozen population estimates",/tmp/p01-d1-20260919-1irHPs/artifacts/d1_pu_20260919/diagnostics/only_chirplet_up/seed_42/training_batches.csv
only_chirplet_up,42,diagnostic,objective,,,,candidate_output_consistency,,unweighted squared probability L2 norm,4.225563833644419e-08,2.2479222039351043e-08,1000,0,1000,recorded,relative,correction,"equal-weight summaries of recorded source-training batch statistics; changing models, not frozen population estimates",/tmp/p01-d1-20260919-1irHPs/artifacts/d1_pu_20260919/diagnostics/only_chirplet_up/seed_42/training_batches.csv
only_chirplet_up,42,diagnostic,objective,,,,reference_output_consistency,,squared probability L2 norm,8.553051257439845e-14,7.071763218958506e-14,1000,0,1000,recorded,relative,correction,"equal-weight summaries of recorded source-training batch statistics; changing models, not frozen population estimates",/tmp/p01-d1-20260919-1irHPs/artifacts/d1_pu_20260919/diagnostics/only_chirplet_up/seed_42/training_batches.csv
only_chirplet_up,42,diagnostic,objective,,,,pair_penalty,,selected unweighted squared probability L2 norm,4.225586780724766e-08,2.248838626428551e-08,1000,0,1000,recorded,relative,correction,"equal-weight summaries of recorded source-training batch statistics; changing models, not frozen population estimates",/tmp/p01-d1-20260919-1irHPs/artifacts/d1_pu_20260919/diagnostics/only_chirplet_up/seed_42/training_batches.csv
only_envelope,42,diagnostic,domain_risk,0,,,candidate_risk,,CE + beta Brier,1.1519425936341285,1.1634957194328308,1000,0,1000,recorded,relative,correction,"equal-weight summaries of recorded source-training batch statistics; changing models, not frozen population estimates",/tmp/p01-d1-20260919-1irHPs/artifacts/d1_pu_20260919/diagnostics/only_envelope/seed_42/training_domains.csv
only_envelope,42,diagnostic,domain_risk,0,,,reference_risk,,CE + beta Brier,0.8953840225636959,0.8944948315620422,1000,0,1000,recorded,relative,correction,"equal-weight summaries of recorded source-training batch statistics; changing models, not frozen population estimates",/tmp/p01-d1-20260919-1irHPs/artifacts/d1_pu_20260919/diagnostics/only_envelope/seed_42/training_domains.csv
only_envelope,42,diagnostic,domain_risk,0,,,excess,,CE + beta Brier,0.2565585746616125,0.24728180468082428,1000,0,1000,recorded,relative,correction,"equal-weight summaries of recorded source-training batch statistics; changing models, not frozen population estimates",/tmp/p01-d1-20260919-1irHPs/artifacts/d1_pu_20260919/diagnostics/only_envelope/seed_42/training_domains.csv
only_envelope,42,diagnostic,domain_risk,0,,,weight,,dimensionless,0.3333333432674408,0.3333333432674408,1000,0,1000,recorded,relative,correction,"equal-weight summaries of recorded source-training batch statistics; changing models, not frozen population estimates",/tmp/p01-d1-20260919-1irHPs/artifacts/d1_pu_20260919/diagnostics/only_envelope/seed_42/training_domains.csv
only_envelope,42,diagnostic,domain_risk,2,,,candidate_risk,,CE + beta Brier,1.1597002763152122,1.1749324202537537,1000,0,1000,recorded,relative,correction,"equal-weight summaries of recorded source-training batch statistics; changing models, not frozen population estimates",/tmp/p01-d1-20260919-1irHPs/artifacts/d1_pu_20260919/diagnostics/only_envelope/seed_42/training_domains.csv
only_envelope,42,diagnostic,domain_risk,2,,,reference_risk,,CE + beta Brier,0.9028331097364426,0.8912161290645599,1000,0,1000,recorded,relative,correction,"equal-weight summaries of recorded source-training batch statistics; changing models, not frozen population estimates",/tmp/p01-d1-20260919-1irHPs/artifacts/d1_pu_20260919/diagnostics/only_envelope/seed_42/training_domains.csv
only_envelope,42,diagnostic,domain_risk,2,,,excess,,CE + beta Brier,0.25686716789193453,0.2586461454629898,1000,0,1000,recorded,relative,correction,"equal-weight summaries of recorded source-training batch statistics; changing models, not frozen population estimates",/tmp/p01-d1-20260919-1irHPs/artifacts/d1_pu_20260919/diagnostics/only_envelope/seed_42/training_domains.csv
only_envelope,42,diagnostic,domain_risk,2,,,weight,,dimensionless,0.3333333432674408,0.3333333432674408,1000,0,1000,recorded,relative,correction,"equal-weight summaries of recorded source-training batch statistics; changing models, not frozen population estimates",/tmp/p01-d1-20260919-1irHPs/artifacts/d1_pu_20260919/diagnostics/only_envelope/seed_42/training_domains.csv
only_envelope,42,diagnostic,domain_risk,3,,,candidate_risk,,CE + beta Brier,1.164164176762104,1.175810158252716,1000,0,1000,recorded,relative,correction,"equal-weight summaries of recorded source-training batch statistics; changing models, not frozen population estimates",/tmp/p01-d1-20260919-1irHPs/artifacts/d1_pu_20260919/diagnostics/only_envelope/seed_42/training_domains.csv
only_envelope,42,diagnostic,domain_risk,3,,,reference_risk,,CE + beta Brier,0.9222612332701683,0.8979472815990448,1000,0,1000,recorded,relative,correction,"equal-weight summaries of recorded source-training batch statistics; changing models, not frozen population estimates",/tmp/p01-d1-20260919-1irHPs/artifacts/d1_pu_20260919/diagnostics/only_envelope/seed_42/training_domains.csv
only_envelope,42,diagnostic,domain_risk,3,,,excess,,CE + beta Brier,0.241902943007648,0.2383665293455124,1000,0,1000,recorded,relative,correction,"equal-weight summaries of recorded source-training batch statistics; changing models, not frozen population estimates",/tmp/p01-d1-20260919-1irHPs/artifacts/d1_pu_20260919/diagnostics/only_envelope/seed_42/training_domains.csv
only_envelope,42,diagnostic,domain_risk,3,,,weight,,dimensionless,0.3333333432674408,0.3333333432674408,1000,0,1000,recorded,relative,correction,"equal-weight summaries of recorded source-training batch statistics; changing models, not frozen population estimates",/tmp/p01-d1-20260919-1irHPs/artifacts/d1_pu_20260919/diagnostics/only_envelope/seed_42/training_domains.csv
only_envelope,42,diagnostic,reference_prior,,0,2,reference_risk_difference_over_rho,,dimensionless (c_i-c_j)/rho,-0.029796348690986633,-0.0015954971313476562,1000,0,1000,recorded,relative,correction,"equal-weight summaries of recorded source-training batch statistics; changing models, not frozen population estimates",/tmp/p01-d1-20260919-1irHPs/artifacts/d1_pu_20260919/diagnostics/only_envelope/seed_42/training_reference_prior.csv
only_envelope,42,diagnostic,reference_prior,,0,3,reference_risk_difference_over_rho,,dimensionless (c_i-c_j)/rho,-0.10750884282588959,-0.06258046627044678,1000,0,1000,recorded,relative,correction,"equal-weight summaries of recorded source-training batch statistics; changing models, not frozen population estimates",/tmp/p01-d1-20260919-1irHPs/artifacts/d1_pu_20260919/diagnostics/only_envelope/seed_42/training_reference_prior.csv
only_envelope,42,diagnostic,reference_prior,,2,3,reference_risk_difference_over_rho,,dimensionless (c_i-c_j)/rho,-0.07771249413490296,-0.056083083152770996,1000,0,1000,recorded,relative,correction,"equal-weight summaries of recorded source-training batch statistics; changing models, not frozen population estimates",/tmp/p01-d1-20260919-1irHPs/artifacts/d1_pu_20260919/diagnostics/only_envelope/seed_42/training_reference_prior.csv
only_envelope,42,diagnostic,response,0,,,A,,squared probability L2 norm,0.08385391817800701,0.08101008087396622,1000,0,1000,recorded,relative,correction,"equal-weight summaries of recorded source-training batch statistics; changing models, not frozen population estimates",/tmp/p01-d1-20260919-1irHPs/artifacts/d1_pu_20260919/diagnostics/only_envelope/seed_42/training_responses.csv
only_envelope,42,diagnostic,response,0,,,b,,probability inner product,-0.017369978183880447,-0.00534152053296566,1000,0,1000,recorded,relative,correction,"equal-weight summaries of recorded source-training batch statistics; changing models, not frozen population estimates",/tmp/p01-d1-20260919-1irHPs/artifacts/d1_pu_20260919/diagnostics/only_envelope/seed_42/training_responses.csv
only_envelope,42,diagnostic,response,0,,,sqrt_A,,probability L2 norm,0.283571339176317,0.28462269806232976,1000,0,1000,recorded,relative,correction,"equal-weight summaries of recorded source-training batch statistics; changing models, not frozen population estimates",/tmp/p01-d1-20260919-1irHPs/artifacts/d1_pu_20260919/diagnostics/only_envelope/seed_42/training_responses.csv
only_envelope,42,diagnostic,response,0,,,b_over_sqrt_A,,signed probability direction; undefined when A=0,-0.04692799651146223,-0.01909437264846337,1000,0,1000,recorded,relative,correction,"equal-weight summaries of recorded source-training batch statistics; changing models, not frozen population estimates",/tmp/p01-d1-20260919-1irHPs/artifacts/d1_pu_20260919/diagnostics/only_envelope/seed_42/training_responses.csv
only_envelope,42,diagnostic,response,0,,,delta_p0_squared_norm,,squared probability L2 norm,7.673261025556929e-14,5.007420259689477e-14,1000,0,1000,recorded,relative,correction,"equal-weight summaries of recorded source-training batch statistics; changing models, not frozen population estimates",/tmp/p01-d1-20260919-1irHPs/artifacts/d1_pu_20260919/diagnostics/only_envelope/seed_42/training_responses.csv
only_envelope,42,diagnostic,response,0,,,delta_q_squared_norm,,squared probability L2 norm,1.7611164263020563e-15,1.3322676295501878e-15,1000,0,1000,recorded,relative,correction,"equal-weight summaries of recorded source-training batch statistics; changing models, not frozen population estimates",/tmp/p01-d1-20260919-1irHPs/artifacts/d1_pu_20260919/diagnostics/only_envelope/seed_42/training_responses.csv
only_envelope,42,diagnostic,response,0,,,delta_v_squared_norm,,squared probability L2 norm,6.706250572224847e-14,4.3798298321462426e-14,1000,0,1000,recorded,relative,correction,"equal-weight summaries of recorded source-training batch statistics; changing models, not frozen population estimates",/tmp/p01-d1-20260919-1irHPs/artifacts/d1_pu_20260919/diagnostics/only_envelope/seed_42/training_responses.csv
only_envelope,42,diagnostic,response,0,,,delta_p0_mean_vector,0,signed probability; frozen class-order index,4.395297310111346e-09,2.546585164964199e-09,1000,0,1000,recorded,relative,correction,"equal-weight summaries of recorded source-training batch statistics; changing models, not frozen population estimates",/tmp/p01-d1-20260919-1irHPs/artifacts/d1_pu_20260919/diagnostics/only_envelope/seed_42/training_responses.csv
only_envelope,42,diagnostic,response,0,,,delta_p0_mean_vector,1,signed probability; frozen class-order index,-1.3206154108047485e-09,0.0,1000,0,1000,recorded,relative,correction,"equal-weight summaries of recorded source-training batch statistics; changing models, not frozen population estimates",/tmp/p01-d1-20260919-1irHPs/artifacts/d1_pu_20260919/diagnostics/only_envelope/seed_42/training_responses.csv
only_envelope,42,diagnostic,response,0,,,delta_p0_mean_vector,2,signed probability; frozen class-order index,1.5795230865478515e-09,0.0,1000,0,1000,recorded,relative,correction,"equal-weight summaries of recorded source-training batch statistics; changing models, not frozen population estimates",/tmp/p01-d1-20260919-1irHPs/artifacts/d1_pu_20260919/diagnostics/only_envelope/seed_42/training_responses.csv
only_envelope,42,diagnostic,response,0,,,delta_q_mean_vector,0,signed probability; frozen class-order index,4.0838494896888733e-10,0.0,1000,0,1000,recorded,relative,correction,"equal-weight summaries of recorded source-training batch statistics; changing models, not frozen population estimates",/tmp/p01-d1-20260919-1irHPs/artifacts/d1_pu_20260919/diagnostics/only_envelope/seed_42/training_responses.csv
only_envelope,42,diagnostic,response,0,,,delta_q_mean_vector,1,signed probability; frozen class-order index,-5.960464477539063e-10,0.0,1000,0,1000,recorded,relative,correction,"equal-weight summaries of recorded source-training batch statistics; changing models, not frozen population estimates",/tmp/p01-d1-20260919-1irHPs/artifacts/d1_pu_20260919/diagnostics/only_envelope/seed_42/training_responses.csv
only_envelope,42,diagnostic,response,0,,,delta_q_mean_vector,2,signed probability; frozen class-order index,-8.940696716308594e-11,0.0,1000,0,1000,recorded,relative,correction,"equal-weight summaries of recorded source-training batch statistics; changing models, not frozen population estimates",/tmp/p01-d1-20260919-1irHPs/artifacts/d1_pu_20260919/diagnostics/only_envelope/seed_42/training_responses.csv
only_envelope,42,diagnostic,response,0,,,delta_v_mean_vector,0,signed probability; frozen class-order index,-4.017259925603867e-09,-3.725290298461914e-09,1000,0,1000,recorded,relative,correction,"equal-weight summaries of recorded source-training batch statistics; changing models, not frozen population estimates",/tmp/p01-d1-20260919-1irHPs/artifacts/d1_pu_20260919/diagnostics/only_envelope/seed_42/training_responses.csv
only_envelope,42,diagnostic,response,0,,,delta_v_mean_vector,1,signed probability; frozen class-order index,7.115304470062256e-10,0.0,1000,0,1000,recorded,relative,correction,"equal-weight summaries of recorded source-training batch statistics; changing models, not frozen population estimates",/tmp/p01-d1-20260919-1irHPs/artifacts/d1_pu_20260919/diagnostics/only_envelope/seed_42/training_responses.csv
only_envelope,42,diagnostic,response,0,,,delta_v_mean_vector,2,signed probability; frozen class-order index,-1.6689300537109375e-09,0.0,1000,0,1000,recorded,relative,correction,"equal-weight summaries of recorded source-training batch statistics; changing models, not frozen population estimates",/tmp/p01-d1-20260919-1irHPs/artifacts/d1_pu_20260919/diagnostics/only_envelope/seed_42/training_responses.csv
only_envelope,42,diagnostic,response,2,,,A,,squared probability L2 norm,0.08259125668462367,0.07818867638707161,1000,0,1000,recorded,relative,correction,"equal-weight summaries of recorded source-training batch statistics; changing models, not frozen population estimates",/tmp/p01-d1-20260919-1irHPs/artifacts/d1_pu_20260919/diagnostics/only_envelope/seed_42/training_responses.csv
only_envelope,42,diagnostic,response,2,,,b,,probability inner product,-0.018984146702103317,-0.014525607228279114,1000,0,1000,recorded,relative,correction,"equal-weight summaries of recorded source-training batch statistics; changing models, not frozen population estimates",/tmp/p01-d1-20260919-1irHPs/artifacts/d1_pu_20260919/diagnostics/only_envelope/seed_42/training_responses.csv
only_envelope,42,diagnostic,response,2,,,sqrt_A,,probability L2 norm,0.2809454460782704,0.27962238128458305,1000,0,1000,recorded,relative,correction,"equal-weight summaries of recorded source-training batch statistics; changing models, not frozen population estimates",/tmp/p01-d1-20260919-1irHPs/artifacts/d1_pu_20260919/diagnostics/only_envelope/seed_42/training_responses.csv
only_envelope,42,diagnostic,response,2,,,b_over_sqrt_A,,signed probability direction; undefined when A=0,-0.05054915007979453,-0.05001670533063422,1000,0,1000,recorded,relative,correction,"equal-weight summaries of recorded source-training batch statistics; changing models, not frozen population estimates",/tmp/p01-d1-20260919-1irHPs/artifacts/d1_pu_20260919/diagnostics/only_envelope/seed_42/training_responses.csv
only_envelope,42,diagnostic,response,2,,,delta_p0_squared_norm,,squared probability L2 norm,9.167975429702602e-14,5.964684380633557e-14,1000,0,1000,recorded,relative,correction,"equal-weight summaries of recorded source-training batch statistics; changing models, not frozen population estimates",/tmp/p01-d1-20260919-1irHPs/artifacts/d1_pu_20260919/diagnostics/only_envelope/seed_42/training_responses.csv
only_envelope,42,diagnostic,response,2,,,delta_q_squared_norm,,squared probability L2 norm,1.9280965712908937e-15,1.4432899320127035e-15,1000,0,1000,recorded,relative,correction,"equal-weight summaries of recorded source-training batch statistics; changing models, not frozen population estimates",/tmp/p01-d1-20260919-1irHPs/artifacts/d1_pu_20260919/diagnostics/only_envelope/seed_42/training_responses.csv
only_envelope,42,diagnostic,response,2,,,delta_v_squared_norm,,squared probability L2 norm,8.045075022833358e-14,5.156985949383852e-14,1000,0,1000,recorded,relative,correction,"equal-weight summaries of recorded source-training batch statistics; changing models, not frozen population estimates",/tmp/p01-d1-20260919-1irHPs/artifacts/d1_pu_20260919/diagnostics/only_envelope/seed_42/training_responses.csv
only_envelope,42,diagnostic,response,2,,,delta_p0_mean_vector,0,signed probability; frozen class-order index,-1.2498858268372714e-09,-1.6698322724550962e-09,1000,0,1000,recorded,relative,correction,"equal-weight summaries of recorded source-training batch statistics; changing models, not frozen population estimates",/tmp/p01-d1-20260919-1irHPs/artifacts/d1_pu_20260919/diagnostics/only_envelope/seed_42/training_responses.csv
only_envelope,42,diagnostic,response,2,,,delta_p0_mean_vector,1,signed probability; frozen class-order index,-1.4118850231170654e-09,0.0,1000,0,1000,recorded,relative,correction,"equal-weight summaries of recorded source-training batch statistics; changing models, not frozen population estimates",/tmp/p01-d1-20260919-1irHPs/artifacts/d1_pu_20260919/diagnostics/only_envelope/seed_42/training_responses.csv
only_envelope,42,diagnostic,response,2,,,delta_p0_mean_vector,2,signed probability; frozen class-order index,2.380460500717163e-09,0.0,1000,0,1000,recorded,relative,correction,"equal-weight summaries of recorded source-training batch statistics; changing models, not frozen population estimates",/tmp/p01-d1-20260919-1irHPs/artifacts/d1_pu_20260919/diagnostics/only_envelope/seed_42/training_responses.csv
only_envelope,42,diagnostic,response,2,,,delta_q_mean_vector,0,signed probability; frozen class-order index,-2.421438694000244e-11,0.0,1000,0,1000,recorded,relative,correction,"equal-weight summaries of recorded source-training batch statistics; changing models, not frozen population estimates",/tmp/p01-d1-20260919-1irHPs/artifacts/d1_pu_20260919/diagnostics/only_envelope/seed_42/training_responses.csv
only_envelope,42,diagnostic,response,2,,,delta_q_mean_vector,1,signed probability; frozen class-order index,-1.0132789611816407e-09,0.0,1000,0,1000,recorded,relative,correction,"equal-weight summaries of recorded source-training batch statistics; changing models, not frozen population estimates",/tmp/p01-d1-20260919-1irHPs/artifacts/d1_pu_20260919/diagnostics/only_envelope/seed_42/training_responses.csv
only_envelope,42,diagnostic,response,2,,,delta_q_mean_vector,2,signed probability; frozen class-order index,1.0132789611816407e-09,0.0,1000,0,1000,recorded,relative,correction,"equal-weight summaries of recorded source-training batch statistics; changing models, not frozen population estimates",/tmp/p01-d1-20260919-1irHPs/artifacts/d1_pu_20260919/diagnostics/only_envelope/seed_42/training_responses.csv
only_envelope,42,diagnostic,response,2,,,delta_v_mean_vector,0,signed probability; frozen class-order index,1.1306256055831909e-09,1.3969838619232178e-09,1000,0,1000,recorded,relative,correction,"equal-weight summaries of recorded source-training batch statistics; changing models, not frozen population estimates",/tmp/p01-d1-20260919-1irHPs/artifacts/d1_pu_20260919/diagnostics/only_envelope/seed_42/training_responses.csv
only_envelope,42,diagnostic,response,2,,,delta_v_mean_vector,1,signed probability; frozen class-order index,4.246830940246582e-10,0.0,1000,0,1000,recorded,relative,correction,"equal-weight summaries of recorded source-training batch statistics; changing models, not frozen population estimates",/tmp/p01-d1-20260919-1irHPs/artifacts/d1_pu_20260919/diagnostics/only_envelope/seed_42/training_responses.csv
only_envelope,42,diagnostic,response,2,,,delta_v_mean_vector,2,signed probability; frozen class-order index,-1.3671815395355224e-09,0.0,1000,0,1000,recorded,relative,correction,"equal-weight summaries of recorded source-training batch statistics; changing models, not frozen population estimates",/tmp/p01-d1-20260919-1irHPs/artifacts/d1_pu_20260919/diagnostics/only_envelope/seed_42/training_responses.csv
only_envelope,42,diagnostic,response,3,,,A,,squared probability L2 norm,0.08649033720709849,0.08351689949631691,1000,0,1000,recorded,relative,correction,"equal-weight summaries of recorded source-training batch statistics; changing models, not frozen population estimates",/tmp/p01-d1-20260919-1irHPs/artifacts/d1_pu_20260919/diagnostics/only_envelope/seed_42/training_responses.csv
only_envelope,42,diagnostic,response,3,,,b,,probability inner product,-0.012988043730147183,-0.00699692964553833,1000,0,1000,recorded,relative,correction,"equal-weight summaries of recorded source-training batch statistics; changing models, not frozen population estimates",/tmp/p01-d1-20260919-1irHPs/artifacts/d1_pu_20260919/diagnostics/only_envelope/seed_42/training_responses.csv
only_envelope,42,diagnostic,response,3,,,sqrt_A,,probability L2 norm,0.2879742340588209,0.28899290551187784,1000,0,1000,recorded,relative,correction,"equal-weight summaries of recorded source-training batch statistics; changing models, not frozen population estimates",/tmp/p01-d1-20260919-1irHPs/artifacts/d1_pu_20260919/diagnostics/only_envelope/seed_42/training_responses.csv
only_envelope,42,diagnostic,response,3,,,b_over_sqrt_A,,signed probability direction; undefined when A=0,-0.028249855998627435,-0.022607331479831808,1000,0,1000,recorded,relative,correction,"equal-weight summaries of recorded source-training batch statistics; changing models, not frozen population estimates",/tmp/p01-d1-20260919-1irHPs/artifacts/d1_pu_20260919/diagnostics/only_envelope/seed_42/training_responses.csv
only_envelope,42,diagnostic,response,3,,,delta_p0_squared_norm,,squared probability L2 norm,8.8179166639129e-14,5.75251651868669e-14,1000,0,1000,recorded,relative,correction,"equal-weight summaries of recorded source-training batch statistics; changing models, not frozen population estimates",/tmp/p01-d1-20260919-1irHPs/artifacts/d1_pu_20260919/diagnostics/only_envelope/seed_42/training_responses.csv
only_envelope,42,diagnostic,response,3,,,delta_q_squared_norm,,squared probability L2 norm,1.886560352382105e-15,1.3322676295501878e-15,1000,0,1000,recorded,relative,correction,"equal-weight summaries of recorded source-training batch statistics; changing models, not frozen population estimates",/tmp/p01-d1-20260919-1irHPs/artifacts/d1_pu_20260919/diagnostics/only_envelope/seed_42/training_responses.csv
only_envelope,42,diagnostic,response,3,,,delta_v_squared_norm,,squared probability L2 norm,7.685049818739742e-14,4.954370247389761e-14,1000,0,1000,recorded,relative,correction,"equal-weight summaries of recorded source-training batch statistics; changing models, not frozen population estimates",/tmp/p01-d1-20260919-1irHPs/artifacts/d1_pu_20260919/diagnostics/only_envelope/seed_42/training_responses.csv
only_envelope,42,diagnostic,response,3,,,delta_p0_mean_vector,0,signed probability; frozen class-order index,-1.0029383702203632e-08,-2.939486876130104e-09,1000,0,1000,recorded,relative,correction,"equal-weight summaries of recorded source-training batch statistics; changing models, not frozen population estimates",/tmp/p01-d1-20260919-1irHPs/artifacts/d1_pu_20260919/diagnostics/only_envelope/seed_42/training_responses.csv
only_envelope,42,diagnostic,response,3,,,delta_p0_mean_vector,1,signed probability; frozen class-order index,2.5033950805664064e-09,0.0,1000,0,1000,recorded,relative,correction,"equal-weight summaries of recorded source-training batch statistics; changing models, not frozen population estimates",/tmp/p01-d1-20260919-1irHPs/artifacts/d1_pu_20260919/diagnostics/only_envelope/seed_42/training_responses.csv
only_envelope,42,diagnostic,response,3,,,delta_p0_mean_vector,2,signed probability; frozen class-order index,8.255243301391602e-09,7.450580596923828e-09,1000,0,1000,recorded,relative,correction,"equal-weight summaries of recorded source-training batch statistics; changing models, not frozen population estimates",/tmp/p01-d1-20260919-1irHPs/artifacts/d1_pu_20260919/diagnostics/only_envelope/seed_42/training_responses.csv
only_envelope,42,diagnostic,response,3,,,delta_q_mean_vector,0,signed probability; frozen class-order index,-9.55536961555481e-10,0.0,1000,0,1000,recorded,relative,correction,"equal-weight summaries of recorded source-training batch statistics; changing models, not frozen population estimates",/tmp/p01-d1-20260919-1irHPs/artifacts/d1_pu_20260919/diagnostics/only_envelope/seed_42/training_responses.csv
only_envelope,42,diagnostic,response,3,,,delta_q_mean_vector,1,signed probability; frozen class-order index,2.384185791015625e-10,0.0,1000,0,1000,recorded,relative,correction,"equal-weight summaries of recorded source-training batch statistics; changing models, not frozen population estimates",/tmp/p01-d1-20260919-1irHPs/artifacts/d1_pu_20260919/diagnostics/only_envelope/seed_42/training_responses.csv
only_envelope,42,diagnostic,response,3,,,delta_q_mean_vector,2,signed probability; frozen class-order index,3.129243850708008e-10,0.0,1000,0,1000,recorded,relative,correction,"equal-weight summaries of recorded source-training batch statistics; changing models, not frozen population estimates",/tmp/p01-d1-20260919-1irHPs/artifacts/d1_pu_20260919/diagnostics/only_envelope/seed_42/training_responses.csv
only_envelope,42,diagnostic,response,3,,,delta_v_mean_vector,0,signed probability; frozen class-order index,8.989125490188598e-09,3.725290298461914e-09,1000,0,1000,recorded,relative,correction,"equal-weight summaries of recorded source-training batch statistics; changing models, not frozen population estimates",/tmp/p01-d1-20260919-1irHPs/artifacts/d1_pu_20260919/diagnostics/only_envelope/seed_42/training_responses.csv
only_envelope,42,diagnostic,response,3,,,delta_v_mean_vector,1,signed probability; frozen class-order index,-2.3059546947479248e-09,0.0,1000,0,1000,recorded,relative,correction,"equal-weight summaries of recorded source-training batch statistics; changing models, not frozen population estimates",/tmp/p01-d1-20260919-1irHPs/artifacts/d1_pu_20260919/diagnostics/only_envelope/seed_42/training_responses.csv
only_envelope,42,diagnostic,response,3,,,delta_v_mean_vector,2,signed probability; frozen class-order index,-7.942318916320801e-09,-7.450580596923828e-09,1000,0,1000,recorded,relative,correction,"equal-weight summaries of recorded source-training batch statistics; changing models, not frozen population estimates",/tmp/p01-d1-20260919-1irHPs/artifacts/d1_pu_20260919/diagnostics/only_envelope/seed_42/training_responses.csv
only_envelope,42,diagnostic,objective,,,,loss,,CE + beta Brier + weighted consistency,0.25177623540721833,0.23974858969449997,1000,0,1000,recorded,relative,correction,"equal-weight summaries of recorded source-training batch statistics; changing models, not frozen population estimates",/tmp/p01-d1-20260919-1irHPs/artifacts/d1_pu_20260919/diagnostics/only_envelope/seed_42/training_batches.csv
only_envelope,42,diagnostic,objective,,,,risk_objective,,CE + beta Brier,0.25177623540721833,0.23974858969449997,1000,0,1000,recorded,relative,correction,"equal-weight summaries of recorded source-training batch statistics; changing models, not frozen population estimates",/tmp/p01-d1-20260919-1irHPs/artifacts/d1_pu_20260919/diagnostics/only_envelope/seed_42/training_batches.csv
only_envelope,42,diagnostic,objective,,,,diagnostic_excess,,CE + beta Brier,0.25177623540721833,0.23974858969449997,1000,0,1000,recorded,relative,correction,"equal-weight summaries of recorded source-training batch statistics; changing models, not frozen population estimates",/tmp/p01-d1-20260919-1irHPs/artifacts/d1_pu_20260919/diagnostics/only_envelope/seed_42/training_batches.csv
only_envelope,42,diagnostic,objective,,,,max_source_excess,,CE + beta Brier,0.4834197130650282,0.5057457387447357,1000,0,1000,recorded,relative,correction,"equal-weight summaries of recorded source-training batch statistics; changing models, not frozen population estimates",/tmp/p01-d1-20260919-1irHPs/artifacts/d1_pu_20260919/diagnostics/only_envelope/seed_42/training_batches.csv
only_envelope,42,diagnostic,objective,,,,source_envelope,,CE + beta Brier,0.6106143529266119,0.6196441352367401,1000,0,1000,recorded,relative,correction,"equal-weight summaries of recorded source-training batch statistics; changing models, not frozen population estimates",/tmp/p01-d1-20260919-1irHPs/artifacts/d1_pu_20260919/diagnostics/only_envelope/seed_42/training_batches.csv
only_envelope,42,diagnostic,objective,,,,correction_consistency,,unweighted squared probability L2 norm,7.478792009835399e-14,6.290338733293092e-14,1000,0,1000,recorded,relative,correction,"equal-weight summaries of recorded source-training batch statistics; changing models, not frozen population estimates",/tmp/p01-d1-20260919-1irHPs/artifacts/d1_pu_20260919/diagnostics/only_envelope/seed_42/training_batches.csv
only_envelope,42,diagnostic,objective,,,,candidate_output_consistency,,unweighted squared probability L2 norm,1.8585911733808834e-15,1.5566252167563746e-15,1000,0,1000,recorded,relative,correction,"equal-weight summaries of recorded source-training batch statistics; changing models, not frozen population estimates",/tmp/p01-d1-20260919-1irHPs/artifacts/d1_pu_20260919/diagnostics/only_envelope/seed_42/training_batches.csv
only_envelope,42,diagnostic,objective,,,,reference_output_consistency,,squared probability L2 norm,8.553051257439845e-14,7.071763218958506e-14,1000,0,1000,recorded,relative,correction,"equal-weight summaries of recorded source-training batch statistics; changing models, not frozen population estimates",/tmp/p01-d1-20260919-1irHPs/artifacts/d1_pu_20260919/diagnostics/only_envelope/seed_42/training_batches.csv
only_envelope,42,diagnostic,objective,,,,pair_penalty,,selected unweighted squared probability L2 norm,7.478792009835399e-14,6.290338733293092e-14,1000,0,1000,recorded,relative,correction,"equal-weight summaries of recorded source-training batch statistics; changing models, not frozen population estimates",/tmp/p01-d1-20260919-1irHPs/artifacts/d1_pu_20260919/diagnostics/only_envelope/seed_42/training_batches.csv
only_mexican_hat,42,diagnostic,domain_risk,0,,,candidate_risk,,CE + beta Brier,1.1049378381967545,1.0897589325904846,1000,0,1000,recorded,relative,correction,"equal-weight summaries of recorded source-training batch statistics; changing models, not frozen population estimates",/tmp/p01-d1-20260919-1irHPs/artifacts/d1_pu_20260919/diagnostics/only_mexican_hat/seed_42/training_domains.csv
only_mexican_hat,42,diagnostic,domain_risk,0,,,reference_risk,,CE + beta Brier,0.8953840225636959,0.8944948315620422,1000,0,1000,recorded,relative,correction,"equal-weight summaries of recorded source-training batch statistics; changing models, not frozen population estimates",/tmp/p01-d1-20260919-1irHPs/artifacts/d1_pu_20260919/diagnostics/only_mexican_hat/seed_42/training_domains.csv
only_mexican_hat,42,diagnostic,domain_risk,0,,,excess,,CE + beta Brier,0.2095538170579821,0.1865292638540268,1000,0,1000,recorded,relative,correction,"equal-weight summaries of recorded source-training batch statistics; changing models, not frozen population estimates",/tmp/p01-d1-20260919-1irHPs/artifacts/d1_pu_20260919/diagnostics/only_mexican_hat/seed_42/training_domains.csv
only_mexican_hat,42,diagnostic,domain_risk,0,,,weight,,dimensionless,0.3333333432674408,0.3333333432674408,1000,0,1000,recorded,relative,correction,"equal-weight summaries of recorded source-training batch statistics; changing models, not frozen population estimates",/tmp/p01-d1-20260919-1irHPs/artifacts/d1_pu_20260919/diagnostics/only_mexican_hat/seed_42/training_domains.csv
only_mexican_hat,42,diagnostic,domain_risk,2,,,candidate_risk,,CE + beta Brier,1.1211021574139595,1.0975040197372437,1000,0,1000,recorded,relative,correction,"equal-weight summaries of recorded source-training batch statistics; changing models, not frozen population estimates",/tmp/p01-d1-20260919-1irHPs/artifacts/d1_pu_20260919/diagnostics/only_mexican_hat/seed_42/training_domains.csv
only_mexican_hat,42,diagnostic,domain_risk,2,,,reference_risk,,CE + beta Brier,0.9028331097364426,0.8912161290645599,1000,0,1000,recorded,relative,correction,"equal-weight summaries of recorded source-training batch statistics; changing models, not frozen population estimates",/tmp/p01-d1-20260919-1irHPs/artifacts/d1_pu_20260919/diagnostics/only_mexican_hat/seed_42/training_domains.csv
only_mexican_hat,42,diagnostic,domain_risk,2,,,excess,,CE + beta Brier,0.21826904821023346,0.21604321897029877,1000,0,1000,recorded,relative,correction,"equal-weight summaries of recorded source-training batch statistics; changing models, not frozen population estimates",/tmp/p01-d1-20260919-1irHPs/artifacts/d1_pu_20260919/diagnostics/only_mexican_hat/seed_42/training_domains.csv
only_mexican_hat,42,diagnostic,domain_risk,2,,,weight,,dimensionless,0.3333333432674408,0.3333333432674408,1000,0,1000,recorded,relative,correction,"equal-weight summaries of recorded source-training batch statistics; changing models, not frozen population estimates",/tmp/p01-d1-20260919-1irHPs/artifacts/d1_pu_20260919/diagnostics/only_mexican_hat/seed_42/training_domains.csv
only_mexican_hat,42,diagnostic,domain_risk,3,,,candidate_risk,,CE + beta Brier,1.1152675741910933,1.0947325229644775,1000,0,1000,recorded,relative,correction,"equal-weight summaries of recorded source-training batch statistics; changing models, not frozen population estimates",/tmp/p01-d1-20260919-1irHPs/artifacts/d1_pu_20260919/diagnostics/only_mexican_hat/seed_42/training_domains.csv
only_mexican_hat,42,diagnostic,domain_risk,3,,,reference_risk,,CE + beta Brier,0.9222612332701683,0.8979472815990448,1000,0,1000,recorded,relative,correction,"equal-weight summaries of recorded source-training batch statistics; changing models, not frozen population estimates",/tmp/p01-d1-20260919-1irHPs/artifacts/d1_pu_20260919/diagnostics/only_mexican_hat/seed_42/training_domains.csv
only_mexican_hat,42,diagnostic,domain_risk,3,,,excess,,CE + beta Brier,0.19300634193606675,0.1694050207734108,1000,0,1000,recorded,relative,correction,"equal-weight summaries of recorded source-training batch statistics; changing models, not frozen population estimates",/tmp/p01-d1-20260919-1irHPs/artifacts/d1_pu_20260919/diagnostics/only_mexican_hat/seed_42/training_domains.csv
only_mexican_hat,42,diagnostic,domain_risk,3,,,weight,,dimensionless,0.3333333432674408,0.3333333432674408,1000,0,1000,recorded,relative,correction,"equal-weight summaries of recorded source-training batch statistics; changing models, not frozen population estimates",/tmp/p01-d1-20260919-1irHPs/artifacts/d1_pu_20260919/diagnostics/only_mexican_hat/seed_42/training_domains.csv
only_mexican_hat,42,diagnostic,reference_prior,,0,2,reference_risk_difference_over_rho,,dimensionless (c_i-c_j)/rho,-0.029796348690986633,-0.0015954971313476562,1000,0,1000,recorded,relative,correction,"equal-weight summaries of recorded source-training batch statistics; changing models, not frozen population estimates",/tmp/p01-d1-20260919-1irHPs/artifacts/d1_pu_20260919/diagnostics/only_mexican_hat/seed_42/training_reference_prior.csv
only_mexican_hat,42,diagnostic,reference_prior,,0,3,reference_risk_difference_over_rho,,dimensionless (c_i-c_j)/rho,-0.10750884282588959,-0.06258046627044678,1000,0,1000,recorded,relative,correction,"equal-weight summaries of recorded source-training batch statistics; changing models, not frozen population estimates",/tmp/p01-d1-20260919-1irHPs/artifacts/d1_pu_20260919/diagnostics/only_mexican_hat/seed_42/training_reference_prior.csv
only_mexican_hat,42,diagnostic,reference_prior,,2,3,reference_risk_difference_over_rho,,dimensionless (c_i-c_j)/rho,-0.07771249413490296,-0.056083083152770996,1000,0,1000,recorded,relative,correction,"equal-weight summaries of recorded source-training batch statistics; changing models, not frozen population estimates",/tmp/p01-d1-20260919-1irHPs/artifacts/d1_pu_20260919/diagnostics/only_mexican_hat/seed_42/training_reference_prior.csv
only_mexican_hat,42,diagnostic,response,0,,,A,,squared probability L2 norm,0.0770458184927702,0.07007934525609016,1000,0,1000,recorded,relative,correction,"equal-weight summaries of recorded source-training batch statistics; changing models, not frozen population estimates",/tmp/p01-d1-20260919-1irHPs/artifacts/d1_pu_20260919/diagnostics/only_mexican_hat/seed_42/training_responses.csv
only_mexican_hat,42,diagnostic,response,0,,,b,,probability inner product,-0.009093671042472124,0.0001986287534236908,1000,0,1000,recorded,relative,correction,"equal-weight summaries of recorded source-training batch statistics; changing models, not frozen population estimates",/tmp/p01-d1-20260919-1irHPs/artifacts/d1_pu_20260919/diagnostics/only_mexican_hat/seed_42/training_responses.csv
only_mexican_hat,42,diagnostic,response,0,,,sqrt_A,,probability L2 norm,0.2702563549409419,0.26472496221566766,1000,0,1000,recorded,relative,correction,"equal-weight summaries of recorded source-training batch statistics; changing models, not frozen population estimates",/tmp/p01-d1-20260919-1irHPs/artifacts/d1_pu_20260919/diagnostics/only_mexican_hat/seed_42/training_responses.csv
only_mexican_hat,42,diagnostic,response,0,,,b_over_sqrt_A,,signed probability direction; undefined when A=0,-0.013705414350865208,0.0006154047345834461,1000,0,1000,recorded,relative,correction,"equal-weight summaries of recorded source-training batch statistics; changing models, not frozen population estimates",/tmp/p01-d1-20260919-1irHPs/artifacts/d1_pu_20260919/diagnostics/only_mexican_hat/seed_42/training_responses.csv
only_mexican_hat,42,diagnostic,response,0,,,delta_p0_squared_norm,,squared probability L2 norm,7.673261025556929e-14,5.007420259689477e-14,1000,0,1000,recorded,relative,correction,"equal-weight summaries of recorded source-training batch statistics; changing models, not frozen population estimates",/tmp/p01-d1-20260919-1irHPs/artifacts/d1_pu_20260919/diagnostics/only_mexican_hat/seed_42/training_responses.csv
only_mexican_hat,42,diagnostic,response,0,,,delta_q_squared_norm,,squared probability L2 norm,1.6607832610456286e-06,9.427987492927059e-07,1000,0,1000,recorded,relative,correction,"equal-weight summaries of recorded source-training batch statistics; changing models, not frozen population estimates",/tmp/p01-d1-20260919-1irHPs/artifacts/d1_pu_20260919/diagnostics/only_mexican_hat/seed_42/training_responses.csv
only_mexican_hat,42,diagnostic,response,0,,,delta_v_squared_norm,,squared probability L2 norm,1.6608148646328757e-06,9.428563032543025e-07,1000,0,1000,recorded,relative,correction,"equal-weight summaries of recorded source-training batch statistics; changing models, not frozen population estimates",/tmp/p01-d1-20260919-1irHPs/artifacts/d1_pu_20260919/diagnostics/only_mexican_hat/seed_42/training_responses.csv
only_mexican_hat,42,diagnostic,response,0,,,delta_p0_mean_vector,0,signed probability; frozen class-order index,4.395297310111346e-09,2.546585164964199e-09,1000,0,1000,recorded,relative,correction,"equal-weight summaries of recorded source-training batch statistics; changing models, not frozen population estimates",/tmp/p01-d1-20260919-1irHPs/artifacts/d1_pu_20260919/diagnostics/only_mexican_hat/seed_42/training_responses.csv
only_mexican_hat,42,diagnostic,response,0,,,delta_p0_mean_vector,1,signed probability; frozen class-order index,-1.3206154108047485e-09,0.0,1000,0,1000,recorded,relative,correction,"equal-weight summaries of recorded source-training batch statistics; changing models, not frozen population estimates",/tmp/p01-d1-20260919-1irHPs/artifacts/d1_pu_20260919/diagnostics/only_mexican_hat/seed_42/training_responses.csv
only_mexican_hat,42,diagnostic,response,0,,,delta_p0_mean_vector,2,signed probability; frozen class-order index,1.5795230865478515e-09,0.0,1000,0,1000,recorded,relative,correction,"equal-weight summaries of recorded source-training batch statistics; changing models, not frozen population estimates",/tmp/p01-d1-20260919-1irHPs/artifacts/d1_pu_20260919/diagnostics/only_mexican_hat/seed_42/training_responses.csv
only_mexican_hat,42,diagnostic,response,0,,,delta_q_mean_vector,0,signed probability; frozen class-order index,-3.498739330098033e-05,-3.2726675271987915e-06,1000,0,1000,recorded,relative,correction,"equal-weight summaries of recorded source-training batch statistics; changing models, not frozen population estimates",/tmp/p01-d1-20260919-1irHPs/artifacts/d1_pu_20260919/diagnostics/only_mexican_hat/seed_42/training_responses.csv
only_mexican_hat,42,diagnostic,response,0,,,delta_q_mean_vector,1,signed probability; frozen class-order index,3.755951672792435e-05,1.35079026222229e-05,1000,0,1000,recorded,relative,correction,"equal-weight summaries of recorded source-training batch statistics; changing models, not frozen population estimates",/tmp/p01-d1-20260919-1irHPs/artifacts/d1_pu_20260919/diagnostics/only_mexican_hat/seed_42/training_responses.csv
only_mexican_hat,42,diagnostic,response,0,,,delta_q_mean_vector,2,signed probability; frozen class-order index,-2.572111785411835e-06,-1.2069940567016602e-06,1000,0,1000,recorded,relative,correction,"equal-weight summaries of recorded source-training batch statistics; changing models, not frozen population estimates",/tmp/p01-d1-20260919-1irHPs/artifacts/d1_pu_20260919/diagnostics/only_mexican_hat/seed_42/training_responses.csv
only_mexican_hat,42,diagnostic,response,0,,,delta_v_mean_vector,0,signed probability; frozen class-order index,-3.49918301217258e-05,-3.2670795917510986e-06,1000,0,1000,recorded,relative,correction,"equal-weight summaries of recorded source-training batch statistics; changing models, not frozen population estimates",/tmp/p01-d1-20260919-1irHPs/artifacts/d1_pu_20260919/diagnostics/only_mexican_hat/seed_42/training_responses.csv
only_mexican_hat,42,diagnostic,response,0,,,delta_v_mean_vector,1,signed probability; frozen class-order index,3.75608392059803e-05,1.3509765267372131e-05,1000,0,1000,recorded,relative,correction,"equal-weight summaries of recorded source-training batch statistics; changing models, not frozen population estimates",/tmp/p01-d1-20260919-1irHPs/artifacts/d1_pu_20260919/diagnostics/only_mexican_hat/seed_42/training_responses.csv
only_mexican_hat,42,diagnostic,response,0,,,delta_v_mean_vector,2,signed probability; frozen class-order index,-2.5736913084983826e-06,-1.1883676052093506e-06,1000,0,1000,recorded,relative,correction,"equal-weight summaries of recorded source-training batch statistics; changing models, not frozen population estimates",/tmp/p01-d1-20260919-1irHPs/artifacts/d1_pu_20260919/diagnostics/only_mexican_hat/seed_42/training_responses.csv
only_mexican_hat,42,diagnostic,response,2,,,A,,squared probability L2 norm,0.07787962410319596,0.0687447115778923,1000,0,1000,recorded,relative,correction,"equal-weight summaries of recorded source-training batch statistics; changing models, not frozen population estimates",/tmp/p01-d1-20260919-1irHPs/artifacts/d1_pu_20260919/diagnostics/only_mexican_hat/seed_42/training_responses.csv
only_mexican_hat,42,diagnostic,response,2,,,b,,probability inner product,-0.012294975196942688,-0.011814502999186516,1000,0,1000,recorded,relative,correction,"equal-weight summaries of recorded source-training batch statistics; changing models, not frozen population estimates",/tmp/p01-d1-20260919-1irHPs/artifacts/d1_pu_20260919/diagnostics/only_mexican_hat/seed_42/training_responses.csv
only_mexican_hat,42,diagnostic,response,2,,,sqrt_A,,probability L2 norm,0.2711458677206044,0.26219207028953206,1000,0,1000,recorded,relative,correction,"equal-weight summaries of recorded source-training batch statistics; changing models, not frozen population estimates",/tmp/p01-d1-20260919-1irHPs/artifacts/d1_pu_20260919/diagnostics/only_mexican_hat/seed_42/training_responses.csv
only_mexican_hat,42,diagnostic,response,2,,,b_over_sqrt_A,,signed probability direction; undefined when A=0,-0.023412909360278327,-0.04491755914138393,1000,0,1000,recorded,relative,correction,"equal-weight summaries of recorded source-training batch statistics; changing models, not frozen population estimates",/tmp/p01-d1-20260919-1irHPs/artifacts/d1_pu_20260919/diagnostics/only_mexican_hat/seed_42/training_responses.csv
only_mexican_hat,42,diagnostic,response,2,,,delta_p0_squared_norm,,squared probability L2 norm,9.167975429702602e-14,5.964684380633557e-14,1000,0,1000,recorded,relative,correction,"equal-weight summaries of recorded source-training batch statistics; changing models, not frozen population estimates",/tmp/p01-d1-20260919-1irHPs/artifacts/d1_pu_20260919/diagnostics/only_mexican_hat/seed_42/training_responses.csv
only_mexican_hat,42,diagnostic,response,2,,,delta_q_squared_norm,,squared probability L2 norm,1.593751552135314e-06,9.079994640615041e-07,1000,0,1000,recorded,relative,correction,"equal-weight summaries of recorded source-training batch statistics; changing models, not frozen population estimates",/tmp/p01-d1-20260919-1irHPs/artifacts/d1_pu_20260919/diagnostics/only_mexican_hat/seed_42/training_responses.csv
only_mexican_hat,42,diagnostic,response,2,,,delta_v_squared_norm,,squared probability L2 norm,1.5937196994120217e-06,9.079348046725499e-07,1000,0,1000,recorded,relative,correction,"equal-weight summaries of recorded source-training batch statistics; changing models, not frozen population estimates",/tmp/p01-d1-20260919-1irHPs/artifacts/d1_pu_20260919/diagnostics/only_mexican_hat/seed_42/training_responses.csv
only_mexican_hat,42,diagnostic,response,2,,,delta_p0_mean_vector,0,signed probability; frozen class-order index,-1.2498858268372714e-09,-1.6698322724550962e-09,1000,0,1000,recorded,relative,correction,"equal-weight summaries of recorded source-training batch statistics; changing models, not frozen population estimates",/tmp/p01-d1-20260919-1irHPs/artifacts/d1_pu_20260919/diagnostics/only_mexican_hat/seed_42/training_responses.csv
only_mexican_hat,42,diagnostic,response,2,,,delta_p0_mean_vector,1,signed probability; frozen class-order index,-1.4118850231170654e-09,0.0,1000,0,1000,recorded,relative,correction,"equal-weight summaries of recorded source-training batch statistics; changing models, not frozen population estimates",/tmp/p01-d1-20260919-1irHPs/artifacts/d1_pu_20260919/diagnostics/only_mexican_hat/seed_42/training_responses.csv
only_mexican_hat,42,diagnostic,response,2,,,delta_p0_mean_vector,2,signed probability; frozen class-order index,2.380460500717163e-09,0.0,1000,0,1000,recorded,relative,correction,"equal-weight summaries of recorded source-training batch statistics; changing models, not frozen population estimates",/tmp/p01-d1-20260919-1irHPs/artifacts/d1_pu_20260919/diagnostics/only_mexican_hat/seed_42/training_responses.csv
only_mexican_hat,42,diagnostic,response,2,,,delta_q_mean_vector,0,signed probability; frozen class-order index,-1.7141962423920633e-05,-4.578381776809692e-06,1000,0,1000,recorded,relative,correction,"equal-weight summaries of recorded source-training batch statistics; changing models, not frozen population estimates",/tmp/p01-d1-20260919-1irHPs/artifacts/d1_pu_20260919/diagnostics/only_mexican_hat/seed_42/training_responses.csv
only_mexican_hat,42,diagnostic,response,2,,,delta_q_mean_vector,1,signed probability; frozen class-order index,1.6360167413949968e-05,7.409602403640747e-06,1000,0,1000,recorded,relative,correction,"equal-weight summaries of recorded source-training batch statistics; changing models, not frozen population estimates",/tmp/p01-d1-20260919-1irHPs/artifacts/d1_pu_20260919/diagnostics/only_mexican_hat/seed_42/training_responses.csv
only_mexican_hat,42,diagnostic,response,2,,,delta_q_mean_vector,2,signed probability; frozen class-order index,7.832199335098267e-07,-3.632158041000366e-06,1000,0,1000,recorded,relative,correction,"equal-weight summaries of recorded source-training batch statistics; changing models, not frozen population estimates",/tmp/p01-d1-20260919-1irHPs/artifacts/d1_pu_20260919/diagnostics/only_mexican_hat/seed_42/training_responses.csv
only_mexican_hat,42,diagnostic,response,2,,,delta_v_mean_vector,0,signed probability; frozen class-order index,-1.7140625976026058e-05,-4.557892680168152e-06,1000,0,1000,recorded,relative,correction,"equal-weight summaries of recorded source-training batch statistics; changing models, not frozen population estimates",/tmp/p01-d1-20260919-1irHPs/artifacts/d1_pu_20260919/diagnostics/only_mexican_hat/seed_42/training_responses.csv
only_mexican_hat,42,diagnostic,response,2,,,delta_v_mean_vector,1,signed probability; frozen class-order index,1.6361631453037263e-05,7.485970854759216e-06,1000,0,1000,recorded,relative,correction,"equal-weight summaries of recorded source-training batch statistics; changing models, not frozen population estimates",/tmp/p01-d1-20260919-1irHPs/artifacts/d1_pu_20260919/diagnostics/only_mexican_hat/seed_42/training_responses.csv
only_mexican_hat,42,diagnostic,response,2,,,delta_v_mean_vector,2,signed probability; frozen class-order index,7.808394730091095e-07,-3.67872416973114e-06,1000,0,1000,recorded,relative,correction,"equal-weight summaries of recorded source-training batch statistics; changing models, not frozen population estimates",/tmp/p01-d1-20260919-1irHPs/artifacts/d1_pu_20260919/diagnostics/only_mexican_hat/seed_42/training_responses.csv
only_mexican_hat,42,diagnostic,response,3,,,A,,squared probability L2 norm,0.0785814481722191,0.07083963602781296,1000,0,1000,recorded,relative,correction,"equal-weight summaries of recorded source-training batch statistics; changing models, not frozen population estimates",/tmp/p01-d1-20260919-1irHPs/artifacts/d1_pu_20260919/diagnostics/only_mexican_hat/seed_42/training_responses.csv
only_mexican_hat,42,diagnostic,response,3,,,b,,probability inner product,-0.004111682121641934,0.004584331065416336,1000,0,1000,recorded,relative,correction,"equal-weight summaries of recorded source-training batch statistics; changing models, not frozen population estimates",/tmp/p01-d1-20260919-1irHPs/artifacts/d1_pu_20260919/diagnostics/only_mexican_hat/seed_42/training_responses.csv
only_mexican_hat,42,diagnostic,response,3,,,sqrt_A,,probability L2 norm,0.2724616410455779,0.26615716262937483,1000,0,1000,recorded,relative,correction,"equal-weight summaries of recorded source-training batch statistics; changing models, not frozen population estimates",/tmp/p01-d1-20260919-1irHPs/artifacts/d1_pu_20260919/diagnostics/only_mexican_hat/seed_42/training_responses.csv
only_mexican_hat,42,diagnostic,response,3,,,b_over_sqrt_A,,signed probability direction; undefined when A=0,0.011751791156270765,0.01747453862277239,1000,0,1000,recorded,relative,correction,"equal-weight summaries of recorded source-training batch statistics; changing models, not frozen population estimates",/tmp/p01-d1-20260919-1irHPs/artifacts/d1_pu_20260919/diagnostics/only_mexican_hat/seed_42/training_responses.csv
only_mexican_hat,42,diagnostic,response,3,,,delta_p0_squared_norm,,squared probability L2 norm,8.8179166639129e-14,5.75251651868669e-14,1000,0,1000,recorded,relative,correction,"equal-weight summaries of recorded source-training batch statistics; changing models, not frozen population estimates",/tmp/p01-d1-20260919-1irHPs/artifacts/d1_pu_20260919/diagnostics/only_mexican_hat/seed_42/training_responses.csv
only_mexican_hat,42,diagnostic,response,3,,,delta_q_squared_norm,,squared probability L2 norm,1.6367302321024236e-06,8.566838403112342e-07,1000,0,1000,recorded,relative,correction,"equal-weight summaries of recorded source-training batch statistics; changing models, not frozen population estimates",/tmp/p01-d1-20260919-1irHPs/artifacts/d1_pu_20260919/diagnostics/only_mexican_hat/seed_42/training_responses.csv
only_mexican_hat,42,diagnostic,response,3,,,delta_v_squared_norm,,squared probability L2 norm,1.6367195948348567e-06,8.567595841668663e-07,1000,0,1000,recorded,relative,correction,"equal-weight summaries of recorded source-training batch statistics; changing models, not frozen population estimates",/tmp/p01-d1-20260919-1irHPs/artifacts/d1_pu_20260919/diagnostics/only_mexican_hat/seed_42/training_responses.csv
only_mexican_hat,42,diagnostic,response,3,,,delta_p0_mean_vector,0,signed probability; frozen class-order index,-1.0029383702203632e-08,-2.939486876130104e-09,1000,0,1000,recorded,relative,correction,"equal-weight summaries of recorded source-training batch statistics; changing models, not frozen population estimates",/tmp/p01-d1-20260919-1irHPs/artifacts/d1_pu_20260919/diagnostics/only_mexican_hat/seed_42/training_responses.csv
only_mexican_hat,42,diagnostic,response,3,,,delta_p0_mean_vector,1,signed probability; frozen class-order index,2.5033950805664064e-09,0.0,1000,0,1000,recorded,relative,correction,"equal-weight summaries of recorded source-training batch statistics; changing models, not frozen population estimates",/tmp/p01-d1-20260919-1irHPs/artifacts/d1_pu_20260919/diagnostics/only_mexican_hat/seed_42/training_responses.csv
only_mexican_hat,42,diagnostic,response,3,,,delta_p0_mean_vector,2,signed probability; frozen class-order index,8.255243301391602e-09,7.450580596923828e-09,1000,0,1000,recorded,relative,correction,"equal-weight summaries of recorded source-training batch statistics; changing models, not frozen population estimates",/tmp/p01-d1-20260919-1irHPs/artifacts/d1_pu_20260919/diagnostics/only_mexican_hat/seed_42/training_responses.csv
only_mexican_hat,42,diagnostic,response,3,,,delta_q_mean_vector,0,signed probability; frozen class-order index,-2.8395161032676697e-05,-8.892267942428589e-06,1000,0,1000,recorded,relative,correction,"equal-weight summaries of recorded source-training batch statistics; changing models, not frozen population estimates",/tmp/p01-d1-20260919-1irHPs/artifacts/d1_pu_20260919/diagnostics/only_mexican_hat/seed_42/training_responses.csv
only_mexican_hat,42,diagnostic,response,3,,,delta_q_mean_vector,1,signed probability; frozen class-order index,-4.833195358514786e-06,-4.071742296218872e-06,1000,0,1000,recorded,relative,correction,"equal-weight summaries of recorded source-training batch statistics; changing models, not frozen population estimates",/tmp/p01-d1-20260919-1irHPs/artifacts/d1_pu_20260919/diagnostics/only_mexican_hat/seed_42/training_responses.csv
only_mexican_hat,42,diagnostic,response,3,,,delta_q_mean_vector,2,signed probability; frozen class-order index,3.322946280241013e-05,5.032867193222046e-06,1000,0,1000,recorded,relative,correction,"equal-weight summaries of recorded source-training batch statistics; changing models, not frozen population estimates",/tmp/p01-d1-20260919-1irHPs/artifacts/d1_pu_20260919/diagnostics/only_mexican_hat/seed_42/training_responses.csv
only_mexican_hat,42,diagnostic,response,3,,,delta_v_mean_vector,0,signed probability; frozen class-order index,-2.8385193087160586e-05,-8.897855877876282e-06,1000,0,1000,recorded,relative,correction,"equal-weight summaries of recorded source-training batch statistics; changing models, not frozen population estimates",/tmp/p01-d1-20260919-1irHPs/artifacts/d1_pu_20260919/diagnostics/only_mexican_hat/seed_42/training_responses.csv
only_mexican_hat,42,diagnostic,response,3,,,delta_v_mean_vector,1,signed probability; frozen class-order index,-4.83575277030468e-06,-4.038214683532715e-06,1000,0,1000,recorded,relative,correction,"equal-weight summaries of recorded source-training batch statistics; changing models, not frozen population estimates",/tmp/p01-d1-20260919-1irHPs/artifacts/d1_pu_20260919/diagnostics/only_mexican_hat/seed_42/training_responses.csv
only_mexican_hat,42,diagnostic,response,3,,,delta_v_mean_vector,2,signed probability; frozen class-order index,3.3221207559108734e-05,5.0514936447143555e-06,1000,0,1000,recorded,relative,correction,"equal-weight summaries of recorded source-training batch statistics; changing models, not frozen population estimates",/tmp/p01-d1-20260919-1irHPs/artifacts/d1_pu_20260919/diagnostics/only_mexican_hat/seed_42/training_responses.csv
only_mexican_hat,42,diagnostic,objective,,,,loss,,CE + beta Brier + weighted consistency,0.20694307511427906,0.1873498409986496,1000,0,1000,recorded,relative,correction,"equal-weight summaries of recorded source-training batch statistics; changing models, not frozen population estimates",/tmp/p01-d1-20260919-1irHPs/artifacts/d1_pu_20260919/diagnostics/only_mexican_hat/seed_42/training_batches.csv
only_mexican_hat,42,diagnostic,objective,,,,risk_objective,,CE + beta Brier,0.20694307511427906,0.1873498409986496,1000,0,1000,recorded,relative,correction,"equal-weight summaries of recorded source-training batch statistics; changing models, not frozen population estimates",/tmp/p01-d1-20260919-1irHPs/artifacts/d1_pu_20260919/diagnostics/only_mexican_hat/seed_42/training_batches.csv
only_mexican_hat,42,diagnostic,objective,,,,diagnostic_excess,,CE + beta Brier,0.20694307511427906,0.1873498409986496,1000,0,1000,recorded,relative,correction,"equal-weight summaries of recorded source-training batch statistics; changing models, not frozen population estimates",/tmp/p01-d1-20260919-1irHPs/artifacts/d1_pu_20260919/diagnostics/only_mexican_hat/seed_42/training_batches.csv
only_mexican_hat,42,diagnostic,objective,,,,max_source_excess,,CE + beta Brier,0.4700414105691016,0.4726713299751282,1000,0,1000,recorded,relative,correction,"equal-weight summaries of recorded source-training batch statistics; changing models, not frozen population estimates",/tmp/p01-d1-20260919-1irHPs/artifacts/d1_pu_20260919/diagnostics/only_mexican_hat/seed_42/training_batches.csv
only_mexican_hat,42,diagnostic,objective,,,,source_envelope,,CE + beta Brier,0.5874895850419998,0.5804327130317688,1000,0,1000,recorded,relative,correction,"equal-weight summaries of recorded source-training batch statistics; changing models, not frozen population estimates",/tmp/p01-d1-20260919-1irHPs/artifacts/d1_pu_20260919/diagnostics/only_mexican_hat/seed_42/training_batches.csv
only_mexican_hat,42,diagnostic,objective,,,,correction_consistency,,unweighted squared probability L2 norm,1.6304181009622609e-06,1.0005523449763132e-06,1000,0,1000,recorded,relative,correction,"equal-weight summaries of recorded source-training batch statistics; changing models, not frozen population estimates",/tmp/p01-d1-20260919-1irHPs/artifacts/d1_pu_20260919/diagnostics/only_mexican_hat/seed_42/training_batches.csv
only_mexican_hat,42,diagnostic,objective,,,,candidate_output_consistency,,unweighted squared probability L2 norm,1.6304217255563857e-06,1.000639429094008e-06,1000,0,1000,recorded,relative,correction,"equal-weight summaries of recorded source-training batch statistics; changing models, not frozen population estimates",/tmp/p01-d1-20260919-1irHPs/artifacts/d1_pu_20260919/diagnostics/only_mexican_hat/seed_42/training_batches.csv
only_mexican_hat,42,diagnostic,objective,,,,reference_output_consistency,,squared probability L2 norm,8.553051257439845e-14,7.071763218958506e-14,1000,0,1000,recorded,relative,correction,"equal-weight summaries of recorded source-training batch statistics; changing models, not frozen population estimates",/tmp/p01-d1-20260919-1irHPs/artifacts/d1_pu_20260919/diagnostics/only_mexican_hat/seed_42/training_batches.csv
only_mexican_hat,42,diagnostic,objective,,,,pair_penalty,,selected unweighted squared probability L2 norm,1.6304181009622609e-06,1.0005523449763132e-06,1000,0,1000,recorded,relative,correction,"equal-weight summaries of recorded source-training batch statistics; changing models, not frozen population estimates",/tmp/p01-d1-20260919-1irHPs/artifacts/d1_pu_20260919/diagnostics/only_mexican_hat/seed_42/training_batches.csv
only_morlet,42,diagnostic,domain_risk,0,,,candidate_risk,,CE + beta Brier,1.1109291422367096,1.0938076376914978,1000,0,1000,recorded,relative,correction,"equal-weight summaries of recorded source-training batch statistics; changing models, not frozen population estimates",/tmp/p01-d1-20260919-1irHPs/artifacts/d1_pu_20260919/diagnostics/only_morlet/seed_42/training_domains.csv
only_morlet,42,diagnostic,domain_risk,0,,,reference_risk,,CE + beta Brier,0.8953840225636959,0.8944948315620422,1000,0,1000,recorded,relative,correction,"equal-weight summaries of recorded source-training batch statistics; changing models, not frozen population estimates",/tmp/p01-d1-20260919-1irHPs/artifacts/d1_pu_20260919/diagnostics/only_morlet/seed_42/training_domains.csv
only_morlet,42,diagnostic,domain_risk,0,,,excess,,CE + beta Brier,0.21554512163251638,0.19228184968233109,1000,0,1000,recorded,relative,correction,"equal-weight summaries of recorded source-training batch statistics; changing models, not frozen population estimates",/tmp/p01-d1-20260919-1irHPs/artifacts/d1_pu_20260919/diagnostics/only_morlet/seed_42/training_domains.csv
only_morlet,42,diagnostic,domain_risk,0,,,weight,,dimensionless,0.3333333432674408,0.3333333432674408,1000,0,1000,recorded,relative,correction,"equal-weight summaries of recorded source-training batch statistics; changing models, not frozen population estimates",/tmp/p01-d1-20260919-1irHPs/artifacts/d1_pu_20260919/diagnostics/only_morlet/seed_42/training_domains.csv
only_morlet,42,diagnostic,domain_risk,2,,,candidate_risk,,CE + beta Brier,1.1226663827300072,1.1049780249595642,1000,0,1000,recorded,relative,correction,"equal-weight summaries of recorded source-training batch statistics; changing models, not frozen population estimates",/tmp/p01-d1-20260919-1irHPs/artifacts/d1_pu_20260919/diagnostics/only_morlet/seed_42/training_domains.csv
only_morlet,42,diagnostic,domain_risk,2,,,reference_risk,,CE + beta Brier,0.9028331097364426,0.8912161290645599,1000,0,1000,recorded,relative,correction,"equal-weight summaries of recorded source-training batch statistics; changing models, not frozen population estimates",/tmp/p01-d1-20260919-1irHPs/artifacts/d1_pu_20260919/diagnostics/only_morlet/seed_42/training_domains.csv
only_morlet,42,diagnostic,domain_risk,2,,,excess,,CE + beta Brier,0.21983327423967422,0.22062260657548904,1000,0,1000,recorded,relative,correction,"equal-weight summaries of recorded source-training batch statistics; changing models, not frozen population estimates",/tmp/p01-d1-20260919-1irHPs/artifacts/d1_pu_20260919/diagnostics/only_morlet/seed_42/training_domains.csv
only_morlet,42,diagnostic,domain_risk,2,,,weight,,dimensionless,0.3333333432674408,0.3333333432674408,1000,0,1000,recorded,relative,correction,"equal-weight summaries of recorded source-training batch statistics; changing models, not frozen population estimates",/tmp/p01-d1-20260919-1irHPs/artifacts/d1_pu_20260919/diagnostics/only_morlet/seed_42/training_domains.csv
only_morlet,42,diagnostic,domain_risk,3,,,candidate_risk,,CE + beta Brier,1.1137884004712104,1.0917683839797974,1000,0,1000,recorded,relative,correction,"equal-weight summaries of recorded source-training batch statistics; changing models, not frozen population estimates",/tmp/p01-d1-20260919-1irHPs/artifacts/d1_pu_20260919/diagnostics/only_morlet/seed_42/training_domains.csv
only_morlet,42,diagnostic,domain_risk,3,,,reference_risk,,CE + beta Brier,0.9222612332701683,0.8979472815990448,1000,0,1000,recorded,relative,correction,"equal-weight summaries of recorded source-training batch statistics; changing models, not frozen population estimates",/tmp/p01-d1-20260919-1irHPs/artifacts/d1_pu_20260919/diagnostics/only_morlet/seed_42/training_domains.csv
only_morlet,42,diagnostic,domain_risk,3,,,excess,,CE + beta Brier,0.19152716871164738,0.1788063645362854,1000,0,1000,recorded,relative,correction,"equal-weight summaries of recorded source-training batch statistics; changing models, not frozen population estimates",/tmp/p01-d1-20260919-1irHPs/artifacts/d1_pu_20260919/diagnostics/only_morlet/seed_42/training_domains.csv
only_morlet,42,diagnostic,domain_risk,3,,,weight,,dimensionless,0.3333333432674408,0.3333333432674408,1000,0,1000,recorded,relative,correction,"equal-weight summaries of recorded source-training batch statistics; changing models, not frozen population estimates",/tmp/p01-d1-20260919-1irHPs/artifacts/d1_pu_20260919/diagnostics/only_morlet/seed_42/training_domains.csv
only_morlet,42,diagnostic,reference_prior,,0,2,reference_risk_difference_over_rho,,dimensionless (c_i-c_j)/rho,-0.029796348690986633,-0.0015954971313476562,1000,0,1000,recorded,relative,correction,"equal-weight summaries of recorded source-training batch statistics; changing models, not frozen population estimates",/tmp/p01-d1-20260919-1irHPs/artifacts/d1_pu_20260919/diagnostics/only_morlet/seed_42/training_reference_prior.csv
only_morlet,42,diagnostic,reference_prior,,0,3,reference_risk_difference_over_rho,,dimensionless (c_i-c_j)/rho,-0.10750884282588959,-0.06258046627044678,1000,0,1000,recorded,relative,correction,"equal-weight summaries of recorded source-training batch statistics; changing models, not frozen population estimates",/tmp/p01-d1-20260919-1irHPs/artifacts/d1_pu_20260919/diagnostics/only_morlet/seed_42/training_reference_prior.csv
only_morlet,42,diagnostic,reference_prior,,2,3,reference_risk_difference_over_rho,,dimensionless (c_i-c_j)/rho,-0.07771249413490296,-0.056083083152770996,1000,0,1000,recorded,relative,correction,"equal-weight summaries of recorded source-training batch statistics; changing models, not frozen population estimates",/tmp/p01-d1-20260919-1irHPs/artifacts/d1_pu_20260919/diagnostics/only_morlet/seed_42/training_reference_prior.csv
only_morlet,42,diagnostic,response,0,,,A,,squared probability L2 norm,0.07720480203349143,0.07129065692424774,1000,0,1000,recorded,relative,correction,"equal-weight summaries of recorded source-training batch statistics; changing models, not frozen population estimates",/tmp/p01-d1-20260919-1irHPs/artifacts/d1_pu_20260919/diagnostics/only_morlet/seed_42/training_responses.csv
only_morlet,42,diagnostic,response,0,,,b,,probability inner product,-0.01082622928544879,-0.0002127140760421753,1000,0,1000,recorded,relative,correction,"equal-weight summaries of recorded source-training batch statistics; changing models, not frozen population estimates",/tmp/p01-d1-20260919-1irHPs/artifacts/d1_pu_20260919/diagnostics/only_morlet/seed_42/training_responses.csv
only_morlet,42,diagnostic,response,0,,,sqrt_A,,probability L2 norm,0.27060129680731493,0.26700310135773475,1000,0,1000,recorded,relative,correction,"equal-weight summaries of recorded source-training batch statistics; changing models, not frozen population estimates",/tmp/p01-d1-20260919-1irHPs/artifacts/d1_pu_20260919/diagnostics/only_morlet/seed_42/training_responses.csv
only_morlet,42,diagnostic,response,0,,,b_over_sqrt_A,,signed probability direction; undefined when A=0,-0.023198038812748064,-0.0010317086759848663,1000,0,1000,recorded,relative,correction,"equal-weight summaries of recorded source-training batch statistics; changing models, not frozen population estimates",/tmp/p01-d1-20260919-1irHPs/artifacts/d1_pu_20260919/diagnostics/only_morlet/seed_42/training_responses.csv
only_morlet,42,diagnostic,response,0,,,delta_p0_squared_norm,,squared probability L2 norm,7.673261025556929e-14,5.007420259689477e-14,1000,0,1000,recorded,relative,correction,"equal-weight summaries of recorded source-training batch statistics; changing models, not frozen population estimates",/tmp/p01-d1-20260919-1irHPs/artifacts/d1_pu_20260919/diagnostics/only_morlet/seed_42/training_responses.csv
only_morlet,42,diagnostic,response,0,,,delta_q_squared_norm,,squared probability L2 norm,3.528555085520468e-08,2.2529333953968944e-08,1000,0,1000,recorded,relative,correction,"equal-weight summaries of recorded source-training batch statistics; changing models, not frozen population estimates",/tmp/p01-d1-20260919-1irHPs/artifacts/d1_pu_20260919/diagnostics/only_morlet/seed_42/training_responses.csv
only_morlet,42,diagnostic,response,0,,,delta_v_squared_norm,,squared probability L2 norm,3.528379335167309e-08,2.2536584154408956e-08,1000,0,1000,recorded,relative,correction,"equal-weight summaries of recorded source-training batch statistics; changing models, not frozen population estimates",/tmp/p01-d1-20260919-1irHPs/artifacts/d1_pu_20260919/diagnostics/only_morlet/seed_42/training_responses.csv
only_morlet,42,diagnostic,response,0,,,delta_p0_mean_vector,0,signed probability; frozen class-order index,4.395297310111346e-09,2.546585164964199e-09,1000,0,1000,recorded,relative,correction,"equal-weight summaries of recorded source-training batch statistics; changing models, not frozen population estimates",/tmp/p01-d1-20260919-1irHPs/artifacts/d1_pu_20260919/diagnostics/only_morlet/seed_42/training_responses.csv
only_morlet,42,diagnostic,response,0,,,delta_p0_mean_vector,1,signed probability; frozen class-order index,-1.3206154108047485e-09,0.0,1000,0,1000,recorded,relative,correction,"equal-weight summaries of recorded source-training batch statistics; changing models, not frozen population estimates",/tmp/p01-d1-20260919-1irHPs/artifacts/d1_pu_20260919/diagnostics/only_morlet/seed_42/training_responses.csv
only_morlet,42,diagnostic,response,0,,,delta_p0_mean_vector,2,signed probability; frozen class-order index,1.5795230865478515e-09,0.0,1000,0,1000,recorded,relative,correction,"equal-weight summaries of recorded source-training batch statistics; changing models, not frozen population estimates",/tmp/p01-d1-20260919-1irHPs/artifacts/d1_pu_20260919/diagnostics/only_morlet/seed_42/training_responses.csv
only_morlet,42,diagnostic,response,0,,,delta_q_mean_vector,0,signed probability; frozen class-order index,-1.803259365260601e-07,-1.8253922462463379e-06,1000,0,1000,recorded,relative,correction,"equal-weight summaries of recorded source-training batch statistics; changing models, not frozen population estimates",/tmp/p01-d1-20260919-1irHPs/artifacts/d1_pu_20260919/diagnostics/only_morlet/seed_42/training_responses.csv
only_morlet,42,diagnostic,response,0,,,delta_q_mean_vector,1,signed probability; frozen class-order index,1.2181997299194335e-06,3.7439167499542236e-06,1000,0,1000,recorded,relative,correction,"equal-weight summaries of recorded source-training batch statistics; changing models, not frozen population estimates",/tmp/p01-d1-20260919-1irHPs/artifacts/d1_pu_20260919/diagnostics/only_morlet/seed_42/training_responses.csv
only_morlet,42,diagnostic,response,0,,,delta_q_mean_vector,2,signed probability; frozen class-order index,-1.0364949703216554e-06,-9.015202522277832e-07,1000,0,1000,recorded,relative,correction,"equal-weight summaries of recorded source-training batch statistics; changing models, not frozen population estimates",/tmp/p01-d1-20260919-1irHPs/artifacts/d1_pu_20260919/diagnostics/only_morlet/seed_42/training_responses.csv
only_morlet,42,diagnostic,response,0,,,delta_v_mean_vector,0,signed probability; frozen class-order index,-1.8477113917469979e-07,-1.8142163753509521e-06,1000,0,1000,recorded,relative,correction,"equal-weight summaries of recorded source-training batch statistics; changing models, not frozen population estimates",/tmp/p01-d1-20260919-1irHPs/artifacts/d1_pu_20260919/diagnostics/only_morlet/seed_42/training_responses.csv
only_morlet,42,diagnostic,response,0,,,delta_v_mean_vector,1,signed probability; frozen class-order index,1.2194737792015077e-06,3.814697265625e-06,1000,0,1000,recorded,relative,correction,"equal-weight summaries of recorded source-training batch statistics; changing models, not frozen population estimates",/tmp/p01-d1-20260919-1irHPs/artifacts/d1_pu_20260919/diagnostics/only_morlet/seed_42/training_responses.csv
only_morlet,42,diagnostic,response,0,,,delta_v_mean_vector,2,signed probability; frozen class-order index,-1.0380744934082031e-06,-8.717179298400879e-07,1000,0,1000,recorded,relative,correction,"equal-weight summaries of recorded source-training batch statistics; changing models, not frozen population estimates",/tmp/p01-d1-20260919-1irHPs/artifacts/d1_pu_20260919/diagnostics/only_morlet/seed_42/training_responses.csv
only_morlet,42,diagnostic,response,2,,,A,,squared probability L2 norm,0.0779627577709034,0.06907897815108299,1000,0,1000,recorded,relative,correction,"equal-weight summaries of recorded source-training batch statistics; changing models, not frozen population estimates",/tmp/p01-d1-20260919-1irHPs/artifacts/d1_pu_20260919/diagnostics/only_morlet/seed_42/training_responses.csv
only_morlet,42,diagnostic,response,2,,,b,,probability inner product,-0.0127261281888932,-0.010415278375148773,1000,0,1000,recorded,relative,correction,"equal-weight summaries of recorded source-training batch statistics; changing models, not frozen population estimates",/tmp/p01-d1-20260919-1irHPs/artifacts/d1_pu_20260919/diagnostics/only_morlet/seed_42/training_responses.csv
only_morlet,42,diagnostic,response,2,,,sqrt_A,,probability L2 norm,0.27136952772603845,0.26282863540630946,1000,0,1000,recorded,relative,correction,"equal-weight summaries of recorded source-training batch statistics; changing models, not frozen population estimates",/tmp/p01-d1-20260919-1irHPs/artifacts/d1_pu_20260919/diagnostics/only_morlet/seed_42/training_responses.csv
only_morlet,42,diagnostic,response,2,,,b_over_sqrt_A,,signed probability direction; undefined when A=0,-0.029231161292477607,-0.03799654046166076,1000,0,1000,recorded,relative,correction,"equal-weight summaries of recorded source-training batch statistics; changing models, not frozen population estimates",/tmp/p01-d1-20260919-1irHPs/artifacts/d1_pu_20260919/diagnostics/only_morlet/seed_42/training_responses.csv
only_morlet,42,diagnostic,response,2,,,delta_p0_squared_norm,,squared probability L2 norm,9.167975429702602e-14,5.964684380633557e-14,1000,0,1000,recorded,relative,correction,"equal-weight summaries of recorded source-training batch statistics; changing models, not frozen population estimates",/tmp/p01-d1-20260919-1irHPs/artifacts/d1_pu_20260919/diagnostics/only_morlet/seed_42/training_responses.csv
only_morlet,42,diagnostic,response,2,,,delta_q_squared_norm,,squared probability L2 norm,3.705094000466813e-08,2.4075526461331265e-08,1000,0,1000,recorded,relative,correction,"equal-weight summaries of recorded source-training batch statistics; changing models, not frozen population estimates",/tmp/p01-d1-20260919-1irHPs/artifacts/d1_pu_20260919/diagnostics/only_morlet/seed_42/training_responses.csv
only_morlet,42,diagnostic,response,2,,,delta_v_squared_norm,,squared probability L2 norm,3.70507572327039e-08,2.410027555299621e-08,1000,0,1000,recorded,relative,correction,"equal-weight summaries of recorded source-training batch statistics; changing models, not frozen population estimates",/tmp/p01-d1-20260919-1irHPs/artifacts/d1_pu_20260919/diagnostics/only_morlet/seed_42/training_responses.csv
only_morlet,42,diagnostic,response,2,,,delta_p0_mean_vector,0,signed probability; frozen class-order index,-1.2498858268372714e-09,-1.6698322724550962e-09,1000,0,1000,recorded,relative,correction,"equal-weight summaries of recorded source-training batch statistics; changing models, not frozen population estimates",/tmp/p01-d1-20260919-1irHPs/artifacts/d1_pu_20260919/diagnostics/only_morlet/seed_42/training_responses.csv
only_morlet,42,diagnostic,response,2,,,delta_p0_mean_vector,1,signed probability; frozen class-order index,-1.4118850231170654e-09,0.0,1000,0,1000,recorded,relative,correction,"equal-weight summaries of recorded source-training batch statistics; changing models, not frozen population estimates",/tmp/p01-d1-20260919-1irHPs/artifacts/d1_pu_20260919/diagnostics/only_morlet/seed_42/training_responses.csv
only_morlet,42,diagnostic,response,2,,,delta_p0_mean_vector,2,signed probability; frozen class-order index,2.380460500717163e-09,0.0,1000,0,1000,recorded,relative,correction,"equal-weight summaries of recorded source-training batch statistics; changing models, not frozen population estimates",/tmp/p01-d1-20260919-1irHPs/artifacts/d1_pu_20260919/diagnostics/only_morlet/seed_42/training_responses.csv
only_morlet,42,diagnostic,response,2,,,delta_q_mean_vector,0,signed probability; frozen class-order index,3.1367456540465354e-07,-7.231719791889191e-07,1000,0,1000,recorded,relative,correction,"equal-weight summaries of recorded source-training batch statistics; changing models, not frozen population estimates",/tmp/p01-d1-20260919-1irHPs/artifacts/d1_pu_20260919/diagnostics/only_morlet/seed_42/training_responses.csv
only_morlet,42,diagnostic,response,2,,,delta_q_mean_vector,1,signed probability; frozen class-order index,-6.736777722835541e-06,-4.67151403427124e-06,1000,0,1000,recorded,relative,correction,"equal-weight summaries of recorded source-training batch statistics; changing models, not frozen population estimates",/tmp/p01-d1-20260919-1irHPs/artifacts/d1_pu_20260919/diagnostics/only_morlet/seed_42/training_responses.csv
only_morlet,42,diagnostic,response,2,,,delta_q_mean_vector,2,signed probability; frozen class-order index,6.423264741897583e-06,4.41819429397583e-06,1000,0,1000,recorded,relative,correction,"equal-weight summaries of recorded source-training batch statistics; changing models, not frozen population estimates",/tmp/p01-d1-20260919-1irHPs/artifacts/d1_pu_20260919/diagnostics/only_morlet/seed_42/training_responses.csv
only_morlet,42,diagnostic,response,2,,,delta_v_mean_vector,0,signed probability; frozen class-order index,3.149276599287987e-07,-9.611248970031738e-07,1000,0,1000,recorded,relative,correction,"equal-weight summaries of recorded source-training batch statistics; changing models, not frozen population estimates",/tmp/p01-d1-20260919-1irHPs/artifacts/d1_pu_20260919/diagnostics/only_morlet/seed_42/training_responses.csv
only_morlet,42,diagnostic,response,2,,,delta_v_mean_vector,1,signed probability; frozen class-order index,-6.735343486070633e-06,-4.684552550315857e-06,1000,0,1000,recorded,relative,correction,"equal-weight summaries of recorded source-training batch statistics; changing models, not frozen population estimates",/tmp/p01-d1-20260919-1irHPs/artifacts/d1_pu_20260919/diagnostics/only_morlet/seed_42/training_responses.csv
only_morlet,42,diagnostic,response,2,,,delta_v_mean_vector,2,signed probability; frozen class-order index,6.420884281396866e-06,4.37907874584198e-06,1000,0,1000,recorded,relative,correction,"equal-weight summaries of recorded source-training batch statistics; changing models, not frozen population estimates",/tmp/p01-d1-20260919-1irHPs/artifacts/d1_pu_20260919/diagnostics/only_morlet/seed_42/training_responses.csv
only_morlet,42,diagnostic,response,3,,,A,,squared probability L2 norm,0.07904993450082838,0.07171494513750076,1000,0,1000,recorded,relative,correction,"equal-weight summaries of recorded source-training batch statistics; changing models, not frozen population estimates",/tmp/p01-d1-20260919-1irHPs/artifacts/d1_pu_20260919/diagnostics/only_morlet/seed_42/training_responses.csv
only_morlet,42,diagnostic,response,3,,,b,,probability inner product,-0.0030979416258633138,0.0019328836351633072,1000,0,1000,recorded,relative,correction,"equal-weight summaries of recorded source-training batch statistics; changing models, not frozen population estimates",/tmp/p01-d1-20260919-1irHPs/artifacts/d1_pu_20260919/diagnostics/only_morlet/seed_42/training_responses.csv
only_morlet,42,diagnostic,response,3,,,sqrt_A,,probability L2 norm,0.27258391037925217,0.2677964503940199,1000,0,1000,recorded,relative,correction,"equal-weight summaries of recorded source-training batch statistics; changing models, not frozen population estimates",/tmp/p01-d1-20260919-1irHPs/artifacts/d1_pu_20260919/diagnostics/only_morlet/seed_42/training_responses.csv
only_morlet,42,diagnostic,response,3,,,b_over_sqrt_A,,signed probability direction; undefined when A=0,0.013380993191958603,0.007217569299328698,1000,0,1000,recorded,relative,correction,"equal-weight summaries of recorded source-training batch statistics; changing models, not frozen population estimates",/tmp/p01-d1-20260919-1irHPs/artifacts/d1_pu_20260919/diagnostics/only_morlet/seed_42/training_responses.csv
only_morlet,42,diagnostic,response,3,,,delta_p0_squared_norm,,squared probability L2 norm,8.8179166639129e-14,5.75251651868669e-14,1000,0,1000,recorded,relative,correction,"equal-weight summaries of recorded source-training batch statistics; changing models, not frozen population estimates",/tmp/p01-d1-20260919-1irHPs/artifacts/d1_pu_20260919/diagnostics/only_morlet/seed_42/training_responses.csv
only_morlet,42,diagnostic,response,3,,,delta_q_squared_norm,,squared probability L2 norm,3.474880934750679e-08,1.9137080364828307e-08,1000,0,1000,recorded,relative,correction,"equal-weight summaries of recorded source-training batch statistics; changing models, not frozen population estimates",/tmp/p01-d1-20260919-1irHPs/artifacts/d1_pu_20260919/diagnostics/only_morlet/seed_42/training_responses.csv
only_morlet,42,diagnostic,response,3,,,delta_v_squared_norm,,squared probability L2 norm,3.4746163607157764e-08,1.9131819684048423e-08,1000,0,1000,recorded,relative,correction,"equal-weight summaries of recorded source-training batch statistics; changing models, not frozen population estimates",/tmp/p01-d1-20260919-1irHPs/artifacts/d1_pu_20260919/diagnostics/only_morlet/seed_42/training_responses.csv
only_morlet,42,diagnostic,response,3,,,delta_p0_mean_vector,0,signed probability; frozen class-order index,-1.0029383702203632e-08,-2.939486876130104e-09,1000,0,1000,recorded,relative,correction,"equal-weight summaries of recorded source-training batch statistics; changing models, not frozen population estimates",/tmp/p01-d1-20260919-1irHPs/artifacts/d1_pu_20260919/diagnostics/only_morlet/seed_42/training_responses.csv
only_morlet,42,diagnostic,response,3,,,delta_p0_mean_vector,1,signed probability; frozen class-order index,2.5033950805664064e-09,0.0,1000,0,1000,recorded,relative,correction,"equal-weight summaries of recorded source-training batch statistics; changing models, not frozen population estimates",/tmp/p01-d1-20260919-1irHPs/artifacts/d1_pu_20260919/diagnostics/only_morlet/seed_42/training_responses.csv
only_morlet,42,diagnostic,response,3,,,delta_p0_mean_vector,2,signed probability; frozen class-order index,8.255243301391602e-09,7.450580596923828e-09,1000,0,1000,recorded,relative,correction,"equal-weight summaries of recorded source-training batch statistics; changing models, not frozen population estimates",/tmp/p01-d1-20260919-1irHPs/artifacts/d1_pu_20260919/diagnostics/only_morlet/seed_42/training_responses.csv
only_morlet,42,diagnostic,response,3,,,delta_q_mean_vector,0,signed probability; frozen class-order index,-3.7623858079314233e-06,-2.7064234018325806e-06,1000,0,1000,recorded,relative,correction,"equal-weight summaries of recorded source-training batch statistics; changing models, not frozen population estimates",/tmp/p01-d1-20260919-1irHPs/artifacts/d1_pu_20260919/diagnostics/only_morlet/seed_42/training_responses.csv
only_morlet,42,diagnostic,response,3,,,delta_q_mean_vector,1,signed probability; frozen class-order index,9.313076734542847e-07,4.0605664253234863e-07,1000,0,1000,recorded,relative,correction,"equal-weight summaries of recorded source-training batch statistics; changing models, not frozen population estimates",/tmp/p01-d1-20260919-1irHPs/artifacts/d1_pu_20260919/diagnostics/only_morlet/seed_42/training_responses.csv
only_morlet,42,diagnostic,response,3,,,delta_q_mean_vector,2,signed probability; frozen class-order index,2.83079594373703e-06,1.3224780559539795e-06,1000,0,1000,recorded,relative,correction,"equal-weight summaries of recorded source-training batch statistics; changing models, not frozen population estimates",/tmp/p01-d1-20260919-1irHPs/artifacts/d1_pu_20260919/diagnostics/only_morlet/seed_42/training_responses.csv
only_morlet,42,diagnostic,response,3,,,delta_v_mean_vector,0,signed probability; frozen class-order index,-3.7523498758673666e-06,-2.687796950340271e-06,1000,0,1000,recorded,relative,correction,"equal-weight summaries of recorded source-training batch statistics; changing models, not frozen population estimates",/tmp/p01-d1-20260919-1irHPs/artifacts/d1_pu_20260919/diagnostics/only_morlet/seed_42/training_responses.csv
only_morlet,42,diagnostic,response,3,,,delta_v_mean_vector,1,signed probability; frozen class-order index,9.287819266319275e-07,4.079192876815796e-07,1000,0,1000,recorded,relative,correction,"equal-weight summaries of recorded source-training batch statistics; changing models, not frozen population estimates",/tmp/p01-d1-20260919-1irHPs/artifacts/d1_pu_20260919/diagnostics/only_morlet/seed_42/training_responses.csv
only_morlet,42,diagnostic,response,3,,,delta_v_mean_vector,2,signed probability; frozen class-order index,2.8225407004356383e-06,1.2889504432678223e-06,1000,0,1000,recorded,relative,correction,"equal-weight summaries of recorded source-training batch statistics; changing models, not frozen population estimates",/tmp/p01-d1-20260919-1irHPs/artifacts/d1_pu_20260919/diagnostics/only_morlet/seed_42/training_responses.csv
only_morlet,42,diagnostic,objective,,,,loss,,CE + beta Brier + weighted consistency,0.20896852774522268,0.19075828045606613,1000,0,1000,recorded,relative,correction,"equal-weight summaries of recorded source-training batch statistics; changing models, not frozen population estimates",/tmp/p01-d1-20260919-1irHPs/artifacts/d1_pu_20260919/diagnostics/only_morlet/seed_42/training_batches.csv
only_morlet,42,diagnostic,objective,,,,risk_objective,,CE + beta Brier,0.20896852774522268,0.19075828045606613,1000,0,1000,recorded,relative,correction,"equal-weight summaries of recorded source-training batch statistics; changing models, not frozen population estimates",/tmp/p01-d1-20260919-1irHPs/artifacts/d1_pu_20260919/diagnostics/only_morlet/seed_42/training_batches.csv
only_morlet,42,diagnostic,objective,,,,diagnostic_excess,,CE + beta Brier,0.20896852774522268,0.19075828045606613,1000,0,1000,recorded,relative,correction,"equal-weight summaries of recorded source-training batch statistics; changing models, not frozen population estimates",/tmp/p01-d1-20260919-1irHPs/artifacts/d1_pu_20260919/diagnostics/only_morlet/seed_42/training_batches.csv
only_morlet,42,diagnostic,objective,,,,max_source_excess,,CE + beta Brier,0.4646504793316126,0.4612082988023758,1000,0,1000,recorded,relative,correction,"equal-weight summaries of recorded source-training batch statistics; changing models, not frozen population estimates",/tmp/p01-d1-20260919-1irHPs/artifacts/d1_pu_20260919/diagnostics/only_morlet/seed_42/training_batches.csv
only_morlet,42,diagnostic,objective,,,,source_envelope,,CE + beta Brier,0.5847787307873368,0.5722079575061798,1000,0,1000,recorded,relative,correction,"equal-weight summaries of recorded source-training batch statistics; changing models, not frozen population estimates",/tmp/p01-d1-20260919-1irHPs/artifacts/d1_pu_20260919/diagnostics/only_morlet/seed_42/training_batches.csv
only_morlet,42,diagnostic,objective,,,,correction_consistency,,unweighted squared probability L2 norm,3.569357252312944e-08,2.6337240832674524e-08,1000,0,1000,recorded,relative,correction,"equal-weight summaries of recorded source-training batch statistics; changing models, not frozen population estimates",/tmp/p01-d1-20260919-1irHPs/artifacts/d1_pu_20260919/diagnostics/only_morlet/seed_42/training_batches.csv
only_morlet,42,diagnostic,objective,,,,candidate_output_consistency,,unweighted squared probability L2 norm,3.569510103959561e-08,2.6336612890531796e-08,1000,0,1000,recorded,relative,correction,"equal-weight summaries of recorded source-training batch statistics; changing models, not frozen population estimates",/tmp/p01-d1-20260919-1irHPs/artifacts/d1_pu_20260919/diagnostics/only_morlet/seed_42/training_batches.csv
only_morlet,42,diagnostic,objective,,,,reference_output_consistency,,squared probability L2 norm,8.553051257439845e-14,7.071763218958506e-14,1000,0,1000,recorded,relative,correction,"equal-weight summaries of recorded source-training batch statistics; changing models, not frozen population estimates",/tmp/p01-d1-20260919-1irHPs/artifacts/d1_pu_20260919/diagnostics/only_morlet/seed_42/training_batches.csv
only_morlet,42,diagnostic,objective,,,,pair_penalty,,selected unweighted squared probability L2 norm,3.569357252312944e-08,2.6337240832674524e-08,1000,0,1000,recorded,relative,correction,"equal-weight summaries of recorded source-training batch statistics; changing models, not frozen population estimates",/tmp/p01-d1-20260919-1irHPs/artifacts/d1_pu_20260919/diagnostics/only_morlet/seed_42/training_batches.csv
only_stft_long,42,diagnostic,domain_risk,0,,,candidate_risk,,CE + beta Brier,1.08496319180727,1.0698963403701782,1000,0,1000,recorded,relative,correction,"equal-weight summaries of recorded source-training batch statistics; changing models, not frozen population estimates",/tmp/p01-d1-20260919-1irHPs/artifacts/d1_pu_20260919/diagnostics/only_stft_long/seed_42/training_domains.csv
only_stft_long,42,diagnostic,domain_risk,0,,,reference_risk,,CE + beta Brier,0.8953840225636959,0.8944948315620422,1000,0,1000,recorded,relative,correction,"equal-weight summaries of recorded source-training batch statistics; changing models, not frozen population estimates",/tmp/p01-d1-20260919-1irHPs/artifacts/d1_pu_20260919/diagnostics/only_stft_long/seed_42/training_domains.csv
only_stft_long,42,diagnostic,domain_risk,0,,,excess,,CE + beta Brier,0.18957917078863828,0.1745714694261551,1000,0,1000,recorded,relative,correction,"equal-weight summaries of recorded source-training batch statistics; changing models, not frozen population estimates",/tmp/p01-d1-20260919-1irHPs/artifacts/d1_pu_20260919/diagnostics/only_stft_long/seed_42/training_domains.csv
only_stft_long,42,diagnostic,domain_risk,0,,,weight,,dimensionless,0.3333333432674408,0.3333333432674408,1000,0,1000,recorded,relative,correction,"equal-weight summaries of recorded source-training batch statistics; changing models, not frozen population estimates",/tmp/p01-d1-20260919-1irHPs/artifacts/d1_pu_20260919/diagnostics/only_stft_long/seed_42/training_domains.csv
only_stft_long,42,diagnostic,domain_risk,2,,,candidate_risk,,CE + beta Brier,1.0985108603835105,1.084053874015808,1000,0,1000,recorded,relative,correction,"equal-weight summaries of recorded source-training batch statistics; changing models, not frozen population estimates",/tmp/p01-d1-20260919-1irHPs/artifacts/d1_pu_20260919/diagnostics/only_stft_long/seed_42/training_domains.csv
only_stft_long,42,diagnostic,domain_risk,2,,,reference_risk,,CE + beta Brier,0.9028331097364426,0.8912161290645599,1000,0,1000,recorded,relative,correction,"equal-weight summaries of recorded source-training batch statistics; changing models, not frozen population estimates",/tmp/p01-d1-20260919-1irHPs/artifacts/d1_pu_20260919/diagnostics/only_stft_long/seed_42/training_domains.csv
only_stft_long,42,diagnostic,domain_risk,2,,,excess,,CE + beta Brier,0.1956777511900291,0.19548622518777847,1000,0,1000,recorded,relative,correction,"equal-weight summaries of recorded source-training batch statistics; changing models, not frozen population estimates",/tmp/p01-d1-20260919-1irHPs/artifacts/d1_pu_20260919/diagnostics/only_stft_long/seed_42/training_domains.csv
only_stft_long,42,diagnostic,domain_risk,2,,,weight,,dimensionless,0.3333333432674408,0.3333333432674408,1000,0,1000,recorded,relative,correction,"equal-weight summaries of recorded source-training batch statistics; changing models, not frozen population estimates",/tmp/p01-d1-20260919-1irHPs/artifacts/d1_pu_20260919/diagnostics/only_stft_long/seed_42/training_domains.csv
only_stft_long,42,diagnostic,domain_risk,3,,,candidate_risk,,CE + beta Brier,1.0833894255161285,1.0637139081954956,1000,0,1000,recorded,relative,correction,"equal-weight summaries of recorded source-training batch statistics; changing models, not frozen population estimates",/tmp/p01-d1-20260919-1irHPs/artifacts/d1_pu_20260919/diagnostics/only_stft_long/seed_42/training_domains.csv
only_stft_long,42,diagnostic,domain_risk,3,,,reference_risk,,CE + beta Brier,0.9222612332701683,0.8979472815990448,1000,0,1000,recorded,relative,correction,"equal-weight summaries of recorded source-training batch statistics; changing models, not frozen population estimates",/tmp/p01-d1-20260919-1irHPs/artifacts/d1_pu_20260919/diagnostics/only_stft_long/seed_42/training_domains.csv
only_stft_long,42,diagnostic,domain_risk,3,,,excess,,CE + beta Brier,0.16112819268740713,0.14280522614717484,1000,0,1000,recorded,relative,correction,"equal-weight summaries of recorded source-training batch statistics; changing models, not frozen population estimates",/tmp/p01-d1-20260919-1irHPs/artifacts/d1_pu_20260919/diagnostics/only_stft_long/seed_42/training_domains.csv
only_stft_long,42,diagnostic,domain_risk,3,,,weight,,dimensionless,0.3333333432674408,0.3333333432674408,1000,0,1000,recorded,relative,correction,"equal-weight summaries of recorded source-training batch statistics; changing models, not frozen population estimates",/tmp/p01-d1-20260919-1irHPs/artifacts/d1_pu_20260919/diagnostics/only_stft_long/seed_42/training_domains.csv
only_stft_long,42,diagnostic,reference_prior,,0,2,reference_risk_difference_over_rho,,dimensionless (c_i-c_j)/rho,-0.029796348690986633,-0.0015954971313476562,1000,0,1000,recorded,relative,correction,"equal-weight summaries of recorded source-training batch statistics; changing models, not frozen population estimates",/tmp/p01-d1-20260919-1irHPs/artifacts/d1_pu_20260919/diagnostics/only_stft_long/seed_42/training_reference_prior.csv
only_stft_long,42,diagnostic,reference_prior,,0,3,reference_risk_difference_over_rho,,dimensionless (c_i-c_j)/rho,-0.10750884282588959,-0.06258046627044678,1000,0,1000,recorded,relative,correction,"equal-weight summaries of recorded source-training batch statistics; changing models, not frozen population estimates",/tmp/p01-d1-20260919-1irHPs/artifacts/d1_pu_20260919/diagnostics/only_stft_long/seed_42/training_reference_prior.csv
only_stft_long,42,diagnostic,reference_prior,,2,3,reference_risk_difference_over_rho,,dimensionless (c_i-c_j)/rho,-0.07771249413490296,-0.056083083152770996,1000,0,1000,recorded,relative,correction,"equal-weight summaries of recorded source-training batch statistics; changing models, not frozen population estimates",/tmp/p01-d1-20260919-1irHPs/artifacts/d1_pu_20260919/diagnostics/only_stft_long/seed_42/training_reference_prior.csv
only_stft_long,42,diagnostic,response,0,,,A,,squared probability L2 norm,0.06825259062228724,0.06005159765481949,1000,0,1000,recorded,relative,correction,"equal-weight summaries of recorded source-training batch statistics; changing models, not frozen population estimates",/tmp/p01-d1-20260919-1irHPs/artifacts/d1_pu_20260919/diagnostics/only_stft_long/seed_42/training_responses.csv
only_stft_long,42,diagnostic,response,0,,,b,,probability inner product,-0.007842724825255573,-0.004332427401095629,1000,0,1000,recorded,relative,correction,"equal-weight summaries of recorded source-training batch statistics; changing models, not frozen population estimates",/tmp/p01-d1-20260919-1irHPs/artifacts/d1_pu_20260919/diagnostics/only_stft_long/seed_42/training_responses.csv
only_stft_long,42,diagnostic,response,0,,,sqrt_A,,probability L2 norm,0.25142318051323553,0.24505426745481695,1000,0,1000,recorded,relative,correction,"equal-weight summaries of recorded source-training batch statistics; changing models, not frozen population estimates",/tmp/p01-d1-20260919-1irHPs/artifacts/d1_pu_20260919/diagnostics/only_stft_long/seed_42/training_responses.csv
only_stft_long,42,diagnostic,response,0,,,b_over_sqrt_A,,signed probability direction; undefined when A=0,-0.007939908906052184,-0.020227372607131328,1000,0,1000,recorded,relative,correction,"equal-weight summaries of recorded source-training batch statistics; changing models, not frozen population estimates",/tmp/p01-d1-20260919-1irHPs/artifacts/d1_pu_20260919/diagnostics/only_stft_long/seed_42/training_responses.csv
only_stft_long,42,diagnostic,response,0,,,delta_p0_squared_norm,,squared probability L2 norm,7.673261025556929e-14,5.007420259689477e-14,1000,0,1000,recorded,relative,correction,"equal-weight summaries of recorded source-training batch statistics; changing models, not frozen population estimates",/tmp/p01-d1-20260919-1irHPs/artifacts/d1_pu_20260919/diagnostics/only_stft_long/seed_42/training_responses.csv
only_stft_long,42,diagnostic,response,0,,,delta_q_squared_norm,,squared probability L2 norm,4.206407028788106e-08,1.0831990859827556e-08,1000,0,1000,recorded,relative,correction,"equal-weight summaries of recorded source-training batch statistics; changing models, not frozen population estimates",/tmp/p01-d1-20260919-1irHPs/artifacts/d1_pu_20260919/diagnostics/only_stft_long/seed_42/training_responses.csv
only_stft_long,42,diagnostic,response,0,,,delta_v_squared_norm,,squared probability L2 norm,4.2059988481293885e-08,1.0811023187784485e-08,1000,0,1000,recorded,relative,correction,"equal-weight summaries of recorded source-training batch statistics; changing models, not frozen population estimates",/tmp/p01-d1-20260919-1irHPs/artifacts/d1_pu_20260919/diagnostics/only_stft_long/seed_42/training_responses.csv
only_stft_long,42,diagnostic,response,0,,,delta_p0_mean_vector,0,signed probability; frozen class-order index,4.395297310111346e-09,2.546585164964199e-09,1000,0,1000,recorded,relative,correction,"equal-weight summaries of recorded source-training batch statistics; changing models, not frozen population estimates",/tmp/p01-d1-20260919-1irHPs/artifacts/d1_pu_20260919/diagnostics/only_stft_long/seed_42/training_responses.csv
only_stft_long,42,diagnostic,response,0,,,delta_p0_mean_vector,1,signed probability; frozen class-order index,-1.3206154108047485e-09,0.0,1000,0,1000,recorded,relative,correction,"equal-weight summaries of recorded source-training batch statistics; changing models, not frozen population estimates",/tmp/p01-d1-20260919-1irHPs/artifacts/d1_pu_20260919/diagnostics/only_stft_long/seed_42/training_responses.csv
only_stft_long,42,diagnostic,response,0,,,delta_p0_mean_vector,2,signed probability; frozen class-order index,1.5795230865478515e-09,0.0,1000,0,1000,recorded,relative,correction,"equal-weight summaries of recorded source-training batch statistics; changing models, not frozen population estimates",/tmp/p01-d1-20260919-1irHPs/artifacts/d1_pu_20260919/diagnostics/only_stft_long/seed_42/training_responses.csv
only_stft_long,42,diagnostic,response,0,,,delta_q_mean_vector,0,signed probability; frozen class-order index,-1.0406752116978169e-06,-3.7066638469696045e-07,1000,0,1000,recorded,relative,correction,"equal-weight summaries of recorded source-training batch statistics; changing models, not frozen population estimates",/tmp/p01-d1-20260919-1irHPs/artifacts/d1_pu_20260919/diagnostics/only_stft_long/seed_42/training_responses.csv
only_stft_long,42,diagnostic,response,0,,,delta_q_mean_vector,1,signed probability; frozen class-order index,5.110267549753189e-06,1.4789402484893799e-06,1000,0,1000,recorded,relative,correction,"equal-weight summaries of recorded source-training batch statistics; changing models, not frozen population estimates",/tmp/p01-d1-20260919-1irHPs/artifacts/d1_pu_20260919/diagnostics/only_stft_long/seed_42/training_responses.csv
only_stft_long,42,diagnostic,response,0,,,delta_q_mean_vector,2,signed probability; frozen class-order index,-4.068810492753982e-06,-1.8924474716186523e-06,1000,0,1000,recorded,relative,correction,"equal-weight summaries of recorded source-training batch statistics; changing models, not frozen population estimates",/tmp/p01-d1-20260919-1irHPs/artifacts/d1_pu_20260919/diagnostics/only_stft_long/seed_42/training_responses.csv
only_stft_long,42,diagnostic,response,0,,,delta_v_mean_vector,0,signed probability; frozen class-order index,-1.0452186688780785e-06,-3.864988684654236e-07,1000,0,1000,recorded,relative,correction,"equal-weight summaries of recorded source-training batch statistics; changing models, not frozen population estimates",/tmp/p01-d1-20260919-1irHPs/artifacts/d1_pu_20260919/diagnostics/only_stft_long/seed_42/training_responses.csv
only_stft_long,42,diagnostic,response,0,,,delta_v_mean_vector,1,signed probability; frozen class-order index,5.111601203680038e-06,1.434236764907837e-06,1000,0,1000,recorded,relative,correction,"equal-weight summaries of recorded source-training batch statistics; changing models, not frozen population estimates",/tmp/p01-d1-20260919-1irHPs/artifacts/d1_pu_20260919/diagnostics/only_stft_long/seed_42/training_responses.csv
only_stft_long,42,diagnostic,response,0,,,delta_v_mean_vector,2,signed probability; frozen class-order index,-4.07039001584053e-06,-1.8812716007232666e-06,1000,0,1000,recorded,relative,correction,"equal-weight summaries of recorded source-training batch statistics; changing models, not frozen population estimates",/tmp/p01-d1-20260919-1irHPs/artifacts/d1_pu_20260919/diagnostics/only_stft_long/seed_42/training_responses.csv
only_stft_long,42,diagnostic,response,2,,,A,,squared probability L2 norm,0.0717680483739823,0.06294802948832512,1000,0,1000,recorded,relative,correction,"equal-weight summaries of recorded source-training batch statistics; changing models, not frozen population estimates",/tmp/p01-d1-20260919-1irHPs/artifacts/d1_pu_20260919/diagnostics/only_stft_long/seed_42/training_responses.csv
only_stft_long,42,diagnostic,response,2,,,b,,probability inner product,-0.009207184154074639,-0.012940715998411179,1000,0,1000,recorded,relative,correction,"equal-weight summaries of recorded source-training batch statistics; changing models, not frozen population estimates",/tmp/p01-d1-20260919-1irHPs/artifacts/d1_pu_20260919/diagnostics/only_stft_long/seed_42/training_responses.csv
only_stft_long,42,diagnostic,response,2,,,sqrt_A,,probability L2 norm,0.25673709125088656,0.2508943693142959,1000,0,1000,recorded,relative,correction,"equal-weight summaries of recorded source-training batch statistics; changing models, not frozen population estimates",/tmp/p01-d1-20260919-1irHPs/artifacts/d1_pu_20260919/diagnostics/only_stft_long/seed_42/training_responses.csv
only_stft_long,42,diagnostic,response,2,,,b_over_sqrt_A,,signed probability direction; undefined when A=0,-0.015533691443928176,-0.050655564617217194,1000,0,1000,recorded,relative,correction,"equal-weight summaries of recorded source-training batch statistics; changing models, not frozen population estimates",/tmp/p01-d1-20260919-1irHPs/artifacts/d1_pu_20260919/diagnostics/only_stft_long/seed_42/training_responses.csv
only_stft_long,42,diagnostic,response,2,,,delta_p0_squared_norm,,squared probability L2 norm,9.167975429702602e-14,5.964684380633557e-14,1000,0,1000,recorded,relative,correction,"equal-weight summaries of recorded source-training batch statistics; changing models, not frozen population estimates",/tmp/p01-d1-20260919-1irHPs/artifacts/d1_pu_20260919/diagnostics/only_stft_long/seed_42/training_responses.csv
only_stft_long,42,diagnostic,response,2,,,delta_q_squared_norm,,squared probability L2 norm,5.40811355385501e-08,1.3609514848411663e-08,1000,0,1000,recorded,relative,correction,"equal-weight summaries of recorded source-training batch statistics; changing models, not frozen population estimates",/tmp/p01-d1-20260919-1irHPs/artifacts/d1_pu_20260919/diagnostics/only_stft_long/seed_42/training_responses.csv
only_stft_long,42,diagnostic,response,2,,,delta_v_squared_norm,,squared probability L2 norm,5.4082704575394994e-08,1.3609263049829678e-08,1000,0,1000,recorded,relative,correction,"equal-weight summaries of recorded source-training batch statistics; changing models, not frozen population estimates",/tmp/p01-d1-20260919-1irHPs/artifacts/d1_pu_20260919/diagnostics/only_stft_long/seed_42/training_responses.csv
only_stft_long,42,diagnostic,response,2,,,delta_p0_mean_vector,0,signed probability; frozen class-order index,-1.2498858268372714e-09,-1.6698322724550962e-09,1000,0,1000,recorded,relative,correction,"equal-weight summaries of recorded source-training batch statistics; changing models, not frozen population estimates",/tmp/p01-d1-20260919-1irHPs/artifacts/d1_pu_20260919/diagnostics/only_stft_long/seed_42/training_responses.csv
only_stft_long,42,diagnostic,response,2,,,delta_p0_mean_vector,1,signed probability; frozen class-order index,-1.4118850231170654e-09,0.0,1000,0,1000,recorded,relative,correction,"equal-weight summaries of recorded source-training batch statistics; changing models, not frozen population estimates",/tmp/p01-d1-20260919-1irHPs/artifacts/d1_pu_20260919/diagnostics/only_stft_long/seed_42/training_responses.csv
only_stft_long,42,diagnostic,response,2,,,delta_p0_mean_vector,2,signed probability; frozen class-order index,2.380460500717163e-09,0.0,1000,0,1000,recorded,relative,correction,"equal-weight summaries of recorded source-training batch statistics; changing models, not frozen population estimates",/tmp/p01-d1-20260919-1irHPs/artifacts/d1_pu_20260919/diagnostics/only_stft_long/seed_42/training_responses.csv
only_stft_long,42,diagnostic,response,2,,,delta_q_mean_vector,0,signed probability; frozen class-order index,-4.029124975204468e-07,-1.2582167983055115e-06,1000,0,1000,recorded,relative,correction,"equal-weight summaries of recorded source-training batch statistics; changing models, not frozen population estimates",/tmp/p01-d1-20260919-1irHPs/artifacts/d1_pu_20260919/diagnostics/only_stft_long/seed_42/training_responses.csv
only_stft_long,42,diagnostic,response,2,,,delta_q_mean_vector,1,signed probability; frozen class-order index,3.608092665672302e-06,1.9818544387817383e-06,1000,0,1000,recorded,relative,correction,"equal-weight summaries of recorded source-training batch statistics; changing models, not frozen population estimates",/tmp/p01-d1-20260919-1irHPs/artifacts/d1_pu_20260919/diagnostics/only_stft_long/seed_42/training_responses.csv
only_stft_long,42,diagnostic,response,2,,,delta_q_mean_vector,2,signed probability; frozen class-order index,-3.205157816410065e-06,-1.8440186977386475e-06,1000,0,1000,recorded,relative,correction,"equal-weight summaries of recorded source-training batch statistics; changing models, not frozen population estimates",/tmp/p01-d1-20260919-1irHPs/artifacts/d1_pu_20260919/diagnostics/only_stft_long/seed_42/training_responses.csv
only_stft_long,42,diagnostic,response,2,,,delta_v_mean_vector,0,signed probability; frozen class-order index,-4.015830345451832e-07,-1.2516975402832031e-06,1000,0,1000,recorded,relative,correction,"equal-weight summaries of recorded source-training batch statistics; changing models, not frozen population estimates",/tmp/p01-d1-20260919-1irHPs/artifacts/d1_pu_20260919/diagnostics/only_stft_long/seed_42/training_responses.csv
only_stft_long,42,diagnostic,response,2,,,delta_v_mean_vector,1,signed probability; frozen class-order index,3.609534353017807e-06,2.0135194063186646e-06,1000,0,1000,recorded,relative,correction,"equal-weight summaries of recorded source-training batch statistics; changing models, not frozen population estimates",/tmp/p01-d1-20260919-1irHPs/artifacts/d1_pu_20260919/diagnostics/only_stft_long/seed_42/training_responses.csv
only_stft_long,42,diagnostic,response,2,,,delta_v_mean_vector,2,signed probability; frozen class-order index,-3.207538276910782e-06,-1.8440186977386475e-06,1000,0,1000,recorded,relative,correction,"equal-weight summaries of recorded source-training batch statistics; changing models, not frozen population estimates",/tmp/p01-d1-20260919-1irHPs/artifacts/d1_pu_20260919/diagnostics/only_stft_long/seed_42/training_responses.csv
only_stft_long,42,diagnostic,response,3,,,A,,squared probability L2 norm,0.06967323799896985,0.060063257813453674,1000,0,1000,recorded,relative,correction,"equal-weight summaries of recorded source-training batch statistics; changing models, not frozen population estimates",/tmp/p01-d1-20260919-1irHPs/artifacts/d1_pu_20260919/diagnostics/only_stft_long/seed_42/training_responses.csv
only_stft_long,42,diagnostic,response,3,,,b,,probability inner product,0.000845399800222367,0.005866220220923424,1000,0,1000,recorded,relative,correction,"equal-weight summaries of recorded source-training batch statistics; changing models, not frozen population estimates",/tmp/p01-d1-20260919-1irHPs/artifacts/d1_pu_20260919/diagnostics/only_stft_long/seed_42/training_responses.csv
only_stft_long,42,diagnostic,response,3,,,sqrt_A,,probability L2 norm,0.25317841083184195,0.24507806462453577,1000,0,1000,recorded,relative,correction,"equal-weight summaries of recorded source-training batch statistics; changing models, not frozen population estimates",/tmp/p01-d1-20260919-1irHPs/artifacts/d1_pu_20260919/diagnostics/only_stft_long/seed_42/training_responses.csv
only_stft_long,42,diagnostic,response,3,,,b_over_sqrt_A,,signed probability direction; undefined when A=0,0.03798177831005141,0.024219239761444356,1000,0,1000,recorded,relative,correction,"equal-weight summaries of recorded source-training batch statistics; changing models, not frozen population estimates",/tmp/p01-d1-20260919-1irHPs/artifacts/d1_pu_20260919/diagnostics/only_stft_long/seed_42/training_responses.csv
only_stft_long,42,diagnostic,response,3,,,delta_p0_squared_norm,,squared probability L2 norm,8.8179166639129e-14,5.75251651868669e-14,1000,0,1000,recorded,relative,correction,"equal-weight summaries of recorded source-training batch statistics; changing models, not frozen population estimates",/tmp/p01-d1-20260919-1irHPs/artifacts/d1_pu_20260919/diagnostics/only_stft_long/seed_42/training_responses.csv
only_stft_long,42,diagnostic,response,3,,,delta_q_squared_norm,,squared probability L2 norm,4.434808686679115e-08,1.1240814945523425e-08,1000,0,1000,recorded,relative,correction,"equal-weight summaries of recorded source-training batch statistics; changing models, not frozen population estimates",/tmp/p01-d1-20260919-1irHPs/artifacts/d1_pu_20260919/diagnostics/only_stft_long/seed_42/training_responses.csv
only_stft_long,42,diagnostic,response,3,,,delta_v_squared_norm,,squared probability L2 norm,4.43461219645537e-08,1.1238971087124128e-08,1000,0,1000,recorded,relative,correction,"equal-weight summaries of recorded source-training batch statistics; changing models, not frozen population estimates",/tmp/p01-d1-20260919-1irHPs/artifacts/d1_pu_20260919/diagnostics/only_stft_long/seed_42/training_responses.csv
only_stft_long,42,diagnostic,response,3,,,delta_p0_mean_vector,0,signed probability; frozen class-order index,-1.0029383702203632e-08,-2.939486876130104e-09,1000,0,1000,recorded,relative,correction,"equal-weight summaries of recorded source-training batch statistics; changing models, not frozen population estimates",/tmp/p01-d1-20260919-1irHPs/artifacts/d1_pu_20260919/diagnostics/only_stft_long/seed_42/training_responses.csv
only_stft_long,42,diagnostic,response,3,,,delta_p0_mean_vector,1,signed probability; frozen class-order index,2.5033950805664064e-09,0.0,1000,0,1000,recorded,relative,correction,"equal-weight summaries of recorded source-training batch statistics; changing models, not frozen population estimates",/tmp/p01-d1-20260919-1irHPs/artifacts/d1_pu_20260919/diagnostics/only_stft_long/seed_42/training_responses.csv
only_stft_long,42,diagnostic,response,3,,,delta_p0_mean_vector,2,signed probability; frozen class-order index,8.255243301391602e-09,7.450580596923828e-09,1000,0,1000,recorded,relative,correction,"equal-weight summaries of recorded source-training batch statistics; changing models, not frozen population estimates",/tmp/p01-d1-20260919-1irHPs/artifacts/d1_pu_20260919/diagnostics/only_stft_long/seed_42/training_responses.csv
only_stft_long,42,diagnostic,response,3,,,delta_q_mean_vector,0,signed probability; frozen class-order index,-3.51699348539114e-06,-6.398186087608337e-07,1000,0,1000,recorded,relative,correction,"equal-weight summaries of recorded source-training batch statistics; changing models, not frozen population estimates",/tmp/p01-d1-20260919-1irHPs/artifacts/d1_pu_20260919/diagnostics/only_stft_long/seed_42/training_responses.csv
only_stft_long,42,diagnostic,response,3,,,delta_q_mean_vector,1,signed probability; frozen class-order index,2.6717931032180784e-06,2.086162567138672e-06,1000,0,1000,recorded,relative,correction,"equal-weight summaries of recorded source-training batch statistics; changing models, not frozen population estimates",/tmp/p01-d1-20260919-1irHPs/artifacts/d1_pu_20260919/diagnostics/only_stft_long/seed_42/training_responses.csv
only_stft_long,42,diagnostic,response,3,,,delta_q_mean_vector,2,signed probability; frozen class-order index,8.444339036941528e-07,-4.6938657760620117e-07,1000,0,1000,recorded,relative,correction,"equal-weight summaries of recorded source-training batch statistics; changing models, not frozen population estimates",/tmp/p01-d1-20260919-1irHPs/artifacts/d1_pu_20260919/diagnostics/only_stft_long/seed_42/training_responses.csv
only_stft_long,42,diagnostic,response,3,,,delta_v_mean_vector,0,signed probability; frozen class-order index,-3.506978042423725e-06,-6.370246410369873e-07,1000,0,1000,recorded,relative,correction,"equal-weight summaries of recorded source-training batch statistics; changing models, not frozen population estimates",/tmp/p01-d1-20260919-1irHPs/artifacts/d1_pu_20260919/diagnostics/only_stft_long/seed_42/training_responses.csv
only_stft_long,42,diagnostic,response,3,,,delta_v_mean_vector,1,signed probability; frozen class-order index,2.6691872626543045e-06,2.115964889526367e-06,1000,0,1000,recorded,relative,correction,"equal-weight summaries of recorded source-training batch statistics; changing models, not frozen population estimates",/tmp/p01-d1-20260919-1irHPs/artifacts/d1_pu_20260919/diagnostics/only_stft_long/seed_42/training_responses.csv
only_stft_long,42,diagnostic,response,3,,,delta_v_mean_vector,2,signed probability; frozen class-order index,8.361786603927613e-07,-4.0046870708465576e-07,1000,0,1000,recorded,relative,correction,"equal-weight summaries of recorded source-training batch statistics; changing models, not frozen population estimates",/tmp/p01-d1-20260919-1irHPs/artifacts/d1_pu_20260919/diagnostics/only_stft_long/seed_42/training_responses.csv
only_stft_long,42,diagnostic,objective,,,,loss,,CE + beta Brier + weighted consistency,0.18212837714116903,0.16228652745485306,1000,0,1000,recorded,relative,correction,"equal-weight summaries of recorded source-training batch statistics; changing models, not frozen population estimates",/tmp/p01-d1-20260919-1irHPs/artifacts/d1_pu_20260919/diagnostics/only_stft_long/seed_42/training_batches.csv
only_stft_long,42,diagnostic,objective,,,,risk_objective,,CE + beta Brier,0.18212837714116903,0.16228652745485306,1000,0,1000,recorded,relative,correction,"equal-weight summaries of recorded source-training batch statistics; changing models, not frozen population estimates",/tmp/p01-d1-20260919-1irHPs/artifacts/d1_pu_20260919/diagnostics/only_stft_long/seed_42/training_batches.csv
only_stft_long,42,diagnostic,objective,,,,diagnostic_excess,,CE + beta Brier,0.18212837714116903,0.16228652745485306,1000,0,1000,recorded,relative,correction,"equal-weight summaries of recorded source-training batch statistics; changing models, not frozen population estimates",/tmp/p01-d1-20260919-1irHPs/artifacts/d1_pu_20260919/diagnostics/only_stft_long/seed_42/training_batches.csv
only_stft_long,42,diagnostic,objective,,,,max_source_excess,,CE + beta Brier,0.43556385732721536,0.411648765206337,1000,0,1000,recorded,relative,correction,"equal-weight summaries of recorded source-training batch statistics; changing models, not frozen population estimates",/tmp/p01-d1-20260919-1irHPs/artifacts/d1_pu_20260919/diagnostics/only_stft_long/seed_42/training_batches.csv
only_stft_long,42,diagnostic,objective,,,,source_envelope,,CE + beta Brier,0.5569465372636915,0.5313789546489716,1000,0,1000,recorded,relative,correction,"equal-weight summaries of recorded source-training batch statistics; changing models, not frozen population estimates",/tmp/p01-d1-20260919-1irHPs/artifacts/d1_pu_20260919/diagnostics/only_stft_long/seed_42/training_batches.csv
only_stft_long,42,diagnostic,objective,,,,correction_consistency,,unweighted squared probability L2 norm,4.682960645576665e-08,1.6511696010468313e-08,1000,0,1000,recorded,relative,correction,"equal-weight summaries of recorded source-training batch statistics; changing models, not frozen population estimates",/tmp/p01-d1-20260919-1irHPs/artifacts/d1_pu_20260919/diagnostics/only_stft_long/seed_42/training_batches.csv
only_stft_long,42,diagnostic,objective,,,,candidate_output_consistency,,unweighted squared probability L2 norm,4.6831099066381614e-08,1.6511389588913516e-08,1000,0,1000,recorded,relative,correction,"equal-weight summaries of recorded source-training batch statistics; changing models, not frozen population estimates",/tmp/p01-d1-20260919-1irHPs/artifacts/d1_pu_20260919/diagnostics/only_stft_long/seed_42/training_batches.csv
only_stft_long,42,diagnostic,objective,,,,reference_output_consistency,,squared probability L2 norm,8.553051257439845e-14,7.071763218958506e-14,1000,0,1000,recorded,relative,correction,"equal-weight summaries of recorded source-training batch statistics; changing models, not frozen population estimates",/tmp/p01-d1-20260919-1irHPs/artifacts/d1_pu_20260919/diagnostics/only_stft_long/seed_42/training_batches.csv
only_stft_long,42,diagnostic,objective,,,,pair_penalty,,selected unweighted squared probability L2 norm,4.682960645576665e-08,1.6511696010468313e-08,1000,0,1000,recorded,relative,correction,"equal-weight summaries of recorded source-training batch statistics; changing models, not frozen population estimates",/tmp/p01-d1-20260919-1irHPs/artifacts/d1_pu_20260919/diagnostics/only_stft_long/seed_42/training_batches.csv
only_stft_short,42,diagnostic,domain_risk,0,,,candidate_risk,,CE + beta Brier,1.0839850972890854,1.0670081973075867,1000,0,1000,recorded,relative,correction,"equal-weight summaries of recorded source-training batch statistics; changing models, not frozen population estimates",/tmp/p01-d1-20260919-1irHPs/artifacts/d1_pu_20260919/diagnostics/only_stft_short/seed_42/training_domains.csv
only_stft_short,42,diagnostic,domain_risk,0,,,reference_risk,,CE + beta Brier,0.8953840225636959,0.8944948315620422,1000,0,1000,recorded,relative,correction,"equal-weight summaries of recorded source-training batch statistics; changing models, not frozen population estimates",/tmp/p01-d1-20260919-1irHPs/artifacts/d1_pu_20260919/diagnostics/only_stft_short/seed_42/training_domains.csv
only_stft_short,42,diagnostic,domain_risk,0,,,excess,,CE + beta Brier,0.1886010776180774,0.1746099516749382,1000,0,1000,recorded,relative,correction,"equal-weight summaries of recorded source-training batch statistics; changing models, not frozen population estimates",/tmp/p01-d1-20260919-1irHPs/artifacts/d1_pu_20260919/diagnostics/only_stft_short/seed_42/training_domains.csv
only_stft_short,42,diagnostic,domain_risk,0,,,weight,,dimensionless,0.3333333432674408,0.3333333432674408,1000,0,1000,recorded,relative,correction,"equal-weight summaries of recorded source-training batch statistics; changing models, not frozen population estimates",/tmp/p01-d1-20260919-1irHPs/artifacts/d1_pu_20260919/diagnostics/only_stft_short/seed_42/training_domains.csv
only_stft_short,42,diagnostic,domain_risk,2,,,candidate_risk,,CE + beta Brier,1.099155291736126,1.084865391254425,1000,0,1000,recorded,relative,correction,"equal-weight summaries of recorded source-training batch statistics; changing models, not frozen population estimates",/tmp/p01-d1-20260919-1irHPs/artifacts/d1_pu_20260919/diagnostics/only_stft_short/seed_42/training_domains.csv
only_stft_short,42,diagnostic,domain_risk,2,,,reference_risk,,CE + beta Brier,0.9028331097364426,0.8912161290645599,1000,0,1000,recorded,relative,correction,"equal-weight summaries of recorded source-training batch statistics; changing models, not frozen population estimates",/tmp/p01-d1-20260919-1irHPs/artifacts/d1_pu_20260919/diagnostics/only_stft_short/seed_42/training_domains.csv
only_stft_short,42,diagnostic,domain_risk,2,,,excess,,CE + beta Brier,0.19632218462321907,0.19465816766023636,1000,0,1000,recorded,relative,correction,"equal-weight summaries of recorded source-training batch statistics; changing models, not frozen population estimates",/tmp/p01-d1-20260919-1irHPs/artifacts/d1_pu_20260919/diagnostics/only_stft_short/seed_42/training_domains.csv
only_stft_short,42,diagnostic,domain_risk,2,,,weight,,dimensionless,0.3333333432674408,0.3333333432674408,1000,0,1000,recorded,relative,correction,"equal-weight summaries of recorded source-training batch statistics; changing models, not frozen population estimates",/tmp/p01-d1-20260919-1irHPs/artifacts/d1_pu_20260919/diagnostics/only_stft_short/seed_42/training_domains.csv
only_stft_short,42,diagnostic,domain_risk,3,,,candidate_risk,,CE + beta Brier,1.0828049889206885,1.066749930381775,1000,0,1000,recorded,relative,correction,"equal-weight summaries of recorded source-training batch statistics; changing models, not frozen population estimates",/tmp/p01-d1-20260919-1irHPs/artifacts/d1_pu_20260919/diagnostics/only_stft_short/seed_42/training_domains.csv
only_stft_short,42,diagnostic,domain_risk,3,,,reference_risk,,CE + beta Brier,0.9222612332701683,0.8979472815990448,1000,0,1000,recorded,relative,correction,"equal-weight summaries of recorded source-training batch statistics; changing models, not frozen population estimates",/tmp/p01-d1-20260919-1irHPs/artifacts/d1_pu_20260919/diagnostics/only_stft_short/seed_42/training_domains.csv
only_stft_short,42,diagnostic,domain_risk,3,,,excess,,CE + beta Brier,0.16054375890735537,0.14129693806171417,1000,0,1000,recorded,relative,correction,"equal-weight summaries of recorded source-training batch statistics; changing models, not frozen population estimates",/tmp/p01-d1-20260919-1irHPs/artifacts/d1_pu_20260919/diagnostics/only_stft_short/seed_42/training_domains.csv
only_stft_short,42,diagnostic,domain_risk,3,,,weight,,dimensionless,0.3333333432674408,0.3333333432674408,1000,0,1000,recorded,relative,correction,"equal-weight summaries of recorded source-training batch statistics; changing models, not frozen population estimates",/tmp/p01-d1-20260919-1irHPs/artifacts/d1_pu_20260919/diagnostics/only_stft_short/seed_42/training_domains.csv
only_stft_short,42,diagnostic,reference_prior,,0,2,reference_risk_difference_over_rho,,dimensionless (c_i-c_j)/rho,-0.029796348690986633,-0.0015954971313476562,1000,0,1000,recorded,relative,correction,"equal-weight summaries of recorded source-training batch statistics; changing models, not frozen population estimates",/tmp/p01-d1-20260919-1irHPs/artifacts/d1_pu_20260919/diagnostics/only_stft_short/seed_42/training_reference_prior.csv
only_stft_short,42,diagnostic,reference_prior,,0,3,reference_risk_difference_over_rho,,dimensionless (c_i-c_j)/rho,-0.10750884282588959,-0.06258046627044678,1000,0,1000,recorded,relative,correction,"equal-weight summaries of recorded source-training batch statistics; changing models, not frozen population estimates",/tmp/p01-d1-20260919-1irHPs/artifacts/d1_pu_20260919/diagnostics/only_stft_short/seed_42/training_reference_prior.csv
only_stft_short,42,diagnostic,reference_prior,,2,3,reference_risk_difference_over_rho,,dimensionless (c_i-c_j)/rho,-0.07771249413490296,-0.056083083152770996,1000,0,1000,recorded,relative,correction,"equal-weight summaries of recorded source-training batch statistics; changing models, not frozen population estimates",/tmp/p01-d1-20260919-1irHPs/artifacts/d1_pu_20260919/diagnostics/only_stft_short/seed_42/training_reference_prior.csv
only_stft_short,42,diagnostic,response,0,,,A,,squared probability L2 norm,0.06894373187050223,0.06112800911068916,1000,0,1000,recorded,relative,correction,"equal-weight summaries of recorded source-training batch statistics; changing models, not frozen population estimates",/tmp/p01-d1-20260919-1irHPs/artifacts/d1_pu_20260919/diagnostics/only_stft_short/seed_42/training_responses.csv
only_stft_short,42,diagnostic,response,0,,,b,,probability inner product,-0.007232705458533019,-0.0042543597519397736,1000,0,1000,recorded,relative,correction,"equal-weight summaries of recorded source-training batch statistics; changing models, not frozen population estimates",/tmp/p01-d1-20260919-1irHPs/artifacts/d1_pu_20260919/diagnostics/only_stft_short/seed_42/training_responses.csv
only_stft_short,42,diagnostic,response,0,,,sqrt_A,,probability L2 norm,0.2526184229150651,0.24724077390403204,1000,0,1000,recorded,relative,correction,"equal-weight summaries of recorded source-training batch statistics; changing models, not frozen population estimates",/tmp/p01-d1-20260919-1irHPs/artifacts/d1_pu_20260919/diagnostics/only_stft_short/seed_42/training_responses.csv
only_stft_short,42,diagnostic,response,0,,,b_over_sqrt_A,,signed probability direction; undefined when A=0,-0.005746366759745716,-0.015384894748022487,1000,0,1000,recorded,relative,correction,"equal-weight summaries of recorded source-training batch statistics; changing models, not frozen population estimates",/tmp/p01-d1-20260919-1irHPs/artifacts/d1_pu_20260919/diagnostics/only_stft_short/seed_42/training_responses.csv
only_stft_short,42,diagnostic,response,0,,,delta_p0_squared_norm,,squared probability L2 norm,7.673261025556929e-14,5.007420259689477e-14,1000,0,1000,recorded,relative,correction,"equal-weight summaries of recorded source-training batch statistics; changing models, not frozen population estimates",/tmp/p01-d1-20260919-1irHPs/artifacts/d1_pu_20260919/diagnostics/only_stft_short/seed_42/training_responses.csv
only_stft_short,42,diagnostic,response,0,,,delta_q_squared_norm,,squared probability L2 norm,7.781444282223271e-08,3.1560723812162905e-08,1000,0,1000,recorded,relative,correction,"equal-weight summaries of recorded source-training batch statistics; changing models, not frozen population estimates",/tmp/p01-d1-20260919-1irHPs/artifacts/d1_pu_20260919/diagnostics/only_stft_short/seed_42/training_responses.csv
only_stft_short,42,diagnostic,response,0,,,delta_v_squared_norm,,squared probability L2 norm,7.78133350529675e-08,3.1540166034460526e-08,1000,0,1000,recorded,relative,correction,"equal-weight summaries of recorded source-training batch statistics; changing models, not frozen population estimates",/tmp/p01-d1-20260919-1irHPs/artifacts/d1_pu_20260919/diagnostics/only_stft_short/seed_42/training_responses.csv
only_stft_short,42,diagnostic,response,0,,,delta_p0_mean_vector,0,signed probability; frozen class-order index,4.395297310111346e-09,2.546585164964199e-09,1000,0,1000,recorded,relative,correction,"equal-weight summaries of recorded source-training batch statistics; changing models, not frozen population estimates",/tmp/p01-d1-20260919-1irHPs/artifacts/d1_pu_20260919/diagnostics/only_stft_short/seed_42/training_responses.csv
only_stft_short,42,diagnostic,response,0,,,delta_p0_mean_vector,1,signed probability; frozen class-order index,-1.3206154108047485e-09,0.0,1000,0,1000,recorded,relative,correction,"equal-weight summaries of recorded source-training batch statistics; changing models, not frozen population estimates",/tmp/p01-d1-20260919-1irHPs/artifacts/d1_pu_20260919/diagnostics/only_stft_short/seed_42/training_responses.csv
only_stft_short,42,diagnostic,response,0,,,delta_p0_mean_vector,2,signed probability; frozen class-order index,1.5795230865478515e-09,0.0,1000,0,1000,recorded,relative,correction,"equal-weight summaries of recorded source-training batch statistics; changing models, not frozen population estimates",/tmp/p01-d1-20260919-1irHPs/artifacts/d1_pu_20260919/diagnostics/only_stft_short/seed_42/training_responses.csv
only_stft_short,42,diagnostic,response,0,,,delta_q_mean_vector,0,signed probability; frozen class-order index,2.90413829497993e-06,3.9674341678619385e-06,1000,0,1000,recorded,relative,correction,"equal-weight summaries of recorded source-training batch statistics; changing models, not frozen population estimates",/tmp/p01-d1-20260919-1irHPs/artifacts/d1_pu_20260919/diagnostics/only_stft_short/seed_42/training_responses.csv
only_stft_short,42,diagnostic,response,0,,,delta_q_mean_vector,1,signed probability; frozen class-order index,5.199171602725983e-06,1.6987323760986328e-06,1000,0,1000,recorded,relative,correction,"equal-weight summaries of recorded source-training batch statistics; changing models, not frozen population estimates",/tmp/p01-d1-20260919-1irHPs/artifacts/d1_pu_20260919/diagnostics/only_stft_short/seed_42/training_responses.csv
only_stft_short,42,diagnostic,response,0,,,delta_q_mean_vector,2,signed probability; frozen class-order index,-8.102376013994217e-06,-3.6172568798065186e-06,1000,0,1000,recorded,relative,correction,"equal-weight summaries of recorded source-training batch statistics; changing models, not frozen population estimates",/tmp/p01-d1-20260919-1irHPs/artifacts/d1_pu_20260919/diagnostics/only_stft_short/seed_42/training_responses.csv
only_stft_short,42,diagnostic,response,0,,,delta_v_mean_vector,0,signed probability; frozen class-order index,2.8997671324759723e-06,3.961846232414246e-06,1000,0,1000,recorded,relative,correction,"equal-weight summaries of recorded source-training batch statistics; changing models, not frozen population estimates",/tmp/p01-d1-20260919-1irHPs/artifacts/d1_pu_20260919/diagnostics/only_stft_short/seed_42/training_responses.csv
only_stft_short,42,diagnostic,response,0,,,delta_v_mean_vector,1,signed probability; frozen class-order index,5.200464278459549e-06,1.689419150352478e-06,1000,0,1000,recorded,relative,correction,"equal-weight summaries of recorded source-training batch statistics; changing models, not frozen population estimates",/tmp/p01-d1-20260919-1irHPs/artifacts/d1_pu_20260919/diagnostics/only_stft_short/seed_42/training_responses.csv
only_stft_short,42,diagnostic,response,0,,,delta_v_mean_vector,2,signed probability; frozen class-order index,-8.103955537080765e-06,-3.6153942346572876e-06,1000,0,1000,recorded,relative,correction,"equal-weight summaries of recorded source-training batch statistics; changing models, not frozen population estimates",/tmp/p01-d1-20260919-1irHPs/artifacts/d1_pu_20260919/diagnostics/only_stft_short/seed_42/training_responses.csv
only_stft_short,42,diagnostic,response,2,,,A,,squared probability L2 norm,0.07167833548877388,0.062242183834314346,1000,0,1000,recorded,relative,correction,"equal-weight summaries of recorded source-training batch statistics; changing models, not frozen population estimates",/tmp/p01-d1-20260919-1irHPs/artifacts/d1_pu_20260919/diagnostics/only_stft_short/seed_42/training_responses.csv
only_stft_short,42,diagnostic,response,2,,,b,,probability inner product,-0.009398883980698883,-0.012602237984538078,1000,0,1000,recorded,relative,correction,"equal-weight summaries of recorded source-training batch statistics; changing models, not frozen population estimates",/tmp/p01-d1-20260919-1irHPs/artifacts/d1_pu_20260919/diagnostics/only_stft_short/seed_42/training_responses.csv
only_stft_short,42,diagnostic,response,2,,,sqrt_A,,probability L2 norm,0.2564330397548674,0.24948380439074794,1000,0,1000,recorded,relative,correction,"equal-weight summaries of recorded source-training batch statistics; changing models, not frozen population estimates",/tmp/p01-d1-20260919-1irHPs/artifacts/d1_pu_20260919/diagnostics/only_stft_short/seed_42/training_responses.csv
only_stft_short,42,diagnostic,response,2,,,b_over_sqrt_A,,signed probability direction; undefined when A=0,-0.016609176639850273,-0.05197384314394091,1000,0,1000,recorded,relative,correction,"equal-weight summaries of recorded source-training batch statistics; changing models, not frozen population estimates",/tmp/p01-d1-20260919-1irHPs/artifacts/d1_pu_20260919/diagnostics/only_stft_short/seed_42/training_responses.csv
only_stft_short,42,diagnostic,response,2,,,delta_p0_squared_norm,,squared probability L2 norm,9.167975429702602e-14,5.964684380633557e-14,1000,0,1000,recorded,relative,correction,"equal-weight summaries of recorded source-training batch statistics; changing models, not frozen population estimates",/tmp/p01-d1-20260919-1irHPs/artifacts/d1_pu_20260919/diagnostics/only_stft_short/seed_42/training_responses.csv
only_stft_short,42,diagnostic,response,2,,,delta_q_squared_norm,,squared probability L2 norm,1.019260501835123e-07,3.4375236879213844e-08,1000,0,1000,recorded,relative,correction,"equal-weight summaries of recorded source-training batch statistics; changing models, not frozen population estimates",/tmp/p01-d1-20260919-1irHPs/artifacts/d1_pu_20260919/diagnostics/only_stft_short/seed_42/training_responses.csv
only_stft_short,42,diagnostic,response,2,,,delta_v_squared_norm,,squared probability L2 norm,1.019311687716351e-07,3.437249773696749e-08,1000,0,1000,recorded,relative,correction,"equal-weight summaries of recorded source-training batch statistics; changing models, not frozen population estimates",/tmp/p01-d1-20260919-1irHPs/artifacts/d1_pu_20260919/diagnostics/only_stft_short/seed_42/training_responses.csv
only_stft_short,42,diagnostic,response,2,,,delta_p0_mean_vector,0,signed probability; frozen class-order index,-1.2498858268372714e-09,-1.6698322724550962e-09,1000,0,1000,recorded,relative,correction,"equal-weight summaries of recorded source-training batch statistics; changing models, not frozen population estimates",/tmp/p01-d1-20260919-1irHPs/artifacts/d1_pu_20260919/diagnostics/only_stft_short/seed_42/training_responses.csv
only_stft_short,42,diagnostic,response,2,,,delta_p0_mean_vector,1,signed probability; frozen class-order index,-1.4118850231170654e-09,0.0,1000,0,1000,recorded,relative,correction,"equal-weight summaries of recorded source-training batch statistics; changing models, not frozen population estimates",/tmp/p01-d1-20260919-1irHPs/artifacts/d1_pu_20260919/diagnostics/only_stft_short/seed_42/training_responses.csv
only_stft_short,42,diagnostic,response,2,,,delta_p0_mean_vector,2,signed probability; frozen class-order index,2.380460500717163e-09,0.0,1000,0,1000,recorded,relative,correction,"equal-weight summaries of recorded source-training batch statistics; changing models, not frozen population estimates",/tmp/p01-d1-20260919-1irHPs/artifacts/d1_pu_20260919/diagnostics/only_stft_short/seed_42/training_responses.csv
only_stft_short,42,diagnostic,response,2,,,delta_q_mean_vector,0,signed probability; frozen class-order index,1.332482323050499e-06,-8.707866072654724e-07,1000,0,1000,recorded,relative,correction,"equal-weight summaries of recorded source-training batch statistics; changing models, not frozen population estimates",/tmp/p01-d1-20260919-1irHPs/artifacts/d1_pu_20260919/diagnostics/only_stft_short/seed_42/training_responses.csv
only_stft_short,42,diagnostic,response,2,,,delta_q_mean_vector,1,signed probability; frozen class-order index,8.99628922343254e-06,2.5890767574310303e-06,1000,0,1000,recorded,relative,correction,"equal-weight summaries of recorded source-training batch statistics; changing models, not frozen population estimates",/tmp/p01-d1-20260919-1irHPs/artifacts/d1_pu_20260919/diagnostics/only_stft_short/seed_42/training_responses.csv
only_stft_short,42,diagnostic,response,2,,,delta_q_mean_vector,2,signed probability; frozen class-order index,-1.0329712182283401e-05,-4.7460198402404785e-06,1000,0,1000,recorded,relative,correction,"equal-weight summaries of recorded source-training batch statistics; changing models, not frozen population estimates",/tmp/p01-d1-20260919-1irHPs/artifacts/d1_pu_20260919/diagnostics/only_stft_short/seed_42/training_responses.csv
only_stft_short,42,diagnostic,response,2,,,delta_v_mean_vector,0,signed probability; frozen class-order index,1.3337777927517891e-06,-8.158385753631592e-07,1000,0,1000,recorded,relative,correction,"equal-weight summaries of recorded source-training batch statistics; changing models, not frozen population estimates",/tmp/p01-d1-20260919-1irHPs/artifacts/d1_pu_20260919/diagnostics/only_stft_short/seed_42/training_responses.csv
only_stft_short,42,diagnostic,response,2,,,delta_v_mean_vector,1,signed probability; frozen class-order index,8.997753262519836e-06,2.5816261768341064e-06,1000,0,1000,recorded,relative,correction,"equal-weight summaries of recorded source-training batch statistics; changing models, not frozen population estimates",/tmp/p01-d1-20260919-1irHPs/artifacts/d1_pu_20260919/diagnostics/only_stft_short/seed_42/training_responses.csv
only_stft_short,42,diagnostic,response,2,,,delta_v_mean_vector,2,signed probability; frozen class-order index,-1.0332092642784119e-05,-4.759058356285095e-06,1000,0,1000,recorded,relative,correction,"equal-weight summaries of recorded source-training batch statistics; changing models, not frozen population estimates",/tmp/p01-d1-20260919-1irHPs/artifacts/d1_pu_20260919/diagnostics/only_stft_short/seed_42/training_responses.csv
only_stft_short,42,diagnostic,response,3,,,A,,squared probability L2 norm,0.0703342765783891,0.06098843179643154,1000,0,1000,recorded,relative,correction,"equal-weight summaries of recorded source-training batch statistics; changing models, not frozen population estimates",/tmp/p01-d1-20260919-1irHPs/artifacts/d1_pu_20260919/diagnostics/only_stft_short/seed_42/training_responses.csv
only_stft_short,42,diagnostic,response,3,,,b,,probability inner product,0.001268755952361971,0.006063035689294338,1000,0,1000,recorded,relative,correction,"equal-weight summaries of recorded source-training batch statistics; changing models, not frozen population estimates",/tmp/p01-d1-20260919-1irHPs/artifacts/d1_pu_20260919/diagnostics/only_stft_short/seed_42/training_responses.csv
only_stft_short,42,diagnostic,response,3,,,sqrt_A,,probability L2 norm,0.25438677984481134,0.2469583550233523,1000,0,1000,recorded,relative,correction,"equal-weight summaries of recorded source-training batch statistics; changing models, not frozen population estimates",/tmp/p01-d1-20260919-1irHPs/artifacts/d1_pu_20260919/diagnostics/only_stft_short/seed_42/training_responses.csv
only_stft_short,42,diagnostic,response,3,,,b_over_sqrt_A,,signed probability direction; undefined when A=0,0.03787855550258065,0.025129798507684,1000,0,1000,recorded,relative,correction,"equal-weight summaries of recorded source-training batch statistics; changing models, not frozen population estimates",/tmp/p01-d1-20260919-1irHPs/artifacts/d1_pu_20260919/diagnostics/only_stft_short/seed_42/training_responses.csv
only_stft_short,42,diagnostic,response,3,,,delta_p0_squared_norm,,squared probability L2 norm,8.8179166639129e-14,5.75251651868669e-14,1000,0,1000,recorded,relative,correction,"equal-weight summaries of recorded source-training batch statistics; changing models, not frozen population estimates",/tmp/p01-d1-20260919-1irHPs/artifacts/d1_pu_20260919/diagnostics/only_stft_short/seed_42/training_responses.csv
only_stft_short,42,diagnostic,response,3,,,delta_q_squared_norm,,squared probability L2 norm,9.681120804144738e-08,3.31917018314698e-08,1000,0,1000,recorded,relative,correction,"equal-weight summaries of recorded source-training batch statistics; changing models, not frozen population estimates",/tmp/p01-d1-20260919-1irHPs/artifacts/d1_pu_20260919/diagnostics/only_stft_short/seed_42/training_responses.csv
only_stft_short,42,diagnostic,response,3,,,delta_v_squared_norm,,squared probability L2 norm,9.680937564982007e-08,3.3214313077678526e-08,1000,0,1000,recorded,relative,correction,"equal-weight summaries of recorded source-training batch statistics; changing models, not frozen population estimates",/tmp/p01-d1-20260919-1irHPs/artifacts/d1_pu_20260919/diagnostics/only_stft_short/seed_42/training_responses.csv
only_stft_short,42,diagnostic,response,3,,,delta_p0_mean_vector,0,signed probability; frozen class-order index,-1.0029383702203632e-08,-2.939486876130104e-09,1000,0,1000,recorded,relative,correction,"equal-weight summaries of recorded source-training batch statistics; changing models, not frozen population estimates",/tmp/p01-d1-20260919-1irHPs/artifacts/d1_pu_20260919/diagnostics/only_stft_short/seed_42/training_responses.csv
only_stft_short,42,diagnostic,response,3,,,delta_p0_mean_vector,1,signed probability; frozen class-order index,2.5033950805664064e-09,0.0,1000,0,1000,recorded,relative,correction,"equal-weight summaries of recorded source-training batch statistics; changing models, not frozen population estimates",/tmp/p01-d1-20260919-1irHPs/artifacts/d1_pu_20260919/diagnostics/only_stft_short/seed_42/training_responses.csv
only_stft_short,42,diagnostic,response,3,,,delta_p0_mean_vector,2,signed probability; frozen class-order index,8.255243301391602e-09,7.450580596923828e-09,1000,0,1000,recorded,relative,correction,"equal-weight summaries of recorded source-training batch statistics; changing models, not frozen population estimates",/tmp/p01-d1-20260919-1irHPs/artifacts/d1_pu_20260919/diagnostics/only_stft_short/seed_42/training_responses.csv
only_stft_short,42,diagnostic,response,3,,,delta_q_mean_vector,0,signed probability; frozen class-order index,-3.825684078037738e-06,-4.647299647331238e-07,1000,0,1000,recorded,relative,correction,"equal-weight summaries of recorded source-training batch statistics; changing models, not frozen population estimates",/tmp/p01-d1-20260919-1irHPs/artifacts/d1_pu_20260919/diagnostics/only_stft_short/seed_42/training_responses.csv
only_stft_short,42,diagnostic,response,3,,,delta_q_mean_vector,1,signed probability; frozen class-order index,1.5072457492351532e-05,5.2638351917266846e-06,1000,0,1000,recorded,relative,correction,"equal-weight summaries of recorded source-training batch statistics; changing models, not frozen population estimates",/tmp/p01-d1-20260919-1irHPs/artifacts/d1_pu_20260919/diagnostics/only_stft_short/seed_42/training_responses.csv
only_stft_short,42,diagnostic,response,3,,,delta_q_mean_vector,2,signed probability; frozen class-order index,-1.1247202754020691e-05,-4.954636096954346e-06,1000,0,1000,recorded,relative,correction,"equal-weight summaries of recorded source-training batch statistics; changing models, not frozen population estimates",/tmp/p01-d1-20260919-1irHPs/artifacts/d1_pu_20260919/diagnostics/only_stft_short/seed_42/training_responses.csv
only_stft_short,42,diagnostic,response,3,,,delta_v_mean_vector,0,signed probability; frozen class-order index,-3.815676085650921e-06,-4.6193599700927734e-07,1000,0,1000,recorded,relative,correction,"equal-weight summaries of recorded source-training batch statistics; changing models, not frozen population estimates",/tmp/p01-d1-20260919-1irHPs/artifacts/d1_pu_20260919/diagnostics/only_stft_short/seed_42/training_responses.csv
only_stft_short,42,diagnostic,response,3,,,delta_v_mean_vector,1,signed probability; frozen class-order index,1.5069929882884026e-05,5.289912223815918e-06,1000,0,1000,recorded,relative,correction,"equal-weight summaries of recorded source-training batch statistics; changing models, not frozen population estimates",/tmp/p01-d1-20260919-1irHPs/artifacts/d1_pu_20260919/diagnostics/only_stft_short/seed_42/training_responses.csv
only_stft_short,42,diagnostic,response,3,,,delta_v_mean_vector,2,signed probability; frozen class-order index,-1.1255457997322083e-05,-4.9192458391189575e-06,1000,0,1000,recorded,relative,correction,"equal-weight summaries of recorded source-training batch statistics; changing models, not frozen population estimates",/tmp/p01-d1-20260919-1irHPs/artifacts/d1_pu_20260919/diagnostics/only_stft_short/seed_42/training_responses.csv
only_stft_short,42,diagnostic,objective,,,,loss,,CE + beta Brier + weighted consistency,0.18182234595448243,0.16176459193229675,1000,0,1000,recorded,relative,correction,"equal-weight summaries of recorded source-training batch statistics; changing models, not frozen population estimates",/tmp/p01-d1-20260919-1irHPs/artifacts/d1_pu_20260919/diagnostics/only_stft_short/seed_42/training_batches.csv
only_stft_short,42,diagnostic,objective,,,,risk_objective,,CE + beta Brier,0.18182234595448243,0.16176459193229675,1000,0,1000,recorded,relative,correction,"equal-weight summaries of recorded source-training batch statistics; changing models, not frozen population estimates",/tmp/p01-d1-20260919-1irHPs/artifacts/d1_pu_20260919/diagnostics/only_stft_short/seed_42/training_batches.csv
only_stft_short,42,diagnostic,objective,,,,diagnostic_excess,,CE + beta Brier,0.18182234595448243,0.16176459193229675,1000,0,1000,recorded,relative,correction,"equal-weight summaries of recorded source-training batch statistics; changing models, not frozen population estimates",/tmp/p01-d1-20260919-1irHPs/artifacts/d1_pu_20260919/diagnostics/only_stft_short/seed_42/training_batches.csv
only_stft_short,42,diagnostic,objective,,,,max_source_excess,,CE + beta Brier,0.43687699862290175,0.4110071659088135,1000,0,1000,recorded,relative,correction,"equal-weight summaries of recorded source-training batch statistics; changing models, not frozen population estimates",/tmp/p01-d1-20260919-1irHPs/artifacts/d1_pu_20260919/diagnostics/only_stft_short/seed_42/training_batches.csv
only_stft_short,42,diagnostic,objective,,,,source_envelope,,CE + beta Brier,0.5578404755592347,0.5317645967006683,1000,0,1000,recorded,relative,correction,"equal-weight summaries of recorded source-training batch statistics; changing models, not frozen population estimates",/tmp/p01-d1-20260919-1irHPs/artifacts/d1_pu_20260919/diagnostics/only_stft_short/seed_42/training_batches.csv
only_stft_short,42,diagnostic,objective,,,,correction_consistency,,unweighted squared probability L2 norm,9.218462946173483e-08,4.6803075193224686e-08,1000,0,1000,recorded,relative,correction,"equal-weight summaries of recorded source-training batch statistics; changing models, not frozen population estimates",/tmp/p01-d1-20260919-1irHPs/artifacts/d1_pu_20260919/diagnostics/only_stft_short/seed_42/training_batches.csv
only_stft_short,42,diagnostic,objective,,,,candidate_output_consistency,,unweighted squared probability L2 norm,9.218390282118156e-08,4.678914677924695e-08,1000,0,1000,recorded,relative,correction,"equal-weight summaries of recorded source-training batch statistics; changing models, not frozen population estimates",/tmp/p01-d1-20260919-1irHPs/artifacts/d1_pu_20260919/diagnostics/only_stft_short/seed_42/training_batches.csv
only_stft_short,42,diagnostic,objective,,,,reference_output_consistency,,squared probability L2 norm,8.553051257439845e-14,7.071763218958506e-14,1000,0,1000,recorded,relative,correction,"equal-weight summaries of recorded source-training batch statistics; changing models, not frozen population estimates",/tmp/p01-d1-20260919-1irHPs/artifacts/d1_pu_20260919/diagnostics/only_stft_short/seed_42/training_batches.csv
only_stft_short,42,diagnostic,objective,,,,pair_penalty,,selected unweighted squared probability L2 norm,9.218462946173483e-08,4.6803075193224686e-08,1000,0,1000,recorded,relative,correction,"equal-weight summaries of recorded source-training batch statistics; changing models, not frozen population estimates",/tmp/p01-d1-20260919-1irHPs/artifacts/d1_pu_20260919/diagnostics/only_stft_short/seed_42/training_batches.csv
only_stockwell,42,diagnostic,domain_risk,0,,,candidate_risk,,CE + beta Brier,1.1117395352125168,1.0857346057891846,1000,0,1000,recorded,relative,correction,"equal-weight summaries of recorded source-training batch statistics; changing models, not frozen population estimates",/tmp/p01-d1-20260919-1irHPs/artifacts/d1_pu_20260919/diagnostics/only_stockwell/seed_42/training_domains.csv
only_stockwell,42,diagnostic,domain_risk,0,,,reference_risk,,CE + beta Brier,0.8953840225636959,0.8944948315620422,1000,0,1000,recorded,relative,correction,"equal-weight summaries of recorded source-training batch statistics; changing models, not frozen population estimates",/tmp/p01-d1-20260919-1irHPs/artifacts/d1_pu_20260919/diagnostics/only_stockwell/seed_42/training_domains.csv
only_stockwell,42,diagnostic,domain_risk,0,,,excess,,CE + beta Brier,0.2163555113300681,0.19553717970848083,1000,0,1000,recorded,relative,correction,"equal-weight summaries of recorded source-training batch statistics; changing models, not frozen population estimates",/tmp/p01-d1-20260919-1irHPs/artifacts/d1_pu_20260919/diagnostics/only_stockwell/seed_42/training_domains.csv
only_stockwell,42,diagnostic,domain_risk,0,,,weight,,dimensionless,0.3333333432674408,0.3333333432674408,1000,0,1000,recorded,relative,correction,"equal-weight summaries of recorded source-training batch statistics; changing models, not frozen population estimates",/tmp/p01-d1-20260919-1irHPs/artifacts/d1_pu_20260919/diagnostics/only_stockwell/seed_42/training_domains.csv
only_stockwell,42,diagnostic,domain_risk,2,,,candidate_risk,,CE + beta Brier,1.1265624066591262,1.0955318808555603,1000,0,1000,recorded,relative,correction,"equal-weight summaries of recorded source-training batch statistics; changing models, not frozen population estimates",/tmp/p01-d1-20260919-1irHPs/artifacts/d1_pu_20260919/diagnostics/only_stockwell/seed_42/training_domains.csv
only_stockwell,42,diagnostic,domain_risk,2,,,reference_risk,,CE + beta Brier,0.9028331097364426,0.8912161290645599,1000,0,1000,recorded,relative,correction,"equal-weight summaries of recorded source-training batch statistics; changing models, not frozen population estimates",/tmp/p01-d1-20260919-1irHPs/artifacts/d1_pu_20260919/diagnostics/only_stockwell/seed_42/training_domains.csv
only_stockwell,42,diagnostic,domain_risk,2,,,excess,,CE + beta Brier,0.22372929639555514,0.2200424075126648,1000,0,1000,recorded,relative,correction,"equal-weight summaries of recorded source-training batch statistics; changing models, not frozen population estimates",/tmp/p01-d1-20260919-1irHPs/artifacts/d1_pu_20260919/diagnostics/only_stockwell/seed_42/training_domains.csv
only_stockwell,42,diagnostic,domain_risk,2,,,weight,,dimensionless,0.3333333432674408,0.3333333432674408,1000,0,1000,recorded,relative,correction,"equal-weight summaries of recorded source-training batch statistics; changing models, not frozen population estimates",/tmp/p01-d1-20260919-1irHPs/artifacts/d1_pu_20260919/diagnostics/only_stockwell/seed_42/training_domains.csv
only_stockwell,42,diagnostic,domain_risk,3,,,candidate_risk,,CE + beta Brier,1.1220968952775001,1.0913227200508118,1000,0,1000,recorded,relative,correction,"equal-weight summaries of recorded source-training batch statistics; changing models, not frozen population estimates",/tmp/p01-d1-20260919-1irHPs/artifacts/d1_pu_20260919/diagnostics/only_stockwell/seed_42/training_domains.csv
only_stockwell,42,diagnostic,domain_risk,3,,,reference_risk,,CE + beta Brier,0.9222612332701683,0.8979472815990448,1000,0,1000,recorded,relative,correction,"equal-weight summaries of recorded source-training batch statistics; changing models, not frozen population estimates",/tmp/p01-d1-20260919-1irHPs/artifacts/d1_pu_20260919/diagnostics/only_stockwell/seed_42/training_domains.csv
only_stockwell,42,diagnostic,domain_risk,3,,,excess,,CE + beta Brier,0.19983566211722792,0.18000336736440659,1000,0,1000,recorded,relative,correction,"equal-weight summaries of recorded source-training batch statistics; changing models, not frozen population estimates",/tmp/p01-d1-20260919-1irHPs/artifacts/d1_pu_20260919/diagnostics/only_stockwell/seed_42/training_domains.csv
only_stockwell,42,diagnostic,domain_risk,3,,,weight,,dimensionless,0.3333333432674408,0.3333333432674408,1000,0,1000,recorded,relative,correction,"equal-weight summaries of recorded source-training batch statistics; changing models, not frozen population estimates",/tmp/p01-d1-20260919-1irHPs/artifacts/d1_pu_20260919/diagnostics/only_stockwell/seed_42/training_domains.csv
only_stockwell,42,diagnostic,reference_prior,,0,2,reference_risk_difference_over_rho,,dimensionless (c_i-c_j)/rho,-0.029796348690986633,-0.0015954971313476562,1000,0,1000,recorded,relative,correction,"equal-weight summaries of recorded source-training batch statistics; changing models, not frozen population estimates",/tmp/p01-d1-20260919-1irHPs/artifacts/d1_pu_20260919/diagnostics/only_stockwell/seed_42/training_reference_prior.csv
only_stockwell,42,diagnostic,reference_prior,,0,3,reference_risk_difference_over_rho,,dimensionless (c_i-c_j)/rho,-0.10750884282588959,-0.06258046627044678,1000,0,1000,recorded,relative,correction,"equal-weight summaries of recorded source-training batch statistics; changing models, not frozen population estimates",/tmp/p01-d1-20260919-1irHPs/artifacts/d1_pu_20260919/diagnostics/only_stockwell/seed_42/training_reference_prior.csv
only_stockwell,42,diagnostic,reference_prior,,2,3,reference_risk_difference_over_rho,,dimensionless (c_i-c_j)/rho,-0.07771249413490296,-0.056083083152770996,1000,0,1000,recorded,relative,correction,"equal-weight summaries of recorded source-training batch statistics; changing models, not frozen population estimates",/tmp/p01-d1-20260919-1irHPs/artifacts/d1_pu_20260919/diagnostics/only_stockwell/seed_42/training_reference_prior.csv
only_stockwell,42,diagnostic,response,0,,,A,,squared probability L2 norm,0.07795223190914839,0.07129281386733055,1000,0,1000,recorded,relative,correction,"equal-weight summaries of recorded source-training batch statistics; changing models, not frozen population estimates",/tmp/p01-d1-20260919-1irHPs/artifacts/d1_pu_20260919/diagnostics/only_stockwell/seed_42/training_responses.csv
only_stockwell,42,diagnostic,response,0,,,b,,probability inner product,-0.010634898336604238,-0.002864476293325424,1000,0,1000,recorded,relative,correction,"equal-weight summaries of recorded source-training batch statistics; changing models, not frozen population estimates",/tmp/p01-d1-20260919-1irHPs/artifacts/d1_pu_20260919/diagnostics/only_stockwell/seed_42/training_responses.csv
only_stockwell,42,diagnostic,response,0,,,sqrt_A,,probability L2 norm,0.2706747876084679,0.2670071364749303,1000,0,1000,recorded,relative,correction,"equal-weight summaries of recorded source-training batch statistics; changing models, not frozen population estimates",/tmp/p01-d1-20260919-1irHPs/artifacts/d1_pu_20260919/diagnostics/only_stockwell/seed_42/training_responses.csv
only_stockwell,42,diagnostic,response,0,,,b_over_sqrt_A,,signed probability direction; undefined when A=0,-0.022068149482165355,-0.011818172878646487,1000,0,1000,recorded,relative,correction,"equal-weight summaries of recorded source-training batch statistics; changing models, not frozen population estimates",/tmp/p01-d1-20260919-1irHPs/artifacts/d1_pu_20260919/diagnostics/only_stockwell/seed_42/training_responses.csv
only_stockwell,42,diagnostic,response,0,,,delta_p0_squared_norm,,squared probability L2 norm,7.673261025556929e-14,5.007420259689477e-14,1000,0,1000,recorded,relative,correction,"equal-weight summaries of recorded source-training batch statistics; changing models, not frozen population estimates",/tmp/p01-d1-20260919-1irHPs/artifacts/d1_pu_20260919/diagnostics/only_stockwell/seed_42/training_responses.csv
only_stockwell,42,diagnostic,response,0,,,delta_q_squared_norm,,squared probability L2 norm,2.2392108719945792e-08,6.05222028049468e-09,1000,0,1000,recorded,relative,correction,"equal-weight summaries of recorded source-training batch statistics; changing models, not frozen population estimates",/tmp/p01-d1-20260919-1irHPs/artifacts/d1_pu_20260919/diagnostics/only_stockwell/seed_42/training_responses.csv
only_stockwell,42,diagnostic,response,0,,,delta_v_squared_norm,,squared probability L2 norm,2.2391336127455807e-08,6.048739953357085e-09,1000,0,1000,recorded,relative,correction,"equal-weight summaries of recorded source-training batch statistics; changing models, not frozen population estimates",/tmp/p01-d1-20260919-1irHPs/artifacts/d1_pu_20260919/diagnostics/only_stockwell/seed_42/training_responses.csv
only_stockwell,42,diagnostic,response,0,,,delta_p0_mean_vector,0,signed probability; frozen class-order index,4.395297310111346e-09,2.546585164964199e-09,1000,0,1000,recorded,relative,correction,"equal-weight summaries of recorded source-training batch statistics; changing models, not frozen population estimates",/tmp/p01-d1-20260919-1irHPs/artifacts/d1_pu_20260919/diagnostics/only_stockwell/seed_42/training_responses.csv
only_stockwell,42,diagnostic,response,0,,,delta_p0_mean_vector,1,signed probability; frozen class-order index,-1.3206154108047485e-09,0.0,1000,0,1000,recorded,relative,correction,"equal-weight summaries of recorded source-training batch statistics; changing models, not frozen population estimates",/tmp/p01-d1-20260919-1irHPs/artifacts/d1_pu_20260919/diagnostics/only_stockwell/seed_42/training_responses.csv
only_stockwell,42,diagnostic,response,0,,,delta_p0_mean_vector,2,signed probability; frozen class-order index,1.5795230865478515e-09,0.0,1000,0,1000,recorded,relative,correction,"equal-weight summaries of recorded source-training batch statistics; changing models, not frozen population estimates",/tmp/p01-d1-20260919-1irHPs/artifacts/d1_pu_20260919/diagnostics/only_stockwell/seed_42/training_responses.csv
only_stockwell,42,diagnostic,response,0,,,delta_q_mean_vector,0,signed probability; frozen class-order index,-2.753368578851223e-06,-1.4249235391616821e-06,1000,0,1000,recorded,relative,correction,"equal-weight summaries of recorded source-training batch statistics; changing models, not frozen population estimates",/tmp/p01-d1-20260919-1irHPs/artifacts/d1_pu_20260919/diagnostics/only_stockwell/seed_42/training_responses.csv
only_stockwell,42,diagnostic,response,0,,,delta_q_mean_vector,1,signed probability; frozen class-order index,2.780050039291382e-06,2.3730099201202393e-06,1000,0,1000,recorded,relative,correction,"equal-weight summaries of recorded source-training batch statistics; changing models, not frozen population estimates",/tmp/p01-d1-20260919-1irHPs/artifacts/d1_pu_20260919/diagnostics/only_stockwell/seed_42/training_responses.csv
only_stockwell,42,diagnostic,response,0,,,delta_q_mean_vector,2,signed probability; frozen class-order index,-2.5816261768341063e-08,-6.48200511932373e-07,1000,0,1000,recorded,relative,correction,"equal-weight summaries of recorded source-training batch statistics; changing models, not frozen population estimates",/tmp/p01-d1-20260919-1irHPs/artifacts/d1_pu_20260919/diagnostics/only_stockwell/seed_42/training_responses.csv
only_stockwell,42,diagnostic,response,0,,,delta_v_mean_vector,0,signed probability; frozen class-order index,-2.7577923610806467e-06,-1.4817342162132263e-06,1000,0,1000,recorded,relative,correction,"equal-weight summaries of recorded source-training batch statistics; changing models, not frozen population estimates",/tmp/p01-d1-20260919-1irHPs/artifacts/d1_pu_20260919/diagnostics/only_stockwell/seed_42/training_responses.csv
only_stockwell,42,diagnostic,response,0,,,delta_v_mean_vector,1,signed probability; frozen class-order index,2.7813129127025602e-06,2.376735210418701e-06,1000,0,1000,recorded,relative,correction,"equal-weight summaries of recorded source-training batch statistics; changing models, not frozen population estimates",/tmp/p01-d1-20260919-1irHPs/artifacts/d1_pu_20260919/diagnostics/only_stockwell/seed_42/training_responses.csv
only_stockwell,42,diagnostic,response,0,,,delta_v_mean_vector,2,signed probability; frozen class-order index,-2.7395784854888916e-08,-5.941838026046753e-07,1000,0,1000,recorded,relative,correction,"equal-weight summaries of recorded source-training batch statistics; changing models, not frozen population estimates",/tmp/p01-d1-20260919-1irHPs/artifacts/d1_pu_20260919/diagnostics/only_stockwell/seed_42/training_responses.csv
only_stockwell,42,diagnostic,response,2,,,A,,squared probability L2 norm,0.07946745231328532,0.06989238783717155,1000,0,1000,recorded,relative,correction,"equal-weight summaries of recorded source-training batch statistics; changing models, not frozen population estimates",/tmp/p01-d1-20260919-1irHPs/artifacts/d1_pu_20260919/diagnostics/only_stockwell/seed_42/training_responses.csv
only_stockwell,42,diagnostic,response,2,,,b,,probability inner product,-0.013079611152410507,-0.014861506875604391,1000,0,1000,recorded,relative,correction,"equal-weight summaries of recorded source-training batch statistics; changing models, not frozen population estimates",/tmp/p01-d1-20260919-1irHPs/artifacts/d1_pu_20260919/diagnostics/only_stockwell/seed_42/training_responses.csv
only_stockwell,42,diagnostic,response,2,,,sqrt_A,,probability L2 norm,0.2723473084949819,0.26437167921254645,1000,0,1000,recorded,relative,correction,"equal-weight summaries of recorded source-training batch statistics; changing models, not frozen population estimates",/tmp/p01-d1-20260919-1irHPs/artifacts/d1_pu_20260919/diagnostics/only_stockwell/seed_42/training_responses.csv
only_stockwell,42,diagnostic,response,2,,,b_over_sqrt_A,,signed probability direction; undefined when A=0,-0.03128618099086732,-0.05071376952330316,1000,0,1000,recorded,relative,correction,"equal-weight summaries of recorded source-training batch statistics; changing models, not frozen population estimates",/tmp/p01-d1-20260919-1irHPs/artifacts/d1_pu_20260919/diagnostics/only_stockwell/seed_42/training_responses.csv
only_stockwell,42,diagnostic,response,2,,,delta_p0_squared_norm,,squared probability L2 norm,9.167975429702602e-14,5.964684380633557e-14,1000,0,1000,recorded,relative,correction,"equal-weight summaries of recorded source-training batch statistics; changing models, not frozen population estimates",/tmp/p01-d1-20260919-1irHPs/artifacts/d1_pu_20260919/diagnostics/only_stockwell/seed_42/training_responses.csv
only_stockwell,42,diagnostic,response,2,,,delta_q_squared_norm,,squared probability L2 norm,2.3830488689424722e-08,5.7798548169785136e-09,1000,0,1000,recorded,relative,correction,"equal-weight summaries of recorded source-training batch statistics; changing models, not frozen population estimates",/tmp/p01-d1-20260919-1irHPs/artifacts/d1_pu_20260919/diagnostics/only_stockwell/seed_42/training_responses.csv
only_stockwell,42,diagnostic,response,2,,,delta_v_squared_norm,,squared probability L2 norm,2.383282421086763e-08,5.784756451632234e-09,1000,0,1000,recorded,relative,correction,"equal-weight summaries of recorded source-training batch statistics; changing models, not frozen population estimates",/tmp/p01-d1-20260919-1irHPs/artifacts/d1_pu_20260919/diagnostics/only_stockwell/seed_42/training_responses.csv
only_stockwell,42,diagnostic,response,2,,,delta_p0_mean_vector,0,signed probability; frozen class-order index,-1.2498858268372714e-09,-1.6698322724550962e-09,1000,0,1000,recorded,relative,correction,"equal-weight summaries of recorded source-training batch statistics; changing models, not frozen population estimates",/tmp/p01-d1-20260919-1irHPs/artifacts/d1_pu_20260919/diagnostics/only_stockwell/seed_42/training_responses.csv
only_stockwell,42,diagnostic,response,2,,,delta_p0_mean_vector,1,signed probability; frozen class-order index,-1.4118850231170654e-09,0.0,1000,0,1000,recorded,relative,correction,"equal-weight summaries of recorded source-training batch statistics; changing models, not frozen population estimates",/tmp/p01-d1-20260919-1irHPs/artifacts/d1_pu_20260919/diagnostics/only_stockwell/seed_42/training_responses.csv
only_stockwell,42,diagnostic,response,2,,,delta_p0_mean_vector,2,signed probability; frozen class-order index,2.380460500717163e-09,0.0,1000,0,1000,recorded,relative,correction,"equal-weight summaries of recorded source-training batch statistics; changing models, not frozen population estimates",/tmp/p01-d1-20260919-1irHPs/artifacts/d1_pu_20260919/diagnostics/only_stockwell/seed_42/training_responses.csv
only_stockwell,42,diagnostic,response,2,,,delta_q_mean_vector,0,signed probability; frozen class-order index,2.08106217905879e-06,7.320195436477661e-07,1000,0,1000,recorded,relative,correction,"equal-weight summaries of recorded source-training batch statistics; changing models, not frozen population estimates",/tmp/p01-d1-20260919-1irHPs/artifacts/d1_pu_20260919/diagnostics/only_stockwell/seed_42/training_responses.csv
only_stockwell,42,diagnostic,response,2,,,delta_q_mean_vector,1,signed probability; frozen class-order index,2.1791011095046996e-06,3.0919909477233887e-07,1000,0,1000,recorded,relative,correction,"equal-weight summaries of recorded source-training batch statistics; changing models, not frozen population estimates",/tmp/p01-d1-20260919-1irHPs/artifacts/d1_pu_20260919/diagnostics/only_stockwell/seed_42/training_responses.csv
only_stockwell,42,diagnostic,response,2,,,delta_q_mean_vector,2,signed probability; frozen class-order index,-4.259694367647171e-06,-2.4810433387756348e-06,1000,0,1000,recorded,relative,correction,"equal-weight summaries of recorded source-training batch statistics; changing models, not frozen population estimates",/tmp/p01-d1-20260919-1irHPs/artifacts/d1_pu_20260919/diagnostics/only_stockwell/seed_42/training_responses.csv
only_stockwell,42,diagnostic,response,2,,,delta_v_mean_vector,0,signed probability; frozen class-order index,2.082285936921835e-06,7.096678018569946e-07,1000,0,1000,recorded,relative,correction,"equal-weight summaries of recorded source-training batch statistics; changing models, not frozen population estimates",/tmp/p01-d1-20260919-1irHPs/artifacts/d1_pu_20260919/diagnostics/only_stockwell/seed_42/training_responses.csv
only_stockwell,42,diagnostic,response,2,,,delta_v_mean_vector,1,signed probability; frozen class-order index,2.1805204451084135e-06,3.0919909477233887e-07,1000,0,1000,recorded,relative,correction,"equal-weight summaries of recorded source-training batch statistics; changing models, not frozen population estimates",/tmp/p01-d1-20260919-1irHPs/artifacts/d1_pu_20260919/diagnostics/only_stockwell/seed_42/training_responses.csv
only_stockwell,42,diagnostic,response,2,,,delta_v_mean_vector,2,signed probability; frozen class-order index,-4.2620748281478885e-06,-2.5443732738494873e-06,1000,0,1000,recorded,relative,correction,"equal-weight summaries of recorded source-training batch statistics; changing models, not frozen population estimates",/tmp/p01-d1-20260919-1irHPs/artifacts/d1_pu_20260919/diagnostics/only_stockwell/seed_42/training_responses.csv
only_stockwell,42,diagnostic,response,3,,,A,,squared probability L2 norm,0.08118548597581685,0.07230255380272865,1000,0,1000,recorded,relative,correction,"equal-weight summaries of recorded source-training batch statistics; changing models, not frozen population estimates",/tmp/p01-d1-20260919-1irHPs/artifacts/d1_pu_20260919/diagnostics/only_stockwell/seed_42/training_responses.csv
only_stockwell,42,diagnostic,response,3,,,b,,probability inner product,-0.005156514685600996,0.0013124868273735046,1000,0,1000,recorded,relative,correction,"equal-weight summaries of recorded source-training batch statistics; changing models, not frozen population estimates",/tmp/p01-d1-20260919-1irHPs/artifacts/d1_pu_20260919/diagnostics/only_stockwell/seed_42/training_responses.csv
only_stockwell,42,diagnostic,response,3,,,sqrt_A,,probability L2 norm,0.2753853941663724,0.26889134167786055,1000,0,1000,recorded,relative,correction,"equal-weight summaries of recorded source-training batch statistics; changing models, not frozen population estimates",/tmp/p01-d1-20260919-1irHPs/artifacts/d1_pu_20260919/diagnostics/only_stockwell/seed_42/training_responses.csv
only_stockwell,42,diagnostic,response,3,,,b_over_sqrt_A,,signed probability direction; undefined when A=0,0.0051853236792083045,0.006488295426655046,1000,0,1000,recorded,relative,correction,"equal-weight summaries of recorded source-training batch statistics; changing models, not frozen population estimates",/tmp/p01-d1-20260919-1irHPs/artifacts/d1_pu_20260919/diagnostics/only_stockwell/seed_42/training_responses.csv
only_stockwell,42,diagnostic,response,3,,,delta_p0_squared_norm,,squared probability L2 norm,8.8179166639129e-14,5.75251651868669e-14,1000,0,1000,recorded,relative,correction,"equal-weight summaries of recorded source-training batch statistics; changing models, not frozen population estimates",/tmp/p01-d1-20260919-1irHPs/artifacts/d1_pu_20260919/diagnostics/only_stockwell/seed_42/training_responses.csv
only_stockwell,42,diagnostic,response,3,,,delta_q_squared_norm,,squared probability L2 norm,1.993369101757625e-08,6.10132677714148e-09,1000,0,1000,recorded,relative,correction,"equal-weight summaries of recorded source-training batch statistics; changing models, not frozen population estimates",/tmp/p01-d1-20260919-1irHPs/artifacts/d1_pu_20260919/diagnostics/only_stockwell/seed_42/training_responses.csv
only_stockwell,42,diagnostic,response,3,,,delta_v_squared_norm,,squared probability L2 norm,1.99339296693829e-08,6.1160170261587155e-09,1000,0,1000,recorded,relative,correction,"equal-weight summaries of recorded source-training batch statistics; changing models, not frozen population estimates",/tmp/p01-d1-20260919-1irHPs/artifacts/d1_pu_20260919/diagnostics/only_stockwell/seed_42/training_responses.csv
only_stockwell,42,diagnostic,response,3,,,delta_p0_mean_vector,0,signed probability; frozen class-order index,-1.0029383702203632e-08,-2.939486876130104e-09,1000,0,1000,recorded,relative,correction,"equal-weight summaries of recorded source-training batch statistics; changing models, not frozen population estimates",/tmp/p01-d1-20260919-1irHPs/artifacts/d1_pu_20260919/diagnostics/only_stockwell/seed_42/training_responses.csv
only_stockwell,42,diagnostic,response,3,,,delta_p0_mean_vector,1,signed probability; frozen class-order index,2.5033950805664064e-09,0.0,1000,0,1000,recorded,relative,correction,"equal-weight summaries of recorded source-training batch statistics; changing models, not frozen population estimates",/tmp/p01-d1-20260919-1irHPs/artifacts/d1_pu_20260919/diagnostics/only_stockwell/seed_42/training_responses.csv
only_stockwell,42,diagnostic,response,3,,,delta_p0_mean_vector,2,signed probability; frozen class-order index,8.255243301391602e-09,7.450580596923828e-09,1000,0,1000,recorded,relative,correction,"equal-weight summaries of recorded source-training batch statistics; changing models, not frozen population estimates",/tmp/p01-d1-20260919-1irHPs/artifacts/d1_pu_20260919/diagnostics/only_stockwell/seed_42/training_responses.csv
only_stockwell,42,diagnostic,response,3,,,delta_q_mean_vector,0,signed probability; frozen class-order index,-4.449887201189995e-07,2.3748725652694702e-07,1000,0,1000,recorded,relative,correction,"equal-weight summaries of recorded source-training batch statistics; changing models, not frozen population estimates",/tmp/p01-d1-20260919-1irHPs/artifacts/d1_pu_20260919/diagnostics/only_stockwell/seed_42/training_responses.csv
only_stockwell,42,diagnostic,response,3,,,delta_q_mean_vector,1,signed probability; frozen class-order index,-1.954779028892517e-06,-6.221234798431396e-07,1000,0,1000,recorded,relative,correction,"equal-weight summaries of recorded source-training batch statistics; changing models, not frozen population estimates",/tmp/p01-d1-20260919-1irHPs/artifacts/d1_pu_20260919/diagnostics/only_stockwell/seed_42/training_responses.csv
only_stockwell,42,diagnostic,response,3,,,delta_q_mean_vector,2,signed probability; frozen class-order index,2.399832010269165e-06,1.4081597328186035e-06,1000,0,1000,recorded,relative,correction,"equal-weight summaries of recorded source-training batch statistics; changing models, not frozen population estimates",/tmp/p01-d1-20260919-1irHPs/artifacts/d1_pu_20260919/diagnostics/only_stockwell/seed_42/training_responses.csv
only_stockwell,42,diagnostic,response,3,,,delta_v_mean_vector,0,signed probability; frozen class-order index,-4.3515022844076154e-07,2.514570951461792e-07,1000,0,1000,recorded,relative,correction,"equal-weight summaries of recorded source-training batch statistics; changing models, not frozen population estimates",/tmp/p01-d1-20260919-1irHPs/artifacts/d1_pu_20260919/diagnostics/only_stockwell/seed_42/training_responses.csv
only_stockwell,42,diagnostic,response,3,,,delta_v_mean_vector,1,signed probability; frozen class-order index,-1.9573532044887543e-06,-6.146728992462158e-07,1000,0,1000,recorded,relative,correction,"equal-weight summaries of recorded source-training batch statistics; changing models, not frozen population estimates",/tmp/p01-d1-20260919-1irHPs/artifacts/d1_pu_20260919/diagnostics/only_stockwell/seed_42/training_responses.csv
only_stockwell,42,diagnostic,response,3,,,delta_v_mean_vector,2,signed probability; frozen class-order index,2.3915767669677736e-06,1.3671815395355225e-06,1000,0,1000,recorded,relative,correction,"equal-weight summaries of recorded source-training batch statistics; changing models, not frozen population estimates",/tmp/p01-d1-20260919-1irHPs/artifacts/d1_pu_20260919/diagnostics/only_stockwell/seed_42/training_responses.csv
only_stockwell,42,diagnostic,objective,,,,loss,,CE + beta Brier + weighted consistency,0.21330682934314246,0.1954062283039093,1000,0,1000,recorded,relative,correction,"equal-weight summaries of recorded source-training batch statistics; changing models, not frozen population estimates",/tmp/p01-d1-20260919-1irHPs/artifacts/d1_pu_20260919/diagnostics/only_stockwell/seed_42/training_batches.csv
only_stockwell,42,diagnostic,objective,,,,risk_objective,,CE + beta Brier,0.21330682934314246,0.1954062283039093,1000,0,1000,recorded,relative,correction,"equal-weight summaries of recorded source-training batch statistics; changing models, not frozen population estimates",/tmp/p01-d1-20260919-1irHPs/artifacts/d1_pu_20260919/diagnostics/only_stockwell/seed_42/training_batches.csv
only_stockwell,42,diagnostic,objective,,,,diagnostic_excess,,CE + beta Brier,0.21330682934314246,0.1954062283039093,1000,0,1000,recorded,relative,correction,"equal-weight summaries of recorded source-training batch statistics; changing models, not frozen population estimates",/tmp/p01-d1-20260919-1irHPs/artifacts/d1_pu_20260919/diagnostics/only_stockwell/seed_42/training_batches.csv
only_stockwell,42,diagnostic,objective,,,,max_source_excess,,CE + beta Brier,0.48370558845065537,0.4684932827949524,1000,0,1000,recorded,relative,correction,"equal-weight summaries of recorded source-training batch statistics; changing models, not frozen population estimates",/tmp/p01-d1-20260919-1irHPs/artifacts/d1_pu_20260919/diagnostics/only_stockwell/seed_42/training_batches.csv
only_stockwell,42,diagnostic,objective,,,,source_envelope,,CE + beta Brier,0.5993483273684979,0.5817231833934784,1000,0,1000,recorded,relative,correction,"equal-weight summaries of recorded source-training batch statistics; changing models, not frozen population estimates",/tmp/p01-d1-20260919-1irHPs/artifacts/d1_pu_20260919/diagnostics/only_stockwell/seed_42/training_batches.csv
only_stockwell,42,diagnostic,objective,,,,correction_consistency,,unweighted squared probability L2 norm,2.2052697386119173e-08,8.96818885820494e-09,1000,0,1000,recorded,relative,correction,"equal-weight summaries of recorded source-training batch statistics; changing models, not frozen population estimates",/tmp/p01-d1-20260919-1irHPs/artifacts/d1_pu_20260919/diagnostics/only_stockwell/seed_42/training_batches.csv
only_stockwell,42,diagnostic,objective,,,,candidate_output_consistency,,unweighted squared probability L2 norm,2.2052096678097654e-08,8.967503184464931e-09,1000,0,1000,recorded,relative,correction,"equal-weight summaries of recorded source-training batch statistics; changing models, not frozen population estimates",/tmp/p01-d1-20260919-1irHPs/artifacts/d1_pu_20260919/diagnostics/only_stockwell/seed_42/training_batches.csv
only_stockwell,42,diagnostic,objective,,,,reference_output_consistency,,squared probability L2 norm,8.553051257439845e-14,7.071763218958506e-14,1000,0,1000,recorded,relative,correction,"equal-weight summaries of recorded source-training batch statistics; changing models, not frozen population estimates",/tmp/p01-d1-20260919-1irHPs/artifacts/d1_pu_20260919/diagnostics/only_stockwell/seed_42/training_batches.csv
only_stockwell,42,diagnostic,objective,,,,pair_penalty,,selected unweighted squared probability L2 norm,2.2052697386119173e-08,8.96818885820494e-09,1000,0,1000,recorded,relative,correction,"equal-weight summaries of recorded source-training batch statistics; changing models, not frozen population estimates",/tmp/p01-d1-20260919-1irHPs/artifacts/d1_pu_20260919/diagnostics/only_stockwell/seed_42/training_batches.csv
