arm,seed,role,branch,feature_dim,input_weight_parameters,metric,unit,mean,median,n,n_missing,n_batches,sampled_window_visits,measurement_status,derivation,summary_scope,artifact
MLP16,42,core,reference,36,576,mean_scaled_squared_norm,scaled feature units squared,0.029869498625397683,0.026306435465812683,1000,0,1000,12000,recorded,recorded within-batch mean of ||z/sqrt(d)||^2,"equal-weight summaries of recorded source-training batch statistics; changing models, not frozen population estimates",/tmp/p01-d1-20260919-1irHPs/artifacts/d1_pu_20260919/core/MLP16/seed_42/training_features.csv
MLP16,42,core,reference,36,576,mean_unscaled_squared_norm,native feature units squared,1.0753019505143167,0.9470316767692566,1000,0,1000,12000,recorded,d times recorded mean_scaled_squared_norm,"equal-weight summaries of recorded source-training batch statistics; changing models, not frozen population estimates",/tmp/p01-d1-20260919-1irHPs/artifacts/d1_pu_20260919/core/MLP16/seed_42/training_features.csv
MLP16,42,core,reference,36,576,median_scaled_norm,scaled feature units,0.11706644240021706,0.11272041499614716,1000,0,1000,12000,recorded,recorded within-batch median of ||z/sqrt(d)||; not pooled-window median,"equal-weight summaries of recorded source-training batch statistics; changing models, not frozen population estimates",/tmp/p01-d1-20260919-1irHPs/artifacts/d1_pu_20260919/core/MLP16/seed_42/training_features.csv
MLP16,42,core,reference,36,576,median_unscaled_norm,native feature units,0.7023986544013023,0.6763224899768829,1000,0,1000,12000,recorded,sqrt(d) times recorded median_scaled_norm; not pooled-window median,"equal-weight summaries of recorded source-training batch statistics; changing models, not frozen population estimates",/tmp/p01-d1-20260919-1irHPs/artifacts/d1_pu_20260919/core/MLP16/seed_42/training_features.csv
MLP16,42,core,reference,36,576,input_weight_gradient_norm,loss per native parameter coordinate,0.012839229206612799,0.011267625261098146,1000,0,1000,12000,recorded,raw first-readout parameter gradient Frobenius norm; MLP input-column block,"equal-weight summaries of recorded source-training batch statistics; changing models, not frozen population estimates",/tmp/p01-d1-20260919-1irHPs/artifacts/d1_pu_20260919/core/MLP16/seed_42/training_features.csv
MLP16,42,core,reference,36,576,raw_input_weight_norm,native weight coordinates,4.89334339427948,4.886445045471191,1000,0,1000,12000,recorded,raw first-readout input-column-block Frobenius norm,"equal-weight summaries of recorded source-training batch statistics; changing models, not frozen population estimates",/tmp/p01-d1-20260919-1irHPs/artifacts/d1_pu_20260919/core/MLP16/seed_42/training_features.csv
MLP16,42,core,reference,36,576,effective_input_weight_norm,native weight coordinates,2.236068017244339,2.2360680103302,1000,0,1000,12000,recorded,effective capped first-readout input-column-block Frobenius norm,"equal-weight summaries of recorded source-training batch statistics; changing models, not frozen population estimates",/tmp/p01-d1-20260919-1irHPs/artifacts/d1_pu_20260919/core/MLP16/seed_42/training_features.csv
MLP16,42,core,reference,36,576,effective_output_weight_norm,native weight coordinates,1.5248527568727732,1.7007311582565308,1000,0,1000,12000,recorded,whole effective output matrix norm; repeated across branch rows,"equal-weight summaries of recorded source-training batch statistics; changing models, not frozen population estimates",/tmp/p01-d1-20260919-1irHPs/artifacts/d1_pu_20260919/core/MLP16/seed_42/training_features.csv
MLP16,123,core,reference,36,576,mean_scaled_squared_norm,scaled feature units squared,0.02910477677732706,0.024302472360432148,1000,0,1000,12000,recorded,recorded within-batch mean of ||z/sqrt(d)||^2,"equal-weight summaries of recorded source-training batch statistics; changing models, not frozen population estimates",/tmp/p01-d1-20260919-1irHPs/artifacts/d1_pu_20260919/core/MLP16/seed_123/training_features.csv
MLP16,123,core,reference,36,576,mean_unscaled_squared_norm,native feature units squared,1.0477719639837741,0.8748890049755573,1000,0,1000,12000,recorded,d times recorded mean_scaled_squared_norm,"equal-weight summaries of recorded source-training batch statistics; changing models, not frozen population estimates",/tmp/p01-d1-20260919-1irHPs/artifacts/d1_pu_20260919/core/MLP16/seed_123/training_features.csv
MLP16,123,core,reference,36,576,median_scaled_norm,scaled feature units,0.11672324199974538,0.11249158903956413,1000,0,1000,12000,recorded,recorded within-batch median of ||z/sqrt(d)||; not pooled-window median,"equal-weight summaries of recorded source-training batch statistics; changing models, not frozen population estimates",/tmp/p01-d1-20260919-1irHPs/artifacts/d1_pu_20260919/core/MLP16/seed_123/training_features.csv
MLP16,123,core,reference,36,576,median_unscaled_norm,native feature units,0.7003394519984723,0.6749495342373848,1000,0,1000,12000,recorded,sqrt(d) times recorded median_scaled_norm; not pooled-window median,"equal-weight summaries of recorded source-training batch statistics; changing models, not frozen population estimates",/tmp/p01-d1-20260919-1irHPs/artifacts/d1_pu_20260919/core/MLP16/seed_123/training_features.csv
MLP16,123,core,reference,36,576,input_weight_gradient_norm,loss per native parameter coordinate,0.012981898748810635,0.011445479933172464,1000,0,1000,12000,recorded,raw first-readout parameter gradient Frobenius norm; MLP input-column block,"equal-weight summaries of recorded source-training batch statistics; changing models, not frozen population estimates",/tmp/p01-d1-20260919-1irHPs/artifacts/d1_pu_20260919/core/MLP16/seed_123/training_features.csv
MLP16,123,core,reference,36,576,raw_input_weight_norm,native weight coordinates,4.845669926643372,4.74378776550293,1000,0,1000,12000,recorded,raw first-readout input-column-block Frobenius norm,"equal-weight summaries of recorded source-training batch statistics; changing models, not frozen population estimates",/tmp/p01-d1-20260919-1irHPs/artifacts/d1_pu_20260919/core/MLP16/seed_123/training_features.csv
MLP16,123,core,reference,36,576,effective_input_weight_norm,native weight coordinates,2.2360680174827574,2.2360680103302,1000,0,1000,12000,recorded,effective capped first-readout input-column-block Frobenius norm,"equal-weight summaries of recorded source-training batch statistics; changing models, not frozen population estimates",/tmp/p01-d1-20260919-1irHPs/artifacts/d1_pu_20260919/core/MLP16/seed_123/training_features.csv
MLP16,123,core,reference,36,576,effective_output_weight_norm,native weight coordinates,1.5357470407634974,1.7100828289985657,1000,0,1000,12000,recorded,whole effective output matrix norm; repeated across branch rows,"equal-weight summaries of recorded source-training batch statistics; changing models, not frozen population estimates",/tmp/p01-d1-20260919-1irHPs/artifacts/d1_pu_20260919/core/MLP16/seed_123/training_features.csv
MLP16,456,core,reference,36,576,mean_scaled_squared_norm,scaled feature units squared,0.030009630120825023,0.026062960736453533,1000,0,1000,12000,recorded,recorded within-batch mean of ||z/sqrt(d)||^2,"equal-weight summaries of recorded source-training batch statistics; changing models, not frozen population estimates",/tmp/p01-d1-20260919-1irHPs/artifacts/d1_pu_20260919/core/MLP16/seed_456/training_features.csv
MLP16,456,core,reference,36,576,mean_unscaled_squared_norm,native feature units squared,1.0803466843497007,0.9382665865123272,1000,0,1000,12000,recorded,d times recorded mean_scaled_squared_norm,"equal-weight summaries of recorded source-training batch statistics; changing models, not frozen population estimates",/tmp/p01-d1-20260919-1irHPs/artifacts/d1_pu_20260919/core/MLP16/seed_456/training_features.csv
MLP16,456,core,reference,36,576,median_scaled_norm,scaled feature units,0.11721337546408177,0.11299493163824081,1000,0,1000,12000,recorded,recorded within-batch median of ||z/sqrt(d)||; not pooled-window median,"equal-weight summaries of recorded source-training batch statistics; changing models, not frozen population estimates",/tmp/p01-d1-20260919-1irHPs/artifacts/d1_pu_20260919/core/MLP16/seed_456/training_features.csv
MLP16,456,core,reference,36,576,median_unscaled_norm,native feature units,0.7032802527844906,0.6779695898294449,1000,0,1000,12000,recorded,sqrt(d) times recorded median_scaled_norm; not pooled-window median,"equal-weight summaries of recorded source-training batch statistics; changing models, not frozen population estimates",/tmp/p01-d1-20260919-1irHPs/artifacts/d1_pu_20260919/core/MLP16/seed_456/training_features.csv
MLP16,456,core,reference,36,576,input_weight_gradient_norm,loss per native parameter coordinate,0.01303304960548121,0.012082132045179605,1000,0,1000,12000,recorded,raw first-readout parameter gradient Frobenius norm; MLP input-column block,"equal-weight summaries of recorded source-training batch statistics; changing models, not frozen population estimates",/tmp/p01-d1-20260919-1irHPs/artifacts/d1_pu_20260919/core/MLP16/seed_456/training_features.csv
MLP16,456,core,reference,36,576,raw_input_weight_norm,native weight coordinates,4.952997793197632,4.842099905014038,1000,0,1000,12000,recorded,raw first-readout input-column-block Frobenius norm,"equal-weight summaries of recorded source-training batch statistics; changing models, not frozen population estimates",/tmp/p01-d1-20260919-1irHPs/artifacts/d1_pu_20260919/core/MLP16/seed_456/training_features.csv
MLP16,456,core,reference,36,576,effective_input_weight_norm,native weight coordinates,2.236068008899689,2.2360680103302,1000,0,1000,12000,recorded,effective capped first-readout input-column-block Frobenius norm,"equal-weight summaries of recorded source-training batch statistics; changing models, not frozen population estimates",/tmp/p01-d1-20260919-1irHPs/artifacts/d1_pu_20260919/core/MLP16/seed_456/training_features.csv
MLP16,456,core,reference,36,576,effective_output_weight_norm,native weight coordinates,1.5382490918561815,1.7392922043800354,1000,0,1000,12000,recorded,whole effective output matrix norm; repeated across branch rows,"equal-weight summaries of recorded source-training batch statistics; changing models, not frozen population estimates",/tmp/p01-d1-20260919-1irHPs/artifacts/d1_pu_20260919/core/MLP16/seed_456/training_features.csv
O,42,core,reference,36,108,mean_scaled_squared_norm,scaled feature units squared,0.029869498625397683,0.026306435465812683,1000,0,1000,12000,recorded,recorded within-batch mean of ||z/sqrt(d)||^2,"equal-weight summaries of recorded source-training batch statistics; changing models, not frozen population estimates",/tmp/p01-d1-20260919-1irHPs/artifacts/d1_pu_20260919/core/O/seed_42/training_features.csv
O,42,core,reference,36,108,mean_unscaled_squared_norm,native feature units squared,1.0753019505143167,0.9470316767692566,1000,0,1000,12000,recorded,d times recorded mean_scaled_squared_norm,"equal-weight summaries of recorded source-training batch statistics; changing models, not frozen population estimates",/tmp/p01-d1-20260919-1irHPs/artifacts/d1_pu_20260919/core/O/seed_42/training_features.csv
O,42,core,reference,36,108,median_scaled_norm,scaled feature units,0.11706644240021706,0.11272041499614716,1000,0,1000,12000,recorded,recorded within-batch median of ||z/sqrt(d)||; not pooled-window median,"equal-weight summaries of recorded source-training batch statistics; changing models, not frozen population estimates",/tmp/p01-d1-20260919-1irHPs/artifacts/d1_pu_20260919/core/O/seed_42/training_features.csv
O,42,core,reference,36,108,median_unscaled_norm,native feature units,0.7023986544013023,0.6763224899768829,1000,0,1000,12000,recorded,sqrt(d) times recorded median_scaled_norm; not pooled-window median,"equal-weight summaries of recorded source-training batch statistics; changing models, not frozen population estimates",/tmp/p01-d1-20260919-1irHPs/artifacts/d1_pu_20260919/core/O/seed_42/training_features.csv
O,42,core,reference,36,108,input_weight_gradient_norm,loss per native parameter coordinate,0.05018924668803811,0.04637618735432625,1000,0,1000,12000,recorded,raw first-readout parameter gradient Frobenius norm; MLP input-column block,"equal-weight summaries of recorded source-training batch statistics; changing models, not frozen population estimates",/tmp/p01-d1-20260919-1irHPs/artifacts/d1_pu_20260919/core/O/seed_42/training_features.csv
O,42,core,reference,36,108,raw_input_weight_norm,native weight coordinates,1.9392063600122929,2.0662641525268555,1000,0,1000,12000,recorded,raw first-readout input-column-block Frobenius norm,"equal-weight summaries of recorded source-training batch statistics; changing models, not frozen population estimates",/tmp/p01-d1-20260919-1irHPs/artifacts/d1_pu_20260919/core/O/seed_42/training_features.csv
O,42,core,reference,36,108,effective_input_weight_norm,native weight coordinates,1.9392063600122929,2.0662641525268555,1000,0,1000,12000,recorded,effective capped first-readout input-column-block Frobenius norm,"equal-weight summaries of recorded source-training batch statistics; changing models, not frozen population estimates",/tmp/p01-d1-20260919-1irHPs/artifacts/d1_pu_20260919/core/O/seed_42/training_features.csv
O,42,core,reference,36,108,effective_output_weight_norm,native weight coordinates,2.5335505958497526,2.6721001863479614,1000,0,1000,12000,recorded,whole effective output matrix norm; repeated across branch rows,"equal-weight summaries of recorded source-training batch statistics; changing models, not frozen population estimates",/tmp/p01-d1-20260919-1irHPs/artifacts/d1_pu_20260919/core/O/seed_42/training_features.csv
O,42,core,envelope,8,24,mean_scaled_squared_norm,scaled feature units squared,0.0013417056384205353,0.0012299021473154426,1000,0,1000,12000,recorded,recorded within-batch mean of ||z/sqrt(d)||^2,"equal-weight summaries of recorded source-training batch statistics; changing models, not frozen population estimates",/tmp/p01-d1-20260919-1irHPs/artifacts/d1_pu_20260919/core/O/seed_42/training_features.csv
O,42,core,envelope,8,24,mean_unscaled_squared_norm,native feature units squared,0.010733645107364282,0.00983921717852354,1000,0,1000,12000,recorded,d times recorded mean_scaled_squared_norm,"equal-weight summaries of recorded source-training batch statistics; changing models, not frozen population estimates",/tmp/p01-d1-20260919-1irHPs/artifacts/d1_pu_20260919/core/O/seed_42/training_features.csv
O,42,core,envelope,8,24,median_scaled_norm,scaled feature units,0.02555876197107136,0.024457816034555435,1000,0,1000,12000,recorded,recorded within-batch median of ||z/sqrt(d)||; not pooled-window median,"equal-weight summaries of recorded source-training batch statistics; changing models, not frozen population estimates",/tmp/p01-d1-20260919-1irHPs/artifacts/d1_pu_20260919/core/O/seed_42/training_features.csv
O,42,core,envelope,8,24,median_unscaled_norm,native feature units,0.07229109563390965,0.0691771502841889,1000,0,1000,12000,recorded,sqrt(d) times recorded median_scaled_norm; not pooled-window median,"equal-weight summaries of recorded source-training batch statistics; changing models, not frozen population estimates",/tmp/p01-d1-20260919-1irHPs/artifacts/d1_pu_20260919/core/O/seed_42/training_features.csv
O,42,core,envelope,8,24,input_weight_gradient_norm,loss per native parameter coordinate,0.009456978155067191,0.00832005962729454,1000,0,1000,12000,recorded,raw first-readout parameter gradient Frobenius norm; MLP input-column block,"equal-weight summaries of recorded source-training batch statistics; changing models, not frozen population estimates",/tmp/p01-d1-20260919-1irHPs/artifacts/d1_pu_20260919/core/O/seed_42/training_features.csv
O,42,core,envelope,8,24,raw_input_weight_norm,native weight coordinates,0.8221455718651414,0.8530372381210327,1000,0,1000,12000,recorded,raw first-readout input-column-block Frobenius norm,"equal-weight summaries of recorded source-training batch statistics; changing models, not frozen population estimates",/tmp/p01-d1-20260919-1irHPs/artifacts/d1_pu_20260919/core/O/seed_42/training_features.csv
O,42,core,envelope,8,24,effective_input_weight_norm,native weight coordinates,0.8221455718651414,0.8530372381210327,1000,0,1000,12000,recorded,effective capped first-readout input-column-block Frobenius norm,"equal-weight summaries of recorded source-training batch statistics; changing models, not frozen population estimates",/tmp/p01-d1-20260919-1irHPs/artifacts/d1_pu_20260919/core/O/seed_42/training_features.csv
O,42,core,envelope,8,24,effective_output_weight_norm,native weight coordinates,2.5335505958497526,2.6721001863479614,1000,0,1000,12000,recorded,whole effective output matrix norm; repeated across branch rows,"equal-weight summaries of recorded source-training batch statistics; changing models, not frozen population estimates",/tmp/p01-d1-20260919-1irHPs/artifacts/d1_pu_20260919/core/O/seed_42/training_features.csv
O,42,core,stft_short,64,192,mean_scaled_squared_norm,scaled feature units squared,10.55265917634964,10.658472537994385,1000,0,1000,12000,recorded,recorded within-batch mean of ||z/sqrt(d)||^2,"equal-weight summaries of recorded source-training batch statistics; changing models, not frozen population estimates",/tmp/p01-d1-20260919-1irHPs/artifacts/d1_pu_20260919/core/O/seed_42/training_features.csv
O,42,core,stft_short,64,192,mean_unscaled_squared_norm,native feature units squared,675.3701872863769,682.1422424316406,1000,0,1000,12000,recorded,d times recorded mean_scaled_squared_norm,"equal-weight summaries of recorded source-training batch statistics; changing models, not frozen population estimates",/tmp/p01-d1-20260919-1irHPs/artifacts/d1_pu_20260919/core/O/seed_42/training_features.csv
O,42,core,stft_short,64,192,median_scaled_norm,scaled feature units,3.3014803116321563,3.318260669708252,1000,0,1000,12000,recorded,recorded within-batch median of ||z/sqrt(d)||; not pooled-window median,"equal-weight summaries of recorded source-training batch statistics; changing models, not frozen population estimates",/tmp/p01-d1-20260919-1irHPs/artifacts/d1_pu_20260919/core/O/seed_42/training_features.csv
O,42,core,stft_short,64,192,median_unscaled_norm,native feature units,26.41184249305725,26.546085357666016,1000,0,1000,12000,recorded,sqrt(d) times recorded median_scaled_norm; not pooled-window median,"equal-weight summaries of recorded source-training batch statistics; changing models, not frozen population estimates",/tmp/p01-d1-20260919-1irHPs/artifacts/d1_pu_20260919/core/O/seed_42/training_features.csv
O,42,core,stft_short,64,192,input_weight_gradient_norm,loss per native parameter coordinate,0.9976740300133824,0.9146842360496521,1000,0,1000,12000,recorded,raw first-readout parameter gradient Frobenius norm; MLP input-column block,"equal-weight summaries of recorded source-training batch statistics; changing models, not frozen population estimates",/tmp/p01-d1-20260919-1irHPs/artifacts/d1_pu_20260919/core/O/seed_42/training_features.csv
O,42,core,stft_short,64,192,raw_input_weight_norm,native weight coordinates,0.6853920937627553,0.7143850326538086,1000,0,1000,12000,recorded,raw first-readout input-column-block Frobenius norm,"equal-weight summaries of recorded source-training batch statistics; changing models, not frozen population estimates",/tmp/p01-d1-20260919-1irHPs/artifacts/d1_pu_20260919/core/O/seed_42/training_features.csv
O,42,core,stft_short,64,192,effective_input_weight_norm,native weight coordinates,0.6853920937627553,0.7143850326538086,1000,0,1000,12000,recorded,effective capped first-readout input-column-block Frobenius norm,"equal-weight summaries of recorded source-training batch statistics; changing models, not frozen population estimates",/tmp/p01-d1-20260919-1irHPs/artifacts/d1_pu_20260919/core/O/seed_42/training_features.csv
O,42,core,stft_short,64,192,effective_output_weight_norm,native weight coordinates,2.5335505958497526,2.6721001863479614,1000,0,1000,12000,recorded,whole effective output matrix norm; repeated across branch rows,"equal-weight summaries of recorded source-training batch statistics; changing models, not frozen population estimates",/tmp/p01-d1-20260919-1irHPs/artifacts/d1_pu_20260919/core/O/seed_42/training_features.csv
O,42,core,morlet,32,96,mean_scaled_squared_norm,scaled feature units squared,7.524210076808929,7.534460783004761,1000,0,1000,12000,recorded,recorded within-batch mean of ||z/sqrt(d)||^2,"equal-weight summaries of recorded source-training batch statistics; changing models, not frozen population estimates",/tmp/p01-d1-20260919-1irHPs/artifacts/d1_pu_20260919/core/O/seed_42/training_features.csv
O,42,core,morlet,32,96,mean_unscaled_squared_norm,native feature units squared,240.77472245788573,241.10274505615234,1000,0,1000,12000,recorded,d times recorded mean_scaled_squared_norm,"equal-weight summaries of recorded source-training batch statistics; changing models, not frozen population estimates",/tmp/p01-d1-20260919-1irHPs/artifacts/d1_pu_20260919/core/O/seed_42/training_features.csv
O,42,core,morlet,32,96,median_scaled_norm,scaled feature units,2.7696417315006254,2.7942055463790894,1000,0,1000,12000,recorded,recorded within-batch median of ||z/sqrt(d)||; not pooled-window median,"equal-weight summaries of recorded source-training batch statistics; changing models, not frozen population estimates",/tmp/p01-d1-20260919-1irHPs/artifacts/d1_pu_20260919/core/O/seed_42/training_features.csv
O,42,core,morlet,32,96,median_unscaled_norm,native feature units,15.66745959841075,15.806413518989732,1000,0,1000,12000,recorded,sqrt(d) times recorded median_scaled_norm; not pooled-window median,"equal-weight summaries of recorded source-training batch statistics; changing models, not frozen population estimates",/tmp/p01-d1-20260919-1irHPs/artifacts/d1_pu_20260919/core/O/seed_42/training_features.csv
O,42,core,morlet,32,96,input_weight_gradient_norm,loss per native parameter coordinate,0.8544101594164968,0.7936116755008698,1000,0,1000,12000,recorded,raw first-readout parameter gradient Frobenius norm; MLP input-column block,"equal-weight summaries of recorded source-training batch statistics; changing models, not frozen population estimates",/tmp/p01-d1-20260919-1irHPs/artifacts/d1_pu_20260919/core/O/seed_42/training_features.csv
O,42,core,morlet,32,96,raw_input_weight_norm,native weight coordinates,0.44765356701612474,0.4670029282569885,1000,0,1000,12000,recorded,raw first-readout input-column-block Frobenius norm,"equal-weight summaries of recorded source-training batch statistics; changing models, not frozen population estimates",/tmp/p01-d1-20260919-1irHPs/artifacts/d1_pu_20260919/core/O/seed_42/training_features.csv
O,42,core,morlet,32,96,effective_input_weight_norm,native weight coordinates,0.44765356701612474,0.4670029282569885,1000,0,1000,12000,recorded,effective capped first-readout input-column-block Frobenius norm,"equal-weight summaries of recorded source-training batch statistics; changing models, not frozen population estimates",/tmp/p01-d1-20260919-1irHPs/artifacts/d1_pu_20260919/core/O/seed_42/training_features.csv
O,42,core,morlet,32,96,effective_output_weight_norm,native weight coordinates,2.5335505958497526,2.6721001863479614,1000,0,1000,12000,recorded,whole effective output matrix norm; repeated across branch rows,"equal-weight summaries of recorded source-training batch statistics; changing models, not frozen population estimates",/tmp/p01-d1-20260919-1irHPs/artifacts/d1_pu_20260919/core/O/seed_42/training_features.csv
O,42,core,stft_long,64,192,mean_scaled_squared_norm,scaled feature units squared,9.724477717399598,9.821154117584229,1000,0,1000,12000,recorded,recorded within-batch mean of ||z/sqrt(d)||^2,"equal-weight summaries of recorded source-training batch statistics; changing models, not frozen population estimates",/tmp/p01-d1-20260919-1irHPs/artifacts/d1_pu_20260919/core/O/seed_42/training_features.csv
O,42,core,stft_long,64,192,mean_unscaled_squared_norm,native feature units squared,622.3665739135743,628.5538635253906,1000,0,1000,12000,recorded,d times recorded mean_scaled_squared_norm,"equal-weight summaries of recorded source-training batch statistics; changing models, not frozen population estimates",/tmp/p01-d1-20260919-1irHPs/artifacts/d1_pu_20260919/core/O/seed_42/training_features.csv
O,42,core,stft_long,64,192,median_scaled_norm,scaled feature units,3.176227657556534,3.1979267597198486,1000,0,1000,12000,recorded,recorded within-batch median of ||z/sqrt(d)||; not pooled-window median,"equal-weight summaries of recorded source-training batch statistics; changing models, not frozen population estimates",/tmp/p01-d1-20260919-1irHPs/artifacts/d1_pu_20260919/core/O/seed_42/training_features.csv
O,42,core,stft_long,64,192,median_unscaled_norm,native feature units,25.409821260452272,25.58341407775879,1000,0,1000,12000,recorded,sqrt(d) times recorded median_scaled_norm; not pooled-window median,"equal-weight summaries of recorded source-training batch statistics; changing models, not frozen population estimates",/tmp/p01-d1-20260919-1irHPs/artifacts/d1_pu_20260919/core/O/seed_42/training_features.csv
O,42,core,stft_long,64,192,input_weight_gradient_norm,loss per native parameter coordinate,0.9585255716145039,0.883385419845581,1000,0,1000,12000,recorded,raw first-readout parameter gradient Frobenius norm; MLP input-column block,"equal-weight summaries of recorded source-training batch statistics; changing models, not frozen population estimates",/tmp/p01-d1-20260919-1irHPs/artifacts/d1_pu_20260919/core/O/seed_42/training_features.csv
O,42,core,stft_long,64,192,raw_input_weight_norm,native weight coordinates,0.6805434950292111,0.7090131342411041,1000,0,1000,12000,recorded,raw first-readout input-column-block Frobenius norm,"equal-weight summaries of recorded source-training batch statistics; changing models, not frozen population estimates",/tmp/p01-d1-20260919-1irHPs/artifacts/d1_pu_20260919/core/O/seed_42/training_features.csv
O,42,core,stft_long,64,192,effective_input_weight_norm,native weight coordinates,0.6805434950292111,0.7090131342411041,1000,0,1000,12000,recorded,effective capped first-readout input-column-block Frobenius norm,"equal-weight summaries of recorded source-training batch statistics; changing models, not frozen population estimates",/tmp/p01-d1-20260919-1irHPs/artifacts/d1_pu_20260919/core/O/seed_42/training_features.csv
O,42,core,stft_long,64,192,effective_output_weight_norm,native weight coordinates,2.5335505958497526,2.6721001863479614,1000,0,1000,12000,recorded,whole effective output matrix norm; repeated across branch rows,"equal-weight summaries of recorded source-training batch statistics; changing models, not frozen population estimates",/tmp/p01-d1-20260919-1irHPs/artifacts/d1_pu_20260919/core/O/seed_42/training_features.csv
O,42,core,mexican_hat,32,96,mean_scaled_squared_norm,scaled feature units squared,5.91907683467865,5.9220123291015625,1000,0,1000,12000,recorded,recorded within-batch mean of ||z/sqrt(d)||^2,"equal-weight summaries of recorded source-training batch statistics; changing models, not frozen population estimates",/tmp/p01-d1-20260919-1irHPs/artifacts/d1_pu_20260919/core/O/seed_42/training_features.csv
O,42,core,mexican_hat,32,96,mean_unscaled_squared_norm,native feature units squared,189.4104587097168,189.50439453125,1000,0,1000,12000,recorded,d times recorded mean_scaled_squared_norm,"equal-weight summaries of recorded source-training batch statistics; changing models, not frozen population estimates",/tmp/p01-d1-20260919-1irHPs/artifacts/d1_pu_20260919/core/O/seed_42/training_features.csv
O,42,core,mexican_hat,32,96,median_scaled_norm,scaled feature units,2.426838875770569,2.441170334815979,1000,0,1000,12000,recorded,recorded within-batch median of ||z/sqrt(d)||; not pooled-window median,"equal-weight summaries of recorded source-training batch statistics; changing models, not frozen population estimates",/tmp/p01-d1-20260919-1irHPs/artifacts/d1_pu_20260919/core/O/seed_42/training_features.csv
O,42,core,mexican_hat,32,96,median_unscaled_norm,native feature units,13.728273807236054,13.809344782238508,1000,0,1000,12000,recorded,sqrt(d) times recorded median_scaled_norm; not pooled-window median,"equal-weight summaries of recorded source-training batch statistics; changing models, not frozen population estimates",/tmp/p01-d1-20260919-1irHPs/artifacts/d1_pu_20260919/core/O/seed_42/training_features.csv
O,42,core,mexican_hat,32,96,input_weight_gradient_norm,loss per native parameter coordinate,0.7536930382177234,0.707935243844986,1000,0,1000,12000,recorded,raw first-readout parameter gradient Frobenius norm; MLP input-column block,"equal-weight summaries of recorded source-training batch statistics; changing models, not frozen population estimates",/tmp/p01-d1-20260919-1irHPs/artifacts/d1_pu_20260919/core/O/seed_42/training_features.csv
O,42,core,mexican_hat,32,96,raw_input_weight_norm,native weight coordinates,0.47120888326317073,0.49403104186058044,1000,0,1000,12000,recorded,raw first-readout input-column-block Frobenius norm,"equal-weight summaries of recorded source-training batch statistics; changing models, not frozen population estimates",/tmp/p01-d1-20260919-1irHPs/artifacts/d1_pu_20260919/core/O/seed_42/training_features.csv
O,42,core,mexican_hat,32,96,effective_input_weight_norm,native weight coordinates,0.47120888326317073,0.49403104186058044,1000,0,1000,12000,recorded,effective capped first-readout input-column-block Frobenius norm,"equal-weight summaries of recorded source-training batch statistics; changing models, not frozen population estimates",/tmp/p01-d1-20260919-1irHPs/artifacts/d1_pu_20260919/core/O/seed_42/training_features.csv
O,42,core,mexican_hat,32,96,effective_output_weight_norm,native weight coordinates,2.5335505958497526,2.6721001863479614,1000,0,1000,12000,recorded,whole effective output matrix norm; repeated across branch rows,"equal-weight summaries of recorded source-training batch statistics; changing models, not frozen population estimates",/tmp/p01-d1-20260919-1irHPs/artifacts/d1_pu_20260919/core/O/seed_42/training_features.csv
O,42,core,stockwell,40,120,mean_scaled_squared_norm,scaled feature units squared,17.509509525299073,17.533218383789062,1000,0,1000,12000,recorded,recorded within-batch mean of ||z/sqrt(d)||^2,"equal-weight summaries of recorded source-training batch statistics; changing models, not frozen population estimates",/tmp/p01-d1-20260919-1irHPs/artifacts/d1_pu_20260919/core/O/seed_42/training_features.csv
O,42,core,stockwell,40,120,mean_unscaled_squared_norm,native feature units squared,700.3803810119629,701.3287353515625,1000,0,1000,12000,recorded,d times recorded mean_scaled_squared_norm,"equal-weight summaries of recorded source-training batch statistics; changing models, not frozen population estimates",/tmp/p01-d1-20260919-1irHPs/artifacts/d1_pu_20260919/core/O/seed_42/training_features.csv
O,42,core,stockwell,40,120,median_scaled_norm,scaled feature units,4.219409244537354,4.241060495376587,1000,0,1000,12000,recorded,recorded within-batch median of ||z/sqrt(d)||; not pooled-window median,"equal-weight summaries of recorded source-training batch statistics; changing models, not frozen population estimates",/tmp/p01-d1-20260919-1irHPs/artifacts/d1_pu_20260919/core/O/seed_42/training_features.csv
O,42,core,stockwell,40,120,median_unscaled_norm,native feature units,26.685887186216824,26.82282171990404,1000,0,1000,12000,recorded,sqrt(d) times recorded median_scaled_norm; not pooled-window median,"equal-weight summaries of recorded source-training batch statistics; changing models, not frozen population estimates",/tmp/p01-d1-20260919-1irHPs/artifacts/d1_pu_20260919/core/O/seed_42/training_features.csv
O,42,core,stockwell,40,120,input_weight_gradient_norm,loss per native parameter coordinate,1.2808293800652026,1.2004563808441162,1000,0,1000,12000,recorded,raw first-readout parameter gradient Frobenius norm; MLP input-column block,"equal-weight summaries of recorded source-training batch statistics; changing models, not frozen population estimates",/tmp/p01-d1-20260919-1irHPs/artifacts/d1_pu_20260919/core/O/seed_42/training_features.csv
O,42,core,stockwell,40,120,raw_input_weight_norm,native weight coordinates,0.6461898671761155,0.6781489253044128,1000,0,1000,12000,recorded,raw first-readout input-column-block Frobenius norm,"equal-weight summaries of recorded source-training batch statistics; changing models, not frozen population estimates",/tmp/p01-d1-20260919-1irHPs/artifacts/d1_pu_20260919/core/O/seed_42/training_features.csv
O,42,core,stockwell,40,120,effective_input_weight_norm,native weight coordinates,0.6461898671761155,0.6781489253044128,1000,0,1000,12000,recorded,effective capped first-readout input-column-block Frobenius norm,"equal-weight summaries of recorded source-training batch statistics; changing models, not frozen population estimates",/tmp/p01-d1-20260919-1irHPs/artifacts/d1_pu_20260919/core/O/seed_42/training_features.csv
O,42,core,stockwell,40,120,effective_output_weight_norm,native weight coordinates,2.5335505958497526,2.6721001863479614,1000,0,1000,12000,recorded,whole effective output matrix norm; repeated across branch rows,"equal-weight summaries of recorded source-training batch statistics; changing models, not frozen population estimates",/tmp/p01-d1-20260919-1irHPs/artifacts/d1_pu_20260919/core/O/seed_42/training_features.csv
O,42,core,chirplet_up,32,96,mean_scaled_squared_norm,scaled feature units squared,10.06796904373169,10.16788101196289,1000,0,1000,12000,recorded,recorded within-batch mean of ||z/sqrt(d)||^2,"equal-weight summaries of recorded source-training batch statistics; changing models, not frozen population estimates",/tmp/p01-d1-20260919-1irHPs/artifacts/d1_pu_20260919/core/O/seed_42/training_features.csv
O,42,core,chirplet_up,32,96,mean_unscaled_squared_norm,native feature units squared,322.1750093994141,325.3721923828125,1000,0,1000,12000,recorded,d times recorded mean_scaled_squared_norm,"equal-weight summaries of recorded source-training batch statistics; changing models, not frozen population estimates",/tmp/p01-d1-20260919-1irHPs/artifacts/d1_pu_20260919/core/O/seed_42/training_features.csv
O,42,core,chirplet_up,32,96,median_scaled_norm,scaled feature units,3.214127722263336,3.2149178981781006,1000,0,1000,12000,recorded,recorded within-batch median of ||z/sqrt(d)||; not pooled-window median,"equal-weight summaries of recorded source-training batch statistics; changing models, not frozen population estimates",/tmp/p01-d1-20260919-1irHPs/artifacts/d1_pu_20260919/core/O/seed_42/training_features.csv
O,42,core,chirplet_up,32,96,median_unscaled_norm,native feature units,18.18185206409662,18.1863219740779,1000,0,1000,12000,recorded,sqrt(d) times recorded median_scaled_norm; not pooled-window median,"equal-weight summaries of recorded source-training batch statistics; changing models, not frozen population estimates",/tmp/p01-d1-20260919-1irHPs/artifacts/d1_pu_20260919/core/O/seed_42/training_features.csv
O,42,core,chirplet_up,32,96,input_weight_gradient_norm,loss per native parameter coordinate,0.9776270550340415,0.9065271317958832,1000,0,1000,12000,recorded,raw first-readout parameter gradient Frobenius norm; MLP input-column block,"equal-weight summaries of recorded source-training batch statistics; changing models, not frozen population estimates",/tmp/p01-d1-20260919-1irHPs/artifacts/d1_pu_20260919/core/O/seed_42/training_features.csv
O,42,core,chirplet_up,32,96,raw_input_weight_norm,native weight coordinates,0.4384895486310124,0.4559703916311264,1000,0,1000,12000,recorded,raw first-readout input-column-block Frobenius norm,"equal-weight summaries of recorded source-training batch statistics; changing models, not frozen population estimates",/tmp/p01-d1-20260919-1irHPs/artifacts/d1_pu_20260919/core/O/seed_42/training_features.csv
O,42,core,chirplet_up,32,96,effective_input_weight_norm,native weight coordinates,0.4384895486310124,0.4559703916311264,1000,0,1000,12000,recorded,effective capped first-readout input-column-block Frobenius norm,"equal-weight summaries of recorded source-training batch statistics; changing models, not frozen population estimates",/tmp/p01-d1-20260919-1irHPs/artifacts/d1_pu_20260919/core/O/seed_42/training_features.csv
O,42,core,chirplet_up,32,96,effective_output_weight_norm,native weight coordinates,2.5335505958497526,2.6721001863479614,1000,0,1000,12000,recorded,whole effective output matrix norm; repeated across branch rows,"equal-weight summaries of recorded source-training batch statistics; changing models, not frozen population estimates",/tmp/p01-d1-20260919-1irHPs/artifacts/d1_pu_20260919/core/O/seed_42/training_features.csv
O,123,core,reference,36,108,mean_scaled_squared_norm,scaled feature units squared,0.02910477677732706,0.024302472360432148,1000,0,1000,12000,recorded,recorded within-batch mean of ||z/sqrt(d)||^2,"equal-weight summaries of recorded source-training batch statistics; changing models, not frozen population estimates",/tmp/p01-d1-20260919-1irHPs/artifacts/d1_pu_20260919/core/O/seed_123/training_features.csv
O,123,core,reference,36,108,mean_unscaled_squared_norm,native feature units squared,1.0477719639837741,0.8748890049755573,1000,0,1000,12000,recorded,d times recorded mean_scaled_squared_norm,"equal-weight summaries of recorded source-training batch statistics; changing models, not frozen population estimates",/tmp/p01-d1-20260919-1irHPs/artifacts/d1_pu_20260919/core/O/seed_123/training_features.csv
O,123,core,reference,36,108,median_scaled_norm,scaled feature units,0.11672324199974538,0.11249158903956413,1000,0,1000,12000,recorded,recorded within-batch median of ||z/sqrt(d)||; not pooled-window median,"equal-weight summaries of recorded source-training batch statistics; changing models, not frozen population estimates",/tmp/p01-d1-20260919-1irHPs/artifacts/d1_pu_20260919/core/O/seed_123/training_features.csv
O,123,core,reference,36,108,median_unscaled_norm,native feature units,0.7003394519984723,0.6749495342373848,1000,0,1000,12000,recorded,sqrt(d) times recorded median_scaled_norm; not pooled-window median,"equal-weight summaries of recorded source-training batch statistics; changing models, not frozen population estimates",/tmp/p01-d1-20260919-1irHPs/artifacts/d1_pu_20260919/core/O/seed_123/training_features.csv
O,123,core,reference,36,108,input_weight_gradient_norm,loss per native parameter coordinate,0.05115381510183215,0.047427672892808914,1000,0,1000,12000,recorded,raw first-readout parameter gradient Frobenius norm; MLP input-column block,"equal-weight summaries of recorded source-training batch statistics; changing models, not frozen population estimates",/tmp/p01-d1-20260919-1irHPs/artifacts/d1_pu_20260919/core/O/seed_123/training_features.csv
O,123,core,reference,36,108,raw_input_weight_norm,native weight coordinates,1.8971028495132922,2.0244643688201904,1000,0,1000,12000,recorded,raw first-readout input-column-block Frobenius norm,"equal-weight summaries of recorded source-training batch statistics; changing models, not frozen population estimates",/tmp/p01-d1-20260919-1irHPs/artifacts/d1_pu_20260919/core/O/seed_123/training_features.csv
O,123,core,reference,36,108,effective_input_weight_norm,native weight coordinates,1.8971028495132922,2.0244643688201904,1000,0,1000,12000,recorded,effective capped first-readout input-column-block Frobenius norm,"equal-weight summaries of recorded source-training batch statistics; changing models, not frozen population estimates",/tmp/p01-d1-20260919-1irHPs/artifacts/d1_pu_20260919/core/O/seed_123/training_features.csv
O,123,core,reference,36,108,effective_output_weight_norm,native weight coordinates,2.4913641995191576,2.6350549459457397,1000,0,1000,12000,recorded,whole effective output matrix norm; repeated across branch rows,"equal-weight summaries of recorded source-training batch statistics; changing models, not frozen population estimates",/tmp/p01-d1-20260919-1irHPs/artifacts/d1_pu_20260919/core/O/seed_123/training_features.csv
O,123,core,envelope,8,24,mean_scaled_squared_norm,scaled feature units squared,0.0013731331165472511,0.0011993756052106619,1000,0,1000,12000,recorded,recorded within-batch mean of ||z/sqrt(d)||^2,"equal-weight summaries of recorded source-training batch statistics; changing models, not frozen population estimates",/tmp/p01-d1-20260919-1irHPs/artifacts/d1_pu_20260919/core/O/seed_123/training_features.csv
O,123,core,envelope,8,24,mean_unscaled_squared_norm,native feature units squared,0.010985064932378009,0.009595004841685295,1000,0,1000,12000,recorded,d times recorded mean_scaled_squared_norm,"equal-weight summaries of recorded source-training batch statistics; changing models, not frozen population estimates",/tmp/p01-d1-20260919-1irHPs/artifacts/d1_pu_20260919/core/O/seed_123/training_features.csv
O,123,core,envelope,8,24,median_scaled_norm,scaled feature units,0.026145434278994798,0.025104515254497528,1000,0,1000,12000,recorded,recorded within-batch median of ||z/sqrt(d)||; not pooled-window median,"equal-weight summaries of recorded source-training batch statistics; changing models, not frozen population estimates",/tmp/p01-d1-20260919-1irHPs/artifacts/d1_pu_20260919/core/O/seed_123/training_features.csv
O,123,core,envelope,8,24,median_unscaled_norm,native feature units,0.07395045550297774,0.07100629189942531,1000,0,1000,12000,recorded,sqrt(d) times recorded median_scaled_norm; not pooled-window median,"equal-weight summaries of recorded source-training batch statistics; changing models, not frozen population estimates",/tmp/p01-d1-20260919-1irHPs/artifacts/d1_pu_20260919/core/O/seed_123/training_features.csv
O,123,core,envelope,8,24,input_weight_gradient_norm,loss per native parameter coordinate,0.010038100962294266,0.00887684989720583,1000,0,1000,12000,recorded,raw first-readout parameter gradient Frobenius norm; MLP input-column block,"equal-weight summaries of recorded source-training batch statistics; changing models, not frozen population estimates",/tmp/p01-d1-20260919-1irHPs/artifacts/d1_pu_20260919/core/O/seed_123/training_features.csv
O,123,core,envelope,8,24,raw_input_weight_norm,native weight coordinates,0.7875746799893677,0.8144078850746155,1000,0,1000,12000,recorded,raw first-readout input-column-block Frobenius norm,"equal-weight summaries of recorded source-training batch statistics; changing models, not frozen population estimates",/tmp/p01-d1-20260919-1irHPs/artifacts/d1_pu_20260919/core/O/seed_123/training_features.csv
O,123,core,envelope,8,24,effective_input_weight_norm,native weight coordinates,0.7875746799893677,0.8144078850746155,1000,0,1000,12000,recorded,effective capped first-readout input-column-block Frobenius norm,"equal-weight summaries of recorded source-training batch statistics; changing models, not frozen population estimates",/tmp/p01-d1-20260919-1irHPs/artifacts/d1_pu_20260919/core/O/seed_123/training_features.csv
O,123,core,envelope,8,24,effective_output_weight_norm,native weight coordinates,2.4913641995191576,2.6350549459457397,1000,0,1000,12000,recorded,whole effective output matrix norm; repeated across branch rows,"equal-weight summaries of recorded source-training batch statistics; changing models, not frozen population estimates",/tmp/p01-d1-20260919-1irHPs/artifacts/d1_pu_20260919/core/O/seed_123/training_features.csv
O,123,core,stft_short,64,192,mean_scaled_squared_norm,scaled feature units squared,10.557001826286315,10.696016788482666,1000,0,1000,12000,recorded,recorded within-batch mean of ||z/sqrt(d)||^2,"equal-weight summaries of recorded source-training batch statistics; changing models, not frozen population estimates",/tmp/p01-d1-20260919-1irHPs/artifacts/d1_pu_20260919/core/O/seed_123/training_features.csv
O,123,core,stft_short,64,192,mean_unscaled_squared_norm,native feature units squared,675.6481168823242,684.5450744628906,1000,0,1000,12000,recorded,d times recorded mean_scaled_squared_norm,"equal-weight summaries of recorded source-training batch statistics; changing models, not frozen population estimates",/tmp/p01-d1-20260919-1irHPs/artifacts/d1_pu_20260919/core/O/seed_123/training_features.csv
O,123,core,stft_short,64,192,median_scaled_norm,scaled feature units,3.296707934856415,3.312204122543335,1000,0,1000,12000,recorded,recorded within-batch median of ||z/sqrt(d)||; not pooled-window median,"equal-weight summaries of recorded source-training batch statistics; changing models, not frozen population estimates",/tmp/p01-d1-20260919-1irHPs/artifacts/d1_pu_20260919/core/O/seed_123/training_features.csv
O,123,core,stft_short,64,192,median_unscaled_norm,native feature units,26.37366347885132,26.49763298034668,1000,0,1000,12000,recorded,sqrt(d) times recorded median_scaled_norm; not pooled-window median,"equal-weight summaries of recorded source-training batch statistics; changing models, not frozen population estimates",/tmp/p01-d1-20260919-1irHPs/artifacts/d1_pu_20260919/core/O/seed_123/training_features.csv
O,123,core,stft_short,64,192,input_weight_gradient_norm,loss per native parameter coordinate,1.0199346921741963,0.9391176104545593,1000,0,1000,12000,recorded,raw first-readout parameter gradient Frobenius norm; MLP input-column block,"equal-weight summaries of recorded source-training batch statistics; changing models, not frozen population estimates",/tmp/p01-d1-20260919-1irHPs/artifacts/d1_pu_20260919/core/O/seed_123/training_features.csv
O,123,core,stft_short,64,192,raw_input_weight_norm,native weight coordinates,0.6731337024867534,0.7056029140949249,1000,0,1000,12000,recorded,raw first-readout input-column-block Frobenius norm,"equal-weight summaries of recorded source-training batch statistics; changing models, not frozen population estimates",/tmp/p01-d1-20260919-1irHPs/artifacts/d1_pu_20260919/core/O/seed_123/training_features.csv
O,123,core,stft_short,64,192,effective_input_weight_norm,native weight coordinates,0.6731337024867534,0.7056029140949249,1000,0,1000,12000,recorded,effective capped first-readout input-column-block Frobenius norm,"equal-weight summaries of recorded source-training batch statistics; changing models, not frozen population estimates",/tmp/p01-d1-20260919-1irHPs/artifacts/d1_pu_20260919/core/O/seed_123/training_features.csv
O,123,core,stft_short,64,192,effective_output_weight_norm,native weight coordinates,2.4913641995191576,2.6350549459457397,1000,0,1000,12000,recorded,whole effective output matrix norm; repeated across branch rows,"equal-weight summaries of recorded source-training batch statistics; changing models, not frozen population estimates",/tmp/p01-d1-20260919-1irHPs/artifacts/d1_pu_20260919/core/O/seed_123/training_features.csv
O,123,core,morlet,32,96,mean_scaled_squared_norm,scaled feature units squared,7.4996230082511905,7.552152156829834,1000,0,1000,12000,recorded,recorded within-batch mean of ||z/sqrt(d)||^2,"equal-weight summaries of recorded source-training batch statistics; changing models, not frozen population estimates",/tmp/p01-d1-20260919-1irHPs/artifacts/d1_pu_20260919/core/O/seed_123/training_features.csv
O,123,core,morlet,32,96,mean_unscaled_squared_norm,native feature units squared,239.9879362640381,241.6688690185547,1000,0,1000,12000,recorded,d times recorded mean_scaled_squared_norm,"equal-weight summaries of recorded source-training batch statistics; changing models, not frozen population estimates",/tmp/p01-d1-20260919-1irHPs/artifacts/d1_pu_20260919/core/O/seed_123/training_features.csv
O,123,core,morlet,32,96,median_scaled_norm,scaled feature units,2.7576455357074736,2.773860216140747,1000,0,1000,12000,recorded,recorded within-batch median of ||z/sqrt(d)||; not pooled-window median,"equal-weight summaries of recorded source-training batch statistics; changing models, not frozen population estimates",/tmp/p01-d1-20260919-1irHPs/artifacts/d1_pu_20260919/core/O/seed_123/training_features.csv
O,123,core,morlet,32,96,median_unscaled_norm,native feature units,15.599598867260514,15.691322951173639,1000,0,1000,12000,recorded,sqrt(d) times recorded median_scaled_norm; not pooled-window median,"equal-weight summaries of recorded source-training batch statistics; changing models, not frozen population estimates",/tmp/p01-d1-20260919-1irHPs/artifacts/d1_pu_20260919/core/O/seed_123/training_features.csv
O,123,core,morlet,32,96,input_weight_gradient_norm,loss per native parameter coordinate,0.869485936269164,0.8073942065238953,1000,0,1000,12000,recorded,raw first-readout parameter gradient Frobenius norm; MLP input-column block,"equal-weight summaries of recorded source-training batch statistics; changing models, not frozen population estimates",/tmp/p01-d1-20260919-1irHPs/artifacts/d1_pu_20260919/core/O/seed_123/training_features.csv
O,123,core,morlet,32,96,raw_input_weight_norm,native weight coordinates,0.454968227006495,0.478468120098114,1000,0,1000,12000,recorded,raw first-readout input-column-block Frobenius norm,"equal-weight summaries of recorded source-training batch statistics; changing models, not frozen population estimates",/tmp/p01-d1-20260919-1irHPs/artifacts/d1_pu_20260919/core/O/seed_123/training_features.csv
O,123,core,morlet,32,96,effective_input_weight_norm,native weight coordinates,0.454968227006495,0.478468120098114,1000,0,1000,12000,recorded,effective capped first-readout input-column-block Frobenius norm,"equal-weight summaries of recorded source-training batch statistics; changing models, not frozen population estimates",/tmp/p01-d1-20260919-1irHPs/artifacts/d1_pu_20260919/core/O/seed_123/training_features.csv
O,123,core,morlet,32,96,effective_output_weight_norm,native weight coordinates,2.4913641995191576,2.6350549459457397,1000,0,1000,12000,recorded,whole effective output matrix norm; repeated across branch rows,"equal-weight summaries of recorded source-training batch statistics; changing models, not frozen population estimates",/tmp/p01-d1-20260919-1irHPs/artifacts/d1_pu_20260919/core/O/seed_123/training_features.csv
O,123,core,stft_long,64,192,mean_scaled_squared_norm,scaled feature units squared,9.728675252914428,9.847698211669922,1000,0,1000,12000,recorded,recorded within-batch mean of ||z/sqrt(d)||^2,"equal-weight summaries of recorded source-training batch statistics; changing models, not frozen population estimates",/tmp/p01-d1-20260919-1irHPs/artifacts/d1_pu_20260919/core/O/seed_123/training_features.csv
O,123,core,stft_long,64,192,mean_unscaled_squared_norm,native feature units squared,622.6352161865234,630.252685546875,1000,0,1000,12000,recorded,d times recorded mean_scaled_squared_norm,"equal-weight summaries of recorded source-training batch statistics; changing models, not frozen population estimates",/tmp/p01-d1-20260919-1irHPs/artifacts/d1_pu_20260919/core/O/seed_123/training_features.csv
O,123,core,stft_long,64,192,median_scaled_norm,scaled feature units,3.171041420698166,3.1943639516830444,1000,0,1000,12000,recorded,recorded within-batch median of ||z/sqrt(d)||; not pooled-window median,"equal-weight summaries of recorded source-training batch statistics; changing models, not frozen population estimates",/tmp/p01-d1-20260919-1irHPs/artifacts/d1_pu_20260919/core/O/seed_123/training_features.csv
O,123,core,stft_long,64,192,median_unscaled_norm,native feature units,25.368331365585327,25.554911613464355,1000,0,1000,12000,recorded,sqrt(d) times recorded median_scaled_norm; not pooled-window median,"equal-weight summaries of recorded source-training batch statistics; changing models, not frozen population estimates",/tmp/p01-d1-20260919-1irHPs/artifacts/d1_pu_20260919/core/O/seed_123/training_features.csv
O,123,core,stft_long,64,192,input_weight_gradient_norm,loss per native parameter coordinate,0.9793894383907318,0.9086044430732727,1000,0,1000,12000,recorded,raw first-readout parameter gradient Frobenius norm; MLP input-column block,"equal-weight summaries of recorded source-training batch statistics; changing models, not frozen population estimates",/tmp/p01-d1-20260919-1irHPs/artifacts/d1_pu_20260919/core/O/seed_123/training_features.csv
O,123,core,stft_long,64,192,raw_input_weight_norm,native weight coordinates,0.6953004399389029,0.729365885257721,1000,0,1000,12000,recorded,raw first-readout input-column-block Frobenius norm,"equal-weight summaries of recorded source-training batch statistics; changing models, not frozen population estimates",/tmp/p01-d1-20260919-1irHPs/artifacts/d1_pu_20260919/core/O/seed_123/training_features.csv
O,123,core,stft_long,64,192,effective_input_weight_norm,native weight coordinates,0.6953004399389029,0.729365885257721,1000,0,1000,12000,recorded,effective capped first-readout input-column-block Frobenius norm,"equal-weight summaries of recorded source-training batch statistics; changing models, not frozen population estimates",/tmp/p01-d1-20260919-1irHPs/artifacts/d1_pu_20260919/core/O/seed_123/training_features.csv
O,123,core,stft_long,64,192,effective_output_weight_norm,native weight coordinates,2.4913641995191576,2.6350549459457397,1000,0,1000,12000,recorded,whole effective output matrix norm; repeated across branch rows,"equal-weight summaries of recorded source-training batch statistics; changing models, not frozen population estimates",/tmp/p01-d1-20260919-1irHPs/artifacts/d1_pu_20260919/core/O/seed_123/training_features.csv
O,123,core,mexican_hat,32,96,mean_scaled_squared_norm,scaled feature units squared,5.901692845344543,5.915809154510498,1000,0,1000,12000,recorded,recorded within-batch mean of ||z/sqrt(d)||^2,"equal-weight summaries of recorded source-training batch statistics; changing models, not frozen population estimates",/tmp/p01-d1-20260919-1irHPs/artifacts/d1_pu_20260919/core/O/seed_123/training_features.csv
O,123,core,mexican_hat,32,96,mean_unscaled_squared_norm,native feature units squared,188.8541710510254,189.30589294433594,1000,0,1000,12000,recorded,d times recorded mean_scaled_squared_norm,"equal-weight summaries of recorded source-training batch statistics; changing models, not frozen population estimates",/tmp/p01-d1-20260919-1irHPs/artifacts/d1_pu_20260919/core/O/seed_123/training_features.csv
O,123,core,mexican_hat,32,96,median_scaled_norm,scaled feature units,2.4217259526252746,2.4327341318130493,1000,0,1000,12000,recorded,recorded within-batch median of ||z/sqrt(d)||; not pooled-window median,"equal-weight summaries of recorded source-training batch statistics; changing models, not frozen population estimates",/tmp/p01-d1-20260919-1irHPs/artifacts/d1_pu_20260919/core/O/seed_123/training_features.csv
O,123,core,mexican_hat,32,96,median_unscaled_norm,native feature units,13.699350746214268,13.761622411431805,1000,0,1000,12000,recorded,sqrt(d) times recorded median_scaled_norm; not pooled-window median,"equal-weight summaries of recorded source-training batch statistics; changing models, not frozen population estimates",/tmp/p01-d1-20260919-1irHPs/artifacts/d1_pu_20260919/core/O/seed_123/training_features.csv
O,123,core,mexican_hat,32,96,input_weight_gradient_norm,loss per native parameter coordinate,0.7704728984609246,0.7168843448162079,1000,0,1000,12000,recorded,raw first-readout parameter gradient Frobenius norm; MLP input-column block,"equal-weight summaries of recorded source-training batch statistics; changing models, not frozen population estimates",/tmp/p01-d1-20260919-1irHPs/artifacts/d1_pu_20260919/core/O/seed_123/training_features.csv
O,123,core,mexican_hat,32,96,raw_input_weight_norm,native weight coordinates,0.45148505237698555,0.47095969319343567,1000,0,1000,12000,recorded,raw first-readout input-column-block Frobenius norm,"equal-weight summaries of recorded source-training batch statistics; changing models, not frozen population estimates",/tmp/p01-d1-20260919-1irHPs/artifacts/d1_pu_20260919/core/O/seed_123/training_features.csv
O,123,core,mexican_hat,32,96,effective_input_weight_norm,native weight coordinates,0.45148505237698555,0.47095969319343567,1000,0,1000,12000,recorded,effective capped first-readout input-column-block Frobenius norm,"equal-weight summaries of recorded source-training batch statistics; changing models, not frozen population estimates",/tmp/p01-d1-20260919-1irHPs/artifacts/d1_pu_20260919/core/O/seed_123/training_features.csv
O,123,core,mexican_hat,32,96,effective_output_weight_norm,native weight coordinates,2.4913641995191576,2.6350549459457397,1000,0,1000,12000,recorded,whole effective output matrix norm; repeated across branch rows,"equal-weight summaries of recorded source-training batch statistics; changing models, not frozen population estimates",/tmp/p01-d1-20260919-1irHPs/artifacts/d1_pu_20260919/core/O/seed_123/training_features.csv
O,123,core,stockwell,40,120,mean_scaled_squared_norm,scaled feature units squared,17.49382647228241,17.55169105529785,1000,0,1000,12000,recorded,recorded within-batch mean of ||z/sqrt(d)||^2,"equal-weight summaries of recorded source-training batch statistics; changing models, not frozen population estimates",/tmp/p01-d1-20260919-1irHPs/artifacts/d1_pu_20260919/core/O/seed_123/training_features.csv
O,123,core,stockwell,40,120,mean_unscaled_squared_norm,native feature units squared,699.7530588912964,702.0676422119141,1000,0,1000,12000,recorded,d times recorded mean_scaled_squared_norm,"equal-weight summaries of recorded source-training batch statistics; changing models, not frozen population estimates",/tmp/p01-d1-20260919-1irHPs/artifacts/d1_pu_20260919/core/O/seed_123/training_features.csv
O,123,core,stockwell,40,120,median_scaled_norm,scaled feature units,4.212552909135819,4.2345545291900635,1000,0,1000,12000,recorded,recorded within-batch median of ||z/sqrt(d)||; not pooled-window median,"equal-weight summaries of recorded source-training batch statistics; changing models, not frozen population estimates",/tmp/p01-d1-20260919-1irHPs/artifacts/d1_pu_20260919/core/O/seed_123/training_features.csv
O,123,core,stockwell,40,120,median_unscaled_norm,native feature units,26.64252391367503,26.781674376845135,1000,0,1000,12000,recorded,sqrt(d) times recorded median_scaled_norm; not pooled-window median,"equal-weight summaries of recorded source-training batch statistics; changing models, not frozen population estimates",/tmp/p01-d1-20260919-1irHPs/artifacts/d1_pu_20260919/core/O/seed_123/training_features.csv
O,123,core,stockwell,40,120,input_weight_gradient_norm,loss per native parameter coordinate,1.3099030987396836,1.2191994190216064,1000,0,1000,12000,recorded,raw first-readout parameter gradient Frobenius norm; MLP input-column block,"equal-weight summaries of recorded source-training batch statistics; changing models, not frozen population estimates",/tmp/p01-d1-20260919-1irHPs/artifacts/d1_pu_20260919/core/O/seed_123/training_features.csv
O,123,core,stockwell,40,120,raw_input_weight_norm,native weight coordinates,0.6683093172386289,0.709715723991394,1000,0,1000,12000,recorded,raw first-readout input-column-block Frobenius norm,"equal-weight summaries of recorded source-training batch statistics; changing models, not frozen population estimates",/tmp/p01-d1-20260919-1irHPs/artifacts/d1_pu_20260919/core/O/seed_123/training_features.csv
O,123,core,stockwell,40,120,effective_input_weight_norm,native weight coordinates,0.6683093172386289,0.709715723991394,1000,0,1000,12000,recorded,effective capped first-readout input-column-block Frobenius norm,"equal-weight summaries of recorded source-training batch statistics; changing models, not frozen population estimates",/tmp/p01-d1-20260919-1irHPs/artifacts/d1_pu_20260919/core/O/seed_123/training_features.csv
O,123,core,stockwell,40,120,effective_output_weight_norm,native weight coordinates,2.4913641995191576,2.6350549459457397,1000,0,1000,12000,recorded,whole effective output matrix norm; repeated across branch rows,"equal-weight summaries of recorded source-training batch statistics; changing models, not frozen population estimates",/tmp/p01-d1-20260919-1irHPs/artifacts/d1_pu_20260919/core/O/seed_123/training_features.csv
O,123,core,chirplet_up,32,96,mean_scaled_squared_norm,scaled feature units squared,10.05943023443222,10.178942680358887,1000,0,1000,12000,recorded,recorded within-batch mean of ||z/sqrt(d)||^2,"equal-weight summaries of recorded source-training batch statistics; changing models, not frozen population estimates",/tmp/p01-d1-20260919-1irHPs/artifacts/d1_pu_20260919/core/O/seed_123/training_features.csv
O,123,core,chirplet_up,32,96,mean_unscaled_squared_norm,native feature units squared,321.90176750183105,325.7261657714844,1000,0,1000,12000,recorded,d times recorded mean_scaled_squared_norm,"equal-weight summaries of recorded source-training batch statistics; changing models, not frozen population estimates",/tmp/p01-d1-20260919-1irHPs/artifacts/d1_pu_20260919/core/O/seed_123/training_features.csv
O,123,core,chirplet_up,32,96,median_scaled_norm,scaled feature units,3.2069240453243255,3.208019971847534,1000,0,1000,12000,recorded,recorded within-batch median of ||z/sqrt(d)||; not pooled-window median,"equal-weight summaries of recorded source-training batch statistics; changing models, not frozen population estimates",/tmp/p01-d1-20260919-1irHPs/artifacts/d1_pu_20260919/core/O/seed_123/training_features.csv
O,123,core,chirplet_up,32,96,median_unscaled_norm,native feature units,18.141101913592205,18.147301410202154,1000,0,1000,12000,recorded,sqrt(d) times recorded median_scaled_norm; not pooled-window median,"equal-weight summaries of recorded source-training batch statistics; changing models, not frozen population estimates",/tmp/p01-d1-20260919-1irHPs/artifacts/d1_pu_20260919/core/O/seed_123/training_features.csv
O,123,core,chirplet_up,32,96,input_weight_gradient_norm,loss per native parameter coordinate,0.9982073206081986,0.9211679399013519,1000,0,1000,12000,recorded,raw first-readout parameter gradient Frobenius norm; MLP input-column block,"equal-weight summaries of recorded source-training batch statistics; changing models, not frozen population estimates",/tmp/p01-d1-20260919-1irHPs/artifacts/d1_pu_20260919/core/O/seed_123/training_features.csv
O,123,core,chirplet_up,32,96,raw_input_weight_norm,native weight coordinates,0.41974499624222517,0.44442811608314514,1000,0,1000,12000,recorded,raw first-readout input-column-block Frobenius norm,"equal-weight summaries of recorded source-training batch statistics; changing models, not frozen population estimates",/tmp/p01-d1-20260919-1irHPs/artifacts/d1_pu_20260919/core/O/seed_123/training_features.csv
O,123,core,chirplet_up,32,96,effective_input_weight_norm,native weight coordinates,0.41974499624222517,0.44442811608314514,1000,0,1000,12000,recorded,effective capped first-readout input-column-block Frobenius norm,"equal-weight summaries of recorded source-training batch statistics; changing models, not frozen population estimates",/tmp/p01-d1-20260919-1irHPs/artifacts/d1_pu_20260919/core/O/seed_123/training_features.csv
O,123,core,chirplet_up,32,96,effective_output_weight_norm,native weight coordinates,2.4913641995191576,2.6350549459457397,1000,0,1000,12000,recorded,whole effective output matrix norm; repeated across branch rows,"equal-weight summaries of recorded source-training batch statistics; changing models, not frozen population estimates",/tmp/p01-d1-20260919-1irHPs/artifacts/d1_pu_20260919/core/O/seed_123/training_features.csv
O,456,core,reference,36,108,mean_scaled_squared_norm,scaled feature units squared,0.030009630120825023,0.026062960736453533,1000,0,1000,12000,recorded,recorded within-batch mean of ||z/sqrt(d)||^2,"equal-weight summaries of recorded source-training batch statistics; changing models, not frozen population estimates",/tmp/p01-d1-20260919-1irHPs/artifacts/d1_pu_20260919/core/O/seed_456/training_features.csv
O,456,core,reference,36,108,mean_unscaled_squared_norm,native feature units squared,1.0803466843497007,0.9382665865123272,1000,0,1000,12000,recorded,d times recorded mean_scaled_squared_norm,"equal-weight summaries of recorded source-training batch statistics; changing models, not frozen population estimates",/tmp/p01-d1-20260919-1irHPs/artifacts/d1_pu_20260919/core/O/seed_456/training_features.csv
O,456,core,reference,36,108,median_scaled_norm,scaled feature units,0.11721337546408177,0.11299493163824081,1000,0,1000,12000,recorded,recorded within-batch median of ||z/sqrt(d)||; not pooled-window median,"equal-weight summaries of recorded source-training batch statistics; changing models, not frozen population estimates",/tmp/p01-d1-20260919-1irHPs/artifacts/d1_pu_20260919/core/O/seed_456/training_features.csv
O,456,core,reference,36,108,median_unscaled_norm,native feature units,0.7032802527844906,0.6779695898294449,1000,0,1000,12000,recorded,sqrt(d) times recorded median_scaled_norm; not pooled-window median,"equal-weight summaries of recorded source-training batch statistics; changing models, not frozen population estimates",/tmp/p01-d1-20260919-1irHPs/artifacts/d1_pu_20260919/core/O/seed_456/training_features.csv
O,456,core,reference,36,108,input_weight_gradient_norm,loss per native parameter coordinate,0.05115096164960414,0.047636210918426514,1000,0,1000,12000,recorded,raw first-readout parameter gradient Frobenius norm; MLP input-column block,"equal-weight summaries of recorded source-training batch statistics; changing models, not frozen population estimates",/tmp/p01-d1-20260919-1irHPs/artifacts/d1_pu_20260919/core/O/seed_456/training_features.csv
O,456,core,reference,36,108,raw_input_weight_norm,native weight coordinates,1.85871354868263,1.9643906950950623,1000,0,1000,12000,recorded,raw first-readout input-column-block Frobenius norm,"equal-weight summaries of recorded source-training batch statistics; changing models, not frozen population estimates",/tmp/p01-d1-20260919-1irHPs/artifacts/d1_pu_20260919/core/O/seed_456/training_features.csv
O,456,core,reference,36,108,effective_input_weight_norm,native weight coordinates,1.85871354868263,1.9643906950950623,1000,0,1000,12000,recorded,effective capped first-readout input-column-block Frobenius norm,"equal-weight summaries of recorded source-training batch statistics; changing models, not frozen population estimates",/tmp/p01-d1-20260919-1irHPs/artifacts/d1_pu_20260919/core/O/seed_456/training_features.csv
O,456,core,reference,36,108,effective_output_weight_norm,native weight coordinates,2.4629496162831783,2.5957300662994385,1000,0,1000,12000,recorded,whole effective output matrix norm; repeated across branch rows,"equal-weight summaries of recorded source-training batch statistics; changing models, not frozen population estimates",/tmp/p01-d1-20260919-1irHPs/artifacts/d1_pu_20260919/core/O/seed_456/training_features.csv
O,456,core,envelope,8,24,mean_scaled_squared_norm,scaled feature units squared,0.0013745852602878585,0.0012106410576961935,1000,0,1000,12000,recorded,recorded within-batch mean of ||z/sqrt(d)||^2,"equal-weight summaries of recorded source-training batch statistics; changing models, not frozen population estimates",/tmp/p01-d1-20260919-1irHPs/artifacts/d1_pu_20260919/core/O/seed_456/training_features.csv
O,456,core,envelope,8,24,mean_unscaled_squared_norm,native feature units squared,0.010996682082302868,0.009685128461569548,1000,0,1000,12000,recorded,d times recorded mean_scaled_squared_norm,"equal-weight summaries of recorded source-training batch statistics; changing models, not frozen population estimates",/tmp/p01-d1-20260919-1irHPs/artifacts/d1_pu_20260919/core/O/seed_456/training_features.csv
O,456,core,envelope,8,24,median_scaled_norm,scaled feature units,0.026040998280979694,0.025288269855082035,1000,0,1000,12000,recorded,recorded within-batch median of ||z/sqrt(d)||; not pooled-window median,"equal-weight summaries of recorded source-training batch statistics; changing models, not frozen population estimates",/tmp/p01-d1-20260919-1irHPs/artifacts/d1_pu_20260919/core/O/seed_456/training_features.csv
O,456,core,envelope,8,24,median_unscaled_norm,native feature units,0.07365506589339188,0.07152602839601543,1000,0,1000,12000,recorded,sqrt(d) times recorded median_scaled_norm; not pooled-window median,"equal-weight summaries of recorded source-training batch statistics; changing models, not frozen population estimates",/tmp/p01-d1-20260919-1irHPs/artifacts/d1_pu_20260919/core/O/seed_456/training_features.csv
O,456,core,envelope,8,24,input_weight_gradient_norm,loss per native parameter coordinate,0.009661585683585145,0.008434525225311518,1000,0,1000,12000,recorded,raw first-readout parameter gradient Frobenius norm; MLP input-column block,"equal-weight summaries of recorded source-training batch statistics; changing models, not frozen population estimates",/tmp/p01-d1-20260919-1irHPs/artifacts/d1_pu_20260919/core/O/seed_456/training_features.csv
O,456,core,envelope,8,24,raw_input_weight_norm,native weight coordinates,0.8246633046604693,0.8674707114696503,1000,0,1000,12000,recorded,raw first-readout input-column-block Frobenius norm,"equal-weight summaries of recorded source-training batch statistics; changing models, not frozen population estimates",/tmp/p01-d1-20260919-1irHPs/artifacts/d1_pu_20260919/core/O/seed_456/training_features.csv
O,456,core,envelope,8,24,effective_input_weight_norm,native weight coordinates,0.8246633046604693,0.8674707114696503,1000,0,1000,12000,recorded,effective capped first-readout input-column-block Frobenius norm,"equal-weight summaries of recorded source-training batch statistics; changing models, not frozen population estimates",/tmp/p01-d1-20260919-1irHPs/artifacts/d1_pu_20260919/core/O/seed_456/training_features.csv
O,456,core,envelope,8,24,effective_output_weight_norm,native weight coordinates,2.4629496162831783,2.5957300662994385,1000,0,1000,12000,recorded,whole effective output matrix norm; repeated across branch rows,"equal-weight summaries of recorded source-training batch statistics; changing models, not frozen population estimates",/tmp/p01-d1-20260919-1irHPs/artifacts/d1_pu_20260919/core/O/seed_456/training_features.csv
O,456,core,stft_short,64,192,mean_scaled_squared_norm,scaled feature units squared,10.545582866191864,10.606196403503418,1000,0,1000,12000,recorded,recorded within-batch mean of ||z/sqrt(d)||^2,"equal-weight summaries of recorded source-training batch statistics; changing models, not frozen population estimates",/tmp/p01-d1-20260919-1irHPs/artifacts/d1_pu_20260919/core/O/seed_456/training_features.csv
O,456,core,stft_short,64,192,mean_unscaled_squared_norm,native feature units squared,674.9173034362793,678.7965698242188,1000,0,1000,12000,recorded,d times recorded mean_scaled_squared_norm,"equal-weight summaries of recorded source-training batch statistics; changing models, not frozen population estimates",/tmp/p01-d1-20260919-1irHPs/artifacts/d1_pu_20260919/core/O/seed_456/training_features.csv
O,456,core,stft_short,64,192,median_scaled_norm,scaled feature units,3.2999038174152373,3.3138458728790283,1000,0,1000,12000,recorded,recorded within-batch median of ||z/sqrt(d)||; not pooled-window median,"equal-weight summaries of recorded source-training batch statistics; changing models, not frozen population estimates",/tmp/p01-d1-20260919-1irHPs/artifacts/d1_pu_20260919/core/O/seed_456/training_features.csv
O,456,core,stft_short,64,192,median_unscaled_norm,native feature units,26.3992305393219,26.510766983032227,1000,0,1000,12000,recorded,sqrt(d) times recorded median_scaled_norm; not pooled-window median,"equal-weight summaries of recorded source-training batch statistics; changing models, not frozen population estimates",/tmp/p01-d1-20260919-1irHPs/artifacts/d1_pu_20260919/core/O/seed_456/training_features.csv
O,456,core,stft_short,64,192,input_weight_gradient_norm,loss per native parameter coordinate,1.0174642433971166,0.9117252230644226,1000,0,1000,12000,recorded,raw first-readout parameter gradient Frobenius norm; MLP input-column block,"equal-weight summaries of recorded source-training batch statistics; changing models, not frozen population estimates",/tmp/p01-d1-20260919-1irHPs/artifacts/d1_pu_20260919/core/O/seed_456/training_features.csv
O,456,core,stft_short,64,192,raw_input_weight_norm,native weight coordinates,0.6553829416632653,0.6892181932926178,1000,0,1000,12000,recorded,raw first-readout input-column-block Frobenius norm,"equal-weight summaries of recorded source-training batch statistics; changing models, not frozen population estimates",/tmp/p01-d1-20260919-1irHPs/artifacts/d1_pu_20260919/core/O/seed_456/training_features.csv
O,456,core,stft_short,64,192,effective_input_weight_norm,native weight coordinates,0.6553829416632653,0.6892181932926178,1000,0,1000,12000,recorded,effective capped first-readout input-column-block Frobenius norm,"equal-weight summaries of recorded source-training batch statistics; changing models, not frozen population estimates",/tmp/p01-d1-20260919-1irHPs/artifacts/d1_pu_20260919/core/O/seed_456/training_features.csv
O,456,core,stft_short,64,192,effective_output_weight_norm,native weight coordinates,2.4629496162831783,2.5957300662994385,1000,0,1000,12000,recorded,whole effective output matrix norm; repeated across branch rows,"equal-weight summaries of recorded source-training batch statistics; changing models, not frozen population estimates",/tmp/p01-d1-20260919-1irHPs/artifacts/d1_pu_20260919/core/O/seed_456/training_features.csv
O,456,core,morlet,32,96,mean_scaled_squared_norm,scaled feature units squared,7.51446157503128,7.515413999557495,1000,0,1000,12000,recorded,recorded within-batch mean of ||z/sqrt(d)||^2,"equal-weight summaries of recorded source-training batch statistics; changing models, not frozen population estimates",/tmp/p01-d1-20260919-1irHPs/artifacts/d1_pu_20260919/core/O/seed_456/training_features.csv
O,456,core,morlet,32,96,mean_unscaled_squared_norm,native feature units squared,240.46277040100097,240.49324798583984,1000,0,1000,12000,recorded,d times recorded mean_scaled_squared_norm,"equal-weight summaries of recorded source-training batch statistics; changing models, not frozen population estimates",/tmp/p01-d1-20260919-1irHPs/artifacts/d1_pu_20260919/core/O/seed_456/training_features.csv
O,456,core,morlet,32,96,median_scaled_norm,scaled feature units,2.762979283094406,2.788295030593872,1000,0,1000,12000,recorded,recorded within-batch median of ||z/sqrt(d)||; not pooled-window median,"equal-weight summaries of recorded source-training batch statistics; changing models, not frozen population estimates",/tmp/p01-d1-20260919-1irHPs/artifacts/d1_pu_20260919/core/O/seed_456/training_features.csv
O,456,core,morlet,32,96,median_unscaled_norm,native feature units,15.629771098832004,15.772978592653432,1000,0,1000,12000,recorded,sqrt(d) times recorded median_scaled_norm; not pooled-window median,"equal-weight summaries of recorded source-training batch statistics; changing models, not frozen population estimates",/tmp/p01-d1-20260919-1irHPs/artifacts/d1_pu_20260919/core/O/seed_456/training_features.csv
O,456,core,morlet,32,96,input_weight_gradient_norm,loss per native parameter coordinate,0.8689763801246881,0.786666065454483,1000,0,1000,12000,recorded,raw first-readout parameter gradient Frobenius norm; MLP input-column block,"equal-weight summaries of recorded source-training batch statistics; changing models, not frozen population estimates",/tmp/p01-d1-20260919-1irHPs/artifacts/d1_pu_20260919/core/O/seed_456/training_features.csv
O,456,core,morlet,32,96,raw_input_weight_norm,native weight coordinates,0.4533704677000642,0.4736034423112869,1000,0,1000,12000,recorded,raw first-readout input-column-block Frobenius norm,"equal-weight summaries of recorded source-training batch statistics; changing models, not frozen population estimates",/tmp/p01-d1-20260919-1irHPs/artifacts/d1_pu_20260919/core/O/seed_456/training_features.csv
O,456,core,morlet,32,96,effective_input_weight_norm,native weight coordinates,0.4533704677000642,0.4736034423112869,1000,0,1000,12000,recorded,effective capped first-readout input-column-block Frobenius norm,"equal-weight summaries of recorded source-training batch statistics; changing models, not frozen population estimates",/tmp/p01-d1-20260919-1irHPs/artifacts/d1_pu_20260919/core/O/seed_456/training_features.csv
O,456,core,morlet,32,96,effective_output_weight_norm,native weight coordinates,2.4629496162831783,2.5957300662994385,1000,0,1000,12000,recorded,whole effective output matrix norm; repeated across branch rows,"equal-weight summaries of recorded source-training batch statistics; changing models, not frozen population estimates",/tmp/p01-d1-20260919-1irHPs/artifacts/d1_pu_20260919/core/O/seed_456/training_features.csv
O,456,core,stft_long,64,192,mean_scaled_squared_norm,scaled feature units squared,9.718222174167632,9.764437675476074,1000,0,1000,12000,recorded,recorded within-batch mean of ||z/sqrt(d)||^2,"equal-weight summaries of recorded source-training batch statistics; changing models, not frozen population estimates",/tmp/p01-d1-20260919-1irHPs/artifacts/d1_pu_20260919/core/O/seed_456/training_features.csv
O,456,core,stft_long,64,192,mean_unscaled_squared_norm,native feature units squared,621.9662191467285,624.9240112304688,1000,0,1000,12000,recorded,d times recorded mean_scaled_squared_norm,"equal-weight summaries of recorded source-training batch statistics; changing models, not frozen population estimates",/tmp/p01-d1-20260919-1irHPs/artifacts/d1_pu_20260919/core/O/seed_456/training_features.csv
O,456,core,stft_long,64,192,median_scaled_norm,scaled feature units,3.1746686124801635,3.1944687366485596,1000,0,1000,12000,recorded,recorded within-batch median of ||z/sqrt(d)||; not pooled-window median,"equal-weight summaries of recorded source-training batch statistics; changing models, not frozen population estimates",/tmp/p01-d1-20260919-1irHPs/artifacts/d1_pu_20260919/core/O/seed_456/training_features.csv
O,456,core,stft_long,64,192,median_unscaled_norm,native feature units,25.397348899841308,25.555749893188477,1000,0,1000,12000,recorded,sqrt(d) times recorded median_scaled_norm; not pooled-window median,"equal-weight summaries of recorded source-training batch statistics; changing models, not frozen population estimates",/tmp/p01-d1-20260919-1irHPs/artifacts/d1_pu_20260919/core/O/seed_456/training_features.csv
O,456,core,stft_long,64,192,input_weight_gradient_norm,loss per native parameter coordinate,0.9780126364305616,0.8709791600704193,1000,0,1000,12000,recorded,raw first-readout parameter gradient Frobenius norm; MLP input-column block,"equal-weight summaries of recorded source-training batch statistics; changing models, not frozen population estimates",/tmp/p01-d1-20260919-1irHPs/artifacts/d1_pu_20260919/core/O/seed_456/training_features.csv
O,456,core,stft_long,64,192,raw_input_weight_norm,native weight coordinates,0.6863764028996229,0.7241798341274261,1000,0,1000,12000,recorded,raw first-readout input-column-block Frobenius norm,"equal-weight summaries of recorded source-training batch statistics; changing models, not frozen population estimates",/tmp/p01-d1-20260919-1irHPs/artifacts/d1_pu_20260919/core/O/seed_456/training_features.csv
O,456,core,stft_long,64,192,effective_input_weight_norm,native weight coordinates,0.6863764028996229,0.7241798341274261,1000,0,1000,12000,recorded,effective capped first-readout input-column-block Frobenius norm,"equal-weight summaries of recorded source-training batch statistics; changing models, not frozen population estimates",/tmp/p01-d1-20260919-1irHPs/artifacts/d1_pu_20260919/core/O/seed_456/training_features.csv
O,456,core,stft_long,64,192,effective_output_weight_norm,native weight coordinates,2.4629496162831783,2.5957300662994385,1000,0,1000,12000,recorded,whole effective output matrix norm; repeated across branch rows,"equal-weight summaries of recorded source-training batch statistics; changing models, not frozen population estimates",/tmp/p01-d1-20260919-1irHPs/artifacts/d1_pu_20260919/core/O/seed_456/training_features.csv
O,456,core,mexican_hat,32,96,mean_scaled_squared_norm,scaled feature units squared,5.904858740329742,5.879918575286865,1000,0,1000,12000,recorded,recorded within-batch mean of ||z/sqrt(d)||^2,"equal-weight summaries of recorded source-training batch statistics; changing models, not frozen population estimates",/tmp/p01-d1-20260919-1irHPs/artifacts/d1_pu_20260919/core/O/seed_456/training_features.csv
O,456,core,mexican_hat,32,96,mean_unscaled_squared_norm,native feature units squared,188.95547969055175,188.1573944091797,1000,0,1000,12000,recorded,d times recorded mean_scaled_squared_norm,"equal-weight summaries of recorded source-training batch statistics; changing models, not frozen population estimates",/tmp/p01-d1-20260919-1irHPs/artifacts/d1_pu_20260919/core/O/seed_456/training_features.csv
O,456,core,mexican_hat,32,96,median_scaled_norm,scaled feature units,2.423607229709625,2.431917905807495,1000,0,1000,12000,recorded,recorded within-batch median of ||z/sqrt(d)||; not pooled-window median,"equal-weight summaries of recorded source-training batch statistics; changing models, not frozen population estimates",/tmp/p01-d1-20260919-1irHPs/artifacts/d1_pu_20260919/core/O/seed_456/training_features.csv
O,456,core,mexican_hat,32,96,median_unscaled_norm,native feature units,13.70999285648335,13.75700513988374,1000,0,1000,12000,recorded,sqrt(d) times recorded median_scaled_norm; not pooled-window median,"equal-weight summaries of recorded source-training batch statistics; changing models, not frozen population estimates",/tmp/p01-d1-20260919-1irHPs/artifacts/d1_pu_20260919/core/O/seed_456/training_features.csv
O,456,core,mexican_hat,32,96,input_weight_gradient_norm,loss per native parameter coordinate,0.7664592414721847,0.6921936273574829,1000,0,1000,12000,recorded,raw first-readout parameter gradient Frobenius norm; MLP input-column block,"equal-weight summaries of recorded source-training batch statistics; changing models, not frozen population estimates",/tmp/p01-d1-20260919-1irHPs/artifacts/d1_pu_20260919/core/O/seed_456/training_features.csv
O,456,core,mexican_hat,32,96,raw_input_weight_norm,native weight coordinates,0.4607299495190382,0.48047029972076416,1000,0,1000,12000,recorded,raw first-readout input-column-block Frobenius norm,"equal-weight summaries of recorded source-training batch statistics; changing models, not frozen population estimates",/tmp/p01-d1-20260919-1irHPs/artifacts/d1_pu_20260919/core/O/seed_456/training_features.csv
O,456,core,mexican_hat,32,96,effective_input_weight_norm,native weight coordinates,0.4607299495190382,0.48047029972076416,1000,0,1000,12000,recorded,effective capped first-readout input-column-block Frobenius norm,"equal-weight summaries of recorded source-training batch statistics; changing models, not frozen population estimates",/tmp/p01-d1-20260919-1irHPs/artifacts/d1_pu_20260919/core/O/seed_456/training_features.csv
O,456,core,mexican_hat,32,96,effective_output_weight_norm,native weight coordinates,2.4629496162831783,2.5957300662994385,1000,0,1000,12000,recorded,whole effective output matrix norm; repeated across branch rows,"equal-weight summaries of recorded source-training batch statistics; changing models, not frozen population estimates",/tmp/p01-d1-20260919-1irHPs/artifacts/d1_pu_20260919/core/O/seed_456/training_features.csv
O,456,core,stockwell,40,120,mean_scaled_squared_norm,scaled feature units squared,17.49892141056061,17.514970779418945,1000,0,1000,12000,recorded,recorded within-batch mean of ||z/sqrt(d)||^2,"equal-weight summaries of recorded source-training batch statistics; changing models, not frozen population estimates",/tmp/p01-d1-20260919-1irHPs/artifacts/d1_pu_20260919/core/O/seed_456/training_features.csv
O,456,core,stockwell,40,120,mean_unscaled_squared_norm,native feature units squared,699.9568564224243,700.5988311767578,1000,0,1000,12000,recorded,d times recorded mean_scaled_squared_norm,"equal-weight summaries of recorded source-training batch statistics; changing models, not frozen population estimates",/tmp/p01-d1-20260919-1irHPs/artifacts/d1_pu_20260919/core/O/seed_456/training_features.csv
O,456,core,stockwell,40,120,median_scaled_norm,scaled feature units,4.2157636108398435,4.239803314208984,1000,0,1000,12000,recorded,recorded within-batch median of ||z/sqrt(d)||; not pooled-window median,"equal-weight summaries of recorded source-training batch statistics; changing models, not frozen population estimates",/tmp/p01-d1-20260919-1irHPs/artifacts/d1_pu_20260919/core/O/seed_456/training_features.csv
O,456,core,stockwell,40,120,median_unscaled_norm,native feature units,26.66283017421924,26.814870608061856,1000,0,1000,12000,recorded,sqrt(d) times recorded median_scaled_norm; not pooled-window median,"equal-weight summaries of recorded source-training batch statistics; changing models, not frozen population estimates",/tmp/p01-d1-20260919-1irHPs/artifacts/d1_pu_20260919/core/O/seed_456/training_features.csv
O,456,core,stockwell,40,120,input_weight_gradient_norm,loss per native parameter coordinate,1.303760189808905,1.1889925003051758,1000,0,1000,12000,recorded,raw first-readout parameter gradient Frobenius norm; MLP input-column block,"equal-weight summaries of recorded source-training batch statistics; changing models, not frozen population estimates",/tmp/p01-d1-20260919-1irHPs/artifacts/d1_pu_20260919/core/O/seed_456/training_features.csv
O,456,core,stockwell,40,120,raw_input_weight_norm,native weight coordinates,0.650837175309658,0.6908263564109802,1000,0,1000,12000,recorded,raw first-readout input-column-block Frobenius norm,"equal-weight summaries of recorded source-training batch statistics; changing models, not frozen population estimates",/tmp/p01-d1-20260919-1irHPs/artifacts/d1_pu_20260919/core/O/seed_456/training_features.csv
O,456,core,stockwell,40,120,effective_input_weight_norm,native weight coordinates,0.650837175309658,0.6908263564109802,1000,0,1000,12000,recorded,effective capped first-readout input-column-block Frobenius norm,"equal-weight summaries of recorded source-training batch statistics; changing models, not frozen population estimates",/tmp/p01-d1-20260919-1irHPs/artifacts/d1_pu_20260919/core/O/seed_456/training_features.csv
O,456,core,stockwell,40,120,effective_output_weight_norm,native weight coordinates,2.4629496162831783,2.5957300662994385,1000,0,1000,12000,recorded,whole effective output matrix norm; repeated across branch rows,"equal-weight summaries of recorded source-training batch statistics; changing models, not frozen population estimates",/tmp/p01-d1-20260919-1irHPs/artifacts/d1_pu_20260919/core/O/seed_456/training_features.csv
O,456,core,chirplet_up,32,96,mean_scaled_squared_norm,scaled feature units squared,10.058592104434966,10.171391010284424,1000,0,1000,12000,recorded,recorded within-batch mean of ||z/sqrt(d)||^2,"equal-weight summaries of recorded source-training batch statistics; changing models, not frozen population estimates",/tmp/p01-d1-20260919-1irHPs/artifacts/d1_pu_20260919/core/O/seed_456/training_features.csv
O,456,core,chirplet_up,32,96,mean_unscaled_squared_norm,native feature units squared,321.8749473419189,325.48451232910156,1000,0,1000,12000,recorded,d times recorded mean_scaled_squared_norm,"equal-weight summaries of recorded source-training batch statistics; changing models, not frozen population estimates",/tmp/p01-d1-20260919-1irHPs/artifacts/d1_pu_20260919/core/O/seed_456/training_features.csv
O,456,core,chirplet_up,32,96,median_scaled_norm,scaled feature units,3.212341843366623,3.2127840518951416,1000,0,1000,12000,recorded,recorded within-batch median of ||z/sqrt(d)||; not pooled-window median,"equal-weight summaries of recorded source-training batch statistics; changing models, not frozen population estimates",/tmp/p01-d1-20260919-1irHPs/artifacts/d1_pu_20260919/core/O/seed_456/training_features.csv
O,456,core,chirplet_up,32,96,median_unscaled_norm,native feature units,18.17174960747067,18.17425111666438,1000,0,1000,12000,recorded,sqrt(d) times recorded median_scaled_norm; not pooled-window median,"equal-weight summaries of recorded source-training batch statistics; changing models, not frozen population estimates",/tmp/p01-d1-20260919-1irHPs/artifacts/d1_pu_20260919/core/O/seed_456/training_features.csv
O,456,core,chirplet_up,32,96,input_weight_gradient_norm,loss per native parameter coordinate,0.9959444047808648,0.8966894149780273,1000,0,1000,12000,recorded,raw first-readout parameter gradient Frobenius norm; MLP input-column block,"equal-weight summaries of recorded source-training batch statistics; changing models, not frozen population estimates",/tmp/p01-d1-20260919-1irHPs/artifacts/d1_pu_20260919/core/O/seed_456/training_features.csv
O,456,core,chirplet_up,32,96,raw_input_weight_norm,native weight coordinates,0.4163910535648465,0.44117625057697296,1000,0,1000,12000,recorded,raw first-readout input-column-block Frobenius norm,"equal-weight summaries of recorded source-training batch statistics; changing models, not frozen population estimates",/tmp/p01-d1-20260919-1irHPs/artifacts/d1_pu_20260919/core/O/seed_456/training_features.csv
O,456,core,chirplet_up,32,96,effective_input_weight_norm,native weight coordinates,0.4163910535648465,0.44117625057697296,1000,0,1000,12000,recorded,effective capped first-readout input-column-block Frobenius norm,"equal-weight summaries of recorded source-training batch statistics; changing models, not frozen population estimates",/tmp/p01-d1-20260919-1irHPs/artifacts/d1_pu_20260919/core/O/seed_456/training_features.csv
O,456,core,chirplet_up,32,96,effective_output_weight_norm,native weight coordinates,2.4629496162831783,2.5957300662994385,1000,0,1000,12000,recorded,whole effective output matrix norm; repeated across branch rows,"equal-weight summaries of recorded source-training batch statistics; changing models, not frozen population estimates",/tmp/p01-d1-20260919-1irHPs/artifacts/d1_pu_20260919/core/O/seed_456/training_features.csv
UO,42,core,reference,36,108,mean_scaled_squared_norm,scaled feature units squared,0.029869498625397683,0.026306435465812683,1000,0,1000,12000,recorded,recorded within-batch mean of ||z/sqrt(d)||^2,"equal-weight summaries of recorded source-training batch statistics; changing models, not frozen population estimates",/tmp/p01-d1-20260919-1irHPs/artifacts/d1_pu_20260919/core/UO/seed_42/training_features.csv
UO,42,core,reference,36,108,mean_unscaled_squared_norm,native feature units squared,1.0753019505143167,0.9470316767692566,1000,0,1000,12000,recorded,d times recorded mean_scaled_squared_norm,"equal-weight summaries of recorded source-training batch statistics; changing models, not frozen population estimates",/tmp/p01-d1-20260919-1irHPs/artifacts/d1_pu_20260919/core/UO/seed_42/training_features.csv
UO,42,core,reference,36,108,median_scaled_norm,scaled feature units,0.11706644240021706,0.11272041499614716,1000,0,1000,12000,recorded,recorded within-batch median of ||z/sqrt(d)||; not pooled-window median,"equal-weight summaries of recorded source-training batch statistics; changing models, not frozen population estimates",/tmp/p01-d1-20260919-1irHPs/artifacts/d1_pu_20260919/core/UO/seed_42/training_features.csv
UO,42,core,reference,36,108,median_unscaled_norm,native feature units,0.7023986544013023,0.6763224899768829,1000,0,1000,12000,recorded,sqrt(d) times recorded median_scaled_norm; not pooled-window median,"equal-weight summaries of recorded source-training batch statistics; changing models, not frozen population estimates",/tmp/p01-d1-20260919-1irHPs/artifacts/d1_pu_20260919/core/UO/seed_42/training_features.csv
UO,42,core,reference,36,108,input_weight_gradient_norm,loss per native parameter coordinate,0.05749950753711164,0.05230032466351986,1000,0,1000,12000,recorded,raw first-readout parameter gradient Frobenius norm; MLP input-column block,"equal-weight summaries of recorded source-training batch statistics; changing models, not frozen population estimates",/tmp/p01-d1-20260919-1irHPs/artifacts/d1_pu_20260919/core/UO/seed_42/training_features.csv
UO,42,core,reference,36,108,raw_input_weight_norm,native weight coordinates,1.8205517282411456,1.9322004318237305,1000,0,1000,12000,recorded,raw first-readout input-column-block Frobenius norm,"equal-weight summaries of recorded source-training batch statistics; changing models, not frozen population estimates",/tmp/p01-d1-20260919-1irHPs/artifacts/d1_pu_20260919/core/UO/seed_42/training_features.csv
UO,42,core,reference,36,108,effective_input_weight_norm,native weight coordinates,1.8205517282411456,1.9322004318237305,1000,0,1000,12000,recorded,effective capped first-readout input-column-block Frobenius norm,"equal-weight summaries of recorded source-training batch statistics; changing models, not frozen population estimates",/tmp/p01-d1-20260919-1irHPs/artifacts/d1_pu_20260919/core/UO/seed_42/training_features.csv
UO,42,core,reference,36,108,effective_output_weight_norm,native weight coordinates,2.257537143021822,2.3829363584518433,1000,0,1000,12000,recorded,whole effective output matrix norm; repeated across branch rows,"equal-weight summaries of recorded source-training batch statistics; changing models, not frozen population estimates",/tmp/p01-d1-20260919-1irHPs/artifacts/d1_pu_20260919/core/UO/seed_42/training_features.csv
UO,42,core,envelope,8,24,mean_scaled_squared_norm,scaled feature units squared,0.0012833313892479054,0.0011741096968762577,1000,0,1000,12000,recorded,recorded within-batch mean of ||z/sqrt(d)||^2,"equal-weight summaries of recorded source-training batch statistics; changing models, not frozen population estimates",/tmp/p01-d1-20260919-1irHPs/artifacts/d1_pu_20260919/core/UO/seed_42/training_features.csv
UO,42,core,envelope,8,24,mean_unscaled_squared_norm,native feature units squared,0.010266651113983243,0.009392877575010061,1000,0,1000,12000,recorded,d times recorded mean_scaled_squared_norm,"equal-weight summaries of recorded source-training batch statistics; changing models, not frozen population estimates",/tmp/p01-d1-20260919-1irHPs/artifacts/d1_pu_20260919/core/UO/seed_42/training_features.csv
UO,42,core,envelope,8,24,median_scaled_norm,scaled feature units,0.02513316915743053,0.024150474928319454,1000,0,1000,12000,recorded,recorded within-batch median of ||z/sqrt(d)||; not pooled-window median,"equal-weight summaries of recorded source-training batch statistics; changing models, not frozen population estimates",/tmp/p01-d1-20260919-1irHPs/artifacts/d1_pu_20260919/core/UO/seed_42/training_features.csv
UO,42,core,envelope,8,24,median_unscaled_norm,native feature units,0.07108733737571087,0.06830785836276154,1000,0,1000,12000,recorded,sqrt(d) times recorded median_scaled_norm; not pooled-window median,"equal-weight summaries of recorded source-training batch statistics; changing models, not frozen population estimates",/tmp/p01-d1-20260919-1irHPs/artifacts/d1_pu_20260919/core/UO/seed_42/training_features.csv
UO,42,core,envelope,8,24,input_weight_gradient_norm,loss per native parameter coordinate,0.010775349329342133,0.009515556041151285,1000,0,1000,12000,recorded,raw first-readout parameter gradient Frobenius norm; MLP input-column block,"equal-weight summaries of recorded source-training batch statistics; changing models, not frozen population estimates",/tmp/p01-d1-20260919-1irHPs/artifacts/d1_pu_20260919/core/UO/seed_42/training_features.csv
UO,42,core,envelope,8,24,raw_input_weight_norm,native weight coordinates,0.637553529702127,0.6644038259983063,1000,0,1000,12000,recorded,raw first-readout input-column-block Frobenius norm,"equal-weight summaries of recorded source-training batch statistics; changing models, not frozen population estimates",/tmp/p01-d1-20260919-1irHPs/artifacts/d1_pu_20260919/core/UO/seed_42/training_features.csv
UO,42,core,envelope,8,24,effective_input_weight_norm,native weight coordinates,0.637553529702127,0.6644038259983063,1000,0,1000,12000,recorded,effective capped first-readout input-column-block Frobenius norm,"equal-weight summaries of recorded source-training batch statistics; changing models, not frozen population estimates",/tmp/p01-d1-20260919-1irHPs/artifacts/d1_pu_20260919/core/UO/seed_42/training_features.csv
UO,42,core,envelope,8,24,effective_output_weight_norm,native weight coordinates,2.257537143021822,2.3829363584518433,1000,0,1000,12000,recorded,whole effective output matrix norm; repeated across branch rows,"equal-weight summaries of recorded source-training batch statistics; changing models, not frozen population estimates",/tmp/p01-d1-20260919-1irHPs/artifacts/d1_pu_20260919/core/UO/seed_42/training_features.csv
UO,42,core,stft_short,64,192,mean_scaled_squared_norm,scaled feature units squared,10.55265917634964,10.658472537994385,1000,0,1000,12000,recorded,recorded within-batch mean of ||z/sqrt(d)||^2,"equal-weight summaries of recorded source-training batch statistics; changing models, not frozen population estimates",/tmp/p01-d1-20260919-1irHPs/artifacts/d1_pu_20260919/core/UO/seed_42/training_features.csv
UO,42,core,stft_short,64,192,mean_unscaled_squared_norm,native feature units squared,675.3701872863769,682.1422424316406,1000,0,1000,12000,recorded,d times recorded mean_scaled_squared_norm,"equal-weight summaries of recorded source-training batch statistics; changing models, not frozen population estimates",/tmp/p01-d1-20260919-1irHPs/artifacts/d1_pu_20260919/core/UO/seed_42/training_features.csv
UO,42,core,stft_short,64,192,median_scaled_norm,scaled feature units,3.3014803116321563,3.318260669708252,1000,0,1000,12000,recorded,recorded within-batch median of ||z/sqrt(d)||; not pooled-window median,"equal-weight summaries of recorded source-training batch statistics; changing models, not frozen population estimates",/tmp/p01-d1-20260919-1irHPs/artifacts/d1_pu_20260919/core/UO/seed_42/training_features.csv
UO,42,core,stft_short,64,192,median_unscaled_norm,native feature units,26.41184249305725,26.546085357666016,1000,0,1000,12000,recorded,sqrt(d) times recorded median_scaled_norm; not pooled-window median,"equal-weight summaries of recorded source-training batch statistics; changing models, not frozen population estimates",/tmp/p01-d1-20260919-1irHPs/artifacts/d1_pu_20260919/core/UO/seed_42/training_features.csv
UO,42,core,stft_short,64,192,input_weight_gradient_norm,loss per native parameter coordinate,1.2586252348721028,1.164186954498291,1000,0,1000,12000,recorded,raw first-readout parameter gradient Frobenius norm; MLP input-column block,"equal-weight summaries of recorded source-training batch statistics; changing models, not frozen population estimates",/tmp/p01-d1-20260919-1irHPs/artifacts/d1_pu_20260919/core/UO/seed_42/training_features.csv
UO,42,core,stft_short,64,192,raw_input_weight_norm,native weight coordinates,0.5649357632398605,0.5934783220291138,1000,0,1000,12000,recorded,raw first-readout input-column-block Frobenius norm,"equal-weight summaries of recorded source-training batch statistics; changing models, not frozen population estimates",/tmp/p01-d1-20260919-1irHPs/artifacts/d1_pu_20260919/core/UO/seed_42/training_features.csv
UO,42,core,stft_short,64,192,effective_input_weight_norm,native weight coordinates,0.5649357632398605,0.5934783220291138,1000,0,1000,12000,recorded,effective capped first-readout input-column-block Frobenius norm,"equal-weight summaries of recorded source-training batch statistics; changing models, not frozen population estimates",/tmp/p01-d1-20260919-1irHPs/artifacts/d1_pu_20260919/core/UO/seed_42/training_features.csv
UO,42,core,stft_short,64,192,effective_output_weight_norm,native weight coordinates,2.257537143021822,2.3829363584518433,1000,0,1000,12000,recorded,whole effective output matrix norm; repeated across branch rows,"equal-weight summaries of recorded source-training batch statistics; changing models, not frozen population estimates",/tmp/p01-d1-20260919-1irHPs/artifacts/d1_pu_20260919/core/UO/seed_42/training_features.csv
UO,42,core,morlet,32,96,mean_scaled_squared_norm,scaled feature units squared,7.524210076808929,7.534460783004761,1000,0,1000,12000,recorded,recorded within-batch mean of ||z/sqrt(d)||^2,"equal-weight summaries of recorded source-training batch statistics; changing models, not frozen population estimates",/tmp/p01-d1-20260919-1irHPs/artifacts/d1_pu_20260919/core/UO/seed_42/training_features.csv
UO,42,core,morlet,32,96,mean_unscaled_squared_norm,native feature units squared,240.77472245788573,241.10274505615234,1000,0,1000,12000,recorded,d times recorded mean_scaled_squared_norm,"equal-weight summaries of recorded source-training batch statistics; changing models, not frozen population estimates",/tmp/p01-d1-20260919-1irHPs/artifacts/d1_pu_20260919/core/UO/seed_42/training_features.csv
UO,42,core,morlet,32,96,median_scaled_norm,scaled feature units,2.7696417315006254,2.7942055463790894,1000,0,1000,12000,recorded,recorded within-batch median of ||z/sqrt(d)||; not pooled-window median,"equal-weight summaries of recorded source-training batch statistics; changing models, not frozen population estimates",/tmp/p01-d1-20260919-1irHPs/artifacts/d1_pu_20260919/core/UO/seed_42/training_features.csv
UO,42,core,morlet,32,96,median_unscaled_norm,native feature units,15.66745959841075,15.806413518989732,1000,0,1000,12000,recorded,sqrt(d) times recorded median_scaled_norm; not pooled-window median,"equal-weight summaries of recorded source-training batch statistics; changing models, not frozen population estimates",/tmp/p01-d1-20260919-1irHPs/artifacts/d1_pu_20260919/core/UO/seed_42/training_features.csv
UO,42,core,morlet,32,96,input_weight_gradient_norm,loss per native parameter coordinate,1.0875584502518176,1.0233036279678345,1000,0,1000,12000,recorded,raw first-readout parameter gradient Frobenius norm; MLP input-column block,"equal-weight summaries of recorded source-training batch statistics; changing models, not frozen population estimates",/tmp/p01-d1-20260919-1irHPs/artifacts/d1_pu_20260919/core/UO/seed_42/training_features.csv
UO,42,core,morlet,32,96,raw_input_weight_norm,native weight coordinates,0.38094081439822913,0.3996425122022629,1000,0,1000,12000,recorded,raw first-readout input-column-block Frobenius norm,"equal-weight summaries of recorded source-training batch statistics; changing models, not frozen population estimates",/tmp/p01-d1-20260919-1irHPs/artifacts/d1_pu_20260919/core/UO/seed_42/training_features.csv
UO,42,core,morlet,32,96,effective_input_weight_norm,native weight coordinates,0.38094081439822913,0.3996425122022629,1000,0,1000,12000,recorded,effective capped first-readout input-column-block Frobenius norm,"equal-weight summaries of recorded source-training batch statistics; changing models, not frozen population estimates",/tmp/p01-d1-20260919-1irHPs/artifacts/d1_pu_20260919/core/UO/seed_42/training_features.csv
UO,42,core,morlet,32,96,effective_output_weight_norm,native weight coordinates,2.257537143021822,2.3829363584518433,1000,0,1000,12000,recorded,whole effective output matrix norm; repeated across branch rows,"equal-weight summaries of recorded source-training batch statistics; changing models, not frozen population estimates",/tmp/p01-d1-20260919-1irHPs/artifacts/d1_pu_20260919/core/UO/seed_42/training_features.csv
UO,42,core,stft_long,64,192,mean_scaled_squared_norm,scaled feature units squared,9.724477717399598,9.821154117584229,1000,0,1000,12000,recorded,recorded within-batch mean of ||z/sqrt(d)||^2,"equal-weight summaries of recorded source-training batch statistics; changing models, not frozen population estimates",/tmp/p01-d1-20260919-1irHPs/artifacts/d1_pu_20260919/core/UO/seed_42/training_features.csv
UO,42,core,stft_long,64,192,mean_unscaled_squared_norm,native feature units squared,622.3665739135743,628.5538635253906,1000,0,1000,12000,recorded,d times recorded mean_scaled_squared_norm,"equal-weight summaries of recorded source-training batch statistics; changing models, not frozen population estimates",/tmp/p01-d1-20260919-1irHPs/artifacts/d1_pu_20260919/core/UO/seed_42/training_features.csv
UO,42,core,stft_long,64,192,median_scaled_norm,scaled feature units,3.176227657556534,3.1979267597198486,1000,0,1000,12000,recorded,recorded within-batch median of ||z/sqrt(d)||; not pooled-window median,"equal-weight summaries of recorded source-training batch statistics; changing models, not frozen population estimates",/tmp/p01-d1-20260919-1irHPs/artifacts/d1_pu_20260919/core/UO/seed_42/training_features.csv
UO,42,core,stft_long,64,192,median_unscaled_norm,native feature units,25.409821260452272,25.58341407775879,1000,0,1000,12000,recorded,sqrt(d) times recorded median_scaled_norm; not pooled-window median,"equal-weight summaries of recorded source-training batch statistics; changing models, not frozen population estimates",/tmp/p01-d1-20260919-1irHPs/artifacts/d1_pu_20260919/core/UO/seed_42/training_features.csv
UO,42,core,stft_long,64,192,input_weight_gradient_norm,loss per native parameter coordinate,1.207888579621911,1.1098577976226807,1000,0,1000,12000,recorded,raw first-readout parameter gradient Frobenius norm; MLP input-column block,"equal-weight summaries of recorded source-training batch statistics; changing models, not frozen population estimates",/tmp/p01-d1-20260919-1irHPs/artifacts/d1_pu_20260919/core/UO/seed_42/training_features.csv
UO,42,core,stft_long,64,192,raw_input_weight_norm,native weight coordinates,0.5647561452537775,0.5942322015762329,1000,0,1000,12000,recorded,raw first-readout input-column-block Frobenius norm,"equal-weight summaries of recorded source-training batch statistics; changing models, not frozen population estimates",/tmp/p01-d1-20260919-1irHPs/artifacts/d1_pu_20260919/core/UO/seed_42/training_features.csv
UO,42,core,stft_long,64,192,effective_input_weight_norm,native weight coordinates,0.5647561452537775,0.5942322015762329,1000,0,1000,12000,recorded,effective capped first-readout input-column-block Frobenius norm,"equal-weight summaries of recorded source-training batch statistics; changing models, not frozen population estimates",/tmp/p01-d1-20260919-1irHPs/artifacts/d1_pu_20260919/core/UO/seed_42/training_features.csv
UO,42,core,stft_long,64,192,effective_output_weight_norm,native weight coordinates,2.257537143021822,2.3829363584518433,1000,0,1000,12000,recorded,whole effective output matrix norm; repeated across branch rows,"equal-weight summaries of recorded source-training batch statistics; changing models, not frozen population estimates",/tmp/p01-d1-20260919-1irHPs/artifacts/d1_pu_20260919/core/UO/seed_42/training_features.csv
UO,42,core,mexican_hat,32,96,mean_scaled_squared_norm,scaled feature units squared,5.91907683467865,5.9220123291015625,1000,0,1000,12000,recorded,recorded within-batch mean of ||z/sqrt(d)||^2,"equal-weight summaries of recorded source-training batch statistics; changing models, not frozen population estimates",/tmp/p01-d1-20260919-1irHPs/artifacts/d1_pu_20260919/core/UO/seed_42/training_features.csv
UO,42,core,mexican_hat,32,96,mean_unscaled_squared_norm,native feature units squared,189.4104587097168,189.50439453125,1000,0,1000,12000,recorded,d times recorded mean_scaled_squared_norm,"equal-weight summaries of recorded source-training batch statistics; changing models, not frozen population estimates",/tmp/p01-d1-20260919-1irHPs/artifacts/d1_pu_20260919/core/UO/seed_42/training_features.csv
UO,42,core,mexican_hat,32,96,median_scaled_norm,scaled feature units,2.426838875770569,2.441170334815979,1000,0,1000,12000,recorded,recorded within-batch median of ||z/sqrt(d)||; not pooled-window median,"equal-weight summaries of recorded source-training batch statistics; changing models, not frozen population estimates",/tmp/p01-d1-20260919-1irHPs/artifacts/d1_pu_20260919/core/UO/seed_42/training_features.csv
UO,42,core,mexican_hat,32,96,median_unscaled_norm,native feature units,13.728273807236054,13.809344782238508,1000,0,1000,12000,recorded,sqrt(d) times recorded median_scaled_norm; not pooled-window median,"equal-weight summaries of recorded source-training batch statistics; changing models, not frozen population estimates",/tmp/p01-d1-20260919-1irHPs/artifacts/d1_pu_20260919/core/UO/seed_42/training_features.csv
UO,42,core,mexican_hat,32,96,input_weight_gradient_norm,loss per native parameter coordinate,0.957020672135055,0.9081313014030457,1000,0,1000,12000,recorded,raw first-readout parameter gradient Frobenius norm; MLP input-column block,"equal-weight summaries of recorded source-training batch statistics; changing models, not frozen population estimates",/tmp/p01-d1-20260919-1irHPs/artifacts/d1_pu_20260919/core/UO/seed_42/training_features.csv
UO,42,core,mexican_hat,32,96,raw_input_weight_norm,native weight coordinates,0.4086323583871126,0.4294010102748871,1000,0,1000,12000,recorded,raw first-readout input-column-block Frobenius norm,"equal-weight summaries of recorded source-training batch statistics; changing models, not frozen population estimates",/tmp/p01-d1-20260919-1irHPs/artifacts/d1_pu_20260919/core/UO/seed_42/training_features.csv
UO,42,core,mexican_hat,32,96,effective_input_weight_norm,native weight coordinates,0.4086323583871126,0.4294010102748871,1000,0,1000,12000,recorded,effective capped first-readout input-column-block Frobenius norm,"equal-weight summaries of recorded source-training batch statistics; changing models, not frozen population estimates",/tmp/p01-d1-20260919-1irHPs/artifacts/d1_pu_20260919/core/UO/seed_42/training_features.csv
UO,42,core,mexican_hat,32,96,effective_output_weight_norm,native weight coordinates,2.257537143021822,2.3829363584518433,1000,0,1000,12000,recorded,whole effective output matrix norm; repeated across branch rows,"equal-weight summaries of recorded source-training batch statistics; changing models, not frozen population estimates",/tmp/p01-d1-20260919-1irHPs/artifacts/d1_pu_20260919/core/UO/seed_42/training_features.csv
UO,42,core,stockwell,40,120,mean_scaled_squared_norm,scaled feature units squared,17.509509525299073,17.533218383789062,1000,0,1000,12000,recorded,recorded within-batch mean of ||z/sqrt(d)||^2,"equal-weight summaries of recorded source-training batch statistics; changing models, not frozen population estimates",/tmp/p01-d1-20260919-1irHPs/artifacts/d1_pu_20260919/core/UO/seed_42/training_features.csv
UO,42,core,stockwell,40,120,mean_unscaled_squared_norm,native feature units squared,700.3803810119629,701.3287353515625,1000,0,1000,12000,recorded,d times recorded mean_scaled_squared_norm,"equal-weight summaries of recorded source-training batch statistics; changing models, not frozen population estimates",/tmp/p01-d1-20260919-1irHPs/artifacts/d1_pu_20260919/core/UO/seed_42/training_features.csv
UO,42,core,stockwell,40,120,median_scaled_norm,scaled feature units,4.219409244537354,4.241060495376587,1000,0,1000,12000,recorded,recorded within-batch median of ||z/sqrt(d)||; not pooled-window median,"equal-weight summaries of recorded source-training batch statistics; changing models, not frozen population estimates",/tmp/p01-d1-20260919-1irHPs/artifacts/d1_pu_20260919/core/UO/seed_42/training_features.csv
UO,42,core,stockwell,40,120,median_unscaled_norm,native feature units,26.685887186216824,26.82282171990404,1000,0,1000,12000,recorded,sqrt(d) times recorded median_scaled_norm; not pooled-window median,"equal-weight summaries of recorded source-training batch statistics; changing models, not frozen population estimates",/tmp/p01-d1-20260919-1irHPs/artifacts/d1_pu_20260919/core/UO/seed_42/training_features.csv
UO,42,core,stockwell,40,120,input_weight_gradient_norm,loss per native parameter coordinate,1.6278154423385858,1.5215926766395569,1000,0,1000,12000,recorded,raw first-readout parameter gradient Frobenius norm; MLP input-column block,"equal-weight summaries of recorded source-training batch statistics; changing models, not frozen population estimates",/tmp/p01-d1-20260919-1irHPs/artifacts/d1_pu_20260919/core/UO/seed_42/training_features.csv
UO,42,core,stockwell,40,120,raw_input_weight_norm,native weight coordinates,0.5267394161000848,0.557729184627533,1000,0,1000,12000,recorded,raw first-readout input-column-block Frobenius norm,"equal-weight summaries of recorded source-training batch statistics; changing models, not frozen population estimates",/tmp/p01-d1-20260919-1irHPs/artifacts/d1_pu_20260919/core/UO/seed_42/training_features.csv
UO,42,core,stockwell,40,120,effective_input_weight_norm,native weight coordinates,0.5267394161000848,0.557729184627533,1000,0,1000,12000,recorded,effective capped first-readout input-column-block Frobenius norm,"equal-weight summaries of recorded source-training batch statistics; changing models, not frozen population estimates",/tmp/p01-d1-20260919-1irHPs/artifacts/d1_pu_20260919/core/UO/seed_42/training_features.csv
UO,42,core,stockwell,40,120,effective_output_weight_norm,native weight coordinates,2.257537143021822,2.3829363584518433,1000,0,1000,12000,recorded,whole effective output matrix norm; repeated across branch rows,"equal-weight summaries of recorded source-training batch statistics; changing models, not frozen population estimates",/tmp/p01-d1-20260919-1irHPs/artifacts/d1_pu_20260919/core/UO/seed_42/training_features.csv
UO,42,core,chirplet_up,32,96,mean_scaled_squared_norm,scaled feature units squared,10.06796904373169,10.16788101196289,1000,0,1000,12000,recorded,recorded within-batch mean of ||z/sqrt(d)||^2,"equal-weight summaries of recorded source-training batch statistics; changing models, not frozen population estimates",/tmp/p01-d1-20260919-1irHPs/artifacts/d1_pu_20260919/core/UO/seed_42/training_features.csv
UO,42,core,chirplet_up,32,96,mean_unscaled_squared_norm,native feature units squared,322.1750093994141,325.3721923828125,1000,0,1000,12000,recorded,d times recorded mean_scaled_squared_norm,"equal-weight summaries of recorded source-training batch statistics; changing models, not frozen population estimates",/tmp/p01-d1-20260919-1irHPs/artifacts/d1_pu_20260919/core/UO/seed_42/training_features.csv
UO,42,core,chirplet_up,32,96,median_scaled_norm,scaled feature units,3.214127722263336,3.2149178981781006,1000,0,1000,12000,recorded,recorded within-batch median of ||z/sqrt(d)||; not pooled-window median,"equal-weight summaries of recorded source-training batch statistics; changing models, not frozen population estimates",/tmp/p01-d1-20260919-1irHPs/artifacts/d1_pu_20260919/core/UO/seed_42/training_features.csv
UO,42,core,chirplet_up,32,96,median_unscaled_norm,native feature units,18.18185206409662,18.1863219740779,1000,0,1000,12000,recorded,sqrt(d) times recorded median_scaled_norm; not pooled-window median,"equal-weight summaries of recorded source-training batch statistics; changing models, not frozen population estimates",/tmp/p01-d1-20260919-1irHPs/artifacts/d1_pu_20260919/core/UO/seed_42/training_features.csv
UO,42,core,chirplet_up,32,96,input_weight_gradient_norm,loss per native parameter coordinate,1.2368399315327405,1.1459737420082092,1000,0,1000,12000,recorded,raw first-readout parameter gradient Frobenius norm; MLP input-column block,"equal-weight summaries of recorded source-training batch statistics; changing models, not frozen population estimates",/tmp/p01-d1-20260919-1irHPs/artifacts/d1_pu_20260919/core/UO/seed_42/training_features.csv
UO,42,core,chirplet_up,32,96,raw_input_weight_norm,native weight coordinates,0.3607734119743109,0.3782387673854828,1000,0,1000,12000,recorded,raw first-readout input-column-block Frobenius norm,"equal-weight summaries of recorded source-training batch statistics; changing models, not frozen population estimates",/tmp/p01-d1-20260919-1irHPs/artifacts/d1_pu_20260919/core/UO/seed_42/training_features.csv
UO,42,core,chirplet_up,32,96,effective_input_weight_norm,native weight coordinates,0.3607734119743109,0.3782387673854828,1000,0,1000,12000,recorded,effective capped first-readout input-column-block Frobenius norm,"equal-weight summaries of recorded source-training batch statistics; changing models, not frozen population estimates",/tmp/p01-d1-20260919-1irHPs/artifacts/d1_pu_20260919/core/UO/seed_42/training_features.csv
UO,42,core,chirplet_up,32,96,effective_output_weight_norm,native weight coordinates,2.257537143021822,2.3829363584518433,1000,0,1000,12000,recorded,whole effective output matrix norm; repeated across branch rows,"equal-weight summaries of recorded source-training batch statistics; changing models, not frozen population estimates",/tmp/p01-d1-20260919-1irHPs/artifacts/d1_pu_20260919/core/UO/seed_42/training_features.csv
UO,123,core,reference,36,108,mean_scaled_squared_norm,scaled feature units squared,0.02910477677732706,0.024302472360432148,1000,0,1000,12000,recorded,recorded within-batch mean of ||z/sqrt(d)||^2,"equal-weight summaries of recorded source-training batch statistics; changing models, not frozen population estimates",/tmp/p01-d1-20260919-1irHPs/artifacts/d1_pu_20260919/core/UO/seed_123/training_features.csv
UO,123,core,reference,36,108,mean_unscaled_squared_norm,native feature units squared,1.0477719639837741,0.8748890049755573,1000,0,1000,12000,recorded,d times recorded mean_scaled_squared_norm,"equal-weight summaries of recorded source-training batch statistics; changing models, not frozen population estimates",/tmp/p01-d1-20260919-1irHPs/artifacts/d1_pu_20260919/core/UO/seed_123/training_features.csv
UO,123,core,reference,36,108,median_scaled_norm,scaled feature units,0.11672324199974538,0.11249158903956413,1000,0,1000,12000,recorded,recorded within-batch median of ||z/sqrt(d)||; not pooled-window median,"equal-weight summaries of recorded source-training batch statistics; changing models, not frozen population estimates",/tmp/p01-d1-20260919-1irHPs/artifacts/d1_pu_20260919/core/UO/seed_123/training_features.csv
UO,123,core,reference,36,108,median_unscaled_norm,native feature units,0.7003394519984723,0.6749495342373848,1000,0,1000,12000,recorded,sqrt(d) times recorded median_scaled_norm; not pooled-window median,"equal-weight summaries of recorded source-training batch statistics; changing models, not frozen population estimates",/tmp/p01-d1-20260919-1irHPs/artifacts/d1_pu_20260919/core/UO/seed_123/training_features.csv
UO,123,core,reference,36,108,input_weight_gradient_norm,loss per native parameter coordinate,0.05729829217866063,0.05303614027798176,1000,0,1000,12000,recorded,raw first-readout parameter gradient Frobenius norm; MLP input-column block,"equal-weight summaries of recorded source-training batch statistics; changing models, not frozen population estimates",/tmp/p01-d1-20260919-1irHPs/artifacts/d1_pu_20260919/core/UO/seed_123/training_features.csv
UO,123,core,reference,36,108,raw_input_weight_norm,native weight coordinates,1.7891706027016043,1.9101916551589966,1000,0,1000,12000,recorded,raw first-readout input-column-block Frobenius norm,"equal-weight summaries of recorded source-training batch statistics; changing models, not frozen population estimates",/tmp/p01-d1-20260919-1irHPs/artifacts/d1_pu_20260919/core/UO/seed_123/training_features.csv
UO,123,core,reference,36,108,effective_input_weight_norm,native weight coordinates,1.7891706027016043,1.9101916551589966,1000,0,1000,12000,recorded,effective capped first-readout input-column-block Frobenius norm,"equal-weight summaries of recorded source-training batch statistics; changing models, not frozen population estimates",/tmp/p01-d1-20260919-1irHPs/artifacts/d1_pu_20260919/core/UO/seed_123/training_features.csv
UO,123,core,reference,36,108,effective_output_weight_norm,native weight coordinates,2.23978398668766,2.3762274980545044,1000,0,1000,12000,recorded,whole effective output matrix norm; repeated across branch rows,"equal-weight summaries of recorded source-training batch statistics; changing models, not frozen population estimates",/tmp/p01-d1-20260919-1irHPs/artifacts/d1_pu_20260919/core/UO/seed_123/training_features.csv
UO,123,core,envelope,8,24,mean_scaled_squared_norm,scaled feature units squared,0.001308436535007786,0.0011452738544903696,1000,0,1000,12000,recorded,recorded within-batch mean of ||z/sqrt(d)||^2,"equal-weight summaries of recorded source-training batch statistics; changing models, not frozen population estimates",/tmp/p01-d1-20260919-1irHPs/artifacts/d1_pu_20260919/core/UO/seed_123/training_features.csv
UO,123,core,envelope,8,24,mean_unscaled_squared_norm,native feature units squared,0.010467492280062288,0.009162190835922956,1000,0,1000,12000,recorded,d times recorded mean_scaled_squared_norm,"equal-weight summaries of recorded source-training batch statistics; changing models, not frozen population estimates",/tmp/p01-d1-20260919-1irHPs/artifacts/d1_pu_20260919/core/UO/seed_123/training_features.csv
UO,123,core,envelope,8,24,median_scaled_norm,scaled feature units,0.025668140217661856,0.02475723996758461,1000,0,1000,12000,recorded,recorded within-batch median of ||z/sqrt(d)||; not pooled-window median,"equal-weight summaries of recorded source-training batch statistics; changing models, not frozen population estimates",/tmp/p01-d1-20260919-1irHPs/artifacts/d1_pu_20260919/core/UO/seed_123/training_features.csv
UO,123,core,envelope,8,24,median_unscaled_norm,native feature units,0.07260046403342338,0.07002404905816681,1000,0,1000,12000,recorded,sqrt(d) times recorded median_scaled_norm; not pooled-window median,"equal-weight summaries of recorded source-training batch statistics; changing models, not frozen population estimates",/tmp/p01-d1-20260919-1irHPs/artifacts/d1_pu_20260919/core/UO/seed_123/training_features.csv
UO,123,core,envelope,8,24,input_weight_gradient_norm,loss per native parameter coordinate,0.011084111519507132,0.010039625689387321,1000,0,1000,12000,recorded,raw first-readout parameter gradient Frobenius norm; MLP input-column block,"equal-weight summaries of recorded source-training batch statistics; changing models, not frozen population estimates",/tmp/p01-d1-20260919-1irHPs/artifacts/d1_pu_20260919/core/UO/seed_123/training_features.csv
UO,123,core,envelope,8,24,raw_input_weight_norm,native weight coordinates,0.6282751674950123,0.6497987806797028,1000,0,1000,12000,recorded,raw first-readout input-column-block Frobenius norm,"equal-weight summaries of recorded source-training batch statistics; changing models, not frozen population estimates",/tmp/p01-d1-20260919-1irHPs/artifacts/d1_pu_20260919/core/UO/seed_123/training_features.csv
UO,123,core,envelope,8,24,effective_input_weight_norm,native weight coordinates,0.6282751674950123,0.6497987806797028,1000,0,1000,12000,recorded,effective capped first-readout input-column-block Frobenius norm,"equal-weight summaries of recorded source-training batch statistics; changing models, not frozen population estimates",/tmp/p01-d1-20260919-1irHPs/artifacts/d1_pu_20260919/core/UO/seed_123/training_features.csv
UO,123,core,envelope,8,24,effective_output_weight_norm,native weight coordinates,2.23978398668766,2.3762274980545044,1000,0,1000,12000,recorded,whole effective output matrix norm; repeated across branch rows,"equal-weight summaries of recorded source-training batch statistics; changing models, not frozen population estimates",/tmp/p01-d1-20260919-1irHPs/artifacts/d1_pu_20260919/core/UO/seed_123/training_features.csv
UO,123,core,stft_short,64,192,mean_scaled_squared_norm,scaled feature units squared,10.557001826286315,10.696016788482666,1000,0,1000,12000,recorded,recorded within-batch mean of ||z/sqrt(d)||^2,"equal-weight summaries of recorded source-training batch statistics; changing models, not frozen population estimates",/tmp/p01-d1-20260919-1irHPs/artifacts/d1_pu_20260919/core/UO/seed_123/training_features.csv
UO,123,core,stft_short,64,192,mean_unscaled_squared_norm,native feature units squared,675.6481168823242,684.5450744628906,1000,0,1000,12000,recorded,d times recorded mean_scaled_squared_norm,"equal-weight summaries of recorded source-training batch statistics; changing models, not frozen population estimates",/tmp/p01-d1-20260919-1irHPs/artifacts/d1_pu_20260919/core/UO/seed_123/training_features.csv
UO,123,core,stft_short,64,192,median_scaled_norm,scaled feature units,3.296707934856415,3.312204122543335,1000,0,1000,12000,recorded,recorded within-batch median of ||z/sqrt(d)||; not pooled-window median,"equal-weight summaries of recorded source-training batch statistics; changing models, not frozen population estimates",/tmp/p01-d1-20260919-1irHPs/artifacts/d1_pu_20260919/core/UO/seed_123/training_features.csv
UO,123,core,stft_short,64,192,median_unscaled_norm,native feature units,26.37366347885132,26.49763298034668,1000,0,1000,12000,recorded,sqrt(d) times recorded median_scaled_norm; not pooled-window median,"equal-weight summaries of recorded source-training batch statistics; changing models, not frozen population estimates",/tmp/p01-d1-20260919-1irHPs/artifacts/d1_pu_20260919/core/UO/seed_123/training_features.csv
UO,123,core,stft_short,64,192,input_weight_gradient_norm,loss per native parameter coordinate,1.247810021609068,1.1622518301010132,1000,0,1000,12000,recorded,raw first-readout parameter gradient Frobenius norm; MLP input-column block,"equal-weight summaries of recorded source-training batch statistics; changing models, not frozen population estimates",/tmp/p01-d1-20260919-1irHPs/artifacts/d1_pu_20260919/core/UO/seed_123/training_features.csv
UO,123,core,stft_short,64,192,raw_input_weight_norm,native weight coordinates,0.5631595798581839,0.5939114093780518,1000,0,1000,12000,recorded,raw first-readout input-column-block Frobenius norm,"equal-weight summaries of recorded source-training batch statistics; changing models, not frozen population estimates",/tmp/p01-d1-20260919-1irHPs/artifacts/d1_pu_20260919/core/UO/seed_123/training_features.csv
UO,123,core,stft_short,64,192,effective_input_weight_norm,native weight coordinates,0.5631595798581839,0.5939114093780518,1000,0,1000,12000,recorded,effective capped first-readout input-column-block Frobenius norm,"equal-weight summaries of recorded source-training batch statistics; changing models, not frozen population estimates",/tmp/p01-d1-20260919-1irHPs/artifacts/d1_pu_20260919/core/UO/seed_123/training_features.csv
UO,123,core,stft_short,64,192,effective_output_weight_norm,native weight coordinates,2.23978398668766,2.3762274980545044,1000,0,1000,12000,recorded,whole effective output matrix norm; repeated across branch rows,"equal-weight summaries of recorded source-training batch statistics; changing models, not frozen population estimates",/tmp/p01-d1-20260919-1irHPs/artifacts/d1_pu_20260919/core/UO/seed_123/training_features.csv
UO,123,core,morlet,32,96,mean_scaled_squared_norm,scaled feature units squared,7.4996230082511905,7.552152156829834,1000,0,1000,12000,recorded,recorded within-batch mean of ||z/sqrt(d)||^2,"equal-weight summaries of recorded source-training batch statistics; changing models, not frozen population estimates",/tmp/p01-d1-20260919-1irHPs/artifacts/d1_pu_20260919/core/UO/seed_123/training_features.csv
UO,123,core,morlet,32,96,mean_unscaled_squared_norm,native feature units squared,239.9879362640381,241.6688690185547,1000,0,1000,12000,recorded,d times recorded mean_scaled_squared_norm,"equal-weight summaries of recorded source-training batch statistics; changing models, not frozen population estimates",/tmp/p01-d1-20260919-1irHPs/artifacts/d1_pu_20260919/core/UO/seed_123/training_features.csv
UO,123,core,morlet,32,96,median_scaled_norm,scaled feature units,2.7576455357074736,2.773860216140747,1000,0,1000,12000,recorded,recorded within-batch median of ||z/sqrt(d)||; not pooled-window median,"equal-weight summaries of recorded source-training batch statistics; changing models, not frozen population estimates",/tmp/p01-d1-20260919-1irHPs/artifacts/d1_pu_20260919/core/UO/seed_123/training_features.csv
UO,123,core,morlet,32,96,median_unscaled_norm,native feature units,15.599598867260514,15.691322951173639,1000,0,1000,12000,recorded,sqrt(d) times recorded median_scaled_norm; not pooled-window median,"equal-weight summaries of recorded source-training batch statistics; changing models, not frozen population estimates",/tmp/p01-d1-20260919-1irHPs/artifacts/d1_pu_20260919/core/UO/seed_123/training_features.csv
UO,123,core,morlet,32,96,input_weight_gradient_norm,loss per native parameter coordinate,1.077328450500965,1.0097717642784119,1000,0,1000,12000,recorded,raw first-readout parameter gradient Frobenius norm; MLP input-column block,"equal-weight summaries of recorded source-training batch statistics; changing models, not frozen population estimates",/tmp/p01-d1-20260919-1irHPs/artifacts/d1_pu_20260919/core/UO/seed_123/training_features.csv
UO,123,core,morlet,32,96,raw_input_weight_norm,native weight coordinates,0.38894684268534185,0.4118473082780838,1000,0,1000,12000,recorded,raw first-readout input-column-block Frobenius norm,"equal-weight summaries of recorded source-training batch statistics; changing models, not frozen population estimates",/tmp/p01-d1-20260919-1irHPs/artifacts/d1_pu_20260919/core/UO/seed_123/training_features.csv
UO,123,core,morlet,32,96,effective_input_weight_norm,native weight coordinates,0.38894684268534185,0.4118473082780838,1000,0,1000,12000,recorded,effective capped first-readout input-column-block Frobenius norm,"equal-weight summaries of recorded source-training batch statistics; changing models, not frozen population estimates",/tmp/p01-d1-20260919-1irHPs/artifacts/d1_pu_20260919/core/UO/seed_123/training_features.csv
UO,123,core,morlet,32,96,effective_output_weight_norm,native weight coordinates,2.23978398668766,2.3762274980545044,1000,0,1000,12000,recorded,whole effective output matrix norm; repeated across branch rows,"equal-weight summaries of recorded source-training batch statistics; changing models, not frozen population estimates",/tmp/p01-d1-20260919-1irHPs/artifacts/d1_pu_20260919/core/UO/seed_123/training_features.csv
UO,123,core,stft_long,64,192,mean_scaled_squared_norm,scaled feature units squared,9.728675252914428,9.847698211669922,1000,0,1000,12000,recorded,recorded within-batch mean of ||z/sqrt(d)||^2,"equal-weight summaries of recorded source-training batch statistics; changing models, not frozen population estimates",/tmp/p01-d1-20260919-1irHPs/artifacts/d1_pu_20260919/core/UO/seed_123/training_features.csv
UO,123,core,stft_long,64,192,mean_unscaled_squared_norm,native feature units squared,622.6352161865234,630.252685546875,1000,0,1000,12000,recorded,d times recorded mean_scaled_squared_norm,"equal-weight summaries of recorded source-training batch statistics; changing models, not frozen population estimates",/tmp/p01-d1-20260919-1irHPs/artifacts/d1_pu_20260919/core/UO/seed_123/training_features.csv
UO,123,core,stft_long,64,192,median_scaled_norm,scaled feature units,3.171041420698166,3.1943639516830444,1000,0,1000,12000,recorded,recorded within-batch median of ||z/sqrt(d)||; not pooled-window median,"equal-weight summaries of recorded source-training batch statistics; changing models, not frozen population estimates",/tmp/p01-d1-20260919-1irHPs/artifacts/d1_pu_20260919/core/UO/seed_123/training_features.csv
UO,123,core,stft_long,64,192,median_unscaled_norm,native feature units,25.368331365585327,25.554911613464355,1000,0,1000,12000,recorded,sqrt(d) times recorded median_scaled_norm; not pooled-window median,"equal-weight summaries of recorded source-training batch statistics; changing models, not frozen population estimates",/tmp/p01-d1-20260919-1irHPs/artifacts/d1_pu_20260919/core/UO/seed_123/training_features.csv
UO,123,core,stft_long,64,192,input_weight_gradient_norm,loss per native parameter coordinate,1.196911111101508,1.1091722249984741,1000,0,1000,12000,recorded,raw first-readout parameter gradient Frobenius norm; MLP input-column block,"equal-weight summaries of recorded source-training batch statistics; changing models, not frozen population estimates",/tmp/p01-d1-20260919-1irHPs/artifacts/d1_pu_20260919/core/UO/seed_123/training_features.csv
UO,123,core,stft_long,64,192,raw_input_weight_norm,native weight coordinates,0.583697138339281,0.6167169213294983,1000,0,1000,12000,recorded,raw first-readout input-column-block Frobenius norm,"equal-weight summaries of recorded source-training batch statistics; changing models, not frozen population estimates",/tmp/p01-d1-20260919-1irHPs/artifacts/d1_pu_20260919/core/UO/seed_123/training_features.csv
UO,123,core,stft_long,64,192,effective_input_weight_norm,native weight coordinates,0.583697138339281,0.6167169213294983,1000,0,1000,12000,recorded,effective capped first-readout input-column-block Frobenius norm,"equal-weight summaries of recorded source-training batch statistics; changing models, not frozen population estimates",/tmp/p01-d1-20260919-1irHPs/artifacts/d1_pu_20260919/core/UO/seed_123/training_features.csv
UO,123,core,stft_long,64,192,effective_output_weight_norm,native weight coordinates,2.23978398668766,2.3762274980545044,1000,0,1000,12000,recorded,whole effective output matrix norm; repeated across branch rows,"equal-weight summaries of recorded source-training batch statistics; changing models, not frozen population estimates",/tmp/p01-d1-20260919-1irHPs/artifacts/d1_pu_20260919/core/UO/seed_123/training_features.csv
UO,123,core,mexican_hat,32,96,mean_scaled_squared_norm,scaled feature units squared,5.901692845344543,5.915809154510498,1000,0,1000,12000,recorded,recorded within-batch mean of ||z/sqrt(d)||^2,"equal-weight summaries of recorded source-training batch statistics; changing models, not frozen population estimates",/tmp/p01-d1-20260919-1irHPs/artifacts/d1_pu_20260919/core/UO/seed_123/training_features.csv
UO,123,core,mexican_hat,32,96,mean_unscaled_squared_norm,native feature units squared,188.8541710510254,189.30589294433594,1000,0,1000,12000,recorded,d times recorded mean_scaled_squared_norm,"equal-weight summaries of recorded source-training batch statistics; changing models, not frozen population estimates",/tmp/p01-d1-20260919-1irHPs/artifacts/d1_pu_20260919/core/UO/seed_123/training_features.csv
UO,123,core,mexican_hat,32,96,median_scaled_norm,scaled feature units,2.4217259526252746,2.4327341318130493,1000,0,1000,12000,recorded,recorded within-batch median of ||z/sqrt(d)||; not pooled-window median,"equal-weight summaries of recorded source-training batch statistics; changing models, not frozen population estimates",/tmp/p01-d1-20260919-1irHPs/artifacts/d1_pu_20260919/core/UO/seed_123/training_features.csv
UO,123,core,mexican_hat,32,96,median_unscaled_norm,native feature units,13.699350746214268,13.761622411431805,1000,0,1000,12000,recorded,sqrt(d) times recorded median_scaled_norm; not pooled-window median,"equal-weight summaries of recorded source-training batch statistics; changing models, not frozen population estimates",/tmp/p01-d1-20260919-1irHPs/artifacts/d1_pu_20260919/core/UO/seed_123/training_features.csv
UO,123,core,mexican_hat,32,96,input_weight_gradient_norm,loss per native parameter coordinate,0.952370474010706,0.8941479921340942,1000,0,1000,12000,recorded,raw first-readout parameter gradient Frobenius norm; MLP input-column block,"equal-weight summaries of recorded source-training batch statistics; changing models, not frozen population estimates",/tmp/p01-d1-20260919-1irHPs/artifacts/d1_pu_20260919/core/UO/seed_123/training_features.csv
UO,123,core,mexican_hat,32,96,raw_input_weight_norm,native weight coordinates,0.39252259481698276,0.41342543065547943,1000,0,1000,12000,recorded,raw first-readout input-column-block Frobenius norm,"equal-weight summaries of recorded source-training batch statistics; changing models, not frozen population estimates",/tmp/p01-d1-20260919-1irHPs/artifacts/d1_pu_20260919/core/UO/seed_123/training_features.csv
UO,123,core,mexican_hat,32,96,effective_input_weight_norm,native weight coordinates,0.39252259481698276,0.41342543065547943,1000,0,1000,12000,recorded,effective capped first-readout input-column-block Frobenius norm,"equal-weight summaries of recorded source-training batch statistics; changing models, not frozen population estimates",/tmp/p01-d1-20260919-1irHPs/artifacts/d1_pu_20260919/core/UO/seed_123/training_features.csv
UO,123,core,mexican_hat,32,96,effective_output_weight_norm,native weight coordinates,2.23978398668766,2.3762274980545044,1000,0,1000,12000,recorded,whole effective output matrix norm; repeated across branch rows,"equal-weight summaries of recorded source-training batch statistics; changing models, not frozen population estimates",/tmp/p01-d1-20260919-1irHPs/artifacts/d1_pu_20260919/core/UO/seed_123/training_features.csv
UO,123,core,stockwell,40,120,mean_scaled_squared_norm,scaled feature units squared,17.49382647228241,17.55169105529785,1000,0,1000,12000,recorded,recorded within-batch mean of ||z/sqrt(d)||^2,"equal-weight summaries of recorded source-training batch statistics; changing models, not frozen population estimates",/tmp/p01-d1-20260919-1irHPs/artifacts/d1_pu_20260919/core/UO/seed_123/training_features.csv
UO,123,core,stockwell,40,120,mean_unscaled_squared_norm,native feature units squared,699.7530588912964,702.0676422119141,1000,0,1000,12000,recorded,d times recorded mean_scaled_squared_norm,"equal-weight summaries of recorded source-training batch statistics; changing models, not frozen population estimates",/tmp/p01-d1-20260919-1irHPs/artifacts/d1_pu_20260919/core/UO/seed_123/training_features.csv
UO,123,core,stockwell,40,120,median_scaled_norm,scaled feature units,4.212552909135819,4.2345545291900635,1000,0,1000,12000,recorded,recorded within-batch median of ||z/sqrt(d)||; not pooled-window median,"equal-weight summaries of recorded source-training batch statistics; changing models, not frozen population estimates",/tmp/p01-d1-20260919-1irHPs/artifacts/d1_pu_20260919/core/UO/seed_123/training_features.csv
UO,123,core,stockwell,40,120,median_unscaled_norm,native feature units,26.64252391367503,26.781674376845135,1000,0,1000,12000,recorded,sqrt(d) times recorded median_scaled_norm; not pooled-window median,"equal-weight summaries of recorded source-training batch statistics; changing models, not frozen population estimates",/tmp/p01-d1-20260919-1irHPs/artifacts/d1_pu_20260919/core/UO/seed_123/training_features.csv
UO,123,core,stockwell,40,120,input_weight_gradient_norm,loss per native parameter coordinate,1.615380867063999,1.509709894657135,1000,0,1000,12000,recorded,raw first-readout parameter gradient Frobenius norm; MLP input-column block,"equal-weight summaries of recorded source-training batch statistics; changing models, not frozen population estimates",/tmp/p01-d1-20260919-1irHPs/artifacts/d1_pu_20260919/core/UO/seed_123/training_features.csv
UO,123,core,stockwell,40,120,raw_input_weight_norm,native weight coordinates,0.5660218175128102,0.6030572056770325,1000,0,1000,12000,recorded,raw first-readout input-column-block Frobenius norm,"equal-weight summaries of recorded source-training batch statistics; changing models, not frozen population estimates",/tmp/p01-d1-20260919-1irHPs/artifacts/d1_pu_20260919/core/UO/seed_123/training_features.csv
UO,123,core,stockwell,40,120,effective_input_weight_norm,native weight coordinates,0.5660218175128102,0.6030572056770325,1000,0,1000,12000,recorded,effective capped first-readout input-column-block Frobenius norm,"equal-weight summaries of recorded source-training batch statistics; changing models, not frozen population estimates",/tmp/p01-d1-20260919-1irHPs/artifacts/d1_pu_20260919/core/UO/seed_123/training_features.csv
UO,123,core,stockwell,40,120,effective_output_weight_norm,native weight coordinates,2.23978398668766,2.3762274980545044,1000,0,1000,12000,recorded,whole effective output matrix norm; repeated across branch rows,"equal-weight summaries of recorded source-training batch statistics; changing models, not frozen population estimates",/tmp/p01-d1-20260919-1irHPs/artifacts/d1_pu_20260919/core/UO/seed_123/training_features.csv
UO,123,core,chirplet_up,32,96,mean_scaled_squared_norm,scaled feature units squared,10.05943023443222,10.178942680358887,1000,0,1000,12000,recorded,recorded within-batch mean of ||z/sqrt(d)||^2,"equal-weight summaries of recorded source-training batch statistics; changing models, not frozen population estimates",/tmp/p01-d1-20260919-1irHPs/artifacts/d1_pu_20260919/core/UO/seed_123/training_features.csv
UO,123,core,chirplet_up,32,96,mean_unscaled_squared_norm,native feature units squared,321.90176750183105,325.7261657714844,1000,0,1000,12000,recorded,d times recorded mean_scaled_squared_norm,"equal-weight summaries of recorded source-training batch statistics; changing models, not frozen population estimates",/tmp/p01-d1-20260919-1irHPs/artifacts/d1_pu_20260919/core/UO/seed_123/training_features.csv
UO,123,core,chirplet_up,32,96,median_scaled_norm,scaled feature units,3.2069240453243255,3.208019971847534,1000,0,1000,12000,recorded,recorded within-batch median of ||z/sqrt(d)||; not pooled-window median,"equal-weight summaries of recorded source-training batch statistics; changing models, not frozen population estimates",/tmp/p01-d1-20260919-1irHPs/artifacts/d1_pu_20260919/core/UO/seed_123/training_features.csv
UO,123,core,chirplet_up,32,96,median_unscaled_norm,native feature units,18.141101913592205,18.147301410202154,1000,0,1000,12000,recorded,sqrt(d) times recorded median_scaled_norm; not pooled-window median,"equal-weight summaries of recorded source-training batch statistics; changing models, not frozen population estimates",/tmp/p01-d1-20260919-1irHPs/artifacts/d1_pu_20260919/core/UO/seed_123/training_features.csv
UO,123,core,chirplet_up,32,96,input_weight_gradient_norm,loss per native parameter coordinate,1.2259663170352577,1.1478062868118286,1000,0,1000,12000,recorded,raw first-readout parameter gradient Frobenius norm; MLP input-column block,"equal-weight summaries of recorded source-training batch statistics; changing models, not frozen population estimates",/tmp/p01-d1-20260919-1irHPs/artifacts/d1_pu_20260919/core/UO/seed_123/training_features.csv
UO,123,core,chirplet_up,32,96,raw_input_weight_norm,native weight coordinates,0.34801558281481265,0.37095198035240173,1000,0,1000,12000,recorded,raw first-readout input-column-block Frobenius norm,"equal-weight summaries of recorded source-training batch statistics; changing models, not frozen population estimates",/tmp/p01-d1-20260919-1irHPs/artifacts/d1_pu_20260919/core/UO/seed_123/training_features.csv
UO,123,core,chirplet_up,32,96,effective_input_weight_norm,native weight coordinates,0.34801558281481265,0.37095198035240173,1000,0,1000,12000,recorded,effective capped first-readout input-column-block Frobenius norm,"equal-weight summaries of recorded source-training batch statistics; changing models, not frozen population estimates",/tmp/p01-d1-20260919-1irHPs/artifacts/d1_pu_20260919/core/UO/seed_123/training_features.csv
UO,123,core,chirplet_up,32,96,effective_output_weight_norm,native weight coordinates,2.23978398668766,2.3762274980545044,1000,0,1000,12000,recorded,whole effective output matrix norm; repeated across branch rows,"equal-weight summaries of recorded source-training batch statistics; changing models, not frozen population estimates",/tmp/p01-d1-20260919-1irHPs/artifacts/d1_pu_20260919/core/UO/seed_123/training_features.csv
UO,456,core,reference,36,108,mean_scaled_squared_norm,scaled feature units squared,0.030009630120825023,0.026062960736453533,1000,0,1000,12000,recorded,recorded within-batch mean of ||z/sqrt(d)||^2,"equal-weight summaries of recorded source-training batch statistics; changing models, not frozen population estimates",/tmp/p01-d1-20260919-1irHPs/artifacts/d1_pu_20260919/core/UO/seed_456/training_features.csv
UO,456,core,reference,36,108,mean_unscaled_squared_norm,native feature units squared,1.0803466843497007,0.9382665865123272,1000,0,1000,12000,recorded,d times recorded mean_scaled_squared_norm,"equal-weight summaries of recorded source-training batch statistics; changing models, not frozen population estimates",/tmp/p01-d1-20260919-1irHPs/artifacts/d1_pu_20260919/core/UO/seed_456/training_features.csv
UO,456,core,reference,36,108,median_scaled_norm,scaled feature units,0.11721337546408177,0.11299493163824081,1000,0,1000,12000,recorded,recorded within-batch median of ||z/sqrt(d)||; not pooled-window median,"equal-weight summaries of recorded source-training batch statistics; changing models, not frozen population estimates",/tmp/p01-d1-20260919-1irHPs/artifacts/d1_pu_20260919/core/UO/seed_456/training_features.csv
UO,456,core,reference,36,108,median_unscaled_norm,native feature units,0.7032802527844906,0.6779695898294449,1000,0,1000,12000,recorded,sqrt(d) times recorded median_scaled_norm; not pooled-window median,"equal-weight summaries of recorded source-training batch statistics; changing models, not frozen population estimates",/tmp/p01-d1-20260919-1irHPs/artifacts/d1_pu_20260919/core/UO/seed_456/training_features.csv
UO,456,core,reference,36,108,input_weight_gradient_norm,loss per native parameter coordinate,0.05803991249762475,0.05301670916378498,1000,0,1000,12000,recorded,raw first-readout parameter gradient Frobenius norm; MLP input-column block,"equal-weight summaries of recorded source-training batch statistics; changing models, not frozen population estimates",/tmp/p01-d1-20260919-1irHPs/artifacts/d1_pu_20260919/core/UO/seed_456/training_features.csv
UO,456,core,reference,36,108,raw_input_weight_norm,native weight coordinates,1.7742616276592016,1.8729082345962524,1000,0,1000,12000,recorded,raw first-readout input-column-block Frobenius norm,"equal-weight summaries of recorded source-training batch statistics; changing models, not frozen population estimates",/tmp/p01-d1-20260919-1irHPs/artifacts/d1_pu_20260919/core/UO/seed_456/training_features.csv
UO,456,core,reference,36,108,effective_input_weight_norm,native weight coordinates,1.7742616276592016,1.8729082345962524,1000,0,1000,12000,recorded,effective capped first-readout input-column-block Frobenius norm,"equal-weight summaries of recorded source-training batch statistics; changing models, not frozen population estimates",/tmp/p01-d1-20260919-1irHPs/artifacts/d1_pu_20260919/core/UO/seed_456/training_features.csv
UO,456,core,reference,36,108,effective_output_weight_norm,native weight coordinates,2.231969891101122,2.345770478248596,1000,0,1000,12000,recorded,whole effective output matrix norm; repeated across branch rows,"equal-weight summaries of recorded source-training batch statistics; changing models, not frozen population estimates",/tmp/p01-d1-20260919-1irHPs/artifacts/d1_pu_20260919/core/UO/seed_456/training_features.csv
UO,456,core,envelope,8,24,mean_scaled_squared_norm,scaled feature units squared,0.0013279023813374806,0.0011678009177558124,1000,0,1000,12000,recorded,recorded within-batch mean of ||z/sqrt(d)||^2,"equal-weight summaries of recorded source-training batch statistics; changing models, not frozen population estimates",/tmp/p01-d1-20260919-1irHPs/artifacts/d1_pu_20260919/core/UO/seed_456/training_features.csv
UO,456,core,envelope,8,24,mean_unscaled_squared_norm,native feature units squared,0.010623219050699845,0.0093424073420465,1000,0,1000,12000,recorded,d times recorded mean_scaled_squared_norm,"equal-weight summaries of recorded source-training batch statistics; changing models, not frozen population estimates",/tmp/p01-d1-20260919-1irHPs/artifacts/d1_pu_20260919/core/UO/seed_456/training_features.csv
UO,456,core,envelope,8,24,median_scaled_norm,scaled feature units,0.025688636808656157,0.02498599886894226,1000,0,1000,12000,recorded,recorded within-batch median of ||z/sqrt(d)||; not pooled-window median,"equal-weight summaries of recorded source-training batch statistics; changing models, not frozen population estimates",/tmp/p01-d1-20260919-1irHPs/artifacts/d1_pu_20260919/core/UO/seed_456/training_features.csv
UO,456,core,envelope,8,24,median_unscaled_norm,native feature units,0.07265843714735648,0.07067107693979391,1000,0,1000,12000,recorded,sqrt(d) times recorded median_scaled_norm; not pooled-window median,"equal-weight summaries of recorded source-training batch statistics; changing models, not frozen population estimates",/tmp/p01-d1-20260919-1irHPs/artifacts/d1_pu_20260919/core/UO/seed_456/training_features.csv
UO,456,core,envelope,8,24,input_weight_gradient_norm,loss per native parameter coordinate,0.010999584312434309,0.009753312449902296,1000,0,1000,12000,recorded,raw first-readout parameter gradient Frobenius norm; MLP input-column block,"equal-weight summaries of recorded source-training batch statistics; changing models, not frozen population estimates",/tmp/p01-d1-20260919-1irHPs/artifacts/d1_pu_20260919/core/UO/seed_456/training_features.csv
UO,456,core,envelope,8,24,raw_input_weight_norm,native weight coordinates,0.6520959696359933,0.6719582676887512,1000,0,1000,12000,recorded,raw first-readout input-column-block Frobenius norm,"equal-weight summaries of recorded source-training batch statistics; changing models, not frozen population estimates",/tmp/p01-d1-20260919-1irHPs/artifacts/d1_pu_20260919/core/UO/seed_456/training_features.csv
UO,456,core,envelope,8,24,effective_input_weight_norm,native weight coordinates,0.6520959696359933,0.6719582676887512,1000,0,1000,12000,recorded,effective capped first-readout input-column-block Frobenius norm,"equal-weight summaries of recorded source-training batch statistics; changing models, not frozen population estimates",/tmp/p01-d1-20260919-1irHPs/artifacts/d1_pu_20260919/core/UO/seed_456/training_features.csv
UO,456,core,envelope,8,24,effective_output_weight_norm,native weight coordinates,2.231969891101122,2.345770478248596,1000,0,1000,12000,recorded,whole effective output matrix norm; repeated across branch rows,"equal-weight summaries of recorded source-training batch statistics; changing models, not frozen population estimates",/tmp/p01-d1-20260919-1irHPs/artifacts/d1_pu_20260919/core/UO/seed_456/training_features.csv
UO,456,core,stft_short,64,192,mean_scaled_squared_norm,scaled feature units squared,10.545582866191864,10.606196403503418,1000,0,1000,12000,recorded,recorded within-batch mean of ||z/sqrt(d)||^2,"equal-weight summaries of recorded source-training batch statistics; changing models, not frozen population estimates",/tmp/p01-d1-20260919-1irHPs/artifacts/d1_pu_20260919/core/UO/seed_456/training_features.csv
UO,456,core,stft_short,64,192,mean_unscaled_squared_norm,native feature units squared,674.9173034362793,678.7965698242188,1000,0,1000,12000,recorded,d times recorded mean_scaled_squared_norm,"equal-weight summaries of recorded source-training batch statistics; changing models, not frozen population estimates",/tmp/p01-d1-20260919-1irHPs/artifacts/d1_pu_20260919/core/UO/seed_456/training_features.csv
UO,456,core,stft_short,64,192,median_scaled_norm,scaled feature units,3.2999038174152373,3.3138458728790283,1000,0,1000,12000,recorded,recorded within-batch median of ||z/sqrt(d)||; not pooled-window median,"equal-weight summaries of recorded source-training batch statistics; changing models, not frozen population estimates",/tmp/p01-d1-20260919-1irHPs/artifacts/d1_pu_20260919/core/UO/seed_456/training_features.csv
UO,456,core,stft_short,64,192,median_unscaled_norm,native feature units,26.3992305393219,26.510766983032227,1000,0,1000,12000,recorded,sqrt(d) times recorded median_scaled_norm; not pooled-window median,"equal-weight summaries of recorded source-training batch statistics; changing models, not frozen population estimates",/tmp/p01-d1-20260919-1irHPs/artifacts/d1_pu_20260919/core/UO/seed_456/training_features.csv
UO,456,core,stft_short,64,192,input_weight_gradient_norm,loss per native parameter coordinate,1.257430898323655,1.155072271823883,1000,0,1000,12000,recorded,raw first-readout parameter gradient Frobenius norm; MLP input-column block,"equal-weight summaries of recorded source-training batch statistics; changing models, not frozen population estimates",/tmp/p01-d1-20260919-1irHPs/artifacts/d1_pu_20260919/core/UO/seed_456/training_features.csv
UO,456,core,stft_short,64,192,raw_input_weight_norm,native weight coordinates,0.5506041964441538,0.5786594152450562,1000,0,1000,12000,recorded,raw first-readout input-column-block Frobenius norm,"equal-weight summaries of recorded source-training batch statistics; changing models, not frozen population estimates",/tmp/p01-d1-20260919-1irHPs/artifacts/d1_pu_20260919/core/UO/seed_456/training_features.csv
UO,456,core,stft_short,64,192,effective_input_weight_norm,native weight coordinates,0.5506041964441538,0.5786594152450562,1000,0,1000,12000,recorded,effective capped first-readout input-column-block Frobenius norm,"equal-weight summaries of recorded source-training batch statistics; changing models, not frozen population estimates",/tmp/p01-d1-20260919-1irHPs/artifacts/d1_pu_20260919/core/UO/seed_456/training_features.csv
UO,456,core,stft_short,64,192,effective_output_weight_norm,native weight coordinates,2.231969891101122,2.345770478248596,1000,0,1000,12000,recorded,whole effective output matrix norm; repeated across branch rows,"equal-weight summaries of recorded source-training batch statistics; changing models, not frozen population estimates",/tmp/p01-d1-20260919-1irHPs/artifacts/d1_pu_20260919/core/UO/seed_456/training_features.csv
UO,456,core,morlet,32,96,mean_scaled_squared_norm,scaled feature units squared,7.51446157503128,7.515413999557495,1000,0,1000,12000,recorded,recorded within-batch mean of ||z/sqrt(d)||^2,"equal-weight summaries of recorded source-training batch statistics; changing models, not frozen population estimates",/tmp/p01-d1-20260919-1irHPs/artifacts/d1_pu_20260919/core/UO/seed_456/training_features.csv
UO,456,core,morlet,32,96,mean_unscaled_squared_norm,native feature units squared,240.46277040100097,240.49324798583984,1000,0,1000,12000,recorded,d times recorded mean_scaled_squared_norm,"equal-weight summaries of recorded source-training batch statistics; changing models, not frozen population estimates",/tmp/p01-d1-20260919-1irHPs/artifacts/d1_pu_20260919/core/UO/seed_456/training_features.csv
UO,456,core,morlet,32,96,median_scaled_norm,scaled feature units,2.762979283094406,2.788295030593872,1000,0,1000,12000,recorded,recorded within-batch median of ||z/sqrt(d)||; not pooled-window median,"equal-weight summaries of recorded source-training batch statistics; changing models, not frozen population estimates",/tmp/p01-d1-20260919-1irHPs/artifacts/d1_pu_20260919/core/UO/seed_456/training_features.csv
UO,456,core,morlet,32,96,median_unscaled_norm,native feature units,15.629771098832004,15.772978592653432,1000,0,1000,12000,recorded,sqrt(d) times recorded median_scaled_norm; not pooled-window median,"equal-weight summaries of recorded source-training batch statistics; changing models, not frozen population estimates",/tmp/p01-d1-20260919-1irHPs/artifacts/d1_pu_20260919/core/UO/seed_456/training_features.csv
UO,456,core,morlet,32,96,input_weight_gradient_norm,loss per native parameter coordinate,1.0873515465855599,1.0159634351730347,1000,0,1000,12000,recorded,raw first-readout parameter gradient Frobenius norm; MLP input-column block,"equal-weight summaries of recorded source-training batch statistics; changing models, not frozen population estimates",/tmp/p01-d1-20260919-1irHPs/artifacts/d1_pu_20260919/core/UO/seed_456/training_features.csv
UO,456,core,morlet,32,96,raw_input_weight_norm,native weight coordinates,0.39698938170820475,0.4151672273874283,1000,0,1000,12000,recorded,raw first-readout input-column-block Frobenius norm,"equal-weight summaries of recorded source-training batch statistics; changing models, not frozen population estimates",/tmp/p01-d1-20260919-1irHPs/artifacts/d1_pu_20260919/core/UO/seed_456/training_features.csv
UO,456,core,morlet,32,96,effective_input_weight_norm,native weight coordinates,0.39698938170820475,0.4151672273874283,1000,0,1000,12000,recorded,effective capped first-readout input-column-block Frobenius norm,"equal-weight summaries of recorded source-training batch statistics; changing models, not frozen population estimates",/tmp/p01-d1-20260919-1irHPs/artifacts/d1_pu_20260919/core/UO/seed_456/training_features.csv
UO,456,core,morlet,32,96,effective_output_weight_norm,native weight coordinates,2.231969891101122,2.345770478248596,1000,0,1000,12000,recorded,whole effective output matrix norm; repeated across branch rows,"equal-weight summaries of recorded source-training batch statistics; changing models, not frozen population estimates",/tmp/p01-d1-20260919-1irHPs/artifacts/d1_pu_20260919/core/UO/seed_456/training_features.csv
UO,456,core,stft_long,64,192,mean_scaled_squared_norm,scaled feature units squared,9.718222174167632,9.764437675476074,1000,0,1000,12000,recorded,recorded within-batch mean of ||z/sqrt(d)||^2,"equal-weight summaries of recorded source-training batch statistics; changing models, not frozen population estimates",/tmp/p01-d1-20260919-1irHPs/artifacts/d1_pu_20260919/core/UO/seed_456/training_features.csv
UO,456,core,stft_long,64,192,mean_unscaled_squared_norm,native feature units squared,621.9662191467285,624.9240112304688,1000,0,1000,12000,recorded,d times recorded mean_scaled_squared_norm,"equal-weight summaries of recorded source-training batch statistics; changing models, not frozen population estimates",/tmp/p01-d1-20260919-1irHPs/artifacts/d1_pu_20260919/core/UO/seed_456/training_features.csv
UO,456,core,stft_long,64,192,median_scaled_norm,scaled feature units,3.1746686124801635,3.1944687366485596,1000,0,1000,12000,recorded,recorded within-batch median of ||z/sqrt(d)||; not pooled-window median,"equal-weight summaries of recorded source-training batch statistics; changing models, not frozen population estimates",/tmp/p01-d1-20260919-1irHPs/artifacts/d1_pu_20260919/core/UO/seed_456/training_features.csv
UO,456,core,stft_long,64,192,median_unscaled_norm,native feature units,25.397348899841308,25.555749893188477,1000,0,1000,12000,recorded,sqrt(d) times recorded median_scaled_norm; not pooled-window median,"equal-weight summaries of recorded source-training batch statistics; changing models, not frozen population estimates",/tmp/p01-d1-20260919-1irHPs/artifacts/d1_pu_20260919/core/UO/seed_456/training_features.csv
UO,456,core,stft_long,64,192,input_weight_gradient_norm,loss per native parameter coordinate,1.206768595173955,1.1145487427711487,1000,0,1000,12000,recorded,raw first-readout parameter gradient Frobenius norm; MLP input-column block,"equal-weight summaries of recorded source-training batch statistics; changing models, not frozen population estimates",/tmp/p01-d1-20260919-1irHPs/artifacts/d1_pu_20260919/core/UO/seed_456/training_features.csv
UO,456,core,stft_long,64,192,raw_input_weight_norm,native weight coordinates,0.5852618575394154,0.6186389923095703,1000,0,1000,12000,recorded,raw first-readout input-column-block Frobenius norm,"equal-weight summaries of recorded source-training batch statistics; changing models, not frozen population estimates",/tmp/p01-d1-20260919-1irHPs/artifacts/d1_pu_20260919/core/UO/seed_456/training_features.csv
UO,456,core,stft_long,64,192,effective_input_weight_norm,native weight coordinates,0.5852618575394154,0.6186389923095703,1000,0,1000,12000,recorded,effective capped first-readout input-column-block Frobenius norm,"equal-weight summaries of recorded source-training batch statistics; changing models, not frozen population estimates",/tmp/p01-d1-20260919-1irHPs/artifacts/d1_pu_20260919/core/UO/seed_456/training_features.csv
UO,456,core,stft_long,64,192,effective_output_weight_norm,native weight coordinates,2.231969891101122,2.345770478248596,1000,0,1000,12000,recorded,whole effective output matrix norm; repeated across branch rows,"equal-weight summaries of recorded source-training batch statistics; changing models, not frozen population estimates",/tmp/p01-d1-20260919-1irHPs/artifacts/d1_pu_20260919/core/UO/seed_456/training_features.csv
UO,456,core,mexican_hat,32,96,mean_scaled_squared_norm,scaled feature units squared,5.904858740329742,5.879918575286865,1000,0,1000,12000,recorded,recorded within-batch mean of ||z/sqrt(d)||^2,"equal-weight summaries of recorded source-training batch statistics; changing models, not frozen population estimates",/tmp/p01-d1-20260919-1irHPs/artifacts/d1_pu_20260919/core/UO/seed_456/training_features.csv
UO,456,core,mexican_hat,32,96,mean_unscaled_squared_norm,native feature units squared,188.95547969055175,188.1573944091797,1000,0,1000,12000,recorded,d times recorded mean_scaled_squared_norm,"equal-weight summaries of recorded source-training batch statistics; changing models, not frozen population estimates",/tmp/p01-d1-20260919-1irHPs/artifacts/d1_pu_20260919/core/UO/seed_456/training_features.csv
UO,456,core,mexican_hat,32,96,median_scaled_norm,scaled feature units,2.423607229709625,2.431917905807495,1000,0,1000,12000,recorded,recorded within-batch median of ||z/sqrt(d)||; not pooled-window median,"equal-weight summaries of recorded source-training batch statistics; changing models, not frozen population estimates",/tmp/p01-d1-20260919-1irHPs/artifacts/d1_pu_20260919/core/UO/seed_456/training_features.csv
UO,456,core,mexican_hat,32,96,median_unscaled_norm,native feature units,13.70999285648335,13.75700513988374,1000,0,1000,12000,recorded,sqrt(d) times recorded median_scaled_norm; not pooled-window median,"equal-weight summaries of recorded source-training batch statistics; changing models, not frozen population estimates",/tmp/p01-d1-20260919-1irHPs/artifacts/d1_pu_20260919/core/UO/seed_456/training_features.csv
UO,456,core,mexican_hat,32,96,input_weight_gradient_norm,loss per native parameter coordinate,0.9576211195290089,0.8959035575389862,1000,0,1000,12000,recorded,raw first-readout parameter gradient Frobenius norm; MLP input-column block,"equal-weight summaries of recorded source-training batch statistics; changing models, not frozen population estimates",/tmp/p01-d1-20260919-1irHPs/artifacts/d1_pu_20260919/core/UO/seed_456/training_features.csv
UO,456,core,mexican_hat,32,96,raw_input_weight_norm,native weight coordinates,0.4077167239189148,0.4273262023925781,1000,0,1000,12000,recorded,raw first-readout input-column-block Frobenius norm,"equal-weight summaries of recorded source-training batch statistics; changing models, not frozen population estimates",/tmp/p01-d1-20260919-1irHPs/artifacts/d1_pu_20260919/core/UO/seed_456/training_features.csv
UO,456,core,mexican_hat,32,96,effective_input_weight_norm,native weight coordinates,0.4077167239189148,0.4273262023925781,1000,0,1000,12000,recorded,effective capped first-readout input-column-block Frobenius norm,"equal-weight summaries of recorded source-training batch statistics; changing models, not frozen population estimates",/tmp/p01-d1-20260919-1irHPs/artifacts/d1_pu_20260919/core/UO/seed_456/training_features.csv
UO,456,core,mexican_hat,32,96,effective_output_weight_norm,native weight coordinates,2.231969891101122,2.345770478248596,1000,0,1000,12000,recorded,whole effective output matrix norm; repeated across branch rows,"equal-weight summaries of recorded source-training batch statistics; changing models, not frozen population estimates",/tmp/p01-d1-20260919-1irHPs/artifacts/d1_pu_20260919/core/UO/seed_456/training_features.csv
UO,456,core,stockwell,40,120,mean_scaled_squared_norm,scaled feature units squared,17.49892141056061,17.514970779418945,1000,0,1000,12000,recorded,recorded within-batch mean of ||z/sqrt(d)||^2,"equal-weight summaries of recorded source-training batch statistics; changing models, not frozen population estimates",/tmp/p01-d1-20260919-1irHPs/artifacts/d1_pu_20260919/core/UO/seed_456/training_features.csv
UO,456,core,stockwell,40,120,mean_unscaled_squared_norm,native feature units squared,699.9568564224243,700.5988311767578,1000,0,1000,12000,recorded,d times recorded mean_scaled_squared_norm,"equal-weight summaries of recorded source-training batch statistics; changing models, not frozen population estimates",/tmp/p01-d1-20260919-1irHPs/artifacts/d1_pu_20260919/core/UO/seed_456/training_features.csv
UO,456,core,stockwell,40,120,median_scaled_norm,scaled feature units,4.2157636108398435,4.239803314208984,1000,0,1000,12000,recorded,recorded within-batch median of ||z/sqrt(d)||; not pooled-window median,"equal-weight summaries of recorded source-training batch statistics; changing models, not frozen population estimates",/tmp/p01-d1-20260919-1irHPs/artifacts/d1_pu_20260919/core/UO/seed_456/training_features.csv
UO,456,core,stockwell,40,120,median_unscaled_norm,native feature units,26.66283017421924,26.814870608061856,1000,0,1000,12000,recorded,sqrt(d) times recorded median_scaled_norm; not pooled-window median,"equal-weight summaries of recorded source-training batch statistics; changing models, not frozen population estimates",/tmp/p01-d1-20260919-1irHPs/artifacts/d1_pu_20260919/core/UO/seed_456/training_features.csv
UO,456,core,stockwell,40,120,input_weight_gradient_norm,loss per native parameter coordinate,1.6266735528856515,1.5075278878211975,1000,0,1000,12000,recorded,raw first-readout parameter gradient Frobenius norm; MLP input-column block,"equal-weight summaries of recorded source-training batch statistics; changing models, not frozen population estimates",/tmp/p01-d1-20260919-1irHPs/artifacts/d1_pu_20260919/core/UO/seed_456/training_features.csv
UO,456,core,stockwell,40,120,raw_input_weight_norm,native weight coordinates,0.547769300878048,0.5790132880210876,1000,0,1000,12000,recorded,raw first-readout input-column-block Frobenius norm,"equal-weight summaries of recorded source-training batch statistics; changing models, not frozen population estimates",/tmp/p01-d1-20260919-1irHPs/artifacts/d1_pu_20260919/core/UO/seed_456/training_features.csv
UO,456,core,stockwell,40,120,effective_input_weight_norm,native weight coordinates,0.547769300878048,0.5790132880210876,1000,0,1000,12000,recorded,effective capped first-readout input-column-block Frobenius norm,"equal-weight summaries of recorded source-training batch statistics; changing models, not frozen population estimates",/tmp/p01-d1-20260919-1irHPs/artifacts/d1_pu_20260919/core/UO/seed_456/training_features.csv
UO,456,core,stockwell,40,120,effective_output_weight_norm,native weight coordinates,2.231969891101122,2.345770478248596,1000,0,1000,12000,recorded,whole effective output matrix norm; repeated across branch rows,"equal-weight summaries of recorded source-training batch statistics; changing models, not frozen population estimates",/tmp/p01-d1-20260919-1irHPs/artifacts/d1_pu_20260919/core/UO/seed_456/training_features.csv
UO,456,core,chirplet_up,32,96,mean_scaled_squared_norm,scaled feature units squared,10.058592104434966,10.171391010284424,1000,0,1000,12000,recorded,recorded within-batch mean of ||z/sqrt(d)||^2,"equal-weight summaries of recorded source-training batch statistics; changing models, not frozen population estimates",/tmp/p01-d1-20260919-1irHPs/artifacts/d1_pu_20260919/core/UO/seed_456/training_features.csv
UO,456,core,chirplet_up,32,96,mean_unscaled_squared_norm,native feature units squared,321.8749473419189,325.48451232910156,1000,0,1000,12000,recorded,d times recorded mean_scaled_squared_norm,"equal-weight summaries of recorded source-training batch statistics; changing models, not frozen population estimates",/tmp/p01-d1-20260919-1irHPs/artifacts/d1_pu_20260919/core/UO/seed_456/training_features.csv
UO,456,core,chirplet_up,32,96,median_scaled_norm,scaled feature units,3.212341843366623,3.2127840518951416,1000,0,1000,12000,recorded,recorded within-batch median of ||z/sqrt(d)||; not pooled-window median,"equal-weight summaries of recorded source-training batch statistics; changing models, not frozen population estimates",/tmp/p01-d1-20260919-1irHPs/artifacts/d1_pu_20260919/core/UO/seed_456/training_features.csv
UO,456,core,chirplet_up,32,96,median_unscaled_norm,native feature units,18.17174960747067,18.17425111666438,1000,0,1000,12000,recorded,sqrt(d) times recorded median_scaled_norm; not pooled-window median,"equal-weight summaries of recorded source-training batch statistics; changing models, not frozen population estimates",/tmp/p01-d1-20260919-1irHPs/artifacts/d1_pu_20260919/core/UO/seed_456/training_features.csv
UO,456,core,chirplet_up,32,96,input_weight_gradient_norm,loss per native parameter coordinate,1.2356580198258162,1.1393823027610779,1000,0,1000,12000,recorded,raw first-readout parameter gradient Frobenius norm; MLP input-column block,"equal-weight summaries of recorded source-training batch statistics; changing models, not frozen population estimates",/tmp/p01-d1-20260919-1irHPs/artifacts/d1_pu_20260919/core/UO/seed_456/training_features.csv
UO,456,core,chirplet_up,32,96,raw_input_weight_norm,native weight coordinates,0.34860134328901765,0.36815255880355835,1000,0,1000,12000,recorded,raw first-readout input-column-block Frobenius norm,"equal-weight summaries of recorded source-training batch statistics; changing models, not frozen population estimates",/tmp/p01-d1-20260919-1irHPs/artifacts/d1_pu_20260919/core/UO/seed_456/training_features.csv
UO,456,core,chirplet_up,32,96,effective_input_weight_norm,native weight coordinates,0.34860134328901765,0.36815255880355835,1000,0,1000,12000,recorded,effective capped first-readout input-column-block Frobenius norm,"equal-weight summaries of recorded source-training batch statistics; changing models, not frozen population estimates",/tmp/p01-d1-20260919-1irHPs/artifacts/d1_pu_20260919/core/UO/seed_456/training_features.csv
UO,456,core,chirplet_up,32,96,effective_output_weight_norm,native weight coordinates,2.231969891101122,2.345770478248596,1000,0,1000,12000,recorded,whole effective output matrix norm; repeated across branch rows,"equal-weight summaries of recorded source-training batch statistics; changing models, not frozen population estimates",/tmp/p01-d1-20260919-1irHPs/artifacts/d1_pu_20260919/core/UO/seed_456/training_features.csv
RO,42,core,reference,36,108,mean_scaled_squared_norm,scaled feature units squared,0.029869498625397683,0.026306435465812683,1000,0,1000,12000,recorded,recorded within-batch mean of ||z/sqrt(d)||^2,"equal-weight summaries of recorded source-training batch statistics; changing models, not frozen population estimates",/tmp/p01-d1-20260919-1irHPs/artifacts/d1_pu_20260919/core/RO/seed_42/training_features.csv
RO,42,core,reference,36,108,mean_unscaled_squared_norm,native feature units squared,1.0753019505143167,0.9470316767692566,1000,0,1000,12000,recorded,d times recorded mean_scaled_squared_norm,"equal-weight summaries of recorded source-training batch statistics; changing models, not frozen population estimates",/tmp/p01-d1-20260919-1irHPs/artifacts/d1_pu_20260919/core/RO/seed_42/training_features.csv
RO,42,core,reference,36,108,median_scaled_norm,scaled feature units,0.11706644240021706,0.11272041499614716,1000,0,1000,12000,recorded,recorded within-batch median of ||z/sqrt(d)||; not pooled-window median,"equal-weight summaries of recorded source-training batch statistics; changing models, not frozen population estimates",/tmp/p01-d1-20260919-1irHPs/artifacts/d1_pu_20260919/core/RO/seed_42/training_features.csv
RO,42,core,reference,36,108,median_unscaled_norm,native feature units,0.7023986544013023,0.6763224899768829,1000,0,1000,12000,recorded,sqrt(d) times recorded median_scaled_norm; not pooled-window median,"equal-weight summaries of recorded source-training batch statistics; changing models, not frozen population estimates",/tmp/p01-d1-20260919-1irHPs/artifacts/d1_pu_20260919/core/RO/seed_42/training_features.csv
RO,42,core,reference,36,108,input_weight_gradient_norm,loss per native parameter coordinate,0.060198326501064,0.0533851757645607,1000,0,1000,12000,recorded,raw first-readout parameter gradient Frobenius norm; MLP input-column block,"equal-weight summaries of recorded source-training batch statistics; changing models, not frozen population estimates",/tmp/p01-d1-20260919-1irHPs/artifacts/d1_pu_20260919/core/RO/seed_42/training_features.csv
RO,42,core,reference,36,108,raw_input_weight_norm,native weight coordinates,1.922245230689645,2.0443992614746094,1000,0,1000,12000,recorded,raw first-readout input-column-block Frobenius norm,"equal-weight summaries of recorded source-training batch statistics; changing models, not frozen population estimates",/tmp/p01-d1-20260919-1irHPs/artifacts/d1_pu_20260919/core/RO/seed_42/training_features.csv
RO,42,core,reference,36,108,effective_input_weight_norm,native weight coordinates,1.922245230689645,2.0443992614746094,1000,0,1000,12000,recorded,effective capped first-readout input-column-block Frobenius norm,"equal-weight summaries of recorded source-training batch statistics; changing models, not frozen population estimates",/tmp/p01-d1-20260919-1irHPs/artifacts/d1_pu_20260919/core/RO/seed_42/training_features.csv
RO,42,core,reference,36,108,effective_output_weight_norm,native weight coordinates,2.4641372526288032,2.608708620071411,1000,0,1000,12000,recorded,whole effective output matrix norm; repeated across branch rows,"equal-weight summaries of recorded source-training batch statistics; changing models, not frozen population estimates",/tmp/p01-d1-20260919-1irHPs/artifacts/d1_pu_20260919/core/RO/seed_42/training_features.csv
RO,42,core,envelope,8,24,mean_scaled_squared_norm,scaled feature units squared,0.0012858295045443812,0.0011735533480532467,1000,0,1000,12000,recorded,recorded within-batch mean of ||z/sqrt(d)||^2,"equal-weight summaries of recorded source-training batch statistics; changing models, not frozen population estimates",/tmp/p01-d1-20260919-1irHPs/artifacts/d1_pu_20260919/core/RO/seed_42/training_features.csv
RO,42,core,envelope,8,24,mean_unscaled_squared_norm,native feature units squared,0.01028663603635505,0.009388426784425974,1000,0,1000,12000,recorded,d times recorded mean_scaled_squared_norm,"equal-weight summaries of recorded source-training batch statistics; changing models, not frozen population estimates",/tmp/p01-d1-20260919-1irHPs/artifacts/d1_pu_20260919/core/RO/seed_42/training_features.csv
RO,42,core,envelope,8,24,median_scaled_norm,scaled feature units,0.025156816178932787,0.024186542257666588,1000,0,1000,12000,recorded,recorded within-batch median of ||z/sqrt(d)||; not pooled-window median,"equal-weight summaries of recorded source-training batch statistics; changing models, not frozen population estimates",/tmp/p01-d1-20260919-1irHPs/artifacts/d1_pu_20260919/core/RO/seed_42/training_features.csv
RO,42,core,envelope,8,24,median_unscaled_norm,native feature units,0.0711542212527473,0.06840987217540413,1000,0,1000,12000,recorded,sqrt(d) times recorded median_scaled_norm; not pooled-window median,"equal-weight summaries of recorded source-training batch statistics; changing models, not frozen population estimates",/tmp/p01-d1-20260919-1irHPs/artifacts/d1_pu_20260919/core/RO/seed_42/training_features.csv
RO,42,core,envelope,8,24,input_weight_gradient_norm,loss per native parameter coordinate,0.010779884280753322,0.009588736575096846,1000,0,1000,12000,recorded,raw first-readout parameter gradient Frobenius norm; MLP input-column block,"equal-weight summaries of recorded source-training batch statistics; changing models, not frozen population estimates",/tmp/p01-d1-20260919-1irHPs/artifacts/d1_pu_20260919/core/RO/seed_42/training_features.csv
RO,42,core,envelope,8,24,raw_input_weight_norm,native weight coordinates,0.7300183694586158,0.7566614747047424,1000,0,1000,12000,recorded,raw first-readout input-column-block Frobenius norm,"equal-weight summaries of recorded source-training batch statistics; changing models, not frozen population estimates",/tmp/p01-d1-20260919-1irHPs/artifacts/d1_pu_20260919/core/RO/seed_42/training_features.csv
RO,42,core,envelope,8,24,effective_input_weight_norm,native weight coordinates,0.7300183694586158,0.7566614747047424,1000,0,1000,12000,recorded,effective capped first-readout input-column-block Frobenius norm,"equal-weight summaries of recorded source-training batch statistics; changing models, not frozen population estimates",/tmp/p01-d1-20260919-1irHPs/artifacts/d1_pu_20260919/core/RO/seed_42/training_features.csv
RO,42,core,envelope,8,24,effective_output_weight_norm,native weight coordinates,2.4641372526288032,2.608708620071411,1000,0,1000,12000,recorded,whole effective output matrix norm; repeated across branch rows,"equal-weight summaries of recorded source-training batch statistics; changing models, not frozen population estimates",/tmp/p01-d1-20260919-1irHPs/artifacts/d1_pu_20260919/core/RO/seed_42/training_features.csv
RO,42,core,stft_short,64,192,mean_scaled_squared_norm,scaled feature units squared,10.55265917634964,10.658472537994385,1000,0,1000,12000,recorded,recorded within-batch mean of ||z/sqrt(d)||^2,"equal-weight summaries of recorded source-training batch statistics; changing models, not frozen population estimates",/tmp/p01-d1-20260919-1irHPs/artifacts/d1_pu_20260919/core/RO/seed_42/training_features.csv
RO,42,core,stft_short,64,192,mean_unscaled_squared_norm,native feature units squared,675.3701872863769,682.1422424316406,1000,0,1000,12000,recorded,d times recorded mean_scaled_squared_norm,"equal-weight summaries of recorded source-training batch statistics; changing models, not frozen population estimates",/tmp/p01-d1-20260919-1irHPs/artifacts/d1_pu_20260919/core/RO/seed_42/training_features.csv
RO,42,core,stft_short,64,192,median_scaled_norm,scaled feature units,3.3014803116321563,3.318260669708252,1000,0,1000,12000,recorded,recorded within-batch median of ||z/sqrt(d)||; not pooled-window median,"equal-weight summaries of recorded source-training batch statistics; changing models, not frozen population estimates",/tmp/p01-d1-20260919-1irHPs/artifacts/d1_pu_20260919/core/RO/seed_42/training_features.csv
RO,42,core,stft_short,64,192,median_unscaled_norm,native feature units,26.41184249305725,26.546085357666016,1000,0,1000,12000,recorded,sqrt(d) times recorded median_scaled_norm; not pooled-window median,"equal-weight summaries of recorded source-training batch statistics; changing models, not frozen population estimates",/tmp/p01-d1-20260919-1irHPs/artifacts/d1_pu_20260919/core/RO/seed_42/training_features.csv
RO,42,core,stft_short,64,192,input_weight_gradient_norm,loss per native parameter coordinate,1.2048023295551538,1.1153764128684998,1000,0,1000,12000,recorded,raw first-readout parameter gradient Frobenius norm; MLP input-column block,"equal-weight summaries of recorded source-training batch statistics; changing models, not frozen population estimates",/tmp/p01-d1-20260919-1irHPs/artifacts/d1_pu_20260919/core/RO/seed_42/training_features.csv
RO,42,core,stft_short,64,192,raw_input_weight_norm,native weight coordinates,0.6600113460272551,0.6991888284683228,1000,0,1000,12000,recorded,raw first-readout input-column-block Frobenius norm,"equal-weight summaries of recorded source-training batch statistics; changing models, not frozen population estimates",/tmp/p01-d1-20260919-1irHPs/artifacts/d1_pu_20260919/core/RO/seed_42/training_features.csv
RO,42,core,stft_short,64,192,effective_input_weight_norm,native weight coordinates,0.6600113460272551,0.6991888284683228,1000,0,1000,12000,recorded,effective capped first-readout input-column-block Frobenius norm,"equal-weight summaries of recorded source-training batch statistics; changing models, not frozen population estimates",/tmp/p01-d1-20260919-1irHPs/artifacts/d1_pu_20260919/core/RO/seed_42/training_features.csv
RO,42,core,stft_short,64,192,effective_output_weight_norm,native weight coordinates,2.4641372526288032,2.608708620071411,1000,0,1000,12000,recorded,whole effective output matrix norm; repeated across branch rows,"equal-weight summaries of recorded source-training batch statistics; changing models, not frozen population estimates",/tmp/p01-d1-20260919-1irHPs/artifacts/d1_pu_20260919/core/RO/seed_42/training_features.csv
RO,42,core,morlet,32,96,mean_scaled_squared_norm,scaled feature units squared,7.524210076808929,7.534460783004761,1000,0,1000,12000,recorded,recorded within-batch mean of ||z/sqrt(d)||^2,"equal-weight summaries of recorded source-training batch statistics; changing models, not frozen population estimates",/tmp/p01-d1-20260919-1irHPs/artifacts/d1_pu_20260919/core/RO/seed_42/training_features.csv
RO,42,core,morlet,32,96,mean_unscaled_squared_norm,native feature units squared,240.77472245788573,241.10274505615234,1000,0,1000,12000,recorded,d times recorded mean_scaled_squared_norm,"equal-weight summaries of recorded source-training batch statistics; changing models, not frozen population estimates",/tmp/p01-d1-20260919-1irHPs/artifacts/d1_pu_20260919/core/RO/seed_42/training_features.csv
RO,42,core,morlet,32,96,median_scaled_norm,scaled feature units,2.7696417315006254,2.7942055463790894,1000,0,1000,12000,recorded,recorded within-batch median of ||z/sqrt(d)||; not pooled-window median,"equal-weight summaries of recorded source-training batch statistics; changing models, not frozen population estimates",/tmp/p01-d1-20260919-1irHPs/artifacts/d1_pu_20260919/core/RO/seed_42/training_features.csv
RO,42,core,morlet,32,96,median_unscaled_norm,native feature units,15.66745959841075,15.806413518989732,1000,0,1000,12000,recorded,sqrt(d) times recorded median_scaled_norm; not pooled-window median,"equal-weight summaries of recorded source-training batch statistics; changing models, not frozen population estimates",/tmp/p01-d1-20260919-1irHPs/artifacts/d1_pu_20260919/core/RO/seed_42/training_features.csv
RO,42,core,morlet,32,96,input_weight_gradient_norm,loss per native parameter coordinate,1.0220423025488854,0.9531171023845673,1000,0,1000,12000,recorded,raw first-readout parameter gradient Frobenius norm; MLP input-column block,"equal-weight summaries of recorded source-training batch statistics; changing models, not frozen population estimates",/tmp/p01-d1-20260919-1irHPs/artifacts/d1_pu_20260919/core/RO/seed_42/training_features.csv
RO,42,core,morlet,32,96,raw_input_weight_norm,native weight coordinates,0.44276618318259714,0.46853141486644745,1000,0,1000,12000,recorded,raw first-readout input-column-block Frobenius norm,"equal-weight summaries of recorded source-training batch statistics; changing models, not frozen population estimates",/tmp/p01-d1-20260919-1irHPs/artifacts/d1_pu_20260919/core/RO/seed_42/training_features.csv
RO,42,core,morlet,32,96,effective_input_weight_norm,native weight coordinates,0.44276618318259714,0.46853141486644745,1000,0,1000,12000,recorded,effective capped first-readout input-column-block Frobenius norm,"equal-weight summaries of recorded source-training batch statistics; changing models, not frozen population estimates",/tmp/p01-d1-20260919-1irHPs/artifacts/d1_pu_20260919/core/RO/seed_42/training_features.csv
RO,42,core,morlet,32,96,effective_output_weight_norm,native weight coordinates,2.4641372526288032,2.608708620071411,1000,0,1000,12000,recorded,whole effective output matrix norm; repeated across branch rows,"equal-weight summaries of recorded source-training batch statistics; changing models, not frozen population estimates",/tmp/p01-d1-20260919-1irHPs/artifacts/d1_pu_20260919/core/RO/seed_42/training_features.csv
RO,42,core,stft_long,64,192,mean_scaled_squared_norm,scaled feature units squared,9.724477717399598,9.821154117584229,1000,0,1000,12000,recorded,recorded within-batch mean of ||z/sqrt(d)||^2,"equal-weight summaries of recorded source-training batch statistics; changing models, not frozen population estimates",/tmp/p01-d1-20260919-1irHPs/artifacts/d1_pu_20260919/core/RO/seed_42/training_features.csv
RO,42,core,stft_long,64,192,mean_unscaled_squared_norm,native feature units squared,622.3665739135743,628.5538635253906,1000,0,1000,12000,recorded,d times recorded mean_scaled_squared_norm,"equal-weight summaries of recorded source-training batch statistics; changing models, not frozen population estimates",/tmp/p01-d1-20260919-1irHPs/artifacts/d1_pu_20260919/core/RO/seed_42/training_features.csv
RO,42,core,stft_long,64,192,median_scaled_norm,scaled feature units,3.176227657556534,3.1979267597198486,1000,0,1000,12000,recorded,recorded within-batch median of ||z/sqrt(d)||; not pooled-window median,"equal-weight summaries of recorded source-training batch statistics; changing models, not frozen population estimates",/tmp/p01-d1-20260919-1irHPs/artifacts/d1_pu_20260919/core/RO/seed_42/training_features.csv
RO,42,core,stft_long,64,192,median_unscaled_norm,native feature units,25.409821260452272,25.58341407775879,1000,0,1000,12000,recorded,sqrt(d) times recorded median_scaled_norm; not pooled-window median,"equal-weight summaries of recorded source-training batch statistics; changing models, not frozen population estimates",/tmp/p01-d1-20260919-1irHPs/artifacts/d1_pu_20260919/core/RO/seed_42/training_features.csv
RO,42,core,stft_long,64,192,input_weight_gradient_norm,loss per native parameter coordinate,1.1597742993682623,1.0687430500984192,1000,0,1000,12000,recorded,raw first-readout parameter gradient Frobenius norm; MLP input-column block,"equal-weight summaries of recorded source-training batch statistics; changing models, not frozen population estimates",/tmp/p01-d1-20260919-1irHPs/artifacts/d1_pu_20260919/core/RO/seed_42/training_features.csv
RO,42,core,stft_long,64,192,raw_input_weight_norm,native weight coordinates,0.65123351316154,0.6904819905757904,1000,0,1000,12000,recorded,raw first-readout input-column-block Frobenius norm,"equal-weight summaries of recorded source-training batch statistics; changing models, not frozen population estimates",/tmp/p01-d1-20260919-1irHPs/artifacts/d1_pu_20260919/core/RO/seed_42/training_features.csv
RO,42,core,stft_long,64,192,effective_input_weight_norm,native weight coordinates,0.65123351316154,0.6904819905757904,1000,0,1000,12000,recorded,effective capped first-readout input-column-block Frobenius norm,"equal-weight summaries of recorded source-training batch statistics; changing models, not frozen population estimates",/tmp/p01-d1-20260919-1irHPs/artifacts/d1_pu_20260919/core/RO/seed_42/training_features.csv
RO,42,core,stft_long,64,192,effective_output_weight_norm,native weight coordinates,2.4641372526288032,2.608708620071411,1000,0,1000,12000,recorded,whole effective output matrix norm; repeated across branch rows,"equal-weight summaries of recorded source-training batch statistics; changing models, not frozen population estimates",/tmp/p01-d1-20260919-1irHPs/artifacts/d1_pu_20260919/core/RO/seed_42/training_features.csv
RO,42,core,mexican_hat,32,96,mean_scaled_squared_norm,scaled feature units squared,5.91907683467865,5.9220123291015625,1000,0,1000,12000,recorded,recorded within-batch mean of ||z/sqrt(d)||^2,"equal-weight summaries of recorded source-training batch statistics; changing models, not frozen population estimates",/tmp/p01-d1-20260919-1irHPs/artifacts/d1_pu_20260919/core/RO/seed_42/training_features.csv
RO,42,core,mexican_hat,32,96,mean_unscaled_squared_norm,native feature units squared,189.4104587097168,189.50439453125,1000,0,1000,12000,recorded,d times recorded mean_scaled_squared_norm,"equal-weight summaries of recorded source-training batch statistics; changing models, not frozen population estimates",/tmp/p01-d1-20260919-1irHPs/artifacts/d1_pu_20260919/core/RO/seed_42/training_features.csv
RO,42,core,mexican_hat,32,96,median_scaled_norm,scaled feature units,2.426838875770569,2.441170334815979,1000,0,1000,12000,recorded,recorded within-batch median of ||z/sqrt(d)||; not pooled-window median,"equal-weight summaries of recorded source-training batch statistics; changing models, not frozen population estimates",/tmp/p01-d1-20260919-1irHPs/artifacts/d1_pu_20260919/core/RO/seed_42/training_features.csv
RO,42,core,mexican_hat,32,96,median_unscaled_norm,native feature units,13.728273807236054,13.809344782238508,1000,0,1000,12000,recorded,sqrt(d) times recorded median_scaled_norm; not pooled-window median,"equal-weight summaries of recorded source-training batch statistics; changing models, not frozen population estimates",/tmp/p01-d1-20260919-1irHPs/artifacts/d1_pu_20260919/core/RO/seed_42/training_features.csv
RO,42,core,mexican_hat,32,96,input_weight_gradient_norm,loss per native parameter coordinate,0.8958520626351237,0.8360716700553894,1000,0,1000,12000,recorded,raw first-readout parameter gradient Frobenius norm; MLP input-column block,"equal-weight summaries of recorded source-training batch statistics; changing models, not frozen population estimates",/tmp/p01-d1-20260919-1irHPs/artifacts/d1_pu_20260919/core/RO/seed_42/training_features.csv
RO,42,core,mexican_hat,32,96,raw_input_weight_norm,native weight coordinates,0.4488750417754054,0.4766620993614197,1000,0,1000,12000,recorded,raw first-readout input-column-block Frobenius norm,"equal-weight summaries of recorded source-training batch statistics; changing models, not frozen population estimates",/tmp/p01-d1-20260919-1irHPs/artifacts/d1_pu_20260919/core/RO/seed_42/training_features.csv
RO,42,core,mexican_hat,32,96,effective_input_weight_norm,native weight coordinates,0.4488750417754054,0.4766620993614197,1000,0,1000,12000,recorded,effective capped first-readout input-column-block Frobenius norm,"equal-weight summaries of recorded source-training batch statistics; changing models, not frozen population estimates",/tmp/p01-d1-20260919-1irHPs/artifacts/d1_pu_20260919/core/RO/seed_42/training_features.csv
RO,42,core,mexican_hat,32,96,effective_output_weight_norm,native weight coordinates,2.4641372526288032,2.608708620071411,1000,0,1000,12000,recorded,whole effective output matrix norm; repeated across branch rows,"equal-weight summaries of recorded source-training batch statistics; changing models, not frozen population estimates",/tmp/p01-d1-20260919-1irHPs/artifacts/d1_pu_20260919/core/RO/seed_42/training_features.csv
RO,42,core,stockwell,40,120,mean_scaled_squared_norm,scaled feature units squared,17.509509525299073,17.533218383789062,1000,0,1000,12000,recorded,recorded within-batch mean of ||z/sqrt(d)||^2,"equal-weight summaries of recorded source-training batch statistics; changing models, not frozen population estimates",/tmp/p01-d1-20260919-1irHPs/artifacts/d1_pu_20260919/core/RO/seed_42/training_features.csv
RO,42,core,stockwell,40,120,mean_unscaled_squared_norm,native feature units squared,700.3803810119629,701.3287353515625,1000,0,1000,12000,recorded,d times recorded mean_scaled_squared_norm,"equal-weight summaries of recorded source-training batch statistics; changing models, not frozen population estimates",/tmp/p01-d1-20260919-1irHPs/artifacts/d1_pu_20260919/core/RO/seed_42/training_features.csv
RO,42,core,stockwell,40,120,median_scaled_norm,scaled feature units,4.219409244537354,4.241060495376587,1000,0,1000,12000,recorded,recorded within-batch median of ||z/sqrt(d)||; not pooled-window median,"equal-weight summaries of recorded source-training batch statistics; changing models, not frozen population estimates",/tmp/p01-d1-20260919-1irHPs/artifacts/d1_pu_20260919/core/RO/seed_42/training_features.csv
RO,42,core,stockwell,40,120,median_unscaled_norm,native feature units,26.685887186216824,26.82282171990404,1000,0,1000,12000,recorded,sqrt(d) times recorded median_scaled_norm; not pooled-window median,"equal-weight summaries of recorded source-training batch statistics; changing models, not frozen population estimates",/tmp/p01-d1-20260919-1irHPs/artifacts/d1_pu_20260919/core/RO/seed_42/training_features.csv
RO,42,core,stockwell,40,120,input_weight_gradient_norm,loss per native parameter coordinate,1.5366940826177597,1.4247910380363464,1000,0,1000,12000,recorded,raw first-readout parameter gradient Frobenius norm; MLP input-column block,"equal-weight summaries of recorded source-training batch statistics; changing models, not frozen population estimates",/tmp/p01-d1-20260919-1irHPs/artifacts/d1_pu_20260919/core/RO/seed_42/training_features.csv
RO,42,core,stockwell,40,120,raw_input_weight_norm,native weight coordinates,0.6204478239491582,0.6592147946357727,1000,0,1000,12000,recorded,raw first-readout input-column-block Frobenius norm,"equal-weight summaries of recorded source-training batch statistics; changing models, not frozen population estimates",/tmp/p01-d1-20260919-1irHPs/artifacts/d1_pu_20260919/core/RO/seed_42/training_features.csv
RO,42,core,stockwell,40,120,effective_input_weight_norm,native weight coordinates,0.6204478239491582,0.6592147946357727,1000,0,1000,12000,recorded,effective capped first-readout input-column-block Frobenius norm,"equal-weight summaries of recorded source-training batch statistics; changing models, not frozen population estimates",/tmp/p01-d1-20260919-1irHPs/artifacts/d1_pu_20260919/core/RO/seed_42/training_features.csv
RO,42,core,stockwell,40,120,effective_output_weight_norm,native weight coordinates,2.4641372526288032,2.608708620071411,1000,0,1000,12000,recorded,whole effective output matrix norm; repeated across branch rows,"equal-weight summaries of recorded source-training batch statistics; changing models, not frozen population estimates",/tmp/p01-d1-20260919-1irHPs/artifacts/d1_pu_20260919/core/RO/seed_42/training_features.csv
RO,42,core,chirplet_up,32,96,mean_scaled_squared_norm,scaled feature units squared,10.06796904373169,10.16788101196289,1000,0,1000,12000,recorded,recorded within-batch mean of ||z/sqrt(d)||^2,"equal-weight summaries of recorded source-training batch statistics; changing models, not frozen population estimates",/tmp/p01-d1-20260919-1irHPs/artifacts/d1_pu_20260919/core/RO/seed_42/training_features.csv
RO,42,core,chirplet_up,32,96,mean_unscaled_squared_norm,native feature units squared,322.1750093994141,325.3721923828125,1000,0,1000,12000,recorded,d times recorded mean_scaled_squared_norm,"equal-weight summaries of recorded source-training batch statistics; changing models, not frozen population estimates",/tmp/p01-d1-20260919-1irHPs/artifacts/d1_pu_20260919/core/RO/seed_42/training_features.csv
RO,42,core,chirplet_up,32,96,median_scaled_norm,scaled feature units,3.214127722263336,3.2149178981781006,1000,0,1000,12000,recorded,recorded within-batch median of ||z/sqrt(d)||; not pooled-window median,"equal-weight summaries of recorded source-training batch statistics; changing models, not frozen population estimates",/tmp/p01-d1-20260919-1irHPs/artifacts/d1_pu_20260919/core/RO/seed_42/training_features.csv
RO,42,core,chirplet_up,32,96,median_unscaled_norm,native feature units,18.18185206409662,18.1863219740779,1000,0,1000,12000,recorded,sqrt(d) times recorded median_scaled_norm; not pooled-window median,"equal-weight summaries of recorded source-training batch statistics; changing models, not frozen population estimates",/tmp/p01-d1-20260919-1irHPs/artifacts/d1_pu_20260919/core/RO/seed_42/training_features.csv
RO,42,core,chirplet_up,32,96,input_weight_gradient_norm,loss per native parameter coordinate,1.1764256333708762,1.0905911326408386,1000,0,1000,12000,recorded,raw first-readout parameter gradient Frobenius norm; MLP input-column block,"equal-weight summaries of recorded source-training batch statistics; changing models, not frozen population estimates",/tmp/p01-d1-20260919-1irHPs/artifacts/d1_pu_20260919/core/RO/seed_42/training_features.csv
RO,42,core,chirplet_up,32,96,raw_input_weight_norm,native weight coordinates,0.42961758802831174,0.4542396515607834,1000,0,1000,12000,recorded,raw first-readout input-column-block Frobenius norm,"equal-weight summaries of recorded source-training batch statistics; changing models, not frozen population estimates",/tmp/p01-d1-20260919-1irHPs/artifacts/d1_pu_20260919/core/RO/seed_42/training_features.csv
RO,42,core,chirplet_up,32,96,effective_input_weight_norm,native weight coordinates,0.42961758802831174,0.4542396515607834,1000,0,1000,12000,recorded,effective capped first-readout input-column-block Frobenius norm,"equal-weight summaries of recorded source-training batch statistics; changing models, not frozen population estimates",/tmp/p01-d1-20260919-1irHPs/artifacts/d1_pu_20260919/core/RO/seed_42/training_features.csv
RO,42,core,chirplet_up,32,96,effective_output_weight_norm,native weight coordinates,2.4641372526288032,2.608708620071411,1000,0,1000,12000,recorded,whole effective output matrix norm; repeated across branch rows,"equal-weight summaries of recorded source-training batch statistics; changing models, not frozen population estimates",/tmp/p01-d1-20260919-1irHPs/artifacts/d1_pu_20260919/core/RO/seed_42/training_features.csv
RO,123,core,reference,36,108,mean_scaled_squared_norm,scaled feature units squared,0.02910477677732706,0.024302472360432148,1000,0,1000,12000,recorded,recorded within-batch mean of ||z/sqrt(d)||^2,"equal-weight summaries of recorded source-training batch statistics; changing models, not frozen population estimates",/tmp/p01-d1-20260919-1irHPs/artifacts/d1_pu_20260919/core/RO/seed_123/training_features.csv
RO,123,core,reference,36,108,mean_unscaled_squared_norm,native feature units squared,1.0477719639837741,0.8748890049755573,1000,0,1000,12000,recorded,d times recorded mean_scaled_squared_norm,"equal-weight summaries of recorded source-training batch statistics; changing models, not frozen population estimates",/tmp/p01-d1-20260919-1irHPs/artifacts/d1_pu_20260919/core/RO/seed_123/training_features.csv
RO,123,core,reference,36,108,median_scaled_norm,scaled feature units,0.11672324199974538,0.11249158903956413,1000,0,1000,12000,recorded,recorded within-batch median of ||z/sqrt(d)||; not pooled-window median,"equal-weight summaries of recorded source-training batch statistics; changing models, not frozen population estimates",/tmp/p01-d1-20260919-1irHPs/artifacts/d1_pu_20260919/core/RO/seed_123/training_features.csv
RO,123,core,reference,36,108,median_unscaled_norm,native feature units,0.7003394519984723,0.6749495342373848,1000,0,1000,12000,recorded,sqrt(d) times recorded median_scaled_norm; not pooled-window median,"equal-weight summaries of recorded source-training batch statistics; changing models, not frozen population estimates",/tmp/p01-d1-20260919-1irHPs/artifacts/d1_pu_20260919/core/RO/seed_123/training_features.csv
RO,123,core,reference,36,108,input_weight_gradient_norm,loss per native parameter coordinate,0.059621333013288674,0.053323568776249886,1000,0,1000,12000,recorded,raw first-readout parameter gradient Frobenius norm; MLP input-column block,"equal-weight summaries of recorded source-training batch statistics; changing models, not frozen population estimates",/tmp/p01-d1-20260919-1irHPs/artifacts/d1_pu_20260919/core/RO/seed_123/training_features.csv
RO,123,core,reference,36,108,raw_input_weight_norm,native weight coordinates,1.9044253995791078,2.034312129020691,1000,0,1000,12000,recorded,raw first-readout input-column-block Frobenius norm,"equal-weight summaries of recorded source-training batch statistics; changing models, not frozen population estimates",/tmp/p01-d1-20260919-1irHPs/artifacts/d1_pu_20260919/core/RO/seed_123/training_features.csv
RO,123,core,reference,36,108,effective_input_weight_norm,native weight coordinates,1.9044253995791078,2.034312129020691,1000,0,1000,12000,recorded,effective capped first-readout input-column-block Frobenius norm,"equal-weight summaries of recorded source-training batch statistics; changing models, not frozen population estimates",/tmp/p01-d1-20260919-1irHPs/artifacts/d1_pu_20260919/core/RO/seed_123/training_features.csv
RO,123,core,reference,36,108,effective_output_weight_norm,native weight coordinates,2.425031001508236,2.5777748823165894,1000,0,1000,12000,recorded,whole effective output matrix norm; repeated across branch rows,"equal-weight summaries of recorded source-training batch statistics; changing models, not frozen population estimates",/tmp/p01-d1-20260919-1irHPs/artifacts/d1_pu_20260919/core/RO/seed_123/training_features.csv
RO,123,core,envelope,8,24,mean_scaled_squared_norm,scaled feature units squared,0.0012909098835370968,0.0011345858802087605,1000,0,1000,12000,recorded,recorded within-batch mean of ||z/sqrt(d)||^2,"equal-weight summaries of recorded source-training batch statistics; changing models, not frozen population estimates",/tmp/p01-d1-20260919-1irHPs/artifacts/d1_pu_20260919/core/RO/seed_123/training_features.csv
RO,123,core,envelope,8,24,mean_unscaled_squared_norm,native feature units squared,0.010327279068296774,0.009076687041670084,1000,0,1000,12000,recorded,d times recorded mean_scaled_squared_norm,"equal-weight summaries of recorded source-training batch statistics; changing models, not frozen population estimates",/tmp/p01-d1-20260919-1irHPs/artifacts/d1_pu_20260919/core/RO/seed_123/training_features.csv
RO,123,core,envelope,8,24,median_scaled_norm,scaled feature units,0.025541141360998155,0.02466605044901371,1000,0,1000,12000,recorded,recorded within-batch median of ||z/sqrt(d)||; not pooled-window median,"equal-weight summaries of recorded source-training batch statistics; changing models, not frozen population estimates",/tmp/p01-d1-20260919-1irHPs/artifacts/d1_pu_20260919/core/RO/seed_123/training_features.csv
RO,123,core,envelope,8,24,median_unscaled_norm,native feature units,0.07224125702242401,0.06976612615034833,1000,0,1000,12000,recorded,sqrt(d) times recorded median_scaled_norm; not pooled-window median,"equal-weight summaries of recorded source-training batch statistics; changing models, not frozen population estimates",/tmp/p01-d1-20260919-1irHPs/artifacts/d1_pu_20260919/core/RO/seed_123/training_features.csv
RO,123,core,envelope,8,24,input_weight_gradient_norm,loss per native parameter coordinate,0.010987687876215204,0.009921744000166655,1000,0,1000,12000,recorded,raw first-readout parameter gradient Frobenius norm; MLP input-column block,"equal-weight summaries of recorded source-training batch statistics; changing models, not frozen population estimates",/tmp/p01-d1-20260919-1irHPs/artifacts/d1_pu_20260919/core/RO/seed_123/training_features.csv
RO,123,core,envelope,8,24,raw_input_weight_norm,native weight coordinates,0.6844075586721301,0.7106764912605286,1000,0,1000,12000,recorded,raw first-readout input-column-block Frobenius norm,"equal-weight summaries of recorded source-training batch statistics; changing models, not frozen population estimates",/tmp/p01-d1-20260919-1irHPs/artifacts/d1_pu_20260919/core/RO/seed_123/training_features.csv
RO,123,core,envelope,8,24,effective_input_weight_norm,native weight coordinates,0.6844075586721301,0.7106764912605286,1000,0,1000,12000,recorded,effective capped first-readout input-column-block Frobenius norm,"equal-weight summaries of recorded source-training batch statistics; changing models, not frozen population estimates",/tmp/p01-d1-20260919-1irHPs/artifacts/d1_pu_20260919/core/RO/seed_123/training_features.csv
RO,123,core,envelope,8,24,effective_output_weight_norm,native weight coordinates,2.425031001508236,2.5777748823165894,1000,0,1000,12000,recorded,whole effective output matrix norm; repeated across branch rows,"equal-weight summaries of recorded source-training batch statistics; changing models, not frozen population estimates",/tmp/p01-d1-20260919-1irHPs/artifacts/d1_pu_20260919/core/RO/seed_123/training_features.csv
RO,123,core,stft_short,64,192,mean_scaled_squared_norm,scaled feature units squared,10.557001826286315,10.696016788482666,1000,0,1000,12000,recorded,recorded within-batch mean of ||z/sqrt(d)||^2,"equal-weight summaries of recorded source-training batch statistics; changing models, not frozen population estimates",/tmp/p01-d1-20260919-1irHPs/artifacts/d1_pu_20260919/core/RO/seed_123/training_features.csv
RO,123,core,stft_short,64,192,mean_unscaled_squared_norm,native feature units squared,675.6481168823242,684.5450744628906,1000,0,1000,12000,recorded,d times recorded mean_scaled_squared_norm,"equal-weight summaries of recorded source-training batch statistics; changing models, not frozen population estimates",/tmp/p01-d1-20260919-1irHPs/artifacts/d1_pu_20260919/core/RO/seed_123/training_features.csv
RO,123,core,stft_short,64,192,median_scaled_norm,scaled feature units,3.296707934856415,3.312204122543335,1000,0,1000,12000,recorded,recorded within-batch median of ||z/sqrt(d)||; not pooled-window median,"equal-weight summaries of recorded source-training batch statistics; changing models, not frozen population estimates",/tmp/p01-d1-20260919-1irHPs/artifacts/d1_pu_20260919/core/RO/seed_123/training_features.csv
RO,123,core,stft_short,64,192,median_unscaled_norm,native feature units,26.37366347885132,26.49763298034668,1000,0,1000,12000,recorded,sqrt(d) times recorded median_scaled_norm; not pooled-window median,"equal-weight summaries of recorded source-training batch statistics; changing models, not frozen population estimates",/tmp/p01-d1-20260919-1irHPs/artifacts/d1_pu_20260919/core/RO/seed_123/training_features.csv
RO,123,core,stft_short,64,192,input_weight_gradient_norm,loss per native parameter coordinate,1.2019738823473454,1.1101576685905457,1000,0,1000,12000,recorded,raw first-readout parameter gradient Frobenius norm; MLP input-column block,"equal-weight summaries of recorded source-training batch statistics; changing models, not frozen population estimates",/tmp/p01-d1-20260919-1irHPs/artifacts/d1_pu_20260919/core/RO/seed_123/training_features.csv
RO,123,core,stft_short,64,192,raw_input_weight_norm,native weight coordinates,0.6390787583142519,0.6773548424243927,1000,0,1000,12000,recorded,raw first-readout input-column-block Frobenius norm,"equal-weight summaries of recorded source-training batch statistics; changing models, not frozen population estimates",/tmp/p01-d1-20260919-1irHPs/artifacts/d1_pu_20260919/core/RO/seed_123/training_features.csv
RO,123,core,stft_short,64,192,effective_input_weight_norm,native weight coordinates,0.6390787583142519,0.6773548424243927,1000,0,1000,12000,recorded,effective capped first-readout input-column-block Frobenius norm,"equal-weight summaries of recorded source-training batch statistics; changing models, not frozen population estimates",/tmp/p01-d1-20260919-1irHPs/artifacts/d1_pu_20260919/core/RO/seed_123/training_features.csv
RO,123,core,stft_short,64,192,effective_output_weight_norm,native weight coordinates,2.425031001508236,2.5777748823165894,1000,0,1000,12000,recorded,whole effective output matrix norm; repeated across branch rows,"equal-weight summaries of recorded source-training batch statistics; changing models, not frozen population estimates",/tmp/p01-d1-20260919-1irHPs/artifacts/d1_pu_20260919/core/RO/seed_123/training_features.csv
RO,123,core,morlet,32,96,mean_scaled_squared_norm,scaled feature units squared,7.4996230082511905,7.552152156829834,1000,0,1000,12000,recorded,recorded within-batch mean of ||z/sqrt(d)||^2,"equal-weight summaries of recorded source-training batch statistics; changing models, not frozen population estimates",/tmp/p01-d1-20260919-1irHPs/artifacts/d1_pu_20260919/core/RO/seed_123/training_features.csv
RO,123,core,morlet,32,96,mean_unscaled_squared_norm,native feature units squared,239.9879362640381,241.6688690185547,1000,0,1000,12000,recorded,d times recorded mean_scaled_squared_norm,"equal-weight summaries of recorded source-training batch statistics; changing models, not frozen population estimates",/tmp/p01-d1-20260919-1irHPs/artifacts/d1_pu_20260919/core/RO/seed_123/training_features.csv
RO,123,core,morlet,32,96,median_scaled_norm,scaled feature units,2.7576455357074736,2.773860216140747,1000,0,1000,12000,recorded,recorded within-batch median of ||z/sqrt(d)||; not pooled-window median,"equal-weight summaries of recorded source-training batch statistics; changing models, not frozen population estimates",/tmp/p01-d1-20260919-1irHPs/artifacts/d1_pu_20260919/core/RO/seed_123/training_features.csv
RO,123,core,morlet,32,96,median_unscaled_norm,native feature units,15.599598867260514,15.691322951173639,1000,0,1000,12000,recorded,sqrt(d) times recorded median_scaled_norm; not pooled-window median,"equal-weight summaries of recorded source-training batch statistics; changing models, not frozen population estimates",/tmp/p01-d1-20260919-1irHPs/artifacts/d1_pu_20260919/core/RO/seed_123/training_features.csv
RO,123,core,morlet,32,96,input_weight_gradient_norm,loss per native parameter coordinate,1.0215045248791574,0.9544688761234283,1000,0,1000,12000,recorded,raw first-readout parameter gradient Frobenius norm; MLP input-column block,"equal-weight summaries of recorded source-training batch statistics; changing models, not frozen population estimates",/tmp/p01-d1-20260919-1irHPs/artifacts/d1_pu_20260919/core/RO/seed_123/training_features.csv
RO,123,core,morlet,32,96,raw_input_weight_norm,native weight coordinates,0.4347208464741707,0.4624321460723877,1000,0,1000,12000,recorded,raw first-readout input-column-block Frobenius norm,"equal-weight summaries of recorded source-training batch statistics; changing models, not frozen population estimates",/tmp/p01-d1-20260919-1irHPs/artifacts/d1_pu_20260919/core/RO/seed_123/training_features.csv
RO,123,core,morlet,32,96,effective_input_weight_norm,native weight coordinates,0.4347208464741707,0.4624321460723877,1000,0,1000,12000,recorded,effective capped first-readout input-column-block Frobenius norm,"equal-weight summaries of recorded source-training batch statistics; changing models, not frozen population estimates",/tmp/p01-d1-20260919-1irHPs/artifacts/d1_pu_20260919/core/RO/seed_123/training_features.csv
RO,123,core,morlet,32,96,effective_output_weight_norm,native weight coordinates,2.425031001508236,2.5777748823165894,1000,0,1000,12000,recorded,whole effective output matrix norm; repeated across branch rows,"equal-weight summaries of recorded source-training batch statistics; changing models, not frozen population estimates",/tmp/p01-d1-20260919-1irHPs/artifacts/d1_pu_20260919/core/RO/seed_123/training_features.csv
RO,123,core,stft_long,64,192,mean_scaled_squared_norm,scaled feature units squared,9.728675252914428,9.847698211669922,1000,0,1000,12000,recorded,recorded within-batch mean of ||z/sqrt(d)||^2,"equal-weight summaries of recorded source-training batch statistics; changing models, not frozen population estimates",/tmp/p01-d1-20260919-1irHPs/artifacts/d1_pu_20260919/core/RO/seed_123/training_features.csv
RO,123,core,stft_long,64,192,mean_unscaled_squared_norm,native feature units squared,622.6352161865234,630.252685546875,1000,0,1000,12000,recorded,d times recorded mean_scaled_squared_norm,"equal-weight summaries of recorded source-training batch statistics; changing models, not frozen population estimates",/tmp/p01-d1-20260919-1irHPs/artifacts/d1_pu_20260919/core/RO/seed_123/training_features.csv
RO,123,core,stft_long,64,192,median_scaled_norm,scaled feature units,3.171041420698166,3.1943639516830444,1000,0,1000,12000,recorded,recorded within-batch median of ||z/sqrt(d)||; not pooled-window median,"equal-weight summaries of recorded source-training batch statistics; changing models, not frozen population estimates",/tmp/p01-d1-20260919-1irHPs/artifacts/d1_pu_20260919/core/RO/seed_123/training_features.csv
RO,123,core,stft_long,64,192,median_unscaled_norm,native feature units,25.368331365585327,25.554911613464355,1000,0,1000,12000,recorded,sqrt(d) times recorded median_scaled_norm; not pooled-window median,"equal-weight summaries of recorded source-training batch statistics; changing models, not frozen population estimates",/tmp/p01-d1-20260919-1irHPs/artifacts/d1_pu_20260919/core/RO/seed_123/training_features.csv
RO,123,core,stft_long,64,192,input_weight_gradient_norm,loss per native parameter coordinate,1.1562387243360281,1.0684467554092407,1000,0,1000,12000,recorded,raw first-readout parameter gradient Frobenius norm; MLP input-column block,"equal-weight summaries of recorded source-training batch statistics; changing models, not frozen population estimates",/tmp/p01-d1-20260919-1irHPs/artifacts/d1_pu_20260919/core/RO/seed_123/training_features.csv
RO,123,core,stft_long,64,192,raw_input_weight_norm,native weight coordinates,0.6561342635154724,0.6948862969875336,1000,0,1000,12000,recorded,raw first-readout input-column-block Frobenius norm,"equal-weight summaries of recorded source-training batch statistics; changing models, not frozen population estimates",/tmp/p01-d1-20260919-1irHPs/artifacts/d1_pu_20260919/core/RO/seed_123/training_features.csv
RO,123,core,stft_long,64,192,effective_input_weight_norm,native weight coordinates,0.6561342635154724,0.6948862969875336,1000,0,1000,12000,recorded,effective capped first-readout input-column-block Frobenius norm,"equal-weight summaries of recorded source-training batch statistics; changing models, not frozen population estimates",/tmp/p01-d1-20260919-1irHPs/artifacts/d1_pu_20260919/core/RO/seed_123/training_features.csv
RO,123,core,stft_long,64,192,effective_output_weight_norm,native weight coordinates,2.425031001508236,2.5777748823165894,1000,0,1000,12000,recorded,whole effective output matrix norm; repeated across branch rows,"equal-weight summaries of recorded source-training batch statistics; changing models, not frozen population estimates",/tmp/p01-d1-20260919-1irHPs/artifacts/d1_pu_20260919/core/RO/seed_123/training_features.csv
RO,123,core,mexican_hat,32,96,mean_scaled_squared_norm,scaled feature units squared,5.901692845344543,5.915809154510498,1000,0,1000,12000,recorded,recorded within-batch mean of ||z/sqrt(d)||^2,"equal-weight summaries of recorded source-training batch statistics; changing models, not frozen population estimates",/tmp/p01-d1-20260919-1irHPs/artifacts/d1_pu_20260919/core/RO/seed_123/training_features.csv
RO,123,core,mexican_hat,32,96,mean_unscaled_squared_norm,native feature units squared,188.8541710510254,189.30589294433594,1000,0,1000,12000,recorded,d times recorded mean_scaled_squared_norm,"equal-weight summaries of recorded source-training batch statistics; changing models, not frozen population estimates",/tmp/p01-d1-20260919-1irHPs/artifacts/d1_pu_20260919/core/RO/seed_123/training_features.csv
RO,123,core,mexican_hat,32,96,median_scaled_norm,scaled feature units,2.4217259526252746,2.4327341318130493,1000,0,1000,12000,recorded,recorded within-batch median of ||z/sqrt(d)||; not pooled-window median,"equal-weight summaries of recorded source-training batch statistics; changing models, not frozen population estimates",/tmp/p01-d1-20260919-1irHPs/artifacts/d1_pu_20260919/core/RO/seed_123/training_features.csv
RO,123,core,mexican_hat,32,96,median_unscaled_norm,native feature units,13.699350746214268,13.761622411431805,1000,0,1000,12000,recorded,sqrt(d) times recorded median_scaled_norm; not pooled-window median,"equal-weight summaries of recorded source-training batch statistics; changing models, not frozen population estimates",/tmp/p01-d1-20260919-1irHPs/artifacts/d1_pu_20260919/core/RO/seed_123/training_features.csv
RO,123,core,mexican_hat,32,96,input_weight_gradient_norm,loss per native parameter coordinate,0.9001823879107833,0.8353940546512604,1000,0,1000,12000,recorded,raw first-readout parameter gradient Frobenius norm; MLP input-column block,"equal-weight summaries of recorded source-training batch statistics; changing models, not frozen population estimates",/tmp/p01-d1-20260919-1irHPs/artifacts/d1_pu_20260919/core/RO/seed_123/training_features.csv
RO,123,core,mexican_hat,32,96,raw_input_weight_norm,native weight coordinates,0.4219455387741327,0.44320718944072723,1000,0,1000,12000,recorded,raw first-readout input-column-block Frobenius norm,"equal-weight summaries of recorded source-training batch statistics; changing models, not frozen population estimates",/tmp/p01-d1-20260919-1irHPs/artifacts/d1_pu_20260919/core/RO/seed_123/training_features.csv
RO,123,core,mexican_hat,32,96,effective_input_weight_norm,native weight coordinates,0.4219455387741327,0.44320718944072723,1000,0,1000,12000,recorded,effective capped first-readout input-column-block Frobenius norm,"equal-weight summaries of recorded source-training batch statistics; changing models, not frozen population estimates",/tmp/p01-d1-20260919-1irHPs/artifacts/d1_pu_20260919/core/RO/seed_123/training_features.csv
RO,123,core,mexican_hat,32,96,effective_output_weight_norm,native weight coordinates,2.425031001508236,2.5777748823165894,1000,0,1000,12000,recorded,whole effective output matrix norm; repeated across branch rows,"equal-weight summaries of recorded source-training batch statistics; changing models, not frozen population estimates",/tmp/p01-d1-20260919-1irHPs/artifacts/d1_pu_20260919/core/RO/seed_123/training_features.csv
RO,123,core,stockwell,40,120,mean_scaled_squared_norm,scaled feature units squared,17.49382647228241,17.55169105529785,1000,0,1000,12000,recorded,recorded within-batch mean of ||z/sqrt(d)||^2,"equal-weight summaries of recorded source-training batch statistics; changing models, not frozen population estimates",/tmp/p01-d1-20260919-1irHPs/artifacts/d1_pu_20260919/core/RO/seed_123/training_features.csv
RO,123,core,stockwell,40,120,mean_unscaled_squared_norm,native feature units squared,699.7530588912964,702.0676422119141,1000,0,1000,12000,recorded,d times recorded mean_scaled_squared_norm,"equal-weight summaries of recorded source-training batch statistics; changing models, not frozen population estimates",/tmp/p01-d1-20260919-1irHPs/artifacts/d1_pu_20260919/core/RO/seed_123/training_features.csv
RO,123,core,stockwell,40,120,median_scaled_norm,scaled feature units,4.212552909135819,4.2345545291900635,1000,0,1000,12000,recorded,recorded within-batch median of ||z/sqrt(d)||; not pooled-window median,"equal-weight summaries of recorded source-training batch statistics; changing models, not frozen population estimates",/tmp/p01-d1-20260919-1irHPs/artifacts/d1_pu_20260919/core/RO/seed_123/training_features.csv
RO,123,core,stockwell,40,120,median_unscaled_norm,native feature units,26.64252391367503,26.781674376845135,1000,0,1000,12000,recorded,sqrt(d) times recorded median_scaled_norm; not pooled-window median,"equal-weight summaries of recorded source-training batch statistics; changing models, not frozen population estimates",/tmp/p01-d1-20260919-1irHPs/artifacts/d1_pu_20260919/core/RO/seed_123/training_features.csv
RO,123,core,stockwell,40,120,input_weight_gradient_norm,loss per native parameter coordinate,1.5385057246685028,1.4323023557662964,1000,0,1000,12000,recorded,raw first-readout parameter gradient Frobenius norm; MLP input-column block,"equal-weight summaries of recorded source-training batch statistics; changing models, not frozen population estimates",/tmp/p01-d1-20260919-1irHPs/artifacts/d1_pu_20260919/core/RO/seed_123/training_features.csv
RO,123,core,stockwell,40,120,raw_input_weight_norm,native weight coordinates,0.6346107162162662,0.6795802712440491,1000,0,1000,12000,recorded,raw first-readout input-column-block Frobenius norm,"equal-weight summaries of recorded source-training batch statistics; changing models, not frozen population estimates",/tmp/p01-d1-20260919-1irHPs/artifacts/d1_pu_20260919/core/RO/seed_123/training_features.csv
RO,123,core,stockwell,40,120,effective_input_weight_norm,native weight coordinates,0.6346107162162662,0.6795802712440491,1000,0,1000,12000,recorded,effective capped first-readout input-column-block Frobenius norm,"equal-weight summaries of recorded source-training batch statistics; changing models, not frozen population estimates",/tmp/p01-d1-20260919-1irHPs/artifacts/d1_pu_20260919/core/RO/seed_123/training_features.csv
RO,123,core,stockwell,40,120,effective_output_weight_norm,native weight coordinates,2.425031001508236,2.5777748823165894,1000,0,1000,12000,recorded,whole effective output matrix norm; repeated across branch rows,"equal-weight summaries of recorded source-training batch statistics; changing models, not frozen population estimates",/tmp/p01-d1-20260919-1irHPs/artifacts/d1_pu_20260919/core/RO/seed_123/training_features.csv
RO,123,core,chirplet_up,32,96,mean_scaled_squared_norm,scaled feature units squared,10.05943023443222,10.178942680358887,1000,0,1000,12000,recorded,recorded within-batch mean of ||z/sqrt(d)||^2,"equal-weight summaries of recorded source-training batch statistics; changing models, not frozen population estimates",/tmp/p01-d1-20260919-1irHPs/artifacts/d1_pu_20260919/core/RO/seed_123/training_features.csv
RO,123,core,chirplet_up,32,96,mean_unscaled_squared_norm,native feature units squared,321.90176750183105,325.7261657714844,1000,0,1000,12000,recorded,d times recorded mean_scaled_squared_norm,"equal-weight summaries of recorded source-training batch statistics; changing models, not frozen population estimates",/tmp/p01-d1-20260919-1irHPs/artifacts/d1_pu_20260919/core/RO/seed_123/training_features.csv
RO,123,core,chirplet_up,32,96,median_scaled_norm,scaled feature units,3.2069240453243255,3.208019971847534,1000,0,1000,12000,recorded,recorded within-batch median of ||z/sqrt(d)||; not pooled-window median,"equal-weight summaries of recorded source-training batch statistics; changing models, not frozen population estimates",/tmp/p01-d1-20260919-1irHPs/artifacts/d1_pu_20260919/core/RO/seed_123/training_features.csv
RO,123,core,chirplet_up,32,96,median_unscaled_norm,native feature units,18.141101913592205,18.147301410202154,1000,0,1000,12000,recorded,sqrt(d) times recorded median_scaled_norm; not pooled-window median,"equal-weight summaries of recorded source-training batch statistics; changing models, not frozen population estimates",/tmp/p01-d1-20260919-1irHPs/artifacts/d1_pu_20260919/core/RO/seed_123/training_features.csv
RO,123,core,chirplet_up,32,96,input_weight_gradient_norm,loss per native parameter coordinate,1.1742109912335872,1.0900425910949707,1000,0,1000,12000,recorded,raw first-readout parameter gradient Frobenius norm; MLP input-column block,"equal-weight summaries of recorded source-training batch statistics; changing models, not frozen population estimates",/tmp/p01-d1-20260919-1irHPs/artifacts/d1_pu_20260919/core/RO/seed_123/training_features.csv
RO,123,core,chirplet_up,32,96,raw_input_weight_norm,native weight coordinates,0.4026626244559884,0.4331909567117691,1000,0,1000,12000,recorded,raw first-readout input-column-block Frobenius norm,"equal-weight summaries of recorded source-training batch statistics; changing models, not frozen population estimates",/tmp/p01-d1-20260919-1irHPs/artifacts/d1_pu_20260919/core/RO/seed_123/training_features.csv
RO,123,core,chirplet_up,32,96,effective_input_weight_norm,native weight coordinates,0.4026626244559884,0.4331909567117691,1000,0,1000,12000,recorded,effective capped first-readout input-column-block Frobenius norm,"equal-weight summaries of recorded source-training batch statistics; changing models, not frozen population estimates",/tmp/p01-d1-20260919-1irHPs/artifacts/d1_pu_20260919/core/RO/seed_123/training_features.csv
RO,123,core,chirplet_up,32,96,effective_output_weight_norm,native weight coordinates,2.425031001508236,2.5777748823165894,1000,0,1000,12000,recorded,whole effective output matrix norm; repeated across branch rows,"equal-weight summaries of recorded source-training batch statistics; changing models, not frozen population estimates",/tmp/p01-d1-20260919-1irHPs/artifacts/d1_pu_20260919/core/RO/seed_123/training_features.csv
RO,456,core,reference,36,108,mean_scaled_squared_norm,scaled feature units squared,0.030009630120825023,0.026062960736453533,1000,0,1000,12000,recorded,recorded within-batch mean of ||z/sqrt(d)||^2,"equal-weight summaries of recorded source-training batch statistics; changing models, not frozen population estimates",/tmp/p01-d1-20260919-1irHPs/artifacts/d1_pu_20260919/core/RO/seed_456/training_features.csv
RO,456,core,reference,36,108,mean_unscaled_squared_norm,native feature units squared,1.0803466843497007,0.9382665865123272,1000,0,1000,12000,recorded,d times recorded mean_scaled_squared_norm,"equal-weight summaries of recorded source-training batch statistics; changing models, not frozen population estimates",/tmp/p01-d1-20260919-1irHPs/artifacts/d1_pu_20260919/core/RO/seed_456/training_features.csv
RO,456,core,reference,36,108,median_scaled_norm,scaled feature units,0.11721337546408177,0.11299493163824081,1000,0,1000,12000,recorded,recorded within-batch median of ||z/sqrt(d)||; not pooled-window median,"equal-weight summaries of recorded source-training batch statistics; changing models, not frozen population estimates",/tmp/p01-d1-20260919-1irHPs/artifacts/d1_pu_20260919/core/RO/seed_456/training_features.csv
RO,456,core,reference,36,108,median_unscaled_norm,native feature units,0.7032802527844906,0.6779695898294449,1000,0,1000,12000,recorded,sqrt(d) times recorded median_scaled_norm; not pooled-window median,"equal-weight summaries of recorded source-training batch statistics; changing models, not frozen population estimates",/tmp/p01-d1-20260919-1irHPs/artifacts/d1_pu_20260919/core/RO/seed_456/training_features.csv
RO,456,core,reference,36,108,input_weight_gradient_norm,loss per native parameter coordinate,0.05978992339223623,0.053131526336073875,1000,0,1000,12000,recorded,raw first-readout parameter gradient Frobenius norm; MLP input-column block,"equal-weight summaries of recorded source-training batch statistics; changing models, not frozen population estimates",/tmp/p01-d1-20260919-1irHPs/artifacts/d1_pu_20260919/core/RO/seed_456/training_features.csv
RO,456,core,reference,36,108,raw_input_weight_norm,native weight coordinates,1.8667042566463352,1.9686387181282043,1000,0,1000,12000,recorded,raw first-readout input-column-block Frobenius norm,"equal-weight summaries of recorded source-training batch statistics; changing models, not frozen population estimates",/tmp/p01-d1-20260919-1irHPs/artifacts/d1_pu_20260919/core/RO/seed_456/training_features.csv
RO,456,core,reference,36,108,effective_input_weight_norm,native weight coordinates,1.8667042566463352,1.9686387181282043,1000,0,1000,12000,recorded,effective capped first-readout input-column-block Frobenius norm,"equal-weight summaries of recorded source-training batch statistics; changing models, not frozen population estimates",/tmp/p01-d1-20260919-1irHPs/artifacts/d1_pu_20260919/core/RO/seed_456/training_features.csv
RO,456,core,reference,36,108,effective_output_weight_norm,native weight coordinates,2.4072967156767846,2.5397220849990845,1000,0,1000,12000,recorded,whole effective output matrix norm; repeated across branch rows,"equal-weight summaries of recorded source-training batch statistics; changing models, not frozen population estimates",/tmp/p01-d1-20260919-1irHPs/artifacts/d1_pu_20260919/core/RO/seed_456/training_features.csv
RO,456,core,envelope,8,24,mean_scaled_squared_norm,scaled feature units squared,0.001274278539320221,0.0011062082485295832,1000,0,1000,12000,recorded,recorded within-batch mean of ||z/sqrt(d)||^2,"equal-weight summaries of recorded source-training batch statistics; changing models, not frozen population estimates",/tmp/p01-d1-20260919-1irHPs/artifacts/d1_pu_20260919/core/RO/seed_456/training_features.csv
RO,456,core,envelope,8,24,mean_unscaled_squared_norm,native feature units squared,0.010194228314561769,0.008849665988236666,1000,0,1000,12000,recorded,d times recorded mean_scaled_squared_norm,"equal-weight summaries of recorded source-training batch statistics; changing models, not frozen population estimates",/tmp/p01-d1-20260919-1irHPs/artifacts/d1_pu_20260919/core/RO/seed_456/training_features.csv
RO,456,core,envelope,8,24,median_scaled_norm,scaled feature units,0.02530912780947983,0.024728485383093357,1000,0,1000,12000,recorded,recorded within-batch median of ||z/sqrt(d)||; not pooled-window median,"equal-weight summaries of recorded source-training batch statistics; changing models, not frozen population estimates",/tmp/p01-d1-20260919-1irHPs/artifacts/d1_pu_20260919/core/RO/seed_456/training_features.csv
RO,456,core,envelope,8,24,median_unscaled_norm,native feature units,0.0715850236000009,0.06994271881143094,1000,0,1000,12000,recorded,sqrt(d) times recorded median_scaled_norm; not pooled-window median,"equal-weight summaries of recorded source-training batch statistics; changing models, not frozen population estimates",/tmp/p01-d1-20260919-1irHPs/artifacts/d1_pu_20260919/core/RO/seed_456/training_features.csv
RO,456,core,envelope,8,24,input_weight_gradient_norm,loss per native parameter coordinate,0.01063748032785952,0.009392884094268084,1000,0,1000,12000,recorded,raw first-readout parameter gradient Frobenius norm; MLP input-column block,"equal-weight summaries of recorded source-training batch statistics; changing models, not frozen population estimates",/tmp/p01-d1-20260919-1irHPs/artifacts/d1_pu_20260919/core/RO/seed_456/training_features.csv
RO,456,core,envelope,8,24,raw_input_weight_norm,native weight coordinates,0.7123004170432686,0.7501642107963562,1000,0,1000,12000,recorded,raw first-readout input-column-block Frobenius norm,"equal-weight summaries of recorded source-training batch statistics; changing models, not frozen population estimates",/tmp/p01-d1-20260919-1irHPs/artifacts/d1_pu_20260919/core/RO/seed_456/training_features.csv
RO,456,core,envelope,8,24,effective_input_weight_norm,native weight coordinates,0.7123004170432686,0.7501642107963562,1000,0,1000,12000,recorded,effective capped first-readout input-column-block Frobenius norm,"equal-weight summaries of recorded source-training batch statistics; changing models, not frozen population estimates",/tmp/p01-d1-20260919-1irHPs/artifacts/d1_pu_20260919/core/RO/seed_456/training_features.csv
RO,456,core,envelope,8,24,effective_output_weight_norm,native weight coordinates,2.4072967156767846,2.5397220849990845,1000,0,1000,12000,recorded,whole effective output matrix norm; repeated across branch rows,"equal-weight summaries of recorded source-training batch statistics; changing models, not frozen population estimates",/tmp/p01-d1-20260919-1irHPs/artifacts/d1_pu_20260919/core/RO/seed_456/training_features.csv
RO,456,core,stft_short,64,192,mean_scaled_squared_norm,scaled feature units squared,10.545582866191864,10.606196403503418,1000,0,1000,12000,recorded,recorded within-batch mean of ||z/sqrt(d)||^2,"equal-weight summaries of recorded source-training batch statistics; changing models, not frozen population estimates",/tmp/p01-d1-20260919-1irHPs/artifacts/d1_pu_20260919/core/RO/seed_456/training_features.csv
RO,456,core,stft_short,64,192,mean_unscaled_squared_norm,native feature units squared,674.9173034362793,678.7965698242188,1000,0,1000,12000,recorded,d times recorded mean_scaled_squared_norm,"equal-weight summaries of recorded source-training batch statistics; changing models, not frozen population estimates",/tmp/p01-d1-20260919-1irHPs/artifacts/d1_pu_20260919/core/RO/seed_456/training_features.csv
RO,456,core,stft_short,64,192,median_scaled_norm,scaled feature units,3.2999038174152373,3.3138458728790283,1000,0,1000,12000,recorded,recorded within-batch median of ||z/sqrt(d)||; not pooled-window median,"equal-weight summaries of recorded source-training batch statistics; changing models, not frozen population estimates",/tmp/p01-d1-20260919-1irHPs/artifacts/d1_pu_20260919/core/RO/seed_456/training_features.csv
RO,456,core,stft_short,64,192,median_unscaled_norm,native feature units,26.3992305393219,26.510766983032227,1000,0,1000,12000,recorded,sqrt(d) times recorded median_scaled_norm; not pooled-window median,"equal-weight summaries of recorded source-training batch statistics; changing models, not frozen population estimates",/tmp/p01-d1-20260919-1irHPs/artifacts/d1_pu_20260919/core/RO/seed_456/training_features.csv
RO,456,core,stft_short,64,192,input_weight_gradient_norm,loss per native parameter coordinate,1.2117187084928156,1.1128122806549072,1000,0,1000,12000,recorded,raw first-readout parameter gradient Frobenius norm; MLP input-column block,"equal-weight summaries of recorded source-training batch statistics; changing models, not frozen population estimates",/tmp/p01-d1-20260919-1irHPs/artifacts/d1_pu_20260919/core/RO/seed_456/training_features.csv
RO,456,core,stft_short,64,192,raw_input_weight_norm,native weight coordinates,0.6315073784142733,0.6702163219451904,1000,0,1000,12000,recorded,raw first-readout input-column-block Frobenius norm,"equal-weight summaries of recorded source-training batch statistics; changing models, not frozen population estimates",/tmp/p01-d1-20260919-1irHPs/artifacts/d1_pu_20260919/core/RO/seed_456/training_features.csv
RO,456,core,stft_short,64,192,effective_input_weight_norm,native weight coordinates,0.6315073784142733,0.6702163219451904,1000,0,1000,12000,recorded,effective capped first-readout input-column-block Frobenius norm,"equal-weight summaries of recorded source-training batch statistics; changing models, not frozen population estimates",/tmp/p01-d1-20260919-1irHPs/artifacts/d1_pu_20260919/core/RO/seed_456/training_features.csv
RO,456,core,stft_short,64,192,effective_output_weight_norm,native weight coordinates,2.4072967156767846,2.5397220849990845,1000,0,1000,12000,recorded,whole effective output matrix norm; repeated across branch rows,"equal-weight summaries of recorded source-training batch statistics; changing models, not frozen population estimates",/tmp/p01-d1-20260919-1irHPs/artifacts/d1_pu_20260919/core/RO/seed_456/training_features.csv
RO,456,core,morlet,32,96,mean_scaled_squared_norm,scaled feature units squared,7.51446157503128,7.515413999557495,1000,0,1000,12000,recorded,recorded within-batch mean of ||z/sqrt(d)||^2,"equal-weight summaries of recorded source-training batch statistics; changing models, not frozen population estimates",/tmp/p01-d1-20260919-1irHPs/artifacts/d1_pu_20260919/core/RO/seed_456/training_features.csv
RO,456,core,morlet,32,96,mean_unscaled_squared_norm,native feature units squared,240.46277040100097,240.49324798583984,1000,0,1000,12000,recorded,d times recorded mean_scaled_squared_norm,"equal-weight summaries of recorded source-training batch statistics; changing models, not frozen population estimates",/tmp/p01-d1-20260919-1irHPs/artifacts/d1_pu_20260919/core/RO/seed_456/training_features.csv
RO,456,core,morlet,32,96,median_scaled_norm,scaled feature units,2.762979283094406,2.788295030593872,1000,0,1000,12000,recorded,recorded within-batch median of ||z/sqrt(d)||; not pooled-window median,"equal-weight summaries of recorded source-training batch statistics; changing models, not frozen population estimates",/tmp/p01-d1-20260919-1irHPs/artifacts/d1_pu_20260919/core/RO/seed_456/training_features.csv
RO,456,core,morlet,32,96,median_unscaled_norm,native feature units,15.629771098832004,15.772978592653432,1000,0,1000,12000,recorded,sqrt(d) times recorded median_scaled_norm; not pooled-window median,"equal-weight summaries of recorded source-training batch statistics; changing models, not frozen population estimates",/tmp/p01-d1-20260919-1irHPs/artifacts/d1_pu_20260919/core/RO/seed_456/training_features.csv
RO,456,core,morlet,32,96,input_weight_gradient_norm,loss per native parameter coordinate,1.0279496966823936,0.9589636027812958,1000,0,1000,12000,recorded,raw first-readout parameter gradient Frobenius norm; MLP input-column block,"equal-weight summaries of recorded source-training batch statistics; changing models, not frozen population estimates",/tmp/p01-d1-20260919-1irHPs/artifacts/d1_pu_20260919/core/RO/seed_456/training_features.csv
RO,456,core,morlet,32,96,raw_input_weight_norm,native weight coordinates,0.44755970023572444,0.47048352658748627,1000,0,1000,12000,recorded,raw first-readout input-column-block Frobenius norm,"equal-weight summaries of recorded source-training batch statistics; changing models, not frozen population estimates",/tmp/p01-d1-20260919-1irHPs/artifacts/d1_pu_20260919/core/RO/seed_456/training_features.csv
RO,456,core,morlet,32,96,effective_input_weight_norm,native weight coordinates,0.44755970023572444,0.47048352658748627,1000,0,1000,12000,recorded,effective capped first-readout input-column-block Frobenius norm,"equal-weight summaries of recorded source-training batch statistics; changing models, not frozen population estimates",/tmp/p01-d1-20260919-1irHPs/artifacts/d1_pu_20260919/core/RO/seed_456/training_features.csv
RO,456,core,morlet,32,96,effective_output_weight_norm,native weight coordinates,2.4072967156767846,2.5397220849990845,1000,0,1000,12000,recorded,whole effective output matrix norm; repeated across branch rows,"equal-weight summaries of recorded source-training batch statistics; changing models, not frozen population estimates",/tmp/p01-d1-20260919-1irHPs/artifacts/d1_pu_20260919/core/RO/seed_456/training_features.csv
RO,456,core,stft_long,64,192,mean_scaled_squared_norm,scaled feature units squared,9.718222174167632,9.764437675476074,1000,0,1000,12000,recorded,recorded within-batch mean of ||z/sqrt(d)||^2,"equal-weight summaries of recorded source-training batch statistics; changing models, not frozen population estimates",/tmp/p01-d1-20260919-1irHPs/artifacts/d1_pu_20260919/core/RO/seed_456/training_features.csv
RO,456,core,stft_long,64,192,mean_unscaled_squared_norm,native feature units squared,621.9662191467285,624.9240112304688,1000,0,1000,12000,recorded,d times recorded mean_scaled_squared_norm,"equal-weight summaries of recorded source-training batch statistics; changing models, not frozen population estimates",/tmp/p01-d1-20260919-1irHPs/artifacts/d1_pu_20260919/core/RO/seed_456/training_features.csv
RO,456,core,stft_long,64,192,median_scaled_norm,scaled feature units,3.1746686124801635,3.1944687366485596,1000,0,1000,12000,recorded,recorded within-batch median of ||z/sqrt(d)||; not pooled-window median,"equal-weight summaries of recorded source-training batch statistics; changing models, not frozen population estimates",/tmp/p01-d1-20260919-1irHPs/artifacts/d1_pu_20260919/core/RO/seed_456/training_features.csv
RO,456,core,stft_long,64,192,median_unscaled_norm,native feature units,25.397348899841308,25.555749893188477,1000,0,1000,12000,recorded,sqrt(d) times recorded median_scaled_norm; not pooled-window median,"equal-weight summaries of recorded source-training batch statistics; changing models, not frozen population estimates",/tmp/p01-d1-20260919-1irHPs/artifacts/d1_pu_20260919/core/RO/seed_456/training_features.csv
RO,456,core,stft_long,64,192,input_weight_gradient_norm,loss per native parameter coordinate,1.166694063976407,1.0717219710350037,1000,0,1000,12000,recorded,raw first-readout parameter gradient Frobenius norm; MLP input-column block,"equal-weight summaries of recorded source-training batch statistics; changing models, not frozen population estimates",/tmp/p01-d1-20260919-1irHPs/artifacts/d1_pu_20260919/core/RO/seed_456/training_features.csv
RO,456,core,stft_long,64,192,raw_input_weight_norm,native weight coordinates,0.6605456749498844,0.7030848562717438,1000,0,1000,12000,recorded,raw first-readout input-column-block Frobenius norm,"equal-weight summaries of recorded source-training batch statistics; changing models, not frozen population estimates",/tmp/p01-d1-20260919-1irHPs/artifacts/d1_pu_20260919/core/RO/seed_456/training_features.csv
RO,456,core,stft_long,64,192,effective_input_weight_norm,native weight coordinates,0.6605456749498844,0.7030848562717438,1000,0,1000,12000,recorded,effective capped first-readout input-column-block Frobenius norm,"equal-weight summaries of recorded source-training batch statistics; changing models, not frozen population estimates",/tmp/p01-d1-20260919-1irHPs/artifacts/d1_pu_20260919/core/RO/seed_456/training_features.csv
RO,456,core,stft_long,64,192,effective_output_weight_norm,native weight coordinates,2.4072967156767846,2.5397220849990845,1000,0,1000,12000,recorded,whole effective output matrix norm; repeated across branch rows,"equal-weight summaries of recorded source-training batch statistics; changing models, not frozen population estimates",/tmp/p01-d1-20260919-1irHPs/artifacts/d1_pu_20260919/core/RO/seed_456/training_features.csv
RO,456,core,mexican_hat,32,96,mean_scaled_squared_norm,scaled feature units squared,5.904858740329742,5.879918575286865,1000,0,1000,12000,recorded,recorded within-batch mean of ||z/sqrt(d)||^2,"equal-weight summaries of recorded source-training batch statistics; changing models, not frozen population estimates",/tmp/p01-d1-20260919-1irHPs/artifacts/d1_pu_20260919/core/RO/seed_456/training_features.csv
RO,456,core,mexican_hat,32,96,mean_unscaled_squared_norm,native feature units squared,188.95547969055175,188.1573944091797,1000,0,1000,12000,recorded,d times recorded mean_scaled_squared_norm,"equal-weight summaries of recorded source-training batch statistics; changing models, not frozen population estimates",/tmp/p01-d1-20260919-1irHPs/artifacts/d1_pu_20260919/core/RO/seed_456/training_features.csv
RO,456,core,mexican_hat,32,96,median_scaled_norm,scaled feature units,2.423607229709625,2.431917905807495,1000,0,1000,12000,recorded,recorded within-batch median of ||z/sqrt(d)||; not pooled-window median,"equal-weight summaries of recorded source-training batch statistics; changing models, not frozen population estimates",/tmp/p01-d1-20260919-1irHPs/artifacts/d1_pu_20260919/core/RO/seed_456/training_features.csv
RO,456,core,mexican_hat,32,96,median_unscaled_norm,native feature units,13.70999285648335,13.75700513988374,1000,0,1000,12000,recorded,sqrt(d) times recorded median_scaled_norm; not pooled-window median,"equal-weight summaries of recorded source-training batch statistics; changing models, not frozen population estimates",/tmp/p01-d1-20260919-1irHPs/artifacts/d1_pu_20260919/core/RO/seed_456/training_features.csv
RO,456,core,mexican_hat,32,96,input_weight_gradient_norm,loss per native parameter coordinate,0.9023064473867416,0.8351055979728699,1000,0,1000,12000,recorded,raw first-readout parameter gradient Frobenius norm; MLP input-column block,"equal-weight summaries of recorded source-training batch statistics; changing models, not frozen population estimates",/tmp/p01-d1-20260919-1irHPs/artifacts/d1_pu_20260919/core/RO/seed_456/training_features.csv
RO,456,core,mexican_hat,32,96,raw_input_weight_norm,native weight coordinates,0.43877719913423063,0.4610074758529663,1000,0,1000,12000,recorded,raw first-readout input-column-block Frobenius norm,"equal-weight summaries of recorded source-training batch statistics; changing models, not frozen population estimates",/tmp/p01-d1-20260919-1irHPs/artifacts/d1_pu_20260919/core/RO/seed_456/training_features.csv
RO,456,core,mexican_hat,32,96,effective_input_weight_norm,native weight coordinates,0.43877719913423063,0.4610074758529663,1000,0,1000,12000,recorded,effective capped first-readout input-column-block Frobenius norm,"equal-weight summaries of recorded source-training batch statistics; changing models, not frozen population estimates",/tmp/p01-d1-20260919-1irHPs/artifacts/d1_pu_20260919/core/RO/seed_456/training_features.csv
RO,456,core,mexican_hat,32,96,effective_output_weight_norm,native weight coordinates,2.4072967156767846,2.5397220849990845,1000,0,1000,12000,recorded,whole effective output matrix norm; repeated across branch rows,"equal-weight summaries of recorded source-training batch statistics; changing models, not frozen population estimates",/tmp/p01-d1-20260919-1irHPs/artifacts/d1_pu_20260919/core/RO/seed_456/training_features.csv
RO,456,core,stockwell,40,120,mean_scaled_squared_norm,scaled feature units squared,17.49892141056061,17.514970779418945,1000,0,1000,12000,recorded,recorded within-batch mean of ||z/sqrt(d)||^2,"equal-weight summaries of recorded source-training batch statistics; changing models, not frozen population estimates",/tmp/p01-d1-20260919-1irHPs/artifacts/d1_pu_20260919/core/RO/seed_456/training_features.csv
RO,456,core,stockwell,40,120,mean_unscaled_squared_norm,native feature units squared,699.9568564224243,700.5988311767578,1000,0,1000,12000,recorded,d times recorded mean_scaled_squared_norm,"equal-weight summaries of recorded source-training batch statistics; changing models, not frozen population estimates",/tmp/p01-d1-20260919-1irHPs/artifacts/d1_pu_20260919/core/RO/seed_456/training_features.csv
RO,456,core,stockwell,40,120,median_scaled_norm,scaled feature units,4.2157636108398435,4.239803314208984,1000,0,1000,12000,recorded,recorded within-batch median of ||z/sqrt(d)||; not pooled-window median,"equal-weight summaries of recorded source-training batch statistics; changing models, not frozen population estimates",/tmp/p01-d1-20260919-1irHPs/artifacts/d1_pu_20260919/core/RO/seed_456/training_features.csv
RO,456,core,stockwell,40,120,median_unscaled_norm,native feature units,26.66283017421924,26.814870608061856,1000,0,1000,12000,recorded,sqrt(d) times recorded median_scaled_norm; not pooled-window median,"equal-weight summaries of recorded source-training batch statistics; changing models, not frozen population estimates",/tmp/p01-d1-20260919-1irHPs/artifacts/d1_pu_20260919/core/RO/seed_456/training_features.csv
RO,456,core,stockwell,40,120,input_weight_gradient_norm,loss per native parameter coordinate,1.545217722542584,1.4330629110336304,1000,0,1000,12000,recorded,raw first-readout parameter gradient Frobenius norm; MLP input-column block,"equal-weight summaries of recorded source-training batch statistics; changing models, not frozen population estimates",/tmp/p01-d1-20260919-1irHPs/artifacts/d1_pu_20260919/core/RO/seed_456/training_features.csv
RO,456,core,stockwell,40,120,raw_input_weight_norm,native weight coordinates,0.6245680783316493,0.6667267680168152,1000,0,1000,12000,recorded,raw first-readout input-column-block Frobenius norm,"equal-weight summaries of recorded source-training batch statistics; changing models, not frozen population estimates",/tmp/p01-d1-20260919-1irHPs/artifacts/d1_pu_20260919/core/RO/seed_456/training_features.csv
RO,456,core,stockwell,40,120,effective_input_weight_norm,native weight coordinates,0.6245680783316493,0.6667267680168152,1000,0,1000,12000,recorded,effective capped first-readout input-column-block Frobenius norm,"equal-weight summaries of recorded source-training batch statistics; changing models, not frozen population estimates",/tmp/p01-d1-20260919-1irHPs/artifacts/d1_pu_20260919/core/RO/seed_456/training_features.csv
RO,456,core,stockwell,40,120,effective_output_weight_norm,native weight coordinates,2.4072967156767846,2.5397220849990845,1000,0,1000,12000,recorded,whole effective output matrix norm; repeated across branch rows,"equal-weight summaries of recorded source-training batch statistics; changing models, not frozen population estimates",/tmp/p01-d1-20260919-1irHPs/artifacts/d1_pu_20260919/core/RO/seed_456/training_features.csv
RO,456,core,chirplet_up,32,96,mean_scaled_squared_norm,scaled feature units squared,10.058592104434966,10.171391010284424,1000,0,1000,12000,recorded,recorded within-batch mean of ||z/sqrt(d)||^2,"equal-weight summaries of recorded source-training batch statistics; changing models, not frozen population estimates",/tmp/p01-d1-20260919-1irHPs/artifacts/d1_pu_20260919/core/RO/seed_456/training_features.csv
RO,456,core,chirplet_up,32,96,mean_unscaled_squared_norm,native feature units squared,321.8749473419189,325.48451232910156,1000,0,1000,12000,recorded,d times recorded mean_scaled_squared_norm,"equal-weight summaries of recorded source-training batch statistics; changing models, not frozen population estimates",/tmp/p01-d1-20260919-1irHPs/artifacts/d1_pu_20260919/core/RO/seed_456/training_features.csv
RO,456,core,chirplet_up,32,96,median_scaled_norm,scaled feature units,3.212341843366623,3.2127840518951416,1000,0,1000,12000,recorded,recorded within-batch median of ||z/sqrt(d)||; not pooled-window median,"equal-weight summaries of recorded source-training batch statistics; changing models, not frozen population estimates",/tmp/p01-d1-20260919-1irHPs/artifacts/d1_pu_20260919/core/RO/seed_456/training_features.csv
RO,456,core,chirplet_up,32,96,median_unscaled_norm,native feature units,18.17174960747067,18.17425111666438,1000,0,1000,12000,recorded,sqrt(d) times recorded median_scaled_norm; not pooled-window median,"equal-weight summaries of recorded source-training batch statistics; changing models, not frozen population estimates",/tmp/p01-d1-20260919-1irHPs/artifacts/d1_pu_20260919/core/RO/seed_456/training_features.csv
RO,456,core,chirplet_up,32,96,input_weight_gradient_norm,loss per native parameter coordinate,1.1826073506996035,1.0928494334220886,1000,0,1000,12000,recorded,raw first-readout parameter gradient Frobenius norm; MLP input-column block,"equal-weight summaries of recorded source-training batch statistics; changing models, not frozen population estimates",/tmp/p01-d1-20260919-1irHPs/artifacts/d1_pu_20260919/core/RO/seed_456/training_features.csv
RO,456,core,chirplet_up,32,96,raw_input_weight_norm,native weight coordinates,0.40867762312293054,0.43586480617523193,1000,0,1000,12000,recorded,raw first-readout input-column-block Frobenius norm,"equal-weight summaries of recorded source-training batch statistics; changing models, not frozen population estimates",/tmp/p01-d1-20260919-1irHPs/artifacts/d1_pu_20260919/core/RO/seed_456/training_features.csv
RO,456,core,chirplet_up,32,96,effective_input_weight_norm,native weight coordinates,0.40867762312293054,0.43586480617523193,1000,0,1000,12000,recorded,effective capped first-readout input-column-block Frobenius norm,"equal-weight summaries of recorded source-training batch statistics; changing models, not frozen population estimates",/tmp/p01-d1-20260919-1irHPs/artifacts/d1_pu_20260919/core/RO/seed_456/training_features.csv
RO,456,core,chirplet_up,32,96,effective_output_weight_norm,native weight coordinates,2.4072967156767846,2.5397220849990845,1000,0,1000,12000,recorded,whole effective output matrix norm; repeated across branch rows,"equal-weight summaries of recorded source-training batch statistics; changing models, not frozen population estimates",/tmp/p01-d1-20260919-1irHPs/artifacts/d1_pu_20260919/core/RO/seed_456/training_features.csv
RC,42,core,reference,36,108,mean_scaled_squared_norm,scaled feature units squared,0.029869498625397683,0.026306435465812683,1000,0,1000,12000,recorded,recorded within-batch mean of ||z/sqrt(d)||^2,"equal-weight summaries of recorded source-training batch statistics; changing models, not frozen population estimates",/tmp/p01-d1-20260919-1irHPs/artifacts/d1_pu_20260919/core/RC/seed_42/training_features.csv
RC,42,core,reference,36,108,mean_unscaled_squared_norm,native feature units squared,1.0753019505143167,0.9470316767692566,1000,0,1000,12000,recorded,d times recorded mean_scaled_squared_norm,"equal-weight summaries of recorded source-training batch statistics; changing models, not frozen population estimates",/tmp/p01-d1-20260919-1irHPs/artifacts/d1_pu_20260919/core/RC/seed_42/training_features.csv
RC,42,core,reference,36,108,median_scaled_norm,scaled feature units,0.11706644240021706,0.11272041499614716,1000,0,1000,12000,recorded,recorded within-batch median of ||z/sqrt(d)||; not pooled-window median,"equal-weight summaries of recorded source-training batch statistics; changing models, not frozen population estimates",/tmp/p01-d1-20260919-1irHPs/artifacts/d1_pu_20260919/core/RC/seed_42/training_features.csv
RC,42,core,reference,36,108,median_unscaled_norm,native feature units,0.7023986544013023,0.6763224899768829,1000,0,1000,12000,recorded,sqrt(d) times recorded median_scaled_norm; not pooled-window median,"equal-weight summaries of recorded source-training batch statistics; changing models, not frozen population estimates",/tmp/p01-d1-20260919-1irHPs/artifacts/d1_pu_20260919/core/RC/seed_42/training_features.csv
RC,42,core,reference,36,108,input_weight_gradient_norm,loss per native parameter coordinate,0.06019832627288997,0.05338517762720585,1000,0,1000,12000,recorded,raw first-readout parameter gradient Frobenius norm; MLP input-column block,"equal-weight summaries of recorded source-training batch statistics; changing models, not frozen population estimates",/tmp/p01-d1-20260919-1irHPs/artifacts/d1_pu_20260919/core/RC/seed_42/training_features.csv
RC,42,core,reference,36,108,raw_input_weight_norm,native weight coordinates,1.9222452435716986,2.0443992614746094,1000,0,1000,12000,recorded,raw first-readout input-column-block Frobenius norm,"equal-weight summaries of recorded source-training batch statistics; changing models, not frozen population estimates",/tmp/p01-d1-20260919-1irHPs/artifacts/d1_pu_20260919/core/RC/seed_42/training_features.csv
RC,42,core,reference,36,108,effective_input_weight_norm,native weight coordinates,1.9222452435716986,2.0443992614746094,1000,0,1000,12000,recorded,effective capped first-readout input-column-block Frobenius norm,"equal-weight summaries of recorded source-training batch statistics; changing models, not frozen population estimates",/tmp/p01-d1-20260919-1irHPs/artifacts/d1_pu_20260919/core/RC/seed_42/training_features.csv
RC,42,core,reference,36,108,effective_output_weight_norm,native weight coordinates,2.4641372734308242,2.608708620071411,1000,0,1000,12000,recorded,whole effective output matrix norm; repeated across branch rows,"equal-weight summaries of recorded source-training batch statistics; changing models, not frozen population estimates",/tmp/p01-d1-20260919-1irHPs/artifacts/d1_pu_20260919/core/RC/seed_42/training_features.csv
RC,42,core,envelope,8,24,mean_scaled_squared_norm,scaled feature units squared,0.0012858294932811987,0.0011735533480532467,1000,0,1000,12000,recorded,recorded within-batch mean of ||z/sqrt(d)||^2,"equal-weight summaries of recorded source-training batch statistics; changing models, not frozen population estimates",/tmp/p01-d1-20260919-1irHPs/artifacts/d1_pu_20260919/core/RC/seed_42/training_features.csv
RC,42,core,envelope,8,24,mean_unscaled_squared_norm,native feature units squared,0.01028663594624959,0.009388426784425974,1000,0,1000,12000,recorded,d times recorded mean_scaled_squared_norm,"equal-weight summaries of recorded source-training batch statistics; changing models, not frozen population estimates",/tmp/p01-d1-20260919-1irHPs/artifacts/d1_pu_20260919/core/RC/seed_42/training_features.csv
RC,42,core,envelope,8,24,median_scaled_norm,scaled feature units,0.025156816130504012,0.024186542257666588,1000,0,1000,12000,recorded,recorded within-batch median of ||z/sqrt(d)||; not pooled-window median,"equal-weight summaries of recorded source-training batch statistics; changing models, not frozen population estimates",/tmp/p01-d1-20260919-1irHPs/artifacts/d1_pu_20260919/core/RC/seed_42/training_features.csv
RC,42,core,envelope,8,24,median_unscaled_norm,native feature units,0.07115422111577004,0.06840987217540413,1000,0,1000,12000,recorded,sqrt(d) times recorded median_scaled_norm; not pooled-window median,"equal-weight summaries of recorded source-training batch statistics; changing models, not frozen population estimates",/tmp/p01-d1-20260919-1irHPs/artifacts/d1_pu_20260919/core/RC/seed_42/training_features.csv
RC,42,core,envelope,8,24,input_weight_gradient_norm,loss per native parameter coordinate,0.01077988423523493,0.009588735643774271,1000,0,1000,12000,recorded,raw first-readout parameter gradient Frobenius norm; MLP input-column block,"equal-weight summaries of recorded source-training batch statistics; changing models, not frozen population estimates",/tmp/p01-d1-20260919-1irHPs/artifacts/d1_pu_20260919/core/RC/seed_42/training_features.csv
RC,42,core,envelope,8,24,raw_input_weight_norm,native weight coordinates,0.7300183803141117,0.7566614747047424,1000,0,1000,12000,recorded,raw first-readout input-column-block Frobenius norm,"equal-weight summaries of recorded source-training batch statistics; changing models, not frozen population estimates",/tmp/p01-d1-20260919-1irHPs/artifacts/d1_pu_20260919/core/RC/seed_42/training_features.csv
RC,42,core,envelope,8,24,effective_input_weight_norm,native weight coordinates,0.7300183803141117,0.7566614747047424,1000,0,1000,12000,recorded,effective capped first-readout input-column-block Frobenius norm,"equal-weight summaries of recorded source-training batch statistics; changing models, not frozen population estimates",/tmp/p01-d1-20260919-1irHPs/artifacts/d1_pu_20260919/core/RC/seed_42/training_features.csv
RC,42,core,envelope,8,24,effective_output_weight_norm,native weight coordinates,2.4641372734308242,2.608708620071411,1000,0,1000,12000,recorded,whole effective output matrix norm; repeated across branch rows,"equal-weight summaries of recorded source-training batch statistics; changing models, not frozen population estimates",/tmp/p01-d1-20260919-1irHPs/artifacts/d1_pu_20260919/core/RC/seed_42/training_features.csv
RC,42,core,stft_short,64,192,mean_scaled_squared_norm,scaled feature units squared,10.55265917634964,10.658472537994385,1000,0,1000,12000,recorded,recorded within-batch mean of ||z/sqrt(d)||^2,"equal-weight summaries of recorded source-training batch statistics; changing models, not frozen population estimates",/tmp/p01-d1-20260919-1irHPs/artifacts/d1_pu_20260919/core/RC/seed_42/training_features.csv
RC,42,core,stft_short,64,192,mean_unscaled_squared_norm,native feature units squared,675.3701872863769,682.1422424316406,1000,0,1000,12000,recorded,d times recorded mean_scaled_squared_norm,"equal-weight summaries of recorded source-training batch statistics; changing models, not frozen population estimates",/tmp/p01-d1-20260919-1irHPs/artifacts/d1_pu_20260919/core/RC/seed_42/training_features.csv
RC,42,core,stft_short,64,192,median_scaled_norm,scaled feature units,3.3014803116321563,3.318260669708252,1000,0,1000,12000,recorded,recorded within-batch median of ||z/sqrt(d)||; not pooled-window median,"equal-weight summaries of recorded source-training batch statistics; changing models, not frozen population estimates",/tmp/p01-d1-20260919-1irHPs/artifacts/d1_pu_20260919/core/RC/seed_42/training_features.csv
RC,42,core,stft_short,64,192,median_unscaled_norm,native feature units,26.41184249305725,26.546085357666016,1000,0,1000,12000,recorded,sqrt(d) times recorded median_scaled_norm; not pooled-window median,"equal-weight summaries of recorded source-training batch statistics; changing models, not frozen population estimates",/tmp/p01-d1-20260919-1irHPs/artifacts/d1_pu_20260919/core/RC/seed_42/training_features.csv
RC,42,core,stft_short,64,192,input_weight_gradient_norm,loss per native parameter coordinate,1.2048023287653924,1.1153764724731445,1000,0,1000,12000,recorded,raw first-readout parameter gradient Frobenius norm; MLP input-column block,"equal-weight summaries of recorded source-training batch statistics; changing models, not frozen population estimates",/tmp/p01-d1-20260919-1irHPs/artifacts/d1_pu_20260919/core/RC/seed_42/training_features.csv
RC,42,core,stft_short,64,192,raw_input_weight_norm,native weight coordinates,0.6600113559514285,0.6991888582706451,1000,0,1000,12000,recorded,raw first-readout input-column-block Frobenius norm,"equal-weight summaries of recorded source-training batch statistics; changing models, not frozen population estimates",/tmp/p01-d1-20260919-1irHPs/artifacts/d1_pu_20260919/core/RC/seed_42/training_features.csv
RC,42,core,stft_short,64,192,effective_input_weight_norm,native weight coordinates,0.6600113559514285,0.6991888582706451,1000,0,1000,12000,recorded,effective capped first-readout input-column-block Frobenius norm,"equal-weight summaries of recorded source-training batch statistics; changing models, not frozen population estimates",/tmp/p01-d1-20260919-1irHPs/artifacts/d1_pu_20260919/core/RC/seed_42/training_features.csv
RC,42,core,stft_short,64,192,effective_output_weight_norm,native weight coordinates,2.4641372734308242,2.608708620071411,1000,0,1000,12000,recorded,whole effective output matrix norm; repeated across branch rows,"equal-weight summaries of recorded source-training batch statistics; changing models, not frozen population estimates",/tmp/p01-d1-20260919-1irHPs/artifacts/d1_pu_20260919/core/RC/seed_42/training_features.csv
RC,42,core,morlet,32,96,mean_scaled_squared_norm,scaled feature units squared,7.524210076808929,7.534460783004761,1000,0,1000,12000,recorded,recorded within-batch mean of ||z/sqrt(d)||^2,"equal-weight summaries of recorded source-training batch statistics; changing models, not frozen population estimates",/tmp/p01-d1-20260919-1irHPs/artifacts/d1_pu_20260919/core/RC/seed_42/training_features.csv
RC,42,core,morlet,32,96,mean_unscaled_squared_norm,native feature units squared,240.77472245788573,241.10274505615234,1000,0,1000,12000,recorded,d times recorded mean_scaled_squared_norm,"equal-weight summaries of recorded source-training batch statistics; changing models, not frozen population estimates",/tmp/p01-d1-20260919-1irHPs/artifacts/d1_pu_20260919/core/RC/seed_42/training_features.csv
RC,42,core,morlet,32,96,median_scaled_norm,scaled feature units,2.7696417315006254,2.7942055463790894,1000,0,1000,12000,recorded,recorded within-batch median of ||z/sqrt(d)||; not pooled-window median,"equal-weight summaries of recorded source-training batch statistics; changing models, not frozen population estimates",/tmp/p01-d1-20260919-1irHPs/artifacts/d1_pu_20260919/core/RC/seed_42/training_features.csv
RC,42,core,morlet,32,96,median_unscaled_norm,native feature units,15.66745959841075,15.806413518989732,1000,0,1000,12000,recorded,sqrt(d) times recorded median_scaled_norm; not pooled-window median,"equal-weight summaries of recorded source-training batch statistics; changing models, not frozen population estimates",/tmp/p01-d1-20260919-1irHPs/artifacts/d1_pu_20260919/core/RC/seed_42/training_features.csv
RC,42,core,morlet,32,96,input_weight_gradient_norm,loss per native parameter coordinate,1.0220423010736703,0.9531172215938568,1000,0,1000,12000,recorded,raw first-readout parameter gradient Frobenius norm; MLP input-column block,"equal-weight summaries of recorded source-training batch statistics; changing models, not frozen population estimates",/tmp/p01-d1-20260919-1irHPs/artifacts/d1_pu_20260919/core/RC/seed_42/training_features.csv
RC,42,core,morlet,32,96,raw_input_weight_norm,native weight coordinates,0.44276618399471046,0.46853141486644745,1000,0,1000,12000,recorded,raw first-readout input-column-block Frobenius norm,"equal-weight summaries of recorded source-training batch statistics; changing models, not frozen population estimates",/tmp/p01-d1-20260919-1irHPs/artifacts/d1_pu_20260919/core/RC/seed_42/training_features.csv
RC,42,core,morlet,32,96,effective_input_weight_norm,native weight coordinates,0.44276618399471046,0.46853141486644745,1000,0,1000,12000,recorded,effective capped first-readout input-column-block Frobenius norm,"equal-weight summaries of recorded source-training batch statistics; changing models, not frozen population estimates",/tmp/p01-d1-20260919-1irHPs/artifacts/d1_pu_20260919/core/RC/seed_42/training_features.csv
RC,42,core,morlet,32,96,effective_output_weight_norm,native weight coordinates,2.4641372734308242,2.608708620071411,1000,0,1000,12000,recorded,whole effective output matrix norm; repeated across branch rows,"equal-weight summaries of recorded source-training batch statistics; changing models, not frozen population estimates",/tmp/p01-d1-20260919-1irHPs/artifacts/d1_pu_20260919/core/RC/seed_42/training_features.csv
RC,42,core,stft_long,64,192,mean_scaled_squared_norm,scaled feature units squared,9.724477717399598,9.821154117584229,1000,0,1000,12000,recorded,recorded within-batch mean of ||z/sqrt(d)||^2,"equal-weight summaries of recorded source-training batch statistics; changing models, not frozen population estimates",/tmp/p01-d1-20260919-1irHPs/artifacts/d1_pu_20260919/core/RC/seed_42/training_features.csv
RC,42,core,stft_long,64,192,mean_unscaled_squared_norm,native feature units squared,622.3665739135743,628.5538635253906,1000,0,1000,12000,recorded,d times recorded mean_scaled_squared_norm,"equal-weight summaries of recorded source-training batch statistics; changing models, not frozen population estimates",/tmp/p01-d1-20260919-1irHPs/artifacts/d1_pu_20260919/core/RC/seed_42/training_features.csv
RC,42,core,stft_long,64,192,median_scaled_norm,scaled feature units,3.176227657556534,3.1979267597198486,1000,0,1000,12000,recorded,recorded within-batch median of ||z/sqrt(d)||; not pooled-window median,"equal-weight summaries of recorded source-training batch statistics; changing models, not frozen population estimates",/tmp/p01-d1-20260919-1irHPs/artifacts/d1_pu_20260919/core/RC/seed_42/training_features.csv
RC,42,core,stft_long,64,192,median_unscaled_norm,native feature units,25.409821260452272,25.58341407775879,1000,0,1000,12000,recorded,sqrt(d) times recorded median_scaled_norm; not pooled-window median,"equal-weight summaries of recorded source-training batch statistics; changing models, not frozen population estimates",/tmp/p01-d1-20260919-1irHPs/artifacts/d1_pu_20260919/core/RC/seed_42/training_features.csv
RC,42,core,stft_long,64,192,input_weight_gradient_norm,loss per native parameter coordinate,1.1597742936164142,1.0687430500984192,1000,0,1000,12000,recorded,raw first-readout parameter gradient Frobenius norm; MLP input-column block,"equal-weight summaries of recorded source-training batch statistics; changing models, not frozen population estimates",/tmp/p01-d1-20260919-1irHPs/artifacts/d1_pu_20260919/core/RC/seed_42/training_features.csv
RC,42,core,stft_long,64,192,raw_input_weight_norm,native weight coordinates,0.6512335181683302,0.6904819905757904,1000,0,1000,12000,recorded,raw first-readout input-column-block Frobenius norm,"equal-weight summaries of recorded source-training batch statistics; changing models, not frozen population estimates",/tmp/p01-d1-20260919-1irHPs/artifacts/d1_pu_20260919/core/RC/seed_42/training_features.csv
RC,42,core,stft_long,64,192,effective_input_weight_norm,native weight coordinates,0.6512335181683302,0.6904819905757904,1000,0,1000,12000,recorded,effective capped first-readout input-column-block Frobenius norm,"equal-weight summaries of recorded source-training batch statistics; changing models, not frozen population estimates",/tmp/p01-d1-20260919-1irHPs/artifacts/d1_pu_20260919/core/RC/seed_42/training_features.csv
RC,42,core,stft_long,64,192,effective_output_weight_norm,native weight coordinates,2.4641372734308242,2.608708620071411,1000,0,1000,12000,recorded,whole effective output matrix norm; repeated across branch rows,"equal-weight summaries of recorded source-training batch statistics; changing models, not frozen population estimates",/tmp/p01-d1-20260919-1irHPs/artifacts/d1_pu_20260919/core/RC/seed_42/training_features.csv
RC,42,core,mexican_hat,32,96,mean_scaled_squared_norm,scaled feature units squared,5.91907683467865,5.9220123291015625,1000,0,1000,12000,recorded,recorded within-batch mean of ||z/sqrt(d)||^2,"equal-weight summaries of recorded source-training batch statistics; changing models, not frozen population estimates",/tmp/p01-d1-20260919-1irHPs/artifacts/d1_pu_20260919/core/RC/seed_42/training_features.csv
RC,42,core,mexican_hat,32,96,mean_unscaled_squared_norm,native feature units squared,189.4104587097168,189.50439453125,1000,0,1000,12000,recorded,d times recorded mean_scaled_squared_norm,"equal-weight summaries of recorded source-training batch statistics; changing models, not frozen population estimates",/tmp/p01-d1-20260919-1irHPs/artifacts/d1_pu_20260919/core/RC/seed_42/training_features.csv
RC,42,core,mexican_hat,32,96,median_scaled_norm,scaled feature units,2.426838875770569,2.441170334815979,1000,0,1000,12000,recorded,recorded within-batch median of ||z/sqrt(d)||; not pooled-window median,"equal-weight summaries of recorded source-training batch statistics; changing models, not frozen population estimates",/tmp/p01-d1-20260919-1irHPs/artifacts/d1_pu_20260919/core/RC/seed_42/training_features.csv
RC,42,core,mexican_hat,32,96,median_unscaled_norm,native feature units,13.728273807236054,13.809344782238508,1000,0,1000,12000,recorded,sqrt(d) times recorded median_scaled_norm; not pooled-window median,"equal-weight summaries of recorded source-training batch statistics; changing models, not frozen population estimates",/tmp/p01-d1-20260919-1irHPs/artifacts/d1_pu_20260919/core/RC/seed_42/training_features.csv
RC,42,core,mexican_hat,32,96,input_weight_gradient_norm,loss per native parameter coordinate,0.8958520570322871,0.8360716700553894,1000,0,1000,12000,recorded,raw first-readout parameter gradient Frobenius norm; MLP input-column block,"equal-weight summaries of recorded source-training batch statistics; changing models, not frozen population estimates",/tmp/p01-d1-20260919-1irHPs/artifacts/d1_pu_20260919/core/RC/seed_42/training_features.csv
RC,42,core,mexican_hat,32,96,raw_input_weight_norm,native weight coordinates,0.4488750487193465,0.47666211426258087,1000,0,1000,12000,recorded,raw first-readout input-column-block Frobenius norm,"equal-weight summaries of recorded source-training batch statistics; changing models, not frozen population estimates",/tmp/p01-d1-20260919-1irHPs/artifacts/d1_pu_20260919/core/RC/seed_42/training_features.csv
RC,42,core,mexican_hat,32,96,effective_input_weight_norm,native weight coordinates,0.4488750487193465,0.47666211426258087,1000,0,1000,12000,recorded,effective capped first-readout input-column-block Frobenius norm,"equal-weight summaries of recorded source-training batch statistics; changing models, not frozen population estimates",/tmp/p01-d1-20260919-1irHPs/artifacts/d1_pu_20260919/core/RC/seed_42/training_features.csv
RC,42,core,mexican_hat,32,96,effective_output_weight_norm,native weight coordinates,2.4641372734308242,2.608708620071411,1000,0,1000,12000,recorded,whole effective output matrix norm; repeated across branch rows,"equal-weight summaries of recorded source-training batch statistics; changing models, not frozen population estimates",/tmp/p01-d1-20260919-1irHPs/artifacts/d1_pu_20260919/core/RC/seed_42/training_features.csv
RC,42,core,stockwell,40,120,mean_scaled_squared_norm,scaled feature units squared,17.509509525299073,17.533218383789062,1000,0,1000,12000,recorded,recorded within-batch mean of ||z/sqrt(d)||^2,"equal-weight summaries of recorded source-training batch statistics; changing models, not frozen population estimates",/tmp/p01-d1-20260919-1irHPs/artifacts/d1_pu_20260919/core/RC/seed_42/training_features.csv
RC,42,core,stockwell,40,120,mean_unscaled_squared_norm,native feature units squared,700.3803810119629,701.3287353515625,1000,0,1000,12000,recorded,d times recorded mean_scaled_squared_norm,"equal-weight summaries of recorded source-training batch statistics; changing models, not frozen population estimates",/tmp/p01-d1-20260919-1irHPs/artifacts/d1_pu_20260919/core/RC/seed_42/training_features.csv
RC,42,core,stockwell,40,120,median_scaled_norm,scaled feature units,4.219409244537354,4.241060495376587,1000,0,1000,12000,recorded,recorded within-batch median of ||z/sqrt(d)||; not pooled-window median,"equal-weight summaries of recorded source-training batch statistics; changing models, not frozen population estimates",/tmp/p01-d1-20260919-1irHPs/artifacts/d1_pu_20260919/core/RC/seed_42/training_features.csv
RC,42,core,stockwell,40,120,median_unscaled_norm,native feature units,26.685887186216824,26.82282171990404,1000,0,1000,12000,recorded,sqrt(d) times recorded median_scaled_norm; not pooled-window median,"equal-weight summaries of recorded source-training batch statistics; changing models, not frozen population estimates",/tmp/p01-d1-20260919-1irHPs/artifacts/d1_pu_20260919/core/RC/seed_42/training_features.csv
RC,42,core,stockwell,40,120,input_weight_gradient_norm,loss per native parameter coordinate,1.5366940749436617,1.4247910380363464,1000,0,1000,12000,recorded,raw first-readout parameter gradient Frobenius norm; MLP input-column block,"equal-weight summaries of recorded source-training batch statistics; changing models, not frozen population estimates",/tmp/p01-d1-20260919-1irHPs/artifacts/d1_pu_20260919/core/RC/seed_42/training_features.csv
RC,42,core,stockwell,40,120,raw_input_weight_norm,native weight coordinates,0.6204478235542774,0.6592147946357727,1000,0,1000,12000,recorded,raw first-readout input-column-block Frobenius norm,"equal-weight summaries of recorded source-training batch statistics; changing models, not frozen population estimates",/tmp/p01-d1-20260919-1irHPs/artifacts/d1_pu_20260919/core/RC/seed_42/training_features.csv
RC,42,core,stockwell,40,120,effective_input_weight_norm,native weight coordinates,0.6204478235542774,0.6592147946357727,1000,0,1000,12000,recorded,effective capped first-readout input-column-block Frobenius norm,"equal-weight summaries of recorded source-training batch statistics; changing models, not frozen population estimates",/tmp/p01-d1-20260919-1irHPs/artifacts/d1_pu_20260919/core/RC/seed_42/training_features.csv
RC,42,core,stockwell,40,120,effective_output_weight_norm,native weight coordinates,2.4641372734308242,2.608708620071411,1000,0,1000,12000,recorded,whole effective output matrix norm; repeated across branch rows,"equal-weight summaries of recorded source-training batch statistics; changing models, not frozen population estimates",/tmp/p01-d1-20260919-1irHPs/artifacts/d1_pu_20260919/core/RC/seed_42/training_features.csv
RC,42,core,chirplet_up,32,96,mean_scaled_squared_norm,scaled feature units squared,10.06796904373169,10.16788101196289,1000,0,1000,12000,recorded,recorded within-batch mean of ||z/sqrt(d)||^2,"equal-weight summaries of recorded source-training batch statistics; changing models, not frozen population estimates",/tmp/p01-d1-20260919-1irHPs/artifacts/d1_pu_20260919/core/RC/seed_42/training_features.csv
RC,42,core,chirplet_up,32,96,mean_unscaled_squared_norm,native feature units squared,322.1750093994141,325.3721923828125,1000,0,1000,12000,recorded,d times recorded mean_scaled_squared_norm,"equal-weight summaries of recorded source-training batch statistics; changing models, not frozen population estimates",/tmp/p01-d1-20260919-1irHPs/artifacts/d1_pu_20260919/core/RC/seed_42/training_features.csv
RC,42,core,chirplet_up,32,96,median_scaled_norm,scaled feature units,3.214127722263336,3.2149178981781006,1000,0,1000,12000,recorded,recorded within-batch median of ||z/sqrt(d)||; not pooled-window median,"equal-weight summaries of recorded source-training batch statistics; changing models, not frozen population estimates",/tmp/p01-d1-20260919-1irHPs/artifacts/d1_pu_20260919/core/RC/seed_42/training_features.csv
RC,42,core,chirplet_up,32,96,median_unscaled_norm,native feature units,18.18185206409662,18.1863219740779,1000,0,1000,12000,recorded,sqrt(d) times recorded median_scaled_norm; not pooled-window median,"equal-weight summaries of recorded source-training batch statistics; changing models, not frozen population estimates",/tmp/p01-d1-20260919-1irHPs/artifacts/d1_pu_20260919/core/RC/seed_42/training_features.csv
RC,42,core,chirplet_up,32,96,input_weight_gradient_norm,loss per native parameter coordinate,1.1764256273657083,1.090591013431549,1000,0,1000,12000,recorded,raw first-readout parameter gradient Frobenius norm; MLP input-column block,"equal-weight summaries of recorded source-training batch statistics; changing models, not frozen population estimates",/tmp/p01-d1-20260919-1irHPs/artifacts/d1_pu_20260919/core/RC/seed_42/training_features.csv
RC,42,core,chirplet_up,32,96,raw_input_weight_norm,native weight coordinates,0.4296175919994712,0.4542396515607834,1000,0,1000,12000,recorded,raw first-readout input-column-block Frobenius norm,"equal-weight summaries of recorded source-training batch statistics; changing models, not frozen population estimates",/tmp/p01-d1-20260919-1irHPs/artifacts/d1_pu_20260919/core/RC/seed_42/training_features.csv
RC,42,core,chirplet_up,32,96,effective_input_weight_norm,native weight coordinates,0.4296175919994712,0.4542396515607834,1000,0,1000,12000,recorded,effective capped first-readout input-column-block Frobenius norm,"equal-weight summaries of recorded source-training batch statistics; changing models, not frozen population estimates",/tmp/p01-d1-20260919-1irHPs/artifacts/d1_pu_20260919/core/RC/seed_42/training_features.csv
RC,42,core,chirplet_up,32,96,effective_output_weight_norm,native weight coordinates,2.4641372734308242,2.608708620071411,1000,0,1000,12000,recorded,whole effective output matrix norm; repeated across branch rows,"equal-weight summaries of recorded source-training batch statistics; changing models, not frozen population estimates",/tmp/p01-d1-20260919-1irHPs/artifacts/d1_pu_20260919/core/RC/seed_42/training_features.csv
RC,123,core,reference,36,108,mean_scaled_squared_norm,scaled feature units squared,0.02910477677732706,0.024302472360432148,1000,0,1000,12000,recorded,recorded within-batch mean of ||z/sqrt(d)||^2,"equal-weight summaries of recorded source-training batch statistics; changing models, not frozen population estimates",/tmp/p01-d1-20260919-1irHPs/artifacts/d1_pu_20260919/core/RC/seed_123/training_features.csv
RC,123,core,reference,36,108,mean_unscaled_squared_norm,native feature units squared,1.0477719639837741,0.8748890049755573,1000,0,1000,12000,recorded,d times recorded mean_scaled_squared_norm,"equal-weight summaries of recorded source-training batch statistics; changing models, not frozen population estimates",/tmp/p01-d1-20260919-1irHPs/artifacts/d1_pu_20260919/core/RC/seed_123/training_features.csv
RC,123,core,reference,36,108,median_scaled_norm,scaled feature units,0.11672324199974538,0.11249158903956413,1000,0,1000,12000,recorded,recorded within-batch median of ||z/sqrt(d)||; not pooled-window median,"equal-weight summaries of recorded source-training batch statistics; changing models, not frozen population estimates",/tmp/p01-d1-20260919-1irHPs/artifacts/d1_pu_20260919/core/RC/seed_123/training_features.csv
RC,123,core,reference,36,108,median_unscaled_norm,native feature units,0.7003394519984723,0.6749495342373848,1000,0,1000,12000,recorded,sqrt(d) times recorded median_scaled_norm; not pooled-window median,"equal-weight summaries of recorded source-training batch statistics; changing models, not frozen population estimates",/tmp/p01-d1-20260919-1irHPs/artifacts/d1_pu_20260919/core/RC/seed_123/training_features.csv
RC,123,core,reference,36,108,input_weight_gradient_norm,loss per native parameter coordinate,0.059621333288028835,0.05332356318831444,1000,0,1000,12000,recorded,raw first-readout parameter gradient Frobenius norm; MLP input-column block,"equal-weight summaries of recorded source-training batch statistics; changing models, not frozen population estimates",/tmp/p01-d1-20260919-1irHPs/artifacts/d1_pu_20260919/core/RC/seed_123/training_features.csv
RC,123,core,reference,36,108,raw_input_weight_norm,native weight coordinates,1.9044253906682134,2.034312129020691,1000,0,1000,12000,recorded,raw first-readout input-column-block Frobenius norm,"equal-weight summaries of recorded source-training batch statistics; changing models, not frozen population estimates",/tmp/p01-d1-20260919-1irHPs/artifacts/d1_pu_20260919/core/RC/seed_123/training_features.csv
RC,123,core,reference,36,108,effective_input_weight_norm,native weight coordinates,1.9044253906682134,2.034312129020691,1000,0,1000,12000,recorded,effective capped first-readout input-column-block Frobenius norm,"equal-weight summaries of recorded source-training batch statistics; changing models, not frozen population estimates",/tmp/p01-d1-20260919-1irHPs/artifacts/d1_pu_20260919/core/RC/seed_123/training_features.csv
RC,123,core,reference,36,108,effective_output_weight_norm,native weight coordinates,2.4250309910774233,2.577775001525879,1000,0,1000,12000,recorded,whole effective output matrix norm; repeated across branch rows,"equal-weight summaries of recorded source-training batch statistics; changing models, not frozen population estimates",/tmp/p01-d1-20260919-1irHPs/artifacts/d1_pu_20260919/core/RC/seed_123/training_features.csv
RC,123,core,envelope,8,24,mean_scaled_squared_norm,scaled feature units squared,0.0012909098873496987,0.0011345858802087605,1000,0,1000,12000,recorded,recorded within-batch mean of ||z/sqrt(d)||^2,"equal-weight summaries of recorded source-training batch statistics; changing models, not frozen population estimates",/tmp/p01-d1-20260919-1irHPs/artifacts/d1_pu_20260919/core/RC/seed_123/training_features.csv
RC,123,core,envelope,8,24,mean_unscaled_squared_norm,native feature units squared,0.01032727909879759,0.009076687041670084,1000,0,1000,12000,recorded,d times recorded mean_scaled_squared_norm,"equal-weight summaries of recorded source-training batch statistics; changing models, not frozen population estimates",/tmp/p01-d1-20260919-1irHPs/artifacts/d1_pu_20260919/core/RC/seed_123/training_features.csv
RC,123,core,envelope,8,24,median_scaled_norm,scaled feature units,0.02554114140570164,0.02466605044901371,1000,0,1000,12000,recorded,recorded within-batch median of ||z/sqrt(d)||; not pooled-window median,"equal-weight summaries of recorded source-training batch statistics; changing models, not frozen population estimates",/tmp/p01-d1-20260919-1irHPs/artifacts/d1_pu_20260919/core/RC/seed_123/training_features.csv
RC,123,core,envelope,8,24,median_unscaled_norm,native feature units,0.07224125714886455,0.06976612615034833,1000,0,1000,12000,recorded,sqrt(d) times recorded median_scaled_norm; not pooled-window median,"equal-weight summaries of recorded source-training batch statistics; changing models, not frozen population estimates",/tmp/p01-d1-20260919-1irHPs/artifacts/d1_pu_20260919/core/RC/seed_123/training_features.csv
RC,123,core,envelope,8,24,input_weight_gradient_norm,loss per native parameter coordinate,0.010987687936401926,0.009921743534505367,1000,0,1000,12000,recorded,raw first-readout parameter gradient Frobenius norm; MLP input-column block,"equal-weight summaries of recorded source-training batch statistics; changing models, not frozen population estimates",/tmp/p01-d1-20260919-1irHPs/artifacts/d1_pu_20260919/core/RC/seed_123/training_features.csv
RC,123,core,envelope,8,24,raw_input_weight_norm,native weight coordinates,0.6844075699970126,0.710676521062851,1000,0,1000,12000,recorded,raw first-readout input-column-block Frobenius norm,"equal-weight summaries of recorded source-training batch statistics; changing models, not frozen population estimates",/tmp/p01-d1-20260919-1irHPs/artifacts/d1_pu_20260919/core/RC/seed_123/training_features.csv
RC,123,core,envelope,8,24,effective_input_weight_norm,native weight coordinates,0.6844075699970126,0.710676521062851,1000,0,1000,12000,recorded,effective capped first-readout input-column-block Frobenius norm,"equal-weight summaries of recorded source-training batch statistics; changing models, not frozen population estimates",/tmp/p01-d1-20260919-1irHPs/artifacts/d1_pu_20260919/core/RC/seed_123/training_features.csv
RC,123,core,envelope,8,24,effective_output_weight_norm,native weight coordinates,2.4250309910774233,2.577775001525879,1000,0,1000,12000,recorded,whole effective output matrix norm; repeated across branch rows,"equal-weight summaries of recorded source-training batch statistics; changing models, not frozen population estimates",/tmp/p01-d1-20260919-1irHPs/artifacts/d1_pu_20260919/core/RC/seed_123/training_features.csv
RC,123,core,stft_short,64,192,mean_scaled_squared_norm,scaled feature units squared,10.557001826286315,10.696016788482666,1000,0,1000,12000,recorded,recorded within-batch mean of ||z/sqrt(d)||^2,"equal-weight summaries of recorded source-training batch statistics; changing models, not frozen population estimates",/tmp/p01-d1-20260919-1irHPs/artifacts/d1_pu_20260919/core/RC/seed_123/training_features.csv
RC,123,core,stft_short,64,192,mean_unscaled_squared_norm,native feature units squared,675.6481168823242,684.5450744628906,1000,0,1000,12000,recorded,d times recorded mean_scaled_squared_norm,"equal-weight summaries of recorded source-training batch statistics; changing models, not frozen population estimates",/tmp/p01-d1-20260919-1irHPs/artifacts/d1_pu_20260919/core/RC/seed_123/training_features.csv
RC,123,core,stft_short,64,192,median_scaled_norm,scaled feature units,3.296707934856415,3.312204122543335,1000,0,1000,12000,recorded,recorded within-batch median of ||z/sqrt(d)||; not pooled-window median,"equal-weight summaries of recorded source-training batch statistics; changing models, not frozen population estimates",/tmp/p01-d1-20260919-1irHPs/artifacts/d1_pu_20260919/core/RC/seed_123/training_features.csv
RC,123,core,stft_short,64,192,median_unscaled_norm,native feature units,26.37366347885132,26.49763298034668,1000,0,1000,12000,recorded,sqrt(d) times recorded median_scaled_norm; not pooled-window median,"equal-weight summaries of recorded source-training batch statistics; changing models, not frozen population estimates",/tmp/p01-d1-20260919-1irHPs/artifacts/d1_pu_20260919/core/RC/seed_123/training_features.csv
RC,123,core,stft_short,64,192,input_weight_gradient_norm,loss per native parameter coordinate,1.2019738858640194,1.110157549381256,1000,0,1000,12000,recorded,raw first-readout parameter gradient Frobenius norm; MLP input-column block,"equal-weight summaries of recorded source-training batch statistics; changing models, not frozen population estimates",/tmp/p01-d1-20260919-1irHPs/artifacts/d1_pu_20260919/core/RC/seed_123/training_features.csv
RC,123,core,stft_short,64,192,raw_input_weight_norm,native weight coordinates,0.639078756928444,0.6773548424243927,1000,0,1000,12000,recorded,raw first-readout input-column-block Frobenius norm,"equal-weight summaries of recorded source-training batch statistics; changing models, not frozen population estimates",/tmp/p01-d1-20260919-1irHPs/artifacts/d1_pu_20260919/core/RC/seed_123/training_features.csv
RC,123,core,stft_short,64,192,effective_input_weight_norm,native weight coordinates,0.639078756928444,0.6773548424243927,1000,0,1000,12000,recorded,effective capped first-readout input-column-block Frobenius norm,"equal-weight summaries of recorded source-training batch statistics; changing models, not frozen population estimates",/tmp/p01-d1-20260919-1irHPs/artifacts/d1_pu_20260919/core/RC/seed_123/training_features.csv
RC,123,core,stft_short,64,192,effective_output_weight_norm,native weight coordinates,2.4250309910774233,2.577775001525879,1000,0,1000,12000,recorded,whole effective output matrix norm; repeated across branch rows,"equal-weight summaries of recorded source-training batch statistics; changing models, not frozen population estimates",/tmp/p01-d1-20260919-1irHPs/artifacts/d1_pu_20260919/core/RC/seed_123/training_features.csv
RC,123,core,morlet,32,96,mean_scaled_squared_norm,scaled feature units squared,7.4996230082511905,7.552152156829834,1000,0,1000,12000,recorded,recorded within-batch mean of ||z/sqrt(d)||^2,"equal-weight summaries of recorded source-training batch statistics; changing models, not frozen population estimates",/tmp/p01-d1-20260919-1irHPs/artifacts/d1_pu_20260919/core/RC/seed_123/training_features.csv
RC,123,core,morlet,32,96,mean_unscaled_squared_norm,native feature units squared,239.9879362640381,241.6688690185547,1000,0,1000,12000,recorded,d times recorded mean_scaled_squared_norm,"equal-weight summaries of recorded source-training batch statistics; changing models, not frozen population estimates",/tmp/p01-d1-20260919-1irHPs/artifacts/d1_pu_20260919/core/RC/seed_123/training_features.csv
RC,123,core,morlet,32,96,median_scaled_norm,scaled feature units,2.7576455357074736,2.773860216140747,1000,0,1000,12000,recorded,recorded within-batch median of ||z/sqrt(d)||; not pooled-window median,"equal-weight summaries of recorded source-training batch statistics; changing models, not frozen population estimates",/tmp/p01-d1-20260919-1irHPs/artifacts/d1_pu_20260919/core/RC/seed_123/training_features.csv
RC,123,core,morlet,32,96,median_unscaled_norm,native feature units,15.599598867260514,15.691322951173639,1000,0,1000,12000,recorded,sqrt(d) times recorded median_scaled_norm; not pooled-window median,"equal-weight summaries of recorded source-training batch statistics; changing models, not frozen population estimates",/tmp/p01-d1-20260919-1irHPs/artifacts/d1_pu_20260919/core/RC/seed_123/training_features.csv
RC,123,core,morlet,32,96,input_weight_gradient_norm,loss per native parameter coordinate,1.0215045286789537,0.9544688761234283,1000,0,1000,12000,recorded,raw first-readout parameter gradient Frobenius norm; MLP input-column block,"equal-weight summaries of recorded source-training batch statistics; changing models, not frozen population estimates",/tmp/p01-d1-20260919-1irHPs/artifacts/d1_pu_20260919/core/RC/seed_123/training_features.csv
RC,123,core,morlet,32,96,raw_input_weight_norm,native weight coordinates,0.43472083155065777,0.4624321311712265,1000,0,1000,12000,recorded,raw first-readout input-column-block Frobenius norm,"equal-weight summaries of recorded source-training batch statistics; changing models, not frozen population estimates",/tmp/p01-d1-20260919-1irHPs/artifacts/d1_pu_20260919/core/RC/seed_123/training_features.csv
RC,123,core,morlet,32,96,effective_input_weight_norm,native weight coordinates,0.43472083155065777,0.4624321311712265,1000,0,1000,12000,recorded,effective capped first-readout input-column-block Frobenius norm,"equal-weight summaries of recorded source-training batch statistics; changing models, not frozen population estimates",/tmp/p01-d1-20260919-1irHPs/artifacts/d1_pu_20260919/core/RC/seed_123/training_features.csv
RC,123,core,morlet,32,96,effective_output_weight_norm,native weight coordinates,2.4250309910774233,2.577775001525879,1000,0,1000,12000,recorded,whole effective output matrix norm; repeated across branch rows,"equal-weight summaries of recorded source-training batch statistics; changing models, not frozen population estimates",/tmp/p01-d1-20260919-1irHPs/artifacts/d1_pu_20260919/core/RC/seed_123/training_features.csv
RC,123,core,stft_long,64,192,mean_scaled_squared_norm,scaled feature units squared,9.728675252914428,9.847698211669922,1000,0,1000,12000,recorded,recorded within-batch mean of ||z/sqrt(d)||^2,"equal-weight summaries of recorded source-training batch statistics; changing models, not frozen population estimates",/tmp/p01-d1-20260919-1irHPs/artifacts/d1_pu_20260919/core/RC/seed_123/training_features.csv
RC,123,core,stft_long,64,192,mean_unscaled_squared_norm,native feature units squared,622.6352161865234,630.252685546875,1000,0,1000,12000,recorded,d times recorded mean_scaled_squared_norm,"equal-weight summaries of recorded source-training batch statistics; changing models, not frozen population estimates",/tmp/p01-d1-20260919-1irHPs/artifacts/d1_pu_20260919/core/RC/seed_123/training_features.csv
RC,123,core,stft_long,64,192,median_scaled_norm,scaled feature units,3.171041420698166,3.1943639516830444,1000,0,1000,12000,recorded,recorded within-batch median of ||z/sqrt(d)||; not pooled-window median,"equal-weight summaries of recorded source-training batch statistics; changing models, not frozen population estimates",/tmp/p01-d1-20260919-1irHPs/artifacts/d1_pu_20260919/core/RC/seed_123/training_features.csv
RC,123,core,stft_long,64,192,median_unscaled_norm,native feature units,25.368331365585327,25.554911613464355,1000,0,1000,12000,recorded,sqrt(d) times recorded median_scaled_norm; not pooled-window median,"equal-weight summaries of recorded source-training batch statistics; changing models, not frozen population estimates",/tmp/p01-d1-20260919-1irHPs/artifacts/d1_pu_20260919/core/RC/seed_123/training_features.csv
RC,123,core,stft_long,64,192,input_weight_gradient_norm,loss per native parameter coordinate,1.1562387295290828,1.0684468150138855,1000,0,1000,12000,recorded,raw first-readout parameter gradient Frobenius norm; MLP input-column block,"equal-weight summaries of recorded source-training batch statistics; changing models, not frozen population estimates",/tmp/p01-d1-20260919-1irHPs/artifacts/d1_pu_20260919/core/RC/seed_123/training_features.csv
RC,123,core,stft_long,64,192,raw_input_weight_norm,native weight coordinates,0.6561342516243458,0.6948862671852112,1000,0,1000,12000,recorded,raw first-readout input-column-block Frobenius norm,"equal-weight summaries of recorded source-training batch statistics; changing models, not frozen population estimates",/tmp/p01-d1-20260919-1irHPs/artifacts/d1_pu_20260919/core/RC/seed_123/training_features.csv
RC,123,core,stft_long,64,192,effective_input_weight_norm,native weight coordinates,0.6561342516243458,0.6948862671852112,1000,0,1000,12000,recorded,effective capped first-readout input-column-block Frobenius norm,"equal-weight summaries of recorded source-training batch statistics; changing models, not frozen population estimates",/tmp/p01-d1-20260919-1irHPs/artifacts/d1_pu_20260919/core/RC/seed_123/training_features.csv
RC,123,core,stft_long,64,192,effective_output_weight_norm,native weight coordinates,2.4250309910774233,2.577775001525879,1000,0,1000,12000,recorded,whole effective output matrix norm; repeated across branch rows,"equal-weight summaries of recorded source-training batch statistics; changing models, not frozen population estimates",/tmp/p01-d1-20260919-1irHPs/artifacts/d1_pu_20260919/core/RC/seed_123/training_features.csv
RC,123,core,mexican_hat,32,96,mean_scaled_squared_norm,scaled feature units squared,5.901692845344543,5.915809154510498,1000,0,1000,12000,recorded,recorded within-batch mean of ||z/sqrt(d)||^2,"equal-weight summaries of recorded source-training batch statistics; changing models, not frozen population estimates",/tmp/p01-d1-20260919-1irHPs/artifacts/d1_pu_20260919/core/RC/seed_123/training_features.csv
RC,123,core,mexican_hat,32,96,mean_unscaled_squared_norm,native feature units squared,188.8541710510254,189.30589294433594,1000,0,1000,12000,recorded,d times recorded mean_scaled_squared_norm,"equal-weight summaries of recorded source-training batch statistics; changing models, not frozen population estimates",/tmp/p01-d1-20260919-1irHPs/artifacts/d1_pu_20260919/core/RC/seed_123/training_features.csv
RC,123,core,mexican_hat,32,96,median_scaled_norm,scaled feature units,2.4217259526252746,2.4327341318130493,1000,0,1000,12000,recorded,recorded within-batch median of ||z/sqrt(d)||; not pooled-window median,"equal-weight summaries of recorded source-training batch statistics; changing models, not frozen population estimates",/tmp/p01-d1-20260919-1irHPs/artifacts/d1_pu_20260919/core/RC/seed_123/training_features.csv
RC,123,core,mexican_hat,32,96,median_unscaled_norm,native feature units,13.699350746214268,13.761622411431805,1000,0,1000,12000,recorded,sqrt(d) times recorded median_scaled_norm; not pooled-window median,"equal-weight summaries of recorded source-training batch statistics; changing models, not frozen population estimates",/tmp/p01-d1-20260919-1irHPs/artifacts/d1_pu_20260919/core/RC/seed_123/training_features.csv
RC,123,core,mexican_hat,32,96,input_weight_gradient_norm,loss per native parameter coordinate,0.9001823911741376,0.8353941142559052,1000,0,1000,12000,recorded,raw first-readout parameter gradient Frobenius norm; MLP input-column block,"equal-weight summaries of recorded source-training batch statistics; changing models, not frozen population estimates",/tmp/p01-d1-20260919-1irHPs/artifacts/d1_pu_20260919/core/RC/seed_123/training_features.csv
RC,123,core,mexican_hat,32,96,raw_input_weight_norm,native weight coordinates,0.4219455428868532,0.44320718944072723,1000,0,1000,12000,recorded,raw first-readout input-column-block Frobenius norm,"equal-weight summaries of recorded source-training batch statistics; changing models, not frozen population estimates",/tmp/p01-d1-20260919-1irHPs/artifacts/d1_pu_20260919/core/RC/seed_123/training_features.csv
RC,123,core,mexican_hat,32,96,effective_input_weight_norm,native weight coordinates,0.4219455428868532,0.44320718944072723,1000,0,1000,12000,recorded,effective capped first-readout input-column-block Frobenius norm,"equal-weight summaries of recorded source-training batch statistics; changing models, not frozen population estimates",/tmp/p01-d1-20260919-1irHPs/artifacts/d1_pu_20260919/core/RC/seed_123/training_features.csv
RC,123,core,mexican_hat,32,96,effective_output_weight_norm,native weight coordinates,2.4250309910774233,2.577775001525879,1000,0,1000,12000,recorded,whole effective output matrix norm; repeated across branch rows,"equal-weight summaries of recorded source-training batch statistics; changing models, not frozen population estimates",/tmp/p01-d1-20260919-1irHPs/artifacts/d1_pu_20260919/core/RC/seed_123/training_features.csv
RC,123,core,stockwell,40,120,mean_scaled_squared_norm,scaled feature units squared,17.49382647228241,17.55169105529785,1000,0,1000,12000,recorded,recorded within-batch mean of ||z/sqrt(d)||^2,"equal-weight summaries of recorded source-training batch statistics; changing models, not frozen population estimates",/tmp/p01-d1-20260919-1irHPs/artifacts/d1_pu_20260919/core/RC/seed_123/training_features.csv
RC,123,core,stockwell,40,120,mean_unscaled_squared_norm,native feature units squared,699.7530588912964,702.0676422119141,1000,0,1000,12000,recorded,d times recorded mean_scaled_squared_norm,"equal-weight summaries of recorded source-training batch statistics; changing models, not frozen population estimates",/tmp/p01-d1-20260919-1irHPs/artifacts/d1_pu_20260919/core/RC/seed_123/training_features.csv
RC,123,core,stockwell,40,120,median_scaled_norm,scaled feature units,4.212552909135819,4.2345545291900635,1000,0,1000,12000,recorded,recorded within-batch median of ||z/sqrt(d)||; not pooled-window median,"equal-weight summaries of recorded source-training batch statistics; changing models, not frozen population estimates",/tmp/p01-d1-20260919-1irHPs/artifacts/d1_pu_20260919/core/RC/seed_123/training_features.csv
RC,123,core,stockwell,40,120,median_unscaled_norm,native feature units,26.64252391367503,26.781674376845135,1000,0,1000,12000,recorded,sqrt(d) times recorded median_scaled_norm; not pooled-window median,"equal-weight summaries of recorded source-training batch statistics; changing models, not frozen population estimates",/tmp/p01-d1-20260919-1irHPs/artifacts/d1_pu_20260919/core/RC/seed_123/training_features.csv
RC,123,core,stockwell,40,120,input_weight_gradient_norm,loss per native parameter coordinate,1.538505729444325,1.4323022961616516,1000,0,1000,12000,recorded,raw first-readout parameter gradient Frobenius norm; MLP input-column block,"equal-weight summaries of recorded source-training batch statistics; changing models, not frozen population estimates",/tmp/p01-d1-20260919-1irHPs/artifacts/d1_pu_20260919/core/RC/seed_123/training_features.csv
RC,123,core,stockwell,40,120,raw_input_weight_norm,native weight coordinates,0.6346107029244303,0.6795802414417267,1000,0,1000,12000,recorded,raw first-readout input-column-block Frobenius norm,"equal-weight summaries of recorded source-training batch statistics; changing models, not frozen population estimates",/tmp/p01-d1-20260919-1irHPs/artifacts/d1_pu_20260919/core/RC/seed_123/training_features.csv
RC,123,core,stockwell,40,120,effective_input_weight_norm,native weight coordinates,0.6346107029244303,0.6795802414417267,1000,0,1000,12000,recorded,effective capped first-readout input-column-block Frobenius norm,"equal-weight summaries of recorded source-training batch statistics; changing models, not frozen population estimates",/tmp/p01-d1-20260919-1irHPs/artifacts/d1_pu_20260919/core/RC/seed_123/training_features.csv
RC,123,core,stockwell,40,120,effective_output_weight_norm,native weight coordinates,2.4250309910774233,2.577775001525879,1000,0,1000,12000,recorded,whole effective output matrix norm; repeated across branch rows,"equal-weight summaries of recorded source-training batch statistics; changing models, not frozen population estimates",/tmp/p01-d1-20260919-1irHPs/artifacts/d1_pu_20260919/core/RC/seed_123/training_features.csv
RC,123,core,chirplet_up,32,96,mean_scaled_squared_norm,scaled feature units squared,10.05943023443222,10.178942680358887,1000,0,1000,12000,recorded,recorded within-batch mean of ||z/sqrt(d)||^2,"equal-weight summaries of recorded source-training batch statistics; changing models, not frozen population estimates",/tmp/p01-d1-20260919-1irHPs/artifacts/d1_pu_20260919/core/RC/seed_123/training_features.csv
RC,123,core,chirplet_up,32,96,mean_unscaled_squared_norm,native feature units squared,321.90176750183105,325.7261657714844,1000,0,1000,12000,recorded,d times recorded mean_scaled_squared_norm,"equal-weight summaries of recorded source-training batch statistics; changing models, not frozen population estimates",/tmp/p01-d1-20260919-1irHPs/artifacts/d1_pu_20260919/core/RC/seed_123/training_features.csv
RC,123,core,chirplet_up,32,96,median_scaled_norm,scaled feature units,3.2069240453243255,3.208019971847534,1000,0,1000,12000,recorded,recorded within-batch median of ||z/sqrt(d)||; not pooled-window median,"equal-weight summaries of recorded source-training batch statistics; changing models, not frozen population estimates",/tmp/p01-d1-20260919-1irHPs/artifacts/d1_pu_20260919/core/RC/seed_123/training_features.csv
RC,123,core,chirplet_up,32,96,median_unscaled_norm,native feature units,18.141101913592205,18.147301410202154,1000,0,1000,12000,recorded,sqrt(d) times recorded median_scaled_norm; not pooled-window median,"equal-weight summaries of recorded source-training batch statistics; changing models, not frozen population estimates",/tmp/p01-d1-20260919-1irHPs/artifacts/d1_pu_20260919/core/RC/seed_123/training_features.csv
RC,123,core,chirplet_up,32,96,input_weight_gradient_norm,loss per native parameter coordinate,1.1742109945267438,1.090042531490326,1000,0,1000,12000,recorded,raw first-readout parameter gradient Frobenius norm; MLP input-column block,"equal-weight summaries of recorded source-training batch statistics; changing models, not frozen population estimates",/tmp/p01-d1-20260919-1irHPs/artifacts/d1_pu_20260919/core/RC/seed_123/training_features.csv
RC,123,core,chirplet_up,32,96,raw_input_weight_norm,native weight coordinates,0.4026626203581691,0.4331909567117691,1000,0,1000,12000,recorded,raw first-readout input-column-block Frobenius norm,"equal-weight summaries of recorded source-training batch statistics; changing models, not frozen population estimates",/tmp/p01-d1-20260919-1irHPs/artifacts/d1_pu_20260919/core/RC/seed_123/training_features.csv
RC,123,core,chirplet_up,32,96,effective_input_weight_norm,native weight coordinates,0.4026626203581691,0.4331909567117691,1000,0,1000,12000,recorded,effective capped first-readout input-column-block Frobenius norm,"equal-weight summaries of recorded source-training batch statistics; changing models, not frozen population estimates",/tmp/p01-d1-20260919-1irHPs/artifacts/d1_pu_20260919/core/RC/seed_123/training_features.csv
RC,123,core,chirplet_up,32,96,effective_output_weight_norm,native weight coordinates,2.4250309910774233,2.577775001525879,1000,0,1000,12000,recorded,whole effective output matrix norm; repeated across branch rows,"equal-weight summaries of recorded source-training batch statistics; changing models, not frozen population estimates",/tmp/p01-d1-20260919-1irHPs/artifacts/d1_pu_20260919/core/RC/seed_123/training_features.csv
RC,456,core,reference,36,108,mean_scaled_squared_norm,scaled feature units squared,0.030009630120825023,0.026062960736453533,1000,0,1000,12000,recorded,recorded within-batch mean of ||z/sqrt(d)||^2,"equal-weight summaries of recorded source-training batch statistics; changing models, not frozen population estimates",/tmp/p01-d1-20260919-1irHPs/artifacts/d1_pu_20260919/core/RC/seed_456/training_features.csv
RC,456,core,reference,36,108,mean_unscaled_squared_norm,native feature units squared,1.0803466843497007,0.9382665865123272,1000,0,1000,12000,recorded,d times recorded mean_scaled_squared_norm,"equal-weight summaries of recorded source-training batch statistics; changing models, not frozen population estimates",/tmp/p01-d1-20260919-1irHPs/artifacts/d1_pu_20260919/core/RC/seed_456/training_features.csv
RC,456,core,reference,36,108,median_scaled_norm,scaled feature units,0.11721337546408177,0.11299493163824081,1000,0,1000,12000,recorded,recorded within-batch median of ||z/sqrt(d)||; not pooled-window median,"equal-weight summaries of recorded source-training batch statistics; changing models, not frozen population estimates",/tmp/p01-d1-20260919-1irHPs/artifacts/d1_pu_20260919/core/RC/seed_456/training_features.csv
RC,456,core,reference,36,108,median_unscaled_norm,native feature units,0.7032802527844906,0.6779695898294449,1000,0,1000,12000,recorded,sqrt(d) times recorded median_scaled_norm; not pooled-window median,"equal-weight summaries of recorded source-training batch statistics; changing models, not frozen population estimates",/tmp/p01-d1-20260919-1irHPs/artifacts/d1_pu_20260919/core/RC/seed_456/training_features.csv
RC,456,core,reference,36,108,input_weight_gradient_norm,loss per native parameter coordinate,0.05978992325998843,0.053131530061364174,1000,0,1000,12000,recorded,raw first-readout parameter gradient Frobenius norm; MLP input-column block,"equal-weight summaries of recorded source-training batch statistics; changing models, not frozen population estimates",/tmp/p01-d1-20260919-1irHPs/artifacts/d1_pu_20260919/core/RC/seed_456/training_features.csv
RC,456,core,reference,36,108,raw_input_weight_norm,native weight coordinates,1.866704242400825,1.9686387181282043,1000,0,1000,12000,recorded,raw first-readout input-column-block Frobenius norm,"equal-weight summaries of recorded source-training batch statistics; changing models, not frozen population estimates",/tmp/p01-d1-20260919-1irHPs/artifacts/d1_pu_20260919/core/RC/seed_456/training_features.csv
RC,456,core,reference,36,108,effective_input_weight_norm,native weight coordinates,1.866704242400825,1.9686387181282043,1000,0,1000,12000,recorded,effective capped first-readout input-column-block Frobenius norm,"equal-weight summaries of recorded source-training batch statistics; changing models, not frozen population estimates",/tmp/p01-d1-20260919-1irHPs/artifacts/d1_pu_20260919/core/RC/seed_456/training_features.csv
RC,456,core,reference,36,108,effective_output_weight_norm,native weight coordinates,2.4072967086434365,2.539722204208374,1000,0,1000,12000,recorded,whole effective output matrix norm; repeated across branch rows,"equal-weight summaries of recorded source-training batch statistics; changing models, not frozen population estimates",/tmp/p01-d1-20260919-1irHPs/artifacts/d1_pu_20260919/core/RC/seed_456/training_features.csv
RC,456,core,envelope,8,24,mean_scaled_squared_norm,scaled feature units squared,0.0012742785569571425,0.0011062082485295832,1000,0,1000,12000,recorded,recorded within-batch mean of ||z/sqrt(d)||^2,"equal-weight summaries of recorded source-training batch statistics; changing models, not frozen population estimates",/tmp/p01-d1-20260919-1irHPs/artifacts/d1_pu_20260919/core/RC/seed_456/training_features.csv
RC,456,core,envelope,8,24,mean_unscaled_squared_norm,native feature units squared,0.01019422845565714,0.008849665988236666,1000,0,1000,12000,recorded,d times recorded mean_scaled_squared_norm,"equal-weight summaries of recorded source-training batch statistics; changing models, not frozen population estimates",/tmp/p01-d1-20260919-1irHPs/artifacts/d1_pu_20260919/core/RC/seed_456/training_features.csv
RC,456,core,envelope,8,24,median_scaled_norm,scaled feature units,0.0253091278988868,0.024728485383093357,1000,0,1000,12000,recorded,recorded within-batch median of ||z/sqrt(d)||; not pooled-window median,"equal-weight summaries of recorded source-training batch statistics; changing models, not frozen population estimates",/tmp/p01-d1-20260919-1irHPs/artifacts/d1_pu_20260919/core/RC/seed_456/training_features.csv
RC,456,core,envelope,8,24,median_unscaled_norm,native feature units,0.07158502385288197,0.06994271881143094,1000,0,1000,12000,recorded,sqrt(d) times recorded median_scaled_norm; not pooled-window median,"equal-weight summaries of recorded source-training batch statistics; changing models, not frozen population estimates",/tmp/p01-d1-20260919-1irHPs/artifacts/d1_pu_20260919/core/RC/seed_456/training_features.csv
RC,456,core,envelope,8,24,input_weight_gradient_norm,loss per native parameter coordinate,0.010637480332166887,0.009392883162945509,1000,0,1000,12000,recorded,raw first-readout parameter gradient Frobenius norm; MLP input-column block,"equal-weight summaries of recorded source-training batch statistics; changing models, not frozen population estimates",/tmp/p01-d1-20260919-1irHPs/artifacts/d1_pu_20260919/core/RC/seed_456/training_features.csv
RC,456,core,envelope,8,24,raw_input_weight_norm,native weight coordinates,0.7123004244677722,0.7501642405986786,1000,0,1000,12000,recorded,raw first-readout input-column-block Frobenius norm,"equal-weight summaries of recorded source-training batch statistics; changing models, not frozen population estimates",/tmp/p01-d1-20260919-1irHPs/artifacts/d1_pu_20260919/core/RC/seed_456/training_features.csv
RC,456,core,envelope,8,24,effective_input_weight_norm,native weight coordinates,0.7123004244677722,0.7501642405986786,1000,0,1000,12000,recorded,effective capped first-readout input-column-block Frobenius norm,"equal-weight summaries of recorded source-training batch statistics; changing models, not frozen population estimates",/tmp/p01-d1-20260919-1irHPs/artifacts/d1_pu_20260919/core/RC/seed_456/training_features.csv
RC,456,core,envelope,8,24,effective_output_weight_norm,native weight coordinates,2.4072967086434365,2.539722204208374,1000,0,1000,12000,recorded,whole effective output matrix norm; repeated across branch rows,"equal-weight summaries of recorded source-training batch statistics; changing models, not frozen population estimates",/tmp/p01-d1-20260919-1irHPs/artifacts/d1_pu_20260919/core/RC/seed_456/training_features.csv
RC,456,core,stft_short,64,192,mean_scaled_squared_norm,scaled feature units squared,10.545582866191864,10.606196403503418,1000,0,1000,12000,recorded,recorded within-batch mean of ||z/sqrt(d)||^2,"equal-weight summaries of recorded source-training batch statistics; changing models, not frozen population estimates",/tmp/p01-d1-20260919-1irHPs/artifacts/d1_pu_20260919/core/RC/seed_456/training_features.csv
RC,456,core,stft_short,64,192,mean_unscaled_squared_norm,native feature units squared,674.9173034362793,678.7965698242188,1000,0,1000,12000,recorded,d times recorded mean_scaled_squared_norm,"equal-weight summaries of recorded source-training batch statistics; changing models, not frozen population estimates",/tmp/p01-d1-20260919-1irHPs/artifacts/d1_pu_20260919/core/RC/seed_456/training_features.csv
RC,456,core,stft_short,64,192,median_scaled_norm,scaled feature units,3.2999038174152373,3.3138458728790283,1000,0,1000,12000,recorded,recorded within-batch median of ||z/sqrt(d)||; not pooled-window median,"equal-weight summaries of recorded source-training batch statistics; changing models, not frozen population estimates",/tmp/p01-d1-20260919-1irHPs/artifacts/d1_pu_20260919/core/RC/seed_456/training_features.csv
RC,456,core,stft_short,64,192,median_unscaled_norm,native feature units,26.3992305393219,26.510766983032227,1000,0,1000,12000,recorded,sqrt(d) times recorded median_scaled_norm; not pooled-window median,"equal-weight summaries of recorded source-training batch statistics; changing models, not frozen population estimates",/tmp/p01-d1-20260919-1irHPs/artifacts/d1_pu_20260919/core/RC/seed_456/training_features.csv
RC,456,core,stft_short,64,192,input_weight_gradient_norm,loss per native parameter coordinate,1.2117187055200338,1.1128123998641968,1000,0,1000,12000,recorded,raw first-readout parameter gradient Frobenius norm; MLP input-column block,"equal-weight summaries of recorded source-training batch statistics; changing models, not frozen population estimates",/tmp/p01-d1-20260919-1irHPs/artifacts/d1_pu_20260919/core/RC/seed_456/training_features.csv
RC,456,core,stft_short,64,192,raw_input_weight_norm,native weight coordinates,0.6315073774904013,0.6702163517475128,1000,0,1000,12000,recorded,raw first-readout input-column-block Frobenius norm,"equal-weight summaries of recorded source-training batch statistics; changing models, not frozen population estimates",/tmp/p01-d1-20260919-1irHPs/artifacts/d1_pu_20260919/core/RC/seed_456/training_features.csv
RC,456,core,stft_short,64,192,effective_input_weight_norm,native weight coordinates,0.6315073774904013,0.6702163517475128,1000,0,1000,12000,recorded,effective capped first-readout input-column-block Frobenius norm,"equal-weight summaries of recorded source-training batch statistics; changing models, not frozen population estimates",/tmp/p01-d1-20260919-1irHPs/artifacts/d1_pu_20260919/core/RC/seed_456/training_features.csv
RC,456,core,stft_short,64,192,effective_output_weight_norm,native weight coordinates,2.4072967086434365,2.539722204208374,1000,0,1000,12000,recorded,whole effective output matrix norm; repeated across branch rows,"equal-weight summaries of recorded source-training batch statistics; changing models, not frozen population estimates",/tmp/p01-d1-20260919-1irHPs/artifacts/d1_pu_20260919/core/RC/seed_456/training_features.csv
RC,456,core,morlet,32,96,mean_scaled_squared_norm,scaled feature units squared,7.51446157503128,7.515413999557495,1000,0,1000,12000,recorded,recorded within-batch mean of ||z/sqrt(d)||^2,"equal-weight summaries of recorded source-training batch statistics; changing models, not frozen population estimates",/tmp/p01-d1-20260919-1irHPs/artifacts/d1_pu_20260919/core/RC/seed_456/training_features.csv
RC,456,core,morlet,32,96,mean_unscaled_squared_norm,native feature units squared,240.46277040100097,240.49324798583984,1000,0,1000,12000,recorded,d times recorded mean_scaled_squared_norm,"equal-weight summaries of recorded source-training batch statistics; changing models, not frozen population estimates",/tmp/p01-d1-20260919-1irHPs/artifacts/d1_pu_20260919/core/RC/seed_456/training_features.csv
RC,456,core,morlet,32,96,median_scaled_norm,scaled feature units,2.762979283094406,2.788295030593872,1000,0,1000,12000,recorded,recorded within-batch median of ||z/sqrt(d)||; not pooled-window median,"equal-weight summaries of recorded source-training batch statistics; changing models, not frozen population estimates",/tmp/p01-d1-20260919-1irHPs/artifacts/d1_pu_20260919/core/RC/seed_456/training_features.csv
RC,456,core,morlet,32,96,median_unscaled_norm,native feature units,15.629771098832004,15.772978592653432,1000,0,1000,12000,recorded,sqrt(d) times recorded median_scaled_norm; not pooled-window median,"equal-weight summaries of recorded source-training batch statistics; changing models, not frozen population estimates",/tmp/p01-d1-20260919-1irHPs/artifacts/d1_pu_20260919/core/RC/seed_456/training_features.csv
RC,456,core,morlet,32,96,input_weight_gradient_norm,loss per native parameter coordinate,1.0279496930465102,0.9589635729789734,1000,0,1000,12000,recorded,raw first-readout parameter gradient Frobenius norm; MLP input-column block,"equal-weight summaries of recorded source-training batch statistics; changing models, not frozen population estimates",/tmp/p01-d1-20260919-1irHPs/artifacts/d1_pu_20260919/core/RC/seed_456/training_features.csv
RC,456,core,morlet,32,96,raw_input_weight_norm,native weight coordinates,0.4475596992447972,0.47048352658748627,1000,0,1000,12000,recorded,raw first-readout input-column-block Frobenius norm,"equal-weight summaries of recorded source-training batch statistics; changing models, not frozen population estimates",/tmp/p01-d1-20260919-1irHPs/artifacts/d1_pu_20260919/core/RC/seed_456/training_features.csv
RC,456,core,morlet,32,96,effective_input_weight_norm,native weight coordinates,0.4475596992447972,0.47048352658748627,1000,0,1000,12000,recorded,effective capped first-readout input-column-block Frobenius norm,"equal-weight summaries of recorded source-training batch statistics; changing models, not frozen population estimates",/tmp/p01-d1-20260919-1irHPs/artifacts/d1_pu_20260919/core/RC/seed_456/training_features.csv
RC,456,core,morlet,32,96,effective_output_weight_norm,native weight coordinates,2.4072967086434365,2.539722204208374,1000,0,1000,12000,recorded,whole effective output matrix norm; repeated across branch rows,"equal-weight summaries of recorded source-training batch statistics; changing models, not frozen population estimates",/tmp/p01-d1-20260919-1irHPs/artifacts/d1_pu_20260919/core/RC/seed_456/training_features.csv
RC,456,core,stft_long,64,192,mean_scaled_squared_norm,scaled feature units squared,9.718222174167632,9.764437675476074,1000,0,1000,12000,recorded,recorded within-batch mean of ||z/sqrt(d)||^2,"equal-weight summaries of recorded source-training batch statistics; changing models, not frozen population estimates",/tmp/p01-d1-20260919-1irHPs/artifacts/d1_pu_20260919/core/RC/seed_456/training_features.csv
RC,456,core,stft_long,64,192,mean_unscaled_squared_norm,native feature units squared,621.9662191467285,624.9240112304688,1000,0,1000,12000,recorded,d times recorded mean_scaled_squared_norm,"equal-weight summaries of recorded source-training batch statistics; changing models, not frozen population estimates",/tmp/p01-d1-20260919-1irHPs/artifacts/d1_pu_20260919/core/RC/seed_456/training_features.csv
RC,456,core,stft_long,64,192,median_scaled_norm,scaled feature units,3.1746686124801635,3.1944687366485596,1000,0,1000,12000,recorded,recorded within-batch median of ||z/sqrt(d)||; not pooled-window median,"equal-weight summaries of recorded source-training batch statistics; changing models, not frozen population estimates",/tmp/p01-d1-20260919-1irHPs/artifacts/d1_pu_20260919/core/RC/seed_456/training_features.csv
RC,456,core,stft_long,64,192,median_unscaled_norm,native feature units,25.397348899841308,25.555749893188477,1000,0,1000,12000,recorded,sqrt(d) times recorded median_scaled_norm; not pooled-window median,"equal-weight summaries of recorded source-training batch statistics; changing models, not frozen population estimates",/tmp/p01-d1-20260919-1irHPs/artifacts/d1_pu_20260919/core/RC/seed_456/training_features.csv
RC,456,core,stft_long,64,192,input_weight_gradient_norm,loss per native parameter coordinate,1.166694060370326,1.0717220902442932,1000,0,1000,12000,recorded,raw first-readout parameter gradient Frobenius norm; MLP input-column block,"equal-weight summaries of recorded source-training batch statistics; changing models, not frozen population estimates",/tmp/p01-d1-20260919-1irHPs/artifacts/d1_pu_20260919/core/RC/seed_456/training_features.csv
RC,456,core,stft_long,64,192,raw_input_weight_norm,native weight coordinates,0.6605456850230694,0.7030848860740662,1000,0,1000,12000,recorded,raw first-readout input-column-block Frobenius norm,"equal-weight summaries of recorded source-training batch statistics; changing models, not frozen population estimates",/tmp/p01-d1-20260919-1irHPs/artifacts/d1_pu_20260919/core/RC/seed_456/training_features.csv
RC,456,core,stft_long,64,192,effective_input_weight_norm,native weight coordinates,0.6605456850230694,0.7030848860740662,1000,0,1000,12000,recorded,effective capped first-readout input-column-block Frobenius norm,"equal-weight summaries of recorded source-training batch statistics; changing models, not frozen population estimates",/tmp/p01-d1-20260919-1irHPs/artifacts/d1_pu_20260919/core/RC/seed_456/training_features.csv
RC,456,core,stft_long,64,192,effective_output_weight_norm,native weight coordinates,2.4072967086434365,2.539722204208374,1000,0,1000,12000,recorded,whole effective output matrix norm; repeated across branch rows,"equal-weight summaries of recorded source-training batch statistics; changing models, not frozen population estimates",/tmp/p01-d1-20260919-1irHPs/artifacts/d1_pu_20260919/core/RC/seed_456/training_features.csv
RC,456,core,mexican_hat,32,96,mean_scaled_squared_norm,scaled feature units squared,5.904858740329742,5.879918575286865,1000,0,1000,12000,recorded,recorded within-batch mean of ||z/sqrt(d)||^2,"equal-weight summaries of recorded source-training batch statistics; changing models, not frozen population estimates",/tmp/p01-d1-20260919-1irHPs/artifacts/d1_pu_20260919/core/RC/seed_456/training_features.csv
RC,456,core,mexican_hat,32,96,mean_unscaled_squared_norm,native feature units squared,188.95547969055175,188.1573944091797,1000,0,1000,12000,recorded,d times recorded mean_scaled_squared_norm,"equal-weight summaries of recorded source-training batch statistics; changing models, not frozen population estimates",/tmp/p01-d1-20260919-1irHPs/artifacts/d1_pu_20260919/core/RC/seed_456/training_features.csv
RC,456,core,mexican_hat,32,96,median_scaled_norm,scaled feature units,2.423607229709625,2.431917905807495,1000,0,1000,12000,recorded,recorded within-batch median of ||z/sqrt(d)||; not pooled-window median,"equal-weight summaries of recorded source-training batch statistics; changing models, not frozen population estimates",/tmp/p01-d1-20260919-1irHPs/artifacts/d1_pu_20260919/core/RC/seed_456/training_features.csv
RC,456,core,mexican_hat,32,96,median_unscaled_norm,native feature units,13.70999285648335,13.75700513988374,1000,0,1000,12000,recorded,sqrt(d) times recorded median_scaled_norm; not pooled-window median,"equal-weight summaries of recorded source-training batch statistics; changing models, not frozen population estimates",/tmp/p01-d1-20260919-1irHPs/artifacts/d1_pu_20260919/core/RC/seed_456/training_features.csv
RC,456,core,mexican_hat,32,96,input_weight_gradient_norm,loss per native parameter coordinate,0.9023064456954598,0.8351056277751923,1000,0,1000,12000,recorded,raw first-readout parameter gradient Frobenius norm; MLP input-column block,"equal-weight summaries of recorded source-training batch statistics; changing models, not frozen population estimates",/tmp/p01-d1-20260919-1irHPs/artifacts/d1_pu_20260919/core/RC/seed_456/training_features.csv
RC,456,core,mexican_hat,32,96,raw_input_weight_norm,native weight coordinates,0.4387771951109171,0.4610074758529663,1000,0,1000,12000,recorded,raw first-readout input-column-block Frobenius norm,"equal-weight summaries of recorded source-training batch statistics; changing models, not frozen population estimates",/tmp/p01-d1-20260919-1irHPs/artifacts/d1_pu_20260919/core/RC/seed_456/training_features.csv
RC,456,core,mexican_hat,32,96,effective_input_weight_norm,native weight coordinates,0.4387771951109171,0.4610074758529663,1000,0,1000,12000,recorded,effective capped first-readout input-column-block Frobenius norm,"equal-weight summaries of recorded source-training batch statistics; changing models, not frozen population estimates",/tmp/p01-d1-20260919-1irHPs/artifacts/d1_pu_20260919/core/RC/seed_456/training_features.csv
RC,456,core,mexican_hat,32,96,effective_output_weight_norm,native weight coordinates,2.4072967086434365,2.539722204208374,1000,0,1000,12000,recorded,whole effective output matrix norm; repeated across branch rows,"equal-weight summaries of recorded source-training batch statistics; changing models, not frozen population estimates",/tmp/p01-d1-20260919-1irHPs/artifacts/d1_pu_20260919/core/RC/seed_456/training_features.csv
RC,456,core,stockwell,40,120,mean_scaled_squared_norm,scaled feature units squared,17.49892141056061,17.514970779418945,1000,0,1000,12000,recorded,recorded within-batch mean of ||z/sqrt(d)||^2,"equal-weight summaries of recorded source-training batch statistics; changing models, not frozen population estimates",/tmp/p01-d1-20260919-1irHPs/artifacts/d1_pu_20260919/core/RC/seed_456/training_features.csv
RC,456,core,stockwell,40,120,mean_unscaled_squared_norm,native feature units squared,699.9568564224243,700.5988311767578,1000,0,1000,12000,recorded,d times recorded mean_scaled_squared_norm,"equal-weight summaries of recorded source-training batch statistics; changing models, not frozen population estimates",/tmp/p01-d1-20260919-1irHPs/artifacts/d1_pu_20260919/core/RC/seed_456/training_features.csv
RC,456,core,stockwell,40,120,median_scaled_norm,scaled feature units,4.2157636108398435,4.239803314208984,1000,0,1000,12000,recorded,recorded within-batch median of ||z/sqrt(d)||; not pooled-window median,"equal-weight summaries of recorded source-training batch statistics; changing models, not frozen population estimates",/tmp/p01-d1-20260919-1irHPs/artifacts/d1_pu_20260919/core/RC/seed_456/training_features.csv
RC,456,core,stockwell,40,120,median_unscaled_norm,native feature units,26.66283017421924,26.814870608061856,1000,0,1000,12000,recorded,sqrt(d) times recorded median_scaled_norm; not pooled-window median,"equal-weight summaries of recorded source-training batch statistics; changing models, not frozen population estimates",/tmp/p01-d1-20260919-1irHPs/artifacts/d1_pu_20260919/core/RC/seed_456/training_features.csv
RC,456,core,stockwell,40,120,input_weight_gradient_norm,loss per native parameter coordinate,1.5452177173569799,1.4330629110336304,1000,0,1000,12000,recorded,raw first-readout parameter gradient Frobenius norm; MLP input-column block,"equal-weight summaries of recorded source-training batch statistics; changing models, not frozen population estimates",/tmp/p01-d1-20260919-1irHPs/artifacts/d1_pu_20260919/core/RC/seed_456/training_features.csv
RC,456,core,stockwell,40,120,raw_input_weight_norm,native weight coordinates,0.6245680821910501,0.6667267680168152,1000,0,1000,12000,recorded,raw first-readout input-column-block Frobenius norm,"equal-weight summaries of recorded source-training batch statistics; changing models, not frozen population estimates",/tmp/p01-d1-20260919-1irHPs/artifacts/d1_pu_20260919/core/RC/seed_456/training_features.csv
RC,456,core,stockwell,40,120,effective_input_weight_norm,native weight coordinates,0.6245680821910501,0.6667267680168152,1000,0,1000,12000,recorded,effective capped first-readout input-column-block Frobenius norm,"equal-weight summaries of recorded source-training batch statistics; changing models, not frozen population estimates",/tmp/p01-d1-20260919-1irHPs/artifacts/d1_pu_20260919/core/RC/seed_456/training_features.csv
RC,456,core,stockwell,40,120,effective_output_weight_norm,native weight coordinates,2.4072967086434365,2.539722204208374,1000,0,1000,12000,recorded,whole effective output matrix norm; repeated across branch rows,"equal-weight summaries of recorded source-training batch statistics; changing models, not frozen population estimates",/tmp/p01-d1-20260919-1irHPs/artifacts/d1_pu_20260919/core/RC/seed_456/training_features.csv
RC,456,core,chirplet_up,32,96,mean_scaled_squared_norm,scaled feature units squared,10.058592104434966,10.171391010284424,1000,0,1000,12000,recorded,recorded within-batch mean of ||z/sqrt(d)||^2,"equal-weight summaries of recorded source-training batch statistics; changing models, not frozen population estimates",/tmp/p01-d1-20260919-1irHPs/artifacts/d1_pu_20260919/core/RC/seed_456/training_features.csv
RC,456,core,chirplet_up,32,96,mean_unscaled_squared_norm,native feature units squared,321.8749473419189,325.48451232910156,1000,0,1000,12000,recorded,d times recorded mean_scaled_squared_norm,"equal-weight summaries of recorded source-training batch statistics; changing models, not frozen population estimates",/tmp/p01-d1-20260919-1irHPs/artifacts/d1_pu_20260919/core/RC/seed_456/training_features.csv
RC,456,core,chirplet_up,32,96,median_scaled_norm,scaled feature units,3.212341843366623,3.2127840518951416,1000,0,1000,12000,recorded,recorded within-batch median of ||z/sqrt(d)||; not pooled-window median,"equal-weight summaries of recorded source-training batch statistics; changing models, not frozen population estimates",/tmp/p01-d1-20260919-1irHPs/artifacts/d1_pu_20260919/core/RC/seed_456/training_features.csv
RC,456,core,chirplet_up,32,96,median_unscaled_norm,native feature units,18.17174960747067,18.17425111666438,1000,0,1000,12000,recorded,sqrt(d) times recorded median_scaled_norm; not pooled-window median,"equal-weight summaries of recorded source-training batch statistics; changing models, not frozen population estimates",/tmp/p01-d1-20260919-1irHPs/artifacts/d1_pu_20260919/core/RC/seed_456/training_features.csv
RC,456,core,chirplet_up,32,96,input_weight_gradient_norm,loss per native parameter coordinate,1.1826073479577899,1.0928493738174438,1000,0,1000,12000,recorded,raw first-readout parameter gradient Frobenius norm; MLP input-column block,"equal-weight summaries of recorded source-training batch statistics; changing models, not frozen population estimates",/tmp/p01-d1-20260919-1irHPs/artifacts/d1_pu_20260919/core/RC/seed_456/training_features.csv
RC,456,core,chirplet_up,32,96,raw_input_weight_norm,native weight coordinates,0.40867762318998574,0.43586480617523193,1000,0,1000,12000,recorded,raw first-readout input-column-block Frobenius norm,"equal-weight summaries of recorded source-training batch statistics; changing models, not frozen population estimates",/tmp/p01-d1-20260919-1irHPs/artifacts/d1_pu_20260919/core/RC/seed_456/training_features.csv
RC,456,core,chirplet_up,32,96,effective_input_weight_norm,native weight coordinates,0.40867762318998574,0.43586480617523193,1000,0,1000,12000,recorded,effective capped first-readout input-column-block Frobenius norm,"equal-weight summaries of recorded source-training batch statistics; changing models, not frozen population estimates",/tmp/p01-d1-20260919-1irHPs/artifacts/d1_pu_20260919/core/RC/seed_456/training_features.csv
RC,456,core,chirplet_up,32,96,effective_output_weight_norm,native weight coordinates,2.4072967086434365,2.539722204208374,1000,0,1000,12000,recorded,whole effective output matrix norm; repeated across branch rows,"equal-weight summaries of recorded source-training batch statistics; changing models, not frozen population estimates",/tmp/p01-d1-20260919-1irHPs/artifacts/d1_pu_20260919/core/RC/seed_456/training_features.csv
MLP16_all,42,diagnostic,reference,36,576,mean_scaled_squared_norm,scaled feature units squared,0.029869498625397683,0.026306435465812683,1000,0,1000,12000,recorded,recorded within-batch mean of ||z/sqrt(d)||^2,"equal-weight summaries of recorded source-training batch statistics; changing models, not frozen population estimates",/tmp/p01-d1-20260919-1irHPs/artifacts/d1_pu_20260919/diagnostics/MLP16_all/seed_42/training_features.csv
MLP16_all,42,diagnostic,reference,36,576,mean_unscaled_squared_norm,native feature units squared,1.0753019505143167,0.9470316767692566,1000,0,1000,12000,recorded,d times recorded mean_scaled_squared_norm,"equal-weight summaries of recorded source-training batch statistics; changing models, not frozen population estimates",/tmp/p01-d1-20260919-1irHPs/artifacts/d1_pu_20260919/diagnostics/MLP16_all/seed_42/training_features.csv
MLP16_all,42,diagnostic,reference,36,576,median_scaled_norm,scaled feature units,0.11706644240021706,0.11272041499614716,1000,0,1000,12000,recorded,recorded within-batch median of ||z/sqrt(d)||; not pooled-window median,"equal-weight summaries of recorded source-training batch statistics; changing models, not frozen population estimates",/tmp/p01-d1-20260919-1irHPs/artifacts/d1_pu_20260919/diagnostics/MLP16_all/seed_42/training_features.csv
MLP16_all,42,diagnostic,reference,36,576,median_unscaled_norm,native feature units,0.7023986544013023,0.6763224899768829,1000,0,1000,12000,recorded,sqrt(d) times recorded median_scaled_norm; not pooled-window median,"equal-weight summaries of recorded source-training batch statistics; changing models, not frozen population estimates",/tmp/p01-d1-20260919-1irHPs/artifacts/d1_pu_20260919/diagnostics/MLP16_all/seed_42/training_features.csv
MLP16_all,42,diagnostic,reference,36,576,input_weight_gradient_norm,loss per native parameter coordinate,0.01112020981090609,0.01000612461939454,1000,0,1000,12000,recorded,raw first-readout parameter gradient Frobenius norm; MLP input-column block,"equal-weight summaries of recorded source-training batch statistics; changing models, not frozen population estimates",/tmp/p01-d1-20260919-1irHPs/artifacts/d1_pu_20260919/diagnostics/MLP16_all/seed_42/training_features.csv
MLP16_all,42,diagnostic,reference,36,576,raw_input_weight_norm,native weight coordinates,1.132887940466404,1.1457641124725342,1000,0,1000,12000,recorded,raw first-readout input-column-block Frobenius norm,"equal-weight summaries of recorded source-training batch statistics; changing models, not frozen population estimates",/tmp/p01-d1-20260919-1irHPs/artifacts/d1_pu_20260919/diagnostics/MLP16_all/seed_42/training_features.csv
MLP16_all,42,diagnostic,reference,36,576,effective_input_weight_norm,native weight coordinates,0.5970051079392433,0.649416983127594,1000,0,1000,12000,recorded,effective capped first-readout input-column-block Frobenius norm,"equal-weight summaries of recorded source-training batch statistics; changing models, not frozen population estimates",/tmp/p01-d1-20260919-1irHPs/artifacts/d1_pu_20260919/diagnostics/MLP16_all/seed_42/training_features.csv
MLP16_all,42,diagnostic,reference,36,576,effective_output_weight_norm,native weight coordinates,0.49884993159770963,0.48010462522506714,1000,0,1000,12000,recorded,whole effective output matrix norm; repeated across branch rows,"equal-weight summaries of recorded source-training batch statistics; changing models, not frozen population estimates",/tmp/p01-d1-20260919-1irHPs/artifacts/d1_pu_20260919/diagnostics/MLP16_all/seed_42/training_features.csv
MLP16_all,42,diagnostic,envelope,8,128,mean_scaled_squared_norm,scaled feature units squared,0.0012308749583316966,0.0011116683017462492,1000,0,1000,12000,recorded,recorded within-batch mean of ||z/sqrt(d)||^2,"equal-weight summaries of recorded source-training batch statistics; changing models, not frozen population estimates",/tmp/p01-d1-20260919-1irHPs/artifacts/d1_pu_20260919/diagnostics/MLP16_all/seed_42/training_features.csv
MLP16_all,42,diagnostic,envelope,8,128,mean_unscaled_squared_norm,native feature units squared,0.009846999666653573,0.008893346413969994,1000,0,1000,12000,recorded,d times recorded mean_scaled_squared_norm,"equal-weight summaries of recorded source-training batch statistics; changing models, not frozen population estimates",/tmp/p01-d1-20260919-1irHPs/artifacts/d1_pu_20260919/diagnostics/MLP16_all/seed_42/training_features.csv
MLP16_all,42,diagnostic,envelope,8,128,median_scaled_norm,scaled feature units,0.024688802449963985,0.023785125464200974,1000,0,1000,12000,recorded,recorded within-batch median of ||z/sqrt(d)||; not pooled-window median,"equal-weight summaries of recorded source-training batch statistics; changing models, not frozen population estimates",/tmp/p01-d1-20260919-1irHPs/artifacts/d1_pu_20260919/diagnostics/MLP16_all/seed_42/training_features.csv
MLP16_all,42,diagnostic,envelope,8,128,median_unscaled_norm,native feature units,0.06983047852697834,0.06727449402843735,1000,0,1000,12000,recorded,sqrt(d) times recorded median_scaled_norm; not pooled-window median,"equal-weight summaries of recorded source-training batch statistics; changing models, not frozen population estimates",/tmp/p01-d1-20260919-1irHPs/artifacts/d1_pu_20260919/diagnostics/MLP16_all/seed_42/training_features.csv
MLP16_all,42,diagnostic,envelope,8,128,input_weight_gradient_norm,loss per native parameter coordinate,0.0020661833105332333,0.001673681486863643,1000,0,1000,12000,recorded,raw first-readout parameter gradient Frobenius norm; MLP input-column block,"equal-weight summaries of recorded source-training batch statistics; changing models, not frozen population estimates",/tmp/p01-d1-20260919-1irHPs/artifacts/d1_pu_20260919/diagnostics/MLP16_all/seed_42/training_features.csv
MLP16_all,42,diagnostic,envelope,8,128,raw_input_weight_norm,native weight coordinates,0.2589458239004016,0.09100386127829552,1000,0,1000,12000,recorded,raw first-readout input-column-block Frobenius norm,"equal-weight summaries of recorded source-training batch statistics; changing models, not frozen population estimates",/tmp/p01-d1-20260919-1irHPs/artifacts/d1_pu_20260919/diagnostics/MLP16_all/seed_42/training_features.csv
MLP16_all,42,diagnostic,envelope,8,128,effective_input_weight_norm,native weight coordinates,0.12636554737389089,0.055694179609417915,1000,0,1000,12000,recorded,effective capped first-readout input-column-block Frobenius norm,"equal-weight summaries of recorded source-training batch statistics; changing models, not frozen population estimates",/tmp/p01-d1-20260919-1irHPs/artifacts/d1_pu_20260919/diagnostics/MLP16_all/seed_42/training_features.csv
MLP16_all,42,diagnostic,envelope,8,128,effective_output_weight_norm,native weight coordinates,0.49884993159770963,0.48010462522506714,1000,0,1000,12000,recorded,whole effective output matrix norm; repeated across branch rows,"equal-weight summaries of recorded source-training batch statistics; changing models, not frozen population estimates",/tmp/p01-d1-20260919-1irHPs/artifacts/d1_pu_20260919/diagnostics/MLP16_all/seed_42/training_features.csv
MLP16_all,42,diagnostic,stft_short,64,1024,mean_scaled_squared_norm,scaled feature units squared,10.55265917634964,10.658472537994385,1000,0,1000,12000,recorded,recorded within-batch mean of ||z/sqrt(d)||^2,"equal-weight summaries of recorded source-training batch statistics; changing models, not frozen population estimates",/tmp/p01-d1-20260919-1irHPs/artifacts/d1_pu_20260919/diagnostics/MLP16_all/seed_42/training_features.csv
MLP16_all,42,diagnostic,stft_short,64,1024,mean_unscaled_squared_norm,native feature units squared,675.3701872863769,682.1422424316406,1000,0,1000,12000,recorded,d times recorded mean_scaled_squared_norm,"equal-weight summaries of recorded source-training batch statistics; changing models, not frozen population estimates",/tmp/p01-d1-20260919-1irHPs/artifacts/d1_pu_20260919/diagnostics/MLP16_all/seed_42/training_features.csv
MLP16_all,42,diagnostic,stft_short,64,1024,median_scaled_norm,scaled feature units,3.3014803116321563,3.318260669708252,1000,0,1000,12000,recorded,recorded within-batch median of ||z/sqrt(d)||; not pooled-window median,"equal-weight summaries of recorded source-training batch statistics; changing models, not frozen population estimates",/tmp/p01-d1-20260919-1irHPs/artifacts/d1_pu_20260919/diagnostics/MLP16_all/seed_42/training_features.csv
MLP16_all,42,diagnostic,stft_short,64,1024,median_unscaled_norm,native feature units,26.41184249305725,26.546085357666016,1000,0,1000,12000,recorded,sqrt(d) times recorded median_scaled_norm; not pooled-window median,"equal-weight summaries of recorded source-training batch statistics; changing models, not frozen population estimates",/tmp/p01-d1-20260919-1irHPs/artifacts/d1_pu_20260919/diagnostics/MLP16_all/seed_42/training_features.csv
MLP16_all,42,diagnostic,stft_short,64,1024,input_weight_gradient_norm,loss per native parameter coordinate,0.17915874724811875,0.14360228180885315,1000,0,1000,12000,recorded,raw first-readout parameter gradient Frobenius norm; MLP input-column block,"equal-weight summaries of recorded source-training batch statistics; changing models, not frozen population estimates",/tmp/p01-d1-20260919-1irHPs/artifacts/d1_pu_20260919/diagnostics/MLP16_all/seed_42/training_features.csv
MLP16_all,42,diagnostic,stft_short,64,1024,raw_input_weight_norm,native weight coordinates,1.8139246892929077,1.6500635147094727,1000,0,1000,12000,recorded,raw first-readout input-column-block Frobenius norm,"equal-weight summaries of recorded source-training batch statistics; changing models, not frozen population estimates",/tmp/p01-d1-20260919-1irHPs/artifacts/d1_pu_20260919/diagnostics/MLP16_all/seed_42/training_features.csv
MLP16_all,42,diagnostic,stft_short,64,1024,effective_input_weight_norm,native weight coordinates,0.9854123731851577,0.9891747832298279,1000,0,1000,12000,recorded,effective capped first-readout input-column-block Frobenius norm,"equal-weight summaries of recorded source-training batch statistics; changing models, not frozen population estimates",/tmp/p01-d1-20260919-1irHPs/artifacts/d1_pu_20260919/diagnostics/MLP16_all/seed_42/training_features.csv
MLP16_all,42,diagnostic,stft_short,64,1024,effective_output_weight_norm,native weight coordinates,0.49884993159770963,0.48010462522506714,1000,0,1000,12000,recorded,whole effective output matrix norm; repeated across branch rows,"equal-weight summaries of recorded source-training batch statistics; changing models, not frozen population estimates",/tmp/p01-d1-20260919-1irHPs/artifacts/d1_pu_20260919/diagnostics/MLP16_all/seed_42/training_features.csv
MLP16_all,42,diagnostic,morlet,32,512,mean_scaled_squared_norm,scaled feature units squared,7.524210076808929,7.534460783004761,1000,0,1000,12000,recorded,recorded within-batch mean of ||z/sqrt(d)||^2,"equal-weight summaries of recorded source-training batch statistics; changing models, not frozen population estimates",/tmp/p01-d1-20260919-1irHPs/artifacts/d1_pu_20260919/diagnostics/MLP16_all/seed_42/training_features.csv
MLP16_all,42,diagnostic,morlet,32,512,mean_unscaled_squared_norm,native feature units squared,240.77472245788573,241.10274505615234,1000,0,1000,12000,recorded,d times recorded mean_scaled_squared_norm,"equal-weight summaries of recorded source-training batch statistics; changing models, not frozen population estimates",/tmp/p01-d1-20260919-1irHPs/artifacts/d1_pu_20260919/diagnostics/MLP16_all/seed_42/training_features.csv
MLP16_all,42,diagnostic,morlet,32,512,median_scaled_norm,scaled feature units,2.7696417315006254,2.7942055463790894,1000,0,1000,12000,recorded,recorded within-batch median of ||z/sqrt(d)||; not pooled-window median,"equal-weight summaries of recorded source-training batch statistics; changing models, not frozen population estimates",/tmp/p01-d1-20260919-1irHPs/artifacts/d1_pu_20260919/diagnostics/MLP16_all/seed_42/training_features.csv
MLP16_all,42,diagnostic,morlet,32,512,median_unscaled_norm,native feature units,15.66745959841075,15.806413518989732,1000,0,1000,12000,recorded,sqrt(d) times recorded median_scaled_norm; not pooled-window median,"equal-weight summaries of recorded source-training batch statistics; changing models, not frozen population estimates",/tmp/p01-d1-20260919-1irHPs/artifacts/d1_pu_20260919/diagnostics/MLP16_all/seed_42/training_features.csv
MLP16_all,42,diagnostic,morlet,32,512,input_weight_gradient_norm,loss per native parameter coordinate,0.15613603765016887,0.12779346108436584,1000,0,1000,12000,recorded,raw first-readout parameter gradient Frobenius norm; MLP input-column block,"equal-weight summaries of recorded source-training batch statistics; changing models, not frozen population estimates",/tmp/p01-d1-20260919-1irHPs/artifacts/d1_pu_20260919/diagnostics/MLP16_all/seed_42/training_features.csv
MLP16_all,42,diagnostic,morlet,32,512,raw_input_weight_norm,native weight coordinates,1.5372433708906175,1.4978270530700684,1000,0,1000,12000,recorded,raw first-readout input-column-block Frobenius norm,"equal-weight summaries of recorded source-training batch statistics; changing models, not frozen population estimates",/tmp/p01-d1-20260919-1irHPs/artifacts/d1_pu_20260919/diagnostics/MLP16_all/seed_42/training_features.csv
MLP16_all,42,diagnostic,morlet,32,512,effective_input_weight_norm,native weight coordinates,0.8465723745822906,0.8629698157310486,1000,0,1000,12000,recorded,effective capped first-readout input-column-block Frobenius norm,"equal-weight summaries of recorded source-training batch statistics; changing models, not frozen population estimates",/tmp/p01-d1-20260919-1irHPs/artifacts/d1_pu_20260919/diagnostics/MLP16_all/seed_42/training_features.csv
MLP16_all,42,diagnostic,morlet,32,512,effective_output_weight_norm,native weight coordinates,0.49884993159770963,0.48010462522506714,1000,0,1000,12000,recorded,whole effective output matrix norm; repeated across branch rows,"equal-weight summaries of recorded source-training batch statistics; changing models, not frozen population estimates",/tmp/p01-d1-20260919-1irHPs/artifacts/d1_pu_20260919/diagnostics/MLP16_all/seed_42/training_features.csv
MLP16_all,42,diagnostic,stft_long,64,1024,mean_scaled_squared_norm,scaled feature units squared,9.724477717399598,9.821154117584229,1000,0,1000,12000,recorded,recorded within-batch mean of ||z/sqrt(d)||^2,"equal-weight summaries of recorded source-training batch statistics; changing models, not frozen population estimates",/tmp/p01-d1-20260919-1irHPs/artifacts/d1_pu_20260919/diagnostics/MLP16_all/seed_42/training_features.csv
MLP16_all,42,diagnostic,stft_long,64,1024,mean_unscaled_squared_norm,native feature units squared,622.3665739135743,628.5538635253906,1000,0,1000,12000,recorded,d times recorded mean_scaled_squared_norm,"equal-weight summaries of recorded source-training batch statistics; changing models, not frozen population estimates",/tmp/p01-d1-20260919-1irHPs/artifacts/d1_pu_20260919/diagnostics/MLP16_all/seed_42/training_features.csv
MLP16_all,42,diagnostic,stft_long,64,1024,median_scaled_norm,scaled feature units,3.176227657556534,3.1979267597198486,1000,0,1000,12000,recorded,recorded within-batch median of ||z/sqrt(d)||; not pooled-window median,"equal-weight summaries of recorded source-training batch statistics; changing models, not frozen population estimates",/tmp/p01-d1-20260919-1irHPs/artifacts/d1_pu_20260919/diagnostics/MLP16_all/seed_42/training_features.csv
MLP16_all,42,diagnostic,stft_long,64,1024,median_unscaled_norm,native feature units,25.409821260452272,25.58341407775879,1000,0,1000,12000,recorded,sqrt(d) times recorded median_scaled_norm; not pooled-window median,"equal-weight summaries of recorded source-training batch statistics; changing models, not frozen population estimates",/tmp/p01-d1-20260919-1irHPs/artifacts/d1_pu_20260919/diagnostics/MLP16_all/seed_42/training_features.csv
MLP16_all,42,diagnostic,stft_long,64,1024,input_weight_gradient_norm,loss per native parameter coordinate,0.17236333603196544,0.13938801735639572,1000,0,1000,12000,recorded,raw first-readout parameter gradient Frobenius norm; MLP input-column block,"equal-weight summaries of recorded source-training batch statistics; changing models, not frozen population estimates",/tmp/p01-d1-20260919-1irHPs/artifacts/d1_pu_20260919/diagnostics/MLP16_all/seed_42/training_features.csv
MLP16_all,42,diagnostic,stft_long,64,1024,raw_input_weight_norm,native weight coordinates,1.7927819662094115,1.612146019935608,1000,0,1000,12000,recorded,raw first-readout input-column-block Frobenius norm,"equal-weight summaries of recorded source-training batch statistics; changing models, not frozen population estimates",/tmp/p01-d1-20260919-1irHPs/artifacts/d1_pu_20260919/diagnostics/MLP16_all/seed_42/training_features.csv
MLP16_all,42,diagnostic,stft_long,64,1024,effective_input_weight_norm,native weight coordinates,0.9726173398494721,0.9724350273609161,1000,0,1000,12000,recorded,effective capped first-readout input-column-block Frobenius norm,"equal-weight summaries of recorded source-training batch statistics; changing models, not frozen population estimates",/tmp/p01-d1-20260919-1irHPs/artifacts/d1_pu_20260919/diagnostics/MLP16_all/seed_42/training_features.csv
MLP16_all,42,diagnostic,stft_long,64,1024,effective_output_weight_norm,native weight coordinates,0.49884993159770963,0.48010462522506714,1000,0,1000,12000,recorded,whole effective output matrix norm; repeated across branch rows,"equal-weight summaries of recorded source-training batch statistics; changing models, not frozen population estimates",/tmp/p01-d1-20260919-1irHPs/artifacts/d1_pu_20260919/diagnostics/MLP16_all/seed_42/training_features.csv
MLP16_all,42,diagnostic,mexican_hat,32,512,mean_scaled_squared_norm,scaled feature units squared,5.91907683467865,5.9220123291015625,1000,0,1000,12000,recorded,recorded within-batch mean of ||z/sqrt(d)||^2,"equal-weight summaries of recorded source-training batch statistics; changing models, not frozen population estimates",/tmp/p01-d1-20260919-1irHPs/artifacts/d1_pu_20260919/diagnostics/MLP16_all/seed_42/training_features.csv
MLP16_all,42,diagnostic,mexican_hat,32,512,mean_unscaled_squared_norm,native feature units squared,189.4104587097168,189.50439453125,1000,0,1000,12000,recorded,d times recorded mean_scaled_squared_norm,"equal-weight summaries of recorded source-training batch statistics; changing models, not frozen population estimates",/tmp/p01-d1-20260919-1irHPs/artifacts/d1_pu_20260919/diagnostics/MLP16_all/seed_42/training_features.csv
MLP16_all,42,diagnostic,mexican_hat,32,512,median_scaled_norm,scaled feature units,2.426838875770569,2.441170334815979,1000,0,1000,12000,recorded,recorded within-batch median of ||z/sqrt(d)||; not pooled-window median,"equal-weight summaries of recorded source-training batch statistics; changing models, not frozen population estimates",/tmp/p01-d1-20260919-1irHPs/artifacts/d1_pu_20260919/diagnostics/MLP16_all/seed_42/training_features.csv
MLP16_all,42,diagnostic,mexican_hat,32,512,median_unscaled_norm,native feature units,13.728273807236054,13.809344782238508,1000,0,1000,12000,recorded,sqrt(d) times recorded median_scaled_norm; not pooled-window median,"equal-weight summaries of recorded source-training batch statistics; changing models, not frozen population estimates",/tmp/p01-d1-20260919-1irHPs/artifacts/d1_pu_20260919/diagnostics/MLP16_all/seed_42/training_features.csv
MLP16_all,42,diagnostic,mexican_hat,32,512,input_weight_gradient_norm,loss per native parameter coordinate,0.13831762307707687,0.11252766847610474,1000,0,1000,12000,recorded,raw first-readout parameter gradient Frobenius norm; MLP input-column block,"equal-weight summaries of recorded source-training batch statistics; changing models, not frozen population estimates",/tmp/p01-d1-20260919-1irHPs/artifacts/d1_pu_20260919/diagnostics/MLP16_all/seed_42/training_features.csv
MLP16_all,42,diagnostic,mexican_hat,32,512,raw_input_weight_norm,native weight coordinates,1.428177733540535,1.3725857138633728,1000,0,1000,12000,recorded,raw first-readout input-column-block Frobenius norm,"equal-weight summaries of recorded source-training batch statistics; changing models, not frozen population estimates",/tmp/p01-d1-20260919-1irHPs/artifacts/d1_pu_20260919/diagnostics/MLP16_all/seed_42/training_features.csv
MLP16_all,42,diagnostic,mexican_hat,32,512,effective_input_weight_norm,native weight coordinates,0.7842745092511177,0.7919323444366455,1000,0,1000,12000,recorded,effective capped first-readout input-column-block Frobenius norm,"equal-weight summaries of recorded source-training batch statistics; changing models, not frozen population estimates",/tmp/p01-d1-20260919-1irHPs/artifacts/d1_pu_20260919/diagnostics/MLP16_all/seed_42/training_features.csv
MLP16_all,42,diagnostic,mexican_hat,32,512,effective_output_weight_norm,native weight coordinates,0.49884993159770963,0.48010462522506714,1000,0,1000,12000,recorded,whole effective output matrix norm; repeated across branch rows,"equal-weight summaries of recorded source-training batch statistics; changing models, not frozen population estimates",/tmp/p01-d1-20260919-1irHPs/artifacts/d1_pu_20260919/diagnostics/MLP16_all/seed_42/training_features.csv
MLP16_all,42,diagnostic,stockwell,40,640,mean_scaled_squared_norm,scaled feature units squared,17.509509525299073,17.533218383789062,1000,0,1000,12000,recorded,recorded within-batch mean of ||z/sqrt(d)||^2,"equal-weight summaries of recorded source-training batch statistics; changing models, not frozen population estimates",/tmp/p01-d1-20260919-1irHPs/artifacts/d1_pu_20260919/diagnostics/MLP16_all/seed_42/training_features.csv
MLP16_all,42,diagnostic,stockwell,40,640,mean_unscaled_squared_norm,native feature units squared,700.3803810119629,701.3287353515625,1000,0,1000,12000,recorded,d times recorded mean_scaled_squared_norm,"equal-weight summaries of recorded source-training batch statistics; changing models, not frozen population estimates",/tmp/p01-d1-20260919-1irHPs/artifacts/d1_pu_20260919/diagnostics/MLP16_all/seed_42/training_features.csv
MLP16_all,42,diagnostic,stockwell,40,640,median_scaled_norm,scaled feature units,4.219409244537354,4.241060495376587,1000,0,1000,12000,recorded,recorded within-batch median of ||z/sqrt(d)||; not pooled-window median,"equal-weight summaries of recorded source-training batch statistics; changing models, not frozen population estimates",/tmp/p01-d1-20260919-1irHPs/artifacts/d1_pu_20260919/diagnostics/MLP16_all/seed_42/training_features.csv
MLP16_all,42,diagnostic,stockwell,40,640,median_unscaled_norm,native feature units,26.685887186216824,26.82282171990404,1000,0,1000,12000,recorded,sqrt(d) times recorded median_scaled_norm; not pooled-window median,"equal-weight summaries of recorded source-training batch statistics; changing models, not frozen population estimates",/tmp/p01-d1-20260919-1irHPs/artifacts/d1_pu_20260919/diagnostics/MLP16_all/seed_42/training_features.csv
MLP16_all,42,diagnostic,stockwell,40,640,input_weight_gradient_norm,loss per native parameter coordinate,0.23170565245795297,0.18339703977108002,1000,0,1000,12000,recorded,raw first-readout parameter gradient Frobenius norm; MLP input-column block,"equal-weight summaries of recorded source-training batch statistics; changing models, not frozen population estimates",/tmp/p01-d1-20260919-1irHPs/artifacts/d1_pu_20260919/diagnostics/MLP16_all/seed_42/training_features.csv
MLP16_all,42,diagnostic,stockwell,40,640,raw_input_weight_norm,native weight coordinates,1.5236431019306182,1.4308398962020874,1000,0,1000,12000,recorded,raw first-readout input-column-block Frobenius norm,"equal-weight summaries of recorded source-training batch statistics; changing models, not frozen population estimates",/tmp/p01-d1-20260919-1irHPs/artifacts/d1_pu_20260919/diagnostics/MLP16_all/seed_42/training_features.csv
MLP16_all,42,diagnostic,stockwell,40,640,effective_input_weight_norm,native weight coordinates,0.8233527856469154,0.8215765953063965,1000,0,1000,12000,recorded,effective capped first-readout input-column-block Frobenius norm,"equal-weight summaries of recorded source-training batch statistics; changing models, not frozen population estimates",/tmp/p01-d1-20260919-1irHPs/artifacts/d1_pu_20260919/diagnostics/MLP16_all/seed_42/training_features.csv
MLP16_all,42,diagnostic,stockwell,40,640,effective_output_weight_norm,native weight coordinates,0.49884993159770963,0.48010462522506714,1000,0,1000,12000,recorded,whole effective output matrix norm; repeated across branch rows,"equal-weight summaries of recorded source-training batch statistics; changing models, not frozen population estimates",/tmp/p01-d1-20260919-1irHPs/artifacts/d1_pu_20260919/diagnostics/MLP16_all/seed_42/training_features.csv
MLP16_all,42,diagnostic,chirplet_up,32,512,mean_scaled_squared_norm,scaled feature units squared,10.06796904373169,10.16788101196289,1000,0,1000,12000,recorded,recorded within-batch mean of ||z/sqrt(d)||^2,"equal-weight summaries of recorded source-training batch statistics; changing models, not frozen population estimates",/tmp/p01-d1-20260919-1irHPs/artifacts/d1_pu_20260919/diagnostics/MLP16_all/seed_42/training_features.csv
MLP16_all,42,diagnostic,chirplet_up,32,512,mean_unscaled_squared_norm,native feature units squared,322.1750093994141,325.3721923828125,1000,0,1000,12000,recorded,d times recorded mean_scaled_squared_norm,"equal-weight summaries of recorded source-training batch statistics; changing models, not frozen population estimates",/tmp/p01-d1-20260919-1irHPs/artifacts/d1_pu_20260919/diagnostics/MLP16_all/seed_42/training_features.csv
MLP16_all,42,diagnostic,chirplet_up,32,512,median_scaled_norm,scaled feature units,3.214127722263336,3.2149178981781006,1000,0,1000,12000,recorded,recorded within-batch median of ||z/sqrt(d)||; not pooled-window median,"equal-weight summaries of recorded source-training batch statistics; changing models, not frozen population estimates",/tmp/p01-d1-20260919-1irHPs/artifacts/d1_pu_20260919/diagnostics/MLP16_all/seed_42/training_features.csv
MLP16_all,42,diagnostic,chirplet_up,32,512,median_unscaled_norm,native feature units,18.18185206409662,18.1863219740779,1000,0,1000,12000,recorded,sqrt(d) times recorded median_scaled_norm; not pooled-window median,"equal-weight summaries of recorded source-training batch statistics; changing models, not frozen population estimates",/tmp/p01-d1-20260919-1irHPs/artifacts/d1_pu_20260919/diagnostics/MLP16_all/seed_42/training_features.csv
MLP16_all,42,diagnostic,chirplet_up,32,512,input_weight_gradient_norm,loss per native parameter coordinate,0.17657977779430803,0.1402139961719513,1000,0,1000,12000,recorded,raw first-readout parameter gradient Frobenius norm; MLP input-column block,"equal-weight summaries of recorded source-training batch statistics; changing models, not frozen population estimates",/tmp/p01-d1-20260919-1irHPs/artifacts/d1_pu_20260919/diagnostics/MLP16_all/seed_42/training_features.csv
MLP16_all,42,diagnostic,chirplet_up,32,512,raw_input_weight_norm,native weight coordinates,1.4555549256801605,1.4038183689117432,1000,0,1000,12000,recorded,raw first-readout input-column-block Frobenius norm,"equal-weight summaries of recorded source-training batch statistics; changing models, not frozen population estimates",/tmp/p01-d1-20260919-1irHPs/artifacts/d1_pu_20260919/diagnostics/MLP16_all/seed_42/training_features.csv
MLP16_all,42,diagnostic,chirplet_up,32,512,effective_input_weight_norm,native weight coordinates,0.799792080283165,0.8023329079151154,1000,0,1000,12000,recorded,effective capped first-readout input-column-block Frobenius norm,"equal-weight summaries of recorded source-training batch statistics; changing models, not frozen population estimates",/tmp/p01-d1-20260919-1irHPs/artifacts/d1_pu_20260919/diagnostics/MLP16_all/seed_42/training_features.csv
MLP16_all,42,diagnostic,chirplet_up,32,512,effective_output_weight_norm,native weight coordinates,0.49884993159770963,0.48010462522506714,1000,0,1000,12000,recorded,whole effective output matrix norm; repeated across branch rows,"equal-weight summaries of recorded source-training batch statistics; changing models, not frozen population estimates",/tmp/p01-d1-20260919-1irHPs/artifacts/d1_pu_20260919/diagnostics/MLP16_all/seed_42/training_features.csv
MLP32,42,diagnostic,reference,36,1152,mean_scaled_squared_norm,scaled feature units squared,0.029869498625397683,0.026306435465812683,1000,0,1000,12000,recorded,recorded within-batch mean of ||z/sqrt(d)||^2,"equal-weight summaries of recorded source-training batch statistics; changing models, not frozen population estimates",/tmp/p01-d1-20260919-1irHPs/artifacts/d1_pu_20260919/diagnostics/MLP32/seed_42/training_features.csv
MLP32,42,diagnostic,reference,36,1152,mean_unscaled_squared_norm,native feature units squared,1.0753019505143167,0.9470316767692566,1000,0,1000,12000,recorded,d times recorded mean_scaled_squared_norm,"equal-weight summaries of recorded source-training batch statistics; changing models, not frozen population estimates",/tmp/p01-d1-20260919-1irHPs/artifacts/d1_pu_20260919/diagnostics/MLP32/seed_42/training_features.csv
MLP32,42,diagnostic,reference,36,1152,median_scaled_norm,scaled feature units,0.11706644240021706,0.11272041499614716,1000,0,1000,12000,recorded,recorded within-batch median of ||z/sqrt(d)||; not pooled-window median,"equal-weight summaries of recorded source-training batch statistics; changing models, not frozen population estimates",/tmp/p01-d1-20260919-1irHPs/artifacts/d1_pu_20260919/diagnostics/MLP32/seed_42/training_features.csv
MLP32,42,diagnostic,reference,36,1152,median_unscaled_norm,native feature units,0.7023986544013023,0.6763224899768829,1000,0,1000,12000,recorded,sqrt(d) times recorded median_scaled_norm; not pooled-window median,"equal-weight summaries of recorded source-training batch statistics; changing models, not frozen population estimates",/tmp/p01-d1-20260919-1irHPs/artifacts/d1_pu_20260919/diagnostics/MLP32/seed_42/training_features.csv
MLP32,42,diagnostic,reference,36,1152,input_weight_gradient_norm,loss per native parameter coordinate,0.009715757940313778,0.008746278937906027,1000,0,1000,12000,recorded,raw first-readout parameter gradient Frobenius norm; MLP input-column block,"equal-weight summaries of recorded source-training batch statistics; changing models, not frozen population estimates",/tmp/p01-d1-20260919-1irHPs/artifacts/d1_pu_20260919/diagnostics/MLP32/seed_42/training_features.csv
MLP32,42,diagnostic,reference,36,1152,raw_input_weight_norm,native weight coordinates,7.308753456115722,7.28706169128418,1000,0,1000,12000,recorded,raw first-readout input-column-block Frobenius norm,"equal-weight summaries of recorded source-training batch statistics; changing models, not frozen population estimates",/tmp/p01-d1-20260919-1irHPs/artifacts/d1_pu_20260919/diagnostics/MLP32/seed_42/training_features.csv
MLP32,42,diagnostic,reference,36,1152,effective_input_weight_norm,native weight coordinates,2.2360680122375487,2.2360680103302,1000,0,1000,12000,recorded,effective capped first-readout input-column-block Frobenius norm,"equal-weight summaries of recorded source-training batch statistics; changing models, not frozen population estimates",/tmp/p01-d1-20260919-1irHPs/artifacts/d1_pu_20260919/diagnostics/MLP32/seed_42/training_features.csv
MLP32,42,diagnostic,reference,36,1152,effective_output_weight_norm,native weight coordinates,1.7012489498332142,2.066121816635132,1000,0,1000,12000,recorded,whole effective output matrix norm; repeated across branch rows,"equal-weight summaries of recorded source-training batch statistics; changing models, not frozen population estimates",/tmp/p01-d1-20260919-1irHPs/artifacts/d1_pu_20260919/diagnostics/MLP32/seed_42/training_features.csv
MLP8,42,diagnostic,reference,36,288,mean_scaled_squared_norm,scaled feature units squared,0.029869498625397683,0.026306435465812683,1000,0,1000,12000,recorded,recorded within-batch mean of ||z/sqrt(d)||^2,"equal-weight summaries of recorded source-training batch statistics; changing models, not frozen population estimates",/tmp/p01-d1-20260919-1irHPs/artifacts/d1_pu_20260919/diagnostics/MLP8/seed_42/training_features.csv
MLP8,42,diagnostic,reference,36,288,mean_unscaled_squared_norm,native feature units squared,1.0753019505143167,0.9470316767692566,1000,0,1000,12000,recorded,d times recorded mean_scaled_squared_norm,"equal-weight summaries of recorded source-training batch statistics; changing models, not frozen population estimates",/tmp/p01-d1-20260919-1irHPs/artifacts/d1_pu_20260919/diagnostics/MLP8/seed_42/training_features.csv
MLP8,42,diagnostic,reference,36,288,median_scaled_norm,scaled feature units,0.11706644240021706,0.11272041499614716,1000,0,1000,12000,recorded,recorded within-batch median of ||z/sqrt(d)||; not pooled-window median,"equal-weight summaries of recorded source-training batch statistics; changing models, not frozen population estimates",/tmp/p01-d1-20260919-1irHPs/artifacts/d1_pu_20260919/diagnostics/MLP8/seed_42/training_features.csv
MLP8,42,diagnostic,reference,36,288,median_unscaled_norm,native feature units,0.7023986544013023,0.6763224899768829,1000,0,1000,12000,recorded,sqrt(d) times recorded median_scaled_norm; not pooled-window median,"equal-weight summaries of recorded source-training batch statistics; changing models, not frozen population estimates",/tmp/p01-d1-20260919-1irHPs/artifacts/d1_pu_20260919/diagnostics/MLP8/seed_42/training_features.csv
MLP8,42,diagnostic,reference,36,288,input_weight_gradient_norm,loss per native parameter coordinate,0.014289841019053711,0.01289232587441802,1000,0,1000,12000,recorded,raw first-readout parameter gradient Frobenius norm; MLP input-column block,"equal-weight summaries of recorded source-training batch statistics; changing models, not frozen population estimates",/tmp/p01-d1-20260919-1irHPs/artifacts/d1_pu_20260919/diagnostics/MLP8/seed_42/training_features.csv
MLP8,42,diagnostic,reference,36,288,raw_input_weight_norm,native weight coordinates,3.5934200603961943,3.5353314876556396,1000,0,1000,12000,recorded,raw first-readout input-column-block Frobenius norm,"equal-weight summaries of recorded source-training batch statistics; changing models, not frozen population estimates",/tmp/p01-d1-20260919-1irHPs/artifacts/d1_pu_20260919/diagnostics/MLP8/seed_42/training_features.csv
MLP8,42,diagnostic,reference,36,288,effective_input_weight_norm,native weight coordinates,2.2360680086612703,2.2360680103302,1000,0,1000,12000,recorded,effective capped first-readout input-column-block Frobenius norm,"equal-weight summaries of recorded source-training batch statistics; changing models, not frozen population estimates",/tmp/p01-d1-20260919-1irHPs/artifacts/d1_pu_20260919/diagnostics/MLP8/seed_42/training_features.csv
MLP8,42,diagnostic,reference,36,288,effective_output_weight_norm,native weight coordinates,1.2425950415953995,1.3186317682266235,1000,0,1000,12000,recorded,whole effective output matrix norm; repeated across branch rows,"equal-weight summaries of recorded source-training batch statistics; changing models, not frozen population estimates",/tmp/p01-d1-20260919-1irHPs/artifacts/d1_pu_20260919/diagnostics/MLP8/seed_42/training_features.csv
linear,42,diagnostic,reference,36,108,mean_scaled_squared_norm,scaled feature units squared,0.029869498625397683,0.026306435465812683,1000,0,1000,12000,recorded,recorded within-batch mean of ||z/sqrt(d)||^2,"equal-weight summaries of recorded source-training batch statistics; changing models, not frozen population estimates",/tmp/p01-d1-20260919-1irHPs/artifacts/d1_pu_20260919/diagnostics/linear/seed_42/training_features.csv
linear,42,diagnostic,reference,36,108,mean_unscaled_squared_norm,native feature units squared,1.0753019505143167,0.9470316767692566,1000,0,1000,12000,recorded,d times recorded mean_scaled_squared_norm,"equal-weight summaries of recorded source-training batch statistics; changing models, not frozen population estimates",/tmp/p01-d1-20260919-1irHPs/artifacts/d1_pu_20260919/diagnostics/linear/seed_42/training_features.csv
linear,42,diagnostic,reference,36,108,median_scaled_norm,scaled feature units,0.11706644240021706,0.11272041499614716,1000,0,1000,12000,recorded,recorded within-batch median of ||z/sqrt(d)||; not pooled-window median,"equal-weight summaries of recorded source-training batch statistics; changing models, not frozen population estimates",/tmp/p01-d1-20260919-1irHPs/artifacts/d1_pu_20260919/diagnostics/linear/seed_42/training_features.csv
linear,42,diagnostic,reference,36,108,median_unscaled_norm,native feature units,0.7023986544013023,0.6763224899768829,1000,0,1000,12000,recorded,sqrt(d) times recorded median_scaled_norm; not pooled-window median,"equal-weight summaries of recorded source-training batch statistics; changing models, not frozen population estimates",/tmp/p01-d1-20260919-1irHPs/artifacts/d1_pu_20260919/diagnostics/linear/seed_42/training_features.csv
linear,42,diagnostic,reference,36,108,input_weight_gradient_norm,loss per native parameter coordinate,0.06054241886734962,0.05620305426418781,1000,0,1000,12000,recorded,raw first-readout parameter gradient Frobenius norm; MLP input-column block,"equal-weight summaries of recorded source-training batch statistics; changing models, not frozen population estimates",/tmp/p01-d1-20260919-1irHPs/artifacts/d1_pu_20260919/diagnostics/linear/seed_42/training_features.csv
linear,42,diagnostic,reference,36,108,raw_input_weight_norm,native weight coordinates,2.483514729619026,2.5773496627807617,1000,0,1000,12000,recorded,raw first-readout input-column-block Frobenius norm,"equal-weight summaries of recorded source-training batch statistics; changing models, not frozen population estimates",/tmp/p01-d1-20260919-1irHPs/artifacts/d1_pu_20260919/diagnostics/linear/seed_42/training_features.csv
linear,42,diagnostic,reference,36,108,effective_input_weight_norm,native weight coordinates,2.483514729619026,2.5773496627807617,1000,0,1000,12000,recorded,effective capped first-readout input-column-block Frobenius norm,"equal-weight summaries of recorded source-training batch statistics; changing models, not frozen population estimates",/tmp/p01-d1-20260919-1irHPs/artifacts/d1_pu_20260919/diagnostics/linear/seed_42/training_features.csv
linear,42,diagnostic,reference,36,108,effective_output_weight_norm,native weight coordinates,2.483514729619026,2.5773496627807617,1000,0,1000,12000,recorded,whole effective output matrix norm; repeated across branch rows,"equal-weight summaries of recorded source-training batch statistics; changing models, not frozen population estimates",/tmp/p01-d1-20260919-1irHPs/artifacts/d1_pu_20260919/diagnostics/linear/seed_42/training_features.csv
only_chirplet_up,42,diagnostic,reference,36,108,mean_scaled_squared_norm,scaled feature units squared,0.029869498625397683,0.026306435465812683,1000,0,1000,12000,recorded,recorded within-batch mean of ||z/sqrt(d)||^2,"equal-weight summaries of recorded source-training batch statistics; changing models, not frozen population estimates",/tmp/p01-d1-20260919-1irHPs/artifacts/d1_pu_20260919/diagnostics/only_chirplet_up/seed_42/training_features.csv
only_chirplet_up,42,diagnostic,reference,36,108,mean_unscaled_squared_norm,native feature units squared,1.0753019505143167,0.9470316767692566,1000,0,1000,12000,recorded,d times recorded mean_scaled_squared_norm,"equal-weight summaries of recorded source-training batch statistics; changing models, not frozen population estimates",/tmp/p01-d1-20260919-1irHPs/artifacts/d1_pu_20260919/diagnostics/only_chirplet_up/seed_42/training_features.csv
only_chirplet_up,42,diagnostic,reference,36,108,median_scaled_norm,scaled feature units,0.11706644240021706,0.11272041499614716,1000,0,1000,12000,recorded,recorded within-batch median of ||z/sqrt(d)||; not pooled-window median,"equal-weight summaries of recorded source-training batch statistics; changing models, not frozen population estimates",/tmp/p01-d1-20260919-1irHPs/artifacts/d1_pu_20260919/diagnostics/only_chirplet_up/seed_42/training_features.csv
only_chirplet_up,42,diagnostic,reference,36,108,median_unscaled_norm,native feature units,0.7023986544013023,0.6763224899768829,1000,0,1000,12000,recorded,sqrt(d) times recorded median_scaled_norm; not pooled-window median,"equal-weight summaries of recorded source-training batch statistics; changing models, not frozen population estimates",/tmp/p01-d1-20260919-1irHPs/artifacts/d1_pu_20260919/diagnostics/only_chirplet_up/seed_42/training_features.csv
only_chirplet_up,42,diagnostic,reference,36,108,input_weight_gradient_norm,loss per native parameter coordinate,0.057689091025851666,0.0535569004714489,1000,0,1000,12000,recorded,raw first-readout parameter gradient Frobenius norm; MLP input-column block,"equal-weight summaries of recorded source-training batch statistics; changing models, not frozen population estimates",/tmp/p01-d1-20260919-1irHPs/artifacts/d1_pu_20260919/diagnostics/only_chirplet_up/seed_42/training_features.csv
only_chirplet_up,42,diagnostic,reference,36,108,raw_input_weight_norm,native weight coordinates,2.3520817680507897,2.4488335847854614,1000,0,1000,12000,recorded,raw first-readout input-column-block Frobenius norm,"equal-weight summaries of recorded source-training batch statistics; changing models, not frozen population estimates",/tmp/p01-d1-20260919-1irHPs/artifacts/d1_pu_20260919/diagnostics/only_chirplet_up/seed_42/training_features.csv
only_chirplet_up,42,diagnostic,reference,36,108,effective_input_weight_norm,native weight coordinates,2.3520817680507897,2.4488335847854614,1000,0,1000,12000,recorded,effective capped first-readout input-column-block Frobenius norm,"equal-weight summaries of recorded source-training batch statistics; changing models, not frozen population estimates",/tmp/p01-d1-20260919-1irHPs/artifacts/d1_pu_20260919/diagnostics/only_chirplet_up/seed_42/training_features.csv
only_chirplet_up,42,diagnostic,reference,36,108,effective_output_weight_norm,native weight coordinates,2.4279641084969046,2.5241328477859497,1000,0,1000,12000,recorded,whole effective output matrix norm; repeated across branch rows,"equal-weight summaries of recorded source-training batch statistics; changing models, not frozen population estimates",/tmp/p01-d1-20260919-1irHPs/artifacts/d1_pu_20260919/diagnostics/only_chirplet_up/seed_42/training_features.csv
only_chirplet_up,42,diagnostic,chirplet_up,32,96,mean_scaled_squared_norm,scaled feature units squared,10.06796904373169,10.16788101196289,1000,0,1000,12000,recorded,recorded within-batch mean of ||z/sqrt(d)||^2,"equal-weight summaries of recorded source-training batch statistics; changing models, not frozen population estimates",/tmp/p01-d1-20260919-1irHPs/artifacts/d1_pu_20260919/diagnostics/only_chirplet_up/seed_42/training_features.csv
only_chirplet_up,42,diagnostic,chirplet_up,32,96,mean_unscaled_squared_norm,native feature units squared,322.1750093994141,325.3721923828125,1000,0,1000,12000,recorded,d times recorded mean_scaled_squared_norm,"equal-weight summaries of recorded source-training batch statistics; changing models, not frozen population estimates",/tmp/p01-d1-20260919-1irHPs/artifacts/d1_pu_20260919/diagnostics/only_chirplet_up/seed_42/training_features.csv
only_chirplet_up,42,diagnostic,chirplet_up,32,96,median_scaled_norm,scaled feature units,3.214127722263336,3.2149178981781006,1000,0,1000,12000,recorded,recorded within-batch median of ||z/sqrt(d)||; not pooled-window median,"equal-weight summaries of recorded source-training batch statistics; changing models, not frozen population estimates",/tmp/p01-d1-20260919-1irHPs/artifacts/d1_pu_20260919/diagnostics/only_chirplet_up/seed_42/training_features.csv
only_chirplet_up,42,diagnostic,chirplet_up,32,96,median_unscaled_norm,native feature units,18.18185206409662,18.1863219740779,1000,0,1000,12000,recorded,sqrt(d) times recorded median_scaled_norm; not pooled-window median,"equal-weight summaries of recorded source-training batch statistics; changing models, not frozen population estimates",/tmp/p01-d1-20260919-1irHPs/artifacts/d1_pu_20260919/diagnostics/only_chirplet_up/seed_42/training_features.csv
only_chirplet_up,42,diagnostic,chirplet_up,32,96,input_weight_gradient_norm,loss per native parameter coordinate,1.0279807993918657,0.9749762117862701,1000,0,1000,12000,recorded,raw first-readout parameter gradient Frobenius norm; MLP input-column block,"equal-weight summaries of recorded source-training batch statistics; changing models, not frozen population estimates",/tmp/p01-d1-20260919-1irHPs/artifacts/d1_pu_20260919/diagnostics/only_chirplet_up/seed_42/training_features.csv
only_chirplet_up,42,diagnostic,chirplet_up,32,96,raw_input_weight_norm,native weight coordinates,0.5909861071705819,0.615316778421402,1000,0,1000,12000,recorded,raw first-readout input-column-block Frobenius norm,"equal-weight summaries of recorded source-training batch statistics; changing models, not frozen population estimates",/tmp/p01-d1-20260919-1irHPs/artifacts/d1_pu_20260919/diagnostics/only_chirplet_up/seed_42/training_features.csv
only_chirplet_up,42,diagnostic,chirplet_up,32,96,effective_input_weight_norm,native weight coordinates,0.5909861071705819,0.615316778421402,1000,0,1000,12000,recorded,effective capped first-readout input-column-block Frobenius norm,"equal-weight summaries of recorded source-training batch statistics; changing models, not frozen population estimates",/tmp/p01-d1-20260919-1irHPs/artifacts/d1_pu_20260919/diagnostics/only_chirplet_up/seed_42/training_features.csv
only_chirplet_up,42,diagnostic,chirplet_up,32,96,effective_output_weight_norm,native weight coordinates,2.4279641084969046,2.5241328477859497,1000,0,1000,12000,recorded,whole effective output matrix norm; repeated across branch rows,"equal-weight summaries of recorded source-training batch statistics; changing models, not frozen population estimates",/tmp/p01-d1-20260919-1irHPs/artifacts/d1_pu_20260919/diagnostics/only_chirplet_up/seed_42/training_features.csv
only_envelope,42,diagnostic,reference,36,108,mean_scaled_squared_norm,scaled feature units squared,0.029869498625397683,0.026306435465812683,1000,0,1000,12000,recorded,recorded within-batch mean of ||z/sqrt(d)||^2,"equal-weight summaries of recorded source-training batch statistics; changing models, not frozen population estimates",/tmp/p01-d1-20260919-1irHPs/artifacts/d1_pu_20260919/diagnostics/only_envelope/seed_42/training_features.csv
only_envelope,42,diagnostic,reference,36,108,mean_unscaled_squared_norm,native feature units squared,1.0753019505143167,0.9470316767692566,1000,0,1000,12000,recorded,d times recorded mean_scaled_squared_norm,"equal-weight summaries of recorded source-training batch statistics; changing models, not frozen population estimates",/tmp/p01-d1-20260919-1irHPs/artifacts/d1_pu_20260919/diagnostics/only_envelope/seed_42/training_features.csv
only_envelope,42,diagnostic,reference,36,108,median_scaled_norm,scaled feature units,0.11706644240021706,0.11272041499614716,1000,0,1000,12000,recorded,recorded within-batch median of ||z/sqrt(d)||; not pooled-window median,"equal-weight summaries of recorded source-training batch statistics; changing models, not frozen population estimates",/tmp/p01-d1-20260919-1irHPs/artifacts/d1_pu_20260919/diagnostics/only_envelope/seed_42/training_features.csv
only_envelope,42,diagnostic,reference,36,108,median_unscaled_norm,native feature units,0.7023986544013023,0.6763224899768829,1000,0,1000,12000,recorded,sqrt(d) times recorded median_scaled_norm; not pooled-window median,"equal-weight summaries of recorded source-training batch statistics; changing models, not frozen population estimates",/tmp/p01-d1-20260919-1irHPs/artifacts/d1_pu_20260919/diagnostics/only_envelope/seed_42/training_features.csv
only_envelope,42,diagnostic,reference,36,108,input_weight_gradient_norm,loss per native parameter coordinate,0.06016450624540448,0.055864278227090836,1000,0,1000,12000,recorded,raw first-readout parameter gradient Frobenius norm; MLP input-column block,"equal-weight summaries of recorded source-training batch statistics; changing models, not frozen population estimates",/tmp/p01-d1-20260919-1irHPs/artifacts/d1_pu_20260919/diagnostics/only_envelope/seed_42/training_features.csv
only_envelope,42,diagnostic,reference,36,108,raw_input_weight_norm,native weight coordinates,2.469522693566978,2.5660061836242676,1000,0,1000,12000,recorded,raw first-readout input-column-block Frobenius norm,"equal-weight summaries of recorded source-training batch statistics; changing models, not frozen population estimates",/tmp/p01-d1-20260919-1irHPs/artifacts/d1_pu_20260919/diagnostics/only_envelope/seed_42/training_features.csv
only_envelope,42,diagnostic,reference,36,108,effective_input_weight_norm,native weight coordinates,2.469494678430259,2.5660061836242676,1000,0,1000,12000,recorded,effective capped first-readout input-column-block Frobenius norm,"equal-weight summaries of recorded source-training batch statistics; changing models, not frozen population estimates",/tmp/p01-d1-20260919-1irHPs/artifacts/d1_pu_20260919/diagnostics/only_envelope/seed_42/training_features.csv
only_envelope,42,diagnostic,reference,36,108,effective_output_weight_norm,native weight coordinates,2.773197265729308,2.876574158668518,1000,0,1000,12000,recorded,whole effective output matrix norm; repeated across branch rows,"equal-weight summaries of recorded source-training batch statistics; changing models, not frozen population estimates",/tmp/p01-d1-20260919-1irHPs/artifacts/d1_pu_20260919/diagnostics/only_envelope/seed_42/training_features.csv
only_envelope,42,diagnostic,envelope,8,24,mean_scaled_squared_norm,scaled feature units squared,0.0015303181571362074,0.0013477230095304549,1000,0,1000,12000,recorded,recorded within-batch mean of ||z/sqrt(d)||^2,"equal-weight summaries of recorded source-training batch statistics; changing models, not frozen population estimates",/tmp/p01-d1-20260919-1irHPs/artifacts/d1_pu_20260919/diagnostics/only_envelope/seed_42/training_features.csv
only_envelope,42,diagnostic,envelope,8,24,mean_unscaled_squared_norm,native feature units squared,0.012242545257089659,0.010781784076243639,1000,0,1000,12000,recorded,d times recorded mean_scaled_squared_norm,"equal-weight summaries of recorded source-training batch statistics; changing models, not frozen population estimates",/tmp/p01-d1-20260919-1irHPs/artifacts/d1_pu_20260919/diagnostics/only_envelope/seed_42/training_features.csv
only_envelope,42,diagnostic,envelope,8,24,median_scaled_norm,scaled feature units,0.02683633163385093,0.0254829628393054,1000,0,1000,12000,recorded,recorded within-batch median of ||z/sqrt(d)||; not pooled-window median,"equal-weight summaries of recorded source-training batch statistics; changing models, not frozen population estimates",/tmp/p01-d1-20260919-1irHPs/artifacts/d1_pu_20260919/diagnostics/only_envelope/seed_42/training_features.csv
only_envelope,42,diagnostic,envelope,8,24,median_unscaled_norm,native feature units,0.07590460832186822,0.07207670331359059,1000,0,1000,12000,recorded,sqrt(d) times recorded median_scaled_norm; not pooled-window median,"equal-weight summaries of recorded source-training batch statistics; changing models, not frozen population estimates",/tmp/p01-d1-20260919-1irHPs/artifacts/d1_pu_20260919/diagnostics/only_envelope/seed_42/training_features.csv
only_envelope,42,diagnostic,envelope,8,24,input_weight_gradient_norm,loss per native parameter coordinate,0.012684580476779957,0.011774244252592325,1000,0,1000,12000,recorded,raw first-readout parameter gradient Frobenius norm; MLP input-column block,"equal-weight summaries of recorded source-training batch statistics; changing models, not frozen population estimates",/tmp/p01-d1-20260919-1irHPs/artifacts/d1_pu_20260919/diagnostics/only_envelope/seed_42/training_features.csv
only_envelope,42,diagnostic,envelope,8,24,raw_input_weight_norm,native weight coordinates,1.2613395245075225,1.3001118898391724,1000,0,1000,12000,recorded,raw first-readout input-column-block Frobenius norm,"equal-weight summaries of recorded source-training batch statistics; changing models, not frozen population estimates",/tmp/p01-d1-20260919-1irHPs/artifacts/d1_pu_20260919/diagnostics/only_envelope/seed_42/training_features.csv
only_envelope,42,diagnostic,envelope,8,24,effective_input_weight_norm,native weight coordinates,1.2613257207870483,1.3001118898391724,1000,0,1000,12000,recorded,effective capped first-readout input-column-block Frobenius norm,"equal-weight summaries of recorded source-training batch statistics; changing models, not frozen population estimates",/tmp/p01-d1-20260919-1irHPs/artifacts/d1_pu_20260919/diagnostics/only_envelope/seed_42/training_features.csv
only_envelope,42,diagnostic,envelope,8,24,effective_output_weight_norm,native weight coordinates,2.773197265729308,2.876574158668518,1000,0,1000,12000,recorded,whole effective output matrix norm; repeated across branch rows,"equal-weight summaries of recorded source-training batch statistics; changing models, not frozen population estimates",/tmp/p01-d1-20260919-1irHPs/artifacts/d1_pu_20260919/diagnostics/only_envelope/seed_42/training_features.csv
only_mexican_hat,42,diagnostic,reference,36,108,mean_scaled_squared_norm,scaled feature units squared,0.029869498625397683,0.026306435465812683,1000,0,1000,12000,recorded,recorded within-batch mean of ||z/sqrt(d)||^2,"equal-weight summaries of recorded source-training batch statistics; changing models, not frozen population estimates",/tmp/p01-d1-20260919-1irHPs/artifacts/d1_pu_20260919/diagnostics/only_mexican_hat/seed_42/training_features.csv
only_mexican_hat,42,diagnostic,reference,36,108,mean_unscaled_squared_norm,native feature units squared,1.0753019505143167,0.9470316767692566,1000,0,1000,12000,recorded,d times recorded mean_scaled_squared_norm,"equal-weight summaries of recorded source-training batch statistics; changing models, not frozen population estimates",/tmp/p01-d1-20260919-1irHPs/artifacts/d1_pu_20260919/diagnostics/only_mexican_hat/seed_42/training_features.csv
only_mexican_hat,42,diagnostic,reference,36,108,median_scaled_norm,scaled feature units,0.11706644240021706,0.11272041499614716,1000,0,1000,12000,recorded,recorded within-batch median of ||z/sqrt(d)||; not pooled-window median,"equal-weight summaries of recorded source-training batch statistics; changing models, not frozen population estimates",/tmp/p01-d1-20260919-1irHPs/artifacts/d1_pu_20260919/diagnostics/only_mexican_hat/seed_42/training_features.csv
only_mexican_hat,42,diagnostic,reference,36,108,median_unscaled_norm,native feature units,0.7023986544013023,0.6763224899768829,1000,0,1000,12000,recorded,sqrt(d) times recorded median_scaled_norm; not pooled-window median,"equal-weight summaries of recorded source-training batch statistics; changing models, not frozen population estimates",/tmp/p01-d1-20260919-1irHPs/artifacts/d1_pu_20260919/diagnostics/only_mexican_hat/seed_42/training_features.csv
only_mexican_hat,42,diagnostic,reference,36,108,input_weight_gradient_norm,loss per native parameter coordinate,0.05907158857397735,0.05512181669473648,1000,0,1000,12000,recorded,raw first-readout parameter gradient Frobenius norm; MLP input-column block,"equal-weight summaries of recorded source-training batch statistics; changing models, not frozen population estimates",/tmp/p01-d1-20260919-1irHPs/artifacts/d1_pu_20260919/diagnostics/only_mexican_hat/seed_42/training_features.csv
only_mexican_hat,42,diagnostic,reference,36,108,raw_input_weight_norm,native weight coordinates,2.35331391428411,2.447210192680359,1000,0,1000,12000,recorded,raw first-readout input-column-block Frobenius norm,"equal-weight summaries of recorded source-training batch statistics; changing models, not frozen population estimates",/tmp/p01-d1-20260919-1irHPs/artifacts/d1_pu_20260919/diagnostics/only_mexican_hat/seed_42/training_features.csv
only_mexican_hat,42,diagnostic,reference,36,108,effective_input_weight_norm,native weight coordinates,2.35331391428411,2.447210192680359,1000,0,1000,12000,recorded,effective capped first-readout input-column-block Frobenius norm,"equal-weight summaries of recorded source-training batch statistics; changing models, not frozen population estimates",/tmp/p01-d1-20260919-1irHPs/artifacts/d1_pu_20260919/diagnostics/only_mexican_hat/seed_42/training_features.csv
only_mexican_hat,42,diagnostic,reference,36,108,effective_output_weight_norm,native weight coordinates,2.4386780809015036,2.5336577892303467,1000,0,1000,12000,recorded,whole effective output matrix norm; repeated across branch rows,"equal-weight summaries of recorded source-training batch statistics; changing models, not frozen population estimates",/tmp/p01-d1-20260919-1irHPs/artifacts/d1_pu_20260919/diagnostics/only_mexican_hat/seed_42/training_features.csv
only_mexican_hat,42,diagnostic,mexican_hat,32,96,mean_scaled_squared_norm,scaled feature units squared,5.91907683467865,5.9220123291015625,1000,0,1000,12000,recorded,recorded within-batch mean of ||z/sqrt(d)||^2,"equal-weight summaries of recorded source-training batch statistics; changing models, not frozen population estimates",/tmp/p01-d1-20260919-1irHPs/artifacts/d1_pu_20260919/diagnostics/only_mexican_hat/seed_42/training_features.csv
only_mexican_hat,42,diagnostic,mexican_hat,32,96,mean_unscaled_squared_norm,native feature units squared,189.4104587097168,189.50439453125,1000,0,1000,12000,recorded,d times recorded mean_scaled_squared_norm,"equal-weight summaries of recorded source-training batch statistics; changing models, not frozen population estimates",/tmp/p01-d1-20260919-1irHPs/artifacts/d1_pu_20260919/diagnostics/only_mexican_hat/seed_42/training_features.csv
only_mexican_hat,42,diagnostic,mexican_hat,32,96,median_scaled_norm,scaled feature units,2.426838875770569,2.441170334815979,1000,0,1000,12000,recorded,recorded within-batch median of ||z/sqrt(d)||; not pooled-window median,"equal-weight summaries of recorded source-training batch statistics; changing models, not frozen population estimates",/tmp/p01-d1-20260919-1irHPs/artifacts/d1_pu_20260919/diagnostics/only_mexican_hat/seed_42/training_features.csv
only_mexican_hat,42,diagnostic,mexican_hat,32,96,median_unscaled_norm,native feature units,13.728273807236054,13.809344782238508,1000,0,1000,12000,recorded,sqrt(d) times recorded median_scaled_norm; not pooled-window median,"equal-weight summaries of recorded source-training batch statistics; changing models, not frozen population estimates",/tmp/p01-d1-20260919-1irHPs/artifacts/d1_pu_20260919/diagnostics/only_mexican_hat/seed_42/training_features.csv
only_mexican_hat,42,diagnostic,mexican_hat,32,96,input_weight_gradient_norm,loss per native parameter coordinate,0.7955080172494053,0.7778240740299225,1000,0,1000,12000,recorded,raw first-readout parameter gradient Frobenius norm; MLP input-column block,"equal-weight summaries of recorded source-training batch statistics; changing models, not frozen population estimates",/tmp/p01-d1-20260919-1irHPs/artifacts/d1_pu_20260919/diagnostics/only_mexican_hat/seed_42/training_features.csv
only_mexican_hat,42,diagnostic,mexican_hat,32,96,raw_input_weight_norm,native weight coordinates,0.6297072170525789,0.6574039161205292,1000,0,1000,12000,recorded,raw first-readout input-column-block Frobenius norm,"equal-weight summaries of recorded source-training batch statistics; changing models, not frozen population estimates",/tmp/p01-d1-20260919-1irHPs/artifacts/d1_pu_20260919/diagnostics/only_mexican_hat/seed_42/training_features.csv
only_mexican_hat,42,diagnostic,mexican_hat,32,96,effective_input_weight_norm,native weight coordinates,0.6297072170525789,0.6574039161205292,1000,0,1000,12000,recorded,effective capped first-readout input-column-block Frobenius norm,"equal-weight summaries of recorded source-training batch statistics; changing models, not frozen population estimates",/tmp/p01-d1-20260919-1irHPs/artifacts/d1_pu_20260919/diagnostics/only_mexican_hat/seed_42/training_features.csv
only_mexican_hat,42,diagnostic,mexican_hat,32,96,effective_output_weight_norm,native weight coordinates,2.4386780809015036,2.5336577892303467,1000,0,1000,12000,recorded,whole effective output matrix norm; repeated across branch rows,"equal-weight summaries of recorded source-training batch statistics; changing models, not frozen population estimates",/tmp/p01-d1-20260919-1irHPs/artifacts/d1_pu_20260919/diagnostics/only_mexican_hat/seed_42/training_features.csv
only_morlet,42,diagnostic,reference,36,108,mean_scaled_squared_norm,scaled feature units squared,0.029869498625397683,0.026306435465812683,1000,0,1000,12000,recorded,recorded within-batch mean of ||z/sqrt(d)||^2,"equal-weight summaries of recorded source-training batch statistics; changing models, not frozen population estimates",/tmp/p01-d1-20260919-1irHPs/artifacts/d1_pu_20260919/diagnostics/only_morlet/seed_42/training_features.csv
only_morlet,42,diagnostic,reference,36,108,mean_unscaled_squared_norm,native feature units squared,1.0753019505143167,0.9470316767692566,1000,0,1000,12000,recorded,d times recorded mean_scaled_squared_norm,"equal-weight summaries of recorded source-training batch statistics; changing models, not frozen population estimates",/tmp/p01-d1-20260919-1irHPs/artifacts/d1_pu_20260919/diagnostics/only_morlet/seed_42/training_features.csv
only_morlet,42,diagnostic,reference,36,108,median_scaled_norm,scaled feature units,0.11706644240021706,0.11272041499614716,1000,0,1000,12000,recorded,recorded within-batch median of ||z/sqrt(d)||; not pooled-window median,"equal-weight summaries of recorded source-training batch statistics; changing models, not frozen population estimates",/tmp/p01-d1-20260919-1irHPs/artifacts/d1_pu_20260919/diagnostics/only_morlet/seed_42/training_features.csv
only_morlet,42,diagnostic,reference,36,108,median_unscaled_norm,native feature units,0.7023986544013023,0.6763224899768829,1000,0,1000,12000,recorded,sqrt(d) times recorded median_scaled_norm; not pooled-window median,"equal-weight summaries of recorded source-training batch statistics; changing models, not frozen population estimates",/tmp/p01-d1-20260919-1irHPs/artifacts/d1_pu_20260919/diagnostics/only_morlet/seed_42/training_features.csv
only_morlet,42,diagnostic,reference,36,108,input_weight_gradient_norm,loss per native parameter coordinate,0.058921781721524895,0.054135484620928764,1000,0,1000,12000,recorded,raw first-readout parameter gradient Frobenius norm; MLP input-column block,"equal-weight summaries of recorded source-training batch statistics; changing models, not frozen population estimates",/tmp/p01-d1-20260919-1irHPs/artifacts/d1_pu_20260919/diagnostics/only_morlet/seed_42/training_features.csv
only_morlet,42,diagnostic,reference,36,108,raw_input_weight_norm,native weight coordinates,2.3613263792693613,2.457592010498047,1000,0,1000,12000,recorded,raw first-readout input-column-block Frobenius norm,"equal-weight summaries of recorded source-training batch statistics; changing models, not frozen population estimates",/tmp/p01-d1-20260919-1irHPs/artifacts/d1_pu_20260919/diagnostics/only_morlet/seed_42/training_features.csv
only_morlet,42,diagnostic,reference,36,108,effective_input_weight_norm,native weight coordinates,2.3613263792693613,2.457592010498047,1000,0,1000,12000,recorded,effective capped first-readout input-column-block Frobenius norm,"equal-weight summaries of recorded source-training batch statistics; changing models, not frozen population estimates",/tmp/p01-d1-20260919-1irHPs/artifacts/d1_pu_20260919/diagnostics/only_morlet/seed_42/training_features.csv
only_morlet,42,diagnostic,reference,36,108,effective_output_weight_norm,native weight coordinates,2.447480707913637,2.5444753170013428,1000,0,1000,12000,recorded,whole effective output matrix norm; repeated across branch rows,"equal-weight summaries of recorded source-training batch statistics; changing models, not frozen population estimates",/tmp/p01-d1-20260919-1irHPs/artifacts/d1_pu_20260919/diagnostics/only_morlet/seed_42/training_features.csv
only_morlet,42,diagnostic,morlet,32,96,mean_scaled_squared_norm,scaled feature units squared,7.524210076808929,7.534460783004761,1000,0,1000,12000,recorded,recorded within-batch mean of ||z/sqrt(d)||^2,"equal-weight summaries of recorded source-training batch statistics; changing models, not frozen population estimates",/tmp/p01-d1-20260919-1irHPs/artifacts/d1_pu_20260919/diagnostics/only_morlet/seed_42/training_features.csv
only_morlet,42,diagnostic,morlet,32,96,mean_unscaled_squared_norm,native feature units squared,240.77472245788573,241.10274505615234,1000,0,1000,12000,recorded,d times recorded mean_scaled_squared_norm,"equal-weight summaries of recorded source-training batch statistics; changing models, not frozen population estimates",/tmp/p01-d1-20260919-1irHPs/artifacts/d1_pu_20260919/diagnostics/only_morlet/seed_42/training_features.csv
only_morlet,42,diagnostic,morlet,32,96,median_scaled_norm,scaled feature units,2.7696417315006254,2.7942055463790894,1000,0,1000,12000,recorded,recorded within-batch median of ||z/sqrt(d)||; not pooled-window median,"equal-weight summaries of recorded source-training batch statistics; changing models, not frozen population estimates",/tmp/p01-d1-20260919-1irHPs/artifacts/d1_pu_20260919/diagnostics/only_morlet/seed_42/training_features.csv
only_morlet,42,diagnostic,morlet,32,96,median_unscaled_norm,native feature units,15.66745959841075,15.806413518989732,1000,0,1000,12000,recorded,sqrt(d) times recorded median_scaled_norm; not pooled-window median,"equal-weight summaries of recorded source-training batch statistics; changing models, not frozen population estimates",/tmp/p01-d1-20260919-1irHPs/artifacts/d1_pu_20260919/diagnostics/only_morlet/seed_42/training_features.csv
only_morlet,42,diagnostic,morlet,32,96,input_weight_gradient_norm,loss per native parameter coordinate,0.8994662043899297,0.8653733730316162,1000,0,1000,12000,recorded,raw first-readout parameter gradient Frobenius norm; MLP input-column block,"equal-weight summaries of recorded source-training batch statistics; changing models, not frozen population estimates",/tmp/p01-d1-20260919-1irHPs/artifacts/d1_pu_20260919/diagnostics/only_morlet/seed_42/training_features.csv
only_morlet,42,diagnostic,morlet,32,96,raw_input_weight_norm,native weight coordinates,0.633490945905447,0.6611164510250092,1000,0,1000,12000,recorded,raw first-readout input-column-block Frobenius norm,"equal-weight summaries of recorded source-training batch statistics; changing models, not frozen population estimates",/tmp/p01-d1-20260919-1irHPs/artifacts/d1_pu_20260919/diagnostics/only_morlet/seed_42/training_features.csv
only_morlet,42,diagnostic,morlet,32,96,effective_input_weight_norm,native weight coordinates,0.633490945905447,0.6611164510250092,1000,0,1000,12000,recorded,effective capped first-readout input-column-block Frobenius norm,"equal-weight summaries of recorded source-training batch statistics; changing models, not frozen population estimates",/tmp/p01-d1-20260919-1irHPs/artifacts/d1_pu_20260919/diagnostics/only_morlet/seed_42/training_features.csv
only_morlet,42,diagnostic,morlet,32,96,effective_output_weight_norm,native weight coordinates,2.447480707913637,2.5444753170013428,1000,0,1000,12000,recorded,whole effective output matrix norm; repeated across branch rows,"equal-weight summaries of recorded source-training batch statistics; changing models, not frozen population estimates",/tmp/p01-d1-20260919-1irHPs/artifacts/d1_pu_20260919/diagnostics/only_morlet/seed_42/training_features.csv
only_stft_long,42,diagnostic,reference,36,108,mean_scaled_squared_norm,scaled feature units squared,0.029869498625397683,0.026306435465812683,1000,0,1000,12000,recorded,recorded within-batch mean of ||z/sqrt(d)||^2,"equal-weight summaries of recorded source-training batch statistics; changing models, not frozen population estimates",/tmp/p01-d1-20260919-1irHPs/artifacts/d1_pu_20260919/diagnostics/only_stft_long/seed_42/training_features.csv
only_stft_long,42,diagnostic,reference,36,108,mean_unscaled_squared_norm,native feature units squared,1.0753019505143167,0.9470316767692566,1000,0,1000,12000,recorded,d times recorded mean_scaled_squared_norm,"equal-weight summaries of recorded source-training batch statistics; changing models, not frozen population estimates",/tmp/p01-d1-20260919-1irHPs/artifacts/d1_pu_20260919/diagnostics/only_stft_long/seed_42/training_features.csv
only_stft_long,42,diagnostic,reference,36,108,median_scaled_norm,scaled feature units,0.11706644240021706,0.11272041499614716,1000,0,1000,12000,recorded,recorded within-batch median of ||z/sqrt(d)||; not pooled-window median,"equal-weight summaries of recorded source-training batch statistics; changing models, not frozen population estimates",/tmp/p01-d1-20260919-1irHPs/artifacts/d1_pu_20260919/diagnostics/only_stft_long/seed_42/training_features.csv
only_stft_long,42,diagnostic,reference,36,108,median_unscaled_norm,native feature units,0.7023986544013023,0.6763224899768829,1000,0,1000,12000,recorded,sqrt(d) times recorded median_scaled_norm; not pooled-window median,"equal-weight summaries of recorded source-training batch statistics; changing models, not frozen population estimates",/tmp/p01-d1-20260919-1irHPs/artifacts/d1_pu_20260919/diagnostics/only_stft_long/seed_42/training_features.csv
only_stft_long,42,diagnostic,reference,36,108,input_weight_gradient_norm,loss per native parameter coordinate,0.05673317466955632,0.05224364623427391,1000,0,1000,12000,recorded,raw first-readout parameter gradient Frobenius norm; MLP input-column block,"equal-weight summaries of recorded source-training batch statistics; changing models, not frozen population estimates",/tmp/p01-d1-20260919-1irHPs/artifacts/d1_pu_20260919/diagnostics/only_stft_long/seed_42/training_features.csv
only_stft_long,42,diagnostic,reference,36,108,raw_input_weight_norm,native weight coordinates,2.3229487776383757,2.4244881868362427,1000,0,1000,12000,recorded,raw first-readout input-column-block Frobenius norm,"equal-weight summaries of recorded source-training batch statistics; changing models, not frozen population estimates",/tmp/p01-d1-20260919-1irHPs/artifacts/d1_pu_20260919/diagnostics/only_stft_long/seed_42/training_features.csv
only_stft_long,42,diagnostic,reference,36,108,effective_input_weight_norm,native weight coordinates,2.3229487776383757,2.4244881868362427,1000,0,1000,12000,recorded,effective capped first-readout input-column-block Frobenius norm,"equal-weight summaries of recorded source-training batch statistics; changing models, not frozen population estimates",/tmp/p01-d1-20260919-1irHPs/artifacts/d1_pu_20260919/diagnostics/only_stft_long/seed_42/training_features.csv
only_stft_long,42,diagnostic,reference,36,108,effective_output_weight_norm,native weight coordinates,2.5017275031805037,2.6044617891311646,1000,0,1000,12000,recorded,whole effective output matrix norm; repeated across branch rows,"equal-weight summaries of recorded source-training batch statistics; changing models, not frozen population estimates",/tmp/p01-d1-20260919-1irHPs/artifacts/d1_pu_20260919/diagnostics/only_stft_long/seed_42/training_features.csv
only_stft_long,42,diagnostic,stft_long,64,192,mean_scaled_squared_norm,scaled feature units squared,9.724477717399598,9.821154117584229,1000,0,1000,12000,recorded,recorded within-batch mean of ||z/sqrt(d)||^2,"equal-weight summaries of recorded source-training batch statistics; changing models, not frozen population estimates",/tmp/p01-d1-20260919-1irHPs/artifacts/d1_pu_20260919/diagnostics/only_stft_long/seed_42/training_features.csv
only_stft_long,42,diagnostic,stft_long,64,192,mean_unscaled_squared_norm,native feature units squared,622.3665739135743,628.5538635253906,1000,0,1000,12000,recorded,d times recorded mean_scaled_squared_norm,"equal-weight summaries of recorded source-training batch statistics; changing models, not frozen population estimates",/tmp/p01-d1-20260919-1irHPs/artifacts/d1_pu_20260919/diagnostics/only_stft_long/seed_42/training_features.csv
only_stft_long,42,diagnostic,stft_long,64,192,median_scaled_norm,scaled feature units,3.176227657556534,3.1979267597198486,1000,0,1000,12000,recorded,recorded within-batch median of ||z/sqrt(d)||; not pooled-window median,"equal-weight summaries of recorded source-training batch statistics; changing models, not frozen population estimates",/tmp/p01-d1-20260919-1irHPs/artifacts/d1_pu_20260919/diagnostics/only_stft_long/seed_42/training_features.csv
only_stft_long,42,diagnostic,stft_long,64,192,median_unscaled_norm,native feature units,25.409821260452272,25.58341407775879,1000,0,1000,12000,recorded,sqrt(d) times recorded median_scaled_norm; not pooled-window median,"equal-weight summaries of recorded source-training batch statistics; changing models, not frozen population estimates",/tmp/p01-d1-20260919-1irHPs/artifacts/d1_pu_20260919/diagnostics/only_stft_long/seed_42/training_features.csv
only_stft_long,42,diagnostic,stft_long,64,192,input_weight_gradient_norm,loss per native parameter coordinate,0.9969897917509078,0.9258997440338135,1000,0,1000,12000,recorded,raw first-readout parameter gradient Frobenius norm; MLP input-column block,"equal-weight summaries of recorded source-training batch statistics; changing models, not frozen population estimates",/tmp/p01-d1-20260919-1irHPs/artifacts/d1_pu_20260919/diagnostics/only_stft_long/seed_42/training_features.csv
only_stft_long,42,diagnostic,stft_long,64,192,raw_input_weight_norm,native weight coordinates,0.9215470007359982,0.9525551497936249,1000,0,1000,12000,recorded,raw first-readout input-column-block Frobenius norm,"equal-weight summaries of recorded source-training batch statistics; changing models, not frozen population estimates",/tmp/p01-d1-20260919-1irHPs/artifacts/d1_pu_20260919/diagnostics/only_stft_long/seed_42/training_features.csv
only_stft_long,42,diagnostic,stft_long,64,192,effective_input_weight_norm,native weight coordinates,0.9215470007359982,0.9525551497936249,1000,0,1000,12000,recorded,effective capped first-readout input-column-block Frobenius norm,"equal-weight summaries of recorded source-training batch statistics; changing models, not frozen population estimates",/tmp/p01-d1-20260919-1irHPs/artifacts/d1_pu_20260919/diagnostics/only_stft_long/seed_42/training_features.csv
only_stft_long,42,diagnostic,stft_long,64,192,effective_output_weight_norm,native weight coordinates,2.5017275031805037,2.6044617891311646,1000,0,1000,12000,recorded,whole effective output matrix norm; repeated across branch rows,"equal-weight summaries of recorded source-training batch statistics; changing models, not frozen population estimates",/tmp/p01-d1-20260919-1irHPs/artifacts/d1_pu_20260919/diagnostics/only_stft_long/seed_42/training_features.csv
only_stft_short,42,diagnostic,reference,36,108,mean_scaled_squared_norm,scaled feature units squared,0.029869498625397683,0.026306435465812683,1000,0,1000,12000,recorded,recorded within-batch mean of ||z/sqrt(d)||^2,"equal-weight summaries of recorded source-training batch statistics; changing models, not frozen population estimates",/tmp/p01-d1-20260919-1irHPs/artifacts/d1_pu_20260919/diagnostics/only_stft_short/seed_42/training_features.csv
only_stft_short,42,diagnostic,reference,36,108,mean_unscaled_squared_norm,native feature units squared,1.0753019505143167,0.9470316767692566,1000,0,1000,12000,recorded,d times recorded mean_scaled_squared_norm,"equal-weight summaries of recorded source-training batch statistics; changing models, not frozen population estimates",/tmp/p01-d1-20260919-1irHPs/artifacts/d1_pu_20260919/diagnostics/only_stft_short/seed_42/training_features.csv
only_stft_short,42,diagnostic,reference,36,108,median_scaled_norm,scaled feature units,0.11706644240021706,0.11272041499614716,1000,0,1000,12000,recorded,recorded within-batch median of ||z/sqrt(d)||; not pooled-window median,"equal-weight summaries of recorded source-training batch statistics; changing models, not frozen population estimates",/tmp/p01-d1-20260919-1irHPs/artifacts/d1_pu_20260919/diagnostics/only_stft_short/seed_42/training_features.csv
only_stft_short,42,diagnostic,reference,36,108,median_unscaled_norm,native feature units,0.7023986544013023,0.6763224899768829,1000,0,1000,12000,recorded,sqrt(d) times recorded median_scaled_norm; not pooled-window median,"equal-weight summaries of recorded source-training batch statistics; changing models, not frozen population estimates",/tmp/p01-d1-20260919-1irHPs/artifacts/d1_pu_20260919/diagnostics/only_stft_short/seed_42/training_features.csv
only_stft_short,42,diagnostic,reference,36,108,input_weight_gradient_norm,loss per native parameter coordinate,0.056518872747197746,0.05225903354585171,1000,0,1000,12000,recorded,raw first-readout parameter gradient Frobenius norm; MLP input-column block,"equal-weight summaries of recorded source-training batch statistics; changing models, not frozen population estimates",/tmp/p01-d1-20260919-1irHPs/artifacts/d1_pu_20260919/diagnostics/only_stft_short/seed_42/training_features.csv
only_stft_short,42,diagnostic,reference,36,108,raw_input_weight_norm,native weight coordinates,2.3222890406399967,2.4229347705841064,1000,0,1000,12000,recorded,raw first-readout input-column-block Frobenius norm,"equal-weight summaries of recorded source-training batch statistics; changing models, not frozen population estimates",/tmp/p01-d1-20260919-1irHPs/artifacts/d1_pu_20260919/diagnostics/only_stft_short/seed_42/training_features.csv
only_stft_short,42,diagnostic,reference,36,108,effective_input_weight_norm,native weight coordinates,2.3222890406399967,2.4229347705841064,1000,0,1000,12000,recorded,effective capped first-readout input-column-block Frobenius norm,"equal-weight summaries of recorded source-training batch statistics; changing models, not frozen population estimates",/tmp/p01-d1-20260919-1irHPs/artifacts/d1_pu_20260919/diagnostics/only_stft_short/seed_42/training_features.csv
only_stft_short,42,diagnostic,reference,36,108,effective_output_weight_norm,native weight coordinates,2.486667471036315,2.5872726440429688,1000,0,1000,12000,recorded,whole effective output matrix norm; repeated across branch rows,"equal-weight summaries of recorded source-training batch statistics; changing models, not frozen population estimates",/tmp/p01-d1-20260919-1irHPs/artifacts/d1_pu_20260919/diagnostics/only_stft_short/seed_42/training_features.csv
only_stft_short,42,diagnostic,stft_short,64,192,mean_scaled_squared_norm,scaled feature units squared,10.55265917634964,10.658472537994385,1000,0,1000,12000,recorded,recorded within-batch mean of ||z/sqrt(d)||^2,"equal-weight summaries of recorded source-training batch statistics; changing models, not frozen population estimates",/tmp/p01-d1-20260919-1irHPs/artifacts/d1_pu_20260919/diagnostics/only_stft_short/seed_42/training_features.csv
only_stft_short,42,diagnostic,stft_short,64,192,mean_unscaled_squared_norm,native feature units squared,675.3701872863769,682.1422424316406,1000,0,1000,12000,recorded,d times recorded mean_scaled_squared_norm,"equal-weight summaries of recorded source-training batch statistics; changing models, not frozen population estimates",/tmp/p01-d1-20260919-1irHPs/artifacts/d1_pu_20260919/diagnostics/only_stft_short/seed_42/training_features.csv
only_stft_short,42,diagnostic,stft_short,64,192,median_scaled_norm,scaled feature units,3.3014803116321563,3.318260669708252,1000,0,1000,12000,recorded,recorded within-batch median of ||z/sqrt(d)||; not pooled-window median,"equal-weight summaries of recorded source-training batch statistics; changing models, not frozen population estimates",/tmp/p01-d1-20260919-1irHPs/artifacts/d1_pu_20260919/diagnostics/only_stft_short/seed_42/training_features.csv
only_stft_short,42,diagnostic,stft_short,64,192,median_unscaled_norm,native feature units,26.41184249305725,26.546085357666016,1000,0,1000,12000,recorded,sqrt(d) times recorded median_scaled_norm; not pooled-window median,"equal-weight summaries of recorded source-training batch statistics; changing models, not frozen population estimates",/tmp/p01-d1-20260919-1irHPs/artifacts/d1_pu_20260919/diagnostics/only_stft_short/seed_42/training_features.csv
only_stft_short,42,diagnostic,stft_short,64,192,input_weight_gradient_norm,loss per native parameter coordinate,1.0380411499515176,0.9742799401283264,1000,0,1000,12000,recorded,raw first-readout parameter gradient Frobenius norm; MLP input-column block,"equal-weight summaries of recorded source-training batch statistics; changing models, not frozen population estimates",/tmp/p01-d1-20260919-1irHPs/artifacts/d1_pu_20260919/diagnostics/only_stft_short/seed_42/training_features.csv
only_stft_short,42,diagnostic,stft_short,64,192,raw_input_weight_norm,native weight coordinates,0.8815206155478954,0.9085189402103424,1000,0,1000,12000,recorded,raw first-readout input-column-block Frobenius norm,"equal-weight summaries of recorded source-training batch statistics; changing models, not frozen population estimates",/tmp/p01-d1-20260919-1irHPs/artifacts/d1_pu_20260919/diagnostics/only_stft_short/seed_42/training_features.csv
only_stft_short,42,diagnostic,stft_short,64,192,effective_input_weight_norm,native weight coordinates,0.8815206155478954,0.9085189402103424,1000,0,1000,12000,recorded,effective capped first-readout input-column-block Frobenius norm,"equal-weight summaries of recorded source-training batch statistics; changing models, not frozen population estimates",/tmp/p01-d1-20260919-1irHPs/artifacts/d1_pu_20260919/diagnostics/only_stft_short/seed_42/training_features.csv
only_stft_short,42,diagnostic,stft_short,64,192,effective_output_weight_norm,native weight coordinates,2.486667471036315,2.5872726440429688,1000,0,1000,12000,recorded,whole effective output matrix norm; repeated across branch rows,"equal-weight summaries of recorded source-training batch statistics; changing models, not frozen population estimates",/tmp/p01-d1-20260919-1irHPs/artifacts/d1_pu_20260919/diagnostics/only_stft_short/seed_42/training_features.csv
only_stockwell,42,diagnostic,reference,36,108,mean_scaled_squared_norm,scaled feature units squared,0.029869498625397683,0.026306435465812683,1000,0,1000,12000,recorded,recorded within-batch mean of ||z/sqrt(d)||^2,"equal-weight summaries of recorded source-training batch statistics; changing models, not frozen population estimates",/tmp/p01-d1-20260919-1irHPs/artifacts/d1_pu_20260919/diagnostics/only_stockwell/seed_42/training_features.csv
only_stockwell,42,diagnostic,reference,36,108,mean_unscaled_squared_norm,native feature units squared,1.0753019505143167,0.9470316767692566,1000,0,1000,12000,recorded,d times recorded mean_scaled_squared_norm,"equal-weight summaries of recorded source-training batch statistics; changing models, not frozen population estimates",/tmp/p01-d1-20260919-1irHPs/artifacts/d1_pu_20260919/diagnostics/only_stockwell/seed_42/training_features.csv
only_stockwell,42,diagnostic,reference,36,108,median_scaled_norm,scaled feature units,0.11706644240021706,0.11272041499614716,1000,0,1000,12000,recorded,recorded within-batch median of ||z/sqrt(d)||; not pooled-window median,"equal-weight summaries of recorded source-training batch statistics; changing models, not frozen population estimates",/tmp/p01-d1-20260919-1irHPs/artifacts/d1_pu_20260919/diagnostics/only_stockwell/seed_42/training_features.csv
only_stockwell,42,diagnostic,reference,36,108,median_unscaled_norm,native feature units,0.7023986544013023,0.6763224899768829,1000,0,1000,12000,recorded,sqrt(d) times recorded median_scaled_norm; not pooled-window median,"equal-weight summaries of recorded source-training batch statistics; changing models, not frozen population estimates",/tmp/p01-d1-20260919-1irHPs/artifacts/d1_pu_20260919/diagnostics/only_stockwell/seed_42/training_features.csv
only_stockwell,42,diagnostic,reference,36,108,input_weight_gradient_norm,loss per native parameter coordinate,0.05820968745555729,0.05395919270813465,1000,0,1000,12000,recorded,raw first-readout parameter gradient Frobenius norm; MLP input-column block,"equal-weight summaries of recorded source-training batch statistics; changing models, not frozen population estimates",/tmp/p01-d1-20260919-1irHPs/artifacts/d1_pu_20260919/diagnostics/only_stockwell/seed_42/training_features.csv
only_stockwell,42,diagnostic,reference,36,108,raw_input_weight_norm,native weight coordinates,2.3805047981515526,2.4672093391418457,1000,0,1000,12000,recorded,raw first-readout input-column-block Frobenius norm,"equal-weight summaries of recorded source-training batch statistics; changing models, not frozen population estimates",/tmp/p01-d1-20260919-1irHPs/artifacts/d1_pu_20260919/diagnostics/only_stockwell/seed_42/training_features.csv
only_stockwell,42,diagnostic,reference,36,108,effective_input_weight_norm,native weight coordinates,2.3805047981515526,2.4672093391418457,1000,0,1000,12000,recorded,effective capped first-readout input-column-block Frobenius norm,"equal-weight summaries of recorded source-training batch statistics; changing models, not frozen population estimates",/tmp/p01-d1-20260919-1irHPs/artifacts/d1_pu_20260919/diagnostics/only_stockwell/seed_42/training_features.csv
only_stockwell,42,diagnostic,reference,36,108,effective_output_weight_norm,native weight coordinates,2.534666325971484,2.6228119134902954,1000,0,1000,12000,recorded,whole effective output matrix norm; repeated across branch rows,"equal-weight summaries of recorded source-training batch statistics; changing models, not frozen population estimates",/tmp/p01-d1-20260919-1irHPs/artifacts/d1_pu_20260919/diagnostics/only_stockwell/seed_42/training_features.csv
only_stockwell,42,diagnostic,stockwell,40,120,mean_scaled_squared_norm,scaled feature units squared,17.509509525299073,17.533218383789062,1000,0,1000,12000,recorded,recorded within-batch mean of ||z/sqrt(d)||^2,"equal-weight summaries of recorded source-training batch statistics; changing models, not frozen population estimates",/tmp/p01-d1-20260919-1irHPs/artifacts/d1_pu_20260919/diagnostics/only_stockwell/seed_42/training_features.csv
only_stockwell,42,diagnostic,stockwell,40,120,mean_unscaled_squared_norm,native feature units squared,700.3803810119629,701.3287353515625,1000,0,1000,12000,recorded,d times recorded mean_scaled_squared_norm,"equal-weight summaries of recorded source-training batch statistics; changing models, not frozen population estimates",/tmp/p01-d1-20260919-1irHPs/artifacts/d1_pu_20260919/diagnostics/only_stockwell/seed_42/training_features.csv
only_stockwell,42,diagnostic,stockwell,40,120,median_scaled_norm,scaled feature units,4.219409244537354,4.241060495376587,1000,0,1000,12000,recorded,recorded within-batch median of ||z/sqrt(d)||; not pooled-window median,"equal-weight summaries of recorded source-training batch statistics; changing models, not frozen population estimates",/tmp/p01-d1-20260919-1irHPs/artifacts/d1_pu_20260919/diagnostics/only_stockwell/seed_42/training_features.csv
only_stockwell,42,diagnostic,stockwell,40,120,median_unscaled_norm,native feature units,26.685887186216824,26.82282171990404,1000,0,1000,12000,recorded,sqrt(d) times recorded median_scaled_norm; not pooled-window median,"equal-weight summaries of recorded source-training batch statistics; changing models, not frozen population estimates",/tmp/p01-d1-20260919-1irHPs/artifacts/d1_pu_20260919/diagnostics/only_stockwell/seed_42/training_features.csv
only_stockwell,42,diagnostic,stockwell,40,120,input_weight_gradient_norm,loss per native parameter coordinate,1.3533195163458587,1.3039962649345398,1000,0,1000,12000,recorded,raw first-readout parameter gradient Frobenius norm; MLP input-column block,"equal-weight summaries of recorded source-training batch statistics; changing models, not frozen population estimates",/tmp/p01-d1-20260919-1irHPs/artifacts/d1_pu_20260919/diagnostics/only_stockwell/seed_42/training_features.csv
only_stockwell,42,diagnostic,stockwell,40,120,raw_input_weight_norm,native weight coordinates,0.864321365647018,0.8924693763256073,1000,0,1000,12000,recorded,raw first-readout input-column-block Frobenius norm,"equal-weight summaries of recorded source-training batch statistics; changing models, not frozen population estimates",/tmp/p01-d1-20260919-1irHPs/artifacts/d1_pu_20260919/diagnostics/only_stockwell/seed_42/training_features.csv
only_stockwell,42,diagnostic,stockwell,40,120,effective_input_weight_norm,native weight coordinates,0.864321365647018,0.8924693763256073,1000,0,1000,12000,recorded,effective capped first-readout input-column-block Frobenius norm,"equal-weight summaries of recorded source-training batch statistics; changing models, not frozen population estimates",/tmp/p01-d1-20260919-1irHPs/artifacts/d1_pu_20260919/diagnostics/only_stockwell/seed_42/training_features.csv
only_stockwell,42,diagnostic,stockwell,40,120,effective_output_weight_norm,native weight coordinates,2.534666325971484,2.6228119134902954,1000,0,1000,12000,recorded,whole effective output matrix norm; repeated across branch rows,"equal-weight summaries of recorded source-training batch statistics; changing models, not frozen population estimates",/tmp/p01-d1-20260919-1irHPs/artifacts/d1_pu_20260919/diagnostics/only_stockwell/seed_42/training_features.csv
